1.254995397598139243e+04 5.653302514829234860e+04 4.569702121208154495e+03 1.243465033411867080e+04 3.531868445271560340e+05 3.414467413291220146e+04
1.737219669797682400e+03 2.135282784245252969e+03 6.279386659984691050e+02 3.409716480465089717e+03 1.191888423444110085e+05 9.934741805144407408e+03
5.831111867576346413e+03 9.361568674566875416e+03 2.035151238806435458e+03 9.829825729956681243e+03 3.382083622712530196e+05 2.853309910307516475e+04
2.201534505129865647e+04 8.878667685982065450e+04 1.270290998905816195e+04 2.065606053812992832e+04 5.284958213735010941e+05 5.475522398774847534e+04
3.566836813668587274e+04 4.222619849481094570e+04 1.812213583600511265e+04 4.304763730048490834e+04 5.995435456999263261e+05 6.969167814984798315e+04
3.174903580307389802e+03 1.003073527376986362e+03 1.780862535316262210e+03 6.944517819874578890e+03 1.822213696541324607e+05 1.621365833324576670e+04
3.003876882160143577e+04 1.851018856779769806e+02 1.297107549165120145e+04 6.046645312237702456e+04 7.613918028656733222e+05 8.415362980689587130e+04
1.418420635748151399e+05 5.755791849163033767e+05 6.282101570508364966e+04 1.387533421817289200e+05 1.722091185672832420e+06 2.341253331934974703e+05
1.710318210430898034e+04 1.094710052171170537e+05 5.856881851340518551e+03 1.471443937594003910e+04 4.434530221923047793e+05 4.442065103453690244e+04
4.375413416040877564e+03 1.524909129162559475e+04 1.615357306691515760e+03 8.207163481183803015e+03 3.376730219480958185e+05 2.787365135845031909e+04
1.605637521509107501e+04 3.377952191711332125e+04 4.610737484237653916e+03 2.283452661806029209e+04 4.450069073721410241e+05 4.391513731633391581e+04
1.356791897011095716e+05 2.131471319692193938e+05 7.475644109170706361e+04 1.460272745228291024e+05 1.559873073797552614e+06 2.137187313434410607e+05
1.295521576775454196e+04 1.905987047902742415e+04 3.365327143028708178e+03 2.504064678741522948e+04 4.583197548615375417e+05 4.454303820213924337e+04
1.605790327523676569e+04 5.859384668613372196e+04 8.651998696655073218e+03 1.385182402464100051e+04 2.875547584669147618e+05 3.223287887973195029e+04
2.526584025635751095e+04 2.381707980218036028e+03 7.524032884204800212e+03 4.986490965201127983e+04 7.186392210909751011e+05 7.424479727045996697e+04
1.030178772955459426e+05 5.191069899694601190e+05 6.932549933986687392e+04 6.024300693677551317e+04 1.260480217428332893e+06 1.675866795029378845e+05
3.713077301629511931e+04 8.026532551049701578e+04 2.780132680474484368e+04 3.533344683431326121e+04 5.799948233763452154e+05 7.094303060415173240e+04
4.231683362354996643e+04 1.660365744457168330e+04 1.549701405013553267e+04 6.888176361551533046e+04 7.812656639016957488e+05 9.119675445618192316e+04
1.264231209190498193e+05 6.129335525192552013e+05 7.434049985302852292e+04 8.434681192125806410e+04 1.156017110691250302e+06 1.782635511520190630e+05
1.044233559082201537e+05 2.940283266123739304e+05 6.315816334717638529e+04 9.774066710896573204e+04 9.180151670327703469e+05 1.477147271048291004e+05
7.241558151866302069e+04 4.208061664064878132e+05 3.050311400202591540e+04 5.472671155094365531e+04 1.027666288466725382e+06 1.278344573181115265e+05
1.078216113999570553e+04 5.220902398805398116e+04 6.576734890756877576e+03 6.475501489787709943e+03 2.102236997372557526e+05 2.248568725406472367e+04
2.816323376735915735e+04 8.637771662517028744e+04 1.497983316282445594e+04 2.661393847974855453e+04 3.723313734829379246e+05 4.780809340343299846e+04
1.320643743241082848e+04 2.379189943170844799e+03 4.288877936981270068e+03 2.863098991135870892e+04 4.908772162620513700e+05 4.792923728669961565e+04
3.382847853062443755e+04 2.087036422813959653e+05 1.588425871998715775e+04 2.078635224593973180e+04 6.159521663480434800e+05 6.800037247603888682e+04
2.238829074058084643e+03 8.665609221858056799e+02 1.915453754596760518e+03 9.346924339884066285e+03 3.504887438305694959e+05 2.866884823145165501e+04
4.165982451883225440e+04 3.689626437792032084e+04 2.089918990788936571e+04 5.498091325649636565e+04 7.933645231962434482e+05 8.905749295520056330e+04
1.351783986345077574e+04 3.246672894866370552e+04 7.896117200148838492e+03 1.514435508138705518e+04 2.622921358406984946e+05 2.949977862319482665e+04
3.879507273837774119e+04 2.276728430967573076e+05 1.719062391187713001e+04 3.166664605839953219e+04 5.343194094047669787e+05 6.893127448292564077e+04
2.027467675212053655e+04 1.412503685113974207e+05 8.792058473594872339e+03 1.784128753272442191e+04 3.385803229295845958e+05 4.161836254560988891e+04
3.863428664390863560e+03 2.166660274841210776e+04 2.330317471713888153e+03 6.128711944989922813e+03 2.140647271236982779e+05 1.924566178537892483e+04
1.045633385688022099e+04 4.489466642139757823e+03 3.936335968322686767e+03 1.960087283662108894e+04 3.350255334376497776e+05 3.331587030925853469e+04
3.026190655226918534e+04 1.986026473440588452e+05 1.687673791045908365e+04 1.696557207669549098e+04 5.028079550033519045e+05 5.859077230400335975e+04
5.084108888951828703e+04 2.105443949437114061e+05 2.881120183771011943e+04 4.008243187367780774e+04 6.164628733047534479e+05 8.242376850518683204e+04
5.846204193665686034e+03 1.866384661159968891e+04 7.191323861008824679e+03 5.237442958161401293e+03 2.690149248673561378e+05 2.448552649557956829e+04
8.139141906118380575e+03 8.339892122997283877e+03 4.683090549954600647e+03 1.143277134869751353e+04 2.866720591852432699e+05 2.688255657441031872e+04
9.419416531226577717e+03 8.478113594277976517e+03 4.923045793532032803e+03 1.312090456338602417e+04 2.057888193059638725e+05 2.231600844517233418e+04
3.273054402265958197e+04 2.677858508567592253e+03 1.770792222620749453e+04 4.526648194234052789e+04 5.925335685627273051e+05 6.808842124093305029e+04
4.994793593714740382e+03 5.983402094002240119e+03 4.506858281751004142e+03 6.716635847173216462e+03 3.068899523309311480e+05 2.591729344972348918e+04
1.138393390357576027e+04 1.468443022039243078e+04 6.638788634642432953e+03 1.655721112555530271e+04 2.946543239265331649e+05 3.089357645901395881e+04
1.740214357597100025e+04 4.444898870921706839e+04 1.045809284673191905e+04 2.557680659054679199e+04 5.160794508902429952e+05 5.298400699098807672e+04
7.395278821285068261e+03 6.314922405665984115e+03 3.513933411106526819e+03 1.330364026604766696e+04 3.802187033623987227e+05 3.341625649783653353e+04
6.084691806746353541e+04 2.080333535343251715e+05 4.196645972167076980e+04 4.622480291155481973e+04 4.805550540382199688e+05 8.160695067360062967e+04
5.200230512996584730e+04 2.126885856930419104e+05 2.905629822824008806e+04 4.583361395915524918e+04 5.668066507431926439e+05 8.189623621989527601e+04
4.851804020989747369e+04 5.452203118009370519e+04 1.646249851106317146e+04 7.292826748911639152e+04 8.359388971935183508e+05 9.899591716892743716e+04
1.269846160539163975e+04 7.060304869157022040e+04 6.108925017823926282e+03 1.023042328182796882e+04 3.713538677767738700e+05 3.572947224661794462e+04
3.071732651686977260e+04 1.317763898721962178e+05 2.185031729159395036e+04 2.002875230950333935e+04 2.974423508729576133e+05 4.500109713915409520e+04
8.654272038842340407e+03 4.366921606424320635e+04 4.234783317348196761e+03 7.014265299892892472e+03 2.719332162777755875e+05 2.544780342238310914e+04
2.862754807757879826e+04 1.965961186897629814e+05 1.484699064681390519e+04 1.454673657125274622e+04 4.380080832985980669e+05 5.216434163792234176e+04
2.719524392140656346e+04 7.060990950250772585e+03 9.531602292937077436e+03 4.908612736295739160e+04 5.937616636035930132e+05 6.659035751966274984e+04
1.687274039859051845e+04 8.883770236579593620e+04 1.362118767626145200e+04 6.203958966714159033e+03 2.958880617065012339e+05 3.297349840170849347e+04
6.478274487043986483e+03 4.171281382849667352e+03 3.768315652844981287e+03 1.194720218182561075e+04 3.124390974760023528e+05 2.824767931345097531e+04
7.666550233963168284e+04 1.766737235831374419e+05 2.477193866725845874e+04 1.054812104194472340e+05 1.213741933389331913e+06 1.487518547630675021e+05
6.842495702015435199e+03 4.057987171593394305e+04 4.157927994583808868e+03 6.311524115458652886e+03 2.146024749179000210e+05 2.108802631092550655e+04
2.805657277378191793e+03 3.868534424898655288e+03 6.196050951727376059e+02 9.227682989017677755e+03 2.775667525731449714e+05 2.330011876392494742e+04
7.906372766832807429e+03 3.880463292545517470e+04 5.910352610493233442e+03 4.204463516726289527e+03 1.830279128189439944e+05 1.867917527891513600e+04
3.097419362596781411e+03 1.423442823176590355e+04 9.493093558323769230e+02 7.132444408584993653e+03 2.475568703129420173e+05 2.098918518738983403e+04
2.182783794861132992e+04 3.311971311785780563e+04 1.464584789994477433e+04 2.566678289976331507e+04 3.347748312412435189e+05 4.207501544307451695e+04
1.225824576462187688e+05 3.739165894339767401e+05 9.246326318637889926e+04 8.954077409068640554e+04 1.293475325006364379e+06 1.858453777318464417e+05
6.790142471982865572e+03 1.746216422389842774e+04 1.258833735814063630e+03 1.149064832807329185e+04 2.705855923817128642e+05 2.480190950385010001e+04
4.996349768279580894e+04 1.023575482872181019e+05 2.775536147993504346e+04 5.532922961082095571e+04 8.670574032597382320e+05 1.003656365972172789e+05
3.495228164958849811e+04 1.159780032754232816e+05 2.786684862348010574e+04 2.682960655234520527e+04 6.169880626163932029e+05 7.138090406808373518e+04
4.953754350963051365e+03 2.577861541072303589e+04 3.126731793903025846e+03 3.246292833728774895e+03 1.651880517611826945e+05 1.520160542861968315e+04
5.842933907046896138e+02 1.854540349237534429e+03 3.192504125711939764e+02 4.727890264161747837e+03 1.856080419308230630e+05 1.485116670561690626e+04
2.167843568173359745e+04 1.564236724404593697e+05 1.142526818225539137e+04 1.139272302802958257e+04 3.433343677358736750e+05 4.090797204460830835e+04
5.389651560632695691e+03 3.109357034788552119e+04 4.337438413438894713e+03 5.493848262941827670e+03 2.647747570158483577e+05 2.370093235820699920e+04
3.705108225268474143e+03 1.008641254377359837e+04 2.020054179377819537e+03 1.032985989182244339e+04 1.937763226515934512e+05 1.907411808636748174e+04
2.951665753277485783e+04 4.157198455761961668e+04 1.600580284980344004e+04 3.865772933463993104e+04 4.835734666740425164e+05 5.896184956877370132e+04
1.068388102786941636e+04 5.274355227450505481e+04 7.858465189338932760e+03 1.031274775233695436e+04 2.740908461402240209e+05 2.909548377872883793e+04
1.459393469527123671e+04 4.832046406360810215e+04 8.532274431947047560e+03 1.736813252332453339e+04 4.796035734528180910e+05 4.618016483803165465e+04
8.535276656591171559e+03 5.708008628521458741e+04 4.306263867517453036e+03 8.745075669321542591e+03 3.089692013386677718e+05 2.941574840834086717e+04
3.674225968457607905e+03 9.642613202852748145e+03 2.303514788510413837e+03 3.652393919277603800e+03 1.685310770710450015e+05 1.445693262706172754e+04
4.060678402965736041e+03 1.650327598332835623e+04 2.293260011338571076e+03 6.234288322652830175e+03 1.556029909097192867e+05 1.508987471643261597e+04
1.794093925447121728e+04 1.435385828892889549e+04 1.317512606220716589e+04 1.784860206069445121e+04 3.189287714457720867e+05 3.591157383882850991e+04
1.875798260381146611e+04 9.825061642928220681e+04 4.151644585790622841e+03 2.335561385435649208e+04 4.379830671388809569e+05 4.666994520587295119e+04
5.032487967729744014e+03 2.625644707037023181e+03 3.678128571238225959e+03 9.040943400846497752e+03 2.080049923593142303e+05 1.979397788893753386e+04
2.626342137366470979e+03 4.133189767738740557e+03 8.554423611371892093e+02 6.399627247216731121e+03 2.192367077608804975e+05 1.821282240843871841e+04
1.555766245858610455e+04 4.122747974037451058e+03 9.163762432233939762e+03 2.776080291123713687e+04 5.828386156017973553e+05 5.590878507919691765e+04
1.786965517928900226e+03 2.620638976395523059e+03 5.259237517188380480e+02 1.816519416869272754e+04 3.453549619552935474e+05 3.179880141429933428e+04
1.485806934464048391e+04 8.474154299358898425e+04 1.169372619399610585e+03 2.251658243942980334e+04 5.122232135427906178e+05 4.932997838859813055e+04
6.220548892459465605e+03 7.671452504086427325e+03 3.366995140048984013e+03 8.881416087423411227e+03 2.107001600067802065e+05 2.001861904704157132e+04
4.590877302450588104e+03 7.552286912185511483e+02 2.628839531718229864e+03 6.820918600843734566e+03 1.954549186925447430e+05 1.740114056035836256e+04
3.933578629744544742e+04 1.065150543204787245e+05 3.184888366875466454e+04 2.899449188621062785e+04 4.069515711845760234e+05 5.948130646736819472e+04
3.025979767013254332e+03 1.535840431222144252e+04 5.810101481012266049e+02 6.489297060025056453e+03 1.797025313432571129e+05 1.603134662015695358e+04
1.577843220818948430e+04 2.756787991555900953e+04 1.064369804337191999e+04 1.597542809273114290e+04 4.089017096821637824e+05 4.067856089437523769e+04
1.924642801591799434e+04 2.652235945931394963e+04 1.008320034977300929e+04 2.165119443421010874e+04 3.761253866372361663e+05 4.074718134742166876e+04
5.856373661923338659e+03 6.048027021353093915e+03 1.505896785663594528e+03 1.226878589241693408e+04 2.441822224074113183e+05 2.291971650733495335e+04
1.253727432682713406e+05 3.241915633825677214e+05 5.789671290016068815e+04 1.482825010405901412e+05 1.364504848535585217e+06 1.998237295776224055e+05
9.584363384013617178e+04 4.434491430107174674e+05 7.134626135381075437e+04 5.252391307121961290e+04 7.415944941099039279e+05 1.263243718750546104e+05
4.303511647245049971e+04 2.783974806848449516e+05 1.954559903386544465e+04 3.182509732696468927e+04 7.678820754052741686e+05 8.823689222575431631e+04
5.718855390914332929e+03 1.873983834195990539e+03 3.189875409185591252e+03 1.346146878278244367e+04 3.189534930711950292e+05 2.900755281845897116e+04
2.796744518796904958e+04 4.275116288784222706e+04 1.680830966077015182e+04 3.129007198028048879e+04 4.365234877549817320e+05 5.287003829777455394e+04
1.404980221328646985e+04 1.272139967322763732e+04 3.279785920025172800e+03 2.521734305280536864e+04 3.950193656498460914e+05 4.001492731023315719e+04
3.027957001408415090e+04 1.812009960491974198e+05 1.070163510049596698e+04 2.183919064675445406e+04 4.829247164322287426e+05 5.593431751869626169e+04
1.513266274730542682e+04 1.640351836275696769e+04 9.502526290089448594e+03 2.540941219029538479e+04 3.866459929261086509e+05 4.240327903631939989e+04
2.615685259308978857e+04 2.593546890511015590e+04 1.843191763068098226e+04 3.489430156542441546e+04 7.254432892462610034e+05 7.380044684490453801e+04
7.931852114734298084e+04 2.810189104253552796e+04 4.528256300823393394e+04 1.080854193852524331e+05 1.060547790264163632e+06 1.411173452582768223e+05
3.569814271021296008e+03 5.801934538468793107e+03 1.406391283492602042e+03 1.157133492232807839e+04 3.446265192366901902e+05 2.930511271757040595e+04
3.006603563742358529e+04 3.383434925551849301e+04 1.743712236378726811e+04 4.645791954212531709e+04 5.579998090082879644e+05 6.772907728749519447e+04
4.048368850517137616e+03 1.800917620419313607e+04 2.599100514925987682e+03 3.975013050994051810e+03 2.546810418723084731e+05 2.093855945075234558e+04
2.210694239044421465e+03 3.801964932485277586e+03 1.773113587656055870e+03 9.990126944757943420e+03 2.692886621220082161e+05 2.358206920987238482e+04
1.859213656456337412e+04 4.392884075344200392e+04 1.844730422899668702e+04 2.153074711365082476e+04 2.842843805658443016e+05 3.898229969888778578e+04
5.195163781671904144e+04 5.715847537223685504e+04 3.855320103835009650e+04 6.052845492714262218e+04 7.260389903522646055e+05 9.565050065212284971e+04
8.042511209749027330e+03 1.902662672362480589e+04 9.029630458864070533e+03 9.746275369157534442e+03 4.370499032451142557e+05 3.863672370788841363e+04
1.590034622371518526e+04 8.053700968055721023e+04 9.590238644061524610e+03 1.016069745522344238e+04 3.386782364489289466e+05 3.549238773697186116e+04
1.659617302722402746e+04 6.522481528011324372e+03 1.739348067569631894e+04 1.510006027891651502e+04 4.206164368892529747e+05 4.293923446216058801e+04
1.041419287925333483e+05 2.948130122301872470e+05 7.041270558275027724e+04 9.333237840404896997e+04 8.476825536238536006e+05 1.441569720034157508e+05
1.387166132182128604e+04 2.629912232835932173e+03 5.619360401155998261e+03 2.315409135464254359e+04 3.157332244356654119e+05 3.425851532831038639e+04
3.337584628677788714e+04 1.849904825979906309e+05 1.240154522162105241e+04 3.083502892107189837e+04 5.567978257076209411e+05 6.589104175867518643e+04
7.752711874028275815e+03 1.505795691772569853e+03 2.182147427166572925e+03 1.389328235159661017e+04 2.522738422865757311e+05 2.426533467194041805e+04
1.753132738249726535e+05 1.956514275840383489e+05 7.767012340579535521e+04 2.466020310567358974e+05 2.097049665314642712e+06 2.957177615265299683e+05
4.619588943132386339e+04 2.089179614957626472e+04 2.502747992776602769e+04 6.491574890318640973e+04 7.377499524333203444e+05 9.079712105288523890e+04
3.495018984912143060e+04 1.375795030857926940e+04 1.620362412795505588e+04 5.642147318853720935e+04 7.282813131665992551e+05 8.216253614403263782e+04
2.274492340977790809e+04 6.957097564374627837e+04 1.020537428001868466e+04 2.551486727728422557e+04 4.786966757931265165e+05 5.157553896979808633e+04
3.391179530228585918e+03 1.957448352562303626e+04 8.078863102949723043e+02 6.138428645765412512e+03 2.260312039852768357e+05 1.929511759734522639e+04
1.412011871971624487e+03 8.753939258082100423e+02 1.199946173021755385e+03 3.952477867520135987e+03 2.103305642653982213e+05 1.649457898628338808e+04
1.203342041305483144e+04 1.876401624050432292e+04 7.281313269213743297e+03 1.604612877436119379e+04 4.992318220063103945e+05 4.490107941788707831e+04
1.158070220211113337e+04 3.337628671343023598e+04 3.401539281015777306e+03 1.595629700469505042e+04 3.403596584198019118e+05 3.322516788251118123e+04
3.666653201395859014e+03 2.503517094713539791e+03 3.494447626165910151e+03 5.475213559585675284e+03 2.586644374724290101e+05 2.150372280678181414e+04
1.079608857298644762e+04 1.247562666250024085e+04 3.639482687892267222e+03 1.574789118807329578e+04 2.807542669988267007e+05 2.819047391998099192e+04
1.489932469516258243e+04 6.391451554211704934e+04 2.837482507269310645e+03 2.342859702472171557e+04 4.897791412171707489e+05 4.792154108957999415e+04
1.536756621751716193e+04 2.631776770463170396e+04 1.192830272004325525e+04 1.429958141306693869e+04 3.970194700048739905e+05 3.961350415143834107e+04
8.577704123087305561e+03 2.275478703076284546e+03 5.559855512498965254e+03 1.142206009097351671e+04 3.187368738722488051e+05 2.911232125759044357e+04
2.013960666023008889e+04 1.682390521242068280e+04 1.666478309405668188e+04 3.801436362016263593e+04 5.021309357699116808e+05 5.897883908294278081e+04
1.391001599393578181e+04 1.018932774355443980e+05 8.143953158861668271e+03 1.564417236619246432e+04 5.052977623540362692e+05 4.961174988587162079e+04
3.567046740381001291e+04 5.563514098347751860e+04 2.079691231674620940e+04 4.068504538551611040e+04 4.509101236224223394e+05 6.044275195769896527e+04
3.214641356145755344e+04 1.147759378462225286e+05 4.261974946287833518e+03 5.216361066680501972e+04 8.353262826776605798e+05 8.728669141316662717e+04
2.451248158991834207e+05 1.091659681690355996e+06 1.449881914087222540e+05 1.906508105210186332e+05 1.959923113987291930e+06 3.345415198371546576e+05
3.270868010810701890e+04 4.112379308717286767e+04 3.274353618238840136e+04 2.201564899323025020e+04 3.982671805484509678e+05 5.289211897561481601e+04
6.223942701846463933e+03 2.162357512263511671e+04 2.127955223207729887e+03 9.875137326676060184e+03 3.344818899123262381e+05 2.894957877126207677e+04
8.366306741203941783e+03 8.385951738425756048e+03 2.155345427014599863e+03 1.541515933657934329e+04 3.422727692981747678e+05 3.133561394922221734e+04
1.699848185964758886e+04 2.481430931486657937e+04 7.353171060882978054e+03 2.476921891036371017e+04 5.006720075515488861e+05 4.927268047919750825e+04
3.085273896327863622e+04 1.704386055498895075e+04 2.161638783941974179e+04 5.060192239752206660e+04 1.025575978572536493e+06 1.020228685534725955e+05
5.933243073623197233e+03 5.595476222376803344e+04 1.998074390856890659e+03 4.510688143102885078e+03 2.232011188717867190e+05 2.068160432549646794e+04
2.648980943603164633e+04 4.728912650071040116e+04 1.714232518292787790e+04 3.149220840435851642e+04 7.486964983921920648e+05 7.432656021517496265e+04
1.473390423291761545e+04 7.100094825808007954e+03 4.563223635860178547e+03 2.279036676917910154e+04 3.697128967542483588e+05 3.749055955359419750e+04
1.119669461055290594e+04 1.425810067093594807e+04 1.035221336464150590e+04 8.731794011868729285e+03 2.934715746799556073e+05 2.885520987153063834e+04
3.954750487423795130e+04 8.867683931699996174e+04 1.871395944330545899e+04 4.582197086348155426e+04 9.228371841365842847e+05 9.524391243292891886e+04
3.907660541034485959e+03 2.420608772859560816e+02 1.581830048222627738e+03 1.062798693082629325e+04 2.227498238581842452e+05 2.048174115377197450e+04
2.125964242235984420e+04 3.832645488011527050e+04 1.291780465204365282e+04 2.458670316027185254e+04 4.762741880018624361e+05 5.061646386692137457e+04
2.269897569141322674e+04 1.154730607406306517e+05 5.045801687252541342e+03 2.634621359312307686e+04 4.818857427293968503e+05 5.221260641107081756e+04
2.335826402856057393e+04 5.561746060815889359e+04 1.234374413515705965e+04 2.372340342826158303e+04 3.888437043465864845e+05 4.495350611394039879e+04
1.524023288987989508e+04 2.162290243520412787e+03 6.610414573153634592e+03 2.577797575094540662e+04 3.986112101127936621e+05 4.142342635517560120e+04
3.755138128465507907e+04 1.263347653209791679e+04 1.876112101979030194e+04 5.433087785737752711e+04 4.820634123873669305e+05 6.570355685587681364e+04
6.562541319552504319e+03 1.629190862470571119e+04 2.357622989348332794e+03 1.388656511736880930e+04 4.446653669310578262e+05 3.800961444725788897e+04
1.484179908237169911e+04 3.798239519510112586e+04 2.338790918987076111e+03 2.007236685943596240e+04 3.722678787060530740e+05 3.700225925510738307e+04
2.010959730284360558e+04 3.840056071436910861e+04 4.671957016878744071e+03 3.007850082252166976e+04 5.682619473768909229e+05 5.573582945654181822e+04
5.733001432807685887e+03 1.093779615200615808e+04 8.492747907563347326e+03 2.691837792051437646e+03 1.806551467810174508e+05 1.757020487409232373e+04
2.390504330779439988e+04 6.432264169834779750e+03 8.995203866178550015e+03 4.332152497804471204e+04 6.184722929596691392e+05 6.538338804924204305e+04
5.716496579520221530e+03 1.899755084609433834e+04 5.626240412718211701e+03 4.283193515382730766e+03 2.107899847840100119e+05 1.947967020500206490e+04
2.585194786345757620e+03 3.278782425274802335e+03 7.947610059325370457e+02 4.033442126750364878e+03 1.604165389050969679e+05 1.311822394690662986e+04
8.913328792871692713e+03 5.811947847129156435e+04 5.051550851072137448e+03 1.392074008974737262e+04 3.322415516697607236e+05 3.369409037523195730e+04
3.047718950764194597e+04 3.414126646121224621e+04 2.941634300128070754e+04 2.100878234366427932e+04 5.227741205809702515e+05 5.903137421849593375e+04
1.473446265763915835e+04 9.260122273221295472e+03 1.271531219610751759e+04 1.351088146076005614e+04 3.947897307192353182e+05 3.860228888745540462e+04
2.041920069797186443e+04 8.891145848324254621e+04 1.154287468457457726e+04 1.432711186302346323e+04 2.880784869716797839e+05 3.522910567943494243e+04
1.963639178633600386e+04 1.256088377364262415e+05 1.063124859305410973e+04 1.283458924263895460e+04 3.458458339016179089e+05 3.986212132941448363e+04
1.950240598314933959e+04 4.790998284382170095e+04 1.987184013505226540e+04 9.143473663827580822e+03 3.288195238883284619e+05 3.718744389373106242e+04
7.787709777340823166e+03 2.826849733658582045e+04 3.299610287437764782e+03 7.719838781865336387e+03 1.969304792814960238e+05 1.955715672334547708e+04
2.832263397638941024e+04 8.116431205791191314e+04 1.209277894215054403e+04 3.154636345104156135e+04 4.379384721044081962e+05 5.294867893812956754e+04
9.125408514971531986e+03 9.863350559978998717e+03 2.036733501283909618e+03 1.457687155957968935e+04 2.834135677097242442e+05 2.701966623823584814e+04
2.676308628156485429e+04 1.092626068052758274e+04 7.787810662455655802e+03 4.523589143555594637e+04 5.880152322495512199e+05 6.390234150773184228e+04
5.278399758773275607e+03 2.530572382241929063e+03 4.400259545589330628e+03 1.271777049615198666e+04 4.128105764129638555e+05 3.553831447415642469e+04
2.718308784211839156e+04 2.651331528859417449e+04 4.251366968969016852e+03 5.859829718568461249e+04 8.780358349363500020e+05 8.869788292077620281e+04
3.699606942802333651e+04 1.041858395516457094e+05 1.902719229121414537e+04 3.838936040313667763e+04 5.919873098542869557e+05 7.053247152930728043e+04
1.770990078905720293e+04 8.998947375822086178e+04 5.059888368635539337e+03 1.833547948276703755e+04 3.948882226127640461e+05 4.148421676108749671e+04
1.345834756356434991e+04 1.118989291765335838e+04 3.893503742756468910e+03 2.308469425171004696e+04 3.386891793500874192e+05 3.545063122135285084e+04
2.613502334008990147e+04 3.261449072258875094e+04 1.646215579270536182e+04 2.794704553153537199e+04 3.971629151439440902e+05 4.806029821742024069e+04
3.103331823355510642e+04 4.184242075353073596e+04 2.148435123857642611e+04 3.169481075338197479e+04 5.014650147500671446e+05 5.939180853530344029e+04
2.428730950024123013e+04 1.044800445772739749e+03 6.427478173699240870e+03 5.448663086873696739e+04 7.989975285952716367e+05 8.120068296165735228e+04
1.193824584453701937e+04 1.249712316960023600e+04 7.518497194345556636e+03 1.881648704042171812e+04 5.150428343430858222e+05 4.700944329349040345e+04
1.973985097566293189e+04 2.196164470981523846e+04 9.097054755529357863e+03 2.745444285507019958e+04 4.894540450366127770e+05 5.034301424183841300e+04
1.116523404016204722e+03 3.737297937399795956e+03 1.232148179637762041e+03 3.268733462463076194e+03 1.787283674950166314e+05 1.421531593431051442e+04
6.291583098309948809e+02 1.183415410544798306e+03 4.524963471877458119e+02 1.932153510490723875e+03 9.805439758441115555e+04 7.722396755116763416e+03
1.434066568737981288e+04 3.130232282794469938e+04 6.609797945425731086e+03 1.773783255794947036e+04 3.398122382209958741e+05 3.527435860118325945e+04
3.456521945526706259e+04 6.532892780310477247e+04 2.172721889512968482e+04 3.185353808914059846e+04 4.611716867287195055e+05 5.802008914582425496e+04
2.934577257389123042e+04 6.734569539778995386e+04 1.966023072669842441e+04 3.561510903597505967e+04 4.859959467435317347e+05 6.059940538481206022e+04
8.683126042051873810e+03 2.128375279405802939e+04 2.402412338965229992e+03 1.629030895356207657e+04 3.539491115915069240e+05 3.326127413989679189e+04
1.144691216319604246e+04 6.029254639161645173e+03 1.906339749921671682e+03 2.648469839834824961e+04 4.627618199756393442e+05 4.422118902090499614e+04
2.902202049567753056e+04 5.796613003004845268e+03 1.782527133055396189e+04 4.000030257208803960e+04 5.500678772264696890e+05 6.305579459079429944e+04
9.412911176394087306e+03 2.230290254778939925e+04 5.823220473896153635e+03 9.652991767799454465e+03 2.487748813688356604e+05 2.471109067856638649e+04
7.395338013241613226e+03 4.684940699092156137e+03 3.339815781357038759e+03 1.157355583958516218e+04 2.685392926273965277e+05 2.496673164928140250e+04
7.426481845273763611e+03 1.012113996620249782e+04 4.334937538371234041e+03 9.185838040482189172e+03 1.644279940721162711e+05 1.758248291360593794e+04
6.983308304540903919e+03 6.572317447088281915e+04 3.449386835517866984e+03 4.087400526079802148e+03 2.018244025999559672e+05 2.016131251462743239e+04
5.898683325217614038e+04 2.211613870100751519e+05 5.891911323531866947e+04 2.352782982724351677e+04 7.422967202252150746e+05 9.690589027809925028e+04
4.410631646694218944e+04 2.769058694998823921e+05 2.450167823667387347e+04 2.787359427673772734e+04 5.676699923531017266e+05 7.504660294164891820e+04
6.599824863502089283e+04 1.843031329664429359e+05 4.341008364088203962e+04 6.102061507580031321e+04 5.368629756960567320e+05 9.153296659133226785e+04
1.058291397428601886e+04 2.911976080214697868e+04 7.564793264176531011e+03 8.801356091582179943e+03 2.193982133122854866e+05 2.343814121200640511e+04
6.021983339352763323e+03 9.292253896328351402e+03 4.307897099555237219e+03 1.052866540090852868e+04 3.902097448280486860e+05 3.332301178893814358e+04
1.622130879141461082e+04 1.451590910274960697e+04 8.167393315262233045e+03 2.203451958393055975e+04 3.213000957413861179e+05 3.581313047082312551e+04
2.425976456609435900e+03 4.902702557053688906e+03 2.885123985510028433e+03 4.266053692762034188e+03 1.408058474861974828e+05 1.288586238533126925e+04
6.164318087794068560e+03 1.024300504781920836e+03 2.936810815157230081e+03 1.092169375867855524e+04 2.320417019327282032e+05 2.186232908997018967e+04
1.392426891131667799e+04 9.606609525166662934e+03 2.974057258292401457e+03 3.221590156976432991e+04 5.282044252162497723e+05 5.185164333400793112e+04
3.695864497486798427e+03 1.687466138266657072e+04 6.797256579328352473e+02 7.197217462877129947e+03 2.253147758985117835e+05 1.953688434874193626e+04
3.757479710729259386e+04 6.169595699684358988e+04 1.535283476207215244e+04 4.731286340467050468e+04 6.990590820571624208e+05 7.808312016196678451e+04
2.963736105557738028e+03 2.576458846755931518e+04 1.598170439807122420e+03 1.192919596888271371e+03 8.944227117626751715e+04 8.518840049882905078e+03
3.109523498230838231e+04 4.847471682782852440e+03 1.978232591141520606e+04 3.943406653665321937e+04 6.337994198985872790e+05 6.922820185291126836e+04
4.966008376072175452e+03 1.641505415244843971e+04 4.535054712862493034e+03 3.224860119649029457e+03 2.350226611426043673e+05 2.003283429224712017e+04
1.007120133171229973e+05 2.997047727200209629e+05 6.716552315409730363e+04 8.865969545540725812e+04 8.137103940543283243e+05 1.386013014992129756e+05
1.927151347635659113e+04 1.078474114228173567e+05 4.111875366084092093e+03 2.472378616367899667e+04 5.153735362618662766e+05 5.295148945476940571e+04
9.411881554116733241e+03 5.412942027856213099e+04 4.304741276309778186e+03 7.223200856428233237e+03 2.939215455179219134e+05 2.756885093163601778e+04
7.402934660508391971e+04 3.983778219307301333e+05 5.521164242468490556e+04 3.249387015239396351e+04 5.901453505132492865e+05 9.789555236525939836e+04
1.209875561635006889e+05 4.476837881504108082e+05 8.058834848112825421e+04 9.231926069297542563e+04 1.085533930961916922e+06 1.716460205681845255e+05
5.093714411748744169e+03 1.731730093610818358e+03 2.593931447768196904e+03 6.890725120010715727e+03 1.538729585307162779e+05 1.466918144791839222e+04
6.697206866029810953e+03 9.071312011548274086e+02 4.577018094615860718e+03 8.645636255638346483e+03 2.257167899553902971e+05 2.110899420878283490e+04
3.656042543303936691e+04 1.797206880799887003e+05 2.151914014173333999e+04 2.469756332873625797e+04 6.404331011132289423e+05 7.241080513419670751e+04
9.232576840919826645e+04 3.098288515674165101e+05 7.428394381276737840e+04 6.155870155711116240e+04 6.226541781505433610e+05 1.170658152756330674e+05
5.871479209233709844e+04 1.682424988116091117e+05 3.798355091399911908e+04 5.312329372771961789e+04 5.124999939520515618e+05 8.318943649094787543e+04
7.748168674809101503e+03 8.075638989848557685e+02 3.190610316335666539e+03 2.143902865874757481e+04 3.118283397151688696e+05 3.208319863191253535e+04
3.815215845324322436e+04 9.353902253368138918e+04 1.940598898361904139e+04 4.109913630878651020e+04 6.564353717517430196e+05 7.572911283952459053e+04
6.576247804855255708e+03 1.696342178297085047e+04 6.878749577517776743e+03 3.666016948575156221e+03 1.862402844876312884e+05 1.798869581802103130e+04
2.466870172108903262e+03 5.497124296997507372e+03 2.823809732778248417e+03 1.063063758869666890e+04 3.173243759246901609e+05 2.763936199792945627e+04
2.420471806222345913e+04 3.657312410169369105e+04 1.990889882079782910e+04 2.839617041119869100e+04 9.118710347149939043e+05 8.456412156802348909e+04
1.967803898201403354e+04 4.022228563212867448e+04 8.048751825363205171e+03 2.511738250220028931e+04 3.900326484050906147e+05 4.305067322002685978e+04
3.267803769214233853e+03 4.925381466150064966e+02 1.161774482871547661e+03 1.110141758119661063e+04 2.955046497726818197e+05 2.542059038297540974e+04
8.158137804487007088e+03 2.924939695036924968e+04 1.685808183817890949e+03 1.550164474871779748e+04 4.133503882674176712e+05 3.698511711863359233e+04
2.453046841694928844e+03 8.783522585797037436e+02 1.086293703941899821e+03 4.927565844491986354e+03 1.971738056559540564e+05 1.600173209861888608e+04
2.920183138530325596e+04 5.246046706280073704e+04 2.287874693227119860e+04 2.354217192749987225e+04 3.717269957104222849e+05 4.810559130595687020e+04
6.657729062371517102e+03 2.949641655212944897e+03 2.390676264112004446e+03 1.092195292828640777e+04 2.534927049158981245e+05 2.316505191066785846e+04
5.056941127181673801e+04 1.571095040332194476e+05 2.659198874954367784e+04 5.055738676132206456e+04 7.629924202860037331e+05 9.341569203366345027e+04
1.063575141884655022e+05 2.421040047649059270e+05 5.875733203460947698e+04 1.130084152841937612e+05 1.262386909222410293e+06 1.733149259523667570e+05
7.703142068439846298e+03 1.416267677841022532e+03 2.051088778977350103e+03 1.637686113109742291e+04 3.158965938051147386e+05 2.960668183550552567e+04
1.992343348374330162e+04 2.245742174693031302e+03 1.070984012843247365e+04 2.556702998243499678e+04 4.153140271782076452e+05 4.422279365675053123e+04
1.766989060290677344e+03 6.044208602526923642e+03 1.148656724992191812e+03 3.096009570938453635e+03 1.639107284761140181e+05 1.321872013430933839e+04
1.992690320253879327e+04 6.031401618983843218e+04 9.940735138501357142e+03 1.861226435445219249e+04 3.188326996780353948e+05 3.712986828532092477e+04
8.121927979698729359e+03 8.832904280543114510e+03 6.551530187604506864e+03 9.660139022155828570e+03 2.927180660806115484e+05 2.731749958963839890e+04
9.431833399178848777e+04 4.689742677540855948e+05 5.125415083587820118e+04 7.430953134794582729e+04 1.086609236982967006e+06 1.519823929018642812e+05
1.102994866011652812e+04 7.179470877611168544e+04 4.713923309237719877e+03 6.628729582516235496e+03 2.259974170440110029e+05 2.378181991422258943e+04
5.902303634382395103e+03 4.154197511599135760e+04 2.777606447053256943e+03 4.257160968424530438e+03 1.788957540037021390e+05 1.721001898536777662e+04
2.488560369851249561e+04 1.831381311568673409e+05 9.536631929853019756e+03 1.707924779477952688e+04 3.550811284935867297e+05 4.477686084304545511e+04
2.655193006023246198e+04 5.418314943426915124e+04 1.579468275262120733e+04 4.241104874630157428e+04 7.146511049802025082e+05 7.673411392117274227e+04
5.189058753358531249e+04 7.596149435142341827e+04 3.347022328751696477e+04 6.217703024889357766e+04 9.303500798324657371e+05 1.088768659614732896e+05
1.373305287434442107e+03 8.874003612730854229e+02 1.636293054109629111e+03 6.734310663378790196e+03 2.378106495436292607e+05 1.978947391133151905e+04
3.440606962724455570e+03 1.105293440608169703e+03 3.073260418317477615e+03 5.616087907931801965e+03 2.031256476016544329e+05 1.758116745603051459e+04
7.126592233611609845e+04 3.599660231845400995e+05 5.922237239047978073e+04 2.777799170241668617e+04 7.457414814708048943e+05 1.060571005204693938e+05
4.907535197187765334e+03 2.497298982387737487e+04 3.038472005753473240e+03 5.002026938458531731e+03 2.414085050145069836e+05 2.104417261729978054e+04
2.864343239736819669e+03 1.057299893434908881e+03 1.281320437155376339e+03 1.683111157156374611e+04 4.232429881292851642e+05 3.668256643709456694e+04
2.168005714612503652e+04 6.453208553906188172e+04 1.405787102042333572e+04 1.817186517391303641e+04 2.514603568781380891e+05 3.438280200080906798e+04
2.044989742770477096e+04 6.637979245263684425e+04 1.416021877556326581e+04 1.717983558815691140e+04 3.528143580188268097e+05 4.088678111256667034e+04
3.630821178124026119e+03 5.781432676049497786e+03 2.389296232087578119e+03 4.976030163475930749e+03 1.686798407113373978e+05 1.491142404509893277e+04
7.929026264438096405e+03 4.475961716915068973e+04 1.540085338348931828e+03 8.457857932430330038e+03 2.167616254459435295e+05 2.128205451360718507e+04
7.498011851232085610e+04 4.202208306318883551e+05 4.970829993694340374e+04 3.962835284744777891e+04 8.135744668851285242e+05 1.148576069146016671e+05
1.701003714341346131e+04 8.144182121104180987e+04 9.667345932410107707e+03 1.115442172256992853e+04 2.630539408621752518e+05 3.093327709736492397e+04
1.302595100538659426e+04 8.634059610908373725e+04 2.004994115163365450e+03 2.154722835646633030e+04 5.990645103409432340e+05 5.517189430796556553e+04
1.234761079955512832e+04 1.461334448909026105e+04 3.761507522086500558e+03 2.321635820524629889e+04 4.637651159016980673e+05 4.403518672281633189e+04
2.459817259926617771e+04 6.474644613050523731e+03 1.590856749989327545e+04 3.421898215259760764e+04 5.431365786801112117e+05 5.918266150896832551e+04
2.239308331502981309e+04 9.867516224619048444e+03 8.938292453928093892e+03 3.331105552087633259e+04 3.852297714892430813e+05 4.531443677948196273e+04
6.219002986669906386e+04 1.393250822361971950e+05 3.725619739820594259e+04 6.248542391216866963e+04 6.182052214883199194e+05 9.278837686099356506e+04
5.948689635044299393e+03 2.506094309017930937e+04 3.258847309535113709e+03 1.791340969354517074e+04 5.570090901171227451e+05 4.820900536263950926e+04
6.699565052525395913e+03 1.940327802883525510e+04 5.276653421558856280e+03 5.110345845995426316e+03 2.645380897795368801e+05 2.333814079577822122e+04
6.307103512553279143e+04 2.157576946125311952e+05 4.645146564286433568e+04 4.732927443265353941e+04 6.869253097889740020e+05 9.830230939956563816e+04
1.851774072454359703e+04 7.990109646463191893e+04 1.502414865163663671e+04 1.637938908514879222e+04 5.146892321877058130e+05 5.245382188200207747e+04
1.606277208448813326e+04 1.125269995023863739e+05 8.865799338238004566e+03 1.160849555289298041e+04 3.465694363523839856e+05 3.794812881896170438e+04
1.897937788044654371e+04 1.094801745825969701e+05 7.747497723878428587e+03 1.676706779397554783e+04 4.794853716895093676e+05 4.858780649510182411e+04
3.220685412701989480e+04 1.212897103756481374e+05 1.413832164173013007e+04 3.113698455719861158e+04 3.987409726587343030e+05 5.299404021268637007e+04
3.032502921937889187e+04 9.676771204627738916e+04 2.231821223424351410e+04 2.846494062358363226e+04 7.258820262837515911e+05 7.610223509025112435e+04
1.474120411472147862e+04 7.623748337110735883e+04 5.220706452589835862e+03 1.453251583134889006e+04 3.929600879583433853e+05 3.902388217903450277e+04
3.547824290491884312e+03 2.926455986019519514e+03 6.475333822782861262e+02 8.228677590927269193e+03 2.283413351241099881e+05 1.950293660256833755e+04
2.168647618019128640e+04 5.313793099883559626e+04 8.149263840419996086e+03 2.683424915669481561e+04 6.007808573699909030e+05 5.868414110871956655e+04
3.179738741827408012e+04 2.363983585624682892e+05 1.610235729385201012e+04 1.448804645271935988e+04 3.665647082536205999e+05 4.984281407381745521e+04
2.087601216728932195e+04 9.521642670126022131e+04 5.509346011160087073e+03 2.832520352118384471e+04 7.199747425031447783e+05 6.831893358238882502e+04
1.108044035457012797e+05 3.732758146054511890e+05 7.325350632982449315e+04 9.058228446503098530e+04 7.962461958692888729e+05 1.445601687956048700e+05
1.871521484473407327e+04 3.818393822379509947e+04 1.219153964330762574e+04 1.640964427895353583e+04 3.453603072838955559e+05 3.779358574032927572e+04
4.378704054764090688e+04 7.258173500402685022e+04 1.605872896899475563e+04 6.256776556498634454e+04 7.239282754873845261e+05 8.749666921005285985e+04
1.331292303858343803e+04 7.768823697214674030e+04 5.197100284270158227e+03 1.013509611731229234e+04 2.990105733469436527e+05 3.077803071260071010e+04
1.075640376019821815e+04 5.677904181689565121e+03 7.838829096021296209e+03 1.223084575241571110e+04 3.021835857036449015e+05 2.951542912757552040e+04
8.282154534498612338e+04 4.022103820116279530e+05 5.589829723069122701e+04 5.185319324937572674e+04 7.507454388511178549e+05 1.179370272966493212e+05
5.018499121603953972e+04 1.709934625325841771e+05 2.309013383641752444e+04 5.009854664777492144e+04 5.069022295473286649e+05 7.516096066248959687e+04
1.809630009050300578e+04 3.851047424624168343e+04 3.873635181635253957e+03 3.450369033382970520e+04 6.500708485484579578e+05 6.290055378005536477e+04
1.308563468756014299e+04 1.458850167111922565e+04 5.954624320132063986e+03 1.671336257078551716e+04 2.429407142532845610e+05 2.718627080311268583e+04
3.995933719650099374e+04 1.718205401193776925e+05 2.250185464268047872e+04 3.002358437156335640e+04 4.078408463383321068e+05 5.920788292709577945e+04
7.599078504456687369e+03 2.377801402543330914e+04 4.027816320373349299e+03 7.601644297492263831e+03 3.100965324777711648e+05 2.720697904576668589e+04
1.938924213759496342e+04 1.985937851262989861e+05 5.943357246460059287e+03 1.345677379413327617e+04 3.924594072697454249e+05 4.486849978270441352e+04
2.369769675840409491e+03 6.170026928050921924e+03 1.776513838581595337e+03 6.843658713649984747e+03 1.988854193298752070e+05 1.754261311972599651e+04
8.160469592745348928e+04 2.532114044795429218e+05 6.467812845714067225e+04 6.080814018406032847e+04 6.601953433954663342e+05 1.123095309632617427e+05
1.462776495421358049e+03 3.015423901171211128e+03 1.250746202339194269e+03 6.335480962053577969e+03 1.398630745024755888e+05 1.296029006352128272e+04
2.812401157036816949e+04 9.034782216574535414e+04 2.826551513034795789e+04 1.306074518886162514e+04 3.706779571239870274e+05 4.749201900353749807e+04
1.674803357560280347e+04 6.324955756968437345e+04 1.154312156246913582e+04 1.007938747171850810e+04 2.399820293958405382e+05 2.880396911048571928e+04
2.072818689003432519e+04 8.366528359458160412e+04 1.493194647179341337e+04 1.365767227715965237e+04 3.391095430289092474e+05 3.956016314058165153e+04
3.464411272043901408e+04 1.503404988567511318e+05 1.999728255747372168e+04 2.939765926561719607e+04 4.435845752092236071e+05 5.918661612367455382e+04
4.399144245238229814e+03 1.961567772619540483e+04 3.083241906021929935e+03 7.448832762368295334e+03 2.472293831415992172e+05 2.229635101515593124e+04
1.432165159957924334e+04 1.326917995612256527e+04 4.932740763737502675e+03 2.071411942947682473e+04 3.241504446399020962e+05 3.395169255861240526e+04
3.549411485137388081e+04 1.187697047603315295e+05 1.846719610914500663e+04 3.399402925241702906e+04 5.304852947256321786e+05 6.488846068200812442e+04
2.170199541814491022e+04 2.229530987488473329e+03 8.932078026546401816e+03 3.609817105294769863e+04 5.240667233659339836e+05 5.553229617958932067e+04
1.145973902753549010e+04 3.565673139080774126e+04 3.285661445159315463e+03 1.428630311231334053e+04 4.040938585696351947e+05 3.681962493206978979e+04
7.963487988052234869e+04 2.547349488809853501e+05 4.969273758334467129e+04 6.567685040818047128e+04 7.681470119458402041e+05 1.153872639109872689e+05
1.662608838294849920e+04 6.911660962801204005e+04 7.974030960277210397e+03 1.393514066325979911e+04 3.268175768225008505e+05 3.513967404688822717e+04
6.880914545111060761e+03 3.755400307018691092e+04 2.676956621413984976e+03 9.989876524049719592e+03 2.713186668357397430e+05 2.577790475334436633e+04
8.632588545268155940e+03 5.430028028251254727e+04 5.069548826287328666e+03 6.573043549940224693e+03 2.758652544645495946e+05 2.639855149850741509e+04
5.131978267081541162e+03 3.316614639086297416e+02 3.637650629203590597e+03 6.000099973284639418e+03 1.595636023578925233e+05 1.502987319158068749e+04
4.432685583820882130e+03 3.306946149348312611e+04 2.602006674510125777e+03 3.272229185149021760e+03 1.707349417720547353e+05 1.572090611388197249e+04
6.757534156615481152e+03 3.346455354014738987e+04 4.295722257681482006e+03 1.887077759754785438e+04 4.632241223814488039e+05 4.319669700903406192e+04
1.717834542927344955e+04 3.859566673387898481e+04 2.101911255885853734e+03 3.152609111210377523e+04 6.770488557501318865e+05 6.260911314865419990e+04
3.863729846226496738e+04 1.399512421466732339e+05 3.191710722784919199e+04 2.100960986233735457e+04 3.833611143558774493e+05 5.596755219855473115e+04
4.451534791736222542e+04 1.971286880771301221e+05 2.602592325272688322e+04 3.331176691119321185e+04 4.082348336503806058e+05 6.349246016767621040e+04
2.666970541442596004e+04 8.090215337313224154e+04 1.781167867621396363e+04 1.987166130881933714e+04 3.485267327914188500e+05 4.410813501709482080e+04
6.404618794967760914e+04 1.489317586291067128e+05 2.668149177469635833e+04 9.031394827168114716e+04 1.143531405210801866e+06 1.366218672846326663e+05
3.947036405620106234e+04 1.294298400180214412e+04 2.432013225516217790e+04 5.158483846913510934e+04 7.773627773382444866e+05 8.673527433743243455e+04
1.858998132593015498e+03 6.242125318422971759e+03 1.495253316749528949e+03 8.731500574051733565e+03 2.555463726293036307e+05 2.208957634708791011e+04
6.377066469949609746e+04 2.358222377486589248e+05 4.949374269528636069e+04 3.751297710141819698e+04 6.586255954681235598e+05 9.426422488983499352e+04
4.577241468133082526e+04 1.667548625723446894e+05 2.204349862167151150e+04 4.833776323072667583e+04 7.076110742158556823e+05 8.720347727708988532e+04
2.763800152077709572e+04 6.656022943470806058e+04 2.856564051298822960e+04 1.263590497674630751e+04 3.004810964155927650e+05 4.153106267097868840e+04
2.947040502527456920e+04 7.100361083579433034e+04 1.850612269775211826e+04 2.731347440023210584e+04 4.144886744794046390e+05 5.171943824139297794e+04
2.005202450299893826e+04 1.290032824729116874e+04 4.578417015502304821e+03 3.816748742413280706e+04 5.045980152187785716e+05 5.380965727931485162e+04
3.491142194659479628e+03 2.584067657155629604e+03 2.030332032140300726e+03 8.559476031428299393e+03 2.422971894082774525e+05 2.117034823363548276e+04
2.457178115987826313e+05 8.936510585762219271e+05 1.571055422949736530e+05 2.119554589534937986e+05 1.782010774272365728e+06 3.276365599406486726e+05
1.391735426143300174e+04 2.318320388850168092e+04 9.607830751681911352e+03 1.909042486085806377e+04 3.904560003972897539e+05 4.018299541631102329e+04
3.524941629606534116e+04 2.571802285848941392e+04 3.464636750792196835e+04 2.660155496618200414e+04 5.996633884529391071e+05 6.856974519793692161e+04
6.407292597239990755e+03 3.116081245886284137e+02 6.410876958843240573e+03 5.510009628917097871e+03 1.767184723480658722e+05 1.715659574460632575e+04
1.975752510923740556e+04 4.008572945565287955e+04 4.750833047044337945e+03 2.880203315194110837e+04 4.683682808719619061e+05 4.855719560381861811e+04
2.683175089122056379e+05 1.099375796686763875e+06 1.812669149847977678e+05 1.933027908629097801e+05 1.561952828829628881e+06 3.249943245701650740e+05
2.501373336680255306e+04 4.950541272111293074e+04 1.830390661217859815e+04 2.064668543946499267e+04 3.999778126963215764e+05 4.657810139130800235e+04
1.233170479879861659e+03 2.820582829327715444e+03 1.292038316087283192e+03 6.828713759655851391e+03 1.742203755257321463e+05 1.550234102208418153e+04
8.038912857373560837e+04 3.409760675944857066e+05 4.487196355376279098e+04 5.777977781334327301e+04 7.835093880269989604e+05 1.150379559755704686e+05
3.981457360817899462e+04 2.602674822873177254e+04 2.628459980802741120e+04 4.644507383842430863e+04 9.326575622234431794e+05 9.635035173564701108e+04
2.623849922441985109e+04 1.436866821843017715e+04 1.499366569691142104e+04 3.406780999117706233e+04 6.492368408324206248e+05 6.624669616356157348e+04
8.030215052555001421e+03 3.079788189104978755e+03 6.263306960660014738e+03 9.279567747176975899e+03 2.712691518921089009e+05 2.529389992910815636e+04
3.418996342156579340e+04 1.092363438884242059e+05 2.364343339526299678e+04 2.462921753626546342e+04 4.115345689494840917e+05 5.441303341692381218e+04
7.046967103163028696e+03 2.845504584706100650e+04 3.832129860874855240e+03 5.849257002847461990e+03 2.097985690325951437e+05 1.981560279714150965e+04
5.423273074053608070e+03 4.611074602378415875e+03 3.647239296471273519e+03 1.445365457135306860e+04 3.641599484524521977e+05 3.282934237109535025e+04
1.745289872126093906e+04 1.178391520114338391e+03 9.529482419171628862e+03 2.838156738512002630e+04 4.894146371709542582e+05 4.991781959798374737e+04
6.382051998652008479e+03 4.645479112604727561e+03 2.501984932928704438e+03 1.121132624939693596e+04 2.525723061365009635e+05 2.336587597183221442e+04
4.850507105183676686e+03 1.478713645181671382e+04 1.712049132076009982e+03 1.745953373139992254e+04 3.567956192742214771e+05 3.336242806098878646e+04
1.349823340018807903e+04 1.089748334254995716e+05 4.489079939054236092e+03 1.355751299278369515e+04 4.367329539572622161e+05 4.283133357013353816e+04
7.575651021883801150e+04 2.136321711773936113e+05 3.679388564671132917e+04 8.002484238216327503e+04 8.621343226285191486e+05 1.206028046553348395e+05
1.052099367270821131e+04 4.234139369591150171e+04 1.376347885471638847e+03 1.924737220480305041e+04 3.590687060598974931e+05 3.554219270098865672e+04
1.960335813763186479e+03 9.859133710809532204e+03 5.220470048332337001e+02 5.870957202303398844e+03 1.757433784136206377e+05 1.518797483637184814e+04
5.842059835910457878e+03 4.973610096515296846e+02 2.702130434911382054e+03 1.513733382113764856e+04 2.941568233231590129e+05 2.781917402510557804e+04
9.472666986012725829e+03 3.820535881368836272e+04 3.338929548540971609e+03 1.236410610191466913e+04 3.720440627475840156e+05 3.394383147366993944e+04
4.035220418380977208e+04 1.575353903668726562e+05 2.590996722310904079e+04 3.145374126965355390e+04 3.653134381437639240e+05 5.775667233966733329e+04
1.209549236710372934e+05 3.725119906084178365e+05 6.115119569689634227e+04 1.264855124771203991e+05 1.300221111284954473e+06 1.894372541753208498e+05
4.267875198042204829e+03 4.280539854392553025e+03 6.105187614513010885e+03 1.857324018614760462e+03 1.670022032224926224e+05 1.491597160521759542e+04
2.080413854834519225e+04 1.585914832748681329e+04 8.114024916552818468e+03 3.340894397397252033e+04 4.978410356429812382e+05 5.287397596037538460e+04
1.680310701874201550e+04 6.233043339726234990e+04 9.908614377588595744e+03 1.960043482964810755e+04 2.920776952496869490e+05 3.586308144956480828e+04
7.594866614352694887e+04 1.579117490775418992e+05 4.567434529761630256e+04 7.669022967921911913e+04 8.660768775001667673e+05 1.204317572494451015e+05
7.345071140325521992e+04 2.418879174097483919e+05 5.035520678463096556e+04 5.549001363063044118e+04 7.299803658463893225e+05 1.078638835018509999e+05
1.085028706476826665e+04 5.636038965112870756e+03 1.378859369330563277e+04 9.329106927910772356e+03 4.105958008503143210e+05 3.805785383854462998e+04
1.089304995910589496e+05 3.059840601457443554e+05 8.244489578701456776e+04 8.540624349892548344e+04 9.819318795715466840e+05 1.553420068240967230e+05
2.692596792294725310e+04 3.897666445953104267e+04 2.692246123457855720e+04 1.909558194717669903e+04 5.058851590511829127e+05 5.619445350747955672e+04
1.626249530225192530e+03 8.684006471695917071e+02 1.023659001063632331e+03 3.522900484178960141e+03 1.294098167204584461e+05 1.078129423894149113e+04
8.439419986372204221e+03 7.440984748950968424e+02 5.282170929618211630e+03 1.294182883827375372e+04 3.804008824688669411e+05 3.375156565416604280e+04
4.432049802971667305e+03 2.280536386940146258e+03 2.799337164574961207e+03 8.164604684074693978e+03 3.134908545568806585e+05 2.609674072952782080e+04
1.072512983334274468e+05 9.459615146069354378e+05 4.265744934678766731e+04 6.144911082115273894e+04 1.419532089801919414e+06 1.884509468754146656e+05
6.652255370909381600e+04 2.365739002377601282e+05 4.568058946348816971e+04 5.231936919660111016e+04 9.922085213969383622e+05 1.217894764263094403e+05
4.108044599982645195e+03 4.236658489454237042e+02 3.705420695388759214e+03 1.006438573923827062e+04 3.167094063718105317e+05 2.747100498233657709e+04
1.865671995943830916e+04 4.071684087579610787e+04 8.102956470202944729e+03 2.400340188889234923e+04 3.901365343651095754e+05 4.260177018809924630e+04
1.648434793170060948e+04 8.889187445901887259e+04 7.702377488691526196e+03 1.234034850410593572e+04 3.237030037127557443e+05 3.507026507118279551e+04
1.188994934901544912e+04 2.118243341178016271e+04 4.824955403545053741e+03 1.465748980282696357e+04 2.332266547923505132e+05 2.544250654026861957e+04
6.990818366149313988e+03 1.261079152531198815e+03 3.249591079072697994e+03 1.997964928463237447e+04 3.609221846148810000e+05 3.477318501653428393e+04
8.767545916234759716e+03 3.040899554122668997e+04 2.226892193266297454e+03 1.370916393738060833e+04 3.791118367010962102e+05 3.416233651418836234e+04
9.773109452491373304e+03 1.003208301590813426e+04 6.287811222020621244e+03 1.729113294315720123e+04 3.485783602563657914e+05 3.447089072412496171e+04
6.448285389522287005e+03 1.225218114795270594e+03 4.370337160339110596e+03 1.472357848747698517e+04 2.541288282111053413e+05 2.569496135852831503e+04
3.090882625397376614e+04 1.522868345515830733e+05 2.011448125570610136e+04 1.769500580868871475e+04 3.213531888207329321e+05 4.582044695632543153e+04
9.506194130689360463e+03 3.011374458838581995e+04 5.940610632626031475e+03 8.621486134180939189e+03 1.716854396611295524e+05 1.949667915329137031e+04
1.114087485834814106e+04 2.877821153711150600e+03 5.113086920582945822e+03 1.861268770010409935e+04 3.437272028274564655e+05 3.388184823638328817e+04
3.444296141289928073e+03 4.793660235254407780e+03 2.514014475906103598e+03 3.221404510684174056e+03 1.240133491328007949e+05 1.111865839252605474e+04
9.209301408106677627e+03 1.798163351477161086e+03 4.110630329911174158e+03 1.376707908946660609e+04 2.833021313867790741e+05 2.714102140655050243e+04
5.320482884664303128e+03 3.857031193706665363e+04 3.506620590774251923e+03 2.639905926919205285e+03 1.577943009678564849e+05 1.522670079520941545e+04
1.477210628958097950e+05 5.435015146857335931e+05 1.117691829737638618e+05 1.015328366178272117e+05 1.197398426729676547e+06 2.015180826004086412e+05
2.841142148867995729e+03 2.796676070008335500e+03 3.142423721528720307e+03 2.824495160347682486e+03 1.155438847160298174e+05 1.054163286840168621e+04
1.176452044259399845e+05 2.547555516253213573e+05 7.287125584649106895e+04 1.179896657951198140e+05 1.453501894941905281e+06 1.951318766844778147e+05
4.691641379249486636e+04 5.310860771757511247e+04 2.390899050114094280e+04 6.504570686973138072e+04 1.083444987235728884e+06 1.152188556829493900e+05
3.105828807309526019e+04 1.725292559688111069e+05 2.421625581137139670e+04 1.543480679754621997e+04 5.611151114717986202e+05 6.369435496134486311e+04
1.818223769178692601e+04 4.545751868054830265e+04 1.024681286613048724e+04 1.818310468300122011e+04 3.608857850317991688e+05 3.916124843667959794e+04
3.883541706789389082e+03 1.616202217178775027e+04 3.064702058954007498e+03 6.607870809614615609e+03 2.167664479569397809e+05 1.968830607262649937e+04
2.639736578962902422e+05 8.844284234618005576e+05 1.498333845168987755e+05 2.330099038496290450e+05 2.299240797181094997e+06 3.683545343740370590e+05
1.328027299071600828e+04 4.378175068230552824e+03 1.024508119763905597e+04 1.342488994924025610e+04 2.562635934457645053e+05 2.793979533917313893e+04
5.113026011801155255e+04 1.488226373852927645e+05 2.861747713166262474e+04 4.918186360241138027e+04 5.966652707640810404e+05 8.206979750508756842e+04
5.150476074423969294e+03 1.331771720735862073e+04 8.121465306824303525e+02 1.786637720951666779e+04 4.467608035783393425e+05 3.913678788766245270e+04
1.147821317764957530e+04 9.699497278311982518e+04 6.596227692823574216e+03 3.943082194607030942e+03 2.322451351931609970e+05 2.504577179636390429e+04
4.978579059287760174e+04 2.718110522557285731e+05 2.804011340292387467e+04 3.003532459891620601e+04 4.930215921698831371e+05 7.227659672260732623e+04
3.735203200548524910e+04 1.481553674895632430e+05 1.716436200241797633e+04 3.640990971134822030e+04 6.618877327517290832e+05 7.571108946232026210e+04
2.075746980884213372e+03 3.169890412716973515e+03 7.116460743818653327e+02 4.976096158438592283e+03 1.798294250087350083e+05 1.480896268579137723e+04
4.159718524986661942e+04 2.143819988021611352e+05 2.883119225059776727e+04 2.490747896118228527e+04 5.016204945891225943e+05 6.803612374937650748e+04
3.024020196938382287e+04 1.887591711614860469e+04 1.000006292289890916e+04 4.725524187515307131e+04 6.975561676244215341e+05 7.353009025731598376e+04
1.971087945103387028e+03 2.845912111621924396e+03 1.689296839749326182e+03 2.525608739764161328e+03 1.472208843608313764e+05 1.191307806732041172e+04
1.851803985881810513e+04 3.738431000999769458e+04 9.243885290051215634e+03 1.864955503233467971e+04 3.461208162705475115e+05 3.754733978766367363e+04
7.123005783248466287e+03 1.693195402515766182e+04 6.150900443680787248e+03 6.912609568595356905e+03 2.012693821583420504e+05 2.015228115353641624e+04
4.673340997324167256e+04 2.106110060856004129e+05 2.265245017870844822e+04 4.135753091751955071e+04 5.900485452123209834e+05 7.857208118279508199e+04
9.331672002211920699e+03 2.191455129063002096e+04 8.089423853320874514e+03 6.678662042462550744e+03 2.203583710629194975e+05 2.241257829504034089e+04
1.147877427731624812e+04 3.509030755930742544e+03 6.720269332528368068e+03 1.552850857767745401e+04 2.324478728395717044e+05 2.572669025575078922e+04
2.558356892882267402e+03 3.511609033616809029e+03 2.575601036985189239e+03 6.830559014146900154e+03 1.903183606964882056e+05 1.717343016111918041e+04
3.634647925222678896e+04 1.201118050334009167e+05 1.639001451817152702e+04 4.000265645090535691e+04 6.221466560406154022e+05 7.294152352208567027e+04
1.382767820590061456e+04 4.900810126137368206e+04 7.798376932429558110e+03 1.160672105312073654e+04 3.409450096591563197e+05 3.396647771630941133e+04
1.239759546487945045e+04 3.267124982192513562e+04 4.243525843911848824e+03 1.823423288619775485e+04 4.417901614161345060e+05 4.140547518221126666e+04
2.076600466219051305e+04 1.200869021098461380e+05 9.421426635235031426e+03 1.711942205265045413e+04 4.181644297402201337e+05 4.586905469855703268e+04
3.953849390363609473e+03 2.544060820076826349e+04 5.066325199299116093e+02 8.848961921725944194e+03 2.668426724499119446e+05 2.342608142021514141e+04
1.308292121732242413e+04 4.811084493122782987e+03 5.355421944504473686e+03 2.229522785697481595e+04 3.872618268007361330e+05 3.867526263306051987e+04
1.004251582730598784e+04 5.299386110658605321e+04 1.495127412095426735e+03 1.739493754372014155e+04 4.079125060600169236e+05 3.856796819257536845e+04
3.842050049303320975e+03 1.821549710305458575e+04 1.717061089691699181e+03 4.868217858207738573e+03 1.763044880405441218e+05 1.570085047489792669e+04
1.075884115793339515e+04 1.512757308658424699e+04 4.523831103329612233e+03 1.653645333709879560e+04 3.627523420000007027e+05 3.457463172445958480e+04
1.315918551160287461e+04 2.412330789762111817e+04 2.419236215444833761e+03 2.367294046779476776e+04 4.490970820360115613e+05 4.314692317370835372e+04
1.522706239041439403e+03 1.536209247082198999e+03 1.378457614553230542e+03 3.992031548047521937e+03 1.532557473844667256e+05 1.278328119806167524e+04
6.056309288186636877e+03 2.273199763807126874e+04 5.940760632225020345e+03 2.146995523837842484e+03 1.549746525193902489e+05 1.507993541652763997e+04
1.605128712946125597e+04 5.552283061713766801e+04 9.148073122730998875e+03 1.426703818354271971e+04 2.336211301862755790e+05 2.885499935699743583e+04
1.630421323778167971e+04 2.159916052793395647e+04 1.297021736395960761e+04 1.361071984544314910e+04 3.330345957803194760e+05 3.521413098099368653e+04
2.101931475076869174e+04 1.049606230586321763e+05 1.599940821416040126e+04 9.197361112307025905e+03 3.189039220669050701e+05 3.769794996691476263e+04
2.001008488038170981e+03 1.832682927498645768e+03 7.809684787235519252e+02 3.389522184569882938e+03 1.075134293514702003e+05 9.191325440696309670e+03
1.642310460816345767e+03 5.861660587085981433e+02 1.592634274657104243e+03 5.458897158844142723e+03 2.348222032465102966e+05 1.897802789132536054e+04
1.058826243132850323e+04 3.015263895725566545e+04 6.244720708159027708e+03 1.000857757482553097e+04 2.360412838335587003e+05 2.458546819662237249e+04
1.031699140156364365e+03 1.734982992907931703e+02 6.606728155694842144e+02 4.000434281468105382e+03 1.650101534400368400e+05 1.320083517752364605e+04
2.869656328582655533e+03 1.467335193983530553e+04 1.384703427925227970e+03 6.126993524789925686e+03 1.419486010511639179e+05 1.364077424282062202e+04
5.354477838886915561e+04 1.403725979200681613e+05 3.833152909732447733e+04 4.801732174844466499e+04 6.521948252464258112e+05 8.904764697294450889e+04
3.198941020774818608e+05 1.122117598381940043e+06 2.069187866282503528e+05 2.794264306436912739e+05 2.157012269450547174e+06 4.161446901031011948e+05
1.186858614596770167e+04 1.950645211891339568e+04 6.979930044010765414e+03 1.464331664623950201e+04 3.238482752863619826e+05 3.237733355260831740e+04
1.240955378986512187e+04 2.193339890912458577e+04 6.903888036646376349e+03 1.660651286017542952e+04 2.019821449775600631e+05 2.515567806633026703e+04
5.465658763435273613e+03 1.842567178823667200e+04 1.138325471303252698e+03 1.315098967360198185e+04 4.204040122498480487e+05 3.562513121077231335e+04
8.515967840626508405e+02 1.327528972605973422e+03 5.495926345961727293e+02 6.771115040270487953e+03 2.031910282478440786e+05 1.703092864733830356e+04
9.112123042240389623e+03 3.253527234358355417e+04 1.259963359686924832e+03 2.237224851587888770e+04 6.250181179000678239e+05 5.430755921712736017e+04
4.837437950355443900e+04 2.126917464356707933e+05 3.441302973256240512e+04 3.111535331798607513e+04 7.218157410843529506e+05 8.797609013858040271e+04
1.613453165700900172e+04 1.119505420506068913e+04 6.565291307369218885e+03 2.263851314824766450e+04 3.768683672158608679e+05 3.896881448324851954e+04
1.310277684182260418e+04 2.772498954852370662e+04 2.825890923523130368e+03 2.729241505852218688e+04 5.227812863519135863e+05 5.009304433159109612e+04
9.851196059195301132e+03 7.498844737883536436e+04 1.780142159259011351e+03 8.075742230081900743e+03 2.194794698977164808e+05 2.289103256355708800e+04
3.109533001962471462e+04 4.038303620224029146e+04 1.518825138221252746e+04 3.816241248212203936e+04 4.543050298770005465e+05 5.635803874466785783e+04
6.747280742061399906e+03 1.756362420282893027e+03 1.951378091958514688e+03 2.722939652256072804e+04 5.844564591334868455e+05 5.255108779985777073e+04
6.497065743790527449e+03 2.655153740656366608e+03 5.436074063129337446e+03 7.031611318181669048e+03 2.357922794675377954e+05 2.151363597102498898e+04
2.376260147880950626e+03 1.734285989063274201e+03 7.617346887660864923e+02 5.189158211783224942e+03 1.718943640521201887e+05 1.432216724064495065e+04
1.683642595388042173e+04 7.523715415710546949e+04 1.037222813916234918e+04 1.510391720548760350e+04 3.954771972305890522e+05 4.162281515051749739e+04
7.025066558689165504e+03 5.242832421416438592e+04 2.301590218234134682e+03 5.710730299412820386e+03 2.660504391401959583e+05 2.406265275767803541e+04
2.914959549407993563e+03 2.921908324085216009e+03 8.822648325518919137e+02 9.372694526930432403e+03 2.315963788211031642e+05 2.034013939701231720e+04
3.745483960548974210e+03 2.390309255708190176e+04 3.828775551179818990e+02 5.624988337383917496e+03 1.941836041006740998e+05 1.695182163102723644e+04
2.765699026719639733e+03 1.736616531420419778e+04 1.201011070596181980e+03 4.872485935106768011e+03 2.085444809597226267e+05 1.760674964758049100e+04
1.593274943253718266e+04 7.445777215648676793e+04 1.241273742164814212e+04 7.122541674373672322e+03 1.897391645785282890e+05 2.501698775884788847e+04
2.091771127145881110e+04 2.574443285793164614e+04 5.626484409591972508e+03 3.315444032556121238e+04 5.357091780447127530e+05 5.472259225072203117e+04
5.264370462361630416e+03 4.351112361993633044e+02 2.381404195326346326e+03 9.009332331828793031e+03 2.032195945092331094e+05 1.879045179930700397e+04
5.972336070787700919e+03 1.026773819711565739e+04 3.798068451202026608e+03 8.969485888735103799e+03 2.079981776420167298e+05 2.019098099331058256e+04
8.036535774058724201e+03 2.649831496761661401e+04 5.186131497376222796e+03 1.479447670152408318e+04 2.479491164514918637e+05 2.691336095268468125e+04
8.923937591280458946e+03 2.859986210815362483e+03 3.752115512914924238e+03 1.606413012085690207e+04 4.242257776625076076e+05 3.755615679858874500e+04
1.905185136444806267e+04 5.766155531555855123e+04 8.816853279123612083e+03 2.143144053255204562e+04 5.764742464167146245e+05 5.511780713771185401e+04
1.247240249181557738e+04 4.273824098306030646e+04 1.112901112098436715e+04 9.456819260311713151e+03 4.160194865173342987e+05 3.916940978450272087e+04
9.578801783473032629e+03 4.007489974310685648e+04 1.054092449467683764e+03 1.678627268441842534e+04 3.800765030158509035e+05 3.559125236824242165e+04
3.953931575155540941e+03 4.331655357607271526e+02 2.004824956838171602e+03 5.294602503374851040e+03 1.490512626496004232e+05 1.330493830000319394e+04
6.471605455868014360e+03 1.212066814869865539e+03 3.931171370581765586e+03 1.269405200588311345e+04 3.571153000675301882e+05 3.151410214994653870e+04
4.003128673004656594e+04 2.194724985583595699e+05 2.066030513357999007e+04 2.437022650617110048e+04 4.764559488417597022e+05 6.283012093074282893e+04
2.049262582580303933e+04 1.691964149851839829e+04 1.574155665043029694e+04 1.988353931022473989e+04 5.000679652238992858e+05 5.024837042700118036e+04
5.254348792070135096e+04 1.133556008097978774e+05 2.434702260610776284e+04 6.543614054558478529e+04 6.837340348029920133e+05 9.168037311854840664e+04
1.389809587881561492e+04 1.187709024467439667e+04 1.040088357283747791e+04 1.214778180105367937e+04 3.316372121201773989e+05 3.287005641418676532e+04
1.307149912129184668e+04 3.452599251569249645e+02 6.553814028233826321e+03 1.806431510176503070e+04 4.032704470057759318e+05 3.813452223936018709e+04
5.407773939804729889e+04 6.545705008024496237e+03 2.044252463408113181e+04 1.026805549634575436e+05 1.297639065430433955e+06 1.428454247169739101e+05
6.412031107168072595e+02 9.596819278265256798e+02 4.410806891434746149e+02 5.437108722753593611e+03 1.805149467880949378e+05 1.483755299519999062e+04
1.313720018400564913e+04 1.825975750957084983e+03 7.274168514182863873e+03 2.164693892880303247e+04 3.810428259578058496e+05 3.864329312622892030e+04
1.717578889178704912e+03 1.075080977446026054e+03 1.293766568084501614e+03 1.207447091981009180e+04 3.892747125953785144e+05 3.225324430845879760e+04
5.329306570279240987e+04 2.021068261525135895e+05 4.386817863644194586e+04 3.212050860924536755e+04 4.688518874935814529e+05 7.496867547229540651e+04
2.076883657402596145e+04 9.665657319851375360e+04 7.817473883192133144e+03 2.145221425745154193e+04 3.359761167463320890e+05 4.044973680057202728e+04
1.253970930488058366e+05 4.272014044300569803e+05 6.842597445432803943e+04 1.197841815923686372e+05 1.328739999355792999e+06 1.941668288718721305e+05
9.305433698985289084e+03 2.967982507477812396e+04 3.410472310602727248e+03 1.147730841414989118e+04 3.389985451726450119e+05 3.092927458856548401e+04
3.234999744585191365e+04 3.159634915312588419e+03 1.224611295763497947e+04 5.034570550940840621e+04 5.954398943696247879e+05 6.824997211465299188e+04
2.254679353818318123e+04 3.669648102657914933e+03 1.115379404157504359e+04 3.497573142624561297e+04 4.396020862294633407e+05 5.037268419815889501e+04
1.693230503063462093e+05 4.745930883227451122e+05 8.726820847390309791e+04 1.837878768921330338e+05 1.800551862782044569e+06 2.653092823208082118e+05
8.913647188800505319e+03 4.843221199028672345e+03 3.527009158067318367e+03 1.496949879958350539e+04 3.486394508188943728e+05 3.197835172922075435e+04
1.023634475147588819e+04 7.341691169264895143e+04 4.773697448228888788e+03 7.781307511413043358e+03 3.170814779261612566e+05 3.053529445440485870e+04
3.618267039224287146e+04 1.245970845848895260e+05 1.442342727863941582e+04 4.031942149437670014e+04 5.295414428555766353e+05 6.623030033414074569e+04
3.709946680429145545e+03 1.876899237274687766e+04 1.759939013110226824e+03 5.774698964006996903e+03 2.067118760044267401e+05 1.820180127421172801e+04
9.202329607013385612e+03 1.918936475146115845e+04 6.857592429132060715e+03 7.001807739474989830e+03 2.096063621854682278e+05 2.116967964541059337e+04
7.273394321189440961e+04 1.190770709130487376e+05 3.504126416547675763e+04 8.660333793679477822e+04 1.031669054762409884e+06 1.295469769839367509e+05
6.033785808718221233e+03 4.596838215430171840e+04 3.364776119897075660e+03 2.812965600795651426e+03 1.771045445705362945e+05 1.690860437944406658e+04
5.639262186031901365e+04 1.991343430613993842e+05 4.964781541089773964e+04 2.966069190423974578e+04 6.047911915801896248e+05 8.534406794559507398e+04
1.032540478311603656e+05 4.330261258170596557e+05 7.269229450149391778e+04 6.520798398823382013e+04 6.149306581200681394e+05 1.236051509904451377e+05
7.882106618429120863e+04 2.572331644345383684e+05 2.992691948089391735e+04 9.536031323167956725e+04 1.066353371957505355e+06 1.404697222519398783e+05
4.485740006767531668e+03 3.152494201292372964e+03 3.735458925544761769e+03 9.529482746107914863e+03 2.867378209614650696e+05 2.536120354425880214e+04
1.306363647712160491e+04 5.281220325381958537e+04 1.884059923212042804e+03 2.477803023085588939e+04 4.522292733432754758e+05 4.504588512022631767e+04
4.909890552025189209e+03 1.139235443527512643e+03 4.695578550916582572e+03 5.434256480535009359e+03 2.127953100433413638e+05 1.885035978345223702e+04
2.085824335380326011e+04 2.214878315916345741e+02 6.839505291652937558e+03 4.121670843522808718e+04 5.873950204144591698e+05 6.110483180768811872e+04
1.189576835200562891e+04 2.287153863244752188e+02 4.371164219681604663e+03 3.553466945974052942e+04 6.057236068901639665e+05 5.870457319674330211e+04
3.585431022978242254e+04 4.849250164660048904e+04 1.519483086340252521e+04 4.594105326561431866e+04 5.470162665200331248e+05 6.651515938766440377e+04
1.726389106355309195e+04 2.408387571035520159e+04 1.007970976117846294e+04 1.873553159526833770e+04 2.519146142692359863e+05 3.095225973838817663e+04
3.837669975811873428e+03 2.780799975782255387e+03 2.921773124492512125e+03 7.760266659836398503e+03 2.153159837755469489e+05 1.938823357682613278e+04
1.066319360020856257e+05 4.251791228372461628e+05 6.578026479171680694e+04 7.898286900020299072e+04 1.198451414234262193e+06 1.657134162201720465e+05
6.698808929712612007e+04 2.225031256886308838e+05 4.662507306627395155e+04 4.832998635861962248e+04 8.732558639545511687e+05 1.116958803705303435e+05
6.641840869623658364e+04 2.895160012663953821e+05 4.480347791094826971e+04 4.602304658005159581e+04 7.548241532459384762e+05 1.052170459691362776e+05
1.382929132320674944e+04 1.342624131838769244e+04 4.917674773308684053e+03 2.994055532101008794e+04 6.457255418132486520e+05 5.975401971907981351e+04
1.188049647378164991e+04 2.680835632046357568e+04 5.644097441039196383e+03 1.817876571255760791e+04 4.582246775499281357e+05 4.279948922366835905e+04
1.328120471872872440e+05 5.828434400096356403e+05 8.402108586560306139e+04 9.437879600825144735e+04 7.898601742194752442e+05 1.608568232777854137e+05
9.852997293121938128e+03 5.388650468974793330e+04 3.701713372209486806e+03 9.404849937586248416e+03 3.052081532202952658e+05 2.904251574163811165e+04
3.731182758428768284e+04 3.495817430945671367e+04 2.893107255095179062e+04 3.824491561827955593e+04 6.511205750316266203e+05 7.528902199070126517e+04
5.659041975034205825e+04 1.638775446495014767e+05 3.319813350854799501e+04 5.493761398406468652e+04 7.040724333103017416e+05 9.461606202195330116e+04
1.449475022169399745e+04 6.301565873321475374e+04 1.201807161871535936e+04 8.595127441569249640e+03 2.878488360318634659e+05 3.154548515482140647e+04
2.521036594453594807e+04 1.112364315402733610e+03 1.409857494215537372e+04 3.709716195811331272e+04 5.865673155702581862e+05 6.235971793325285398e+04
7.928192572476164787e+04 2.366161004928543698e+05 4.857507899916813039e+04 7.028426457219282747e+04 7.625742093705761945e+05 1.157176565257317416e+05
1.756619681592379056e+05 5.558347062788839685e+05 1.294526718616458238e+05 1.328568637532731518e+05 1.225237497947655153e+06 2.257879699372446630e+05
3.166203400313313523e+03 3.051018714914621796e+03 1.797563236412415108e+03 7.197817910090127043e+03 2.272214649795530131e+05 1.946339959947623720e+04
1.785132071591893909e+05 6.034836401825257344e+05 8.493789534663295490e+04 1.864970481031220697e+05 1.665462054755469318e+06 2.628201416404849733e+05
2.218660591678888886e+04 5.496383242078495095e+04 1.148895695124951999e+04 2.376529505736911960e+04 3.776177832578622620e+05 4.381657590661404538e+04
2.650817739866823831e+04 1.426975901833246753e+05 1.927738508396035832e+04 1.710955038644000888e+04 4.812769855475803488e+05 5.547686448068098980e+04
2.334517477301595136e+03 1.957027833708375510e+03 1.806112280929878125e+03 7.475184345940057938e+03 1.864550081211369252e+05 1.679644855823995022e+04
2.729391158675322731e+04 5.974032359496653226e+04 1.780812383895659150e+04 3.002121864190706765e+04 6.792170717828593915e+05 6.989124558761055232e+04
1.204444224523638923e+03 7.377824443882645937e+03 7.285262772302672829e+02 6.406379425894276210e+03 1.846662551246783114e+05 1.599648793946342266e+04
7.501649469551449874e+04 4.249076770512033836e+05 4.806057081017165910e+04 3.828482751458556595e+04 7.453303682414187351e+05 1.091815730051102291e+05
4.318592380499191677e+03 2.089638873479211543e+04 1.312362764452132524e+03 3.912001106973819788e+03 1.227835825555381452e+05 1.162684040456545154e+04
9.502212193106019186e+03 7.098115647889843785e+03 6.489053849801976867e+03 1.177852255213497483e+04 3.524658084599854774e+05 3.218125051091529531e+04
3.331320229599938466e+04 5.914611938378813647e+04 2.432967659698925854e+04 4.254761975599599828e+04 5.823814901866423897e+05 7.182430372635097592e+04
2.950975991061658715e+04 8.298363443806703435e+04 1.170988303472035659e+04 3.508573930396720971e+04 4.439857480627732002e+05 5.488080869523591537e+04
2.555439427254270049e+04 1.269666184609890479e+05 1.343693911983337239e+04 1.999120492587764602e+04 3.498999526688737678e+05 4.464756673444941407e+04
3.172653472059604610e+04 8.857297752992107007e+02 1.823653896383692336e+04 4.254361109031301021e+04 6.211405432226741686e+05 6.892049566536206112e+04
2.490217994339906363e+04 1.190689427728220326e+05 1.594753790745202423e+04 1.447015757102680800e+04 3.770202473388669896e+05 4.466670746606564353e+04
5.031927195633718839e+03 1.546366469371133644e+04 3.345164012355837713e+03 6.009588847641873144e+03 2.891715276037219446e+05 2.437406247227841959e+04
6.200848180690165464e+03 4.190855813153267263e+03 2.914030038452874578e+03 1.056130283006596801e+04 2.012442167783806799e+05 1.977477518979131855e+04
4.728050209566240483e+03 4.315308397955368855e+04 1.109186374360645459e+03 2.943447925964825572e+03 1.622655431874267524e+05 1.485791234558412179e+04
1.087496872767822606e+04 3.012054136415380708e+04 9.648009334161288280e+03 9.940199935113379979e+03 1.924992874530693225e+05 2.309145053213711799e+04
1.422388981227778459e+04 5.318480012856722169e+04 1.049952455053646372e+04 1.028149818785840398e+04 2.846567792387264781e+05 3.095236369993742846e+04
8.622955502514504769e+04 1.436512994117353810e+05 5.756671005834306561e+04 8.900170659223255643e+04 1.097065739111264702e+06 1.459561477324122097e+05
6.806642600356339244e+03 1.267246642881770640e+04 5.314946259036215451e+03 5.277717985673117255e+03 1.674285577765489870e+05 1.656579778563981745e+04
1.453383371190107573e+04 5.169262721660642455e+03 9.330192335670710236e+03 2.134526314050519431e+04 4.475885424754133564e+05 4.403443744577920734e+04
4.692581525285019779e+03 5.928783003682227900e+03 3.540235583231467899e+03 4.274183535962328278e+03 1.640566164082133037e+05 1.478654660602817603e+04
3.461542318590369541e+04 9.836229893722801353e+04 1.866677181711026060e+04 3.429857753528336616e+04 4.170181066367918975e+05 5.647085636532307399e+04
5.937225352539830965e+03 3.759949183515404911e+03 5.853856204510283533e+03 8.676676196903536038e+03 2.926091950984377181e+05 2.631374563083746762e+04
1.481268246326287590e+04 5.085529904500206612e+03 3.487953251918138449e+03 2.361064807685474443e+04 3.718199328014249331e+05 3.743999846591291134e+04
9.754767084904715375e+03 5.126825588735299243e+04 3.879594045860148526e+03 8.274035055849530181e+03 2.439765397813565214e+05 2.435991851586448684e+04
2.257818887840045136e+04 1.008600082185711835e+04 1.224667145843105027e+04 2.794157513606975772e+04 4.496552170116826310e+05 4.865667580594836181e+04
5.691612380579608725e+03 3.257526996688613963e+03 4.388784432756297065e+03 8.412150818676205745e+03 1.631576529404918838e+05 1.683084802835711162e+04
4.576760845187847735e+04 1.081578232926322562e+04 2.099445168476298568e+04 7.242707095574881532e+04 9.545956835363014834e+05 1.065415150270275481e+05
5.612141983201301628e+04 2.116355498751071573e+05 4.477426159692653164e+04 3.277006249938229303e+04 4.718957842663663905e+05 7.632912734226038447e+04
2.463784019852179335e+04 4.214621392912161537e+04 9.005944738211908771e+03 3.007994973511624994e+04 4.611434135639358428e+05 5.058535738732090977e+04
1.612876980114603612e+04 2.829297984716174687e+04 1.794153538127792854e+04 6.988771143470075003e+03 2.167916204911072855e+05 2.687555587580573410e+04
3.414874372753694843e+03 3.171168526920235308e+04 1.183385810240677756e+03 2.174191385797987550e+03 1.631837940561492578e+05 1.403778652210405926e+04
5.623889507499097817e+04 1.697835724363527843e+05 3.335646323466843751e+04 5.209889100425461947e+04 4.958603141576124472e+05 7.968861269611609168e+04
2.653543763317400226e+04 9.272065582727800938e+04 1.279577858043423475e+04 2.904064054417597072e+04 6.094758269379051635e+05 6.422793119379708514e+04
7.350852119447452424e+04 3.347158345674724551e+05 2.630309388921779464e+04 8.019803772012566333e+04 1.126245599471238209e+06 1.399129572320495208e+05
5.295807040492646593e+03 1.031792505737717875e+04 1.235919600183644206e+03 1.677037893267830441e+04 3.663998487516434398e+05 3.327042733584740199e+04
1.784528030853918381e+03 3.752757915481860891e+03 2.138072066701140102e+03 4.919324632785885115e+03 1.757581703643267101e+05 1.515320688165794490e+04
5.920076178430915024e+04 2.821474345450166729e+05 3.639353275266256242e+04 3.920217763900711725e+04 6.409652404721872881e+05 9.048471982833633956e+04
3.918566237560330046e+04 9.754403572090137459e+04 2.234249336102376037e+04 3.736295569589680963e+04 5.459114956312755821e+05 6.806990116898251290e+04
6.570331645387312165e+03 2.647391141611956755e+03 1.769120864533272879e+03 1.703769745998420331e+04 3.697509710024404339e+05 3.346707839037268423e+04
4.411167201588280477e+03 3.790648496132282048e+02 4.451895579262029059e+03 5.163797180557330648e+03 2.561967107224203064e+05 2.150456772976681896e+04
2.072841474051811747e+04 1.326494794878308894e+05 1.389819981250316778e+04 1.019032495388703501e+04 3.687735090938337962e+05 4.196518179874270572e+04
1.910807758520894276e+04 7.665036766877354239e+04 1.239968343032737903e+04 1.323632733124268998e+04 3.073867863226591726e+05 3.579731656088511227e+04
3.472836915500545001e+04 1.229741969569206703e+05 3.043371549997648253e+04 1.958509760086170718e+04 4.884625370356019703e+05 6.091313465255653136e+04
4.524941518852309673e+04 8.208718895669696212e+04 1.735043411177985763e+04 6.610828259156347485e+04 7.422735512974478770e+05 9.135861635036194639e+04
7.303531724535972171e+04 2.176770828726686304e+05 5.051866256986832741e+04 6.083873961480975413e+04 6.184933324711105088e+05 1.016566242995465436e+05
1.104269474501176410e+04 7.576130410787728579e+03 3.567198783402073786e+03 1.844335392996158771e+04 4.078253678156342357e+05 3.768251990842129453e+04
3.348751873908189737e+04 1.067502857295252179e+05 1.381450545117447473e+04 3.989917611304835009e+04 6.030240999972376740e+05 6.983727300008077873e+04
3.120999995437586404e+04 1.648472500781012932e+05 1.554272461532911439e+04 2.491230041729450022e+04 4.733420592245171429e+05 5.795727092401758273e+04
7.898814630634361492e+03 3.283384706964337965e+04 4.748340589414918213e+03 7.862071222123908228e+03 2.310654475925365114e+05 2.276775821736832950e+04
3.248571747065216550e+04 1.251995754727022359e+04 1.475119456626444480e+04 4.720703614770725108e+04 7.506859926875907695e+05 7.881548204559169244e+04
3.101543559487009406e+04 1.753516765248370939e+05 7.320604695934438496e+03 4.473216032839363470e+04 9.398133477803723654e+05 9.526939614887100470e+04
1.298687408021458396e+05 5.181662189520051470e+05 7.089717640433550696e+04 1.168496810640884360e+05 1.157626759325510589e+06 1.868963923559722607e+05
3.727231457090589538e+04 1.706369717496185040e+05 1.698139359619418974e+04 2.978855253867909778e+04 4.732483891221180675e+05 6.106254909615361248e+04
1.744510470941235690e+04 4.165689298744881671e+04 1.147018585437329421e+04 2.113153563037752247e+04 5.262469288027241128e+05 5.195595638365412742e+04
3.955292914633600594e+04 2.294280352051508671e+05 2.750576501071705206e+04 1.729489614727140361e+04 5.002963834095023340e+05 6.467776427265861275e+04
1.429385157471689308e+04 2.756092462515859370e+04 8.313063614708591558e+03 1.557440264482739622e+04 3.126542023638469982e+05 3.301861065071479970e+04
1.573622675799753779e+04 1.667504674388020430e+04 7.425955079036892130e+03 2.204937864899611304e+04 3.921369775636299164e+05 4.037150291825864406e+04
5.973466639427346672e+04 2.171425744030996284e+05 3.724354422437079484e+04 4.615932396060697647e+04 4.545244037833184702e+05 7.824120459001668496e+04
1.052236872883101314e+05 1.868936629168816726e+05 5.530787844793056865e+04 1.254883057927869813e+05 1.422954796400629915e+06 1.855394884104812809e+05
8.739413974278450041e+02 5.302130668065018654e+03 4.900598682187088002e+02 1.074816780904810685e+03 8.735515111884957878e+04 6.835050084606628843e+03
2.455829153989736369e+03 8.131204149271050483e+03 8.349387130813175872e+02 3.109588525475382539e+03 1.421115845088727365e+05 1.172666746125372811e+04
1.048073706530614618e+04 6.970645161767514946e+04 6.054775223101502888e+03 1.113624230114857528e+04 3.508413886874617310e+05 3.469170830089184165e+04
9.191358422942030302e+04 2.847937506295188796e+05 6.201878071188419563e+04 7.855430739499870106e+04 9.065063911584726302e+05 1.373168714581198874e+05
1.469680280575225197e+03 3.868498915206019319e+03 7.060329749914063768e+02 3.835323029102379223e+03 1.464273152487039042e+05 1.207865341077442099e+04
7.075082734091422753e+04 2.312359389369976707e+05 5.084630171854910441e+04 5.503091149814354867e+04 6.137186397463697940e+05 9.952129885348959942e+04
4.076513527717484249e+04 1.426107013169655875e+04 2.811724667584305280e+04 4.864222664488417649e+04 6.186259069648865843e+05 7.643018381224648328e+04
1.636261792042778507e+04 2.261775116063242604e+04 1.111442560737690656e+04 1.875500789497889491e+04 4.335142802263988415e+05 4.354890378476372280e+04
3.485516772287954518e+04 1.234514933469325479e+04 1.909812322414977461e+04 5.039659902048727963e+04 6.706890016690251650e+05 7.674243248848707299e+04
3.183482991585232958e+04 7.636397177302066120e+04 2.548928490436569336e+04 2.309241238520552724e+04 5.554767185844726628e+05 6.256906413424268248e+04
1.146892124232402566e+05 3.812906126149605261e+05 8.040453784184834512e+04 8.698021222908726486e+04 8.387314053737832000e+05 1.492681176196213346e+05
2.865453967415680017e+04 8.884225709022485535e+04 1.004928278865126777e+04 3.310523320408682775e+04 4.561360965538654127e+05 5.437646145993657410e+04
1.342029523631622033e+04 5.063965322199052025e+04 1.262211703218178263e+04 4.769827352897358651e+03 2.122015955759237986e+05 2.437587489684070169e+04
5.855979593674093485e+04 1.774841605162366759e+05 3.911256786529006786e+04 4.623185430217557587e+04 5.273492506953804987e+05 8.201590047569695162e+04
4.408750409624187887e+04 1.785389999732612923e+05 3.151045043977794921e+04 2.731917723384388592e+04 3.860886178154108347e+05 6.073779306138945685e+04
1.397572753622444543e+04 3.539004240589611436e+04 3.050615355447137063e+03 2.436815886087672698e+04 5.126051175785731175e+05 4.856237896700923739e+04
8.304357206332479109e+03 2.789167331727444252e+04 8.054564632844656444e+03 4.737955613006176463e+03 2.375076148312274308e+05 2.296914623025354376e+04
8.827241316093133719e+03 2.308194759816466330e+02 4.260249125159969481e+03 1.939412905245093134e+04 3.124382628702593502e+05 3.163212420907234991e+04
2.889890350516943363e+04 9.248432622382788395e+03 1.696753300825830593e+04 4.066863176975544047e+04 5.696975053582548862e+05 6.447929295727905264e+04
1.623457867715102293e+04 2.544017095044602854e+02 1.269674924378219112e+04 1.864236115819246334e+04 3.789090234966956777e+05 3.940099743804102036e+04
3.932207761869228125e+04 1.555266986059513292e+05 2.851068644130995381e+04 2.497952726291941872e+04 4.134523034980815719e+05 5.908869611113053543e+04
6.364769230331949984e+03 5.033505735195970374e+03 7.136566641703269852e+03 5.864082865106102872e+03 2.329748816336070886e+05 2.164692003768170252e+04
1.724556691917150965e+04 1.678289461979610678e+03 9.665824751333531822e+03 3.328237401828668953e+04 6.125297973419205518e+05 6.049806504719828081e+04
2.032626791027837025e+05 1.017038019282581750e+06 1.087519691689036845e+05 1.595492125258940505e+05 1.644718748108183499e+06 2.799648061157740303e+05
5.250659425784946507e+03 6.010516207609098274e+02 2.913247772815349435e+03 7.718575725919037723e+03 2.246546192117726314e+05 1.988598289258630757e+04
7.680027639414570331e+03 6.768684510198553653e+03 2.246993982734180463e+03 1.275300360371641182e+04 2.375848790037133440e+05 2.305006532584671004e+04
5.232843998432598892e+04 8.764200631243092357e+04 2.381404766174548422e+04 6.206545022705290467e+04 7.665121175754674478e+05 9.422196347550452629e+04
1.663868183362505442e+04 8.946927840642867523e+03 3.676499700636071339e+03 3.810147310141262278e+04 6.651615095543098869e+05 6.399485600447422621e+04
1.219318512504613172e+05 4.091566205515066977e+05 9.991093546393552970e+04 7.198427638228826982e+04 9.251209363749762997e+05 1.580852239835888904e+05
6.850264835135356407e+04 2.738120758518617367e+05 5.726599801539191685e+04 3.401602935015158437e+04 5.786833134753288468e+05 9.253600980621358030e+04
1.727792805030379168e+04 1.652272661927405579e+03 1.355978560800870036e+04 2.036439957778963071e+04 3.580857072956139455e+05 3.922030458937676303e+04
1.958575311658031933e+04 1.183419303601993306e+05 1.340247944664810711e+04 8.678051042443665210e+03 2.669299494840725092e+05 3.350988080246479512e+04
3.468451585977397917e+04 2.007309846381770039e+05 1.963749732788175243e+04 2.038843962320238279e+04 3.743690636499056127e+05 5.279520447307190625e+04
2.654071780021133964e+04 6.623847751653089654e+04 1.092194776871126305e+04 3.253041078792884582e+04 5.411270613267581211e+05 5.909093362700637954e+04
6.537362473205070046e+02 1.084626534665670761e+03 3.367285193316739083e+02 9.411061771614915415e+03 2.316242484443786088e+05 2.003329660358653564e+04
1.201289200730006087e+04 1.439608581410266379e+04 6.403873784752548090e+03 1.479808682223243522e+04 2.867272589240682428e+05 2.944942497346532764e+04
1.259233041901998331e+04 5.781847156684471702e+04 8.042282579892824288e+03 1.114658594248536974e+04 3.285374599804328755e+05 3.346489552833427297e+04
1.339940588555081740e+04 5.347652606703639321e+04 2.447606902041734429e+03 2.109180517570211305e+04 4.792063525817960617e+05 4.546930377281067922e+04
1.033449833652945381e+04 1.809009721121372786e+04 5.132946516845145197e+03 1.180697867351739114e+04 2.747893177681731177e+05 2.692882624886624035e+04
1.065719746500295696e+04 6.403650791629635023e+03 1.045527217428277982e+04 1.118153342592764602e+04 3.305564929647193640e+05 3.211311051661494275e+04
1.544923591915721590e+04 1.949673978720985178e+04 8.664633720021754925e+03 2.936029205658396677e+04 4.980199671899609384e+05 5.147259462231306679e+04
1.619092451463972793e+04 3.534012742206816620e+04 5.988530211237214644e+03 2.190493521891885393e+04 3.053893276857386227e+05 3.477532213260859862e+04
2.371288678975005041e+03 1.208208619523328889e+04 1.741248410759426179e+03 3.508884480145021826e+03 1.249848847121740255e+05 1.134144192523827223e+04
3.634527588336661211e+03 1.776309002252176288e+04 8.207023854297692651e+02 6.717506533567969200e+03 2.005421372099980072e+05 1.775849466023055720e+04
1.730813483798803645e+04 2.624792100519992891e+04 1.275282510098830062e+04 1.771124972783509656e+04 3.738676771453187685e+05 3.995100822937615885e+04
1.811155891143689951e+04 2.804522003865772422e+04 1.619291122774927862e+04 1.490053649235492958e+04 3.349061001596979331e+05 3.763139513419572177e+04
4.651981348274356424e+04 1.532035448569382424e+05 3.983097017403638893e+04 2.503171629759676944e+04 4.493409769292573910e+05 6.629122483893200115e+04
4.961686320771940700e+03 1.408721057956506775e+04 5.844433293534522818e+03 4.472093388831275661e+03 2.026490690178578952e+05 1.886866863217283753e+04
3.130203890667033556e+04 9.510475988638770650e+04 2.205413810908590676e+04 2.548670649490337382e+04 3.337938024963106727e+05 4.818772599659491243e+04
8.801348152860033224e+03 5.975625384345244129e+03 7.495298759480149783e+03 1.115623462557054518e+04 3.703385727678635740e+05 3.348022210238332627e+04
4.018110446949072502e+04 1.127545660319850285e+05 1.726355892168285573e+04 4.301446020825582673e+04 6.119767404566552723e+05 7.363198243006836856e+04
3.160512378041935517e+04 1.595390117919285840e+05 1.255895040602460358e+04 3.337543797599253594e+04 6.326952253606652375e+05 7.095332259340996097e+04
5.662177358391803864e+03 1.620836483776768728e+04 4.128857038941374412e+03 6.151807841118536089e+03 2.484442077131454716e+05 2.207374875469876497e+04
2.127500874865243895e+04 1.167988331621879042e+05 1.297135110446704311e+04 1.184089810617826333e+04 2.820749141425600392e+05 3.569651956041757512e+04
4.737948584982756438e+04 1.347221760387044924e+05 2.086975155278818056e+04 5.466341798474878306e+04 6.990073604058675701e+05 8.739444895535701653e+04
1.329141994642483223e+04 8.586376340780462488e+04 8.236402832196434247e+03 1.758219939095506925e+04 4.890086253031279775e+05 4.863933594359470590e+04
8.379381614316302876e+04 3.408312147702721413e+05 4.786111030701559503e+04 7.264993591665053100e+04 7.142413308641595067e+05 1.183844663912889810e+05
1.126323251971663012e+03 4.797305246759367037e+03 5.474157214371291502e+02 5.201302646431511675e+03 1.858338765662903315e+05 1.532436843650799528e+04
3.159454256905544389e+04 1.507810850724966258e+04 1.338110174869473303e+04 4.860563323399177170e+04 6.070730068784609903e+05 6.932448471924746991e+04
5.964503771405769658e+04 9.528511964310175244e+03 2.913715326876116160e+04 9.282263508646136324e+04 1.121956700323269935e+06 1.304671995898237219e+05
1.546791936022897244e+04 7.586485106511585400e+03 5.288988738825602923e+03 2.796552507071953733e+04 4.578902999040850555e+05 4.609838615787103481e+04
5.204533278275746125e+04 1.277982577472591656e+05 3.557864621890414855e+04 4.830907600014367927e+04 5.814333390449755825e+05 8.261138195030395582e+04
4.081016093089714559e+04 2.158896979481973904e+04 1.823914060727846299e+04 6.394489877808988240e+04 6.512249539280878380e+05 8.164662280460394686e+04
2.148383963765871522e+04 3.456873540679178404e+04 1.476467902430136928e+04 2.288268653718073620e+04 4.244881093726325780e+05 4.697308314146729390e+04
5.691960667214260320e+04 1.179529701235110697e+05 3.106317400475883915e+04 6.796067396946322697e+04 8.778905305757902097e+05 1.090034838374288520e+05
7.334978092706403004e+03 1.537176233322545886e+04 3.637133696185518147e+03 1.331984807323713721e+04 3.336281030196880456e+05 3.079108990889933557e+04
1.218929923265049438e+05 5.494028191990560153e+05 7.444837539194866258e+04 8.952566600199912500e+04 8.996219992666410981e+05 1.602638298988420283e+05
4.174088908915551292e+04 1.469125906974509999e+05 1.959596145541979058e+04 3.805740592523294617e+04 5.504420061262820382e+05 6.994700970021983085e+04
2.632676862555822299e+04 1.965162562005335303e+03 1.196553334838414230e+04 4.157716370099724736e+04 5.543619926541964523e+05 6.134205206439786707e+04
1.176669192176066281e+04 1.870753264858707189e+04 7.764215186786671438e+03 1.480155464073318581e+04 2.767966285562004196e+05 2.958278115539241844e+04
2.640885857897008827e+04 4.961013252089971502e+03 1.369171891727604088e+04 3.808731196548374282e+04 4.891116190173068899e+05 5.626762806955858832e+04
7.050244724792531633e+04 2.800354656616227585e+05 4.877304427707776631e+04 4.464115618050465127e+04 6.433309832044580253e+05 9.833539270750680589e+04
2.613294767281059194e+03 7.682270040616303959e+02 1.885051987713302196e+03 3.679849754333172314e+03 1.654634535182844847e+05 1.364359461700094107e+04
1.686838780882083665e+04 1.936871969578899370e+04 1.307864491983747575e+04 1.936532169351644916e+04 4.220891310241247993e+05 4.374243623810417921e+04
5.319284678454863752e+04 2.199503590113693208e+05 2.350039721033171008e+04 4.837213689543383953e+04 6.005725474841003306e+05 8.327938397808490845e+04
1.588387484686306379e+04 7.939699573055213477e+03 8.473169499506599095e+03 2.772866543354506211e+04 4.685727614191252505e+05 4.809990647302981233e+04
1.938604781151858333e+05 9.202011047474134248e+05 1.305761968679425627e+05 1.185569019404311402e+05 1.502457514633937506e+06 2.564777092064743047e+05
9.944696703015007370e+04 2.608487738457037776e+05 4.075215817798352509e+04 1.316466046759255696e+05 1.391397189562371699e+06 1.835855695307725982e+05
2.860295438258415379e+04 6.748805085235637671e+04 1.498505622545398546e+04 3.463965939108539169e+04 7.079818262355749030e+05 7.308064754293680016e+04
6.610403086770302616e+04 1.008524732610038627e+05 3.085547302898368434e+04 8.713336278048882377e+04 9.534130000617603073e+05 1.218171381962825399e+05
2.454050627368142887e+04 9.093577696959317836e+04 2.327663926512309990e+04 1.074118143952827995e+04 3.412373937656764174e+05 4.234144842668771889e+04
4.123208254584436509e+04 3.497683548605769465e+04 2.366422766257011244e+04 5.361258898532976309e+04 7.150438873424375197e+05 8.426795353659673128e+04
3.429188803268515130e+03 4.386181858687707972e+03 1.505319022587277004e+03 5.165875037267165681e+03 1.368545196474925324e+05 1.240661581880953054e+04
1.615841052979190863e+04 3.771299790960898918e+03 5.859490221091921740e+03 2.720444535393573460e+04 3.757518125781510607e+05 4.028682750935629156e+04
4.615123957465231069e+04 4.395383357778394566e+04 2.572259168086990030e+04 5.910183998143171630e+04 5.937307352780175861e+05 7.992206912698864471e+04
3.113311684920352491e+04 1.399504165394393785e+05 2.181256588736385675e+04 1.924130764737330537e+04 3.159999322384456173e+05 4.628131367250788026e+04
2.796640973550011040e+04 1.089654261092493980e+05 1.740688702262178776e+04 2.226591104919219288e+04 3.977871044864829746e+05 4.971785249013542489e+04
7.532224201962268125e+03 2.285397788781053350e+03 2.747835187829576626e+03 1.495298761248583287e+04 3.447863442261986784e+05 3.124929669928015574e+04
7.129702528004563646e+03 6.705232136438783527e+03 3.398003879352210333e+03 1.442945804055981898e+04 2.544726658415344136e+05 2.543703997895388966e+04
8.491213626040100644e+04 1.731390343174462614e+05 5.278781362029990851e+04 8.448262719324303907e+04 7.809331151781517547e+05 1.220484490068932209e+05
3.018877276280246224e+04 4.425024284110643930e+04 2.125194746832757301e+04 3.036161165332873134e+04 4.570623629003476817e+05 5.582138751928145211e+04
7.127119042391932453e+04 3.788454922266048379e+05 4.742090630912119377e+04 4.026145986160723260e+04 5.841690638955701143e+05 9.668119586991358665e+04
1.154977642299872241e+04 5.998627799996993417e+03 1.599888037168329720e+04 4.104716810337797142e+03 1.831672694389464741e+05 2.136947997969591961e+04
8.781963669330731136e+03 1.861513029411413299e+04 1.029318203210721913e+04 2.968514663707063846e+03 1.669829558487696631e+05 1.793168014174402197e+04
7.953455813675719583e+03 2.807459060802825115e+04 3.595861098914908780e+03 1.248360074002497822e+04 3.947468946168348775e+05 3.513441878565228399e+04
4.103566592570791545e+04 3.827825112281985184e+03 1.638735328925599606e+04 6.536175502485378820e+04 7.569022255390996579e+05 8.771815617669813219e+04
1.481599913655880118e+04 9.020150325927780068e+04 8.981593349442369799e+03 6.435868787071273800e+03 2.522482281563096913e+05 2.821057784923074723e+04
4.052755845329177828e+04 2.193930881550841605e+03 2.086169336531982481e+04 5.936315499804533465e+04 7.374612511434541084e+05 8.554608415108083864e+04
3.290585728259204188e+03 2.705442350215624174e+03 3.890735947524729454e+03 2.674721230469804595e+03 1.547884293444534414e+05 1.343155206270637609e+04
2.069754094596691357e+04 9.050746603170112940e+04 8.250638029216486757e+03 1.721315893816265816e+04 2.993763240000723163e+05 3.595374082491984882e+04
1.803611470621674016e+04 3.565595465941541534e+03 7.992087575634831410e+03 2.822009214027632333e+04 4.373679562206250266e+05 4.579951669640762702e+04
4.320375167499850068e+04 5.177608059597436659e+04 2.634251511319226120e+04 5.503118547205506911e+04 6.278032816052227281e+05 8.102731263671662600e+04
2.099918995344626092e+04 8.371549178946185566e+04 8.415665277835581946e+03 2.203531147561940816e+04 4.896090828127427376e+05 5.066434491050151701e+04
3.669518946580263582e+04 3.666724118714231736e+04 2.887098037068352642e+04 3.745732938106008805e+04 4.784507500618386548e+05 6.337783301387798565e+04
1.470887731862642067e+04 5.108747369688886465e+03 3.058234539810913702e+03 3.372005384419090115e+04 6.860020297814774094e+05 6.295896793553597672e+04
2.164299946906374680e+04 6.314029552100496221e+04 1.487367012403537046e+04 2.044009999447975861e+04 4.365961324258517125e+05 4.814344082073325262e+04
4.188676054614058557e+03 4.380647267681072844e+04 1.201139336096731085e+03 2.420441084755127122e+03 1.960227764674077334e+05 1.696387878508793074e+04
2.492364632960780364e+04 1.115330453896482941e+05 1.118870626156410071e+04 2.173580223063432641e+04 5.633004866172593320e+05 5.805696932973369985e+04
2.530171928932913579e+04 8.888486678376784766e+03 1.346081605276806295e+04 3.057689621234612423e+04 5.400853514408173505e+05 5.639477446635283559e+04
1.246947885065292394e+04 1.984624716124177576e+04 1.350968118365838927e+04 7.184628503660122988e+03 2.599731500629136572e+05 2.754010977267471026e+04
2.270060642218988796e+05 7.577250259100662079e+05 1.381898711293351371e+05 2.045794834105164919e+05 1.887651466816963861e+06 3.165278313898918568e+05
2.195171647508695605e+04 2.864882048703463443e+04 1.308882395895575974e+04 3.160177620268732790e+04 6.923611630353803048e+05 6.791743850040789403e+04
5.430404668712103012e+04 2.164477145880662138e+05 3.710954977635548858e+04 3.889919672087624349e+04 4.017894169628970558e+05 7.131922156305095996e+04
6.110168214178749622e+04 3.482579771019079490e+05 5.091659447349589027e+04 2.558325762058217515e+04 8.900744863497837214e+05 1.106127413783252705e+05
9.849468487463725978e+03 6.537960433732196179e+03 1.369014157740639166e+04 5.909176849680578016e+03 2.861265225134047214e+05 2.814184365930962304e+04
3.792678599655146536e+04 9.012559709624422248e+04 2.346422313852320076e+04 4.423041213638293266e+04 5.104201676006205380e+05 6.890467650021424924e+04
4.630404353035957683e+03 8.898906547290249591e+02 1.280192401823088630e+03 9.865351077970031838e+03 2.239457162845171988e+05 2.011934292048142743e+04
3.184903537516372671e+04 2.612902940630985177e+04 2.137510766734643403e+04 3.682481865174382256e+04 6.174556719022606267e+05 6.868853283069022291e+04
5.380490189724228549e+04 2.832791815023572999e+05 3.310502362978337624e+04 3.286487177360966598e+04 5.643378529147808440e+05 8.110353061780924327e+04
6.658022432037229009e+04 2.017705759181856411e+05 3.303339742428941827e+04 6.628758991513786896e+04 8.230853129787613871e+05 1.095567184373933706e+05
7.746109584122347587e+04 4.482777891092979116e+05 3.799346337259526626e+04 5.544115516407066025e+04 8.217426831532682991e+05 1.188952305585907015e+05
1.888936917327542687e+04 8.409010177254851442e+04 1.020066989020718029e+04 1.439501253755659673e+04 3.114923215184891014e+05 3.601748811876442051e+04
3.232696809546262375e+04 1.400480830108721566e+05 1.651058687345393264e+04 3.110734484181310472e+04 6.762769469276808668e+05 7.359825364310352597e+04
2.518633244686941543e+04 1.002757861511996889e+05 1.170919130674165353e+04 2.543563488967546800e+04 4.692701918750943150e+05 5.307298894025973277e+04
3.669907985323805769e+04 3.164419265788964913e+04 1.208102605112384481e+04 6.396342105810864450e+04 9.231022047988828272e+05 9.778413151361164637e+04
1.084194166988224060e+04 7.270482170286752989e+03 7.485884878371399282e+03 1.056366692006904850e+04 2.616642682951529860e+05 2.596288456843815220e+04
3.972614331343484082e+03 6.965537489543364245e+03 1.886342920082886394e+03 1.257329157995049536e+04 2.559010484834471426e+05 2.405500799657854441e+04
1.517937859875339200e+04 4.027540179601301497e+04 9.439151924253972538e+03 1.486404343458036965e+04 2.623065470263948664e+05 3.042548463491586517e+04
1.625339545415035354e+04 8.353692808218472055e+04 8.051492723152697181e+03 1.172718870878503731e+04 3.029256077425931580e+05 3.328110393518818455e+04
6.271172733181888907e+04 1.836976379622846434e+05 3.365702068324652646e+04 6.465768255808387039e+04 9.135096748998106923e+05 1.142763379081469320e+05
3.530759781048393779e+04 3.864318828685692279e+04 2.382257156965409740e+04 5.147254588138334657e+04 6.028363825583616272e+05 7.600287173560223891e+04
3.046038255434406528e+04 1.517501773095909448e+04 6.499077588513561750e+03 5.835385413142413017e+04 8.060041158679055516e+05 8.415055260459575220e+04
3.750953676760424423e+04 6.160952575222111045e+04 1.470303548439601036e+04 5.982509584947740950e+04 9.646782420246311231e+05 1.013219873423375248e+05
1.638170714008713730e+03 1.835116289718897178e+03 1.196936197249038742e+03 4.868904554228583038e+03 1.507628213571934612e+05 1.294865198030911233e+04
3.439360889188398232e+03 2.414531250181267751e+04 1.003632617776472898e+03 1.106466415649683586e+04 2.247846801387577143e+05 2.174935082204719583e+04
5.307329376889386367e+03 1.574665014611312472e+04 3.469968737033145317e+03 4.396032581527476395e+03 1.220804864475657669e+05 1.247376536091986964e+04
8.665009802300608499e+03 1.281791742895321659e+04 7.210325865750217417e+03 8.131488993926914191e+03 1.815528341807704710e+05 1.963048449102762970e+04
5.179170196228966233e+04 2.773761990317177260e+05 2.220329889451077543e+04 4.285141721190620592e+04 6.744346840796143515e+05 8.803274960002281296e+04
7.155288713752110198e+03 4.240227659947933716e+04 7.286588314057502203e+02 1.112643991878119778e+04 2.734289149087494006e+05 2.583374621629851390e+04
1.629244659099047567e+04 6.574573207559683942e+04 8.094459304282886478e+03 1.337090579290876121e+04 2.565731465651629842e+05 3.004507583150951541e+04
1.635413768435411657e+04 2.666076567241381053e+04 6.369899604209482277e+03 2.259797525333588419e+04 4.056530893177634571e+05 4.156742064813469187e+04
4.259805144607121474e+04 1.852821977059237252e+05 2.386734188149114561e+04 3.560423104216405773e+04 6.154860605639684945e+05 7.695210659576105536e+04
1.082279688066534982e+04 4.653349767665813852e+04 5.321071309669271614e+03 8.537176227773421488e+03 2.516069080366382550e+05 2.537928350444909302e+04
5.089171631763445475e+04 1.734543228394853650e+05 4.141302809730818990e+04 2.941315229792182799e+04 5.069363387078942615e+05 7.383012498516117921e+04
1.054482543227180759e+04 1.477841585255208429e+03 4.331949945033252334e+03 1.496970970632386525e+04 3.275755759413061896e+05 3.074220552197065626e+04
1.316429864075379919e+04 4.429716220552060804e+03 4.811871559661361061e+03 2.391300830260793373e+04 5.308405909210011596e+05 4.881066165548388381e+04
3.892404673892071514e+03 2.579902552018736969e+03 8.820343337560927921e+02 1.095627964197770234e+04 2.636956205188045860e+05 2.319817335781158909e+04
4.664484950712754653e+04 2.612802790361523803e+05 2.640975765544252135e+04 2.774543383853913838e+04 4.490820061109199305e+05 6.706198781170514121e+04
1.514351358014260586e+04 5.100928165419740981e+04 8.687441125443307101e+03 1.461644697443102996e+04 3.745554164787211921e+05 3.807031294224500016e+04
3.237795749566744416e+04 1.095053070877180726e+05 2.009487059231557942e+04 2.684306705186980253e+04 4.605360866729276022e+05 5.719349613387000863e+04
4.252211797158340232e+03 2.188274259499212803e+03 1.093356569294208384e+03 1.057198280692853950e+04 2.942520772470733500e+05 2.515133855619366295e+04
1.430456404913171173e+04 3.881062922579598762e+03 7.917051318515486855e+03 2.115321246929722111e+04 3.747413992976570735e+05 3.837501293811437790e+04
3.878647967493536999e+04 2.428706946322531730e+05 1.153322473780627297e+04 3.726681087918965204e+04 5.864249302234168863e+05 7.328122083708467835e+04
3.911302219514967874e+04 1.083996804198704049e+05 3.481229083619851008e+04 2.306757733718468808e+04 6.123966397188295377e+05 7.199011983359082660e+04
6.169306033477532765e+03 1.892502535686619694e+03 4.879538277538705188e+03 1.027602846399510054e+04 3.093768703001274262e+05 2.765233351584013872e+04
4.938313566943170008e+04 9.584396415065069959e+03 2.678697252481511168e+04 7.331659021937743819e+04 8.112575423321152339e+05 9.973902576424056315e+04
4.352197361952739811e+03 1.575006982138241983e+04 2.448049206204703296e+03 3.907329502206566758e+03 2.121199436673891323e+05 1.786843381587144540e+04
7.887949859140951594e+04 2.221308396102092520e+05 5.309462769123246835e+04 7.128095513101157849e+04 7.961233300361218862e+05 1.196565390289047500e+05
6.152522348149600293e+04 2.409782274210900650e+05 4.254465857897647220e+04 4.390435683130563120e+04 7.959310104416314280e+05 1.036488393568474567e+05
8.366423776738040033e+03 1.355034092004617378e+04 1.052655725490516261e+03 1.438760731069458598e+04 2.928736624224211555e+05 2.732854760002997136e+04
2.852344168156632350e+03 9.311713392987661791e+03 1.632638750170296589e+03 8.879343378288285749e+03 4.122253156819519936e+05 3.290567292624395486e+04
2.299174997118141255e+04 6.931996046934401966e+04 2.042778924203609859e+04 1.389479486474351143e+04 4.413571304240426398e+05 4.820400068726405152e+04
3.980796724435750366e+04 1.012388241829042963e+05 1.852412383705207685e+04 5.131776561456627678e+04 7.216304942484204657e+05 8.473557185021809710e+04
1.011527436108889015e+04 5.848200379547228295e+03 3.259617614210257216e+03 1.671253958046931439e+04 3.153604811220268020e+05 3.046264617715893473e+04
1.079881181182713954e+04 9.312669171965888381e+03 3.152729429387356504e+03 1.680026436523508164e+04 3.364287526824739180e+05 3.204467323802091414e+04
3.729710729686873037e+03 4.092201358815906133e+03 3.024931717791337178e+03 4.724851706711246152e+03 1.321699798013892432e+05 1.253265035686385818e+04
3.392261239367062080e+04 2.065317188937136507e+03 1.585550234001787794e+04 6.040252724120935454e+04 7.845792981363290455e+05 8.702075565350828401e+04
1.528311424197038832e+04 4.281497927837174939e+04 1.065534384018103628e+04 1.416207347885787021e+04 3.176144697081209742e+05 3.447797320883154316e+04
5.916430293883980085e+03 1.013541679894835738e+03 1.747307202691056773e+03 1.389226961753640899e+04 3.704127423062375747e+05 3.199904474764347833e+04
3.952438073618087219e+04 2.635372590260545840e+05 1.587053667734836381e+04 2.609719096835328310e+04 5.597256556065113982e+05 6.932688408340569003e+04
1.616658775021947258e+04 9.910499217685167969e+04 1.110912588502817562e+04 1.057343708425637124e+04 4.271915871197834495e+05 4.320575662247394939e+04
2.823493431189839248e+04 1.456127696053025138e+05 2.209920306333229746e+04 1.292023930939987440e+04 3.691594884741933201e+05 4.740221260502419318e+04
1.454549050518872718e+04 6.646567515387559251e+04 4.184528605652765691e+03 1.778510551561472312e+04 4.462807564082478639e+05 4.315086531107497285e+04
2.147856020472694581e+04 1.093439874126431096e+05 8.664737750585765752e+03 1.660637415806391800e+04 3.562629282974037342e+05 4.061592347956615413e+04
1.213241513200172631e+04 5.695542620592415005e+03 4.170592639447277179e+03 1.836786212028055888e+04 3.405092490473014768e+05 3.328780695599512546e+04
1.599364352663271166e+04 5.350428904242614954e+04 5.524376256674629985e+03 1.845144460999048533e+04 3.651919203836504603e+05 3.793453446156650170e+04
1.150241535598666960e+05 6.631795568026853725e+05 7.130380024792019685e+04 6.589010838055169734e+04 1.034820106066422886e+06 1.629427632847986242e+05
2.291363672051101094e+04 9.080280556170777709e+04 1.556428910137254934e+04 1.580044288957554636e+04 3.749110263654201990e+05 4.356278223927450745e+04
1.065894456726953649e+04 2.915264667118054422e+04 8.272707878862020152e+03 1.286917766235455383e+04 3.366316342473450350e+05 3.346941329804917768e+04
3.575607763853421056e+04 1.294431917839760717e+05 1.428744615971114763e+04 3.637546393152215023e+04 5.458633454686630284e+05 6.572583872825044091e+04
3.872895936777752013e+03 3.745685860338919883e+04 7.294613781334822988e+02 4.331418705498728741e+03 2.029247932912612741e+05 1.777475744407164166e+04
2.306115882345862701e+04 2.529295045244522044e+04 2.041661910923262622e+04 2.325887594540883219e+04 5.720483546650778735e+05 5.904560617928529246e+04
8.944137713671090751e+03 2.251578209697420243e+04 1.927562950463854577e+03 1.646490751591690423e+04 3.798725138081556070e+05 3.494007258908884251e+04
6.990918677515533636e+04 1.567374219974933367e+05 3.299241419505007798e+04 7.873174563295560074e+04 7.804316212088653119e+05 1.100693475639592070e+05
1.237339545649861429e+04 5.384659620831981738e+04 4.618296197459409086e+03 1.632567165101385399e+04 3.881544411242463975e+05 3.814408167214348214e+04
1.192373373328932939e+04 2.570828943077481381e+04 9.540890069488679046e+02 2.200820357170717398e+04 4.161182540467922809e+05 3.962282332742740982e+04
9.305125613962999296e+02 1.910086595278799223e+03 3.206308226714529042e+02 1.512943519735910058e+03 1.380907454431084916e+05 1.020476975188932920e+04
6.409685857162776665e+04 2.249109609192353964e+05 4.937633711470974959e+04 4.367008651954388188e+04 5.230929854485765100e+05 8.734208750805718591e+04
2.320663657419557057e+04 9.121973233221513510e+03 1.371262880678192232e+04 3.301955458774721046e+04 5.789278584543203469e+05 6.023193926930742600e+04
7.893479646521121140e+03 2.343903005081856463e+04 1.948759778098764400e+03 1.075947934742039797e+04 3.241700543702547438e+05 2.866845952220429172e+04
3.720029626830828784e+04 6.345466492163851217e+04 1.637077677323048192e+04 4.431429032981328055e+04 6.183085399662881391e+05 7.182179243598102767e+04
4.408810245506607316e+04 1.143880032366732339e+05 2.947924314689117818e+04 4.112009152111096046e+04 7.726858786412735935e+05 8.893141659855336184e+04
3.416297554633569962e+04 1.437393816591991927e+05 7.863479714582337692e+03 4.348117114648412098e+04 6.343423888545224909e+05 7.282797232388881093e+04
3.364799150986168115e+03 2.294389606189692859e+04 1.578008603033620147e+03 3.005642300749777860e+03 1.524478973785320413e+05 1.342801947188866689e+04
1.098508465980262845e+05 2.703760188235995593e+05 7.038178452853638737e+04 1.051057402778486576e+05 1.223161417977599427e+06 1.735129723244218039e+05
1.313911516413301979e+04 4.202738419618353873e+03 1.725948459395846294e+04 8.872186830188409658e+03 3.546392311540633091e+05 3.551296665805169323e+04
1.975815837393098263e+04 1.280264311539741611e+05 4.716996827731265512e+03 1.755533140885494868e+04 3.991905475096208393e+05 4.315476548980407824e+04
2.423018950853732895e+04 1.039056954319123470e+05 4.339564478786816835e+03 2.943684252833626306e+04 6.411997873057072284e+05 6.344882717639416660e+04
7.134350772264741863e+03 4.853829299123964302e+04 1.177157213081271493e+03 1.001834621570985837e+04 3.782431965407357784e+05 3.287935132386764599e+04
9.964986996469191581e+03 3.255956610208535858e+04 1.045570992781447421e+04 3.614111087405599847e+03 2.267105163810812519e+05 2.300078086463809814e+04
4.511097918293450675e+03 4.747855259224230394e+03 1.714014740883351351e+03 1.730733621249432690e+04 3.624227015546068433e+05 3.317626681795316836e+04
5.355910672817386512e+03 3.435994973852031399e+04 4.165849954674046785e+03 7.512306364528295489e+03 2.744935306286800769e+05 2.535495162196704405e+04
3.008376425383598325e+04 2.812110146599192740e+04 2.355000366540425603e+04 3.171123024510507457e+04 5.500978275637085317e+05 6.288190754831775848e+04
7.363270401594168106e+03 2.554053699066740592e+04 3.251255098843483211e+03 1.136399742648948813e+04 3.610322582167419605e+05 3.208660099563019321e+04
1.355769777679902654e+04 6.272749920877960903e+03 7.923128644800131042e+03 1.943004343937419617e+04 4.146980620066525880e+05 4.040423407390988723e+04
2.368333974020067035e+04 1.876203434841133003e+03 1.233444469571902300e+04 3.701441130178623280e+04 4.757536020741362008e+05 5.414631336988961993e+04
3.461359542247482750e+03 5.423347512347054362e+03 4.125172188098123115e+03 1.738557155041798069e+03 1.417976420005348627e+05 1.237000093819434005e+04
1.879897507396871151e+04 5.822461054551634152e+04 1.453610563969208124e+04 1.468945352867646034e+04 3.215605689257152844e+05 3.741714075565509847e+04
1.886173722265188871e+03 8.154668210923624429e+03 4.185422986644923071e+02 3.303240391620206537e+03 1.619690447193178115e+05 1.297149687762326357e+04
9.067365524013397589e+03 7.819283983759307375e+03 3.357607509753020167e+03 1.279572471126669006e+04 3.534825539143603528e+05 3.139535693580643056e+04
3.252055807874950915e+04 2.406693544075291356e+03 1.473831877960530983e+04 5.332789828822862910e+04 6.731702961383154616e+05 7.586368842242845858e+04
2.495521072303036271e+04 5.366962694686277973e+04 1.729791532788093537e+04 3.516312397550843161e+04 4.288946454000137164e+05 5.485947517056655488e+04
4.808389826351436932e+04 3.877947834649227298e+04 2.069618128465003247e+04 6.633787747665483039e+04 7.356426504709519213e+05 9.031622878002688230e+04
1.782285045219638778e+04 1.409315434291146521e+05 6.776628122558157884e+03 9.185095895664933778e+03 3.431888721529180766e+05 3.712954932846756856e+04
4.841528757227651658e+04 1.895377125809042773e+05 2.019193119388915875e+04 4.805501402782167133e+04 6.592170969817620935e+05 8.414959252924664179e+04
3.587881085954328228e+03 2.919459844160761713e+04 4.540351587273499376e+02 6.228358860096328499e+03 2.099069240343844867e+05 1.857465588686579576e+04
4.547997017047219560e+04 2.573214477395363210e+05 2.255862770671739054e+04 2.816121429143603382e+04 4.042732684306485462e+05 6.238016472580259142e+04
1.288270399449448269e+04 2.522053920645085236e+04 1.077957202136598607e+04 9.371678096487188668e+03 3.133853001289218082e+05 3.121050477837390645e+04
1.617116355072024817e+03 7.812305034515369471e+02 6.583891328611621248e+02 6.201741657748127182e+03 2.295102051913645410e+05 1.856355844349819745e+04
3.748645370461046696e+03 2.171963718818412872e+03 4.737480382106363322e+03 3.881831386778100750e+03 2.076726066665053659e+05 1.787298200016429837e+04
1.288450000690888737e+04 7.192208206599604455e+04 5.961911971553997319e+03 1.131911876246231077e+04 3.914129529985992122e+05 3.757280833231627184e+04
2.111982229554595251e+05 7.193213152859866386e+05 1.306960725284532818e+05 1.860050841845076066e+05 1.290750013225757051e+06 2.628510775158111937e+05
2.297184709317059969e+03 5.740593594201987798e+03 3.026004057986497628e+03 2.113536974845873374e+03 1.495659332305518037e+05 1.260391274662900469e+04
5.666131987142081925e+04 2.778290362299190019e+05 4.089972323560849327e+04 2.924642612188506246e+04 5.593835975607861765e+05 8.222465562789022806e+04
2.594026482648490401e+03 2.020136283814606941e+04 6.690558928131557650e+02 6.146655887260146301e+03 1.871756032146449434e+05 1.665659133052646575e+04
6.493669593277030799e+03 4.893942790606513154e+04 3.051675469591567435e+03 3.774264374728834810e+03 2.278968851820125128e+05 2.077157026288755151e+04
6.729092622853254397e+03 1.563363547031373673e+04 1.880204778816815178e+03 1.059032887065123396e+04 3.200433521266478347e+05 2.789871120614623578e+04
1.505924407182173127e+04 1.850362686208235391e+04 8.066315622182304651e+03 1.947559132452296399e+04 3.071314251244394691e+05 3.385675314546604204e+04
1.554777412908849510e+04 1.405571433915482157e+04 1.406209500834097889e+04 1.252386548219808901e+04 3.080641500461832038e+05 3.314067446726140770e+04
2.757571922423923752e+04 6.885335513075935887e+04 1.990578728398822932e+04 2.204352841093179450e+04 4.115829528298232472e+05 4.963801439802011009e+04
4.373850156714461264e+03 7.449660700307218576e+03 3.310454593776492402e+03 4.343602686901226662e+03 2.254818897362889838e+05 1.892556106725849895e+04
5.386775411483533389e+03 5.418577466962085964e+03 1.424011124938503144e+03 1.224995959589175254e+04 2.994372825998752378e+05 2.656119643072382678e+04
9.783784481235483327e+03 1.464508049991966618e+04 5.505935266030121966e+03 2.529313823326123384e+04 3.885289906307297060e+05 4.066748822473033943e+04
3.594115248756932124e+04 6.496774753724764196e+03 1.909124426031329858e+04 5.163480442434413271e+04 8.533853171068558004e+05 8.929811190274557157e+04
4.129907456604792060e+03 1.553893360077906436e+04 2.765961830654550340e+03 6.673081463348828038e+03 2.324237742851468793e+05 2.061129079935506525e+04
8.575431272583778991e+03 9.572228567948865020e+03 2.052043280698280796e+03 1.431510033366436437e+04 2.930322051294914563e+05 2.754044062733305691e+04
1.000756451377357553e+04 2.111819578369830197e+04 7.526478978804337203e+03 9.757218636205947405e+03 3.262715003728677984e+05 3.064625034018158840e+04
3.388124251900755917e+04 1.575203305438661773e+05 1.596384699346156594e+04 2.644478801613398173e+04 3.410092826841793722e+05 4.956865121564565925e+04
3.459568352481180773e+04 1.630248011200626497e+05 2.167453267947871427e+04 2.312825667441139740e+04 5.848973531099787215e+05 6.720688847781905497e+04
8.517580863008877714e+03 1.469364838476355362e+04 8.076160406851092375e+03 5.954954513738785863e+03 2.437966020647656114e+05 2.329882572966615771e+04
3.729128040427493397e+04 1.744004641502725135e+05 2.292959590796216071e+04 2.449778368393243363e+04 3.427970495497058146e+05 5.264641407564075053e+04
2.186202591955082607e+04 1.084928281939510052e+05 1.628415046122745298e+04 2.369443267264054157e+04 3.624685435156904859e+05 4.748091956755708088e+04
3.415654310929352050e+03 2.392061617990730610e+03 1.375295994039713605e+03 8.427694507608146523e+03 3.300923415095629753e+05 2.672394956368366547e+04
5.966216660620484618e+03 1.678172086472521187e+04 3.261345826506577851e+03 7.730842315212093126e+03 1.985368624141090550e+05 1.908540879041159860e+04
1.350015353704707195e+04 1.207939255189555115e+04 4.339206497827811290e+03 2.046517582679218685e+04 3.212690257496020058e+05 3.333059656763081875e+04
1.053267599660918677e+04 4.573384866546872217e+04 7.552118419300748428e+03 1.076016254487803781e+04 4.047292332701487467e+05 3.760563657209559460e+04
8.921567372267518294e+03 1.693387474821026672e+03 4.875182101515550130e+03 1.321835529080368906e+04 2.317573828812948195e+05 2.375042216815214488e+04
2.969648444318721522e+04 1.118965825197650847e+05 2.398442453264564756e+04 1.761492617526021422e+04 3.606448523010605713e+05 4.809706775231340725e+04
3.263529179164774177e+04 4.738674841951175949e+03 1.851500181939184768e+04 4.063923569738744118e+04 6.202615658754617907e+05 6.831090244195438572e+04
2.407751297144761702e+04 4.005835756794713961e+04 2.215058304721169407e+04 1.735904682295690145e+04 3.414935025326064206e+05 4.234873450261520338e+04
1.192331692561525851e+05 5.213250905289711081e+05 7.530565002762973018e+04 8.357336141482934181e+04 8.558537657280672574e+05 1.536089607410903554e+05
7.053803288084272026e+03 2.053463394696875184e+04 4.326664628810432077e+03 8.344937897947012971e+03 2.067097732001797995e+05 2.055770603923323506e+04
6.186056445609187904e+03 1.593051309886710624e+04 8.246757137006819676e+02 1.178903869667290564e+04 3.544137034013632801e+05 3.031214830460329904e+04
9.869173586568800602e+03 3.228098991805838159e+04 6.791839045262528998e+03 6.956212952401026996e+03 1.806026334738873702e+05 1.981760622669101213e+04
2.893710803134903472e+03 6.465108231403681884e+02 4.285914986790266084e+03 2.472458808278952802e+03 1.458167113554842654e+05 1.280515464688233260e+04
1.245554736296329247e+04 3.462802024959019764e+04 1.028838138890986556e+04 7.841317426290006551e+03 1.711441599178551114e+05 2.120508157715933703e+04
6.282305075953070627e+03 4.333760585181899501e+02 2.043909133956419964e+03 2.088131773392291507e+04 3.337774985027743387e+05 3.279446495077653526e+04
2.493870284087533582e+04 9.982930972320576984e+03 2.362161273761255870e+04 2.226089498900731996e+04 4.818848511313236668e+05 5.315418350658102281e+04
1.882145841468515937e+04 1.002378576982042287e+05 5.773741543291507696e+03 2.203168176294574005e+04 4.563321281164331012e+05 4.810300925629059202e+04
1.832966976840176358e+04 8.488671251418557949e+04 3.734170114663437289e+03 2.173578597980121049e+04 5.957338107271444751e+05 5.570663069424770219e+04
1.743372111333203429e+04 2.937907045261891835e+04 2.561562146836624743e+04 7.331308512821335171e+03 3.629262148759395932e+05 4.022131186280096153e+04
1.289120133569669861e+03 4.976619072076483462e+03 1.258027505924852903e+03 5.604436801534481674e+03 1.487445865801821928e+05 1.332725370040298549e+04
1.151090008298923931e+04 3.548522830416040961e+04 8.046666727115831236e+03 8.376519951201866206e+03 1.604970743809005362e+05 1.980701122130555086e+04
6.812350288116925185e+03 1.686687802329448095e+04 5.438521496374311027e+03 5.561802281338975263e+03 1.123285752780438634e+05 1.324903093569151133e+04
1.809764843734781243e+04 7.474371924034471158e+04 8.376722743894635641e+03 1.630585785362626120e+04 3.818485902382289059e+05 4.036501511241072149e+04
1.916297263471761471e+04 6.255210614532189538e+03 8.623215018630058694e+03 2.955276589495559529e+04 4.646459539505451685e+05 4.864196676783280418e+04
2.368932887391622444e+03 1.107236805170088701e+04 1.974737369199686555e+03 7.967666434766031671e+03 2.457192768000808137e+05 2.152887640465381628e+04
6.548223209190216039e+03 1.285145881527605707e+04 2.502438324106664822e+03 7.729014066929017645e+03 2.408203110826232296e+05 2.140695825487766706e+04
6.567473222348296986e+03 4.620563652052598627e+04 3.991709744746982778e+03 4.901499612089117363e+03 2.746893714401802863e+05 2.469851956074604095e+04
1.120728585023658961e+05 2.885205813220050768e+05 5.771354978244702943e+04 1.244971854861355241e+05 1.051806318807409843e+06 1.661927543496107392e+05
1.132269761255170852e+04 3.657527504730415967e+04 5.125160451091194773e+03 1.619177496604188491e+04 4.967607871985944803e+05 4.475240989579990128e+04
1.326117929609030543e+05 4.545983930557262502e+05 1.157615174026351742e+05 7.276991098745242925e+04 8.823771270352504216e+05 1.646465824275439372e+05
4.361131924200819412e+03 1.468506655002598563e+03 2.742075899858879893e+03 8.861722997190987371e+03 2.098025291228715505e+05 1.937307493744570820e+04
2.783009008248568989e+03 1.846508428786205695e+04 6.190590544750094750e+02 1.030325501483793596e+04 2.381313298953723279e+05 2.185594857266230611e+04
1.373711271902280714e+03 6.213624913448982625e+03 2.720280251548563228e+02 3.867539109064717195e+03 1.078884401498291263e+05 9.430037040769149826e+03
2.573748813819264979e+04 8.985104151738820656e+04 1.525211719884947888e+04 2.457955796092753371e+04 5.964864877618462779e+05 6.225397029360493616e+04
1.180237351348324182e+03 1.605198548190292286e+03 1.333186337104513996e+03 5.836960765779046596e+03 2.012709575157535437e+05 1.683090848616249423e+04
2.940430568688920175e+03 7.072449007248889757e+03 3.991655079814524015e+03 9.937853555593349029e+02 1.062359449754177185e+05 9.665389255853646318e+03
5.548889859053937107e+04 2.495054006743257632e+05 2.774099376323079923e+04 4.545439773529453669e+04 6.098001706001092680e+05 8.587087830339578795e+04
1.236473684429456625e+04 9.728256793631659093e+03 6.181556092993793754e+03 1.730501559804315184e+04 3.503292298263942939e+05 3.453409515096302493e+04
1.081536933680375478e+04 1.527594403234332458e+04 6.585173577574801129e+03 1.101722928809907535e+04 3.431753985253817518e+05 3.165814573727229435e+04
2.177860925024407697e+04 6.487332011880736536e+04 3.808862414607526262e+03 3.787019904272275744e+04 6.678714731554699829e+05 6.689639476984128123e+04
2.262284185722552138e+04 6.591703724232567765e+03 1.981659685754344537e+04 2.337470488429637771e+04 5.396089242675687419e+05 5.573227211129679199e+04
2.475913719084889162e+05 9.645422520002903184e+05 1.842926137249661551e+05 1.725043382541263709e+05 1.722689173727727961e+06 3.210345233007306815e+05
3.907119820405916107e+04 7.976852110153438116e+04 3.477121215484780987e+04 2.452543313335678249e+04 5.496524256796845002e+05 6.699504121297117672e+04
3.373020282951793547e+02 3.699921178412440099e+02 2.446308148714118715e+02 3.409171996699590636e+03 1.254981935671560204e+05 1.010628941212838981e+04
1.463522551182183997e+04 4.501789000257137377e+04 1.079685279058653032e+04 1.209616874651980470e+04 3.198989458772989456e+05 3.386744250979323988e+04
8.966388012421009989e+03 5.985469695624856104e+04 5.720746448935624358e+03 1.290612072080584949e+04 3.813104093483246397e+05 3.690997203153593728e+04
5.531807390481858420e+03 1.005500558630032720e+04 2.848844316860762319e+03 1.332191124878400660e+04 2.659314207790954970e+05 2.563592199564537077e+04
2.464537212564605943e+04 5.073229849316602485e+04 1.728464233533031074e+04 2.181871254374225464e+04 5.469978646324705333e+05 5.661788802850605862e+04
4.273409616652887780e+04 1.310196723789904645e+05 2.036124594213471210e+04 4.376972177111148631e+04 6.896693174707747530e+05 8.143804618208945612e+04
3.971551485018088442e+03 5.044294292692037743e+03 1.903012034496658771e+03 7.349367635857197456e+03 2.240461405301485793e+05 1.946242545399806841e+04
8.769877443898149068e+04 2.985193862752649002e+05 6.115679141360174981e+04 6.834030445139082440e+04 5.684653714039985789e+05 1.102692100156688393e+05
2.029414634105667210e+04 7.089139249247898988e+04 1.306518166090319937e+04 1.653565569759094069e+04 3.346265611093138577e+05 3.912333340194401535e+04
3.522785698662706636e+03 3.663145560744915565e+04 6.349764355399432816e+02 4.237808326641038548e+03 1.871369203441979480e+05 1.658897721705825461e+04
3.599122583378539730e+03 2.401410117692061249e+04 2.753747828054792421e+02 5.557135930910103525e+03 1.960448445172052016e+05 1.700547514097181556e+04
1.247922874697760381e+04 1.454802200176403312e+04 6.245216192023592157e+03 2.184839740345262180e+04 3.730839308146717376e+05 3.838489570664666826e+04
1.079926672642484664e+04 1.008868070583748704e+04 7.446746868125533183e+03 1.469820879759194577e+04 3.940892379616854596e+05 3.686185549851501128e+04
3.373569820646354492e+04 1.624379493313179773e+04 1.396506650402157175e+04 5.233898455763742822e+04 5.802233650340525201e+05 6.951615622744557913e+04
3.886313482704228227e+04 2.033068218202071439e+05 1.331346634266805268e+04 4.185708625814513653e+04 8.119607729971336666e+05 8.933645023734444112e+04
2.591706194298893479e+03 1.771138541664448712e+04 1.132311156707606415e+03 1.821941248342352992e+03 1.550411142747032281e+05 1.261619214506989192e+04
4.508880956152233011e+03 2.753952591614882476e+04 4.506878657091366222e+03 4.111209998658238874e+03 1.773496898935819045e+05 1.709276965193367141e+04
8.591585689868750342e+04 3.217447168340106728e+05 4.381877971285582316e+04 7.543939793480648950e+04 9.297375572510784259e+05 1.314531694339030073e+05
1.581180792120660044e+04 2.077152582925862953e+04 1.362176657932273520e+04 2.635470815183790182e+04 3.312828949300105451e+05 4.109886314084233891e+04
6.012997343863575225e+03 6.794303126809875266e+02 3.548508341648890564e+03 8.559140196045647826e+03 2.161245977678090858e+05 1.997007539979907597e+04
2.632136304410226876e+04 8.637504856414975075e+04 1.030407980160790794e+04 3.096040274608003165e+04 4.293058455786505365e+05 5.158979423437463993e+04
5.075878450990249803e+03 2.496268665192499611e+04 3.247620901251281794e+03 7.788603119146126119e+03 1.364985464328476228e+05 1.533766721411921390e+04
3.971429432861008536e+04 2.441638733293847763e+05 2.658687677499058918e+04 1.670359124608795537e+04 4.717160652556197019e+05 6.282097695891377225e+04
1.320835764655579396e+03 2.334195975862414343e+03 1.788072420862519948e+03 1.921400639263666108e+03 1.439146533742324682e+05 1.143475441287764806e+04
7.966446379692807568e+03 6.253267342557242046e+02 4.380769733499550057e+03 1.229921856098979333e+04 3.003703832682286156e+05 2.768371307316917955e+04
2.061098947985475752e+04 5.671276734560422483e+04 1.509092001111850914e+04 1.757099559866866912e+04 3.597598754778477014e+05 4.145377475629602122e+04
3.449263340707682801e+03 3.142126292583963277e+03 3.662571345944423683e+03 4.295690889531414541e+03 1.824758439186487230e+05 1.595001735977508361e+04
1.465811318549278985e+04 8.251619733328120492e+04 4.128517361126946525e+03 1.520041491736761236e+04 3.215286945006940514e+05 3.436124293442015914e+04
6.370086018046591198e+04 1.084186089981219266e+05 4.009005631284462288e+04 6.824456842032817076e+04 6.248246216951967217e+05 9.553041658386742347e+04
5.325206062674402347e+04 1.306925920898717159e+05 4.281637899124025716e+04 3.952421664109246194e+04 5.291182779307470191e+05 7.838358861851967231e+04
6.181909107710331591e+04 1.718968311658026068e+05 4.569705009749170131e+04 5.174872808140124107e+04 6.460018878480129642e+05 9.505312267990826513e+04
2.515300891098526336e+03 1.328459150463186461e+03 1.299605791373253396e+03 8.201614646665664623e+03 2.023572315896562650e+05 1.794506163990887217e+04
2.549307850963243982e+04 2.546173161841876936e+04 1.690627345494220936e+04 2.662143977697510491e+04 3.779847382287801011e+05 4.600855636595569376e+04
1.590330998847543378e+04 4.435845695766559402e+03 7.560344090982926900e+03 2.197656551310820578e+04 3.271907018525725580e+05 3.542275441106754442e+04
6.988206020618931689e+03 5.192667871931320406e+03 5.050140068243324095e+03 1.042176850391324842e+04 1.936299201450554247e+05 2.016995191324545885e+04
4.084488787528185640e+03 1.081940287790553612e+03 2.203599702482583780e+03 6.124080775198372976e+03 1.787717889500810415e+05 1.579679007083559918e+04
3.500427878697514825e+04 6.498134721060771699e+04 3.017024632256508630e+04 2.374173162302744095e+04 5.019528898364898050e+05 6.071745625148939871e+04
5.051482573764944391e+03 1.278530180877384373e+04 2.499921019542519389e+03 1.014189830889096811e+04 3.092780107808218454e+05 2.709810357261488025e+04
1.229911217665146296e+03 1.814967505529957350e+02 6.813671606888962060e+02 6.673429634509775497e+03 2.297057232515718206e+05 1.877023396992807102e+04
1.705518192577457739e+04 5.457611120903161645e+04 1.583687448029918232e+04 8.919101799008180024e+03 2.627049360591572477e+05 3.122952016602824733e+04
1.039595879502230855e+04 8.989672722660393447e+02 7.340236144100197635e+03 2.206576824868468248e+04 5.334337644262708491e+05 4.906505257168922253e+04
8.129182054765257635e+04 3.805470441885237233e+05 4.898940114636541693e+04 5.792187776080507319e+04 5.821533909214623272e+05 1.052917073424864793e+05
2.324053537881222383e+03 1.932595548380369291e+04 6.098249123147938917e+02 1.637379987248815951e+03 9.861531349696127290e+04 8.592200393564182377e+03
3.193564558621288234e+04 1.249053670573764102e+05 1.521264708230229371e+04 2.946985990125485478e+04 4.263600990761492285e+05 5.473984383348080883e+04
1.068472560153725681e+04 8.453928707964967089e+02 4.025106866406934842e+03 2.176106846542467247e+04 3.698851024504204397e+05 3.649530405117317423e+04
3.525263632983760999e+03 8.168457893259424054e+03 2.183338102091835481e+03 4.607465611577170421e+03 1.829170326488647261e+05 1.573165817808336942e+04
2.256984577165364681e+04 6.454191094278710807e+04 5.185040801677254422e+03 3.374068481840400636e+04 4.519135722826673300e+05 5.108071083001677471e+04
1.566071389195918709e+04 8.073229593605050468e+04 1.468338596169488665e+04 5.182520469241392675e+03 3.144235550094579230e+05 3.381521785352088773e+04
8.391898244632511341e+04 3.442154288493788918e+05 5.783574077816439967e+04 5.674029872378017171e+04 6.820730152629143558e+05 1.134940977072817041e+05
5.840702220485080034e+03 2.587716263788855485e+03 2.064010181684016516e+03 1.113326197520961796e+04 3.246148244326230488e+05 2.788552094240656879e+04
3.141826032093978938e+04 1.079433508765401348e+05 1.928524378595498638e+04 2.744142989752564972e+04 5.368708940182668157e+05 6.217202287831834838e+04
9.227619927861191172e+03 9.973245729971438777e+03 5.086593797897208788e+03 1.988765850638220218e+04 5.221902978855137480e+05 4.680132704477613879e+04
4.181621691010274662e+04 1.205996289578163851e+05 4.019933092707874312e+04 1.931473096439183064e+04 5.306585319358785637e+05 6.772129927694065555e+04
7.279015913053424447e+04 2.452645867278496153e+05 6.213247601741219842e+04 4.634010903643075289e+04 4.528562378361437586e+05 9.033124491985642817e+04
4.406946040913572688e+03 5.076235112163608574e+04 1.231332367110650011e+03 7.553832911870059434e+03 2.729614708081628196e+05 2.481711579604330836e+04
2.634927281019344446e+04 1.496155794029869139e+05 4.592945915207177677e+03 3.529823572263460665e+04 7.142860487756798975e+05 7.338558996749918151e+04
5.836187856225192263e+03 4.375539223775585924e+03 3.227979950231495422e+03 8.239909486050244595e+03 2.350225603678011103e+05 2.114147239223699580e+04
1.466158664664003300e+04 1.800517304731735567e+04 9.950745647728115728e+03 1.382816205026287935e+04 2.820746417986411834e+05 3.040545913296024082e+04
2.478075741232259679e+04 2.294856688204492675e+05 1.247148929750151910e+04 9.100066707413079712e+03 3.347559527644204791e+05 4.335981778785603092e+04
9.024917330372201832e+03 7.951633820157380251e+04 4.161286214591874341e+03 4.536107550902956064e+03 2.639999052474413184e+05 2.553537268023678553e+04
1.206937656909572979e+05 4.089297444017362432e+05 8.458987660600821255e+04 8.685998514590936247e+04 1.210100377211528597e+06 1.773634746234234772e+05
9.015366988723360919e+03 1.854705554739619174e+03 4.011193478233020414e+03 1.854714676986595077e+04 4.612711665015603066e+05 4.123254524123568262e+04
9.595841605868858096e+03 9.869136341836305292e+03 8.890001355932758088e+03 8.017691726268423736e+03 3.353023961025064928e+05 3.049836034824032686e+04
7.631009968095098156e+04 1.609844315522262768e+05 4.156859209154762357e+04 8.275404424909804948e+04 7.829169063090296695e+05 1.159624926828690805e+05
1.714973690234306196e+04 2.774199021956375509e+04 8.865228393775438235e+03 2.179989136567167225e+04 3.834344780945274979e+05 4.084131433428151649e+04
1.241250672739103902e+04 3.516943011096702685e+04 9.135744999730728523e+03 1.173668539107353536e+04 3.434273492097267881e+05 3.408409999764498934e+04
4.628730985779439834e+03 1.243827750398362241e+03 5.388161644671476097e+03 3.698097100413920998e+03 1.982413297659933451e+05 1.739013874355566077e+04
3.354099614229304734e+03 1.567795609879821313e+04 4.671087728440879800e+02 9.270250820318760816e+03 2.252300057100949343e+05 2.031771518283963451e+04
1.396834190119147206e+04 4.272166470196792216e+04 1.108583048995204263e+04 8.229618108025319088e+03 2.779969370592499617e+05 2.931171506969593975e+04
1.020231790825641656e+04 3.148104307252787112e+04 7.641639123244717666e+03 8.759874773576026200e+03 3.065556336263734265e+05 2.943150055596341554e+04
1.366471281476917829e+04 3.314472064216918079e+04 7.344261910911475752e+03 1.289198046241161865e+04 2.692660511590332026e+05 2.874599952000974736e+04
3.059079528377862061e+03 3.921970569101055389e+03 2.632804612974941392e+03 6.231184266162935273e+03 2.421958700045603327e+05 2.043662364036297367e+04
6.916030933726212243e+04 4.184117576275128522e+05 4.221622313348991156e+04 3.985720372443994711e+04 8.143808621771415928e+05 1.116961079615595227e+05
7.567363762583338939e+03 1.809923259210608740e+04 4.192091266439022547e+03 7.433005049314402640e+03 2.845351040415152675e+05 2.520134815614787658e+04
2.941858927138682702e+04 7.570270976847628481e+04 1.397924361757035513e+04 3.070007741882191476e+04 3.438143660597850685e+05 4.677828402188684413e+04
4.486477673720540224e+03 4.624262885410110357e+03 2.055922805318610699e+03 8.390819625816367989e+03 1.826030179683472088e+05 1.719104334519957411e+04
2.245863357749903116e+03 4.496550771901810890e+02 7.165715571578158460e+02 5.462223466312767414e+03 1.582792040925261972e+05 1.344687049958135685e+04
6.762869179735581383e+03 4.342930527251110470e+04 4.772252811527439917e+03 4.020152667407678109e+03 2.098201035018513212e+05 2.013603850306324239e+04
8.755639113559412863e+02 3.360675127695946571e+02 3.802353857110896911e+02 3.450736137686294569e+03 1.808052049017773825e+05 1.390178963230191221e+04
2.032210008239795934e+04 1.498119274194148375e+03 1.149616917954847668e+04 3.007937477792203208e+04 5.465245306928034406e+05 5.539035468347249844e+04
5.027793320178539943e+03 8.833536211657282138e+02 2.305362999938435223e+03 8.947239091276773252e+03 2.977564847005525371e+05 2.511028180735012938e+04
8.881079280147301324e+04 2.811187249341075658e+05 6.583072445776748646e+04 6.355505102818353043e+04 7.221473848461511079e+05 1.195960035051110026e+05
1.542357958850932300e+04 2.999362473141722876e+04 1.041450952146955024e+04 1.712041296348444666e+04 3.644398842965880176e+05 3.822702675607518904e+04
1.977402561320797076e+03 1.843247609295953225e+03 1.058787363415857953e+03 5.116598271282007772e+03 1.576615169630309683e+05 1.346550684385384375e+04
1.078299471523202374e+04 9.866592934174794209e+03 8.719163639003012577e+03 1.513884508553721207e+04 3.599747158978951047e+05 3.530410780414073088e+04
2.420410360399264609e+05 1.192740151686748955e+06 1.510144967171437165e+05 1.588659262722198619e+05 1.603133997350930935e+06 3.037699221772728488e+05
1.210847045110021281e+04 1.373844212773579602e+04 5.647647846726442367e+03 2.143861752224783777e+04 5.024037415793896653e+05 4.659994308452301630e+04
2.344361465793320167e+04 1.697394484742736677e+04 2.518843956712395448e+04 1.384406838517700999e+04 4.550589264246175298e+05 4.856522619529397343e+04
4.326970510488823493e+03 1.793820846720975169e+04 4.095358320347140307e+03 2.205602226063785110e+03 1.632661358476182795e+05 1.463143512795122660e+04
4.731191026853440235e+03 3.914355198750446289e+04 3.246599381223371893e+03 3.702816287656010900e+03 2.120402018067975878e+05 1.927215648350124684e+04
1.605479155946674837e+04 1.186993281060385052e+05 5.443775235522113690e+03 1.388200095299957866e+04 4.708223419890398509e+05 4.616354413968723384e+04
9.612081819561746670e+03 2.315890668488561460e+03 6.559580379762396660e+03 1.284435030221544184e+04 2.965938703396969358e+05 2.869909379090553921e+04
6.071837299325917229e+03 1.438426470943390632e+04 6.190458981793047315e+03 5.523534428882148859e+03 2.096015568367867381e+05 1.997559678140832693e+04
1.122323301719248957e+04 4.779679248846475821e+04 9.596052083617403696e+03 4.995686478813719987e+03 2.047741345463012694e+05 2.253330405800342487e+04
1.164884320506401855e+04 1.708736422507189855e+04 6.696709638294045362e+03 2.915500577158056694e+04 4.063138884189860546e+05 4.424411561661449377e+04
2.369360949415847135e+05 7.618228766659979010e+05 1.573397288984181068e+05 1.948937240092887369e+05 1.466895433193448931e+06 2.923061548645130242e+05
2.346597835400700660e+03 1.233270675049499005e+03 1.835851287928930560e+03 6.512659648440368073e+03 2.027165690562930831e+05 1.743197094893965186e+04
3.284523634359811240e+03 2.457086826325180664e+04 1.838057685130928121e+03 5.261104213252566296e+03 1.622576612004369090e+05 1.530029571894332548e+04
1.897585411474807188e+04 1.637731657560553504e+04 1.319947700265534513e+04 2.322492165609147924e+04 4.935521249789773137e+05 5.019835402216616785e+04
1.080635048457241101e+04 8.511798224322856186e+03 3.994216719965616448e+03 1.857835362268317840e+04 3.307040381293542450e+05 3.278678591244082054e+04
1.400583970764439255e+04 4.685453509155890060e+04 9.801951048151586292e+03 1.632092360962547355e+04 3.445363998092597467e+05 3.709688766260944249e+04
7.821758810445719973e+03 3.045662864005773736e+04 1.804127846764064770e+03 1.287325900647099661e+04 3.387952945822341717e+05 3.089278915693776435e+04
2.487504421609349083e+04 2.900209991279310998e+04 9.224955226237068928e+03 4.072030983357754303e+04 5.965619771914918674e+05 6.394909804192407319e+04
5.462083090313478351e+03 3.680922482611282612e+04 1.013329357361120969e+03 6.941999396918012280e+03 2.006886454978133552e+05 1.889514833993512366e+04
1.513007276718878165e+04 6.056314369416677073e+04 1.001212931784577449e+04 1.512361044849063910e+04 4.072995927489138558e+05 4.154570481181368814e+04
1.391771317779000128e+04 9.096280661870389304e+04 7.476397714985610037e+03 1.244516108536920365e+04 4.057818915109683294e+05 4.064328837665788888e+04
1.530690535429373313e+03 1.367150401170783027e+02 1.355297375168655435e+03 2.187773327913761932e+03 1.102777368564101780e+05 8.997522204916183910e+03
7.697682283804759209e+03 4.577534595452562644e+04 5.403927547888937625e+03 1.240100982981508241e+04 3.795778767838232452e+05 3.573193125315501675e+04
2.336552607705771152e+04 4.598277625429796171e+04 1.640094011078640324e+04 2.530291075107293000e+04 5.190146242729040678e+05 5.569532538360852050e+04
2.948024161238634042e+04 7.476063899537424732e+04 2.467566782273538774e+04 2.093657554155215621e+04 3.000380142803689232e+05 4.398346990118463145e+04
2.646625209984993853e+04 6.552544705113849341e+04 1.071547146544386305e+04 3.134062665834449581e+04 4.501742366272031795e+05 5.231119937424176896e+04
6.846033515932936280e+04 1.907464755963823700e+05 3.899122766513183888e+04 7.151645190417335834e+04 9.766959782317160862e+05 1.242758612770366599e+05
3.867096386217958934e+04 1.784501239294202242e+05 2.622395808767506242e+04 2.225487901719446018e+04 4.497190370075910469e+05 6.044423247967646603e+04
4.309500720543136413e+04 5.075832595403948653e+04 1.604493770662875613e+04 5.854067580978182377e+04 6.525346530589906033e+05 7.978818824644075357e+04
2.783702022903456600e+04 1.373998759799508553e+05 1.764299163785757992e+04 1.602307027770061177e+04 3.554720967184794135e+05 4.555734047269153234e+04
9.860293944407644631e+02 3.453197374460759875e+03 4.399025357728582435e+02 4.579591836788596993e+03 1.754027483990100154e+05 1.422880469679869202e+04
3.156605214939410507e+04 3.229727285734829275e+04 1.824071794388737544e+04 4.239884775852791063e+04 4.652341246747596306e+05 5.992462559938398772e+04
9.119028115227208764e+04 3.298238526406066958e+05 7.042916756357795384e+04 5.724479836487801367e+04 6.213586264619255671e+05 1.143554562306423904e+05
8.506821234867989915e+03 8.283492360348400325e+03 3.662970185242673324e+03 1.102807286851648496e+04 2.787916961104968213e+05 2.572697990701615709e+04
1.336957706694157969e+04 7.830939532850064279e+04 5.980423399142429844e+03 1.286610652989823211e+04 3.301950327200492611e+05 3.447881139688214171e+04
1.008122454927508988e+04 3.561078207529895735e+04 1.316858043094615368e+03 1.802160891365835050e+04 3.975115153320454410e+05 3.721494867133760999e+04
2.942165077082326752e+04 2.042828776362813005e+04 1.320588237042157925e+04 4.357020065556660120e+04 5.322529620522245532e+05 6.220432851393813326e+04
2.459529386639664881e+04 3.988244161325955793e+04 1.623347152856866887e+04 3.145052024088377948e+04 4.089786695889752009e+05 5.070021202658271068e+04
8.120172938685006557e+03 2.648796319543593199e+03 4.514829347989502821e+03 1.265011061019169028e+04 2.057908269061105093e+05 2.163889466302749497e+04
3.424845147030887165e+04 6.658759178026334848e+04 1.501045697882211061e+04 4.322173846072032757e+04 6.788543823025452439e+05 7.496862548508396139e+04
1.468371215752522403e+04 2.131245858131027126e+04 5.724983059487950413e+03 1.938563144897562961e+04 3.381963163161533885e+05 3.503513181792939577e+04
4.600314586355447682e+04 3.150594191924268380e+05 2.364508768985150164e+04 2.272911649855485666e+04 5.306340508117983118e+05 7.174759872810501838e+04
3.943249508097013313e+04 1.081677577189048752e+05 2.222864539424261966e+04 3.960458018178011116e+04 8.434090352635619929e+05 8.956958702258490666e+04
2.034162915184878148e+04 1.579757882073800101e+04 4.435835657710840678e+03 4.333426758489611530e+04 6.962235279015080305e+05 6.911651159717772680e+04
2.908353906397285391e+04 1.098946291960557573e+04 1.547803322146781647e+04 4.495742155747784273e+04 7.276857564667705446e+05 7.648886943025831715e+04
2.483637972441377133e+04 5.298789395779612278e+03 5.750481597706089815e+03 4.257321006437305186e+04 5.227411356089835754e+05 5.715134815018378140e+04
7.635895068422128134e+03 2.635422971690861687e+03 8.638022276750709352e+03 7.305488630119951267e+03 3.600958423682147986e+05 3.137742066085572878e+04
2.340183065550097581e+03 3.462217849498265423e+03 2.685983820830014793e+03 6.481288830731248709e+03 1.950020122908901540e+05 1.737565726429579445e+04
7.292179785511802947e+03 5.436639817865754594e+03 7.184424213405937735e+03 6.010389048114013349e+03 2.272969459152203926e+05 2.137175616965139125e+04
2.699239827588953267e+04 1.524424966212799482e+05 1.608737902483416110e+04 1.561453957001473100e+04 3.803877041130391299e+05 4.712200946834671049e+04
2.391232589036156696e+03 4.559818562149889658e+03 9.106672370635438938e+02 3.758447708640528163e+03 1.685024253505380766e+05 1.365107013000235565e+04
5.051509954358396499e+04 1.525569701212238288e+05 2.130211731027586211e+04 5.221815523995857802e+04 8.110543224982175743e+05 9.489368183211417636e+04
9.822689598153020779e+04 2.624899418495447608e+05 5.911520849692103366e+04 9.422343964301947562e+04 9.716753735020132735e+05 1.464303364980787155e+05
7.144264830903851362e+03 9.667767214057008459e+03 3.304735590751429754e+03 2.313487068397776966e+04 4.012165038658241392e+05 3.934977076373812451e+04
3.273979313927314706e+03 1.180490810384213182e+04 3.526776349733098414e+03 8.379642430470183172e+03 2.983884660559695330e+05 2.596297390921525221e+04
5.870759480819093733e+04 2.628597514144348097e+05 3.290175232675219740e+04 4.398899678297696664e+04 5.756307520286483923e+05 8.579541747834901616e+04
3.986671497208555957e+04 6.478650676591505908e+04 1.908763466407378655e+04 5.602480761228906340e+04 8.229710919408004265e+05 9.211970050502530648e+04
1.087145535789969290e+05 2.583786596922948956e+05 1.124737158580645337e+05 5.404071462181975221e+04 1.240834991904753959e+06 1.691625853081754176e+05
6.968861431005982922e+03 1.778048746655565992e+04 6.291765213506947475e+03 6.277378884765788825e+03 2.544973544905238959e+05 2.354783503944007316e+04
1.368699371142711425e+04 5.460598511095970025e+04 1.356122717157070110e+04 3.897318803794051746e+03 2.107844664912312583e+05 2.448708359448781994e+04
8.908045575044414727e+04 2.583862371001872816e+05 5.825366343121393584e+04 7.834877722825159435e+04 1.016060253697929438e+06 1.416629660458036815e+05
3.891013739192098001e+04 3.531873511840438732e+04 2.027729472611122401e+04 4.996956563423982880e+04 5.916518158739447827e+05 7.287819699935494282e+04
1.383601999269797852e+04 1.489123840187373025e+04 2.749956098784617552e+03 2.527014693944894316e+04 4.886540742535536410e+05 4.621558082757179363e+04
3.549413244127877260e+04 2.714695851509661297e+05 1.330146541060398522e+04 2.799853044505350044e+04 5.091202039613765664e+05 6.606787643813043542e+04
9.368456513447024918e+03 2.141593412479332255e+04 9.993845928549444579e+03 3.856725770045995887e+03 1.875359226920623914e+05 1.972522063138485828e+04
2.186722273147460146e+04 2.540933295661547527e+04 1.524856984281603582e+04 2.442646531502619109e+04 5.198380520295669558e+05 5.383981721867816668e+04
1.579307393219743244e+04 7.364460334577013782e+03 9.109589275012413054e+03 1.938983119152081417e+04 3.841772634989114013e+05 3.889870866339224449e+04
2.784707997353044630e+04 4.674483823739110085e+04 1.597098189532614015e+04 3.019006341228859310e+04 5.483457078373027034e+05 5.973036447075570322e+04
1.759105820101474455e+04 1.638829972958854632e+05 7.477626396541183567e+03 1.982676204586971653e+04 4.574318724873554311e+05 5.106311589583394380e+04
1.486516723266130430e+04 1.126251414404536081e+04 7.600142642277257437e+03 1.874262146569485049e+04 2.898247272925887955e+05 3.180208288142471793e+04
2.967392814860965518e+04 1.195764764492897666e+05 1.643105311285188873e+04 2.322131268183441352e+04 2.939450543221629341e+05 4.326977774056367343e+04
9.896692824736728653e+03 2.814052605089445206e+04 6.335924862601927089e+03 2.510892325188132236e+04 5.056074085482130176e+05 4.948427715156452177e+04
5.113414119334728457e+04 1.018945044016907195e+05 2.307882497871587839e+04 6.277880695537217252e+04 6.323158302910201019e+05 8.590669979346872424e+04
3.777829751379960362e+04 1.240337919849093014e+05 2.702960557268699267e+04 2.712605982300077449e+04 4.773116756393052056e+05 6.215799162488998991e+04
8.187085592765725778e+03 6.339230625507059449e+04 5.959089159725267564e+02 1.046522033763432046e+04 2.918851174602489336e+05 2.775730092970982514e+04
6.076155536791932718e+03 3.506915843187059363e+04 2.327118296614386509e+03 9.451760365012376496e+03 2.922469099998432794e+05 2.666846240771546218e+04
5.037014347265139804e+04 2.490398360352286181e+04 3.086614765783611801e+04 5.911992069769561931e+04 8.468128900634945603e+05 9.822732296171152848e+04
3.868084428707651114e+03 3.520232931945104792e+04 2.189922655668390689e+03 2.996970347805911842e+03 1.764276136465730669e+05 1.590719924498353248e+04
6.710886003789094502e+03 1.815179713427510069e+04 4.878986367070945562e+03 5.868033431194678997e+03 1.541642496810037119e+05 1.602371418220304986e+04
4.361488198959334113e+03 1.600364582764537954e+04 2.641599852025918608e+03 4.986951677901161020e+03 1.696626047212431440e+05 1.559693975602248065e+04
3.513135332624027797e+04 1.872768188404050306e+04 2.523159004173310313e+04 4.111288114280446462e+04 6.137931093807136640e+05 7.167749422930591390e+04
1.264371576265804324e+05 6.146589677501592087e+05 7.131208134887038614e+04 9.710998239526999532e+04 1.633877221842890372e+06 2.149553762166042579e+05
6.323641116157432407e+03 1.147494819160519000e+04 2.922385300235899649e+03 1.095425432551344420e+04 3.026024821301806369e+05 2.713373657330581045e+04
4.677552796219116317e+03 8.191023553522041993e+02 2.539898860175695063e+03 6.973991966618961669e+03 1.950501403878095443e+05 1.740795157802513495e+04
5.908383355183512322e+04 2.294165280980533571e+05 3.571531265263595560e+04 4.478445619319372054e+04 6.588593793655586196e+05 9.131141697633518197e+04
4.333909437531479489e+04 1.266738601289524668e+05 3.468006054638548085e+04 3.083424835092212379e+04 3.476392068182125804e+05 5.854166149754631624e+04
3.363851862555849493e+03 9.472771202941150932e+02 3.559638629705374569e+03 4.708720750248941840e+03 2.113903653782043257e+05 1.792860534863010980e+04
9.769879719371498140e+03 8.168780453839483380e+04 4.649147836960673885e+03 1.070945782611318100e+04 3.818294372716054204e+05 3.656976268399147375e+04
