-3.078883891435494391e+01 2.365675216203142668e+02 -7.793773976360690581e-02 -9.552831627776035361e+01 4.687284703105338508e+02 -1.244837929360972767e-13
-8.346395780134251652e+00 2.514640159819393972e+01 1.768818089754534029e+01 -5.363969399141706873e+01 2.287531315441041784e+02 -9.020935577470141751e-14
-2.003002641798402905e+01 9.423874153253991892e+01 1.497643539996927409e+01 -8.814950469755137874e+01 4.273215715110632686e+02 -1.214654939536731928e-13
-4.096278172133807516e+01 2.926614076309972461e+02 -9.022093231106067535e+00 -1.134208419116495463e+02 6.050855952215556499e+02 -1.439907709672863741e-13
-5.950490015886804684e+01 2.042495767566213942e+02 2.854137000699862980e+01 -1.474400345647600830e+02 6.580711058269502018e+02 -1.480129479113007744e-13
-6.001472056621467210e+00 -3.034031588569729720e+01 3.357191670812629525e+01 -7.189870529828030499e+01 2.905171430392884417e+02 -1.024865393079266783e-13
-3.493492962225469256e+01 9.416064944720865526e+00 8.489365020746575397e+01 -1.957992662165276556e+02 7.653186390611845127e+02 -1.361106833210417478e-13
-1.148789224208092747e+02 7.469909177094128836e+02 -1.577727721461320343e+01 -2.459654797378762225e+02 1.205297591007597248e+03 -2.230943775018931492e-13
-3.428238533478285177e+01 3.046818635254153946e+02 -1.369363201495892213e+01 -9.948152739788564247e+01 5.324717880285370484e+02 -1.496398758006041386e-13
-1.580403922882737966e+01 1.223503251040078652e+02 9.916490741768733130e+00 -8.700274133640249374e+01 4.313653637600151569e+02 -1.263997154858125832e-13
-3.646870922718957786e+01 1.787177327119376287e+02 2.570195715007537629e+01 -1.255536524007073780e+02 5.479079947071797960e+02 -1.376579936082582239e-13
-1.158954387933746801e+02 4.608975929951083117e+02 3.293555850425530451e+01 -2.460578890668258794e+02 1.104137405125173245e+03 -2.054033327701618666e-13
-3.127355550281836472e+01 1.364035248915744489e+02 2.380448242862328101e+01 -1.228699231919545696e+02 5.731504894402430637e+02 -1.252897115250747013e-13
-3.766250573571441151e+01 2.387138520249222893e+02 -5.804273893757116554e+00 -8.199835221000901697e+01 4.128899782075945950e+02 -1.225263073715100156e-13
-3.811509058214144829e+01 3.512549100329477625e+01 7.064106219057023850e+01 -1.804586805020467750e+02 7.346229275432503982e+02 -1.426155935439982850e-13
-8.581459638795276135e+01 7.124157722298754152e+02 -5.483971345154292720e+01 -1.736724263943063136e+02 9.950672210905667043e+02 -2.128090627795927450e-13
-2.583540181404248059e+01 -2.780052758602373046e+02 1.161623449623254061e+02 -1.708771790715480279e+02 6.087679854128314219e+02 -1.205300478011780812e-13
-6.137565075691676242e+01 1.281804538546185768e+02 6.379017875632766277e+01 -1.923636929932230260e+02 7.901236413867120518e+02 -1.491533714778899732e-13
-1.000368613446066917e+02 7.768940564617836344e+02 -5.264973129396534546e+01 -1.792093151707567245e+02 9.708291455036705884e+02 -2.097313110913611277e-13
-9.964431268568228006e+01 5.417407895944793381e+02 -9.686422967411656870e+00 -1.794340658520000602e+02 8.699406534325590883e+02 -1.722977844447619776e-13
-7.586916297667258391e+01 6.301227124296718785e+02 -3.300791938964884054e+01 -1.692324911374484770e+02 8.858214460392465526e+02 -1.990404885082737755e-13
-2.876270359479531535e+01 2.269213339513560754e+02 -1.428564737749829483e+01 -6.264033437581284147e+01 3.457800275442622251e+02 -1.190158288809490696e-13
-5.123637758990517455e+01 2.935569213078931625e+02 -1.509855356202469467e+00 -1.083698978631066154e+02 5.223216481701628027e+02 -1.275827181814451021e-13
-2.183406462105704193e+01 -3.821585311572405175e+01 6.181218845959732278e+01 -1.405916892411001413e+02 5.771306194493350858e+02 -1.199292081057236344e-13
-4.798236620628141935e+01 4.533860246907664191e+02 -2.754010439572112290e+01 -1.177791366576770145e+02 6.348542468044728366e+02 -1.661675483915372642e-13
-5.575255427376464290e+00 -2.195861440981453416e+00 1.726018753713001885e+01 -7.870522520537164723e+01 4.201220998511382163e+02 -1.222886080542662846e-13
-6.205136005894933504e+01 1.895205251182558754e+02 4.171673049494070540e+01 -1.763564986807919297e+02 7.788646886781236844e+02 -1.476256909710770499e-13
-3.473527718589134139e+01 1.794380307040708828e+02 4.694185440058564751e+00 -8.787512213469037192e+01 4.287113815637972039e+02 -1.095444363724820474e-13
-5.362168525240656436e+01 4.700930414586034090e+02 -2.533734970272308118e+01 -1.244335412695405836e+02 6.531848679378157385e+02 -1.531119591276514753e-13
-3.349839517062820704e+01 3.696802665787851083e+02 -2.285740597148648590e+01 -9.407682385520811863e+01 5.070605375923007045e+02 -1.294269992294345535e-13
-7.797661014715874472e+00 1.452634304786791404e+02 -4.580616824835230361e+00 -6.063972231046792416e+01 3.301902513609352354e+02 -1.055744215440626155e-13
-2.797129733487224357e+01 5.138108982374224354e+01 3.712639014074341759e+01 -1.115731831731768722e+02 4.743564012608920848e+02 -1.268052034974476124e-13
-4.296025382939788528e+01 4.390320224928813673e+02 -3.563782866943158467e+01 -1.030918913234612830e+02 5.985708734226908518e+02 -1.501024342788606034e-13
-6.672735485197814853e+01 4.533920114872468048e+02 -1.994116542931778113e+01 -1.329546166922700365e+02 6.881703518746147665e+02 -1.560080145040187321e-13
-9.951350809012039278e+00 1.339232993714350926e+02 -1.129181074453151723e+01 -6.011998090178110488e+01 3.780509939990812427e+02 -1.195670606376154828e-13
-1.696424414147736215e+01 5.798413675703069003e+01 3.645679432314354784e+01 -1.006211586696794598e+02 4.001612003043553614e+02 -1.201004843252472017e-13
-2.942130236425771628e+01 8.749092826949105017e+01 1.914072648127555354e+01 -8.305049483008092182e+01 3.713143269410339826e+02 -9.313684636075713079e-14
-5.224716242819665268e+01 5.069270539727929048e+01 5.902061322449486624e+01 -1.594493266670038736e+02 6.564061916110066477e+02 -1.354142734714624625e-13
-1.631573782650587390e+01 6.993737037146038915e+01 9.257932450238152811e+00 -7.602523665887956383e+01 4.003365821314913546e+02 -1.095939817081160180e-13
-2.123129247112790097e+01 -1.013455353845499332e+02 5.747571077424209562e+01 -1.087900580780218291e+02 4.375573761908983101e+02 -9.064266937493569113e-14
-1.552734204871456569e+01 -1.911501559839917661e+02 8.400520542261314461e+01 -1.450625625843413502e+02 5.774359504069070681e+02 -1.084333374066981204e-13
-2.165902047785876050e+01 7.284474604523873609e+01 2.567534214620393485e+01 -1.054614054176417426e+02 4.908727012576366064e+02 -1.204518196422859685e-13
-7.330000222590565784e+01 4.555217558864669627e+02 -2.558341809694243096e+01 -1.164051559927671775e+02 6.115051871416314953e+02 -1.409109710321983088e-13
-6.783663918658446335e+01 4.562798372380872252e+02 -1.925645476110973320e+01 -1.303730854151975223e+02 6.643022184871758782e+02 -1.535226573176810328e-13
-6.909429753847105360e+01 2.331555194085700009e+02 4.744746500073045326e+01 -1.920208201204454497e+02 8.153503252630587212e+02 -1.441650945123680285e-13
-2.961130468321873366e+01 2.553806130059736006e+02 -1.230602918590789230e+01 -8.768307371648009507e+01 4.805206243262402950e+02 -1.379581204605429136e-13
-4.869291104656909397e+01 3.610228812179913689e+02 -2.623465847895477765e+01 -8.119416754622321264e+01 4.484644931142898940e+02 -1.360058744260699760e-13
-2.496288362733617205e+01 2.064520986931518962e+02 -7.056366811664584127e+00 -7.445397437168966803e+01 3.939241406336498130e+02 -1.216392999861584315e-13
-3.953551041556142565e+01 4.428174078393365676e+02 -3.253850450312544496e+01 -9.964170489368700601e+01 5.527267062141820588e+02 -1.419643383281218058e-13
-4.608845434888206682e+01 8.364722922244968117e+01 5.925777661443177635e+01 -1.676158298089976313e+02 6.855499526153859051e+02 -1.279641303368997160e-13
-3.151351399263016617e+01 2.968878643918637863e+02 -3.083883082357941063e+01 -6.482298517131239635e+01 4.150847455341350951e+02 -1.239595909642645637e-13
-2.106044331461657393e+01 6.396142245165533069e+01 2.119211210868069628e+01 -9.501062536521372692e+01 4.558807611958950474e+02 -1.086035150275777985e-13
-8.772943855746954966e+01 4.194468171319793441e+02 3.169512784590100196e+01 -2.243436265905523896e+02 9.965921052653187644e+02 -1.733786228700973949e-13
-1.837563581253386857e+01 2.013042049119568162e+02 -1.216507310711016210e+01 -6.216688104448924435e+01 3.478480366623642226e+02 -1.082448387769601381e-13
-7.784713048012329217e+00 5.603849828162356772e+01 1.951395501345624339e+01 -8.331281630914789105e+01 3.938202134807768857e+02 -1.031451725988275499e-13
-2.217784897378906450e+01 1.967103992070750280e+02 -1.593565005948526903e+01 -5.173827496245103674e+01 3.052824851661334833e+02 -1.059263169609786325e-13
-7.516380104578207266e+00 1.096626142149411152e+02 6.733214603705492074e+00 -7.102209820577128596e+01 3.536628816576750864e+02 -1.140082966786538709e-13
-2.251279921303559561e+01 -1.775702257944286657e+02 8.667867224845832652e+01 -1.339314234258148133e+02 4.754782194277740359e+02 -9.608909888830896027e-14
-1.016031958218742943e+02 6.105103413288213687e+02 -2.914534363169722297e+01 -1.926723752525655584e+02 1.033076211959502871e+03 -1.840211258127475636e-13
-2.013169608626872531e+01 1.301656658613993898e+02 2.159601007441064269e+01 -9.572937698657625560e+01 4.094285260044749180e+02 -1.123589427905639375e-13
-6.881992568269895116e+01 3.173283930199688143e+02 1.564904681561711364e+01 -1.702281233391072135e+02 8.107312498384951596e+02 -1.660603005241514192e-13
-4.991388658848401860e+01 3.404130761751216028e+02 -1.534088755752842559e+01 -1.262337166243180349e+02 6.966017863738552478e+02 -1.424369973093994775e-13
-1.734751277882731912e+01 1.514746255812995059e+02 -8.596672696227955157e+00 -5.144455596144420895e+01 2.895429280440840216e+02 -1.070438935656045635e-13
-3.740473762973087202e-01 2.346209993691024565e+01 1.161155442031060758e+01 -5.440142132204644554e+01 2.740598027856920567e+02 -9.934869879642879034e-14
-3.438505893376792955e+01 3.910469522783906768e+02 -3.257026717484992417e+01 -8.546465439386695095e+01 4.956976178393921941e+02 -1.297245379111147175e-13
-1.340682083809115888e+01 1.681463577195872006e+02 -1.408962689020703252e+01 -6.336951426532961307e+01 3.926571081731001982e+02 -1.233145729144465682e-13
1.372211157910121271e+00 9.086159205648067427e+01 5.723795869168810668e+00 -6.246973978117333104e+01 3.164641969748299175e+02 -1.038227521999732130e-13
-3.271144173224889329e+01 -1.945230690010592696e+02 9.636569158137012892e+01 -1.570462488831178405e+02 5.812610138353306866e+02 -1.093809136875238867e-13
-7.137222610781072341e+00 -2.173434635950372353e+02 6.364332876438636788e+01 -9.484559179412562457e+01 3.896001309674516051e+02 -8.907228917901050396e-14
-3.242000128861062080e+01 2.168880264357810290e+02 3.266223305285947953e-01 -1.087807822403252942e+02 5.697063495020057644e+02 -1.298866945614694818e-13
-1.322084349553611737e+01 2.345669079052293284e+02 -1.063267565341223886e+01 -7.745899017780332940e+01 4.163687872836635506e+02 -1.269770821395326950e-13
-1.663804684222418828e+01 9.283591130300520433e+01 3.471781232047939536e+00 -5.413262399367195599e+01 2.733956769250775665e+02 -9.415162354035989989e-14
-3.581889750584309251e+00 -1.212524828518247091e+02 4.222856259221656217e+01 -6.609178614678609165e+01 2.628639479648807082e+02 -8.612036551959509389e-14
-3.930373851374498173e+01 1.041611043780389565e+02 1.984682503399729470e+01 -9.991770567183024809e+01 4.679248187033927593e+02 -1.042598027288937690e-13
-3.728496270579793759e+01 3.045524138991926861e+02 -3.833548842473998075e+00 -1.140964873152522614e+02 5.676268723027883425e+02 -1.320065943616231334e-13
-5.841491286618654577e+00 -4.468070341006908563e+01 3.912294060235309701e+01 -7.949952467807267453e+01 3.165870320845106107e+02 -9.761035724001992236e-14
-6.719563483405729620e+00 5.733154279812068665e+01 1.674516567423452074e+01 -6.805914512379121106e+01 3.080652120346033485e+02 -1.163804543535818581e-13
-3.274796379040628125e+01 5.479223048669147289e+01 3.810815479117918869e+01 -1.393867362543428783e+02 6.525444214740796269e+02 -1.268231279689068655e-13
8.376881074813736561e+00 4.256844130937428616e+01 1.548808043982018434e-01 -6.659251256478970049e+01 4.153955283475951319e+02 -1.206921785029337266e-13
-3.061663385280647631e+01 2.798399102772977471e+02 7.283252167609611583e+00 -1.269732623573002286e+02 6.011233134064491423e+02 -1.399971909598681757e-13
-1.459746576240273264e+01 -7.835865277394897532e+01 4.290102785582119793e+01 -8.103268725388200266e+01 3.274510263583287042e+02 -8.948983637360675584e-14
-1.447688264827086435e+01 1.402505464411857794e+01 3.019110121923594292e+01 -7.693307300213832889e+01 3.133991816548671068e+02 -1.037711750456100623e-13
-5.724612110514478758e+01 3.255412435442836454e+02 -1.533848649037128808e+01 -1.048082641841990323e+02 5.634826994932755042e+02 -1.292080877984520241e-13
-1.100227503882131153e+01 1.222021479923657239e+02 2.125017620878325797e+00 -6.350632034960789696e+01 3.234464858691713403e+02 -9.916905626761718855e-14
-3.628970933089005513e+01 1.629047853727928441e+02 1.015565655856987171e+01 -1.065013519842762548e+02 5.310915729655765745e+02 -1.177950141319787412e-13
-4.059752197105980542e+01 1.577924301986251976e+02 2.105942686469964542e+01 -1.130291751131334621e+02 5.088529904369628412e+02 -1.277911264014551925e-13
-1.854174172817540622e+01 7.650474618411672623e+01 2.704133357713622487e+01 -9.346726010744647795e+01 3.987894541423310670e+02 -1.031623466388258274e-13
-1.136991618865401534e+02 5.655327644838633887e+02 1.282766456251450649e+01 -2.362077502382786633e+02 1.089829171806615250e+03 -1.919867526046324771e-13
-8.307803121928742485e+01 6.617015240428698917e+02 -5.826649618516411522e+01 -1.339212677367774802e+02 7.870871192295384162e+02 -1.661789473013373419e-13
-4.990313256452315471e+01 5.165065803751531348e+02 -3.023346704969737075e+01 -1.391150197057748699e+02 7.491295320957842705e+02 -1.721935303007500061e-13
-8.751026577591925815e+00 -2.989386338133997967e+01 4.336761913678196123e+01 -1.022485734344191286e+02 4.314464396804165744e+02 -1.096039082741089300e-13
-5.190004708724335813e+01 2.050199587574911675e+02 1.574672132004456593e+01 -1.228860248094216558e+02 5.744331698493826934e+02 -1.320745175113927512e-13
-3.386591679344825678e+01 1.112695712164458115e+02 3.646212749207273873e+01 -1.276590292677505545e+02 5.427081527019802252e+02 -1.130614399730255823e-13
-4.810431909708106701e+01 4.191614776785815479e+02 -1.858362799266457799e+01 -1.149554546345493407e+02 5.836396914333554378e+02 -1.439131282581449816e-13
-1.234037855005121465e+01 -1.270531153028835121e+02 7.760210455329333001e+01 -1.321631537052416547e+02 4.846071729406413056e+02 -1.082071239236595706e-13
-4.484505525578421725e+01 1.535525090807891502e+02 2.701256760488053743e+01 -1.550122197655871901e+02 7.560666990490122998e+02 -1.336005054576734035e-13
-8.655613713770617323e+01 1.599325450174932257e+02 6.680870726422135419e+01 -2.251903496690382269e+02 9.681145690075155699e+02 -1.399055365098914442e-13
-1.197579259946364516e+01 7.259183717851921358e+01 1.724747885647064649e+01 -9.149201035206802146e+01 4.511594789421061478e+02 -1.209061379145402751e-13
-2.345688935922335716e+01 -1.788944264836073614e+02 1.030329154342886397e+02 -1.742883599589867174e+02 6.429515687479336066e+02 -1.144847586911998212e-13
-1.487816602301905533e+01 1.340254508669087556e+02 -3.354131722796116932e+00 -6.140835247922495910e+01 3.357627995316059923e+02 -1.151631093706537562e-13
-6.553074730310202156e-01 -5.767049643139574755e+01 3.006722333095607880e+01 -7.724192442179018769e+01 3.690042887892448675e+02 -1.087606628584059007e-13
2.786600549287108208e+00 -2.053428220611257871e+02 8.520788186927507013e+01 -1.199258192702058068e+02 4.111735576880633971e+02 -9.173769171674350765e-14
-3.118555433839431146e+01 -2.317706949954000777e+02 1.323470651907788636e+02 -2.090976056026162837e+02 7.279829269570094539e+02 -1.189585872460337137e-13
-1.538941711446595129e+01 1.357616110044994855e+02 -9.843064995185979882e+00 -7.985809794611708412e+01 5.001120378583941601e+02 -1.297369245037774126e-13
-3.358754236592118048e+01 2.706703763193937675e+02 -1.531223729389398969e+01 -8.189216617027145162e+01 4.496099887780229096e+02 -1.358288664754517208e-13
-2.997057492985867455e+01 1.112235415438821917e+01 2.800707847314621901e+01 -1.072668123259847306e+02 5.334647680605594360e+02 -1.116652612567872569e-13
-9.844051226124015841e+01 5.427243875219909341e+02 -1.744232236362121569e+01 -1.685562219826049670e+02 8.457955146688009336e+02 -1.715486694833366338e-13
-3.387907498412973695e+01 4.139707504414160155e+01 4.046196771359431210e+01 -1.109483555380165143e+02 4.561207053243992391e+02 -1.137022393756456597e-13
-5.164968619008246264e+01 4.185133449789595943e+02 -1.590605116942338704e+01 -1.280167058913344817e+02 6.547653879790433393e+02 -1.521896572500908544e-13
-1.943652194504804953e+01 1.789039400076213226e+01 3.486123797672421887e+01 -9.049537471308421743e+01 3.718027391967517588e+02 -1.095624656777867466e-13
-1.346059016364443437e+02 4.419263655977185863e+02 7.089122400401254254e+01 -3.200102682956570561e+02 1.372002299898380215e+03 -2.010306933642047842e-13
-5.722285474789315884e+01 -4.984654282253973179e+01 8.678740075448634173e+01 -1.901581599260925088e+02 7.588459936751440864e+02 -1.178473862628887436e-13
-5.533864072250991484e+01 1.164464050957634100e+02 5.245320573863607194e+01 -1.754094071665446393e+02 7.574331904351456615e+02 -1.425973822861161118e-13
-4.557805277449462977e+01 2.627285336892830401e+02 5.150985079176775727e+00 -1.185656302560365134e+02 5.708514596004532677e+02 -1.332748685230707488e-13
-1.122085931313926288e+01 1.364020212463879034e+02 5.157040749955656977e+00 -7.033894498786359861e+01 3.395043650624686506e+02 -1.038895171067074269e-13
-5.669653192210451387e+00 2.701509102039491239e+01 9.916320491862771647e+00 -5.000415806544494046e+01 2.527490282304943037e+02 -1.095400293748978470e-13
-3.017393978885709416e+01 1.366089024778428325e+02 1.638821125891686847e+01 -1.167645136552255565e+02 5.794858820561443054e+02 -1.303295884379633663e-13
-3.120885559556539590e+01 1.814114987659226585e+02 1.453348522359120842e+01 -1.052739751030662063e+02 4.811689027778077161e+02 -1.126886563679343436e-13
-1.382203458525123096e+01 4.576928157385658835e+01 1.057833635697374675e+01 -6.878735527433744323e+01 3.609902895802915168e+02 -1.089764667390916190e-13
-3.219675004917169048e+01 1.083513218142888093e+02 2.054645447580633899e+01 -9.375493872586881139e+01 4.189266011722077678e+02 -1.153991011539110763e-13
-3.095016117953478840e+01 2.512411283954696728e+02 7.213041400533468206e+00 -1.208169211489266388e+02 5.812199382566982422e+02 -1.325584659618529117e-13
-3.417150294228211749e+01 1.442982246043630710e+02 9.184999074038749711e+00 -9.675846132283537315e+01 4.854975214277171744e+02 -1.424058385332579314e-13
-2.258347778919818083e+01 3.137667013346036526e+01 3.244469902354003210e+01 -9.666393184771082758e+01 4.188423026407343173e+02 -1.234638555728090991e-13
-7.364614239478708413e-01 -1.292705613529123241e+02 8.218378770285431756e+01 -1.455172202094516081e+02 5.466518112500066309e+02 -1.248409949023509400e-13
-2.071292360938367949e+01 3.143262575905997664e+02 -2.539107404892460096e+01 -9.915619167636451436e+01 5.981628257249393528e+02 -1.425867932729930704e-13
-5.978583660641687203e+01 2.335220539423146704e+02 1.642869962111560866e+01 -1.280494013958555684e+02 5.838110156360203291e+02 -1.284601677693433670e-13
-5.049539994419671274e+01 3.337597574026216307e+02 1.970163240887139366e+01 -1.754705280516886887e+02 8.079157369080371609e+02 -1.634783954698693281e-13
-1.471347236553857556e+02 1.039354071529507337e+03 -6.476851120358247726e+01 -2.450303164055059142e+02 1.297964611766191183e+03 -2.463956767814967422e-13
-5.219748427594890927e+01 1.976795090824235217e+02 -3.761839621483756613e+00 -9.359249588619577764e+01 5.079287274045530580e+02 -1.286333562667475518e-13
-1.860348454328411449e+01 1.449504318700909948e+02 1.058366615890981777e+01 -8.946587969647023897e+01 4.270256205920623529e+02 -1.293302271846623223e-13
-2.448200492906711645e+01 8.965217838985843457e+01 2.811654927214074107e+01 -1.057811133683851921e+02 4.650132375348885603e+02 -1.192397026169713406e-13
-3.828676829787414704e+01 1.552271412794650871e+02 2.453197974720491104e+01 -1.285746674447003102e+02 5.929950664125523190e+02 -1.309352597421492042e-13
-4.605046692499067973e+01 9.528070266522851739e+01 4.130271054346004433e+01 -1.830729627513593130e+02 8.959896754746247325e+02 -1.421786836615282004e-13
-1.250625531675139257e+01 2.334376385583270803e+02 -1.708494565779687946e+01 -5.941311400845026469e+01 3.372320253828846717e+02 -1.154990750900492006e-13
-4.630078307345350908e+01 2.075711367034021748e+02 1.606824228544195421e+01 -1.480370831820791580e+02 7.395855564401240372e+02 -1.415656598630115098e-13
-3.628975989906199828e+01 8.146848526373062782e+01 3.761176628550744283e+01 -1.145990825210819537e+02 4.694580997365281974e+02 -1.252967613934864726e-13
-2.111644693275355777e+01 -8.882406966144164073e+01 4.033011963299745872e+01 -8.505484651516911754e+01 3.786671957017286445e+02 -1.054113867126586382e-13
-6.053101845887726284e+01 2.939121266468054046e+02 1.504351893773972826e+01 -1.651468604903392645e+02 7.976746438589085528e+02 -1.744992153734498422e-13
-1.031332608927083072e+01 -8.133274037434238934e+00 3.229550249644871940e+01 -8.426315623504933683e+01 3.654896444969516551e+02 -1.004977517952213664e-13
-4.363007647536571909e+01 1.937276127099145810e+02 1.252709960887329466e+01 -1.189110863566839953e+02 5.766511794061074170e+02 -1.336214402449950126e-13
-4.373679444377626169e+01 3.335809429563453250e+02 -9.515128164682735701e-01 -1.197200080714406880e+02 5.656102731648505824e+02 -1.496052474792211197e-13
-4.694169612521660184e+01 2.337543299407932693e+02 7.654791331662474718e+00 -1.108788214551497617e+02 5.244373762813814892e+02 -1.157436662017385456e-13
-3.133486259194422985e+01 4.072755862873209054e+01 5.104967157326316851e+01 -1.285512929441601386e+02 5.070975676501699922e+02 -1.233167958419940838e-13
-6.036516289823136816e+01 1.071182034997443111e+02 4.971346812109194246e+01 -1.518305623257535046e+02 6.233344913536803915e+02 -1.176148701216432451e-13
-2.016615452171820166e+01 1.247052769302255371e+02 1.658408143321517869e+01 -1.093162725489867597e+02 5.369118210710279300e+02 -1.231283334841694692e-13
-3.689672805452189408e+01 1.846271947742998805e+02 2.098220941088402469e+01 -1.141390565840845142e+02 4.970716206157731563e+02 -1.295407771938684886e-13
-4.236763425956917928e+01 1.933843802497252398e+02 2.948586327937291429e+01 -1.410980249797451904e+02 6.173722653966661937e+02 -1.417388602444574307e-13
-5.734697285913675557e+00 1.001277615821182110e+02 -2.229933059593466638e+01 -2.723813739282067203e+01 2.523956832428039547e+02 -1.073775062230141334e-13
-4.312698547803128690e+01 7.701212089093256452e+01 5.476194401178066329e+01 -1.633976010584989638e+02 6.908863399571874879e+02 -1.297129261647616405e-13
-1.655309731763962944e+01 1.342274203163011066e+02 -8.508519682903122217e+00 -5.868665694494475815e+01 3.503522558067313071e+02 -9.840859742813205524e-14
-1.277981810549088237e+01 3.384320414769425156e+01 1.593547222505937988e+01 -5.628696778741544193e+01 2.513874122532044169e+02 -1.065715814515582383e-13
2.229069383513861524e+00 -2.167028526654486882e+02 5.674709934163464453e+01 -8.953379937578580439e+01 3.976177621910484277e+02 -9.041205408881808837e-14
-4.777617365778547054e+01 1.793541679874756483e+02 5.286945973653256026e+00 -1.152713354815111444e+02 6.091575804594280044e+02 -1.269686479085062252e-13
-3.406898449634218906e+01 8.682804637138995929e+01 1.675454283235595199e+01 -9.961275991621462822e+01 4.984430614472125853e+02 -1.211760574090182870e-13
-3.961541937673995051e+01 2.964273765780857843e+02 -1.524788196887193514e+01 -8.081161648187202218e+01 4.229877929650422175e+02 -1.284854079969337767e-13
-3.410253259035415141e+01 3.473016753196772015e+02 -2.382279113831870276e+01 -8.700946617018843199e+01 4.821946672345063689e+02 -1.326666186490817147e-13
-3.296922319454991879e+01 2.182811957074157760e+02 -1.788980788588490967e+01 -7.177521458551986200e+01 4.366486538957161656e+02 -1.327698850278516246e-13
-2.607990175460979287e+01 1.667537670959616207e+02 -5.234338726319119894e-01 -6.794927603810539551e+01 3.375215729538879827e+02 -1.059065305262608040e-13
-5.246178231026229355e+01 2.836324273995092540e+02 7.400560022327595355e+00 -1.237599324067324744e+02 5.759788259419112819e+02 -1.298952811554157382e-13
-2.765110887386748217e+01 9.242442698380214949e+01 2.778302574832833116e+01 -1.006061861519587808e+02 4.303209535183357275e+02 -1.100164729728648811e-13
-4.866162058557613790e+01 1.040786610357335888e+02 5.140333616333676758e+01 -1.599971613276186702e+02 6.696430944403341528e+02 -1.304608540910619798e-13
-1.397946953774296652e+01 9.400387631603885907e+00 2.348369204404416521e+01 -9.881972503891596205e+01 5.069335052710064247e+02 -1.053077382928225411e-13
-4.174207579778393296e+01 1.609952067106521838e+02 5.599278239485651909e+01 -1.933520257181029649e+02 8.226073135465053383e+02 -1.469182616569296343e-13
-5.839281786977071675e+01 3.207041142489045455e+02 5.454981294298005601e+00 -1.398201492537883723e+02 6.691531749638998008e+02 -1.372189348803087890e-13
-3.807369536377867547e+01 2.875631093960121802e+02 -1.919136139987479561e+00 -1.067639983789161278e+02 5.185571111084935865e+02 -1.406471769123545833e-13
-3.394063687550538333e+01 9.589025068747014302e+01 3.235480681426491145e+01 -1.131997200870357716e+02 4.831357697985791333e+02 -1.171717735413949840e-13
-4.888583195594205932e+01 1.750980946741700279e+02 1.898557940139280120e+01 -1.190281937792702394e+02 5.497470487967851795e+02 -1.257614519219431877e-13
-5.318337385568077735e+01 2.033757468791213796e+02 1.417812707615739676e+01 -1.278234629315450377e+02 6.188902978450900036e+02 -1.273160628878955346e-13
-3.447154263926552176e+01 -1.960014863212772296e+00 7.368195982692303403e+01 -1.874343260503016211e+02 7.893077552889916433e+02 -1.268945710059805691e-13
-2.870734428884249567e+01 1.094806359334985189e+02 2.279662180945840433e+01 -1.230392964119474186e+02 6.005516162222442063e+02 -1.260278292978769070e-13
-4.266286150205902317e+01 1.441364839376756777e+02 2.686893604098478860e+01 -1.290341762571704578e+02 5.892637327051478451e+02 -1.246291734890952368e-13
1.964759028932117957e+00 5.939099140265630439e+01 -4.643629342764130641e+00 -3.143353783681672553e+01 1.974044454238146500e+02 -1.055574568894077002e-13
3.802258690049411083e+00 -3.082476461247603794e+01 6.391602938122608712e+00 -1.998926652455630304e+01 1.160943116789731704e+02 -8.489363004003012946e-14
-3.599632224215412890e+01 1.750289626165393884e+02 1.114171415578588054e+01 -1.021044909456560816e+02 4.862939542269352273e+02 -1.174075015959052914e-13
-5.624654383479091280e+01 2.520672031138569480e+02 8.513489756496575467e+00 -1.205298430344410434e+02 5.703473895745091795e+02 -1.288909284934701885e-13
-1.834255626053976584e+01 -2.559068798368113562e+02 1.077210436825299809e+02 -1.619353487885356060e+02 5.865007973857484558e+02 -1.018121746164764047e-13
-2.547244655435119753e+01 1.406509233911808110e+02 1.544352927028263700e+01 -1.033633286987576270e+02 4.924719020963661933e+02 -1.204763266912297632e-13
-2.443104460989323812e+01 7.644986438998284939e+01 4.048747788093551492e+01 -1.306347237730832660e+02 5.625252618653099717e+02 -1.262889576986223008e-13
-4.280879818280010340e+01 -5.456876222892205419e+01 7.267353333530616055e+01 -1.590564004498517079e+02 6.436830329096245578e+02 -1.153138665491404787e-13
-2.854578786421027203e+01 1.466381708753897044e+02 3.099958897488513276e+00 -7.784039020704339862e+01 3.955916144812517814e+02 -1.167767984944862797e-13
-1.725357742437703479e+01 -6.213352637203565365e+01 4.919590979050116175e+01 -9.607688754042699486e+01 3.763128163959607377e+02 -1.038918101090888880e-13
-1.292490938610367834e+01 -1.002627604726926478e+02 4.634438877362227061e+01 -7.329981818246157843e+01 2.695051032535526474e+02 -8.914045531451182466e-14
-1.190801999392192556e+01 2.511182243803929737e+02 -2.709394944360158775e+01 -5.060581840328044478e+01 3.291666015505635414e+02 -1.114334420066506498e-13
-5.860071251336172082e+01 4.700048883730391367e+02 -5.009134942245903943e+01 -1.123478993295124013e+02 7.306534817003339413e+02 -1.627543540513880396e-13
-5.442419747731538138e+01 5.206299860199371778e+02 -4.209496870894940912e+01 -1.166044095347980090e+02 6.707822269770786079e+02 -1.494015936441141271e-13
-7.919800014258647991e+01 4.288156298403999926e+02 -1.199909526408598559e+01 -1.358008363946988766e+02 6.744793446827882235e+02 -1.336070310847453038e-13
-2.920579844152865334e+01 1.682083647251766081e+02 -2.147707067164622785e+00 -7.001801303447166447e+01 3.607701066163464816e+02 -1.112612088071922980e-13
-1.554679151200655873e+01 8.507249899559180051e+01 1.865708170376079522e+01 -9.838868910439492765e+01 4.793110655019777937e+02 -1.270580146822467022e-13
-3.798596096452611448e+01 1.187441262168100877e+02 2.708802316211943406e+01 -1.103611223942258022e+02 4.809983524276779576e+02 -1.105720558051967931e-13
2.197532631507688183e+00 6.932093695856217153e+01 -1.767258260917386892e+01 -2.298206432833087476e+01 2.167877563385541748e+02 -9.991447815241209403e-14
-1.060006327855440844e+01 2.240997049855924672e+01 3.415190208425318019e+01 -8.321646101390066974e+01 3.240888942451882144e+02 -1.028818302373539566e-13
-2.968056411564663577e+01 9.152429729131107194e+01 3.924283860455943085e+01 -1.391783858902385589e+02 6.168533936274313874e+02 -1.295147856907048346e-13
-1.449078219773633869e+01 1.247958628211999041e+02 6.242942172454744920e+00 -7.384673644475493859e+01 3.646640360896511766e+02 -1.078691939881953011e-13
-6.071075460252061617e+01 2.453802136439619517e+02 2.873274367955850295e+01 -1.620046726416829017e+02 7.245089226996752814e+02 -1.473229904589049270e-13
-7.880971413649185742e+00 1.271985201533473315e+02 -1.343003160506866678e+01 -2.078025683439518190e+01 1.322223191723470848e+02 -1.021107624239257677e-13
-5.080691715876765358e+01 6.853540265788973329e+01 4.812731992971019679e+01 -1.549482018300464006e+02 6.828393979176300945e+02 -1.398904484941373898e-13
-1.745560189388269379e+01 1.267390347997645819e+02 -8.039345484071459325e+00 -5.461780184994056953e+01 3.254984229828368711e+02 -1.108972883173213646e-13
-9.744649759406460987e+01 5.469974158866634752e+02 -2.049950520982394409e+01 -1.612907211187807377e+02 8.134011747183652687e+02 -1.647497847459910162e-13
-3.633866562939443412e+01 3.244590065644836159e+02 -1.866563753641448109e+00 -1.232875979909607480e+02 6.021693737339088557e+02 -1.428975605520866012e-13
-2.286618006349624821e+01 2.287440283585901568e+02 -1.041150519638350325e+01 -7.283326259456892160e+01 3.881356038026956981e+02 -1.353396351802840026e-13
-6.981850781049062959e+01 6.214571853874049339e+02 -6.415417612034340777e+01 -1.096502605943279320e+02 6.912510216335882660e+02 -1.663757809604847732e-13
-1.045760357007671502e+02 6.634585481122959436e+02 -3.760905430880603006e+01 -1.770364591061538135e+02 9.432573896884726992e+02 -1.954140522937175779e-13
-1.704483576075727669e+01 5.882026936401492101e-01 3.120392186627332620e+01 -7.063721525350862862e+01 2.744642378332051749e+02 -9.895783968083409693e-14
-1.630971863464607807e+01 -2.745411912510057562e+01 3.992431809626735628e+01 -8.666301196807667395e+01 3.469398402765405649e+02 -1.011647814199122617e-13
-5.186021818586564081e+01 4.214746229584362709e+02 -2.347879022661492954e+01 -1.233642580508379751e+02 6.698447633406398154e+02 -1.587806264509857785e-13
-8.678025129247070879e+01 5.558904640014106917e+02 -4.244894193633138002e+01 -1.264245926865793592e+02 7.131362537094867093e+02 -1.597797189153564447e-13
-7.534299247048537040e+01 4.055265436742678844e+02 -1.184227660065995558e+01 -1.281102826338149612e+02 6.389009465403923969e+02 -1.489956061169822584e-13
-4.815589346429979933e+00 -1.558107025143217328e+01 4.027971685279177905e+01 -1.028143180442898341e+02 4.445135274019297640e+02 -1.079990859570811904e-13
-5.850968187728579295e+01 3.000094551659586841e+02 1.249664787949974709e+01 -1.496446265314413893e+02 7.052925007506265729e+02 -1.556002858955939940e-13
-1.923102599948774483e+01 1.295581541000748871e+02 -8.339731255856682068e+00 -5.377216103352430565e+01 3.196648991627262149e+02 -1.039854788815915682e-13
1.017290500834489575e-01 5.580626165056109045e+01 9.509401125954206613e-01 -6.649745227679727577e+01 3.999173732831217762e+02 -1.085272517393550891e-13
-4.026113846106139960e+01 1.833439730321091758e+02 1.483712308890868670e+01 -1.531869293507477607e+02 7.999183275880657220e+02 -1.515425147462307031e-13
-4.382774427122314620e+01 2.004652719412042075e+02 1.560020980496691401e+01 -1.149004833420980987e+02 5.250358584684436209e+02 -1.213130339668043662e-13
-2.367260068783358484e+00 -2.893704904698819469e+00 1.850802352453712984e+01 -7.208690617264193179e+01 3.681429700092569988e+02 -1.052350442157052147e-13
-2.265723105040427399e+01 1.504481136923210443e+02 1.266983670202664136e+01 -1.043310778105556693e+02 5.095491892777569092e+02 -1.363305561229635601e-13
-8.175896527387710222e+00 -2.413424749033168837e+01 2.744892168010375144e+01 -6.489823653518502056e+01 2.781323996756226506e+02 -9.789977326146483056e-14
-4.905694346678426854e+01 2.278188603423969880e+02 7.909771698281507779e-02 -9.793611027396171664e+01 4.903444587839111932e+02 -1.298706719965346021e-13
-2.171141602531945480e+01 4.706539401704475267e+01 2.660460267045565175e+01 -8.853285471111871630e+01 3.900685032951188873e+02 -1.085229393087891589e-13
-6.680375720349319124e+01 3.957819568161926327e+02 1.062293141063087143e+00 -1.593217494628252098e+02 7.731930552699493546e+02 -1.605735699764313528e-13
-1.010759137181175475e+02 4.901385462823831745e+02 1.349145690262329111e+01 -2.210329883103181032e+02 1.039010664213743439e+03 -1.830905950974892033e-13
-1.772457740789579361e+01 -2.055987853357321882e+01 4.287157122602113901e+01 -1.066275752053651757e+02 4.572001104859437532e+02 -1.086462363914711566e-13
-4.173550607951599289e+01 4.574825945934184546e+01 4.204701411347087969e+01 -1.217057795917549470e+02 5.150830002648191339e+02 -1.278191285203367527e-13
-7.510847174380150371e+00 2.552007333049216697e+01 1.102143570436270004e+01 -5.187811889899467843e+01 2.593642530787288365e+02 -1.116205603884110987e-13
-4.243297168673296937e+01 2.429959455581305576e+02 1.711536535908899426e+00 -9.577573915445907460e+01 4.541943155142702722e+02 -1.236703342033961043e-13
-2.428640486948065202e+01 8.817966306500277085e+01 1.130266022008261118e+01 -8.510642688430118596e+01 4.348659733183669687e+02 -1.056755569943938707e-13
-8.740582150611122358e+01 6.821396179042853873e+02 -3.864340165385257109e+01 -1.793917225722492503e+02 9.519805245214683964e+02 -1.834965252840617327e-13
-2.712430226971598302e+01 2.666603308527322724e+02 -1.649790885147258024e+01 -6.478674629311801425e+01 3.451597430218370164e+02 -1.195047267765055416e-13
-1.704972708097186995e+01 2.022702501367433001e+02 -1.637794145364158638e+01 -5.313140371066546663e+01 3.133937235372382588e+02 -1.043922967547637753e-13
-4.060296227480767328e+01 4.205092864971347240e+02 -3.096301226996020972e+01 -9.310512398543333745e+01 5.150922242340334378e+02 -1.373925906241008140e-13
-2.033796555053599420e+01 -2.243355899767162782e+02 1.011622482107864300e+02 -1.777728472750260948e+02 7.117909190585262422e+02 -1.172707449214613870e-13
-6.861316917959376838e+01 2.753216626528940765e+02 2.168832624847922474e+01 -1.813537003187310575e+02 8.777182095521069414e+02 -1.547446602531249153e-13
1.851100673717183120e+00 2.726744537468738727e+01 1.270311299821818007e-01 -4.780633758742197159e+01 3.005297519889485898e+02 -1.120458025179510612e-13
-4.800065784184524453e+00 -2.226650543762711720e+01 2.839083296842886028e+01 -6.656561845067416527e+01 2.819313856983749815e+02 -1.034282154968190385e-13
-6.393925145183401781e+01 5.995795366062615130e+02 -6.181202042417528730e+01 -1.191994125729597727e+02 7.565299145429662531e+02 -1.632483185230367153e-13
-1.616149427105792213e+01 1.574325448394977229e+02 -6.202017766861816384e+00 -6.622259255725063554e+01 3.691648316710946460e+02 -1.134486555046806504e-13
-2.646876724180983853e+00 2.389592092338392959e+01 1.790664553694092476e+01 -9.108624501535940965e+01 4.800244143529143912e+02 -1.204316300967466533e-13
-4.329748229499073631e+01 2.510393826776784749e+02 -6.507420833228937163e+00 -8.311644119158655997e+01 4.158476195627943071e+02 -1.209932075972838577e-13
-4.083361504814422460e+01 2.542970777064851688e+02 -7.701289676297999875e+00 -9.543248098212927744e+01 5.039035485019735461e+02 -1.245821810406377115e-13
-7.881993983467649123e+00 5.304165232074705472e+01 2.131514310803814993e+01 -6.548407581435373004e+01 2.646182746080846186e+02 -8.853097989506607850e-14
-2.308868414096517441e+01 2.066294380124099632e+02 1.470961184403417832e+00 -7.898560841932885523e+01 3.696057505726605541e+02 -1.125442733990695100e-13
-7.100118705171219347e+01 6.454690937610829451e+02 -5.544949806653428226e+01 -1.363145290752882204e+02 7.970615759920917753e+02 -1.748635698729190016e-13
-3.681268830773244360e+01 2.743016362220437259e+02 -1.474157269436950024e+01 -7.749570653115907248e+01 4.137242911851820395e+02 -1.274933628306473677e-13
-2.472868663545828838e+01 2.793702992195290449e+02 2.142950961934009690e+00 -1.283907920625356951e+02 6.439443066647640990e+02 -1.491182561847148336e-13
-3.067896862194421814e+01 1.200940623195656372e+02 3.143586869880554602e+01 -1.300100292341703891e+02 5.842377438022073193e+02 -1.211881583439816012e-13
-4.131365438579753402e+01 -1.952872453923214024e+01 5.681918355511731278e+01 -1.484154191250068493e+02 6.479856912010451424e+02 -1.110023373327888323e-13
-4.497056018373756814e+01 9.742174839352163929e+01 4.412855828940936931e+01 -1.320792366046397319e+02 5.334743963816609948e+02 -1.160254153541950478e-13
-7.719230698352578202e+01 3.691032356316323444e+02 4.990239570925066204e+00 -1.505479869349098578e+02 7.086553121900800534e+02 -1.538786760807318309e-13
-1.225994754820104049e+01 1.573916925736417340e+02 -7.388461339424977625e-01 -1.042806054190775598e+02 5.900424772863938188e+02 -1.446159735146567729e-13
-2.085295481541460560e+01 1.388054467234554750e+02 -6.704785278156699668e+00 -6.114826064626500113e+01 3.519735917902816595e+02 -1.197027659035834049e-13
-7.148986216499379509e+01 4.643114290060959206e+02 -2.420985066343513736e+01 -1.373677936860593150e+02 7.371674889675488203e+02 -1.535097159481051651e-13
-3.138542818887377450e+01 2.821898533333117598e+02 -1.934431313209687886e+01 -1.024107807403903934e+02 6.049254969051559101e+02 -1.396568210584232337e-13
-2.682202817151474150e+01 3.308333739209258511e+02 -2.666308662089002013e+01 -8.116706139230547024e+01 4.732336766210712540e+02 -1.315237459110794963e-13
-3.584165168878937635e+01 3.176830088302804143e+02 -1.041142463004509899e+01 -1.110650818315941422e+02 5.797481940013756230e+02 -1.466756452769804308e-13
-5.544998255914524066e+01 3.468677375821857254e+02 -5.192652148213219299e+00 -1.148488202388280826e+02 5.502711434484889423e+02 -1.293606381594309749e-13
-4.654628175959025072e+01 3.099920124223006042e+02 -6.818695388755005027e+00 -1.379126637575140251e+02 7.428736846359660149e+02 -1.446703732330670544e-13
-3.333611552425202973e+01 2.753528308781961300e+02 -6.217089004844723377e+00 -9.816333161298206278e+01 4.972630183428343571e+02 -1.362502298323052327e-13
-1.338387927605638517e+01 5.237307473552498749e+01 1.880239959734339905e+01 -7.357165564817219661e+01 3.355873753922758738e+02 -1.089972892989562754e-13
-4.402079993728861496e+01 2.300188226242518681e+02 1.672552768858628625e+01 -1.356696010995982249e+02 6.357156275943226547e+02 -1.423502749671133370e-13
-4.405464784286649405e+01 4.785368728432190437e+02 -4.611339327083103257e+01 -8.277196981775180973e+01 5.000442694123660203e+02 -1.471773135812185612e-13
-3.885638539964156024e+01 3.036855387680265039e+02 2.202495532062951789e+00 -1.413348097219137571e+02 7.127000339341346944e+02 -1.558114112753746552e-13
-1.022463856179372641e+02 6.076954187873428737e+02 -3.184240780083882072e+01 -1.575347778208590910e+02 8.162042039514091130e+02 -1.733893592840340787e-13
-3.950609679207591540e+01 1.936680970116672427e+02 5.726372940007247614e+00 -9.719995039899183098e+01 4.743195277979135653e+02 -1.181433612668823313e-13
-6.634796895528917560e+01 2.689266432292787385e+02 3.135168640640783622e+01 -1.743771358331619297e+02 7.735837252742176133e+02 -1.380543633047701940e-13
-2.973212284490888990e+01 2.559239908073347465e+02 -7.609412621368299767e+00 -8.661454773677125729e+01 4.428354061482060047e+02 -1.368780219928156441e-13
-2.773331026754929596e+01 6.754142180007644924e+01 2.335757605898885458e+01 -9.437005161482723281e+01 4.350619423695579826e+02 -1.207924901000231975e-13
-8.079435913400610048e+01 6.204406194397946592e+02 -5.011585911174519481e+01 -1.341763201721411747e+02 7.669111206869982880e+02 -1.845670669225873192e-13
-7.005479010235148962e+01 4.072054922162315052e+02 -3.812938982278029521e+00 -1.352998353857449274e+02 6.345389060944875155e+02 -1.537113554940558332e-13
-3.532797976656269867e+01 1.788685889906481066e+02 3.626596319429798143e+01 -1.544680455199922449e+02 6.744798051040431801e+02 -1.577055181320088958e-13
-3.497965908761121767e+01 1.092395480498953475e+02 2.199922353215230331e+01 -9.239608161163029365e+01 3.998265446524958975e+02 -1.015609969027469450e-13
-5.932114320487798409e+01 4.061033457279665413e+02 -2.162615206302288229e+01 -1.043841407788297886e+02 5.416742601644732531e+02 -1.449094190669344013e-13
-2.442006786962889819e+01 1.539895028064677831e+02 1.469145391807542111e+00 -7.792906006742779823e+01 4.012328850123181496e+02 -1.200680737015911288e-13
-2.128832241104440470e+01 4.234631197850803233e+02 -3.565530629777081373e+01 -9.038406528273246465e+01 5.247001787996201756e+02 -1.470672155879848607e-13
-1.045865149433965691e+00 6.134200508537315244e+01 1.484238786853511449e+01 -6.748276543558770868e+01 3.134358068826658723e+02 -1.060483404183849357e-13
-8.417868532889757205e+01 5.023051561471183390e+02 -3.158731770032366981e+01 -1.356467774259475334e+02 7.449355445011576649e+02 -1.504294663954031157e-13
8.683126054523317094e+00 -5.158714915857977701e+01 1.907740973844335741e+01 -4.412098826821480912e+01 2.122956802174997790e+02 -8.710024474569416783e-14
-4.231704464722056258e+01 2.988883163568423811e+02 -2.783068606574034121e+01 -8.165431853646830973e+01 5.074897257596650206e+02 -1.343163526662081328e-13
-3.551651359687361520e+01 2.499025030246363599e+02 -1.486386447169115499e+01 -6.497977451151032824e+01 3.483104377377937340e+02 -1.174903214627467145e-13
-3.877585696354950784e+01 2.891634624102242697e+02 -1.669467696480734631e+01 -8.800558404530379164e+01 4.859683363961199802e+02 -1.253788241296208545e-13
-5.426374015397260564e+01 3.868717936039007554e+02 -1.899496262763294041e+01 -1.096963881316778924e+02 5.746698101415572637e+02 -1.388927606325549551e-13
-4.901381723416728953e+00 -1.209191629462822846e+02 4.198496814130551513e+01 -7.918367949022875507e+01 3.521963314152257567e+02 -9.099812602471815511e-14
-3.701243277195757031e+01 1.145063337143429294e+02 2.920157282840175128e+01 -1.054234585695526789e+02 4.373733734225611443e+02 -1.211745476426433763e-13
-5.590679797780083504e+01 3.444258195775612421e+02 -2.525394223142683803e+00 -1.300652904845102569e+02 6.372718258762474761e+02 -1.361410791647352630e-13
-3.472371228975832480e+01 7.536246857089318851e+00 6.912207345949900628e+01 -1.566950312269087533e+02 6.048893617988497908e+02 -1.290220605998657835e-13
-3.073878614039005797e+01 1.816575599787297222e+02 1.380489187204354096e+01 -1.045780293523864373e+02 4.809788510962994792e+02 -1.379044158568024452e-13
-8.440766373306193771e+01 5.045059508516093842e+02 -1.589239043609622470e+01 -1.547403608061404157e+02 7.710891659862758161e+02 -1.669307252347010544e-13
-3.623685463990724998e+01 2.619969674154925769e+02 -3.934734035469011459e+00 -9.199497134506434293e+01 4.509888764771111482e+02 -1.304923109314427130e-13
-1.323509124100995393e+01 1.927625400788991215e+02 2.332333821030470489e+00 -8.367035625739870852e+01 4.057799772532454199e+02 -1.114006589189405521e-13
-2.010396509478297489e+01 2.316710098539266198e+02 -1.619647337992441294e+01 -6.890986499553667954e+01 3.966832752000684081e+02 -1.254034565181497269e-13
-1.475826485362196472e+01 -9.804630505194660728e+00 3.209455818628929791e+01 -7.106486765606973677e+01 2.792753147386621322e+02 -9.541665695970805322e-14
-1.180741319755248497e+01 1.795084500807737697e+02 -1.674818380442886934e+01 -4.742540016956083804e+01 2.941476173189865335e+02 -1.014390467741645932e-13
1.635360097606623597e+00 1.780755880768393524e+02 3.149356254652087461e+00 -9.586261834783499580e+01 4.933143630790529528e+02 -1.389630923723485009e-13
-3.498194648299644172e+01 1.926755894316298736e+02 3.153701401441109198e+01 -1.535423726883634856e+02 6.884100937855714619e+02 -1.505140036951608140e-13
-5.238374154491000212e+01 3.735262221201871284e+02 -3.077221420354949544e+01 -8.766304462731864078e+01 5.118402510626202684e+02 -1.354506263610100075e-13
-6.133345941233943677e+01 4.415536227313033919e+02 -2.629874452507898752e+01 -1.046204665036989212e+02 5.471359797015020376e+02 -1.427150066788314946e-13
-4.917558006356091482e+01 2.807926757969567575e+02 -1.113526072548614820e+01 -8.524742195012701984e+01 4.379505434331870219e+02 -1.463601043768436768e-13
-7.774634289598073167e+01 3.849995721623045029e+02 2.510512316208985695e+01 -2.134093087661154300e+02 9.906554625910671348e+02 -1.610863081136950074e-13
-5.779180669305720386e+01 1.014997711255155082e+02 5.102972685826476607e+01 -1.777372073987024237e+02 7.932001669338075089e+02 -1.368618868877467131e-13
1.064485341948325337e+00 -6.783033127285509067e+01 2.597341490066849801e+01 -6.936075734849211472e+01 3.497307700464494928e+02 -9.868304668183062692e-14
-7.021920559340630064e+01 4.803736009594051666e+02 -3.506678981838700082e+01 -1.231772261263215995e+02 6.995355876280747225e+02 -1.643253124068162539e-13
-6.369559021148106837e+01 4.064653243825253526e+02 -2.941307383286509314e+00 -1.545739588755617717e+02 7.590759874412899535e+02 -1.570636752949834311e-13
-4.406632706788835918e+01 2.575407718588158446e+02 -2.280144876608698468e+01 -7.159743371504882248e+01 4.380565956229487483e+02 -1.182756679803020289e-13
-5.266571597746590072e+01 2.662114135020841559e+02 1.117478707816194516e+00 -1.137223536702551883e+02 5.615803443020499799e+02 -1.263195457940293056e-13
-4.016110324909124785e+01 1.116547561359164007e+02 4.703384754171634086e+01 -1.504700429270532425e+02 6.280253817006861254e+02 -1.248089838106260324e-13
-1.127739846706761995e+01 -2.376715869920860413e+01 2.870917107708817184e+01 -8.069733892196934733e+01 3.760018643178766524e+02 -9.436432287464948391e-14
-1.502652726453472951e+02 9.419116749217973847e+02 -4.782284753763840257e+01 -2.477460081730746424e+02 1.279285269976128575e+03 -2.178395791451347960e-13
-2.164389346840468775e+01 -1.357334888970864313e+02 6.149273046538333887e+01 -1.205910877786408690e+02 5.164426938350470664e+02 -1.062533247484526819e-13
-5.166623936650761806e+01 1.544540176374437692e+02 1.327520456082976530e+01 -1.258489560583606277e+02 6.473865906071685004e+02 -1.350829838413770446e-13
-2.035801897478431144e+01 1.268175195487299067e+00 1.768802297201690621e+01 -5.936104487380002581e+01 2.847818868316691692e+02 -9.548969888323296275e-14
-4.219877291122373464e+01 1.924304593256597116e+02 2.816488113590669329e+01 -1.325831905259362031e+02 5.692955403156115608e+02 -1.386894140275008066e-13
-1.506686315916497847e+02 1.041685890885286426e+03 -7.613178854811175711e+01 -2.157172042018303557e+02 1.172008873999328216e+03 -2.324061442449744597e-13
-4.649765762500451416e+01 2.220210238856638227e+02 2.257710418146322784e+00 -1.031815755308958273e+02 5.159107244656205467e+02 -1.305522590266701503e-13
4.998297381382543314e+00 -3.300719406161869074e+01 2.145078135119848994e+01 -5.752904246190190207e+01 2.735596791719044063e+02 -8.626119298963932455e-14
-8.276387139765198242e+01 5.786802631524786875e+02 -3.037836755636676500e+01 -1.475994158144814890e+02 7.613674478627923463e+02 -1.808249543445537792e-13
-5.704534702552229675e+01 1.454462777518493510e+02 4.175835573521901978e+01 -1.809044350687034637e+02 8.415917488468870715e+02 -1.416702517738963806e-13
-4.746780664293677177e+01 1.189877215153782828e+02 3.774517691263841357e+01 -1.517396614160016384e+02 6.907009093223590526e+02 -1.408924404290340656e-13
-2.247898215571502689e+01 4.235513353565759331e+01 2.167858097962632158e+01 -8.737789917546042773e+01 4.173405583263329959e+02 -1.036537046052247591e-13
-5.191453266601634908e+01 3.276724528543557540e+02 -1.404683036739428026e+01 -1.003599504256371944e+02 5.237307021236983928e+02 -1.493096907331451763e-13
-2.309479972653717184e+01 1.670028550840518164e+02 -2.932581390632579499e+00 -6.623530478249806208e+01 3.412562749536237448e+02 -1.047885055301740007e-13
-9.808061743153588807e+00 -6.500285005381010706e+01 4.003108317709996555e+01 -1.005363904915474933e+02 4.671442264997076563e+02 -1.134517691724336364e-13
-2.887650814477993677e+01 -3.283653131967657401e+01 6.487711064055112331e+01 -1.423619440404447118e+02 5.654313677491344379e+02 -1.264991537624444006e-13
-1.969010644440221469e+01 5.553954173802983973e+01 2.749680602767902471e+01 -8.899514209846250878e+01 3.812250201606190672e+02 -1.169121405705165226e-13
1.384988509265860257e+00 -1.050309556281660122e+02 4.022512598568535225e+01 -9.239631721296058231e+01 4.406173178090864440e+02 -1.009163123723842598e-13
-2.279369417524422659e+01 3.178580653324518153e+02 -1.954767748734989041e+01 -9.586078380280939371e+01 5.359582428339792841e+02 -1.430220576752846828e-13
-8.629590803479088379e+01 4.618124992595505205e+02 4.724685371523750455e+00 -1.794955622662641588e+02 8.367796330950909578e+02 -1.683823644900881692e-13
-2.596465112919690910e+01 2.006693157746055931e+02 1.435154679014551782e+01 -1.123471153546834103e+02 5.157226016852235944e+02 -1.168038280556924789e-13
-6.107437734695310816e+00 9.665528496893072941e+01 5.849820392736676311e+00 -5.952995880643415916e+01 2.916309619355199629e+02 -9.949869554082620579e-14
-1.368255228097538456e+01 -1.180248669150160090e+01 3.719063390835385974e+01 -9.979842691361412221e+01 4.412572873652328553e+02 -9.869988209284542679e-14
-2.627561960171996702e+01 1.926046026694205011e+02 5.138084417995213649e+00 -9.491564214052351645e+01 4.635149519675776446e+02 -1.285196847213705585e-13
-5.900747067940283586e+01 3.966677173907019665e+02 -2.184414492566856936e+01 -9.971431434185033993e+01 5.186166293123237665e+02 -1.271133813313794046e-13
-1.088580361876594225e+02 6.069204521219209028e+02 -2.931894934162579958e+00 -2.197381884062351389e+02 1.049670040797632282e+03 -1.949735752917404225e-13
-9.318633538969672614e+00 4.495928730853324851e+01 -8.909494238664946053e+00 -2.624161190161245472e+01 2.004554653987381982e+02 -1.026440366890975518e-13
-4.329789385118899503e+01 1.233124405163460580e+02 3.752025818750771435e+01 -1.392089262803630731e+02 6.047178374141641370e+02 -1.302640583701968791e-13
-8.445499248687699634e+00 -2.424743858907835090e+02 8.374087402737387720e+01 -1.164519631814823555e+02 4.245330541485998310e+02 -8.159123648776977578e-14
-8.578883412959690702e+01 3.972378045644193207e+02 8.890974084788494380e+00 -1.746893989759263661e+02 8.252622031944930541e+02 -1.626538917088223266e-13
-7.867603688369983672e+01 4.905362727531085056e+02 -2.267449217254273108e+01 -1.437791518018571821e+02 7.511409248901329647e+02 -1.705789502482798622e-13
-2.033066523347504173e+01 9.794518849412206407e+00 1.590247026429494248e+01 -9.067804450716265308e+01 5.004975048807744997e+02 -1.092611757309621525e-13
-9.844068461260248171e+01 5.529010109858937767e+02 -2.461628204296795630e+01 -1.732010990255944307e+02 9.155174040020211805e+02 -1.707763736723191347e-13
-4.392816484420848155e+01 1.896031904751439754e+02 -2.386317965784200690e-01 -1.108047927889745239e+02 6.070055717846795460e+02 -1.257461604089134380e-13
-6.896332587361797550e+00 -9.925533422123381300e+00 2.168758327873931435e+01 -5.606176596804884582e+01 2.452000889821162559e+02 -8.871381656122911056e-14
-2.375852432363630840e+01 2.181370581287887234e+01 3.181552128782294275e+01 -1.042393606659353367e+02 4.808381021378115179e+02 -1.240351732437430493e-13
-1.268976578566581104e+01 -2.186301739825602297e+01 3.317172225428826948e+01 -8.791666188015784655e+01 3.945348285050814070e+02 -1.070740593962477480e-13
-6.484405131650670739e+01 9.539123591824532014e+02 -8.308694437001211952e+01 -1.838964722345140501e+02 1.067217500503217934e+03 -2.209658212996555982e-13
-7.374754807433626524e+01 4.850958045735113160e+02 -2.047355714028388007e+01 -1.672323555635431376e+02 8.987111811476914909e+02 -1.678476655536198790e-13
-1.178298819915308826e+01 -5.881916886313535153e-01 2.212913090081432088e+01 -8.595819248779314137e+01 4.364946420078904907e+02 -1.183180976986983727e-13
-4.246091755803799828e+01 2.012212851912418614e+02 1.249456213409563254e+01 -1.119421543104103591e+02 5.244959868667851879e+02 -1.235083907180943218e-13
-3.482573304297977046e+01 2.930770267053378575e+02 -1.309140604021482979e+01 -8.797059612664718031e+01 4.597602046360909753e+02 -1.309183439921630209e-13
-3.328403135427877402e+01 1.451030024718534150e+02 1.613074678335839351e+01 -8.666061999491269319e+01 3.725010083263022693e+02 -1.127606887565768734e-13
-1.219403341350859016e+01 2.691059532171129476e+01 4.158483227386517456e+01 -1.148039876799945347e+02 4.855005724471052417e+02 -1.154944702585536032e-13
-2.544481374971277887e+01 1.595824975281806246e+02 1.310394255775611683e+01 -1.033979863711613092e+02 4.937750710268716716e+02 -1.311108230631836117e-13
-1.565812308425686261e+01 -9.890923167028130081e+01 5.642341088057510490e+01 -1.153779792254376702e+02 4.868001963890134220e+02 -9.946041073005032932e-14
-2.043926070596832900e-01 2.008568181332354996e+01 2.945590818160443547e+01 -8.423374297124341581e+01 3.627355362320784025e+02 -1.105586348128446789e-13
-4.776381157926787324e+01 3.854807716266466286e+02 -3.153029715828288460e+01 -7.797995936543196649e+01 4.428069881067152664e+02 -1.429248106402037565e-13
-1.139180588898140378e+01 -1.613636736136459149e+02 6.308317320709459608e+01 -8.475363783199973966e+01 2.841672877775783945e+02 -8.032144723145754845e-14
-2.038713101251919824e+01 -4.702975027206821323e+01 5.900090914290002786e+01 -1.205688830283070985e+02 4.670192698563132012e+02 -1.024534080507198940e-13
-1.683769781900570095e+01 5.608690739113784929e+01 6.176287627835901795e+00 -4.399043904679872696e+01 2.149065084379518282e+02 -9.464707129153033459e-14
-2.621118893694036345e+01 3.683781892560056548e+01 3.518132897337738996e+01 -9.852011877479695556e+01 4.097646961367053109e+02 -1.103944686565544674e-13
-1.367465973842976545e+01 1.869449967346441781e+02 -1.965316175025702705e+01 -4.282823706651331719e+01 2.763900006966048295e+02 -1.066311012260103341e-13
-1.085784513340394284e+02 7.359110118010454471e+02 -5.077204262088800846e+01 -1.846053887147877504e+02 1.025216677449665440e+03 -1.851144525321154199e-13
-6.234977381094594762e+00 -4.465692985984764363e+01 2.179223097391360753e+01 -4.762335428298803208e+01 2.133444936723433898e+02 -8.723128572496015532e-14
-1.045367848412680445e+02 5.017296690013748162e+02 1.125453995686001463e+01 -2.292716699950006785e+02 1.100210304347887359e+03 -1.940004689210670741e-13
-6.555525660463899840e+01 2.299150833018403546e+02 3.582511026520418085e+01 -1.967670508906653311e+02 9.241333243000651692e+02 -1.623266955858413000e-13
-4.080698288318895806e+01 4.107218398974988531e+02 -4.133812074441922846e+01 -9.781871857626681788e+01 6.204774428106969708e+02 -1.568999060359539043e-13
-4.097009903178744850e+01 2.089181160847679735e+02 4.680059931797633688e+00 -9.877471241621159947e+01 4.803957383085568722e+02 -1.342857784415365978e-13
-3.064928180640658528e+00 -1.156335643429021900e+02 3.626205417289982336e+01 -6.949038413410954718e+01 3.198206316764744770e+02 -9.297962124477182332e-14
-1.571190141840216938e+02 9.358946060153778035e+02 -2.787771586997088846e+01 -2.840130647168476798e+02 1.399699319399779370e+03 -2.504253577393997514e-13
-3.267108174989611769e+01 6.355967775445115109e+01 2.213477558927416311e+01 -8.778163796657099738e+01 4.015342730959042683e+02 -1.077894878979149031e-13
-6.982933045541980732e+01 3.808614433421943204e+02 -2.043378560638035690e+00 -1.424415117790247507e+02 6.905875554925909228e+02 -1.454197054956801027e-13
-1.282720555592461942e+01 1.117559048275443558e+02 1.267705624836101919e+01 -1.024704747086509968e+02 5.254537135228309808e+02 -1.270621979812246423e-13
-2.042060708176595796e+01 3.011693614982261238e+02 -3.298219611809761176e+01 -5.421242509053865177e+01 3.543385697647578354e+02 -1.323772319555958208e-13
-6.165583677511740035e+01 5.191503227007082160e+02 -3.765377971296166493e+01 -1.112617939171371972e+02 6.074875966368329046e+02 -1.543858598908532805e-13
-5.720404107156065976e+01 3.797893478596347450e+02 -4.683722213759921260e+00 -1.436285327892103680e+02 7.162790938065143109e+02 -1.520853602130963858e-13
-6.745654126707276710e+00 3.105536203177231158e+01 1.873610808096527336e+01 -6.305238239866353922e+01 2.809715610508367263e+02 -9.513740243769243006e-14
-5.394543524913587618e+01 4.600907469261241545e+02 -3.794159804024781835e+01 -1.081049060032076881e+02 6.315491817895391478e+02 -1.388424070555890405e-13
-5.048437824790944006e+01 1.342625085162662799e+02 5.400403165608899059e+01 -1.731503692309991891e+02 7.192016971064159634e+02 -1.451175175574820474e-13
-1.034062104037898600e+01 5.088406212855181110e+01 4.379318960269370287e+00 -4.542908280321561421e+01 2.399225985460583672e+02 -9.898108816770109168e-14
-4.099447478531057243e+01 1.848913191957200297e+02 1.339132816755470756e+01 -1.032605900390504559e+02 4.723938492055135043e+02 -1.280591446598831713e-13
-7.022291663661706984e+00 -1.288502219604417292e+02 5.360275817456909664e+01 -8.057056936578202055e+01 2.928923705772879771e+02 -9.856776742154805231e-14
-6.404427244837340538e+01 4.533493197548661442e+02 -1.706387795384223693e+01 -1.341170444564233719e+02 6.775753967850611161e+02 -1.507676225054124376e-13
-2.619047159485841902e+01 1.463302898334703173e+02 -4.018753754197678774e+00 -6.488393734208354147e+01 3.543380969982835609e+02 -1.122961587226709149e-13
-3.187085107152106289e+01 5.085388612136799935e+01 2.708068636122234096e+01 -8.981294539335372917e+01 3.928365772959795663e+02 -1.063599942254181035e-13
1.142961125829232927e+00 4.321408905964901237e+01 7.098485367789371558e+00 -5.559348166980765882e+01 2.964711349440443087e+02 -9.284503036160492985e-14
-5.746993217419026223e+01 3.424515889664602355e+02 3.729182273469060949e+00 -1.462308383934096412e+02 7.073170247483652702e+02 -1.461685899845696647e-13
-3.377784968195216919e+01 2.171918069389014647e+02 -2.564823187283414185e+00 -8.903219929772687635e+01 4.552460081380366432e+02 -1.367696074070772012e-13
-2.860226806050120629e+01 1.778592859588718227e+02 2.179330622931683337e+01 -1.170032188705523737e+02 5.161067822127643012e+02 -1.412322070143101971e-13
-3.634971802040059430e+01 3.432373688287727873e+02 -1.571952644750777495e+01 -1.038989644812236293e+02 5.467955427486757571e+02 -1.321760305384486038e-13
-9.290033716614324533e+00 1.507523306340176816e+02 7.165703270953486914e+00 -8.233907740159257571e+01 3.967515414911525227e+02 -1.164721959920668017e-13
-2.170410542238205309e+01 -5.387366545020243080e+01 6.042893972291553695e+01 -1.258247538029826984e+02 4.982356049165665013e+02 -1.233389412463053867e-13
-2.466045832688106643e+01 2.256041316312556262e+02 2.811457106600208089e+00 -1.067078149005520089e+02 5.334328734572660551e+02 -1.268027123592091045e-13
-7.042590653324826810e+00 1.280874897618096213e+02 3.130202512095259793e-01 -5.486491325398787922e+01 2.726353350720515891e+02 -1.098741571160136641e-13
-2.996602816397641789e+01 1.163155356086345620e+02 2.213546175382625592e+01 -1.043240398535336766e+02 4.739399045864468576e+02 -1.121377243030027441e-13
-2.902905601039710248e+01 1.515580281633212394e+02 2.625484338309285093e+01 -1.225311928861286503e+02 5.440214923617975273e+02 -1.228085573158101108e-13
-5.534896458111007167e-01 1.565478496377728135e+01 1.722976545803922477e+01 -5.295160054383374160e+01 2.340466515299580976e+02 -9.092323979013139693e-14
-1.854085735377928401e+01 1.497270915482511100e+02 -1.670830015970220472e+01 -3.382906836570636955e+01 2.243896789123582209e+02 -1.049140687694709732e-13
-3.829285159108768966e+01 2.355726153293936704e+02 -6.219896377815513411e+00 -7.454681342394147237e+01 3.677679058979529145e+02 -1.159447640165264055e-13
-3.389575063390515908e+01 1.422494701003771524e+02 9.574675316583515894e+00 -9.118829040318733803e+01 4.470588736615766265e+02 -1.287110081009209159e-13
-3.598858975334086807e+01 3.202469076248073065e+02 -2.958096165624768759e+01 -6.930027877333434105e+01 4.199419478558843934e+02 -1.371315363100666821e-13
-9.770513782306119666e+00 4.181108358936049285e+01 1.592236186355517802e+01 -5.167096526823415559e+01 2.145775629724934390e+02 -8.319975867476416047e-14
-4.100773893884630539e+00 2.089241486819059546e+01 1.472528525137459177e+01 -6.394566052004513779e+01 3.201587083034847865e+02 -1.058026932842173976e-13
-3.045269290218976366e+01 1.661335616806770190e+02 1.581081613379072603e+00 -7.528011662050698760e+01 3.737743047651723032e+02 -1.211321161819934749e-13
-4.403393601295830351e+00 -1.140561310476543078e+00 1.789972742464733457e+01 -5.649582596514024146e+01 2.659339757268770086e+02 -9.110952356714766669e-14
1.292048069277770550e-01 1.178320411849231988e+02 -9.899316473817465933e+00 -4.165303954573634115e+01 2.568093119025137980e+02 -9.066952907833905939e-14
-6.850910238726916646e+01 3.720636579397322521e+02 -7.147988091812012001e+00 -1.413199708580213496e+02 7.222354000118912154e+02 -1.553262915910110037e-13
-1.715001874333838430e+02 1.055719558563507235e+03 -5.269658689979752353e+01 -2.745727311220732076e+02 1.407167467311313658e+03 -2.404234095784346295e-13
-3.183240851637263802e+01 1.386106883407335317e+02 1.243600960456326376e+01 -9.692440890666973985e+01 4.699599698412026214e+02 -1.117572316031060435e-13
-1.485634587200976675e+01 -1.460043303699322621e+02 7.014302028623208685e+01 -1.039452151264648876e+02 3.566456795414240446e+02 -8.650464794674130551e-14
-1.540571252441095851e+01 1.334083055833527567e+02 1.124959032868195585e+01 -1.001283829675775081e+02 5.029307906917804303e+02 -1.153658495349592460e-13
2.951467029454328372e+00 2.511441147663115814e+01 4.098269256596438481e+00 -4.901002687557804194e+01 2.847530062684238032e+02 -1.044294912798973279e-13
-2.040618689261397023e+01 1.781215616471029932e+02 1.855421211650685009e+01 -1.304607113434894359e+02 6.271482970264470396e+02 -1.428575020916602270e-13
-5.949525928613754644e+01 4.572018564754686736e+02 -3.038575799630981678e+01 -1.307739894277938504e+02 7.376500136335077968e+02 -1.727358914951896925e-13
-3.342951148149193585e+01 9.911419651614427551e+01 4.182988465324947924e+01 -1.270057246976480343e+02 5.128533351687004824e+02 -1.238174748887053103e-13
-3.066059797782043361e+01 1.648041693460700401e+02 2.496786641750544078e+01 -1.333107449802138262e+02 6.149975557586051309e+02 -1.311302856043828523e-13
-2.486544137106463026e+01 2.694180146201854882e+02 -1.048353284008767261e+01 -7.519141361098472487e+01 3.745337764779686154e+02 -1.125032464446312094e-13
-3.654606052824982498e+01 -1.863775476505400945e+02 9.922122618592810284e+01 -1.581346100220488324e+02 5.642847964903140792e+02 -1.010741457038093527e-13
-9.909752693846796134e+00 3.926332781779368730e+01 3.994868554808340377e+01 -1.328140415246695625e+02 6.079820766886095953e+02 -1.332155848682870302e-13
-2.173796853288549258e+01 4.571964414916804031e+01 1.356785460062114090e+01 -7.268956413229622626e+01 3.681005677550002702e+02 -1.014543471635893732e-13
-7.964933812981449535e+00 5.115267199987671987e+00 2.055531848766171876e+01 -5.949675799986468405e+01 2.644873297181808312e+02 -8.593534162926299440e-14
-3.406853306845578544e+01 2.740432934809071526e+02 -1.252949685759705112e+01 -9.849008633180942240e+01 5.408809191358194539e+02 -1.230607033070836975e-13
-1.611208995965760593e+01 2.249861268276803798e+02 -5.745334144635885210e+00 -7.196729592107030271e+01 3.551710683994235183e+02 -1.250017178467894077e-13
-4.978870453247989047e+00 3.788118793004927198e+01 2.078719244353618478e+01 -7.681166892759794962e+01 3.553081065977498270e+02 -1.076045168748697768e-13
-1.147931683745193432e+01 1.237910687396430092e+02 8.191217770625611294e+00 -6.522931134653912011e+01 2.949814607033748644e+02 -1.208436516775994313e-13
-2.702392390431147984e+00 7.679490435893912093e+01 8.846463055719757662e+00 -5.772274821138638146e+01 2.748829111451267408e+02 -1.231848004141596799e-13
-3.246612912926345729e+01 2.667042978331142535e+02 -2.533054444357845725e+01 -5.381712474698579030e+01 3.279898133149812907e+02 -1.160533693338502652e-13
-4.251280029056177057e+01 1.504754465885248180e+02 3.825175907571976097e+01 -1.454724044472039850e+02 6.221591695532529229e+02 -1.402373240659348558e-13
-1.697399438667016724e+01 1.804608749512394894e+01 3.243046882401370112e+01 -8.311018899149584627e+01 3.376173608512910960e+02 -1.052220946561691308e-13
-5.140386818144699888e+00 -1.005289188791137036e+02 4.790764702328340974e+01 -8.097345829956731222e+01 3.112711121876035918e+02 -9.321143633994194431e-14
-1.494383243724209942e+00 -1.493668181412953970e+02 5.964866865885396408e+01 -9.612283004765377825e+01 3.737904596059851769e+02 -8.935559846820845526e-14
-2.459375377431996057e+01 4.989968690792997563e+01 3.463346297909885152e+01 -1.170459542697887230e+02 5.282170994859005759e+02 -1.180828071916681013e-13
-4.010018981520926928e+01 2.399592415266043304e+02 7.347282671647762164e+00 -1.276390168204446525e+02 6.345224810037575480e+02 -1.430815798710829125e-13
-2.639011936049606888e+01 2.053575446257924852e+02 -1.004795536209100604e+01 -8.813707156078598359e+01 5.058940558830215650e+02 -1.290653518429834877e-13
-2.482315863062391159e+01 1.951173970118474301e+02 1.090260023472627360e+01 -1.059112362221840442e+02 4.986433098827092181e+02 -1.283625906898691570e-13
-1.582083456727791138e+01 -1.497872400878322630e+01 2.821581590823719310e+01 -6.324354778106595631e+01 2.553585311107391078e+02 -9.964927583775909341e-14
-1.924927561858442715e+01 3.302125110376100281e+01 2.657553579602391380e+01 -9.819999901842480483e+01 4.655766255042805142e+02 -1.193317963895619436e-13
-5.523835619996594914e+01 4.633513466747759821e+02 -3.151640695630151257e+01 -1.054168249540148992e+02 5.698982387493750821e+02 -1.550976272260223766e-13
-3.999558435222805741e+01 1.277389337243297120e+02 2.072810699630678144e+01 -1.164884744459591275e+02 5.563387082965160744e+02 -1.442654493119161880e-13
-7.233634975627849428e+01 3.321470655131268472e+02 1.895935221277399663e+01 -1.679074039186974971e+02 7.630128166641555936e+02 -1.461594275500786805e-13
-3.160572579440857055e+01 1.076477474115092861e+02 1.361085935309156625e+01 -8.610117580988787722e+01 4.124402595044770123e+02 -1.288128011305705180e-13
-2.913028856642840836e+01 -1.228425813164146874e+01 4.905766985471738906e+01 -1.206586794973725034e+02 5.057952744555039430e+02 -1.171717423913039093e-13
-5.190700374135607120e+01 -6.696773235509564870e+01 1.182789887941565041e+02 -2.583968688160037459e+02 1.028367352814509331e+03 -1.461508399437135132e-13
2.372089454879990011e+00 1.642589256402154518e+01 7.383021058457675423e+00 -4.870854410987214322e+01 2.680640160321223675e+02 -1.024353069839152486e-13
-2.783425763426763311e+01 -3.586005381627296629e+01 5.214081977471633422e+01 -1.218172623707916102e+02 5.111645154219328901e+02 -1.099132874199908872e-13
1.364933617231030683e+00 -1.716591640269266605e+01 2.573388825269838165e+01 -8.427267198009552374e+01 4.142526220458041735e+02 -1.166945684548819024e-13
-6.215366026745405748e+01 4.494080584075854858e+02 -3.673594959262696591e+01 -1.040592447192031216e+02 6.044805461927269334e+02 -1.477178063924490403e-13
-4.187341451389723801e+01 3.034209692154498725e+02 -4.693238215493813037e+00 -1.000608647207527468e+02 4.796081284709100032e+02 -1.322113379887167122e-13
-1.082427139857277893e+02 6.503594844732531328e+02 -1.316639415148215164e+01 -2.174458264579781144e+02 1.067903228440467728e+03 -1.954875925012957985e-13
-2.686150658492871557e+01 1.562058672755180737e+02 1.150355303844356847e+01 -9.496031196928078089e+01 4.497898801778922007e+02 -1.281085623227281867e-13
-4.084495088635834037e+01 -4.797298086121799798e+01 9.146913804459391883e+01 -1.794561744428020233e+02 6.555123671559972536e+02 -1.265925712025883830e-13
-4.391702584867216075e+01 5.657570673679192197e+01 4.817711684457972154e+01 -1.390780259263978564e+02 5.846224615629823802e+02 -1.199064668526718599e-13
-1.291877180261597005e+02 6.833305202886383540e+02 4.617193633223323879e+00 -2.676658565015533213e+02 1.267299294220618094e+03 -2.112237685745435641e-13
-2.621613509199451286e+01 6.889569515508296149e+01 2.896261232915822248e+01 -1.067988212703167221e+02 4.816997667388390596e+02 -1.102148454699610411e-13
-2.117600048209848396e+01 2.640331026179667333e+02 -1.914030772764928301e+01 -7.601106889440424652e+01 4.394887001576537386e+02 -1.287239296742779111e-13
-5.956237699109755823e+01 3.432554525199562363e+02 2.782237571280432142e+00 -1.318724409646458184e+02 6.162640300600636465e+02 -1.529861426155484802e-13
-1.114837239530760904e+01 1.369013073942266772e+02 -4.091069374384285418e+00 -6.158804109325306797e+01 3.395787722592980344e+02 -9.935972630986167729e-14
-2.539169806358303205e+01 1.377079901087441272e+02 -5.181609713564687414e-02 -6.135625139648627879e+01 3.115384480072396514e+02 -1.115036508194480376e-13
-8.400029684826199627e+01 3.379633054079595809e+02 3.341003009724332173e+01 -2.056507384637222628e+02 9.198634263440422956e+02 -1.735182547537246372e-13
-1.512590274375508237e+01 2.085753101617153220e+02 -1.716380088503143142e+01 -4.929794469779009347e+01 2.880207069968672613e+02 -1.163065546198614923e-13
-6.559215340321603094e+01 4.451212286436190766e+02 -3.895703355463008677e+01 -1.087927466368099658e+02 6.536923457083644280e+02 -1.602720579837072866e-13
-9.166914998896440636e+01 6.549994855930640369e+02 -5.444666490950662308e+01 -1.234415962271982323e+02 6.970799625472997150e+02 -1.690004063130964719e-13
-8.753985630278729957e+01 5.002755735123326417e+02 9.132589850117915020e+00 -2.033780329675942369e+02 9.407980823757407052e+02 -1.876108693391997476e-13
-7.113584158263613233e+00 -5.466596920030209361e+01 3.771053695226379432e+01 -8.572829882576164096e+01 3.748598496009327619e+02 -1.034201870647152335e-13
-3.002005217824130057e+01 2.246526745951219084e+02 1.189535490183751776e+01 -1.221110691158359458e+02 5.794670285420826303e+02 -1.298136220333727249e-13
-1.326589688258926714e+01 -2.968421887142487492e+01 2.636596213134339450e+01 -7.067523884251767186e+01 3.279941523978797022e+02 -1.024569859298724739e-13
-3.405052484251263678e+01 8.523990540706170904e+00 6.718114860242128827e+01 -1.621810216281947987e+02 6.534848517768298279e+02 -1.300894571507493193e-13
-1.378925248937381021e+01 -8.284006548994383934e+00 5.604286107016709195e+01 -1.491801128779504495e+02 6.498314499312930366e+02 -1.260990374076528250e-13
-6.022644056997699380e+01 2.197328260460953686e+02 2.980965103682770234e+01 -1.482230660524049313e+02 6.438181344851026324e+02 -1.380152084828542436e-13
-4.314743304283033609e+01 1.547826094849343690e+02 9.134851962995215402e+00 -8.242858515559579757e+01 3.817680724656169673e+02 -1.201575556468930106e-13
-1.031296469558633255e+01 -4.283424042504762497e+01 3.282058278970100673e+01 -7.973698228537710975e+01 3.572188227919560291e+02 -9.198540264083190321e-14
-9.490074385972286564e+01 6.508922690651390894e+02 -3.120011488982243009e+01 -1.876920113482441934e+02 9.830605937628001811e+02 -1.991378627024740136e-13
-7.525225375291259411e+01 4.681464426633161224e+02 -1.981349207829862635e+01 -1.546744234208098874e+02 8.225210422255174763e+02 -1.772781154518113823e-13
-7.219421946257777734e+01 5.335408766621085306e+02 -3.448935570428775321e+01 -1.407295152255148594e+02 7.747315049620592617e+02 -1.749253459363782394e-13
-3.042479489031973117e+01 1.104326884211083097e+02 3.441233825241070576e+01 -1.470269105993739913e+02 6.866708775903568949e+02 -1.293854691053551569e-13
-3.028779645599107084e+01 1.626688486427448197e+02 1.190252437346164527e+01 -1.103005593487216913e+02 5.456108886365511808e+02 -1.264892047244144187e-13
-1.068010298913516039e+02 7.559709633075842703e+02 -5.605452599533635549e+01 -1.494265909569345467e+02 8.078130111513788734e+02 -1.866495249674911767e-13
-2.693029638685277760e+01 2.288662696216307211e+02 -6.339196683313622849e+00 -8.375879806228039115e+01 4.353971150586466479e+02 -1.224665198720441133e-13
-5.709608904630917436e+01 1.721698888648907939e+02 2.218570449121791555e+01 -1.441216205258911884e+02 7.000925188659556397e+02 -1.379656116482859228e-13
-7.296315665759863123e+01 4.008674445690970742e+02 -3.323481997455164816e+00 -1.531562696789366100e+02 7.561118272751238010e+02 -1.557438490870189392e-13
-2.940566980391665197e+01 2.453936586337052859e+02 -1.838595650054876529e+01 -7.344809862906595299e+01 4.311331140570025013e+02 -1.181544393805870884e-13
-3.965348988487447457e+01 7.325266015316116430e+00 6.564039956917802954e+01 -1.617615717311303456e+02 6.614216898875272364e+02 -1.318303305553759581e-13
-8.517912253153102142e+01 4.860435020764325600e+02 -1.147271771220166592e+01 -1.583034801050572753e+02 7.802968191506762423e+02 -1.659793651913185832e-13
-1.249828245504934756e+02 7.444586779102384071e+02 -4.342008697224147795e+01 -1.932419725659320875e+02 1.029872297736093969e+03 -2.010474300924356738e-13
-8.298452585279386895e+00 1.322068214108449524e+01 2.444408977281562656e+01 -7.476507724375873920e+01 3.362496260283922993e+02 -1.110400715829192042e-13
-1.318990299950124268e+02 7.664416275738736886e+02 -7.690384764575483700e+00 -2.576286501601903183e+02 1.217570832376381532e+03 -2.196497422588924478e-13
-4.556372852409020879e+01 2.336763265080589917e+02 7.243645439442631506e+00 -1.099325696704076734e+02 5.207682818955886432e+02 -1.248898595999065216e-13
-3.862947339777176126e+01 3.770851447400906409e+02 -3.059339401888526311e+01 -9.994610502667970309e+01 5.906549617479764720e+02 -1.356374515076201294e-13
1.251625873778566378e+00 2.539059059556951681e+01 1.947470900593324217e+01 -6.372928892994837469e+01 2.849551344492197131e+02 -1.075827249105597860e-13
-4.647830012286865298e+01 2.439716154174633971e+02 1.020264550164368700e+01 -1.437495884881730035e+02 7.215811856290983997e+02 -1.367561170625326137e-13
1.682083311406922910e+00 7.647455118538385932e+01 -4.997521937353499588e+00 -4.634696953119878771e+01 2.873694666318801296e+02 -1.048935129995083316e-13
-7.191853852596436525e+01 6.493208311689325001e+02 -5.561015206901743113e+01 -1.290904214277711617e+02 7.466907599505025246e+02 -1.741709930227415050e-13
-1.865321238344428778e+01 1.417299611064493661e+02 -1.077550968304895607e+00 -4.923886438964066770e+01 2.336896290413000941e+02 -1.012401712897677517e-13
-1.915897665940611105e+01 6.566591986351755850e+01 3.147352451660334793e+01 -1.004478530240612173e+02 4.252849591085285397e+02 -1.273466831914765904e-13
-1.698679119439471563e+01 -2.367409408923853675e+02 1.164246021665372979e+02 -1.774287668083873371e+02 6.207817247568635821e+02 -1.166344379493129227e-13
-5.369078236320394382e+01 2.826912698822929997e+02 1.038670454070257065e+01 -1.259829865988605633e+02 5.724775818812524903e+02 -1.435513988117694940e-13
-4.573287288422063313e+01 3.536851628484105277e+02 -1.903160321752287132e+01 -9.458465202211803557e+01 4.977190363687113859e+02 -1.354044635110856322e-13
-4.113351884446080931e+01 -2.627528464464587543e+01 8.187365814358470573e+01 -1.748653096416467747e+02 6.701887232548782549e+02 -1.282462549082845904e-13
-4.338751740480844887e+01 3.447055321332639437e+02 -2.294071059591436779e+01 -8.999397086138344548e+01 4.985154434987400123e+02 -1.282728742543613380e-13
-1.719779261463006392e+01 1.088293143539397079e+02 4.874582992197680653e+00 -7.401949443006409979e+01 3.863396553337232149e+02 -1.218354498303584917e-13
-1.037049153624176334e+01 -4.816731530417637686e+01 4.507037699220656890e+01 -8.821854821110875378e+01 3.396504937216122926e+02 -7.873949588432473426e-14
-1.487890030217567983e+01 1.958507003220368858e+02 -1.253441877599260934e+01 -5.106503876219891680e+01 2.795892742774623798e+02 -1.089949262654180144e-13
-8.798659192374902460e+00 -1.725486142056644212e+02 6.292308167813458653e+01 -8.913208313138177630e+01 3.228564149536740615e+02 -8.658949641525200324e-14
-3.170631532987330559e+01 2.297218703011844809e+02 -1.034909390131487328e+01 -7.999788533136791102e+01 4.351838339426199127e+02 -1.140561120543756030e-13
-8.938128485969207304e+01 3.776001250159209235e+02 1.754903481315350078e+01 -2.005406578041492480e+02 9.580116035529883902e+02 -1.765893019055847544e-13
-2.435571046049311406e+01 1.080891397754795804e+02 1.129658746044327700e+00 -5.427981348617846180e+01 2.781772053989548681e+02 -1.083760145983295137e-13
-2.827664909146677985e+01 -3.770727469854169556e+01 5.093273424489612466e+01 -1.250413047762715877e+02 5.419412735124737992e+02 -1.132313633896886805e-13
-1.792831341832837211e+01 6.471658229319604061e+01 9.575166653396845362e+00 -5.851594869812137034e+01 2.844291639389198849e+02 -8.781036990748619520e-14
-5.832869889626505966e+01 3.124671267329426314e+02 -4.780287790026620520e-01 -1.165692171242341004e+02 5.569229380092448309e+02 -1.297762933223633091e-13
-1.762349156045835130e+01 5.927823735582471443e+01 1.047226015040815916e+01 -7.815177033243686822e+01 4.146904196481125950e+02 -1.066903190203021971e-13
-3.345690189817983651e+01 5.731613713406076727e+01 4.749112119949836597e+01 -1.235318436715121493e+02 4.839582000757382616e+02 -1.131633964554322601e-13
-2.731572791265944034e+01 2.245161164513638141e+02 -6.858128452764959526e+00 -7.669902123263669580e+01 3.944601833108272331e+02 -1.081422215717473170e-13
-4.402432475878151052e+01 9.965278753865732142e+01 3.793534493318494327e+01 -1.315362409344643311e+02 5.678768236577354855e+02 -1.229539962430956377e-13
-6.679526167911062906e+00 -5.687361618159004450e+01 4.466152587215275815e+01 -7.962769753287082608e+01 2.909187840239240472e+02 -8.993248870571479706e-14
-6.202634583159446180e+01 8.904134815387298829e+01 6.959149165310560647e+01 -2.047363548916248703e+02 8.649106517839132948e+02 -1.396951701760033490e-13
-6.807256543399820714e+01 4.588506146034535504e+02 -3.829991769095077103e+01 -1.020146542709115209e+02 5.938133871029100419e+02 -1.464536027468901146e-13
-4.925682579034889841e+01 2.017303972683876623e+02 2.316656469031416421e+01 -1.271925694882760780e+02 5.582497154928760210e+02 -1.417063366945174700e-13
-3.059876760220801728e+01 1.679813584012053980e+02 -1.335687545506074159e+01 -6.110433045606290392e+01 3.728533266260968162e+02 -1.081563950077686917e-13
-1.098549764061615086e+01 1.675597806908802454e+02 -1.229845041027059871e+01 -4.545589904899190259e+01 2.611758845537473803e+02 -1.060041461083908272e-13
-7.305787220978837126e+01 4.112240229195787151e+02 -9.802083575704161333e+00 -1.302928019647555118e+02 6.363070827494558444e+02 -1.394365548052051808e-13
-4.635744571122256730e+01 3.022952392363675926e+02 3.573484081811890700e+00 -1.359383608992522170e+02 6.686554991430958808e+02 -1.487750325335471552e-13
-8.119117414764743046e+01 5.659047836263683848e+02 -8.969652678461391915e+00 -1.953460572609856172e+02 9.545488622652344475e+02 -1.927797223575952927e-13
-1.505022332524691997e+01 9.717690313047768313e+01 1.876409155204367352e+01 -1.035620211273591167e+02 5.045020811181522049e+02 -1.097425071318370388e-13
-1.136040364256929003e+00 -3.876985559745914145e+01 1.090502052264895561e+01 -4.780594551289453165e+01 2.800209597607214960e+02 -8.685179347436617247e-14
-6.807159954372441746e+01 5.290800486157863816e+02 -3.422792340569609593e+01 -1.326257094643838172e+02 7.218554485537489427e+02 -1.538994527855624349e-13
-6.133721166638198241e+01 3.074097300974659106e+02 2.766938725142334299e+00 -1.285112791499267075e+02 6.201309862418858074e+02 -1.325449732708030904e-13
-1.729526420036038203e+01 3.192864207220308970e+01 2.960070472097640248e+01 -1.055459458681376930e+02 4.963776698648151751e+02 -1.171320489638665406e-13
-1.429143093302403145e+01 -9.871973106529491560e+00 1.999596047855134628e+01 -7.005144291544833379e+01 3.500548153484054410e+02 -1.141342030070525641e-13
-3.317795220138299328e+01 3.582974370271930411e+02 -3.365937216629667716e+01 -8.206217454938291667e+01 5.038917328075294222e+02 -1.390346202061750106e-13
-3.797809514996082925e+01 2.647708135388237451e+02 -1.206102263324164880e+01 -8.275705597922468826e+01 4.389260436608603868e+02 -1.304346512803225002e-13
-4.844533937115910049e+01 3.440800563066035807e+02 -2.450534466811699730e+01 -1.001582344023227336e+02 5.773376155131920768e+02 -1.351739691228955723e-13
-6.686704939222336463e+01 2.849997835174165743e+02 2.954874022341601503e+01 -1.754951017680248526e+02 7.808329437390810881e+02 -1.486587077409873289e-13
-8.188573279130208959e+01 4.663456156639188634e+02 -1.907710851098794436e+01 -1.377052383710672530e+02 7.050427647796902875e+02 -1.556255553766948784e-13
-2.953129467346824910e+01 7.712132185692732378e+01 3.233736000681790301e+01 -1.156002752032434273e+02 5.131916749935192001e+02 -1.111343668017390770e-13
-5.449617216365161454e+01 3.265732748566637156e+02 8.639365956770403088e+00 -1.445946188409789954e+02 6.765251804887404887e+02 -1.447312679499795080e-13
-4.969520759317646252e+01 3.879757514333404629e+02 -1.975589976064394548e+01 -1.113497317517457361e+02 5.898502247345799105e+02 -1.491331144028903474e-13
-2.374125811434634770e+01 1.796506771533992151e+02 -6.041947305555042114e+00 -7.073425697551766689e+01 3.821283786888801615e+02 -1.128675981967371322e-13
-5.311301504214549851e+01 8.817954248020113539e+01 5.457860062962948433e+01 -1.699837436303338336e+02 7.281257638063474360e+02 -1.383472598532810095e-13
-4.527500721387435334e+01 4.026288081939248400e+02 -3.662573978055161383e+00 -1.677169978469385114e+02 8.548808203601968216e+02 -1.738132555050763552e-13
-1.083080297423088467e+02 7.175029719523287213e+02 -2.873212295489496171e+01 -2.015183688026600635e+02 1.011201980790050811e+03 -1.866280458300058966e-13
-5.659360622957905917e+01 4.066599700525175649e+02 -1.474422981184831727e+01 -1.188106405227654108e+02 5.941455394044829745e+02 -1.384366307664694756e-13
-3.670972864160999194e+01 2.020119242187849409e+02 5.656744599009672747e+00 -1.160017825231194166e+02 5.950325858297443347e+02 -1.394026152852504693e-13
-4.949632966137676959e+01 4.748317901734239967e+02 -4.408613285091184508e+01 -1.001041441867590152e+02 6.062997699863065009e+02 -1.437507098784898532e-13
-3.535937662244367630e+01 1.651488422725117857e+02 1.057265271211544189e+01 -9.867536681834212686e+01 4.741545505919816037e+02 -1.174924385384883083e-13
-2.493691536977015133e+01 -1.058586599018700554e+02 6.996463841437383735e+01 -1.277003753341133745e+02 4.879653620453406120e+02 -1.072065843706443411e-13
-7.227838323690625089e+01 4.613228887808623995e+02 -2.438380039342752070e+01 -1.148051531067362134e+02 5.887928068572553002e+02 -1.573101951294202522e-13
-1.018362185062595131e+02 4.322033091777202003e+02 3.017108806848909452e+01 -2.405279031761922397e+02 1.105783476079518096e+03 -1.755001490900215769e-13
-3.523633710479232573e+00 6.768226211337596965e+01 -2.451539500214976908e+00 -2.688418966191799697e+01 1.466711202672502736e+02 -8.791736809348925619e-14
-1.259084403658617823e+01 7.280901143024279065e+01 8.843472539182192449e+00 -5.160310974785935656e+01 2.366917591874607751e+02 -1.028527905394421216e-13
-1.434029583335063762e+01 2.618283306795921135e+02 -2.089665010611507867e+01 -7.747371140661137190e+01 4.622005536719242400e+02 -1.295083545414850825e-13
-9.066969544076027887e+01 5.329309603727255080e+02 -1.903696191303136231e+01 -1.694668016231657646e+02 8.693412119534688145e+02 -1.678268636956987985e-13
-8.324172532929141610e+00 6.057481783044156742e+01 6.964947392033378648e+00 -5.435862324936821466e+01 2.762556491140154549e+02 -9.079465964700289904e-14
-7.913574417078098122e+01 4.804882652427562562e+02 -2.532247527739712822e+01 -1.359634025989915358e+02 7.229582694934425717e+02 -1.504570353197259883e-13
-6.083960801728685652e+01 1.109471482118123333e+02 4.135836137312522709e+01 -1.542155877439277845e+02 6.901027306710510629e+02 -1.408553586500019057e-13
-3.742806362577389478e+01 1.477549206092687371e+02 1.311229761209580857e+01 -1.073008576393320226e+02 5.286599957180106912e+02 -1.345286036021830316e-13
-4.314544182566320529e+01 -9.177502632681193973e+01 9.100390034260259142e+01 -1.806854733002539319e+02 6.989767632015109484e+02 -1.258539803747098178e-13
-5.026262126299570809e+01 2.763265200011546767e+02 -5.925885211838467725e+00 -1.169996984012041992e+02 6.213165915620829765e+02 -1.423572926997202733e-13
-1.011079374007637597e+02 6.174591782047107245e+02 -3.435999546161489349e+01 -1.593903632199496769e+02 8.376335240604868204e+02 -1.701027488628301706e-13
-5.323985716910627275e+01 2.930725489088088125e+02 9.336248239267215254e+00 -1.285031209945328783e+02 5.885171889973290718e+02 -1.330397332882722394e-13
-2.747419070880182801e+01 2.218700022321895631e+02 -2.443657524286145133e+01 -4.642014634747344815e+01 3.055078166881800144e+02 -1.131203859963594337e-13
-7.386580990235313493e+01 4.095623786597287221e+02 -1.635783936576661901e+01 -1.215609668475300822e+02 6.208431066495325013e+02 -1.563498552963041252e-13
-5.977477776705976709e+01 4.217097284663504411e+02 -3.100064520008287161e+01 -9.443956589495233800e+01 5.234218552191404115e+02 -1.339724390307538674e-13
-3.155004396326960148e+01 1.862392101095248620e+02 2.306862279024985440e+01 -1.306121181451088091e+02 5.932612885510698106e+02 -1.283759956441058122e-13
-2.173836518254405448e+01 1.661095810154183994e+02 -1.234551158538111260e+01 -6.042511713647402871e+01 3.631816593685729231e+02 -1.153545852923401228e-13
-1.286259803370876931e+01 -3.409302741795247726e+00 4.808722749810533514e+01 -1.119957832439968684e+02 4.472469273478325249e+02 -1.068408125071543668e-13
-3.997192060832523453e+01 -9.118840679895643575e+01 7.848669979141472197e+01 -1.615966302918378119e+02 6.504378548303487833e+02 -1.180974135349671984e-13
-3.301209349103858415e+01 -9.763816760412058926e+00 4.121986452338245499e+01 -1.126760999390297115e+02 5.005094368607634578e+02 -1.137663734279502449e-13
-5.662057085279363378e+01 3.909365145835689077e+02 -2.762159949131696735e+01 -9.571728378987796759e+01 5.329895289749596259e+02 -1.453071574226482616e-13
-1.555106798762580134e+01 -4.046022781708888516e+01 2.276436760478897980e+01 -7.017976227094142416e+01 3.556728307806901057e+02 -9.750484574688803319e-14
-2.571434834375221001e+01 -4.050214043123572338e+01 7.038414895395251847e+01 -1.598529545576730868e+02 6.533649950186827482e+02 -1.305803175900000744e-13
-1.327950302648413015e+02 9.973449789864997683e+02 -6.353908262441596122e+01 -2.271559715797233707e+02 1.200815596250232602e+03 -2.279619059313055558e-13
-1.771915068297644424e+01 -3.789801515569319434e+00 3.048027651974439678e+01 -7.806406650581180884e+01 3.322528935906525476e+02 -1.102588035383354650e-13
-2.506874592449463179e+01 8.176972321835249602e+01 2.647773574583349898e+01 -9.150763353815315782e+01 3.853546253213500563e+02 -1.040400060312831467e-13
-7.069940914858744918e+01 2.952283244454781084e+02 3.014134727246834800e+01 -1.761750943050502940e+02 7.740828561269594275e+02 -1.595762449631034996e-13
-3.248983598124072358e+01 9.219090249665403292e+01 4.833180333385766403e+01 -1.604567502647567778e+02 7.011630655960597096e+02 -1.372890567379410137e-13
-9.808469948455417864e+01 6.393735351436212113e+02 -4.901830419017952778e+01 -1.521712022263808421e+02 8.669296233736705517e+02 -1.758527897475231543e-13
-6.750511927977082394e+01 5.227646563591330278e+02 -4.812970630428465313e+01 -1.082368439166641707e+02 6.516355435523090591e+02 -1.556552672083097815e-13
-3.319425081830382851e+01 -3.649440467081971207e+01 4.689203571385622382e+01 -1.149435293215236982e+02 4.990601397163264892e+02 -1.116079122232383348e-13
-3.402045506024737165e+01 3.418742132242921912e+02 -3.219098415364478427e+01 -6.677123931601266804e+01 4.037599659488589054e+02 -1.277607564811613476e-13
-5.077385287588111140e+01 4.437559705616271231e+02 -3.481347294450132068e+01 -9.420149713351561616e+01 5.300429407852085433e+02 -1.368943473514219999e-13
-5.054081500390437753e+01 2.571490736342638002e+02 1.300576140279515691e+01 -1.342934189898823263e+02 6.303492876946783099e+02 -1.350230290407413138e-13
6.144066050830732983e+00 2.862432511040757177e+01 8.434514865813838469e+00 -5.900174698832374531e+01 3.215531099943908657e+02 -1.051259024350210146e-13
-3.143993862155670271e+01 1.187633165214570283e+02 2.047612830786269456e+01 -9.529326430257378888e+01 4.220610343056704323e+02 -1.109508103580358081e-13
-2.844493225853726059e+01 2.398265811619955343e+02 -1.122562483667629074e+01 -8.715940536026073460e+01 4.815159877144400866e+02 -1.133564515978373512e-13
-3.162909956563652614e+01 2.251245147634245143e+02 1.299595171831690799e+01 -1.246355397537488017e+02 5.890378680335760464e+02 -1.351077912796694591e-13
-3.053261650567895913e+01 1.316248411741773054e+02 1.327573252979874674e+01 -8.878915905763913941e+01 4.150233405927836543e+02 -1.052001862781637404e-13
-2.322930427857881241e+01 -6.824224740352367036e+00 2.750132070897036840e+01 -9.477196009778492680e+01 4.659042767249614485e+02 -1.019884561939775548e-13
-1.790761956030679158e+01 -1.365727767112446713e+02 7.426755341099585905e+01 -1.418943856539506214e+02 5.784039715473587648e+02 -1.155146263358296663e-13
-3.905317816949715137e+01 1.866968044372311795e+02 1.684392694951994329e+01 -1.043404397962993073e+02 4.561969968277383600e+02 -1.195947352849296022e-13
2.017809145164531692e+00 9.087668571560297437e+01 1.031651616395079241e-01 -3.851891897806461884e+01 1.914567992922247868e+02 -9.751944946687447978e-14
-1.031687282614647394e+01 1.323586157901692388e+02 3.702143251999828077e+00 -6.784297243908089570e+01 3.350229450413273753e+02 -1.049630985357480798e-13
-3.842908787421539785e+01 1.615374986079309565e+02 8.884422516228509537e+00 -1.025092540984840355e+02 5.134062269193356087e+02 -1.216196961092230758e-13
-3.806617366011823123e+01 1.667164391651856477e+02 1.477187558373975973e+00 -9.103429931293510435e+01 4.799262195279572438e+02 -1.246183134446382536e-13
-5.777694801409020187e+01 3.905849284353305393e+02 -3.178793573479083889e+01 -9.737357840717523061e+01 5.710865130552042501e+02 -1.453603934484269565e-13
-7.496475895549611579e+00 -7.524139482909558296e+01 1.936858387705662921e+01 -5.709965868126484878e+01 3.150831404603486590e+02 -8.685700283650929541e-14
-5.229564159382240263e+01 3.072425445138321152e+02 -1.210463057255153885e+01 -9.585731701087385659e+01 4.960385466753248238e+02 -1.311131807244364821e-13
-2.398994103035614955e+01 6.520681530927393510e+01 1.734809768892794679e+01 -9.633795474100134015e+01 4.885256396100672873e+02 -1.163804998319017844e-13
-6.214776659128354908e+01 3.349332614231744287e+02 9.663186345990133930e+00 -1.479530895730495388e+02 6.863930260259924125e+02 -1.415969850686765177e-13
-4.935875878952607110e+01 3.864065049592082346e+02 -8.091054130898996277e+00 -1.374530487743339222e+02 6.917329009260000703e+02 -1.597817887307908299e-13
-1.257442070848542670e+01 -9.552266830792072483e+01 3.666153204033438584e+01 -7.609484926778836211e+01 3.468695204179638267e+02 -9.380599430801830888e-14
-3.761067178856423965e+01 3.340587031764692938e+02 -2.550333169821366397e+01 -7.672856419597317768e+01 4.335883001507797871e+02 -1.268686774771533084e-13
-6.799999113703323417e+01 3.638972983986250824e+02 9.045333493693213711e+00 -1.594488993927349441e+02 7.463347680650884968e+02 -1.529429869400378887e-13
-1.901711838786364339e+01 2.908072717405912044e+02 -2.202759249780442730e+01 -9.863252109219884289e+01 5.903838351597843257e+02 -1.284397086258253009e-13
-8.692176752923461436e+01 5.792088294796111541e+02 -2.753279066043919698e+01 -1.544120804841764993e+02 7.885418759467117980e+02 -1.603319921783925550e-13
-1.092941465967014247e+00 6.896593396493318551e+01 3.688195025664521953e+00 -5.324395498208902922e+01 2.835913912721904921e+02 -1.010306695472911722e-13
-5.368648148819266197e+01 1.209356037658146192e+02 4.654663544274723819e+01 -1.614593737375716955e+02 6.982024909370766181e+02 -1.318005484036350898e-13
-6.114460676189421662e+01 -7.825105348136506223e+01 1.137687787013959166e+02 -2.405205505674742028e+02 9.453920180578751342e+02 -1.454213846650027038e-13
-2.391369861408452024e+01 -5.070536257468698693e+01 6.599295586614577758e+01 -1.387841990367082019e+02 5.473697634710908915e+02 -1.161857695760745550e-13
-6.885010018681059307e+01 3.531104855514524274e+02 -3.639540240895958512e+00 -1.355301818574797892e+02 6.747650462680348937e+02 -1.535169125859062418e-13
-4.123771585454846189e+01 -1.345165676727775406e+02 1.116100044795662711e+02 -1.978087860583974873e+02 7.134640314843879878e+02 -1.132235733803691298e-13
-4.368523030014552688e+01 1.840757211298330844e+02 1.054031907013994918e+01 -1.140827888321296371e+02 5.640238615403210360e+02 -1.200788050392234123e-13
-7.379240944936435653e+01 3.421621058333973338e+02 1.602779473367301222e+01 -1.805930895937449350e+02 8.597208978815749560e+02 -1.552754880233889562e-13
-1.004704156951959071e+01 1.232824803049839630e+02 2.043347534670755294e+01 -9.555617779690021507e+01 4.207779528320360214e+02 -1.234535615438984934e-13
-1.027410214723456221e+02 7.324231082143601270e+02 -4.955486849503866864e+01 -1.624144925521015921e+02 8.707924301343506386e+02 -1.905867810263960598e-13
-6.204102289146658222e+01 3.820941912352494114e+02 -4.158810079453679087e+00 -1.337904118727016396e+02 6.450781876073385774e+02 -1.464574872198342472e-13
-4.554111676968657463e+01 3.972556410106176372e+01 5.798577024636695398e+01 -1.573780815680659089e+02 6.571806199761166454e+02 -1.244976733155415432e-13
-1.672434470205054069e+01 -1.321091323830887632e+02 6.381653871144752799e+01 -1.066024613332247810e+02 4.048379379510024592e+02 -1.020223504489262483e-13
-4.716314923271981030e+01 6.948643981663981606e+01 4.981163622671984115e+01 -1.481231635118395502e+02 6.254601690590618546e+02 -1.181023799877275430e-13
-7.501621059063815267e+01 5.203376918431307558e+02 -3.584614327746692908e+01 -1.230361798547033345e+02 6.741873508799316141e+02 -1.719722763243401410e-13
-1.133784979544651783e+01 7.961850196314682049e-02 1.937764198631554180e+01 -5.901132373777969775e+01 2.724757279434483621e+02 -9.264559712351799054e-14
-2.719367088232300844e+01 -1.164637567036577224e+02 5.884256612657635088e+01 -1.227917665916556444e+02 5.340497868074132839e+02 -1.014329327335092166e-13
-7.000688500063937170e+01 4.633280357889107108e+02 -1.186988504890051210e+01 -1.403100080444923208e+02 6.785810290901208646e+02 -1.572710950604308917e-13
-2.706425973531661100e+01 -8.187713474299236793e+01 6.497353265593875449e+01 -1.402711658592277502e+02 5.868283402061192646e+02 -1.088971891819764939e-13
-1.227429977278663529e+02 9.548184869627002627e+02 -7.638405935481961251e+01 -2.005071679134286455e+02 1.135263469343382440e+03 -2.177400033141777469e-13
-9.932620438417576736e+01 5.085086086235477296e+02 2.039475648792230089e+01 -2.398153379657232165e+02 1.107526693805186142e+03 -1.795092726257984733e-13
-4.950735671038970054e+01 2.590852593969396480e+02 1.405928569394548866e+01 -1.513287236551946648e+02 7.367005200945781098e+02 -1.421661289484808933e-13
-8.199551686893860847e+01 3.087010417447806958e+02 3.319207170949562169e+01 -1.965933983453390397e+02 8.818917182669088106e+02 -1.721842065302735293e-13
-3.735085484554776514e+01 3.003307304585057977e+02 -2.861184387596224354e+01 -7.277295154324987436e+01 4.517263430778164661e+02 -1.348140731369296435e-13
-6.258973899742545655e+01 1.834346650836387767e+02 3.496859697039079151e+01 -1.662006554364662350e+02 7.583143374382859747e+02 -1.389822691096010966e-13
-1.053470312585749724e+01 -5.348490715450904531e+01 3.481850345510338229e+01 -6.478936414630220497e+01 2.517553151062595873e+02 -8.638405386824857503e-14
-3.570963485068889298e+01 4.890516759524771828e+01 4.786801735139813729e+01 -1.294667160513896249e+02 5.276290679442054170e+02 -1.119626731526130703e-13
-6.754798934980871650e+01 2.075009671725756562e+02 3.344721714986366123e+01 -1.570627350615571913e+02 6.889297282801206848e+02 -1.333765365167402192e-13
-4.943130723116102132e+01 3.724575324444440412e+02 -2.828818981612567995e+01 -8.618711715467210865e+01 4.867829253578651105e+02 -1.308809733145652546e-13
-4.855158855720132038e+01 3.294608868304566158e+02 -1.441679814034230667e+01 -1.009210273680833154e+02 5.285585643455988247e+02 -1.360295949255517561e-13
-2.170475451431954994e+01 3.847881038822383459e+01 3.580066738468834586e+01 -1.094155764711572800e+02 4.778379171120237174e+02 -1.186297845631013935e-13
-1.068285504186270352e+01 -7.916687320525551286e+01 5.140711934348937717e+01 -9.693858380725922075e+01 3.804623872869924526e+02 -1.041582432650021847e-13
-9.034999382063703877e+01 4.142639522230716693e+02 7.403092078867778980e+00 -1.701103081171384872e+02 7.914900264948809081e+02 -1.562594157253488359e-13
-5.244618747489701605e+01 2.043970039908759588e+02 1.267987516752512356e+01 -1.218373125664796390e+02 5.874971705181202424e+02 -1.217799823793726280e-13
-7.267268989919162436e+01 6.112314873939183144e+02 -5.361460988970462438e+01 -1.186770960454665271e+02 6.919085379583685835e+02 -1.565417200002712174e-13
-2.118999472251012151e+01 4.062165333447158844e+01 -7.940484504002700561e-01 -4.955597880854428894e+01 3.083734532802956210e+02 -9.880706553772268365e-14
-2.257973263723409829e+01 1.301312769699773071e+02 -1.282675721377500189e+01 -4.415000088985536308e+01 2.833124995523784833e+02 -9.930112202702206140e-14
-2.223108782943120332e+01 1.673497207163378846e+02 4.581912432256432410e+00 -9.620932351172814379e+01 4.943528830185146603e+02 -1.280410972197002368e-13
-5.416820963934882371e+01 -1.092356968714053167e+01 8.890818474631157642e+01 -1.988758772736209721e+02 7.752328963704578655e+02 -1.257126698719176030e-13
-2.886764611384531420e+01 2.983996811079798590e+02 -2.676455380915260918e+01 -6.197735084201760003e+01 3.687285165584974038e+02 -1.290433591167428370e-13
-5.316602766227251919e+01 -1.684466183063876699e+01 8.451055324598573293e+01 -1.910038077318085641e+02 7.548500712586685495e+02 -1.358045946866742418e-13
-1.119604393825857080e+01 5.100513996946499873e+01 1.379912318165457119e+00 -4.663014830762134721e+01 2.671322658399545276e+02 -1.020464014821738631e-13
-4.032307926145775667e+01 2.948273223833388101e+02 -5.830051304923910216e+00 -9.144209556223653124e+01 4.352715676932160136e+02 -1.278079121577324325e-13
-3.727438964477163807e+01 4.104170867002594036e+01 4.756443957662672517e+01 -1.318126584434574511e+02 5.511303259331914433e+02 -1.322397137368894814e-13
-6.494596003277349894e+01 2.272622033627970950e+02 2.314470983625572131e+01 -1.519257202802702693e+02 7.058902074470487378e+02 -1.416471867074280652e-13
-4.200635334371870755e+01 2.881082606743543124e+02 1.148297588130525959e+00 -1.195819565536972675e+02 5.846707547034657182e+02 -1.346855175420256188e-13
-5.736015177174697754e+01 1.907406054627195147e+02 1.610014340826826995e+01 -1.255588138829722453e+02 6.006400445895072835e+02 -1.330348620569953748e-13
-2.775906941811901518e+01 6.942711975534210467e+01 4.636430508479067925e+01 -1.524446445026740093e+02 6.766518269046194973e+02 -1.345468572765717015e-13
-4.224199802689030747e+01 2.476279436413161648e+02 -4.126189991477839492e+00 -1.061826704618250830e+02 5.581682703906081997e+02 -1.438835435007634888e-13
-1.133572168001501801e+01 1.986916539207459209e+02 -1.744630241465261378e+01 -4.509850789032677909e+01 2.688684820037684631e+02 -1.187710229955874596e-13
-4.371772407162100649e+01 3.334880213794437509e+02 -5.941538850842553288e+00 -1.246084138590974106e+02 6.305256080727011749e+02 -1.401873094962504134e-13
-4.516334230896786295e+01 9.845409212490917383e+00 5.442210043307589729e+01 -1.398792870735538543e+02 5.843553931055452040e+02 -1.178855532782287696e-13
-2.928132729366626918e+01 1.399432303781098312e+02 -8.045380436978435412e+00 -6.599698384902841042e+01 3.923267238945601889e+02 -1.128708493407550390e-13
-1.457541596631758409e+02 8.699752061254386035e+02 -3.072584912348788322e+01 -2.582728520160175094e+02 1.293389496129821282e+03 -2.255499185253413623e-13
-4.167404830701722318e+01 1.689210645643996713e+02 2.461017731118883489e+01 -1.488382667026007766e+02 7.186528772386085393e+02 -1.396349244494265823e-13
-6.835590979407798784e+01 4.630920278357181701e+02 -3.332235409401534554e+01 -9.835781529198860085e+01 5.342063332040247587e+02 -1.475033823360224460e-13
-5.361343609255106202e+01 5.868819028654363592e+02 -6.309184147130391551e+01 -1.266508721545854428e+02 8.241680884598799821e+02 -1.745542214506754168e-13
-1.768287597491255525e+01 7.930792199904870721e+00 8.851949439146261867e+00 -7.121719592066126836e+01 4.162225102986131446e+02 -9.776019662660870814e-14
-2.134906665855599783e+01 -2.799396887562375014e+02 1.208121334153538413e+02 -1.710975420337354933e+02 5.818705587124484282e+02 -9.893708080411750151e-14
-1.492921967209667855e+01 1.599577123154961633e+01 3.065430074406615546e+01 -8.321605014489381347e+01 3.512210864254998910e+02 -1.039397318502186842e-13
-5.339886098863053121e+01 1.593370702452632486e+02 2.728223911533461532e+01 -1.453043726996727685e+02 6.848180631833519101e+02 -1.318507125948900421e-13
-6.202291208281610579e+01 5.248391395665345271e+02 -3.913461395490811157e+01 -1.195054838383936584e+02 6.682163340079905538e+02 -1.590246168957038121e-13
-7.936027104659000031e+01 4.463430580819157854e+02 1.491885952633115631e+00 -1.702852278048197832e+02 8.069571471319914053e+02 -1.642969357190821009e-13
-7.781427856352017614e+01 6.627921558898561898e+02 -4.376644511780910562e+01 -1.522277841545723618e+02 8.164241706951524975e+02 -1.806473387511599221e-13
-3.985864127883571228e+01 2.894019768412803728e+02 -1.292510733063891948e+01 -8.564994107111063215e+01 4.457958133931199427e+02 -1.278147141916222501e-13
-5.068199302696985598e+01 3.707340410990725559e+02 -1.102960633579656857e+01 -1.351419407762029721e+02 7.065570670567825573e+02 -1.574855616552384486e-13
-4.667297472395091518e+01 3.150712453855578019e+02 -4.016272168578066903e+00 -1.180359015257962625e+02 5.875455323134190166e+02 -1.324561003285013390e-13
-5.413503187386086779e+01 1.695045266841210889e+02 5.685231640020052879e+01 -1.994804300070201180e+02 8.520404302605746807e+02 -1.658759048135613153e-13
-2.985655449224645963e+01 6.916754525973436785e+01 2.000283292679239011e+01 -8.367564572210791596e+01 3.834692485133696209e+02 -1.134291429602515193e-13
-8.301931193561227218e-01 -6.247812527143208428e+01 3.729919490333333698e+01 -8.435310824399350338e+01 3.739970304796957521e+02 -9.433764702723962524e-14
-3.747984614234015055e+01 2.004365510219090822e+02 -4.273001043440951552e-01 -8.042505798320691213e+01 3.960046823904301618e+02 -1.178131401866343877e-13
-3.568587738545959098e+01 2.844421585687090328e+02 -1.396120866896408508e+01 -8.305765823149769744e+01 4.386567809584470865e+02 -1.279549610400828523e-13
-7.671497413600143034e+01 4.257522459135302597e+02 1.575780307837879368e+00 -1.752254651447444758e+02 8.547777772280510362e+02 -1.729871248663687644e-13
-1.490195415906488385e+01 -1.928431173197459145e+02 1.123863583668554043e+02 -1.816054543752482573e+02 6.424551470668949378e+02 -1.136424857315678906e-13
-4.745631871338317609e+01 1.117981971481903258e+02 6.368863985882205725e+01 -1.883626192603948084e+02 7.759251275379268691e+02 -1.421539832607747983e-13
-5.755316208289097091e+01 2.465457613775069206e+02 3.276757337569580386e+01 -1.874261085335126609e+02 8.686986300937172700e+02 -1.589138729881006500e-13
-4.229320755862585379e+00 -4.011749639656652278e+01 2.231491058231755176e+01 -5.798687851591452613e+01 2.763291471617620800e+02 -8.759141306572948115e-14
8.773127900833816994e+00 1.335384686317677847e+02 -1.719405157649988425e+01 -4.257721146643159926e+01 2.982237512003757161e+02 -1.172500347356294666e-13
-2.077797750684316469e+01 1.223285319979056709e+02 -9.309790192319707947e-01 -5.271216852509236617e+01 2.703715711215173769e+02 -9.605677280696960206e-14
-1.486876802617364213e+01 -1.117082376125243854e+02 5.004065446739081580e+01 -8.238444945413371556e+01 3.153089343267172353e+02 -9.151102107522850731e-14
-6.534616517612835196e+01 5.173390538010205546e+02 -2.339875918847605618e+01 -1.442623444714475625e+02 7.393169912259836565e+02 -1.599714802080107664e-13
-2.072907886049217652e+01 1.884623927331032291e+02 2.118629400685664965e+00 -8.415245118312886063e+01 4.135536903823724515e+02 -1.199366074854271136e-13
-3.776918672726212378e+01 2.560349701645555456e+02 -7.469619973929279233e+00 -8.130843972169176936e+01 4.061850499479537575e+02 -1.134473810351396356e-13
-3.901852473519068809e+01 1.600567449817417582e+02 2.080364463992813029e+01 -1.173718119559777904e+02 5.380222587776021328e+02 -1.279782787902336701e-13
-5.975341756072550226e+01 4.294550149718493799e+02 -1.899053397746487448e+01 -1.285883244675540027e+02 6.703296362419941943e+02 -1.565234706685756643e-13
-2.931652192500935072e+01 2.124583542152668940e+02 -5.325383956171255484e+00 -7.354493911342173362e+01 3.723005706481343964e+02 -1.253980022822183786e-13
-6.020985383919950351e+01 4.146247062310412730e+02 -3.130591468095650143e+01 -1.054667375991955254e+02 6.047249538314201800e+02 -1.499187191752874337e-13
-2.928247804596489345e+01 3.747652625451000574e+01 3.575930433215991400e+01 -1.039170615298518925e+02 4.418739391714728981e+02 -1.103110456862054955e-13
-2.788293884261097233e+01 6.150749095264065147e+01 4.793202143154560702e+01 -1.397211931711304942e+02 5.868898219873061635e+02 -1.372013664977373089e-13
-1.120369432992159631e+01 3.869488365867640312e+01 2.300302249043805958e+01 -8.044732442315930143e+01 3.649501200060705060e+02 -1.166975930980590410e-13
-5.758070227018169618e+01 5.038219905624368948e+02 -3.902012048037370562e+01 -1.048836843050925296e+02 5.846396193095598619e+02 -1.480722759743732927e-13
-3.436519255244956383e+01 2.236696850567047363e+02 -6.376038716221652525e-01 -9.766479981343660199e+01 4.961658560301712555e+02 -1.321784965232313864e-13
-5.349221208401507965e+01 3.257288048157107028e+02 -1.042682214302688415e+01 -1.115131290283261052e+02 5.769411025371236974e+02 -1.508732022903930368e-13
-1.477414809293301090e+01 4.130155350213376408e+01 2.789007743775600545e+01 -9.156494381176128172e+01 4.064536842681881694e+02 -1.113084454049631248e-13
-3.397565788256223840e+01 5.671778491374155351e+01 3.464404063679672419e+01 -1.148323987796394050e+02 5.082526922681174142e+02 -1.122438124641782317e-13
-5.480466344708392512e+01 4.755006087896916256e+02 -1.806915133557159336e+01 -1.370513951799251799e+02 6.874528945359211320e+02 -1.574746656205715765e-13
-5.420007025746890150e+01 3.279319084563952629e+02 -1.890255207721006414e+01 -1.152106385265606576e+02 6.545020944740400637e+02 -1.525790606962901199e-13
-1.726013282623984679e+01 3.990441323663684869e+01 2.451121314655214434e+01 -9.257190874039373796e+01 4.359071734513237288e+02 -1.105808386038878610e-13
-6.072214355801034458e+01 -2.233037690025102506e+01 8.619437505165741698e+01 -2.017904086223714160e+02 8.206108480718610281e+02 -1.229072509501888231e-13
-1.747941125381239402e+01 1.218039835705454408e+02 -2.595344680402077997e-01 -5.259869535926189599e+01 2.656910507069814003e+02 -1.100876875636032712e-13
-8.554723334800401346e+01 4.711726190598972721e+02 -1.280975723886137807e+01 -1.581463220773357818e+02 7.987477870536384899e+02 -1.645262277063579298e-13
-7.043158378586399238e+01 4.856616520363225504e+02 -2.771892122729968122e+01 -1.431232476523192076e+02 7.826478808527371029e+02 -1.785318274482409679e-13
-2.539487060539055108e+01 1.146462393585849213e+02 2.442373099918666668e+01 -9.598118519535753990e+01 4.044129104723175487e+02 -1.178998173141186659e-13
-8.892225632109065359e+00 9.413001442523885487e+01 7.487783861695041843e+00 -8.224764025110945909e+01 4.357203308845736274e+02 -1.381824653841457533e-13
-3.883712149950425641e+01 2.615163101409673914e+02 -1.542622462817078066e+01 -9.253561271481001427e+01 5.286291978503035125e+02 -1.486193859420323538e-13
-6.111382652652596192e+01 3.180106715268742619e+02 1.216969906082979769e+01 -1.608756036115990469e+02 7.696528622703214069e+02 -1.493703003634906920e-13
-2.260572606296868159e+01 -2.305827568453628373e+01 5.270253747848813930e+01 -1.132200315882967772e+02 4.403492826128247657e+02 -1.016515058139649598e-13
-2.992331518154941605e+01 9.269052766459785175e+01 2.866085375390073153e+01 -1.067477723365572331e+02 4.657886347683333383e+02 -1.152361469259351395e-13
-8.791850137890413919e+00 -6.361164049266692189e+01 3.388332750419415618e+01 -6.251184802177994726e+01 2.498860471620304224e+02 -8.285112549377912906e-14
-4.998290042300794767e+01 3.934874295288332036e+01 6.852849451584077656e+01 -1.867639220711223516e+02 7.874464798234705540e+02 -1.400435393494188342e-13
-3.532669473018780337e+01 2.061587237365392298e+02 -2.238877051859399447e+00 -9.111568797311500134e+01 4.752793876378713094e+02 -1.235626476133542373e-13
-1.507872861884388449e+01 -2.287119581829817783e+00 3.966530986889620891e+01 -1.047355957410811698e+02 4.515899079649730083e+02 -1.209401518017649197e-13
-5.323649316288604183e+01 5.064764981222604092e+02 -3.270128575301021812e+01 -1.164207210616198580e+02 6.197510602147278860e+02 -1.593475313870030624e-13
-2.724941341243186343e+01 3.090095673433033880e+02 -2.558768165078938139e+01 -8.958840094293425693e+01 5.390096752654143302e+02 -1.365613172075412865e-13
-4.082797566467358052e+01 3.795951641014996767e+02 -3.487452273176427298e+01 -8.308731385065834729e+01 5.029066625558215264e+02 -1.377250440079064244e-13
-3.382385042085811477e+01 2.548138944274224968e+02 1.319578666004919354e+00 -1.096333597579899219e+02 5.411781830995549853e+02 -1.356339828574671674e-13
-4.063718253571929750e+01 3.304865616101983505e+02 -1.046002097721488155e+01 -9.624809914188068660e+01 4.710281733215678628e+02 -1.294826547298041110e-13
-3.129000732953008068e+01 6.711117413195030679e+01 3.783689288950203888e+01 -1.122164150090718380e+02 4.625569577206884446e+02 -1.145610526384403585e-13
-3.811537778415403466e+01 2.217541665399431849e+02 7.498600670295006765e+00 -1.058922231970757792e+02 5.007403046939235765e+02 -1.296110746779309930e-13
-9.028076276479117723e+01 8.060078650575081838e+02 -6.883385967695602403e+01 -1.602310707480601479e+02 9.255533102185255530e+02 -1.948918045057779992e-13
-4.197004348986889255e+01 3.011352919114698352e+02 -1.507503582673940379e+01 -9.432775799833959240e+01 5.092856224423847493e+02 -1.313080023339799194e-13
-9.455386227854921444e+00 -1.665281899950649631e+02 6.644163538816815162e+01 -1.088936339716859010e+02 4.287329453245307036e+02 -1.047813167059136191e-13
-5.717054161065677675e+01 3.575880468351364243e+02 1.635212286284993821e+00 -1.367422193127942194e+02 6.458127994912844088e+02 -1.453748374895628589e-13
-7.650305528768719832e+00 1.796860378630980506e+02 -4.884582273184195245e+00 -5.957035387536571847e+01 2.996300177509003788e+02 -1.187150558118321672e-13
-4.152085597696749630e+01 1.576497361997838027e+02 1.191930806686268696e+01 -1.259143459071645736e+02 6.541659412723219020e+02 -1.261840225378878187e-13
-2.450293402853657554e+01 1.477670739127790398e+02 1.345120046199485486e+01 -1.037317657661139663e+02 5.024840706420341121e+02 -1.167944885241463474e-13
-8.385198270631191519e+01 3.907312979099015706e+02 1.703772107186167162e+01 -1.772785061905560440e+02 7.952397445943703360e+02 -1.673177961949879939e-13
-3.034565897581270733e+01 2.314890979004488543e+02 1.770543313900678983e+00 -1.052521358456879739e+02 5.259892860505226508e+02 -1.290307916842120279e-13
-2.723510053129331254e+01 1.548501763619480869e+02 2.585197195161818939e+01 -1.182864240982971467e+02 5.156446912874274631e+02 -1.302105312236059624e-13
-6.201899975232734619e+00 3.889768483293401857e+01 6.469561008618553544e+00 -3.402031555415562281e+01 1.586413999109957160e+02 -1.011993796584247033e-13
-7.355948664601810094e+01 4.722213110926448962e+02 -3.307763567662251347e+01 -1.171874090056084441e+02 6.525135658498026032e+02 -1.465204873722688735e-13
-4.347883555434339797e+01 7.201962470968364016e+01 4.133430707842875051e+01 -1.455168169118132653e+02 6.604080442870849765e+02 -1.223393720750385180e-13
-2.537686432243569357e+01 1.465972125440771094e+02 1.313003046716767663e+01 -9.152052140718186024e+01 4.233072914128343314e+02 -1.282684959235953108e-13
-5.913837323182402628e+01 2.490395188778945226e+02 2.729523838802311531e+01 -1.549640723937883138e+02 6.836970458144759277e+02 -1.483492875022538568e-13
-6.140957468334143954e+01 3.379133641758514841e+02 1.702379432734409392e-01 -1.520078982445683948e+02 7.723042427719191210e+02 -1.520318399357514383e-13
-5.554162111875981367e+01 3.715873704274227407e+02 7.824605807717428085e+00 -1.530457501452506506e+02 7.054542843253585716e+02 -1.522875673311138413e-13
-1.231688633064235283e+01 1.499186222828278972e+02 -1.011881947585692743e+01 -4.862162473394071327e+01 2.814648195662532544e+02 -1.029886380640155235e-13
-1.009910380398114285e+02 5.197342023538698186e+02 -1.073851374358694155e+00 -2.075163721422105709e+02 1.019723271009976543e+03 -1.804526902005117676e-13
-2.297982554898442231e+01 3.254659240092928485e+01 9.945737828592955410e+00 -8.298782563136300894e+01 4.702397742937090470e+02 -1.106887408307182113e-13
-3.750657903458614584e+01 3.496064487681694573e+02 -9.685350629639284392e+00 -1.080867543518331360e+02 5.315905323225688335e+02 -1.418005976870381464e-13
-4.504360015304202847e+01 3.168505011517257230e+02 9.526754369580501702e+00 -1.435548054405869891e+02 6.709985048908388308e+02 -1.491678289492257217e-13
-1.972432314127122410e+01 2.095765635055470000e+02 3.385627566287028878e-01 -9.291283302505613051e+01 4.683280673223002282e+02 -1.326346069467042252e-13
-2.327876650392591173e+01 1.788820221814260094e+02 -1.749912620135370034e+01 -5.326901031269105857e+01 3.387077349292391091e+02 -1.168503309447489639e-13
-5.664814640102111554e+00 6.582227679009019994e+01 8.916232398751985144e+00 -8.546754684766310106e+01 4.690337187882836361e+02 -1.148578550974548069e-13
-1.655552735429703270e+00 1.845551088894459610e+02 -2.305958867754904418e+01 -5.030802165853685892e+01 3.502668639762771363e+02 -1.090249949527270012e-13
-5.047096579906767744e+01 1.664723766139004795e+02 1.908396978882513295e+01 -1.337347483574986597e+02 6.543325693034582855e+02 -1.360487332336899135e-13
-2.218694756003768020e+01 1.471155010494637736e+02 7.098496267515308489e+00 -9.436011535787569926e+01 4.806742835810894121e+02 -1.269193949769952686e-13
-2.508115721548511701e+01 6.761148388627134409e+01 4.419283499524225078e+01 -1.262277533828420530e+02 5.156496935859958057e+02 -1.182956129805607374e-13
-4.128675292096809812e+01 2.098476865258343693e+01 5.862091144945200938e+01 -1.473882631917178401e+02 5.997332198014589721e+02 -1.133994988306664599e-13
-1.155218846321212567e+01 6.156135479307955194e+01 -5.433783737047254148e-01 -3.808042370350118233e+01 2.142152010099359813e+02 -9.369851439527045397e-14
-3.837115832298226792e+01 2.401331308069481736e+02 -1.014197748743006500e+01 -8.338581558681819672e+01 4.489754229599221844e+02 -1.298657554222138248e-13
-9.803920123699834122e+00 8.850040004640733571e+01 6.418205218854641458e+00 -5.555251996739618647e+01 2.672460844214630811e+02 -1.023733188531029408e-13
-2.588573300173601410e+01 6.957317628564941003e+01 3.061347779212787756e+01 -1.031573110334789902e+02 4.461388794710655930e+02 -1.120897261615189713e-13
-4.920384361109756810e+01 3.286603803776053923e+01 7.013920597234188392e+01 -1.742760610800970653e+02 6.979358613683484691e+02 -1.468921217313183956e-13
-1.369991511868021838e+01 -2.274687845579907730e+02 9.600591092788815217e+01 -1.485086463027812727e+02 5.504017741091088283e+02 -9.886372572641860072e-14
-6.755191327490051378e+01 1.940440805162997435e+02 4.973127985200913059e+01 -1.832463791651772738e+02 7.704904310581268874e+02 -1.498342825414422455e-13
-3.187345531153267686e+01 3.666529162699745257e+02 -2.770421963671190824e+01 -8.092406459462570467e+01 4.519263159669073957e+02 -1.403361929150968656e-13
-6.714488821863361068e+01 4.261458860272110769e+02 -3.792526132328715160e+00 -1.494507130681925275e+02 7.156125110808578711e+02 -1.633791885496338767e-13
-8.921096900792328199e+00 1.642512194621304502e+02 -7.177382026367449264e+00 -6.189117999129973668e+01 3.412808977781842827e+02 -1.055192802405770343e-13
-5.935598023202197027e+01 4.919550034440198374e+02 -3.586541468136365296e+01 -9.985895466371408702e+01 5.393678055127062407e+02 -1.548149215992460975e-13
-3.056532557081854051e+01 1.551702828783633947e+02 6.406756264398530964e-01 -8.219899996015190879e+01 4.343809038958033284e+02 -1.241770773830177653e-13
-5.564576585602012848e+00 1.440121903519865576e+01 1.380593475000530646e+01 -6.340742211873758549e+01 3.272070342484043408e+02 -1.038436230764849999e-13
-1.158762944146826612e+01 2.265441979645830273e+01 6.490561531874821100e+00 -5.733185321473238361e+01 3.271768887909058776e+02 -9.059420126826002975e-14
-2.918572709440481461e+01 2.630403124343420131e+02 -1.164262731779386151e+01 -9.312571207947888752e+01 5.072253547686004822e+02 -1.325967774318682805e-13
-1.414923073831592717e+02 8.457363711839184361e+02 -3.995032884468795231e+01 -2.137789599047140712e+02 1.071209537593945242e+03 -2.060452892845782513e-13
-3.818913054630101112e+00 -6.301623736232738793e+01 1.312946711906309005e+01 -3.688093611542849004e+01 2.101495823703696715e+02 -9.299614308379780511e-14
-6.367981155512723745e+01 5.239375032148140008e+02 -4.519036744440391828e+01 -1.080197587756322690e+02 6.304743989022708774e+02 -1.685565056112995313e-13
-2.907191472995875881e+00 1.332188300219202404e+02 -9.273896905787628597e+00 -5.035390127078121481e+01 2.999788285308732725e+02 -1.066053137379738526e-13
-1.851322047766767653e+01 2.171673968988457659e+02 -1.698230030151611913e+01 -5.812213541924548821e+01 3.398623125187750134e+02 -1.123375080640796871e-13
-2.249988910713592460e+01 1.224439465109761755e+02 1.675351894963005606e+01 -9.583627912991518372e+01 4.468636711730130742e+02 -1.116113654301585980e-13
-3.752636803855624947e+01 1.341850413127912134e+02 1.787472268273399578e+01 -1.031829127050940826e+02 4.804326934300467542e+02 -1.076546033625995983e-13
-3.450181119711196942e+01 1.127544650340556416e+02 9.857290282094893996e+00 -8.758681427975326983e+01 4.427296071497954131e+02 -1.121413601653124390e-13
-5.059672801873019665e+01 2.617069348698065596e+02 -6.438209225632688160e+00 -1.006932932866942281e+02 5.257261355816540345e+02 -1.362916739311186922e-13
-1.602498508716303505e+01 3.567286382933024669e+01 1.406471455896386225e+01 -6.330002953231225860e+01 3.091803624853814085e+02 -9.824726059269438323e-14
-1.361258538714552380e+01 7.000826713733663098e+01 2.777801362971410981e+01 -9.641275420753595427e+01 4.186487168368951188e+02 -1.086292023129092939e-13
-3.243472856673172533e+00 -1.171117872535036781e+02 6.246252317445300406e+01 -1.223384354442081019e+02 5.082774265650126608e+02 -9.947787827392637007e-14
-5.362443019260708610e+01 7.155592815598183165e+01 6.102247944950082115e+01 -1.855213361332158684e+02 8.035111196752737897e+02 -1.480932103159150315e-13
-1.241268257729169555e+01 1.230837696793849148e+02 -2.930960846762861394e+00 -6.645805981532407714e+01 3.750475825449323111e+02 -1.024934917491402408e-13
-2.648901675138547418e+01 9.441679271679674912e+01 2.709560445333027801e+01 -1.014558070659819435e+02 4.389733316767970450e+02 -1.079463695949741172e-13
-2.731846316688131893e+01 1.450321451901761520e+02 3.893440391221936192e+00 -8.708121090216904747e+01 4.538129470121158988e+02 -1.181378090258426530e-13
-5.351935478823106251e+01 3.869831209822394271e+02 -1.789265161003004323e+01 -9.758473548824878208e+01 4.860967456215190055e+02 -1.426971002374573611e-13
-5.070971304985153694e+01 4.023357561891173759e+02 -2.374895170863535654e+01 -1.186049521004693332e+02 6.536570207116308211e+02 -1.512612384819701029e-13
-2.506761633817103885e+01 1.206122388074353751e+02 -1.439602198065377925e+00 -6.411770365263561189e+01 3.515728412559431604e+02 -1.143549946448241527e-13
-5.376675702543300872e+01 4.159629279811460378e+02 -2.909854674527860041e+01 -9.072281497203134393e+01 4.904702056433407620e+02 -1.392712106060846032e-13
-2.244153645032842537e+00 -3.178369560013524051e+02 9.532726352290032423e+01 -1.275336107318565695e+02 4.802062109742720395e+02 -8.609926570327225508e-14
-1.296655559305393091e+01 4.785574263027256592e+01 2.290213087110316437e+01 -8.777120585400898278e+01 4.080967793189336703e+02 -1.185885576637399962e-13
-1.137830028851342767e+01 -1.077087436718147018e+02 4.694698265515793878e+01 -7.816379506615132300e+01 3.038200412431465338e+02 -8.811439134175957413e-14
-3.542231043307202043e+01 1.088522824396088566e+02 2.931359332719964783e+01 -1.087294269943105292e+02 4.630400659460516408e+02 -1.133030206670801240e-13
-2.379541916569359117e+01 2.109032306838313673e+02 -9.962135498495056751e+00 -8.834680253503390190e+01 5.026749680273355239e+02 -1.383074218872955465e-13
-1.801781200503667790e+01 -3.343366085996679971e+01 5.070449733950020033e+01 -1.015644851614428319e+02 3.824269580739162961e+02 -9.329593838928300576e-14
-4.707387637194059238e+01 3.311772870827591078e+02 -2.480330173026288776e+01 -8.763261147229509618e+01 5.045284934885736448e+02 -1.369517845000938336e-13
-5.169150051112134037e+01 6.698347905184726869e+01 5.523701071089475079e+01 -1.585809863947676774e+02 6.628360349947382701e+02 -1.350036968582114181e-13
-4.427512258761783670e+01 1.931344108077856845e+02 -2.588708611691234562e+00 -9.083965765700496320e+01 4.852456781089936726e+02 -1.192421592556150672e-13
-9.999413510165724972e+01 7.098212180491904064e+02 -4.943746994439454312e+01 -1.559430425259856179e+02 8.431572149463432879e+02 -1.976964514969135763e-13
-1.345582374641893608e+01 -1.210837060494357758e+02 4.665534951499525107e+01 -7.838949997226376354e+01 3.170443844154504518e+02 -9.560900673154730619e-14
-1.867615148309959139e+01 1.214340777358953858e+02 2.209956564642391541e+01 -1.021903031739182666e+02 4.560600656055796662e+02 -1.238436334716669291e-13
-2.805370480102520858e+01 1.764779225965100125e+02 -6.939747793270083065e+00 -5.713650624153697777e+01 2.987991541147492853e+02 -1.094438870214014297e-13
-4.411201031768639425e+00 2.093283277595278236e+01 -3.677793704432739563e+00 -3.255884058093964484e+01 2.270669163001587094e+02 -9.515717086934643966e-14
-3.177410362592210902e+01 1.857612522365849372e+02 -1.008101396656650728e+01 -5.818536891963294266e+01 3.191556068591385156e+02 -1.000027595608875806e-13
-7.606085748262870538e+00 7.557112865838727878e+00 3.840457372792843671e+01 -1.080335181947849748e+02 4.746013120145382231e+02 -1.023771672199073975e-13
-4.121704426480742001e+01 4.242686695747693193e+00 3.558156618693163864e+01 -1.221760166320048029e+02 5.902120812292406526e+02 -1.082411727288745636e-13
-3.758696492266850697e+01 3.131186199033293178e+02 -5.689354694048478933e+00 -1.140444622196186373e+02 5.728707078088990556e+02 -1.368433222771785810e-13
-3.767726620928833370e+01 2.860773391648681354e+02 7.493205319610376947e+00 -1.304304334729096979e+02 6.184322329936751430e+02 -1.457134646674074506e-13
-1.395065126991616999e+01 1.676225449681387545e+02 -3.411950348814048795e+01 -5.349019982810775531e+01 4.550010379084774286e+02 -1.288005196714097705e-13
7.584942023656164878e+00 -5.577155487265371647e+01 9.777496877902621009e+00 -3.410071275781715627e+01 2.076131986810117951e+02 -8.410888670792875507e-14
-2.956160723250046374e+01 1.873284395107577041e+02 -7.390810388637127026e+00 -5.810956676398117082e+01 3.002510255427017682e+02 -1.115179599565596788e-13
-9.390633953981335935e+00 -1.281633486886312880e+02 4.949406337629866215e+01 -6.771274382167851513e+01 2.322782239662881523e+02 -7.900248910089434202e-14
-3.935249039614714661e+01 2.663227694949690090e+02 -4.144803595196093760e+00 -1.034623941089290895e+02 5.262485181685942734e+02 -1.339475331738772708e-13
-3.501733795427313822e+01 3.304179058794561996e+01 5.703993999206958421e+01 -1.399442025951839810e+02 5.509515751657659166e+02 -1.163841761673035749e-13
3.657316468850494218e+00 1.030275586195656103e+02 -9.769383653508887377e+00 -4.784081494405323554e+01 3.084659582800347266e+02 -1.122481070624779302e-13
-2.132382848305539014e+01 1.078154649208075853e+02 1.503302564647407635e+01 -7.715550421462559427e+01 3.430604465319883047e+02 -1.179958608698345012e-13
-1.595937294076725266e+01 2.089666286525852570e+02 -1.782278999369961170e+01 -6.118444335587290084e+01 3.718689853600025117e+02 -1.295041543960592425e-13
-1.070723430028738647e+02 5.294789491394075185e+02 6.661464695921349488e+00 -2.075347502145950784e+02 9.631014709891251186e+02 -1.810023969827309917e-13
-2.669504903067510426e+01 1.911070506663142794e+02 8.274086443638434929e+00 -1.139628651797507501e+02 5.725707125451916681e+02 -1.281462410006014560e-13
-9.897749163222833602e+01 6.739382662922694180e+02 -6.068996971852937605e+01 -1.439611203163013329e+02 8.611167756815790426e+02 -1.727486261008010539e-13
-7.383967331112646804e+00 -3.432560961970459346e+01 3.634693190300999532e+01 -7.949916292730424061e+01 3.267602335203969801e+02 -9.446801591513010704e-14
1.600346339808109419e-01 1.276049552718863538e+02 -3.426602894195325821e-01 -6.723808519988482146e+01 3.603770448875185934e+02 -1.068186636522568288e-13
-4.063549226695471361e+00 7.403346367185839938e+01 2.534064528899319102e-01 -3.975088605102112638e+01 2.111651451980493732e+02 -9.363165284726985173e-14
-4.545982472778501915e+01 2.983388999662333276e+02 -4.556770093011843770e+00 -1.269626826008126557e+02 6.633313940439250018e+02 -1.388503166051096567e-13
3.767214843872335184e+00 -3.181134778452613432e+01 1.982498365210053848e+01 -5.494947413533699887e+01 2.657579290692383438e+02 -9.998568018114101161e-14
-7.053533682284185424e+00 8.129432179549134219e+01 -1.460574891884420978e+01 -2.244568983868455447e+01 1.847186956249713603e+02 -8.630587291270320566e-14
-7.025177209638955844e+01 4.888215211473299178e+02 -2.111975418492304613e+01 -1.366293155720745460e+02 6.943693814844239114e+02 -1.618764662936545756e-13
-3.256558643186355084e+01 9.818746377039379070e+01 2.579975744466412735e+01 -1.065835558406908206e+02 4.789789522650873437e+02 -1.154266604008933206e-13
-2.946080054864126296e+01 1.183709070526611526e+02 1.443943984526903002e+01 -9.279908810215225401e+01 4.442721844073652164e+02 -1.166235832604791741e-13
-4.143238044414232490e+01 2.497252260197946612e+02 2.141168882929662587e+01 -1.526102018188025511e+02 7.050769616930502934e+02 -1.470203517638401127e-13
-3.856956564728780990e+01 4.447453556112079376e+00 4.040862218162403252e+01 -1.299179765748332045e+02 6.111724567513067541e+02 -1.236485772573363285e-13
-1.420167131555046751e+02 9.767876964306965419e+02 -7.275710709311191238e+01 -2.216536327169919218e+02 1.238025042137176342e+03 -2.322726222082295661e-13
-5.509467680122559585e+01 2.815358298527562511e+02 -9.084054303635575423e+00 -1.146094132217900778e+02 6.216567154083081732e+02 -1.417025965190264298e-13
6.331341694277436538e+00 -7.962547170932243734e-01 2.153979004539368525e+00 -2.622740890816168857e+01 1.631060917545676148e+02 -8.917391693251716073e-14
-3.310991649063927156e+01 2.107629232019835399e+02 -5.433042259890812353e+00 -8.418403172571282767e+01 4.457638403844961772e+02 -1.215881497287948030e-13
-6.998279819007400704e+00 2.385351950055559200e+02 -8.428987513817149946e+00 -8.696940618130811629e+01 4.632640886804182401e+02 -1.336954796433765146e-13
-3.792076674592977259e+00 -8.567342646189146649e+01 4.555154734596130339e+01 -9.124217524339810836e+01 3.844814094697465521e+02 -9.382315725702995839e-14
-4.262274362257224425e+01 2.237800807018166154e+02 6.133788434191092875e+00 -1.214554727276617143e+02 6.126287415172000692e+02 -1.364434497858006560e-13
-6.347506537996986253e+01 3.603711822549410613e+02 3.666370372225845387e+00 -1.472617458617805823e+02 7.014698267358543262e+02 -1.633201404515177337e-13
-1.193016180280706529e+01 -4.055444043788929775e+01 3.311206041697093383e+01 -7.909988891847478953e+01 3.493906322840629173e+02 -9.355105208879634449e-14
-8.695619898035211293e+01 5.459286125964081293e+02 -3.284941524003931335e+01 -1.275131863424867760e+02 6.662561775415947523e+02 -1.598349449563574112e-13
-4.197677826049153538e+01 2.621908013692739132e+02 -9.672701205908241562e+00 -9.044859469259093032e+01 4.772262567507115705e+02 -1.290828017888361773e-13
-7.540409756133684027e+00 1.675005207751561329e+02 -8.677801324848976705e+00 -5.353106764997848188e+01 2.923027983958326672e+02 -1.163200775390306085e-13
-1.212752711724364652e+01 1.292966203989649898e+02 2.195005742891612766e+00 -6.338555902426079314e+01 3.169677910841710400e+02 -1.105222731345299468e-13
-1.517402656542939532e+01 -1.179508551671572576e+02 6.840281086663682686e+01 -1.250970681059822738e+02 4.893678629780373512e+02 -1.027311039188044258e-13
-2.744539910951369066e+01 6.580529621505057492e+01 1.941111219677905453e+01 -1.000634851034927522e+02 4.999096128538775474e+02 -1.143922967958441250e-13
-5.627971110235998253e+01 1.128006636385071317e+02 5.007965214923127206e+01 -1.611748081015149126e+02 6.796288592459800384e+02 -1.227355181521906826e-13
-5.495599037591802727e+01 4.441616544089472427e+02 -8.177008579938458865e+00 -1.592183450751987266e+02 7.961299867230735572e+02 -1.660621818606932475e-13
-1.110113771547754702e+01 1.277719597238802862e+02 -6.511613860967651490e+00 -4.005523771292079260e+01 2.170434708640567294e+02 -1.090575849367481265e-13
1.320728793699515458e-01 -1.358416517595433390e+02 2.170423987010961042e+01 -4.376538406549803994e+01 2.550412227815427286e+02 -8.180538524251917830e-14
-8.962415628997065653e+01 5.656800322893849398e+02 -1.665889824028712241e+01 -1.717402930227099205e+02 8.452959930798576806e+02 -1.817402687062048858e-13
2.020236962858271035e+00 -1.424961336143918800e+02 7.198879798166488797e+01 -1.171724539488505457e+02 4.311613945801032628e+02 -1.005002930639224770e-13
-1.641254782265857415e+01 -2.460310220925511260e+01 3.909584109422906550e+01 -8.429874660893712246e+01 3.342578802429706570e+02 -1.002357201880271658e-13
-4.917526371256580120e+01 2.933158878668366469e+02 6.525712848345182948e+00 -1.246443489192886034e+02 5.804093104634026759e+02 -1.257506155755393515e-13
3.439762661884652406e+00 1.462511057986981200e+02 -1.196910660948060112e+01 -4.147171212514853522e+01 2.479528201811506278e+02 -9.787900396246669035e-14
-4.874225448014070849e+01 4.909858422347722922e+02 -4.760659886213509395e+01 -9.319947468457630180e+01 5.705616574887845900e+02 -1.551030127346157279e-13
-3.517936981591914591e+00 4.135195709452020196e+01 -5.406158084858389223e+00 -3.072271257610923101e+01 2.107812282449129100e+02 -9.946716110135213390e-14
-2.302798105990680355e+01 6.733886442140910589e+00 3.113301804005885742e+01 -9.385879447519009489e+01 4.265160749635516027e+02 -1.100668986654073241e-13
-4.169880464263022901e+01 2.376370087752966356e+02 -5.806269875424431959e+00 -9.475306507508024367e+01 4.994442679661262900e+02 -1.254758970818397491e-13
-7.349346421791291384e+00 4.852824781761024298e+01 4.646702466276741106e+00 -5.116409572567189912e+01 2.784979233375124181e+02 -1.077923176169435457e-13
-3.353302073361884794e+01 2.853554211895673234e+02 -6.463771075134353339e+00 -9.517584342662287611e+01 4.714020263046760988e+02 -1.225424635674791389e-13
-7.993067401774858638e+01 3.289632614838605491e+02 1.206103351751246144e+01 -1.533782155613601503e+02 7.118886434882498406e+02 -1.440177907780992600e-13
-6.657847023748610127e+01 3.604532197998449874e+02 -1.328163678801736580e+01 -1.244993305783613664e+02 6.570030107235909327e+02 -1.333615364259972080e-13
-7.265378459880062678e+01 4.141798978631269392e+02 -1.397856230781326481e+01 -1.394393984033541756e+02 7.223933200798405778e+02 -1.509623770443048668e-13
-2.123327354687225554e+00 3.246268977802418476e+01 1.973429909946393934e+01 -6.994213898105992655e+01 3.198583087670010059e+02 -1.019900508045284211e-13
-4.894880621616591299e+01 1.591838503656578325e+02 1.938298004081937975e+01 -1.146006869791335134e+02 5.291395631442123886e+02 -1.186763421115835495e-13
-2.782849638686272442e+01 -6.329690518321447712e+01 6.640039259769180546e+01 -1.232876950591367091e+02 4.498375454358734373e+02 -1.066806207765732622e-13
-1.063374149567269988e+01 -7.109492342439297374e+01 4.775439096900478120e+01 -8.678407794517754326e+01 3.296681433246532151e+02 -8.914608050076434895e-14
-1.711156729806691956e+01 3.031846995437366488e+01 2.121858497231941953e+01 -7.146451558560123374e+01 3.221571515801709324e+02 -9.303483613761409258e-14
-5.135281867591800165e+01 2.508232030952198670e+02 -4.057545067635519587e+00 -1.120325229533354729e+02 5.947064052298895831e+02 -1.311335774282825047e-13
-8.790741578758263230e+00 -9.331579461002762343e+01 4.391147615410967120e+01 -9.119820134162847580e+01 4.003186801828402963e+02 -9.709309814170039940e-14
-3.658023635277769525e+00 2.412647509273099455e+00 1.828746635736543524e+01 -6.815102795703103311e+01 3.391928047377307394e+02 -1.012692329871732728e-13
-3.288127754932555291e+01 2.331628290749466146e+02 -1.781926454805394755e+01 -6.926510868741007698e+01 4.083751834207287175e+02 -1.206180013852715076e-13
-2.243536362260463690e+01 7.122209086629946562e+00 3.964197608161757103e+01 -1.290430257920815222e+02 6.082364565543937260e+02 -1.218878976875582831e-13
-8.270297945730830236e+01 6.048366191401719334e+02 -4.215505421805013953e+01 -1.300349117876908167e+02 6.995229654289781820e+02 -1.636006100091445850e-13
-9.593880592118122053e+00 1.348945404420546765e+02 -7.396835239447712596e+00 -3.540725034523219961e+01 1.862299325627110420e+02 -8.608202505319428472e-14
-5.351277873785369366e+01 3.460813811381748906e+02 -6.107432509369967732e+00 -1.147415097797959334e+02 5.559911683978263000e+02 -1.371157597954139415e-13
-2.096667345793587600e+01 -1.419680157917754748e+01 5.381665467466810782e+01 -1.234095897780248805e+02 4.951946641724313167e+02 -1.127650834044897454e-13
-1.464938325346279413e+01 8.948832192664151819e+01 6.810150378308719610e+00 -6.144092212225243799e+01 3.035948474326172004e+02 -1.031807643545919766e-13
-4.573562462759002756e+01 2.509689313678572944e+02 1.931971483052625160e+01 -1.346970271448738856e+02 5.971406200340263695e+02 -1.250184446047184131e-13
-2.436967137131004435e+01 2.823684864503520657e+02 -3.026405464941110779e+01 -6.322775217711941309e+01 4.113557027340089007e+02 -1.352286205513536339e-13
-8.292533859313476796e+01 5.807885162777043888e+02 -4.191639546760543311e+01 -1.312426899531068329e+02 7.238014566484010857e+02 -1.754199540393274999e-13
-1.416938002567963828e+01 -1.787935035115801696e+01 4.127560129256315946e+01 -9.618505448763849586e+01 3.952528241843774026e+02 -1.100762217733924299e-13
-5.167569528091962638e+01 3.273380344186400634e+02 -7.998023826810923609e+00 -1.228984014967716831e+02 6.367333736145442344e+02 -1.361087343687833359e-13
-2.390754194707529834e+01 9.595289156904478034e+01 1.982706863120715113e+01 -1.141463345125550006e+02 5.697474071298381659e+02 -1.384272964330497796e-13
-5.114636142025020149e+01 3.470503674147914239e+02 -3.013368085434505517e+01 -9.903151306134220988e+01 6.036514653169401754e+02 -1.410999805887187936e-13
-7.763998132801079066e+01 4.948567471279581014e+02 -4.340299625396654193e+01 -1.019466913109160231e+02 5.995796350076814178e+02 -1.429027904769070260e-13
-1.823539701956250925e+00 2.161073934645054919e+02 -1.722561961335307856e+01 -6.119152850424559631e+01 3.628368940796561333e+02 -1.232901180732953151e-13
-4.305031450632393586e+01 3.796411173688211420e+02 -5.912301612917469917e-01 -1.474458908461567717e+02 7.158221849559415659e+02 -1.701707742119756801e-13
-1.942023170455771464e+01 9.279042042013868397e+00 2.484103290881446569e+01 -7.568004597850138282e+01 3.427560322971602318e+02 -1.035896715131825246e-13
-3.623019198850816736e+01 1.329267079051496694e+02 1.224178297815147687e+01 -9.153630566823466097e+01 4.391615911905965959e+02 -1.051497145030570408e-13
-1.750702120504162451e+01 4.637319802024072715e+02 -5.028846040544410556e+01 -6.989145325676157938e+01 4.510977401887341784e+02 -1.468208526923538810e-13
-1.841249669249612353e+01 2.768460783263718099e+02 -2.535039465791980007e+01 -6.334911619460131504e+01 3.847405898952851544e+02 -1.279934557747897301e-13
-1.016682523982299955e+02 6.381036343583807593e+02 -3.251190472418398514e+01 -1.843895858368631480e+02 9.786726474813991672e+02 -2.000648422476911483e-13
-2.305267976354220139e+01 1.947870163746442529e+01 3.848465790621904858e+01 -1.204941840101079435e+02 5.490918307951359338e+02 -1.270794737237792873e-13
-2.381211446537477983e+01 4.080093177982636377e+01 1.652571662391794050e+01 -8.350915568625394769e+01 4.255004198365818979e+02 -1.069933501174224978e-13
-8.785069623864580990e+01 4.009803486166622406e+02 1.193134033101365787e+01 -1.749484709789420265e+02 8.047646248314837294e+02 -1.557370592991676162e-13
-3.939597215789913065e+01 1.660367928369900596e+02 1.737121039483593066e+01 -1.138696494172929050e+02 5.320782073961458991e+02 -1.268820177143317197e-13
-2.974934518057784416e+01 1.855617571270303188e+02 -1.287564679216111507e+00 -9.015624533551059017e+01 4.778817089108576965e+02 -1.203816654884960797e-13
-1.324322498161354389e+01 -2.360240883427319147e+01 1.447785509294845774e+01 -5.432201410736072944e+01 2.897727519796572437e+02 -9.858793938773261780e-14
-8.063482648852206225e+00 1.181717427195665095e+02 8.314200799926915408e+00 -7.406629720447229204e+01 3.577371648581680006e+02 -1.047019248288530281e-13
-3.238571148239034869e+01 2.061535274956211765e+02 -1.044632869665941222e+01 -7.147409605600209659e+01 3.958373267583179427e+02 -1.197804300924881289e-13
-2.704763071585263035e+01 1.758964367283937520e+02 -3.667495630833280451e+00 -7.923401487656546749e+01 4.268148015003729370e+02 -1.199843949016718151e-13
-3.320419128286263799e+01 1.796311347966038738e+02 5.265175634988676912e+00 -8.359620075375372039e+01 3.961426937457049462e+02 -1.249713348582112666e-13
-5.800728392195112271e+00 -1.815323001280133752e+01 2.822272680555646929e+01 -7.407527838800564268e+01 3.304705082827989600e+02 -1.195716538448034253e-13
-6.865192753597331432e+01 6.352788317431657106e+02 -5.530245458806246006e+01 -1.350533395424456842e+02 7.951355230892746704e+02 -1.813148667092941040e-13
-2.396645913970592190e+01 1.306210180272499315e+02 7.786655115945698036e+00 -7.881002331550666895e+01 3.838533289730680735e+02 -1.225271109463038465e-13
-5.377016313182640062e+01 2.706808871069721931e+02 6.185282645983146033e+00 -1.095892735515034531e+02 4.980254181123588637e+02 -1.321227741239791109e-13
-1.009577673492430705e+01 -4.990905253189544055e+01 3.602481090085547066e+01 -7.469808029462997467e+01 3.080095040153262289e+02 -8.585672053166248496e-14
-9.355782347225490625e+00 1.838101143658058234e+01 2.364039780586589501e+01 -6.545021618713109035e+01 2.749816422180409177e+02 -9.236247423804602923e-14
-1.714444170808604540e+01 2.051770321765738743e+02 -2.040577380559811971e+01 -5.072616837489236730e+01 3.209008397897429177e+02 -1.195977930649669264e-13
-4.378762221807183330e+00 9.062468268392574799e+00 1.632654018868199941e+01 -5.281894084152651203e+01 2.437926944848238122e+02 -1.018371962265064377e-13
-3.311108913765057338e+01 -3.167014159199805690e+01 6.702933748097593991e+01 -1.521444547559168257e+02 6.165466804118260598e+02 -1.260261979867455814e-13
-1.660845588554108332e+01 -5.021132672477725656e+00 3.270938017198977832e+01 -8.919048133776597354e+01 3.936741099967964601e+02 -1.084713171477547080e-13
-8.744964746710145675e+01 5.284872117340584055e+02 -3.097402844779071884e+01 -1.392493371974427703e+02 7.459668016066135579e+02 -1.749384180145080021e-13
-3.562435857577543885e+01 1.713723099528857290e+02 8.364731290619126014e+00 -1.020657553532139445e+02 5.065215741241497653e+02 -1.232022147019824171e-13
1.572035510739589137e+00 -6.455936809919739616e+00 1.562928280327821895e+01 -4.647108182047395530e+01 2.169995601838325570e+02 -9.338134270557158261e-14
-9.602621638129226866e+00 -9.711018462634133641e+01 6.484334480760560382e+01 -1.156048844540224820e+02 4.330367731089273775e+02 -1.114405034733670623e-13
-1.396266036909329102e+02 1.085905114840509668e+03 -8.557055042193267980e+01 -2.148098556469917639e+02 1.193879497190858274e+03 -2.218618220987654493e-13
-3.035185636847016610e+01 1.166748974373523140e+02 2.473596356060150114e+01 -1.254465039305432441e+02 5.990137664371225128e+02 -1.320852811283722876e-13
-3.916720445121433869e+01 1.263261522692809535e+02 4.803827267698500769e+00 -9.507667108568575998e+01 5.154901528960280075e+02 -1.463483921322772458e-13
-1.267669390868496926e+01 1.312353333667155084e+02 -1.182345767758854649e+01 -4.064231348971014057e+01 2.524879610910569170e+02 -1.009309111403680151e-13
-6.173105755030939612e+00 1.968693558903423195e+02 -2.427221850017337346e+01 -4.374979229185093743e+01 3.048906285639916973e+02 -1.128425438016985798e-13
-3.049777382862902542e+01 3.315700937629316059e+02 -1.832771881785297907e+01 -1.018067401667111085e+02 5.580279245928966247e+02 -1.523785316544542249e-13
-2.410251289193541879e+01 3.249348796242160997e+00 3.463805059064057446e+01 -9.477976333194958158e+01 4.128060188438159344e+02 -1.074656240895932435e-13
-1.094974214405898927e+01 -9.841340553462924845e+01 3.253550138661568525e+01 -6.952022240163411482e+01 3.312396499972651327e+02 -8.583284713558826121e-14
-2.586338020358398282e+01 2.174142960288822906e+02 -1.872645527365404305e+01 -5.532901693874325844e+01 3.320814427045299340e+02 -1.150014864113434156e-13
-4.448290150389906827e+00 -1.265917667171490990e+02 6.748045825385904095e+01 -1.277801252977521926e+02 5.196732711591854468e+02 -9.664478555609563900e-14
-1.459840892735930140e+02 8.724925567110301472e+02 -4.333148912801340202e+01 -2.224475689003351988e+02 1.131478859459391970e+03 -2.092444467096021894e-13
-9.492779954463665959e+00 2.188326663502709124e+01 1.446482822994381223e+01 -6.594705968805246243e+01 3.345545682227341331e+02 -1.039467740541574105e-13
3.673064121253010739e-01 1.513604773426323220e+02 -1.006891685225235378e+01 -4.674462099187944375e+01 2.674654189607629178e+02 -9.992885809303877309e-14
-2.961351362020912248e+01 -1.162764925083086354e+02 6.680522846577011364e+01 -1.359815224887492775e+02 5.715514080290447509e+02 -1.158363325801659409e-13
-3.000804666615004734e+01 9.088188845341680633e+01 2.730071814628189131e+01 -1.063561322859065967e+02 4.732034520679057437e+02 -1.077405863514229161e-13
-9.411002928187935268e+00 -2.061546706466122885e+02 7.714036208342479028e+01 -1.179306207473854897e+02 4.500639752361198589e+02 -9.311720708096553069e-14
-2.354390989709918358e+01 1.690124964267309906e+02 9.757816282557477905e+00 -9.824328072090679598e+01 4.736302981509196570e+02 -1.211655391736733746e-13
-4.746202052821272588e+01 1.701510369575424022e+02 3.405030919169072945e+01 -1.535606575183945779e+02 6.889922799296922449e+02 -1.293105827540318658e-13
-1.545381293491057306e+01 1.831218669404666173e+02 -8.449399865032171775e+00 -6.214178115192902396e+01 3.372383227496815152e+02 -1.095757634242209053e-13
-3.226085976495421193e+01 2.455211782976944335e+02 -8.292195982626120454e+00 -9.957283492583124485e+01 5.419812657176668154e+02 -1.224936547302665155e-13
-2.664001300112700577e+01 2.985573433725922996e+02 -2.010848358792818757e+01 -9.096877909890275760e+01 5.208602420726589344e+02 -1.319309551341536201e-13
-7.835949497602064717e+00 -2.944449784823851335e+00 1.219843876413751360e+01 -4.175611524764449456e+01 2.047074006689883845e+02 -8.708403855568054951e-14
-9.736124432623872949e+00 2.086567107693541629e+02 -1.342429858893767580e+01 -8.088509435933391956e+01 4.763525320137335939e+02 -1.300370629560240708e-13
-4.425556953689233097e+01 2.108676039709682470e+02 7.078581680155913602e+00 -1.213049201604066951e+02 6.150587540374659739e+02 -1.350876731042926538e-13
-4.887950371849098019e+01 2.713989168655400022e+02 -1.336665519504988886e+01 -8.516348350744621598e+01 4.585972978583900499e+02 -1.244816043267686080e-13
-5.160023305581677988e+01 2.550631828380514605e+02 1.211972492588615680e+01 -1.243998926306965132e+02 5.710485921381794014e+02 -1.362846481002068143e-13
-8.005966418517878935e+01 4.350484356890176514e+02 8.727074965001574425e-01 -1.822870334079628662e+02 8.999209164927477786e+02 -1.688907029066699104e-13
-5.370624492122475857e+01 4.201824403891722000e+02 -3.119192634616814530e+01 -9.868978517616156410e+01 5.543452639528442205e+02 -1.498728228189595267e-13
-6.517899691011373875e+01 2.242595940437212789e+02 4.127562798165454439e+01 -1.698973892277118978e+02 7.127156150287215723e+02 -1.408662213379932756e-13
-4.493595362899538515e+01 3.662951975915096909e+02 -2.695632006585865881e+01 -8.618671918503112295e+01 4.827765630744011673e+02 -1.429201380260975370e-13
-2.027698168943825596e+00 3.369509031933245069e+01 1.124854850206290635e+01 -5.554707908231549141e+01 2.765618734194569583e+02 -1.044045498449997153e-13
-3.024640973970176461e+01 -1.743757521142935616e+02 1.045213853295090303e+02 -1.670608035669318667e+02 5.814973292018850088e+02 -1.066013315887464715e-13
-8.572463862063223416e+01 5.719061371660804980e+02 -4.505814048160227969e+01 -1.174528333228400498e+02 6.577623997724762148e+02 -1.648912718838901916e-13
-2.758876375972218042e+01 9.060526398348912380e+01 1.900838270614069003e+01 -8.667929203908839497e+01 3.942681067819841587e+02 -1.129894100916718838e-13
-2.800141742412594326e+01 2.791806039601332259e+02 -1.510742220708711159e+01 -8.723006111580811250e+01 4.779241447951584405e+02 -1.242488563575426903e-13
-2.462115081088520085e+01 1.828548922224616433e+02 1.996925252995493949e+01 -1.170149235714427647e+02 5.242018714376982871e+02 -1.225000286552672004e-13
-4.104523172852382373e+01 -1.203552980368039442e+02 8.620259423786687591e+01 -1.622414632216876669e+02 6.267731217906236907e+02 -1.122178583603948733e-13
-1.871229436463333329e+01 -1.900386073751693630e+02 9.394320098204293856e+01 -1.472258707106674080e+02 5.274669018838906140e+02 -9.404981003651842562e-14
-1.871096943390252676e+01 -4.767520782953557301e+01 4.738382909023178513e+01 -9.097420183876124611e+01 3.429871427941434945e+02 -9.583663625528232927e-14
-5.760949731083807279e+01 2.533020880212035308e+02 2.186941597145361271e+01 -1.563631863340431778e+02 7.247435186848558715e+02 -1.514894808595784978e-13
-3.653272357434543238e+01 1.416829723715649436e+02 2.410783089320331740e+01 -1.111906084533665222e+02 4.888034382567137754e+02 -1.196693917995545763e-13
-5.569563845867664753e+01 5.477448712578925551e+02 -4.800653395419757885e+01 -1.049790287081102349e+02 6.105700566050508087e+02 -1.633100072252263698e-13
-5.901525392969484329e+01 3.275325116454476984e+02 4.873334767907674170e+00 -1.588198744196604935e+02 7.955929781462922392e+02 -1.623989181153725105e-13
-3.760847401788253563e+01 1.250648412364269291e+02 4.737053696995779717e+01 -1.663825929523805200e+02 7.229832870127514752e+02 -1.399537164292055990e-13
-4.817341383234118979e+01 1.034345257700215797e+02 4.932595992026324438e+01 -1.698660985088556856e+02 7.497798266901323814e+02 -1.362871776873439882e-13
-4.503115390735070633e+01 7.124158380474351304e+01 5.613226658164268201e+01 -1.546730312758963919e+02 6.276930734108971137e+02 -1.247400588966670998e-13
-2.036083091275787282e+01 4.271200346718688223e+01 1.117166970690764138e+01 -8.124097557703569805e+01 4.431614026441618535e+02 -1.205430656784223289e-13
6.524161259706722227e+00 4.081189593065357712e+01 -1.065232883320556567e+01 -2.535958867892304269e+01 2.087465161389721686e+02 -9.981203753746091739e-14
-1.778459228647518131e+01 7.086285308249185277e+01 3.917519824252684302e+00 -6.030932472046892912e+01 3.282265381618282731e+02 -1.138687869990315777e-13
-4.312593631270561190e+01 3.901289935262338417e+02 -2.910423067076607495e+01 -9.073736368624872739e+01 5.096062654558627969e+02 -1.362139922702145923e-13
-1.208858582467367881e+01 6.529309316909117911e+01 1.087731570251010993e+01 -5.843040024380461972e+01 2.750841546123672856e+02 -1.028907913222480834e-13
-7.013277565649254086e+01 3.896171723714143127e+02 7.177637128581730863e+00 -1.645874416998819072e+02 7.739336351991685206e+02 -1.670981547997150572e-13
-9.728087047494655337e+01 5.098401142147242808e+02 -4.453945078261124735e+00 -1.843938955456571591e+02 8.932131637244772264e+02 -1.776503311207664030e-13
-1.948222679742520613e+00 -9.447238356654844438e+01 5.031412308447989545e+01 -1.120043485067143507e+02 5.000120181612586521e+02 -1.038266153789145761e-13
-5.717033622893072042e+00 1.071037024295631994e+02 -7.122837472060356667e+00 -6.453095958652237130e+01 4.007125666749182074e+02 -1.197540645379451227e-13
-7.125664714909001418e+01 5.086314293634536625e+02 -2.764102232747657339e+01 -1.306978998530351248e+02 6.817183500946928234e+02 -1.577482068637687302e-13
-6.057327388674094237e+01 2.516457773655791357e+02 2.882030277779902150e+01 -1.754030275643102357e+02 8.094157968832514598e+02 -1.596245822489467564e-13
-8.579189370894010835e+01 5.080864776886012351e+02 -4.062077073477193068e+01 -1.644001614805009410e+02 9.918888927110939449e+02 -1.896528069014161263e-13
-2.033452835414570714e+01 1.233246561586083203e+02 -2.086589081717551863e+00 -6.832489142357778178e+01 3.820092310430983389e+02 -1.114178655004522534e-13
-2.673673937665677158e+01 2.307463479983139507e+02 -2.808702251387569859e+01 -4.479541990789097383e+01 3.114526647914141222e+02 -1.140429763316283207e-13
-8.904505816553030684e+01 5.070808828983664398e+02 -1.063517758003675695e+01 -1.822292886579808169e+02 9.203073028088584806e+02 -1.723543503144713897e-13
-6.140240574924905559e+01 1.857388000503052297e+02 3.578739522945698326e+01 -1.562801203970371944e+02 6.846762897499488645e+02 -1.314553980858848244e-13
-3.269038348358619572e+01 1.203676166098747160e+02 3.513278460592332664e+01 -1.296892446948438931e+02 5.581853791997685903e+02 -1.358929365395460140e-13
-4.383187566841133531e+01 5.097344053312029359e+02 -3.499578248771316424e+01 -1.164483535447380689e+02 6.322465701464251424e+02 -1.456108822891272181e-13
-2.446854669967671825e+01 1.410872643734184919e+02 -1.181494655612205591e+01 -4.578674789341039997e+01 2.797727818545300238e+02 -1.045654439618263797e-13
-4.347614697271759354e+01 1.562547520131618342e+02 1.688767067242341469e+01 -1.243487488223467210e+02 6.128229768845378658e+02 -1.238112242880252953e-13
-3.617374635263298188e+01 5.297906902829443254e+01 3.539226565046759276e+01 -1.145140588222742366e+02 5.040668933429973890e+02 -1.142152264099282052e-13
-4.991344029704068674e+01 2.153299388518245792e+02 1.781977770441942610e+01 -1.348769647784778272e+02 6.341776406103697354e+02 -1.325229566152666965e-13
-6.850207748135752617e+00 3.829814826164849251e+02 -2.328094361284211189e+01 -1.004045868678548601e+02 5.425328704651467433e+02 -1.506169617441847753e-13
-3.835281357540483071e+01 1.054126905011612507e+02 2.251404749178105646e+01 -9.835781387073447490e+01 4.394221889932737213e+02 -1.123381098247252835e-13
-5.099090808386144857e+01 3.423423065142474115e+02 -1.539288827648700320e+01 -9.056818292249626268e+01 4.557380559000305880e+02 -1.324537728444363792e-13
-6.377280832605129568e+00 -1.597801213515673737e+02 6.009235011786896763e+01 -1.250546758182985059e+02 5.731138313030710378e+02 -1.104702725834163292e-13
-7.236226560791426721e+01 3.178864000446091040e+02 2.082334033496770331e+01 -1.610812830620918135e+02 7.156635176590201581e+02 -1.480470165720415563e-13
-5.505596958095797078e+01 3.468982569598392161e+02 -1.531451248176566082e+01 -1.095336315132619092e+02 5.793886267967319554e+02 -1.517394188301267962e-13
-1.992147370090039615e+01 2.417426008557961836e+02 -4.949826963379487132e+00 -8.345525501400629764e+01 4.149805403937133406e+02 -1.311118193778864775e-13
-1.768307248231736040e+01 1.870511541582881705e+02 -3.207085148254079421e+00 -8.274353305589117724e+01 4.392535510385523594e+02 -1.114913049910385008e-13
-6.696394002354828956e+01 1.546862692131948052e+02 4.768008354794170600e+01 -1.815961467554832325e+02 8.014917881752332960e+02 -1.458894011983247539e-13
-3.791843990848267509e+00 1.763284936770220384e+02 -1.085639876279380722e+01 -4.659331209147364206e+01 2.531304549369578751e+02 -1.139712521378344169e-13
-8.023852926010738074e+00 -1.333773223313834535e+02 5.174909165007914424e+01 -7.100335111465203397e+01 2.437828346848788499e+02 -8.935409380409279391e-14
-1.714528156195066089e+01 1.206975489184225978e+02 1.755689586166208072e-01 -6.065075577589394129e+01 3.178498682128141013e+02 -1.028868709331890404e-13
-5.514936407279253672e+01 1.077919303017739026e+02 3.591443635029656178e+01 -1.493049208725261678e+02 6.943008751983111324e+02 -1.278413544411193654e-13
-1.006582618803376619e+02 7.771738620040018759e+02 -4.361287565580920500e+01 -2.182177619537780231e+02 1.174955958981756112e+03 -2.177466445217271870e-13
-1.830954508313853424e+01 9.445924381223228750e+01 2.082661874441132355e+01 -9.465937997297437789e+01 4.334296160105945432e+02 -1.134661138191157222e-13
-1.838418004764712066e+01 1.918736077944232932e+01 2.261768910706808811e+01 -7.258314191799728121e+01 3.288977411344184247e+02 -1.000814296856295727e-13
-7.169983643911304227e+01 4.780507227908415757e+02 -2.221047904008576523e+01 -1.367661545443081081e+02 7.102024177338508935e+02 -1.547291988580307472e-13
-6.004942144623023381e+01 3.552806824665250929e+02 -2.173073880568392724e+01 -9.509373215154741388e+01 5.172674877850253097e+02 -1.309871518292611298e-13
-1.258377230498054189e+01 2.710144704134201987e+01 1.158351252333954839e+01 -6.404349392538139796e+01 3.363859349877283194e+02 -1.017521601301834160e-13
-8.627448338266438199e+00 2.720689701513800856e+02 -2.403903787387882574e+01 -7.431790243110208394e+01 4.535922139766464625e+02 -1.439152349541297831e-13
