3.154752478618858731e+04 1.633356312001707265e+05 1.971420047093011453e+04 1.985219628780421772e+04 6.260896203216519207e+05 6.766639043133774248e+04
1.540901636624055209e+04 1.557474569174516364e+04 1.616706633958761813e+04 1.966430889679502434e+04 7.594941980272249784e+05 6.771503594040093594e+04
1.849291633063946574e+04 8.581593639709355193e+04 9.028483965443629131e+03 1.934914330919602799e+04 5.887090546543149976e+05 5.648321698039985495e+04
3.847302363708879420e+04 1.533974813820387644e+05 2.773584362964637694e+04 2.241658616629324024e+04 5.635500477463455172e+05 6.758592921166695305e+04
1.037278299132271350e+05 5.529097027784346137e+05 6.226140050535711634e+04 6.619421800919278758e+04 1.022913548745871987e+06 1.529261423174664087e+05
6.996236044489125197e+04 2.797812296861881623e+05 4.554023921712920855e+04 4.822842296368602547e+04 7.865827355910580372e+05 1.081863589202121366e+05
1.317734203104136577e+04 4.624664388604215492e+04 3.892795990957521099e+03 1.964587171552715881e+04 5.674767354702386074e+05 5.101782897214118566e+04
5.961741252708361571e+04 1.720677995797339827e+05 4.343446387735228200e+04 5.179958943867588823e+04 7.444937472799767274e+05 1.007337347248912993e+05
5.840923292433676397e+04 1.182036499629304599e+05 6.367916889160159189e+04 2.683139649632745204e+04 5.729985523468428291e+05 8.397125400697432633e+04
9.699565745266301747e+03 3.335013984805655491e+04 3.577913495969444739e+03 1.416551627712227310e+04 4.564599917199932388e+05 4.029900558996666950e+04
2.023562480337655870e+04 6.949694962473461055e+04 1.516752021131985748e+04 1.838953244528932919e+04 3.479650370941229630e+05 4.169606706048017077e+04
1.004735156246187216e+04 2.072850441142745331e+04 2.652130213367077431e+03 1.420086204296099822e+04 3.679309472188191721e+05 3.333705341974973271e+04
1.469177593842858914e+04 8.416764242954630754e+04 7.351945930886188762e+03 1.379269685300316632e+04 4.235998012339514098e+05 4.206122806742199464e+04
1.358231691607304856e+04 1.775794033294099791e+04 5.572799071230673690e+03 2.075364955625470975e+04 4.581917666552908486e+05 4.348311871036218508e+04
4.939200362920999032e+04 1.774999331911435875e+05 2.015612948151825185e+04 5.506818137569075770e+04 8.844396853262463119e+05 1.018582446921521478e+05
3.246580334383454101e+03 8.660924837890430354e+03 4.498884728723422086e+03 7.077840890267041686e+03 2.378171430549845682e+05 2.156384064330979891e+04
2.524665132124839511e+04 1.686080752424146340e+05 7.820114360388494788e+03 2.392150312197798849e+04 6.322753485806114040e+05 6.505599104098277166e+04
7.727848847541762325e+02 9.922304057291098616e+02 6.140045226258546336e+02 1.503986554796093060e+03 1.251775877279005363e+05 9.413246733980235149e+03
4.873481010755588068e+04 6.963370862049130665e+04 4.838271820872477838e+04 2.905862521231170103e+04 6.535462709015554283e+05 8.139905938967868860e+04
1.899350291819748527e+05 7.890976557483439101e+05 1.469718707290811581e+05 1.066137949347161048e+05 1.201199027897935826e+06 2.313966968361156760e+05
2.477013494334298230e+04 3.392616048222124664e+04 1.529727676120194337e+04 2.797141503440059023e+04 4.398780823370817234e+05 5.050705137411745818e+04
5.827278146581291367e+04 1.500436964925309294e+05 4.287065097999928548e+04 4.821420110287950956e+04 7.337404734003441408e+05 9.705659406547856634e+04
4.816203318957291776e+04 1.147875787898880117e+04 2.379626278087393075e+04 7.046683643602613301e+04 7.826730698936654953e+05 9.533230193806655006e+04
4.549986361014056456e+03 3.027795789243918625e+04 9.210721671353173861e+02 8.364260569176172794e+03 3.349413889405695372e+05 2.820517076385248583e+04
2.111512044114552918e+04 1.295227726189398236e+05 1.629515002453632405e+04 5.865061429163903085e+03 2.800942697842099005e+05 3.492344419161338010e+04
3.899387113030167257e+03 3.661129724729135887e+03 2.030903410814754807e+03 5.301725494660759068e+03 1.759714344559209712e+05 1.528973452416478540e+04
1.426053460130110034e+04 8.957102057938367943e+04 6.648388722731364396e+03 1.134325506024751485e+04 6.464218698450474767e+05 5.590457400240538118e+04
7.871788945297259488e+03 2.716075048551970667e+03 5.338328006659212406e+03 1.337775235779445757e+04 3.528101236138073145e+05 3.221470598069681000e+04
4.139827932260988746e+03 7.188956877053522476e+03 3.395160977756553621e+03 1.332581999778578574e+04 3.880873960172606166e+05 3.394757001069870603e+04
2.160133948988079283e+04 6.266571795690436556e+04 1.411138929825203559e+04 1.625091504100874226e+04 3.338536279820617638e+05 3.898665549409750383e+04
6.454190264208692497e+03 4.625087314521418739e+04 3.881184773376702196e+03 1.922817555260585505e+04 3.719105978231634363e+05 3.767045945283187029e+04
2.977153868794513983e+05 7.341685433706688927e+05 1.601730369646153413e+05 3.255251252574839746e+05 2.640403502376182470e+06 4.301584851973844925e+05
2.852917629664729247e+04 9.318904820632752671e+04 1.618519440683654284e+04 2.715789479316651341e+04 5.419614920127433725e+05 6.031989624601986725e+04
3.418644684017082182e+04 1.011383396666969493e+05 2.177013133420875965e+04 3.231584540755602211e+04 5.776250437227129005e+05 6.785180140236957232e+04
1.267565083227610448e+05 4.138883326256517321e+05 7.127531820543660433e+04 1.238367637170899543e+05 1.223621874053534353e+06 1.894988238523683685e+05
2.400666501119805980e+04 1.219284388251875644e+05 7.115050278451158192e+03 2.868527866814895242e+04 7.508342305358289741e+05 7.257103972899843939e+04
2.552035340845251267e+04 6.587542985953569587e+04 1.783208650763124751e+04 1.888611083550672265e+04 3.785735598080668715e+05 4.494881899323887774e+04
7.216793903065792983e+04 1.079138665186833241e+05 4.706294864684249478e+04 7.948772379480913514e+04 1.186470034041664330e+06 1.413713643507487141e+05
7.105846833325210355e+03 2.788867659597661623e+04 5.089979933114818778e+03 1.244792841375075841e+04 3.525168932697449345e+05 3.291281034283569898e+04
3.446572523228568753e+04 1.602006350884968997e+05 1.676446861638349219e+04 2.953743386178633955e+04 6.435613296112805838e+05 7.179435688548180042e+04
4.311593269999166660e+04 4.879023034281220316e+04 2.254519348003498089e+04 6.280427741583136958e+04 7.433751838467200287e+05 9.053081221507860755e+04
8.499103645251319904e+03 1.225789656211878355e+04 6.629423927761573395e+03 1.059766267113125105e+04 4.135820219115065411e+05 3.607371214935104945e+04
7.916527753482600929e+03 2.728060434135939067e+04 4.588603028057182200e+03 9.722084522427048796e+03 3.131868156718888204e+05 2.878868508707510045e+04
2.165972236604503996e+05 4.718717315124791930e+05 1.164554392798590270e+05 2.491589011813981633e+05 2.536991725435618311e+06 3.568491728337486275e+05
1.915052804241334889e+04 3.199962101888835605e+04 5.315232560914788337e+03 3.321863328599941451e+04 5.614038063649269752e+05 5.665510964316024183e+04
1.001918796367739560e+04 6.547080758550320024e+04 4.325763283961349771e+03 1.328647142805573822e+04 4.197125728793785674e+05 3.934135777745557425e+04
1.805519289565099825e+04 1.266985230322303687e+04 8.477903824450486354e+03 2.897556115834644879e+04 5.244694898119305726e+05 5.265937390464318742e+04
1.896959036907182235e+04 8.892900965940491005e+03 8.467895388600494698e+03 2.751529127579246779e+04 6.305208263996996684e+05 5.894086553524716146e+04
6.441839797681186610e+04 2.747408052910428960e+05 3.130455939950505854e+04 5.393734158428482624e+04 7.448158802991240518e+05 1.015724709021820454e+05
2.956464421952236808e+04 6.730194469671575644e+04 2.530830919000902941e+04 2.040803619236531449e+04 5.176572163111482514e+05 5.828517722494172631e+04
1.253596985805054101e+04 3.403171589284150832e+04 6.761418597452747235e+03 1.522579160189449249e+04 3.597412564211300341e+05 3.567926215628242790e+04
6.910445070540725283e+03 1.902569366099946819e+03 3.854288344930489529e+03 1.662746485083426523e+04 3.945373441655350034e+05 3.581073560491753597e+04
2.258385455260623348e+04 8.261253471972220723e+03 1.096048164939280105e+04 2.854899905290450624e+04 4.639673667643744266e+05 4.924924149018195749e+04
5.090089089680180768e+04 3.071805562799049658e+05 2.563707161793568957e+04 3.444910500586170383e+04 6.725518828049616423e+05 8.706145193543848291e+04
1.916463655981674719e+03 1.161828287962240393e+04 2.098067922962096645e+02 2.880299888042583461e+03 1.745023215120476671e+05 1.370460213706790455e+04
1.516975386038777106e+04 3.279115530635961477e+04 9.604774072265929135e+03 1.939078036370934933e+04 3.753050016576366615e+05 3.977376750638590602e+04
1.430222794076982791e+04 8.421527777855844761e+03 1.108950857992843885e+04 1.735306476441473205e+04 4.553166223520805361e+05 4.366832874970927514e+04
3.125639496175016757e+04 7.019348462622478837e+04 2.854196425931090198e+04 2.854098508740944817e+04 8.184442498181294650e+05 8.373060535446526774e+04
5.267291452472566743e+04 2.144399668519682891e+05 5.217715501399407367e+04 1.609337122109890333e+04 5.411370102811116958e+05 7.677535278846423898e+04
1.141867961857127557e+04 8.273577134028313367e+02 4.102609816010923169e+03 1.990599604925547828e+04 4.831542465635354747e+05 4.330742488530954142e+04
2.072638398574520124e+03 1.292317701760102864e+04 7.230357192505180137e+02 9.099374162195705139e+03 2.223773757333926624e+05 2.002262284464781260e+04
3.645160423630627065e+03 2.347328955609506374e+04 2.394635675024616830e+03 3.871341971094080691e+03 1.494875400186604820e+05 1.399858794965971720e+04
3.380315557730124419e+04 7.644543570415039721e+04 2.161780187994679000e+04 3.390598425959130691e+04 6.054005268021300435e+05 6.915173116632361780e+04
3.333614245549727348e+05 1.280839322680348996e+06 2.349404183764510381e+05 2.472596413216624060e+05 1.827383125905080000e+06 3.993606466036002967e+05
1.206790135677970102e+04 4.740236151573642019e+03 5.675646138459662325e+03 3.491929806517301040e+04 6.144457825624160469e+05 5.979849836179453268e+04
4.058992103699720701e+03 1.295162236255914468e+04 2.019675141575471571e+03 4.404597070830558550e+03 2.286486593438892451e+05 1.888189449549021811e+04
6.330434352875228069e+04 1.601204826806375058e+05 4.176035902523278492e+04 6.071310480035563523e+04 7.541266653742531780e+05 1.040994481896538637e+05
5.229462937933109788e+04 2.000022132447299955e+05 2.765453053178620030e+04 4.458774311911070254e+04 6.539144935723211383e+05 8.595981135820916097e+04
4.239757111845968029e+04 3.641926044726479449e+05 2.016516296855602559e+04 1.792898989028322103e+04 5.657272677409303142e+05 7.286798604057966440e+04
1.634716366098243998e+04 2.462632846893605165e+04 6.714858038877034232e+03 2.264205993317810498e+04 4.112366325695373816e+05 4.201096067355207197e+04
9.574879986977848603e+03 4.042508586694749829e+04 6.722863338257374380e+03 6.705246930917903228e+03 3.042232999638479087e+05 2.839196843649519360e+04
2.302464847318302418e+03 2.887663378284422834e+03 2.254668542491659082e+03 1.110894222701466060e+04 3.259206200649422826e+05 2.805938012766819520e+04
7.551985801623422594e+04 1.195131143180133804e+05 5.130673534847705741e+04 7.682884786660411919e+04 1.006428642599444720e+06 1.304628237871913589e+05
9.296387163123930804e+03 5.968922144062978987e+03 3.004460209343552833e+03 2.605428983034110934e+04 6.910531141625809250e+05 5.985174223175317456e+04
1.463321838555778413e+04 1.296034463065246200e+04 8.851521232624801996e+03 1.651117588514259478e+04 4.285340126818648423e+05 4.074603460709279898e+04
3.904696559563482879e+04 1.423910741596998123e+05 2.939981213403269430e+04 2.565697624765713044e+04 4.043192225592787145e+05 5.851418413156406314e+04
1.341770350159755326e+05 4.191493530807336792e+05 1.133606907294519478e+05 8.256099827807435940e+04 8.968098404002876487e+05 1.672559974187098851e+05
1.137970157258701074e+05 4.941035625699876109e+05 7.441215560120559530e+04 8.142105199338594684e+04 7.901646265628336696e+05 1.464856238051461696e+05
1.048555912142606830e+05 2.597242062398685666e+05 5.158485818298435333e+04 1.150892581818058097e+05 1.136443028757052263e+06 1.635646756933798024e+05
3.230059350442685536e+04 1.125817837104449864e+05 1.954429342018518219e+04 2.991297411897811980e+04 5.714070752848620759e+05 6.595364858730789274e+04
1.179887199114318792e+05 4.864405968297683867e+05 8.837723305016465019e+04 6.623407455098986975e+04 1.030188126312721055e+06 1.614032356195762113e+05
1.546286361719107163e+03 7.373962105529283235e+02 5.299889129567959571e+02 5.329492849578630739e+03 1.775811456083960948e+05 1.461889468978781406e+04
1.493932105426148883e+04 1.215074237819034170e+05 8.584637821648642785e+03 1.114212367189934957e+04 4.749471891697481042e+05 4.669495238223230263e+04
6.161206955009677768e+04 8.023191756927962706e+04 2.456156103640573565e+04 8.339097539181295724e+04 8.128506581848039059e+05 1.069373777218553296e+05
8.155574207102198852e+04 1.852400960181115370e+05 4.245593753296953219e+04 8.855392662050518265e+04 1.298218002636522288e+06 1.548265398586340598e+05
2.144407810513933146e+04 3.409343387192935097e+03 1.278525970838063586e+04 2.651218401557174366e+04 4.833272045502101537e+05 5.017696274606647057e+04
4.238958666725868170e+03 3.321354609042008815e+04 1.484884510837533753e+03 6.455679598842991254e+03 2.675782824293905287e+05 2.319960710423379714e+04
1.613340875848098403e+04 6.066563301914479962e+04 6.901589660523583916e+03 1.785196224719227394e+04 3.684727683674481814e+05 3.883210823320834606e+04
1.060198293352268411e+04 1.595050068371038105e+04 4.532928388564904708e+03 1.907611887123740962e+04 3.749386648643385270e+05 3.658730740839795180e+04
1.247156141165281406e+04 1.969045904434594559e+04 2.963542926289026127e+03 1.963099866495611423e+04 4.284215944945177180e+05 3.994393940394716628e+04
2.792696072924197779e+03 5.676113489531100640e+03 2.005828592943714966e+03 1.300403759140351031e+04 2.863130163953681476e+05 2.628299890558059633e+04
1.601749473789991316e+04 2.209949330643296344e+04 7.397328032912083472e+03 2.110844259788448107e+04 3.986294801820483408e+05 4.063872727068496897e+04
3.192101550853765730e+04 9.205583539936023953e+03 1.415344214838067637e+04 5.532882051091466565e+04 8.093565086524027865e+05 8.601252399868909561e+04
1.292785627858861153e+04 4.959770036534748942e+04 5.594882007569861344e+03 1.596688024087515805e+04 4.331439627858462627e+05 4.121860910847571358e+04
5.954102294333593454e+04 2.289413947225527663e+05 4.437474876930264872e+04 3.660440732441261935e+04 6.151223238238224294e+05 8.838024290789516817e+04
1.408777234705496630e+04 2.477797658699601016e+03 6.690226413185567253e+03 2.479115059286242831e+04 4.502014214949407033e+05 4.449715103754031588e+04
3.312482140892663301e+04 4.268046444677520776e+04 2.000776816100622818e+04 4.342683498959949065e+04 5.090105672653696383e+05 6.460927523894556361e+04
2.202430644105613464e+04 2.615928879799882998e+04 1.959017766566955470e+04 2.383080752594556907e+04 3.839068320486432058e+05 4.633649585512390331e+04
1.424238600545184636e+04 1.087451763059562472e+04 1.148075431462499182e+04 1.575993559254296451e+04 4.727520580454538576e+05 4.441065636008673755e+04
5.951170138944788960e+03 2.849041821482588603e+03 4.891220758785319049e+03 5.279255596678453003e+03 2.297142530085489270e+05 2.008715788798406720e+04
9.619154595945119581e+03 4.087305945760751638e+04 6.952540742440683971e+03 5.370035498868031027e+03 1.818919447945391876e+05 1.968142367038493103e+04
4.628954163738372699e+03 1.429456519975615447e+04 3.105788196101908852e+03 1.314955334160843449e+04 4.878279462438544724e+05 4.080315741830466141e+04
2.483618586018051792e+04 2.204035514751644951e+04 2.435698889719316867e+04 1.665648899089979386e+04 4.162390344321739394e+05 4.711816597651197662e+04
5.245943339214713342e+04 2.164218299628060195e+05 3.117428482886883648e+04 4.452530692657371401e+04 6.765294550105646485e+05 8.978227471862940001e+04
1.147006265859643463e+04 8.180074661687442131e+03 9.685776724605608251e+03 2.931681595716985248e+04 5.403174809700369369e+05 5.417819088198031386e+04
1.845334949833045539e+04 3.715774437300820864e+04 1.530004781971970806e+04 1.514236193495900443e+04 3.676791632401467650e+05 4.001096161311207834e+04
7.619453033865556063e+04 3.271112256020734785e+05 4.845447704867309949e+04 5.406663426501900540e+04 7.893819705389549490e+05 1.146123677776892146e+05
7.292068871143633260e+03 1.358271405203979884e+04 5.032117824196856418e+03 1.017189399095645967e+04 3.128003527157412609e+05 2.847961968240064380e+04
9.099827324903881163e+03 2.440283299370293025e+04 3.866502993039033754e+03 1.077500348707446392e+04 3.156191956117034424e+05 2.897474334051163169e+04
2.843631638674634087e+04 9.564677810635544301e+04 9.345523701073492703e+03 3.393192486990674661e+04 4.894795160873843124e+05 5.702619543128615624e+04
3.089536244838772745e+03 2.648256352750925362e+04 1.262428477642633879e+03 2.898323566247399867e+03 1.848305542369622563e+05 1.559655876393823382e+04
1.112175520216536970e+05 3.277050095441989833e+05 7.514196431746214512e+04 9.849349868669049465e+04 9.787292742113257991e+05 1.589708369714563014e+05
3.063475905032209994e+04 1.380917097398330725e+03 1.378280768259360775e+04 4.931524927533150912e+04 6.942350289254632080e+05 7.500338608146308979e+04
5.367898482690427045e+03 4.036421293470804085e+04 2.934656690349272139e+03 3.258599568453324537e+03 2.168630111444431532e+05 1.932158381380611900e+04
1.131270716526524193e+05 4.524002707559257396e+05 6.418799768865312217e+04 9.883478196507171378e+04 1.114282490584381623e+06 1.696892389172910771e+05
1.517917819932538077e+04 7.117336772988682787e+04 8.853589868607894459e+03 2.051953270842661368e+04 5.131257794224809040e+05 5.112895755371652922e+04
6.391115461621907161e+04 2.482672743967706338e+05 3.386670677362033894e+04 5.545931593633367447e+04 6.451863580545904115e+05 9.535444842247005727e+04
8.189952126716829662e+04 3.685823394056260004e+05 4.623063245481665217e+04 6.570865396505735407e+04 9.442205826731668785e+05 1.313840697188990889e+05
2.518063876535704549e+04 2.406207309803544194e+04 1.112243341869067081e+04 3.765289914733793557e+04 6.037535772748334566e+05 6.361935080883531919e+04
5.840623279767181521e+04 1.541642623022441403e+05 1.988910969707290496e+04 7.678549849477350654e+04 1.306835669471045956e+06 1.388190706247537164e+05
5.960405356982356898e+04 4.662495237680943683e+05 1.375164068312214476e+04 4.403992184357393853e+04 1.011204648430985399e+06 1.169217267710244778e+05
9.659794303998523901e+03 2.775706574687009925e+04 6.995346281841639211e+03 1.106330668165492170e+04 4.506566118403851870e+05 3.970240779282247240e+04
1.889896856788673904e+04 2.020375126645874479e+04 7.584832361828919602e+03 2.523889196004205951e+04 3.231009644448108156e+05 3.741347609715782164e+04
4.601519451835693326e+04 1.145626783486872409e+04 3.454659673907858087e+04 6.570478388999777962e+04 1.254129142237060936e+06 1.295221152023723407e+05
6.525567628210802650e+04 2.138939330749858636e+05 4.673616675415161444e+04 4.651733612583229842e+04 5.316221305502629839e+05 8.752006272707942117e+04
8.763111626795028860e+04 2.492071685475097329e+05 7.360299511422280921e+04 6.418624163992118702e+04 1.108438415721533354e+06 1.476349755261876271e+05
4.204482889545229227e+03 3.807277965344954396e+02 2.357036459849787661e+03 1.102543139621878254e+04 3.784379238658060203e+05 3.147401647371790023e+04
9.524400719052109707e+03 3.179870820332284711e+04 2.260970202426852666e+03 1.683786701494070803e+04 4.103811278511976125e+05 3.776368667501160235e+04
1.731421560408753430e+04 2.567738812096981928e+04 1.004670693364901126e+04 2.197553971288193134e+04 5.102991038805157295e+05 4.986077987193087029e+04
9.043494620927512005e+04 3.463486856657006138e+04 4.468682765672596724e+04 1.328833808085783385e+05 1.384081607381200185e+06 1.741577146706403000e+05
5.326393567182537481e+03 1.610277692327881414e+04 5.378757051549109747e+03 7.256646810876773998e+03 3.656866302111815312e+05 3.099260529054496146e+04
2.637039814260374442e+03 1.328230345726741461e+03 2.664098715533691575e+03 1.033255011164053212e+04 3.492886371670266381e+05 2.937938256244106014e+04
8.580255608967036096e+03 2.183614449427933869e+04 4.254626535529121611e+03 1.245870682685571410e+04 2.895642898036359111e+05 2.802397929121814013e+04
2.675702804533676317e+04 2.062777374028129884e+02 1.390232025922690627e+04 3.445697899502162909e+04 6.675170616959879408e+05 6.648108884613598639e+04
2.394206447527640194e+04 1.459728521024806541e+05 1.535016856921219187e+04 1.122541188599053203e+04 2.775576035341495299e+05 3.758314156982486020e+04
7.746874271306219453e+04 2.171621048441308958e+05 4.877975513589858747e+04 6.904222112546623976e+04 8.617891874599312432e+05 1.209549895641633630e+05
4.337327948154191108e+04 2.211892354129377927e+05 1.709802772782834654e+04 4.019276730623832555e+04 9.069590271478698123e+05 9.748956069458858110e+04
2.521344818242879774e+04 3.331445505279950885e+04 1.822521817854975234e+04 2.616839160430316042e+04 4.442196930894903489e+05 5.121569773796431400e+04
5.086455138955184520e+04 1.516707081895857700e+05 4.114120299225250346e+04 3.279633213927373436e+04 5.073859703259469243e+05 7.419532833414914785e+04
2.905680144148839827e+04 7.787286074189449891e+02 2.458346208643675345e+04 3.297919595266768738e+04 7.292535147868476342e+05 7.459802705270836304e+04
7.050409639674065693e+04 4.462164778525273505e+03 3.814548427659126173e+04 1.044920161286763032e+05 1.099682692395627033e+06 1.378784750537378713e+05
7.311248617482445297e+03 6.626110381905014947e+03 4.026150915238474226e+03 1.348642355035749097e+04 4.290628217628095299e+05 3.702034770555904106e+04
4.099474309997658565e+04 2.206409318117092334e+04 1.732302062627293708e+04 6.291483377891763666e+04 8.074176954386403086e+05 9.131488364682465908e+04
1.625766641669565252e+04 5.698885419054402155e+04 2.204628197582851953e+03 3.067442409011612472e+04 7.345669873636241537e+05 6.704687534373356903e+04
4.341317320471929634e+03 8.806244957705093839e+03 1.703589594204291643e+03 8.153803860544523559e+03 2.788112941360733821e+05 2.360980298254503214e+04
3.348307238479144144e+04 1.591199099665025133e+05 1.431027544578402376e+04 3.086566450683273797e+04 7.884035521094022552e+05 8.102555817383562680e+04
1.646151068553284858e+04 9.770665411359661448e+03 9.582876159990484666e+03 3.144911614499728967e+04 6.458753293138598092e+05 6.227649023047478840e+04
6.322203597752936730e+03 6.378419450983841671e+03 3.893394892500107289e+03 7.508466113871779271e+03 3.018579932470571366e+05 2.569198608918725586e+04
6.260078918416096712e+03 5.934526776188113217e+03 3.057282308200765783e+03 1.026622748106927247e+04 2.751919935894664377e+05 2.476306066071816531e+04
1.612534601544132056e+04 4.620968702354441120e+03 7.035879514334414125e+03 3.179361875603925728e+04 5.136393383246769663e+05 5.218539312141807750e+04
2.506548694089237415e+03 3.808382979912701103e+03 2.548694190360185985e+03 6.229511545554758413e+03 1.951773660995746905e+05 1.723154390265274196e+04
4.178564226186597080e+04 1.173541759989327693e+05 3.010987461619029636e+04 3.229138478045972806e+04 6.115583136292009149e+05 7.452044444068401936e+04
3.773621479598712540e+03 8.146851879950691909e+03 6.905164215549209530e+02 1.109694683260779493e+04 3.126807122075064690e+05 2.674934511621137062e+04
4.612501424848214810e+04 2.151089722602950351e+05 2.965209921238137758e+04 3.261740546882291892e+04 4.456333862636109698e+05 6.814660155500343535e+04
4.159050587632730640e+03 4.685628771556797801e+03 3.205370732981736182e+03 1.627919173328697616e+04 2.681141360118049779e+05 2.700802397958949587e+04
6.462065841659121361e+04 2.626914527883952833e+05 2.313557310539164973e+04 7.849467157868819777e+04 1.293925691065924009e+06 1.454921615690964391e+05
1.126719684636171296e+05 1.833331085709457111e+05 6.908004848253808450e+04 1.194379454929219937e+05 1.483140828514622059e+06 1.926125292886034586e+05
2.975874066440984734e+03 2.882575741158649180e+04 6.497461524077396007e+02 5.185301314963954610e+03 2.978609739275475149e+05 2.408487636188367833e+04
1.204067748465287332e+04 1.407598589642936713e+04 1.226651750926216118e+04 1.477276307895505306e+04 4.745104858865268179e+05 4.457965771766209218e+04
3.476120208266667905e+05 1.367799181067510275e+06 2.127663875216282613e+05 2.835469146545867552e+05 2.798591725497524254e+06 4.758354298263514065e+05
6.965948983360084640e+03 5.649735039513018819e+03 1.802470875635275661e+03 1.361268937444099174e+04 2.553318749060895643e+05 2.438547299642533471e+04
1.969513517853930898e+04 5.829739770322503318e+03 1.022777256662680702e+04 2.753887457144810105e+04 4.651464307630071416e+05 4.843563164367093850e+04
2.033945446139431624e+03 1.058368891760315137e+03 3.026426487960798113e+03 1.805159155721662046e+03 1.790406531331120932e+05 1.421547030669176820e+04
7.648397476410322270e+03 3.662074453538555099e+04 3.395383863586445386e+03 1.311906652425851462e+04 5.507565082916165702e+05 4.625128044777409377e+04
3.078879176140838899e+04 1.186620439974191540e+05 3.393832856664510473e+04 8.906505480497251483e+03 4.028732721957236645e+05 5.162520687038308824e+04
7.845709059455220995e+04 2.064707711238736520e+05 6.843134551927701978e+04 5.150695622966590599e+04 9.819862220736372983e+05 1.290528161061004794e+05
8.206997097907653369e+04 2.245465634347986197e+05 6.914924036015877209e+04 5.137741894675094227e+04 8.315042111961004557e+05 1.200766012432922580e+05
3.503923581097407441e+04 3.627236472674596007e+04 6.438632387256976472e+03 6.710836872613060405e+04 9.924569127052468248e+05 1.016676083840351494e+05
7.964682971879944489e+03 4.561064564552419324e+04 4.079322851026444823e+03 1.680409677703809575e+04 3.785351926747072139e+05 3.707363935170116747e+04
1.583297012782654492e+05 7.244815535868095467e+05 8.650076920477743261e+04 1.238361128022993653e+05 1.288846964659352321e+06 2.158146497726208472e+05
6.387318965930185368e+04 1.667365156196329917e+05 5.443295282791968930e+04 4.054747946026134741e+04 6.871597872648172779e+05 9.626698998428531922e+04
1.346977258066000650e+04 3.286348222658503801e+04 1.302764363331401364e+04 1.816032363045982856e+04 5.813586315066048410e+05 5.455558301311342075e+04
1.281570220378208905e+05 2.416758476807490806e+05 8.544549324412146234e+04 1.295078543321035249e+05 1.410667401035426883e+06 2.022326676704030542e+05
7.954354378816268581e+04 2.319124353958208812e+05 4.939033852188062156e+04 7.283647171663703921e+04 7.965786728185337270e+05 1.192775956343020371e+05
3.905035298852253618e+04 5.645324596220592503e+04 3.235390258453736897e+04 3.435715443692640838e+04 6.393714728167763678e+05 7.527973330248329148e+04
1.394731560064958649e+04 1.208597210487762095e+04 8.092349101753632567e+03 2.186708353481814265e+04 6.138759253888493404e+05 5.526338449322312226e+04
7.221089755657536443e+04 1.849661111142183363e+05 1.844539854366811414e+04 9.895676068495324580e+04 1.361111075235038064e+06 1.533965580561292300e+05
5.777421245258287672e+04 3.330197387487065862e+05 2.778172212967425003e+04 4.426771386794282444e+04 6.690180540888668038e+05 9.346642257959830749e+04
9.285850286459603012e+03 2.620393332748854391e+03 3.962560244632959893e+03 1.728690594762589535e+04 4.235355760039270390e+05 3.814151971455130843e+04
1.781107461177465302e+04 5.623142729640493781e+04 1.238985452500686370e+04 1.447893183273586328e+04 4.895384054788379581e+05 4.759624345779316354e+04
2.497486507166151205e+04 7.756565131336470586e+03 1.065176331161387316e+04 3.655717509239708306e+04 5.523288357293795561e+05 5.865551170019086567e+04
8.919838136897450022e+04 3.919606029637883767e+05 8.286125323949377344e+04 3.594543170781352819e+04 8.197935391424393747e+05 1.265041916361979529e+05
1.807409997012583772e+05 4.790088506377026206e+05 1.197101196580274263e+05 1.687200622777412937e+05 1.708068037595450180e+06 2.664791133909279015e+05
7.863392187184085196e+04 3.361393247992291581e+05 3.864377997851833788e+04 7.182474709979342879e+04 8.555008575055032270e+05 1.233068185863488907e+05
2.189053920090325482e+04 7.716005399700364796e+04 1.934231765995169189e+04 1.078258358087864144e+04 2.807962707226292696e+05 3.591738656697118859e+04
1.547977323162335051e+04 5.100040561658859224e+04 8.192399682431267138e+03 1.803209063684138164e+04 4.859020328770402703e+05 4.689009460913734802e+04
2.183312806108892619e+04 8.575613227063020531e+03 9.136227313698933358e+03 3.300599537326641439e+04 4.889562606830509030e+05 5.217450837284565205e+04
3.126629200929080253e+04 9.309678865268449590e+04 1.803639822181281124e+04 3.441964375212378945e+04 5.041184543224730878e+05 6.185169460293505836e+04
4.674634856008791394e+04 9.158713165557067259e+04 2.965632121011478739e+04 5.004059376567177969e+04 7.635046481503356481e+05 9.129592820752119587e+04
1.891095719351561565e+05 8.013839237290758174e+05 1.207429196306649392e+05 1.361406968500442454e+05 1.442101792896075640e+06 2.502522195755658031e+05
2.879890955121370498e+05 7.815514739475660026e+05 2.026290667334432947e+05 2.531090343386639724e+05 2.320853091475454625e+06 3.965665649289142457e+05
4.245544116837562615e+04 9.526663423527627310e+04 4.270199511753002298e+04 2.289454063336470426e+04 4.569507321258322918e+05 6.420806278970611311e+04
4.385076691490143276e+04 1.848933882147275144e+05 3.274941457595359316e+04 2.571773358200495568e+04 4.882184337456610519e+05 6.773131846814855817e+04
3.241811707289181068e+05 6.447383446479561972e+05 1.966386224185380852e+05 3.561056776836065110e+05 3.072179815597936045e+06 4.843230848982255557e+05
2.376255208954766931e+04 1.393321300768921537e+04 9.675964406641203823e+03 4.358199020687933080e+04 7.075092852349941386e+05 7.215430961503247090e+04
3.466060920914434973e+04 1.647460799648235843e+05 1.211602249723438763e+04 4.174068250169096427e+04 9.232815877342639724e+05 9.434733235902714659e+04
1.020547020340836025e+05 3.450040464662570157e+05 7.984325915604371403e+04 6.987573409627623914e+04 8.582839431028155377e+05 1.408117235971470654e+05
9.582730784526864227e+03 6.914820735739036172e+04 3.695032617593215491e+03 1.645354103768776258e+04 4.251226811853163526e+05 4.104736597758747666e+04
4.178896214667794266e+04 3.200104531046792999e+03 1.801604483200333561e+04 6.302870836376438092e+04 7.486231554908719845e+05 8.677739364836701134e+04
2.257277064519625856e+04 1.001114226360355701e+03 1.127741545882605169e+04 3.987875183280159399e+04 7.649177362570367986e+05 7.439162022648728453e+04
7.686452723086952574e+03 3.033677482365109881e+03 3.539646648973310676e+03 1.941534484446527495e+04 3.787565032664901228e+05 3.593027716984811559e+04
3.029820497689807962e+04 5.139031572021504689e+04 8.336294548476802447e+03 5.520501218804547534e+04 7.563026429752541007e+05 8.196743440066894982e+04
3.425816235527917161e+04 4.470396317956377607e+04 1.965272331778550142e+04 4.406317434885052353e+04 5.808888792046129238e+05 6.967857507633569185e+04
5.107517847519174211e+03 4.344975020226862398e+04 8.760811647048152508e+02 1.904476637187756933e+04 4.964091880144700990e+05 4.452721710233824706e+04
4.253838693496872111e+03 1.192344871436669928e+04 1.249108120978763509e+03 6.774437648968964822e+03 1.796095774164632312e+05 1.627210353261830824e+04
1.558982479220378627e+04 1.061225247746431160e+04 4.472001801038240956e+03 2.592776872144226945e+04 3.506007628445483278e+05 3.775819585619500140e+04
3.902378624786217188e+03 5.140853090444611553e+03 2.517699972434902975e+03 5.710413371987253413e+03 2.828205300454204553e+05 2.294421810554822514e+04
3.391953417633683785e+03 4.165909721490256743e+03 1.682334502538923289e+03 6.587649703868898541e+03 2.522098047224975016e+05 2.087367943932272465e+04
4.348940750826022850e+03 3.089321406469170142e+03 4.527462459192706774e+03 5.150229532542630295e+03 2.150023346314953524e+05 1.889437322997871524e+04
7.892445640247061419e+03 1.509086446290183812e+04 6.797284902629977296e+03 1.351967148495221409e+04 3.496533416070243693e+05 3.330769458721189585e+04
4.543275102447947575e+03 2.251398039947353027e+04 4.272500000338756763e+03 1.087358415936360325e+04 3.519084623818796827e+05 3.154169505068904255e+04
5.453366361980471265e+04 1.454094458168372512e+05 4.216753037721685541e+04 6.086151757989096950e+04 6.382929182137130992e+05 9.582336987307170057e+04
4.079074838975418970e+04 9.034330974168992543e+04 1.608377015419078816e+04 5.364172388772916747e+04 9.519127167021171190e+05 9.968409352895418124e+04
4.004894980384667724e+04 1.605720270028732775e+05 1.122122831967302409e+04 4.445273645937458787e+04 6.649612523482263787e+05 7.760692848502844572e+04
4.901335591156974988e+04 1.081461147812652489e+05 2.657317733999448319e+04 5.623211953487629944e+04 7.597310212147468701e+05 9.333193014267906256e+04
7.232591530663117010e+04 2.978755416438139509e+05 5.541559212927147018e+04 4.157931060550967959e+04 7.067077390073317802e+05 1.049596558120690170e+05
1.927515100307413377e+04 3.501181661728584004e+04 1.673846069060029549e+04 1.348778757186633993e+04 4.304775581637984142e+05 4.400049929149651871e+04
7.743473661090015412e+03 4.108953690423418266e+03 5.314424277513785455e+03 1.644754205888183060e+04 3.947153044878740329e+05 3.647994362301167712e+04
3.240902148261331149e+03 1.239867714231780838e+03 3.368825977980229254e+03 4.683270487860343565e+03 2.201481512759062171e+05 1.843836080585767922e+04
3.323642240072492859e+04 5.747662255792375800e+04 1.423636898115348959e+04 4.354136146351263596e+04 7.394684952425787924e+05 7.840559921347514319e+04
4.093973110629295843e+04 2.530220609556251147e+05 2.486241362732112975e+04 2.670548378869949738e+04 6.939641328211122891e+05 8.198682397113592015e+04
3.697717634156943677e+04 4.133571699183231976e+04 2.120324830385743189e+04 6.291196707957018953e+04 9.093237858799484093e+05 1.007938609932305408e+05
1.091633901091109146e+04 6.926807585343015489e+03 4.255714584073470178e+03 3.318391409979478340e+04 6.100403648274068255e+05 5.821354248745359655e+04
2.997692078066210161e+04 2.644208992415754255e+04 2.951526820474862689e+04 2.377366738510259165e+04 7.651776756371965166e+05 7.624732533794479968e+04
4.076799630662692653e+04 3.493849431824494968e+04 3.534477799297632009e+04 4.111381062868491426e+04 8.108619090935258428e+05 9.009430353651683254e+04
1.326633181852170856e+04 7.794767233741378732e+03 1.159405476476421973e+04 1.244506016612302483e+04 3.412205281853291090e+05 3.396144838189164875e+04
5.974456227822029177e+03 2.872164340937973748e+02 3.223866845271189050e+03 8.339986224305232099e+03 2.457979654528977117e+05 2.170744445412025016e+04
4.893736548764598410e+04 2.021783745473983436e+04 2.097662937236611469e+04 7.346279601014636864e+04 8.753330584639749723e+05 1.021361362246183417e+05
2.550089806494539152e+04 6.540594495915771404e+03 1.548390226363993315e+04 4.447375171885133022e+04 6.959656079689118778e+05 7.391911367461572809e+04
7.368837527609505923e+04 2.259773442356613814e+05 5.572894539808030095e+04 5.317231914898194373e+04 7.257626220704019070e+05 1.080615870933936676e+05
5.971238316595912329e+04 2.847175073981816531e+05 3.635538026637295843e+04 4.907757050399752916e+04 9.615814034809920704e+05 1.166254212650456029e+05
5.075633050085755713e+03 1.455967590865317561e+03 2.242270661746718361e+03 1.281896622851956272e+04 3.514263867202481488e+05 3.047195901875795244e+04
2.221364492325292376e+05 8.565084983466813574e+05 1.424884301620217448e+05 1.802578513681630720e+05 1.491889072485935176e+06 2.856512251506065368e+05
3.217050372787914512e+03 2.885413532216506155e+03 3.910223522211159434e+03 9.510446295854535492e+03 2.508076611037585244e+05 2.299807318094958464e+04
2.552385016395391631e+03 4.358712067626029238e+03 1.616816823121969037e+03 7.626511688647416122e+03 2.484960411538713961e+05 2.107494420392362736e+04
1.592784984158385669e+04 4.570711481789901882e+03 1.010157163311373915e+04 3.572708762388189643e+04 7.357124786983114900e+05 7.021967851344318478e+04
1.319202895826720669e+04 5.212057116662540648e+04 1.334981929275617767e+04 1.362380517540996880e+04 3.402421570456609479e+05 3.737841926705353399e+04
1.549125741737045464e+05 3.720097690324482974e+05 9.092523895277493284e+04 1.540524474343886250e+05 1.840618985588129610e+06 2.510598028727581259e+05
2.038351818785876094e+04 1.163826977528302996e+04 1.136763681592909961e+04 2.550797082123452492e+04 5.829247659631050192e+05 5.621775008351501310e+04
8.463321749765429558e+03 4.900768357932205254e+04 6.477213975761796974e+03 1.456271723336575997e+04 3.417881811529887491e+05 3.479028803555419290e+04
5.872064062563998596e+04 1.676779274060408643e+05 2.777902720957511701e+04 5.802346385831314547e+04 9.398886073684922885e+05 1.097242490540048893e+05
1.721608132273290175e+04 5.918485007741909794e+04 4.639091804770820090e+03 2.440249513643937098e+04 5.179417593704884057e+05 5.079878881560856826e+04
1.877862442292835040e+05 7.109480936899267836e+05 1.375575444437275582e+05 1.329008773303225462e+05 1.161530141578261042e+06 2.326905880839879392e+05
2.253406434032981633e+04 7.723090819121853565e+04 1.154249422938481439e+04 2.050529808755224440e+04 3.165553248766008765e+05 3.936009720811872103e+04
8.143349025892662758e+04 4.852985992633269052e+05 4.668044736864847073e+04 5.096094347130101232e+04 1.221116355452199001e+06 1.493073795928587206e+05
1.045103713611256717e+04 2.859912337198477326e+04 3.565308218539011250e+03 1.297433210213667189e+04 3.679049512691632262e+05 3.356372015374287730e+04
8.084951381932497316e+04 2.424065470455217583e+05 5.525014257405442186e+04 6.689439051266775641e+04 8.719659268645094708e+05 1.247064365516443213e+05
3.970783536040269973e+04 7.782562529829690175e+04 3.799988354337633064e+04 2.795149667903106820e+04 6.675070160656769294e+05 7.776681485509527556e+04
6.209241598329891531e+03 8.814814163859765586e+02 4.256902036645408771e+03 1.977973523702911189e+04 4.134650535041863332e+05 3.863225600533669785e+04
4.078212736421806767e+03 3.936853016498328543e+03 4.377233290306137860e+03 4.277052385573857464e+03 2.567111046872340085e+05 2.128201906185114785e+04
6.080343964124556078e+04 5.390171961109856056e+03 2.358434862981719925e+04 1.030518101801898156e+05 1.204062281997085316e+06 1.380165906558109564e+05
5.493995923514139577e+03 2.044750910414940790e+03 1.967065731308700151e+03 7.999323202098178626e+03 2.753290344639051473e+05 2.308481043644682723e+04
3.909802970649924191e+03 1.486969067245477163e+04 8.550560104635613925e+02 7.175871681890565014e+03 2.753215992582623148e+05 2.286706300220542471e+04
4.033835196713382174e+04 2.177873613184814167e+05 2.306666550192544673e+04 3.373357716878112115e+04 8.979196651119667804e+05 9.636552931756050384e+04
9.187516579400406044e+04 4.292373403334910399e+05 6.130492754426650936e+04 5.591016892333434953e+04 8.380966230885331752e+05 1.293145222358023457e+05
1.011345653723257710e+05 8.594389202789367118e+04 5.415061130134348787e+04 1.540459881462888152e+05 1.608276722894794075e+06 2.054244203053388628e+05
4.824381690867720317e+04 1.140851985396074597e+05 2.695199604226521842e+04 6.776893400151839887e+04 8.294972790281146299e+05 1.036982591845811839e+05
1.148821807599090789e+04 1.001590287987397824e+04 3.217078227408199382e+03 3.157620813822259515e+04 7.117945758682179730e+05 6.403559366813088127e+04
1.449969792148655506e+04 3.626010261382420867e+04 9.362552474567881291e+03 1.522844520828307213e+04 4.794400840654062922e+05 4.496290806603724195e+04
9.263425663760915631e+04 3.835229445620999322e+05 5.322470532258979802e+04 7.965975827498770377e+04 1.118925927876443136e+06 1.531973195780263050e+05
4.720098108048071481e+03 1.163951236578790713e+03 2.322533850531689495e+03 8.353656972303168004e+03 2.495250001734753605e+05 2.161912769771750027e+04
2.498673003323890225e+04 2.803480253301624907e+04 1.360124188256799243e+04 3.135360742446217773e+04 4.535409961944333627e+05 5.193279343146111933e+04
1.636706860853671787e+04 8.582550282705393329e+04 1.367621543462073168e+04 1.232519960943869955e+04 6.061872144696650794e+05 5.648671871985979669e+04
1.070189779576730070e+05 3.271042079535122612e+05 7.006573526424568263e+04 8.969822804439172614e+04 1.029034480018404080e+06 1.561592588623708580e+05
1.941059523634646757e+04 1.169364125510643644e+05 5.354992444739304119e+03 2.141392602294239259e+04 5.053784468149704626e+05 5.176809877451979992e+04
3.275441963725862661e+04 1.876513293197152379e+05 1.814234118438418955e+04 1.983808976407981754e+04 4.901864642037879094e+05 5.904456102543505403e+04
4.736409132867359585e+04 1.032203104632861068e+05 3.858559910261067125e+04 4.092007280460296897e+04 1.049555692146272399e+06 1.108362462721438205e+05
1.762478746897985957e+03 2.444211930596148250e+03 1.024638406832328428e+03 2.741839616127679619e+03 1.492869182609019626e+05 1.184341762816757364e+04
6.047284845082233915e+03 4.673012228501436766e+03 1.897832010535949166e+03 2.526511065348843113e+04 5.460598541668592952e+05 4.920153947438789328e+04
1.712176016119983105e+05 1.078556075529901544e+06 1.046358313203940052e+05 8.490683697978896089e+04 1.165023840141652385e+06 2.152176779622217582e+05
6.721431513218571490e+04 2.789714061489632004e+05 2.844561317082739333e+04 6.912330854708897823e+04 1.250778711200391641e+06 1.414470154759949946e+05
6.552192209968321549e+03 2.748767948447201434e+03 4.948857211722057400e+03 1.417509496779016445e+04 2.969848849996421486e+05 2.865419105499278157e+04
1.755964871550784665e+04 2.126742953628152463e+04 7.844418696736905076e+03 2.418693495431176780e+04 4.299851568918248522e+05 4.429131117036860087e+04
9.355876829801640270e+03 6.487290625801751958e+03 4.588578124456240403e+03 1.659392492006145767e+04 3.112368807806887780e+05 3.073617072333965916e+04
1.125397044768108753e+04 2.520946405476120162e+03 7.277439142190792154e+03 1.318412416540713821e+04 3.144344950435748324e+05 3.037228960178600028e+04
4.705874753443532427e+03 2.470511292195597889e+03 1.525991485346966101e+03 1.543551731459195616e+04 3.402236763210989884e+05 3.064304512315759348e+04
4.599019640079954843e+04 4.006823394624927896e+05 1.600246144742812066e+04 2.119458436723650084e+04 5.508390745375750121e+05 7.335400043100856419e+04
3.331961883777205003e+03 5.231390392522551338e+03 4.948828777966209600e+03 5.443284915564324365e+03 2.926425389747852460e+05 2.453655321023686338e+04
2.970650844540712205e+04 1.583872748632663752e+04 8.491715773510881263e+03 5.716096974369722011e+04 8.291126552144880407e+05 8.605725189950485947e+04
7.083579291582197584e+03 7.406896910028524871e+03 2.907022721131492290e+03 1.399059244073232003e+04 3.118418126788567170e+05 2.892027552502246544e+04
1.563561760934539489e+05 2.126128536613259930e+05 8.568533919318088738e+04 1.922805545059624710e+05 1.748881842631021515e+06 2.520312090059007169e+05
2.349290275425114305e+04 7.899834786840459856e+04 1.026732135480665966e+04 2.509572786962293685e+04 5.404315273079640465e+05 5.603136645799664257e+04
7.281831896135538409e+04 2.509195482943653406e+04 3.968061913219837879e+04 1.016391707399283769e+05 1.619326042793742614e+06 1.732218320894413046e+05
2.539797758265174707e+04 1.770247987518429727e+04 1.132177540466455503e+04 3.410373499431316304e+04 5.574194290793543914e+05 5.866937321106165473e+04
3.798501406312447216e+04 9.238332716470454761e+04 2.800500498261973917e+04 2.908682284777470704e+04 5.276431616691183299e+05 6.528456195123965153e+04
3.770221161462145392e+04 5.868100241317050677e+04 2.091475810717188506e+04 4.330596517001072789e+04 6.156859036125757266e+05 7.291212626226192515e+04
1.924983287143917987e+05 6.516257407047178131e+05 1.647316249910849147e+05 1.110382241059021326e+05 1.244755114206407452e+06 2.371818763794196711e+05
1.438939905329101930e+04 5.717267014243658195e+03 6.532470320115314280e+03 3.066863887474360672e+04 3.790091456232974888e+05 4.245874818537360989e+04
6.622473300904228381e+03 1.479176186855479136e+04 2.619572647828655136e+03 2.356238856887452857e+04 5.601156709467647597e+05 5.018871046817716706e+04
1.175819338526940119e+05 3.634490729100032477e+05 6.868310597120366583e+04 1.131006377174318332e+05 1.207019563268534839e+06 1.799146681821981620e+05
2.780395921697859303e+05 1.067339317872781307e+06 1.904496671782555641e+05 2.020926222215476155e+05 1.697405850277147954e+06 3.404530959125939407e+05
3.509684676637701614e+03 2.629931758441768761e+04 5.066065276523855800e+02 3.711766140938907938e+03 1.677870696303883160e+05 1.448315744447124416e+04
4.572640071741352585e+03 9.592878746125628822e+03 2.385924401276875869e+03 1.452608004135991905e+04 3.845364583639872726e+05 3.393533333213117294e+04
1.685396798775596108e+04 8.277143159605533583e+04 2.189208068876483594e+03 2.766602480399648630e+04 5.824874319612968247e+05 5.672658463592874614e+04
8.031193775891414589e+03 1.331004062106071797e+04 6.423638040726962572e+03 8.393398746474005748e+03 3.951967144258646877e+05 3.380373234546797175e+04
1.525563524573484574e+04 4.888720967095250671e+04 1.368617546690076597e+04 1.314145088637990375e+04 4.383202665112533723e+05 4.374203729964304512e+04
1.723234801532850543e+04 1.334973197276802784e+04 8.352613830913438505e+03 2.767687540069602983e+04 5.973971138393033762e+05 5.695683583444940450e+04
6.534144834804556922e+03 3.219657308184157046e+03 2.108543263518169624e+03 1.127910834048903416e+04 3.205259825379670947e+05 2.772691733367270353e+04
1.657509818330123380e+03 1.232851442385423798e+04 1.230423338373313300e+03 3.586437251090118025e+03 1.213577998929909809e+05 1.092453609670245351e+04
1.874802835802856862e+04 4.827924964356786222e+04 1.466985952653979075e+04 2.459068435270541158e+04 7.762480068544838578e+05 7.204204808644964942e+04
2.714697320315015531e+03 8.767137464096913391e+03 2.372976836267130693e+03 6.851861648854081068e+03 2.498994382111532323e+05 2.136311452749170712e+04
1.059432552726286958e+05 1.161260119920842553e+05 5.310016658382827154e+04 1.400064134073837777e+05 1.327993906371155055e+06 1.812645847678398422e+05
9.759726980102625021e+03 1.682361438598663199e+03 5.221420136657540752e+03 2.872279544602072565e+04 4.901681312019835459e+05 4.829058886906024418e+04
7.336911536890594107e+03 1.027029719625908001e+04 5.170371689488284574e+03 1.086475030884529042e+04 2.319583488678821304e+05 2.325124552128844880e+04
1.876759591561822162e+05 7.146960310058305040e+05 1.302487052648440003e+05 1.377999783699059917e+05 1.377456782437374350e+06 2.464637058791811287e+05
2.770737698070595434e+04 2.867071985122673141e+04 8.439243561438659526e+03 4.235893729904587235e+04 6.643026087862267159e+05 6.889116309260044363e+04
2.058619550602779418e+04 6.529870632253803251e+02 7.289757877845022449e+03 3.897659141676023864e+04 5.370584959111844655e+05 5.692171788061712869e+04
3.907069359707299009e+04 1.084173289284586062e+05 1.927052991622774789e+04 4.938682644296127546e+04 9.718124384226348484e+05 1.013664663335212826e+05
1.859515595025257426e+04 2.062081568139091178e+04 1.109141491495313494e+04 2.272436652187240907e+04 5.195010281370439916e+05 5.101850414008357620e+04
1.813697067597121713e+04 8.494976670276781078e+03 1.161222800683099558e+04 2.314317972386530528e+04 5.060182307983768987e+05 4.992566320424930018e+04
2.672093932115919961e+04 1.026017332638009102e+05 7.979168482622199917e+03 3.806281200465535949e+04 9.456122703160931123e+05 8.932847623698956158e+04
4.144210275898065447e+04 7.724834687182912603e+04 3.156140111667411838e+04 3.588511658447548689e+04 5.113349335548314848e+05 6.804610611242147570e+04
1.017209547850495001e+05 4.847062618098898092e+05 5.896775760365548194e+04 8.009889512548557832e+04 1.257509794447450666e+06 1.701984608117193857e+05
7.192711795037097181e+04 2.403733568587762711e+05 3.474571232147277624e+04 8.134913324705271225e+04 1.231086157338152407e+06 1.464571773810832819e+05
8.845694176808149496e+04 4.752776603239141405e+05 5.338565678472313448e+04 5.976484956610124937e+04 9.716073980629204307e+05 1.389012509380346164e+05
1.437104375071633549e+05 7.275209226185040316e+05 8.094704851477367629e+04 1.017158041338856128e+05 1.353661031414971454e+06 2.079278148585030867e+05
1.001721405557949765e+04 6.744358710756414439e+03 6.507359415262520088e+03 1.282607292915109610e+04 4.040550035151916090e+05 3.611519386445725831e+04
4.701080218574671744e+04 1.756223206488399883e+05 2.625006907555523867e+04 4.761174888717454451e+04 9.249110682540483540e+05 1.037427728990530741e+05
1.861750784292069511e+04 4.300684375896685378e+04 1.048544663677538847e+04 2.693981012019068294e+04 5.274930928862333531e+05 5.430845781212866859e+04
8.124598812247508613e+04 2.325752330818996415e+05 4.593925388795159961e+04 8.040387218647127156e+04 1.026289858230056125e+06 1.366948093250597885e+05
2.747924631541849521e+04 2.662148864298566332e+04 1.823002617340286452e+04 3.550479890420525771e+04 5.506313859241717728e+05 6.226563338320388721e+04
2.384277767360611688e+04 2.246279903827344242e+03 1.747686136235100639e+04 3.152721603496762691e+04 6.616747980007614242e+05 6.640520330644521164e+04
3.221023582585430631e+04 1.489159066400233423e+05 1.955734606027221889e+04 2.060468648394094998e+04 5.732843937844841275e+05 6.367400718821008923e+04
2.050666878069254017e+04 5.718642523211227672e+04 6.057659971788469193e+03 2.845600801461196897e+04 5.773958331484327791e+05 5.714323476689131348e+04
1.767996004809314400e+04 1.691274082831167107e+03 9.352969700352738073e+03 3.039487867183877461e+04 7.892222684733087663e+05 7.094242522639701201e+04
5.228407380966196797e+04 8.306336724104914174e+04 1.672873806454445730e+04 7.750816464435750095e+04 1.170621456244356930e+06 1.251042495977520011e+05
9.367582569661783054e+03 6.813661279292070503e+03 3.039681797291681960e+03 1.623701387707681715e+04 3.657957533154425910e+05 3.359282912164653681e+04
2.051453405223382651e+04 2.700113952489494477e+04 1.343041623561981760e+04 3.079902348156191147e+04 4.280119358441932709e+05 4.984016791301775083e+04
1.102327208399289020e+03 1.536322919524506005e+03 1.107429410370772985e+03 3.141270578263724929e+03 2.065451454172284866e+05 1.586597349389524425e+04
8.225492887463585066e+04 3.652482189688473009e+05 5.074639173770522029e+04 6.221396312815890269e+04 8.281422647569966502e+05 1.237781781135727942e+05
2.532969925418586627e+03 4.817169988386664272e+02 2.711904374849327269e+03 6.014718935954020708e+03 2.427956198670117883e+05 2.024298322892654323e+04
1.577917222580861562e+04 4.131655633184167527e+04 1.004046946265818224e+04 2.211346844853070797e+04 4.171983740190598764e+05 4.443224312719002774e+04
9.002705218202980177e+03 1.652931167629688616e+03 3.882287872751489886e+03 1.473232408778410900e+04 3.598280554419264081e+05 3.261897164057651025e+04
1.065173495809074848e+04 1.036310143273912217e+03 7.963293391348342084e+03 2.640354066152516680e+04 3.930929711064954172e+05 4.186264326199823699e+04
1.697307801482076684e+04 5.859591691174477455e+04 1.092283978738102633e+04 1.342056467458767474e+04 3.946427670536919031e+05 4.021959356605189532e+04
3.329433365203685389e+04 1.482794195325333276e+05 1.871133991880821122e+04 2.768686225861435014e+04 5.254359041113284184e+05 6.326199248662956234e+04
3.857227602819150434e+03 4.032917010272818970e+03 2.992444000916148070e+03 5.510829582762459722e+03 2.083110943455272936e+05 1.799233883178463657e+04
6.148233779136949124e+03 2.443690826194603142e+04 4.519223705742218954e+03 3.462561998182825846e+03 1.714259514166577137e+05 1.625286273490087478e+04
1.122156256388999900e+05 3.586304946830611152e+04 3.992302147825295833e+04 1.741863253082497977e+05 1.711355914428797318e+06 2.128537197115236195e+05
1.332706241545160628e+04 2.788902254924357476e+04 9.681015183666344456e+03 1.253615000374888405e+04 3.114688815800469602e+05 3.217097332547902261e+04
1.115723557231878367e+05 3.288581514056994347e+05 6.444539194379956461e+04 1.066905601559513598e+05 1.059339507245718734e+06 1.635451423524742422e+05
5.443303677964015515e+04 3.143673138782515889e+05 3.688729205586207536e+04 2.632894415148840562e+04 8.836877339387669927e+05 1.027959015893089381e+05
1.451184295636998468e+04 4.812204090550941328e+04 1.053927533672816935e+04 9.117292913618295643e+03 3.169891424260709318e+05 3.236726211564508412e+04
1.798735335873492586e+05 1.158662479738362017e+05 8.201079265470748942e+04 2.589414449688402528e+05 2.285545149254672229e+06 3.118996410067061661e+05
1.674297852330813112e+04 1.438541468762115983e+05 2.745493245312402905e+03 1.852913430063376290e+04 4.501918821918840986e+05 4.695857421382184839e+04
1.732531674190330959e+05 6.345460824997603195e+05 1.052533939346679690e+05 1.440327242653946159e+05 1.616119893379471032e+06 2.505941606181011011e+05
1.492746833018732432e+05 5.203437070259793545e+05 1.024316931157859071e+05 1.145237649813057506e+05 1.014428891697698040e+06 1.899149995526176062e+05
1.733562444617722213e+04 5.169947974266205711e+04 4.650834572149733503e+03 2.316368893962709626e+04 4.826745781801297562e+05 4.750131129108176538e+04
2.568102904474994648e+04 3.657636486415973650e+03 1.308101468870423560e+04 4.073968442158280959e+04 5.544293428603986977e+05 6.153248470884039125e+04
6.861211505224517168e+03 1.247928146199078037e+04 2.746507061955340305e+03 2.483498939515123857e+04 4.105179619613413233e+05 4.064259596072797285e+04
2.508568098251550327e+04 9.184289702640035830e+04 1.710380173753170675e+04 3.333134014699319232e+04 4.599919704783784691e+05 5.792759172538938583e+04
1.071173204059022246e+05 2.660307150404243730e+05 4.648902037705905241e+04 1.318561053120208380e+05 1.624110202118140412e+06 2.020619189780066954e+05
1.403020317467440327e+05 5.120949669949241797e+05 1.133525746636738186e+05 8.093152427079447079e+04 1.040371228340246365e+06 1.807697559820768656e+05
8.198293518153465993e+04 3.069092421949665295e+05 4.973164355893393804e+04 6.886505499307866558e+04 8.691620855075581931e+05 1.262210847373808356e+05
2.225128327470248041e+04 2.482349492703541546e+04 1.019246621020843668e+04 2.742309081047106156e+04 5.356280361871538917e+05 5.404827758197686489e+04
6.845107427712292701e+04 1.105185704336507188e+05 3.538309497096930863e+04 8.274450840973523736e+04 8.724112339743879857e+05 1.168144146067798574e+05
8.585567834115469304e+04 3.818302368316198699e+05 4.701904020001601748e+04 7.341414852353429887e+04 9.701805266540767625e+05 1.376096928385517094e+05
5.467938383279572008e+03 1.423583078956365534e+04 4.663399276430507598e+03 1.244807477232153542e+04 2.780685100641032332e+05 2.704618380420435278e+04
8.574453410025567791e+03 8.304228126227161556e+04 3.383391962035792403e+03 8.655819674038792073e+03 3.835739874194595614e+05 3.527983927041728020e+04
2.470639758923765839e+04 9.084325273672949697e+04 1.332590870786185405e+04 2.150630992752875318e+04 4.057646368486141437e+05 4.725515193546388036e+04
2.724897969865240157e+04 5.629986148740011413e+04 1.565902840473549986e+04 2.727698475763079841e+04 4.739759290427065571e+05 5.374926434458395670e+04
6.043842174283664463e+03 3.351088270262471633e+04 4.868697504701499383e+03 2.691877692257242870e+03 2.460593521442548954e+05 2.152374365410925384e+04
7.215657182761543663e+04 2.336266728635979816e+05 3.214999483684698498e+04 8.442542093893577112e+04 1.286742417265593540e+06 1.501388953339130967e+05
9.211568146383813291e+04 1.729882479925278458e+05 4.502155535199539736e+04 1.144921969030769251e+05 1.175971814902053447e+06 1.588330484844584425e+05
9.523930947058372840e+04 4.866229925514796050e+05 6.318878441247042792e+04 5.534370946039504634e+04 9.693380990555542521e+05 1.415367073663420160e+05
1.366801880394537693e+04 3.520489092571042875e+03 5.906973049380545490e+03 2.206277340949538848e+04 3.467819930182597018e+05 3.602141067459370242e+04
2.055492040616806116e+04 3.889814295120229508e+04 1.498209756257325716e+04 2.512100862205950762e+04 5.282524251002523815e+05 5.527227085953819915e+04
4.366286555843778842e+03 9.988636807209735707e+03 1.887144481184903952e+03 1.901079827359730189e+04 4.490186046353409765e+05 4.010485443116033275e+04
3.339816398199214018e+04 6.462582258891355741e+04 1.574074097740826437e+04 4.001792606375832111e+04 5.517826846520466497e+05 6.519088583460240625e+04
1.909813191609432761e+04 8.040982338456394791e+04 6.526178841426070903e+03 1.916099492416451540e+04 3.919902287275670678e+05 4.182075530327366141e+04
3.600882959632512939e+04 9.078987911953248840e+04 2.731996304145434988e+04 3.134228033236389456e+04 8.667503570487101097e+05 8.873851113520957006e+04
2.005209416086119381e+04 3.372664023487309896e+04 1.039420306460990105e+04 2.612089503637129019e+04 5.058657465117704705e+05 5.198506812769125827e+04
3.812170468459277618e+04 2.329137366843338532e+05 1.973115409190077844e+04 2.147480855105600858e+04 6.197168552738305880e+05 7.142095106331724674e+04
9.731956297200924382e+03 7.335291117225890048e+03 1.162653383424716230e+04 5.960951511607662724e+03 2.891935467984637944e+05 2.752139748878479077e+04
1.716096822126096231e+04 1.478274289922174285e+04 8.409679776499135187e+03 2.192059192219442048e+04 3.948268634493260179e+05 4.082464121555260499e+04
4.794196372410347249e+04 7.052376094556899625e+04 2.668424721954504275e+04 6.905199274358600087e+04 8.171638873582410160e+05 1.011784076435238967e+05
2.371208815582835814e+04 1.369978897375762972e+04 2.336940158547882675e+04 1.978111868842343756e+04 6.329936842770109652e+05 6.227154301261038927e+04
5.495892924360278812e+03 3.249977437411677965e+04 1.641766619906017240e+03 7.517437465422121932e+03 2.496054958633363713e+05 2.250319220882851732e+04
6.675024387163143729e+03 1.109723303473023043e+04 1.257059093936241425e+03 1.942611573394687730e+04 5.326567557814248139e+05 4.570134592612440611e+04
1.719756228735259720e+04 1.309016440930317549e+04 8.017521774967784040e+03 2.938174983144984799e+04 4.628507348216656828e+05 4.852092355531635258e+04
6.888926704321520810e+04 2.934619693382629775e+05 2.435894327531754971e+04 7.655077586533800059e+04 1.046727158625571989e+06 1.300363453904988855e+05
4.330588793545572116e+04 2.789594175206861109e+05 2.561251192172141236e+04 2.001553280032358089e+04 5.166872306410051533e+05 6.864469342601780954e+04
4.293117168375914480e+04 1.265817041817459831e+05 3.240625458489372613e+04 3.052506923316718166e+04 7.064385390781397000e+05 8.154978876158095954e+04
7.376459598473787082e+03 1.667015933899866286e+04 6.135097132128392332e+03 1.010509923636873827e+04 4.526222945453660795e+05 3.848200206228827301e+04
9.372471652457430537e+03 1.325042155398185423e+04 5.919840132599777462e+03 9.845641853183678904e+03 3.134122769688143162e+05 2.873949610639652019e+04
1.444706070999868098e+04 3.195784823697921456e+04 1.254545124662101080e+04 1.054536125617179823e+04 3.812483928518531029e+05 3.740022026805843052e+04
1.867737691352391630e+04 2.173986271675397074e+04 1.333964140434395449e+04 1.968379699429246466e+04 4.936951356851730961e+05 4.893245262289301172e+04
1.171456114475066170e+04 7.361860155658736403e+03 3.466389745155086530e+03 2.041297586148423943e+04 4.107369247126081027e+05 3.871492314735515538e+04
7.410157628662044590e+04 2.852600020652148305e+04 3.084152409013955912e+04 1.085495453452696092e+05 1.232050819619823713e+06 1.466581065422864922e+05
6.723288666246407956e+04 3.375430731424145779e+04 3.017540256522144773e+04 1.042849874126793875e+05 1.501071189092944842e+06 1.627954422951518500e+05
2.776128357164433692e+04 3.178917587309490045e+03 1.129276334937091087e+04 4.051532764904131909e+04 5.479545665562872309e+05 6.020097219851952104e+04
1.091631776616565185e+05 1.251407558453192905e+04 5.027213644392108108e+04 1.736910497271281201e+05 2.145628382737984881e+06 2.451449800392502220e+05
1.201542659554209422e+04 1.272200812012872302e+04 1.014157311257330730e+04 1.014222028517992658e+04 3.124960313801413868e+05 3.060576134321103018e+04
1.053362637897591776e+05 2.436193580129116308e+05 6.443670429982926726e+04 1.041602026694702217e+05 1.043178814718892914e+06 1.570933220301047259e+05
5.068085758369884570e+04 1.229927728417898616e+05 4.494497702989976096e+04 2.966076718762086966e+04 6.515154579176384723e+05 8.269256404493554146e+04
2.174454178652923929e+03 1.072093478382013473e+03 9.842336240608329945e+02 7.522527710708170162e+03 2.510309861701841583e+05 2.076313129828960518e+04
9.387842631400378013e+04 4.502521280349505250e+05 7.042143411998772353e+04 4.980771604225065676e+04 9.942735523083577864e+05 1.420291193940001831e+05
2.842923711554698002e+03 1.458711552859847689e+04 6.701593409416684608e+02 9.379056067898693072e+03 3.496903473308138200e+05 2.877163255657373884e+04
1.099548386351139379e+04 2.352971724179326429e+03 7.566506125055351731e+03 1.853418065236699476e+04 3.730890698265611427e+05 3.685288235028972849e+04
1.214219709234586662e+04 6.616429973149264697e+04 2.518244384029639150e+03 1.985097168288423563e+04 4.798167719365465455e+05 4.560741515880776569e+04
3.929074729402042431e+04 4.655797069842690689e+03 1.632542613584598621e+04 5.491480742645742430e+04 8.829640863714037696e+05 9.148735222176861134e+04
6.322711900455732575e+03 4.641809236747556497e+03 2.457392676908237263e+03 1.775717481188522288e+04 4.075369244482610375e+05 3.672925321882587741e+04
1.597708199871034594e+03 6.090439062034275594e+03 1.413962096687420626e+03 2.393112351925153234e+03 1.241448860636833851e+05 1.034290358131882931e+04
6.765080634756996915e+03 1.955798175903255469e+02 2.645026339187775648e+03 1.268809194266091254e+04 2.567058469733635429e+05 2.415318334179557132e+04
6.463053488713523984e+04 7.915718755208844959e+04 3.746112966652447358e+04 8.162477192173335061e+04 1.143178326519672293e+06 1.338640726390801719e+05
2.711579379842124763e+04 4.080317623754323722e+04 1.775978088493874020e+04 2.652947060563302875e+04 4.696449329562511411e+05 5.325890141600967036e+04
1.580857469325040256e+03 4.868058764529052496e+03 6.664485642085132895e+02 1.582046860722493693e+04 4.197601657023175503e+05 3.591478068212670041e+04
1.572241444664228220e+04 3.669503026594225503e+03 1.077057766723181703e+04 2.232374519737345690e+04 4.650792521663635853e+05 4.620004126061458373e+04
3.332652957721958956e+04 1.039627417199917363e+04 2.079244594563141072e+04 5.088206488344070385e+04 9.445067967426811811e+05 9.601280675294870161e+04
4.437478637865655037e+04 1.076207474001711380e+05 4.403935906357448403e+04 2.136587442642109818e+04 5.306504978883792646e+05 6.966154011863446794e+04
1.013907787752701697e+05 4.730575167232599924e+05 7.024021852274188132e+04 6.209780446692006080e+04 7.858639968989877962e+05 1.346190621101914148e+05
9.849674269806110533e+04 3.440649169508902123e+05 7.679203681043165852e+04 7.560992846054444090e+04 7.847329671166198095e+05 1.370958274795103935e+05
6.070094884280749102e+04 9.303560076826195291e+04 3.332359547984125675e+04 7.109117158831057895e+04 1.056834698071731953e+06 1.221964778212610836e+05
1.226780675248440966e+05 3.796859553544445080e+05 6.582814203800039832e+04 1.208873067922441987e+05 1.113513301479479996e+06 1.767190176289720403e+05
7.402938818619865742e+03 4.908489003130255151e+04 3.245799615331193763e+03 1.135435979624796528e+04 3.117247401413797052e+05 2.992827241564282303e+04
5.984591766161969281e+04 1.298783929278193536e+05 3.320595706440888171e+04 6.886767177427148272e+04 1.302697637612403836e+06 1.394996597016624582e+05
6.877966995762354054e+04 2.229219179566373641e+05 3.888073707855361135e+04 6.549771124379938556e+04 1.080313870145467808e+06 1.300677326214301138e+05
3.450189071426565351e+04 8.713131600216952211e+04 2.117639655846852111e+04 3.384381177025898069e+04 5.409994693329395959e+05 6.513039710012864089e+04
7.008610271132377966e+04 2.490367059373796219e+05 4.539665230197465280e+04 5.832544139642527443e+04 5.835121975170081714e+05 9.751073516102987924e+04
2.270749501743360088e+04 1.800674413789320533e+04 6.739135162044309254e+03 3.867054388321654551e+04 5.536779313155513955e+05 5.852230330063690053e+04
3.114903651403569165e+04 1.585932058402700350e+05 1.819321078110613962e+04 1.926066480129613774e+04 3.354203278451885562e+05 4.695831995407565410e+04
2.162856496747775600e+04 4.496859768735460966e+04 4.581343562745426425e+03 3.456708653225547459e+04 7.868250415316571016e+05 7.275182947683073871e+04
1.839133060779385778e+04 1.245292943193452520e+05 2.637559858774037821e+03 3.455601734640009090e+04 8.036744919669119408e+05 7.697819663063922781e+04
3.625229948504831555e+04 5.046738723518245388e+04 3.219373917918532970e+04 3.628617574176046764e+04 8.960323044559647096e+05 9.304973106130187807e+04
6.147579103908854449e+03 1.029621489723272680e+04 6.733166183610361259e+03 4.791313966373950279e+03 2.515735069496689830e+05 2.249922395787317146e+04
9.530876803000934160e+03 6.931905923866480407e+03 2.667867233679744004e+03 1.692487835054648531e+04 2.946092259843216161e+05 2.896145976192785383e+04
8.447075538958630932e+04 6.792346477296408557e+04 3.913609995197531680e+04 1.141240076037428953e+05 1.093834585650146939e+06 1.454071547369427281e+05
1.222635774078209033e+04 2.961576851665520371e+04 7.516876617242655811e+03 1.108236063943959743e+04 2.575311475895446783e+05 2.703826184940136955e+04
2.893112322984890397e+03 1.422398935622339741e+04 2.209446544350524164e+03 6.753007132950581763e+03 1.751036047702129872e+05 1.648714269771876570e+04
2.869861614500320229e+03 2.284575814017206994e+03 3.218763889507518797e+03 2.968500222638710056e+03 1.496441444783154584e+05 1.290789354560010361e+04
2.505116167939513398e+05 1.072776061105380766e+06 1.722985895875003480e+05 1.670536488532443764e+05 1.624690755045844708e+06 3.121625704299991485e+05
1.574660680405749918e+04 7.235898319839006035e+03 6.521748926131660482e+03 2.275083476016145869e+04 3.039116899763760739e+05 3.389793083231531637e+04
1.626540577655078232e+04 1.375559612560608184e+04 6.211549299421155411e+03 2.368704856047502471e+04 3.367164005812169053e+05 3.671652235621263389e+04
1.582222710088925851e+04 2.950318081808673014e+04 1.089607924275598452e+04 1.357133924851685697e+04 2.918864127146336250e+05 3.192561139423937129e+04
6.575239554535249772e+04 2.686949000998019474e+05 3.371953042090854433e+04 5.780062855508866051e+04 7.435624530011670431e+05 1.039770358150145330e+05
2.610287146942488107e+04 3.146364776126108700e+04 1.221164042756289746e+04 5.722633471255301265e+04 7.210459426581066800e+05 8.119488445978697564e+04
4.210988956169038829e+03 5.001306397022407850e+02 1.482606058732663769e+03 8.059441839592313045e+03 2.000219416361885669e+05 1.776161242622809004e+04
4.955478055543656228e+04 1.788838142715933500e+05 1.498791946267797357e+04 6.309770225421498617e+04 1.015995183822453604e+06 1.121779571171820426e+05
1.293754567313949083e+05 3.850286281189381261e+05 1.050431123085324507e+05 9.096202341790392529e+04 1.248937928308526054e+06 1.894651931589209125e+05
3.402717838813186245e+04 2.861501160778298508e+05 1.414605630034086607e+04 1.736805329999420792e+04 5.830120734435616760e+05 6.732125030966104532e+04
2.093705890592731521e+04 3.026574415026514998e+03 8.806927213856433809e+03 4.374485338301234879e+04 9.257829011775302934e+05 8.599474605109267577e+04
8.373757151115434681e+03 1.555106051499430123e+03 6.056864155432577718e+03 1.582045234994972452e+04 3.308781185001778067e+05 3.209643190946251707e+04
2.963587481600848605e+03 2.380241568495191132e+03 1.816948640810739562e+03 9.218289326184960373e+03 4.347281091644110275e+05 3.430900728508004977e+04
1.641457261789518452e+04 1.022340653841101011e+05 8.431826855002585944e+03 1.093284654823692108e+04 4.069263432394364499e+05 4.100590186853023624e+04
1.280713744739914000e+04 3.874813265604017488e+03 5.889028121956231189e+03 2.478843236627380611e+04 5.811863446601360338e+05 5.302964253805541375e+04
9.105122941914836701e+04 1.682789514986056602e+05 5.179080919634114980e+04 1.009201134227476578e+05 9.824722522892862326e+05 1.423664189536556951e+05
2.849725804791061455e+04 1.105302113534816817e+04 1.022214515804171606e+04 4.487756364982795640e+04 7.976618574812953593e+05 7.889673322188042221e+04
8.847153240839801583e+03 1.948309418859877042e+04 1.742684388501458898e+03 1.724178005923507953e+04 3.774318545889939996e+05 3.489747260340367211e+04
4.221125053288497293e+04 3.010426542799840536e+04 1.260921847868995792e+04 7.088793686014160630e+04 9.836052179274457740e+05 1.051362043709363497e+05
8.597092407318274127e+03 5.547536668372409622e+04 2.302300011939324122e+03 1.612542665255195789e+04 5.770280692537178984e+05 4.983928417747886851e+04
3.435325080762368543e+03 8.367793216475801046e+02 3.351830763657418629e+03 8.664772189996579982e+03 3.258144491771330941e+05 2.731853436937950755e+04
7.743469473492416000e+03 5.823976974365288697e+03 1.707320563876894994e+03 1.922318082370679622e+04 4.389473763073562295e+05 3.923995053526895936e+04
1.009725454899630313e+04 4.544235524049647938e+04 1.453852758904531356e+03 2.313710848472797443e+04 5.056615356136442279e+05 4.734766279825080710e+04
3.357088892606192530e+04 2.585536615989766869e+04 1.809045152407227579e+04 5.564937774819592596e+04 8.983447273469817592e+05 9.466366779575504188e+04
5.727302821658419998e+04 1.289514845320945460e+05 3.920159980572676432e+04 5.727886776102538715e+04 8.982294643382498762e+05 1.095938046292185027e+05
6.680436366086232010e+04 4.338185632197551604e+04 5.807432489359864849e+04 6.216808758293408755e+04 8.267625235017989762e+05 1.109002445292341872e+05
1.113938405023981795e+04 4.560839288755610323e+04 1.150139292122189545e+04 1.122915889885993056e+04 5.091517926298537059e+05 4.653739341771310137e+04
9.281905087769113379e+03 5.176753514172782161e+04 7.461883667329580021e+03 1.726323480840678167e+04 4.843934386278330931e+05 4.616400015086981148e+04
5.215387467454237776e+04 4.470278513929898327e+04 2.586217638568933035e+04 7.603653965939300542e+04 1.212773996348430403e+06 1.293134826233735512e+05
2.508792317034826556e+04 1.017754081184787647e+05 1.580919092468457529e+04 2.008794685542119987e+04 3.851936945486094337e+05 4.684153853517729294e+04
2.071765961921714916e+04 9.700709413093821786e+04 1.341154216378344609e+04 1.125828924389104213e+04 2.863424896138731856e+05 3.493073296473432129e+04
3.277718227743920579e+04 1.030777412612534390e+05 1.982832239504885001e+04 2.823709271124454608e+04 4.302952277903722716e+05 5.535697496771810256e+04
7.592174615589049063e+04 2.622706861153861391e+05 5.766850722923981084e+04 5.269015757801739528e+04 5.534913012794556562e+05 9.888828077617699455e+04
4.789954626649812781e+03 7.295525857601476673e+03 1.191116835903637138e+03 1.047933179530123198e+04 2.344099993697947357e+05 2.137929830639274587e+04
6.764969096470276418e+04 2.171305345153593807e+05 2.439734855029017490e+04 7.732823186098487349e+04 1.056003604855880840e+06 1.272521208197924279e+05
2.106493933185281276e+04 5.471060287028321181e+04 1.230717722737768418e+04 2.893009993686296002e+04 4.029098424965993036e+05 4.819334410684102477e+04
4.855782360137653450e+04 1.236038509334155824e+05 1.255004346000599071e+04 6.603353427986145834e+04 1.025414902895349078e+06 1.103533207365798880e+05
5.196943961142364060e+03 4.369666864994091156e+04 1.240927574866835357e+03 4.917860799937829142e+03 2.483704567308553087e+05 2.162577435481787325e+04
1.945928711449512048e+04 4.571955534618363890e+04 7.654663251695626968e+03 2.662474542703460247e+04 5.785004855352048762e+05 5.651062212398447446e+04
4.956792527046617579e+03 5.533217193241662244e+03 9.020516441641113943e+02 1.327615434515777270e+04 3.466121734656765475e+05 2.997885122788133594e+04
7.358950276849879629e+03 5.915901712038478581e+04 2.863746145468810028e+03 5.777681909955627816e+03 2.584069621107741550e+05 2.415414733959636214e+04
1.593524843500496536e+04 1.179806144410520064e+05 6.022838274302235732e+03 1.250465465014978872e+04 4.160423888445860939e+05 4.207032278610709909e+04
8.458591567969844618e+04 2.596143887264201476e+05 5.850931758659706975e+04 6.789499244244326837e+04 8.829823886262682499e+05 1.281561412183874781e+05
1.078164169105571818e+04 2.771491619038437784e+04 7.933870914909633939e+03 1.067435719560349389e+04 2.774245118572996580e+05 2.827750998813646584e+04
8.824764207897016604e+04 5.653016963302900876e+03 4.075196172753193241e+04 1.424316683440245979e+05 1.301528336061854148e+06 1.697927453088529292e+05
2.724092578581701673e+04 4.951812536091366928e+04 6.391940741934764446e+03 4.035838711979777145e+04 6.698068152288292767e+05 6.850555783848326246e+04
3.494193355431693635e+04 5.384204316804039263e+04 2.189318628476796221e+04 3.656359348356994451e+04 5.184009377592474339e+05 6.350238252562192793e+04
7.930038321620516945e+04 1.468215574897577171e+05 3.943996768415282713e+04 9.604536357416250394e+04 1.272145052119702799e+06 1.532596106464423356e+05
1.534083717473050638e+04 4.664168621555087157e+04 2.777372106748510305e+03 2.926977984112469130e+04 6.369320811489216285e+05 5.957984150323638460e+04
1.036341097717124503e+05 4.104529060192409670e+05 4.618518634918046882e+04 1.105577639396151499e+05 1.656202098233028315e+06 2.016035121417902992e+05
9.583448872038970876e+04 3.999165468162276084e+05 6.322852702913204121e+04 9.237508281087997602e+04 9.293130558256839868e+05 1.513172164511531300e+05
1.774825582225311518e+04 4.660499154882221046e+04 1.906162287390631536e+04 7.878597733587779658e+03 3.111077629725129227e+05 3.501036913924568216e+04
3.774159861345789977e+04 1.837691189018189034e+05 1.642303400076004618e+04 3.234253665330732110e+04 5.726766326258268673e+05 6.931389385460216727e+04
3.187276905493670256e+03 2.805892355724820845e+03 2.448317728253355654e+03 8.202363245036754961e+03 3.400902911084447405e+05 2.777755289312295645e+04
4.105362392774363798e+03 4.537111361814720567e+02 6.559451821638518595e+03 3.010357523322445559e+03 2.130763056800290942e+05 1.854278545952233981e+04
1.076712750929003232e+05 4.064790246510341531e+05 8.592419123699922056e+04 6.282111811165117979e+04 9.691776123615632532e+05 1.507430881669372611e+05
6.723166630938155868e+04 2.882612240565813263e+05 5.443387405453208339e+04 3.532742678260133107e+04 7.836209736378875095e+05 1.064069663473933033e+05
6.140230676516473068e+03 3.175421455907585187e+04 3.835782238382920696e+03 6.791649027972664953e+03 2.616672777677559934e+05 2.389519575372602776e+04
8.964444258746130799e+03 1.890442600751229838e+04 7.082861769488476966e+03 8.246934045337271527e+03 2.954052228758053388e+05 2.758651515589995688e+04
5.885782410810543661e+04 3.121647820334011922e+05 3.480875600828843017e+04 3.916342867327074055e+04 6.450111468723267317e+05 9.154116696377021435e+04
4.326994454718063207e+04 3.552532259786475333e+04 2.983104396190666375e+04 5.018338608919921535e+04 6.825312386323394021e+05 8.321609284588490846e+04
5.936035870980665095e+03 3.448913891141115892e+04 2.474904647976788510e+03 6.224883785679169705e+03 2.696957612103326246e+05 2.372755452656848865e+04
1.634860242208773161e+04 1.081411900766586223e+04 6.799772783586025980e+03 3.312434714552084915e+04 6.956406539836899610e+05 6.523306535049252125e+04
1.014084860881814238e+05 4.811398071615725057e+05 5.946970246005272929e+04 7.518031167420564452e+04 1.127132270872638328e+06 1.592451608843612485e+05
1.289592694558759831e+04 2.832566157682175617e+04 9.051411118973141129e+03 1.285459973098454611e+04 3.763572684608122217e+05 3.642952586032184627e+04
2.719811362090202965e+04 1.447418825217481353e+05 1.311267806027513325e+04 1.995937390081885314e+04 6.193050251158751780e+05 6.349284018078183726e+04
1.214850084991713629e+04 7.176995888091866800e+04 7.124128392125208848e+03 2.456322224368906973e+04 7.729562743016128661e+05 6.971750966762388998e+04
7.067718317405618109e+03 3.926293303594547615e+04 4.136591033985070681e+03 4.463279022829608039e+03 2.434263025011963327e+05 2.211660944094419756e+04
1.097401485729304113e+05 1.121847621488154400e+05 4.211822209313845815e+04 1.638644230270303378e+05 1.768970979348747060e+06 2.167835904892237741e+05
4.679844086838329531e+04 6.686644439431410865e+04 3.916389994735903747e+04 3.880441569496079319e+04 7.350377782327251043e+05 8.717603618488693610e+04
2.087520050064891620e+04 5.959892350643649479e+03 1.206826450528233181e+04 3.287616817336533131e+04 7.515244211098955711e+05 7.091058126001733763e+04
1.253437788068216905e+05 1.482188435286870226e+05 6.678444371981055883e+04 1.743051785071935155e+05 2.179731526069471147e+06 2.615482250659112469e+05
5.512944188813637993e+03 4.129358288993252063e+04 4.020185140613412841e+03 6.297191861018746749e+03 3.495422840371835046e+05 3.013347136214602870e+04
6.137110349405194029e+03 1.565568562989535394e+03 4.392691303233756116e+03 6.923076984056106085e+03 2.276645346747955773e+05 2.041419933844387924e+04
6.640191135647762167e+03 2.899835140006006895e+03 3.876448135311235092e+03 1.418424709545722726e+04 4.170051568041704595e+05 3.627601785379192006e+04
7.910796013181022136e+04 2.613144681229908892e+05 2.969935640930182490e+04 9.099728226280550007e+04 1.078202574792244006e+06 1.393976146773097280e+05
8.597120427269948777e+03 1.219776921691629832e+04 6.246156951086788467e+03 1.552927496612926916e+04 5.378577554655033164e+05 4.649424585279528401e+04
3.942434008505230304e+04 1.836775213516945078e+05 2.010161342028740182e+04 3.972936876740665321e+04 8.970164112003732007e+05 9.605030675367813092e+04
2.400649310742700982e+04 3.274611187939541651e+03 9.540936113584533814e+03 4.843760906262550998e+04 6.873322211420093663e+05 7.240732954971902655e+04
5.688625473758472799e+04 2.218588054385973956e+05 2.759057761475951338e+04 5.545381405714136054e+04 8.243798673368972959e+05 1.033924199873948528e+05
1.913551671581528353e+04 1.232405907519587345e+05 8.151359612430093875e+03 1.338681689535417354e+04 4.406370217693663435e+05 4.530124152486783714e+04
2.982386133466665342e+04 4.402566231890270137e+04 4.090645472593996237e+04 8.232319553009563606e+03 4.735216482981812442e+05 5.538357985207405000e+04
2.820648799662338206e+03 1.706134020110159327e+04 1.889894128976444563e+03 3.921579962857900227e+03 2.362267689460835536e+05 1.932055165147042862e+04
4.229018112428372115e+04 1.465867216525998665e+05 3.134121682497129950e+04 2.921594473293175542e+04 5.305713318818812259e+05 6.965963324079892482e+04
2.567927345683385283e+04 3.072620877709093747e+03 1.031359356707022926e+04 4.052634461514637223e+04 6.168014686345712980e+05 6.440920421009551501e+04
5.402233785344846547e+04 8.983129315154577489e+04 1.540012334371642100e+04 8.880611038808325247e+04 1.203958465372955659e+06 1.322173055217592628e+05
9.648766151119083224e+04 3.214409374257279560e+05 8.396211656567467435e+04 5.703336587239724759e+04 7.498606139317280613e+05 1.283219714943936124e+05
5.082670016932929138e+04 4.898394218261409696e+04 1.977499975127728612e+04 7.310907189709143131e+04 8.204592332007721998e+05 9.919050738841436396e+04
4.521227620917132299e+03 7.211635374464491179e+03 2.193778048192816641e+03 7.928944498878527156e+03 2.629071128582516103e+05 2.257084099666018301e+04
7.791378969926395257e+03 1.106554617013570532e+04 4.611056797327694767e+03 1.359642491996105309e+04 2.812366126681106398e+05 2.759913003900282638e+04
3.034868667396718592e+04 5.089126093912977376e+04 1.362300011058210293e+04 3.710907658454771445e+04 4.292453940792917274e+05 5.404134271659846854e+04
5.813147305114694609e+04 1.469129276970261708e+05 3.801065913555459701e+04 5.616760226911499194e+04 5.898438784796978580e+05 8.872461166430341837e+04
8.363586889169888309e+03 2.919579672215845130e+04 2.182221252672828541e+03 1.438103600403211021e+04 4.614505882642039214e+05 3.992494035188293492e+04
4.405158169349194941e+04 1.441625500810070953e+05 3.220560971721680107e+04 3.043284284858500541e+04 3.773646644202559255e+05 6.015797544282003946e+04
2.082233753174342928e+04 1.228378385380816617e+05 9.648777655072855850e+03 1.295365881939185238e+04 3.265110517761132796e+05 3.805489810226166446e+04
1.773968255531901605e+03 6.314063565972725883e+03 1.721217838219163013e+03 7.233904801099914948e+03 2.459719735463298566e+05 2.086938676879532431e+04
2.575135347891216588e+04 2.056230582961137115e+05 1.357747098442709284e+04 1.236463247417073580e+04 5.742718113876830321e+05 6.024198163210439816e+04
6.906894096237160738e+03 1.453081673199602483e+04 2.124146056090159618e+03 2.154988202642550095e+04 4.913897868984941742e+05 4.442973295060543751e+04
2.551090793680821662e+04 2.090867026051715584e+04 1.250201253100290523e+04 3.264163696468183844e+04 5.072605856325525092e+05 5.530197208902871353e+04
1.433268882312612732e+04 3.546273234913928900e+04 1.110978053183462907e+04 1.171607924914848627e+04 4.125488468037697021e+05 3.958935283752100077e+04
3.655440166203244735e+04 8.215994998137452058e+03 1.496706010012229672e+04 7.006107978652398742e+04 1.135501373851862038e+06 1.149123610513563908e+05
1.235917324048457340e+04 2.375496108124868260e+04 1.185005429705152892e+04 8.252403888478056615e+03 4.214565816891714348e+05 3.836218103141075699e+04
4.355833164675017542e+03 2.387290817207706368e+02 1.302788274332319816e+03 9.296647813887437223e+03 2.627013448273117538e+05 2.244639878550366848e+04
1.819945101022928384e+03 2.113769883590370682e+03 1.539088444714045636e+03 3.740310598907895383e+03 1.850687502126718464e+05 1.490700515876552527e+04
1.328042768978558706e+04 1.545282659899504324e+04 8.725802855627405734e+03 2.456085365441106478e+04 6.462471814262664411e+05 5.909837765127377497e+04
4.169519810640967989e+03 4.871941009092943204e+03 5.560637521818277492e+03 9.219944993996561607e+03 3.365031498869849020e+05 2.944030245383804868e+04
1.234786165161547979e+05 3.876334634979901602e+05 1.046398508118741302e+05 7.382332722413801821e+04 9.147871566150971921e+05 1.591955386616092292e+05
4.336758259302333317e+04 4.975670168232857395e+04 1.116847584155199002e+04 6.759959041793188953e+04 7.624164586272762390e+05 8.912336463013719185e+04
1.038897328942859895e+04 3.974399546013157760e+03 5.193136243536405345e+03 2.184727398950872885e+04 4.636951614795199130e+05 4.350222856066722306e+04
7.029466490671348583e+04 7.906315358752934844e+04 3.730512739550452534e+04 8.747824414346333651e+04 9.344247177916241344e+05 1.223983326619931759e+05
2.501307176092101145e+04 7.882132492222516157e+04 9.792306505661103074e+03 3.205692907077094787e+04 6.298354756704322062e+05 6.497885087928409484e+04
3.090615609519268401e+04 9.906234669321110414e+04 1.927432635559597111e+04 4.387237443420467753e+04 5.925015208726892015e+05 7.289945285741364933e+04
2.629088457367176670e+04 6.513294557322852597e+03 1.375453691872349737e+04 4.265642494396463007e+04 6.913866384980609873e+05 7.204251487098855432e+04
5.081845634714327753e+04 1.603208855157316430e+05 3.148966201838384222e+04 4.422372541601199919e+04 6.391256246840609238e+05 8.449067067023941490e+04
3.530513326790667634e+04 8.694694984541898884e+04 2.282990256599477652e+04 3.185415716465895457e+04 7.016942177111682249e+05 7.574265108845922805e+04
5.312998047391386535e+03 6.179965855327313875e+03 1.371551748116058434e+03 2.476781740500955493e+04 5.813046695054316660e+05 5.119490384263115266e+04
4.037939506239719776e+04 1.951719557159793476e+04 1.429626345790389496e+04 6.678982245345327829e+04 8.781338618631472345e+05 9.639264104297269660e+04
3.108277052000912590e+04 1.381531397153457219e+05 2.911854477983015749e+04 1.469622807916235797e+04 4.953356369390641339e+05 5.934873126669677004e+04
5.534387702453541715e+04 3.016599556684421259e+05 3.594077072942049563e+04 2.814121550418451807e+04 5.257073790005148621e+05 7.850108099513391790e+04
9.333180604412311368e+03 1.562454823060596937e+03 4.230993803783506337e+03 2.404381800254830523e+04 4.913455075980554684e+05 4.582113202687571174e+04
2.360982227121436445e+05 7.696048600610842695e+05 1.925312449511891464e+05 1.549718891221797967e+05 1.468178710935545154e+06 2.898959888972928748e+05
1.115932930821762420e+05 4.167256356792564620e+05 7.102891160307126120e+04 8.866199059227421822e+04 1.021908811272583320e+06 1.600603753874145041e+05
6.772533781621309754e+04 3.852550506626202259e+05 5.169753179773551528e+04 3.078497675896791770e+04 1.122275496783806710e+06 1.307495847767473606e+05
1.182484762540122210e+04 3.231997415352819371e+04 3.223089143279094515e+03 1.835307303192917243e+04 4.206068978050411097e+05 3.957716202971031453e+04
3.866185209800635494e+04 1.317007423490166839e+05 1.352581178696476309e+04 4.130952299718988070e+04 7.873318522595027462e+05 8.398136807520556613e+04
1.048470193326720982e+04 9.509541510024082527e+03 5.439287812041925463e+03 1.596609332536626061e+04 2.941005114357083803e+05 2.981593508631767327e+04
3.609051326763888210e+04 5.774567085533149111e+03 2.191752046732159579e+04 5.179368745528840373e+04 8.673535882574804127e+05 9.149209231669254950e+04
2.722442507178246160e+04 1.066043015082034981e+04 1.994914181350260333e+04 3.181126200722367503e+04 4.503273757913711597e+05 5.380053052539904456e+04
9.683563158271646535e+04 2.998908954979132395e+05 5.632725096226582536e+04 9.345862575783090142e+04 1.075800142953659641e+06 1.537363403356799099e+05
1.431778667474987924e+04 1.379640910739885876e+05 4.610597613666125653e+03 1.466939346306010520e+04 4.194643994592150557e+05 4.365917073556834657e+04
2.052625065120436557e+04 2.003429280783268041e+04 2.614587568552506127e+04 1.170492871308644862e+04 4.836287366241034470e+05 5.008367355382324604e+04
8.492503421778556003e+03 4.856781241740146470e+03 7.187261947105585023e+03 1.706603804708322059e+04 4.756962177577888360e+05 4.305070875998926203e+04
4.769199468314839578e+03 2.344803434892763107e+03 1.683515589032656862e+03 1.191581317466708424e+04 3.295529429892842309e+05 2.839547075047972612e+04
2.210326828279201800e+04 1.205177884839347244e+05 6.724700539063988799e+03 2.202919888136004374e+04 4.058640814491068595e+05 4.612065781880357099e+04
1.642305880935745154e+04 4.546208006728842884e+04 8.168518046280137241e+03 1.793370587206464552e+04 3.721210925231091678e+05 3.890846072661310609e+04
3.299427749076418695e+04 5.431358206708707439e+04 1.626128309360812636e+04 4.433597423918345157e+04 7.235417238204573514e+05 7.841011013298813486e+04
1.174149587413156260e+05 4.138191931593852933e+05 6.355579960146358644e+04 1.063964507660802919e+05 1.027557152865242795e+06 1.650941796295155946e+05
3.517020278785632399e+03 3.522764595396353798e+03 1.941973905736284451e+03 4.527700296912474187e+03 1.891406156425529043e+05 1.578030537852418820e+04
1.608307783438263868e+05 4.008508847944662557e+05 7.657906429445097456e+04 1.874380581716774323e+05 1.735134586230837042e+06 2.543037978066083451e+05
6.920546614195253642e+04 2.107457428990656626e+05 3.376582345063693356e+04 6.971370078025911062e+04 1.173338172207348514e+06 1.354235694300557661e+05
2.795703771598197272e+04 1.380127882139830617e+05 9.893320747522022430e+03 2.393092743408326714e+04 4.480101287117103930e+05 5.204676973707036814e+04
3.733276771074637509e+04 1.041397415439288307e+05 1.666767522547719273e+04 4.471288332294549764e+04 7.166232619689683197e+05 8.075539506196012371e+04
2.520064970088737391e+04 7.412878133340677596e+04 1.161317894622700078e+04 2.846590024363829798e+04 4.716226960998699651e+05 5.326652146322833869e+04
1.131489985578207597e+04 5.999916136557335994e+04 6.379109547973745975e+03 6.353747651038513141e+03 1.609154639668387535e+05 1.941438033382853610e+04
2.248842238411247308e+04 4.130428864151386369e+04 1.404795472917758161e+04 2.337557996439715498e+04 4.704695317805358209e+05 5.031290482439802145e+04
4.155180220045358874e+04 9.086623408548957377e+04 3.010611668636757531e+04 3.973409654990980198e+04 8.656794142574220896e+05 9.366596777346153976e+04
2.484810628065869605e+04 1.018881752300890803e+05 1.048510630105941709e+04 3.853798641995729122e+04 9.474869509902215796e+05 9.071440338417114981e+04
3.757848591394550022e+04 9.284477726597023138e+04 2.341765932338364291e+04 3.823059495585825061e+04 6.712636693956260569e+05 7.712437547081374214e+04
4.712619380170359364e+04 1.620621314041965234e+05 3.664137055386295833e+04 3.610865609378622321e+04 8.643834047617235919e+05 9.827888150645759015e+04
1.110595688009917831e+04 3.162529627285179231e+03 8.604603895803264095e+03 1.546634236729121403e+04 3.604655759848901653e+05 3.510416383502430108e+04
1.359768559415361233e+04 5.939130381814696193e+03 8.138823180548911296e+03 2.271428097280107249e+04 6.323755942164609442e+05 5.660669155248159950e+04
9.519095366673484023e+03 2.116966627499553579e+04 4.697454199717401025e+03 1.107291195494541171e+04 2.815002241000420763e+05 2.701288418420284870e+04
5.567501400222201482e+04 1.887529631649526127e+05 3.296740896172601060e+04 5.577837759212501987e+04 1.014216061555625289e+06 1.169875474687716196e+05
7.196821516494028037e+04 4.848458707349817269e+05 3.269912321254714698e+04 4.650932347603842936e+04 1.245608332451918395e+06 1.428922154982564680e+05
2.190378247991176249e+04 1.364879134664775920e+05 1.260181876006046696e+04 1.338794197053885728e+04 4.994123308633030392e+05 5.182884964548871358e+04
1.521441038619236906e+03 3.924180085781481466e+02 6.875828005493801811e+02 7.519447094102963092e+03 2.065414267523928429e+05 1.760788228588089987e+04
8.406952193753805477e+04 2.440422765121695702e+05 5.672858850977342081e+04 7.218549714772238804e+04 8.221305794937970350e+05 1.244653416158811742e+05
1.324065240715371147e+04 1.727531669602243346e+04 8.072188083507105148e+03 1.384039314713327440e+04 3.000723812503289082e+05 3.077558521774060864e+04
1.895477111000055083e+04 1.150406130468702213e+04 1.448434043070362168e+04 2.122088117945972772e+04 4.212122524500882719e+05 4.473940557788851584e+04
2.080124671608657445e+04 1.006010176166781312e+05 1.286713948409405930e+04 1.334534553043604865e+04 3.704151851199574885e+05 4.147227506794212968e+04
8.264866854613925170e+03 1.422333557367300818e+04 5.264448685760075932e+03 1.305264561792575842e+04 2.703585396267183824e+05 2.705947653698156500e+04
1.134178483282743400e+04 4.368022238360155461e+04 8.445090377565353265e+03 7.335505842536544151e+03 3.361971240680517512e+05 3.173097136062408026e+04
3.441948244972743851e+04 1.735759216273450293e+05 1.777607364812380547e+04 2.379780899255558688e+04 4.599360961767181871e+05 5.794622384359471471e+04
5.516349773585047660e+04 1.911280716136759438e+05 5.096183925038047164e+04 3.044030670906646992e+04 7.876719507975548040e+05 9.816745173472125316e+04
4.795424131487609702e+04 2.313821005920306925e+04 2.213036100620786237e+04 6.862240377850396908e+04 8.646850552632781910e+05 9.987304265818353451e+04
4.263657774256709672e+04 5.550996388236091298e+04 2.171053289563784710e+04 5.186722241152346396e+04 6.630397843281283276e+05 8.015455800651796744e+04
5.911232622389823518e+04 1.177813847427927976e+05 2.319881747855154026e+04 7.462933206742833136e+04 8.738623706664134515e+05 1.083493154109422321e+05
1.486379354916171287e+05 7.986335522021969082e+05 8.720729661327446229e+04 9.359091081417890382e+04 9.637293829584098421e+05 1.842440063387631089e+05
6.403766026659229283e+03 2.756874391970110082e+04 3.252638498551279554e+03 5.996585545859160447e+03 2.352523163876254985e+05 2.130057389309056089e+04
1.895456173574092099e+05 9.088573560673518805e+05 1.345689706871869857e+05 1.090085661043133587e+05 1.169157371088600252e+06 2.309025050886561221e+05
2.704574858498091999e+04 1.416067065006935445e+05 6.605082961069361772e+03 3.641503819907412253e+04 7.528411801716167247e+05 7.695497948212119809e+04
3.161650050407445451e+04 7.749175131289695855e+04 2.010654155472872662e+04 3.051256212316001256e+04 7.745157451078625163e+05 7.839218312010860245e+04
5.127701596431974758e+04 2.655696310515709338e+05 2.177962964801160706e+04 4.828600722174323164e+04 7.291149297587878536e+05 9.340122180694824783e+04
1.796462628158275038e+04 4.811584233368035711e+03 4.730701966112625087e+03 4.273984062974082190e+04 9.815878747088576201e+05 8.762482412691053469e+04
6.780664394399563025e+04 8.253990408259377000e+04 4.188668509092615568e+04 7.839665380247778376e+04 1.173821193320958177e+06 1.365405367374137568e+05
3.194169968003243048e+04 1.635968620105398295e+05 2.348760368187783752e+04 1.432494856143418292e+04 4.329280348593244562e+05 5.381467154827741615e+04
1.379930928913233038e+04 4.711590947223237163e+04 1.028261165650237490e+04 1.572454679767318521e+04 2.040461891471844574e+05 2.759803828589682598e+04
9.173710799108284846e+03 2.178636786062498686e+03 4.001049479352089747e+03 2.297504487378010526e+04 3.500847559389061644e+05 3.576806848392816755e+04
1.081524020335575733e+04 1.155506656254526206e+04 1.541530282998952680e+04 7.400104228593148946e+03 3.960667144581829780e+05 3.720244550965590315e+04
1.287552597169699402e+04 1.167802857942550036e+05 3.341475410572350938e+03 1.055450578286163909e+04 4.618212854380850331e+05 4.305228963627232588e+04
1.336200096549991576e+04 2.006998361370151315e+03 5.214254134975145462e+03 3.469737526164590963e+04 5.872705361104924232e+05 5.753623494829926494e+04
4.470098255652382250e+03 1.057965717495497120e+04 2.048002709579364364e+03 8.051058527214259811e+03 3.607103641078224173e+05 2.930804639636255524e+04
1.704789730438751212e+04 1.587403005733894679e+04 1.652010141195318647e+04 1.385481861228318121e+04 3.960544000768393744e+05 4.081026265613376745e+04
1.814697405617622135e+05 7.037835226232131245e+05 1.330897193484790623e+05 1.222668752503650758e+05 1.237644878353977343e+06 2.307210556235446129e+05
2.898709625303518260e+04 6.580429084502678597e+04 2.210453132561871826e+04 2.559339628662914402e+04 6.444730692042431328e+05 6.770430208892107476e+04
5.356262580374349636e+04 1.653890732686751871e+05 3.441116691641331272e+04 4.575599397768406197e+04 6.023544027368344832e+05 8.422046974197390955e+04
8.246955079698464033e+03 1.233086634199751643e+04 2.234559625446600421e+03 1.713242062672911561e+04 5.505867529745618813e+05 4.635255477324891399e+04
1.010856803398585325e+05 3.201004243308641016e+05 6.080804139398085681e+04 9.410979905986392987e+04 8.500005419193309499e+05 1.417750073289453285e+05
7.432443757559481310e+04 1.813390148906507238e+05 4.424027239646628732e+04 7.593837871933849237e+04 1.139656215712406905e+06 1.390334012089994794e+05
2.521975697526151489e+05 6.316848460959251970e+05 1.646789446655788051e+05 2.423381526611263107e+05 2.038589582047853386e+06 3.489373062671922380e+05
7.952697192257644019e+03 1.106232065719183629e+04 6.183840146637550788e+03 1.720867178395939845e+04 4.268813806439376203e+05 3.970637956689716520e+04
2.611901637825474972e+04 3.234658606463357864e+04 1.150467607775087527e+04 3.334152543214894831e+04 5.131147159600076848e+05 5.614811566212985053e+04
1.247688119725065189e+04 2.801588078250828858e+03 5.717784124145017813e+03 1.721057558781594344e+04 4.041690927603778546e+05 3.757003721495065838e+04
8.398128982207563240e+03 6.233705224036078107e+03 5.314702831737020460e+03 1.049270554443334549e+04 2.784496528066924657e+05 2.607251994239826308e+04
1.344584230998495768e+05 5.078972251333859749e+05 7.438305578794698522e+04 1.167246232302425778e+05 1.641756707359608496e+06 2.203969073915767949e+05
2.368299779291477171e+04 1.832377931523453735e+05 7.558892506335776488e+03 2.331653357891815176e+04 5.649784390399457188e+05 6.086722285268179985e+04
1.745613675406825860e+04 3.272191982682004891e+04 3.555896957158049645e+03 2.886639748045536908e+04 5.326656929227988003e+05 5.203149683370943239e+04
1.900555660089636149e+04 2.638160760395865054e+03 1.324317425746598383e+04 2.333392347200193763e+04 5.196706952688504243e+05 5.134350183677667519e+04
2.851242839262356210e+04 2.170041963185905115e+04 1.883041383431310896e+04 3.783284935211389529e+04 4.501295217538611032e+05 5.657398883968756127e+04
1.151835169355103608e+04 6.836392916630825493e+04 1.306249658880195511e+03 1.807389953957020407e+04 4.013424204445042415e+05 3.911204698526395805e+04
3.489551339711137553e+04 4.788722467072917425e+03 1.662302762032016471e+04 6.560963806883728830e+04 7.530322904798521195e+05 8.771908767055443604e+04
9.256214959617285058e+04 3.648370487515501009e+04 3.778498735737572861e+04 1.596154488074191322e+05 2.022421815053088591e+06 2.262962036792303843e+05
4.217814843841277616e+04 1.719574918291136273e+05 2.321434715897201750e+04 3.748609533363200899e+04 6.489673246888790745e+05 7.911429576346544491e+04
9.539119218717694821e+03 2.104842521075878176e+04 4.817841462115548893e+03 9.727070495657462743e+03 2.314768375436865026e+05 2.308566344501127969e+04
1.146550425121719491e+04 4.453829342696565436e+04 7.233145674305894318e+03 1.786242909937532022e+04 4.428919911402674043e+05 4.318732567275287875e+04
5.456722707477330550e+04 1.899626301101020945e+05 4.150546081649612461e+04 3.624136980058298650e+04 5.481452114497676957e+05 8.054596893510381051e+04
8.042067537336143687e+03 1.781566165062034634e+04 3.937721630545222069e+03 1.045739087134682813e+04 3.569112568824253976e+05 3.131323238664791279e+04
2.902328459782932987e+04 5.979648767014988698e+04 8.335807669261825140e+03 3.906134839810262201e+04 5.912608810270158574e+05 6.398255303054588876e+04
1.048503228056802618e+05 3.031810023996974342e+05 6.802956567709718365e+04 8.803153911347025132e+04 9.123684169531108346e+05 1.454974089987672050e+05
2.281661421369606978e+04 3.379307602733347267e+03 9.289947716995209703e+03 3.463159597185680468e+04 5.227896223621054087e+05 5.499439157255519240e+04
2.975726632656121728e+04 7.239029212851779448e+03 1.044814898542145056e+04 4.678472291268294066e+04 6.656201621216139756e+05 7.078679054297589755e+04
5.330748059470481166e+03 3.462967301022349602e+03 1.365186816642579743e+03 1.488746126264636587e+04 4.048079881720260601e+05 3.471891566507224343e+04
5.428978986012566020e+04 2.637095446941294358e+05 3.776407243049016688e+04 2.962413198851002380e+04 5.443378336698557250e+05 7.933322599527575949e+04
1.374715251817237731e+04 4.834836359798086778e+04 7.083380734586387916e+03 1.624203051054613206e+04 4.496429761940867756e+05 4.303260660268311040e+04
1.264439277723579289e+05 4.602373020469223266e+05 9.137042554674191342e+04 9.238762293744721683e+04 1.194358262570643332e+06 1.842654496091413312e+05
1.234685903985565383e+05 2.814661793559226790e+05 7.180441682369618502e+04 1.325060552685814910e+05 1.219565525468082866e+06 1.868230140464206343e+05
4.423089356921496801e+04 1.997478991630912351e+05 1.491286922581050749e+04 5.024431229717918177e+04 8.514164595079498831e+05 9.629620117978675989e+04
9.047033740894205039e+03 2.640178281353527927e+04 3.268668738022659909e+03 1.441052832549036248e+04 3.237133490911557456e+05 3.100425207561341085e+04
1.880960369256980266e+04 1.208042244081409444e+05 4.225343508875990665e+03 2.071563639986111957e+04 4.583660204255881836e+05 4.799468073210870352e+04
5.435741260631215846e+04 2.459531266833690170e+05 3.716067161729124928e+04 3.218959486472921708e+04 7.548188384421386290e+05 9.351159081789816264e+04
7.661380654916613821e+03 7.209236897887841042e+04 2.741443936638659579e+03 5.169045897720651737e+03 2.839524719861709746e+05 2.618422783260955475e+04
2.814717659895628822e+04 1.025223949537621374e+05 1.408829411947608787e+04 2.880279397889658503e+04 4.890447202779366053e+05 5.706232903226871713e+04
1.461537015331936709e+05 6.296695250592633383e+05 9.087887614595450577e+04 1.169644567253944988e+05 1.228828627428381471e+06 2.058673927064240270e+05
9.341034901369022919e+03 2.865063979157661743e+04 7.493170246738630340e+03 1.025507139900675429e+04 2.395705896923644468e+05 2.539818924886882087e+04
9.721584434749704087e+04 3.599746238728862372e+05 7.935696270636843110e+04 5.876211656362688518e+04 1.026857067295348854e+06 1.476554753007701074e+05
3.946523516997628030e+04 1.842516391994218566e+03 1.527612223580235695e+04 6.903106343890151766e+04 8.430056541788420873e+05 9.459138649589208944e+04
4.644103341110697511e+04 1.829742298240591845e+04 1.510042789557262586e+04 7.554219913669963717e+04 1.110784519193795975e+06 1.162846283803512633e+05
9.048690479661976860e+04 1.607569152271524072e+05 5.256757380944991019e+04 1.038183021269232268e+05 1.223114418318633689e+06 1.598251472948559385e+05
4.692573499653496583e+03 1.156102466197201647e+04 1.206800870175019327e+03 6.706486284083584906e+03 2.148263788425285602e+05 1.857387678450495514e+04
1.653479757674689245e+04 7.835554836364998482e+04 1.117717103436023535e+04 9.682737241594923034e+03 3.508110121202341979e+05 3.666848893253914139e+04
1.470193043435741674e+04 3.985719466849281162e+04 1.119568156333402476e+04 1.505641493609657664e+04 4.081176434214220499e+05 4.105619009900336823e+04
4.237718674977547926e+04 1.566656220690344053e+05 2.539492532893096723e+04 4.114305052530988178e+04 1.004540894058645354e+06 1.048671389322788018e+05
2.928563406395821949e+04 7.167907885212065594e+04 2.343791355217322780e+04 2.540460277385893278e+04 7.145537812029679772e+05 7.319797063599730609e+04
3.644756904808926629e+04 1.244376903210320743e+05 2.284040168360843745e+04 3.069141090415365761e+04 5.727591992534140591e+05 6.840402524972771062e+04
4.749997483921465027e+04 1.046396675368257711e+05 1.612168558091008526e+04 6.460846481851515273e+04 8.621407664986739401e+05 9.932866263844742207e+04
8.695480591431858556e+03 7.075774986118196102e+04 2.693650903592984832e+03 7.913227274331441549e+03 2.822481589423489058e+05 2.722384121521226552e+04
2.113333281339600217e+04 1.144221208879830228e+05 6.283350621339443023e+03 2.123626033365364128e+04 4.737520056294551468e+05 4.983639415620759246e+04
1.257056407662763922e+04 2.341927621946130671e+02 4.804879494357316617e+03 1.934993801395649643e+04 2.923822058478541439e+05 3.049812840261149540e+04
2.024868870135648831e+04 1.496322392296473845e+05 2.696931326400203034e+03 2.941853977027425572e+04 9.875940230148939881e+05 8.829295077873078117e+04
1.389775755022373960e+04 2.984371601186858697e+03 3.914631219506647994e+03 2.907932526247015994e+04 5.743862893170022871e+05 5.361736048426842171e+04
2.060760523298765838e+04 1.093288513858774531e+05 2.191209189593945848e+04 1.229820163292795223e+04 4.640261371352635906e+05 5.162593291969033453e+04
2.996870416089147329e+04 1.724187859779356804e+05 1.631785608469888030e+04 1.769952855378756067e+04 3.622930771022130502e+05 4.793539086462004343e+04
2.563623975712477477e+04 4.379742614060989581e+04 1.093230790456365867e+04 3.401507197158515919e+04 6.568183175371446414e+05 6.643788337057651370e+04
1.011302037783754786e+05 2.717592059551791172e+05 5.487351555384537642e+04 1.113189794676807360e+05 1.280401510977564380e+06 1.735554909181201656e+05
1.378950254783469609e+04 1.635958218516229499e+04 3.733142281066988289e+03 2.295259294016211425e+04 4.715501610779130715e+05 4.451369725249562180e+04
6.099901595311060191e+03 4.770677175998393977e+03 4.736681001064559496e+03 1.162789457850938743e+04 3.292904322561537265e+05 2.968380842639721959e+04
8.489610557398429592e+03 2.785943417977929857e+04 5.292191805170321459e+03 7.251258826980828417e+03 1.769326469736623985e+05 1.883896120423719185e+04
1.114760507424721727e+05 3.134852912798951729e+05 7.258222591725988605e+04 1.053493442801905039e+05 9.309977560852949973e+05 1.570535942166721798e+05
1.182497356155361631e+05 5.309161390142214950e+05 8.020350118922434922e+04 7.948143567246249586e+04 7.461995069832002046e+05 1.469692359538096935e+05
5.172167948667304154e+04 8.578299074894639489e+04 1.683250667514016823e+04 7.747657925842095574e+04 1.087504790622364962e+06 1.196788525637076818e+05
5.458194639621489478e+04 5.368807128667371580e+04 2.770461507845347660e+04 7.120915182489155268e+04 7.382966611275074538e+05 9.645623352483700728e+04
1.680360172126900943e+04 4.358838834563433920e+04 1.213289124219234327e+04 2.208371728479926605e+04 2.878887747281991760e+05 3.673588299017224927e+04
3.384291415761191456e+04 1.594248200262814644e+05 1.471144400713510186e+04 3.170145355654269588e+04 5.469136523715782678e+05 6.534899914393325162e+04
2.946818364375601595e+04 8.364237632905262581e+04 1.557318599749810346e+04 2.841865617096268397e+04 5.344242254019363318e+05 5.964691856696273317e+04
2.425279044193532536e+04 8.123783924212648708e+04 1.723143844196835198e+04 2.448619172692222128e+04 3.735465325378091657e+05 4.764404566556870850e+04
5.882864748460855481e+04 3.892518069554741669e+04 3.592990651237085694e+04 7.299275677181167703e+04 8.910940004519926151e+05 1.103552867426505254e+05
1.653081748327338428e+05 5.939928953505820828e+05 1.202526156593195919e+05 1.247383828916299244e+05 1.247497360662611900e+06 2.215358693120505195e+05
3.886981478851738939e+04 7.118071672512320447e+02 1.244715406036131390e+04 7.793242323714558734e+04 1.078923028429973172e+06 1.132086771803930460e+05
3.820143593058644456e+03 2.503718032468973979e+04 1.812029840952386394e+03 1.139031462350023321e+04 3.156591666553319083e+05 2.840139544899012253e+04
8.837116995637417131e+04 4.095859437307355111e+05 6.361052998486944125e+04 4.744520965137534222e+04 8.670471313347333344e+05 1.274557236209534603e+05
2.056596190239415955e+04 1.908685196527088992e+05 9.521024121296024532e+03 7.684942530221243942e+03 3.546155824483023025e+05 4.087330657614252414e+04
1.173574162602618890e+05 4.477158268784949905e+05 7.540805306724602997e+04 8.660945993940695189e+04 9.398896487786362413e+05 1.570366057758758834e+05
2.220889057801569579e+05 7.714457052734608296e+05 1.387002861019960837e+05 1.891808104155371839e+05 1.656538501585792983e+06 2.949190616816222901e+05
1.356369991416778357e+05 1.934716132211743097e+05 7.692989878089446574e+04 1.579678656106859271e+05 1.357134946807298809e+06 2.054455466660590610e+05
1.784168844260142941e+04 9.234993862026503848e+02 1.022315642672192917e+04 2.460508085248876159e+04 3.634715390367524815e+05 4.002569572128228174e+04
1.947699121546511597e+05 8.809458605516979005e+05 1.223345083957175084e+05 1.452569053412780049e+05 1.485386473578429315e+06 2.619079216981822392e+05
9.619747128214794429e+03 7.595492235161758435e+04 4.078073498035328157e+03 5.971015464689582586e+03 3.426180580851123086e+05 3.125997727125531310e+04
1.040334928057462275e+04 9.522821014787872264e+04 1.926189577102507201e+03 1.971378152066906841e+04 5.854438814225030364e+05 5.383243778395302797e+04
8.565519616278421381e+03 8.785974664095848857e+04 1.235270994751145963e+03 7.150256724908737851e+03 3.506740580877494649e+05 3.169851951171244218e+04
9.351186437502164335e+04 3.075678461357468623e+05 4.628808668170867168e+04 9.829072418891084089e+04 1.379701025879105553e+06 1.724136459751963848e+05
1.227584123782596434e+05 4.507674009052385809e+05 8.108911159184089047e+04 9.753254656920405978e+04 8.997871563628617441e+05 1.618785549648861925e+05
4.584619456720641210e+03 1.792571199490090294e+04 1.122996518724149837e+03 1.714473471938254443e+04 4.959695857479942497e+05 4.248220455696774297e+04
9.340184896713302805e+03 9.020095498740776748e+03 3.041255843596858540e+03 1.420939513967354287e+04 3.913960262412581942e+05 3.450767211312066502e+04
8.396471539534091789e+03 5.940874721325188148e+03 5.805435322618405735e+03 1.424872807811048369e+04 3.480962387043057824e+05 3.265239291964965741e+04
8.278080216335811201e+03 2.124441386868983318e+04 3.897189439165815202e+03 1.011294457089434763e+04 2.865984924373578397e+05 2.658042597527780163e+04
9.090509666087409641e+03 8.267607847333243853e+02 6.140954358115181094e+03 2.998021920021064943e+04 9.268202024847208522e+05 7.858228305814172199e+04
2.258087289163139940e+05 6.972373982104096795e+05 1.875042440894037718e+05 1.389302272122593131e+05 1.674396810046906816e+06 2.907651349898509216e+05
3.526213270492688025e+04 3.957301359298527677e+04 1.387440939190929021e+04 5.607247285638003814e+04 9.003660158739386825e+05 9.385210194884076191e+04
1.756019376375595675e+04 9.863826339558251493e+04 6.405846069775370779e+03 1.907486133237793911e+04 4.169405903404252022e+05 4.430988061318804830e+04
1.885457897206247799e+04 2.025820295712469306e+04 2.183304088995575148e+04 9.410341897655038338e+03 3.802142709404638154e+05 4.024236398891079443e+04
3.131095683628710685e+04 2.073752964663470721e+03 1.287459705862572628e+04 4.566781727911181224e+04 5.846042128912982298e+05 6.562311361728452903e+04
9.819294094237626268e+03 1.972714944192410258e+04 4.043669066715045119e+03 1.283522826813156280e+04 3.060389555666969973e+05 2.910703872551695167e+04
2.137064217609604384e+04 8.255123029655689606e+03 3.860637061664671819e+03 4.462320114175684284e+04 7.672308625984558603e+05 7.385417108057744917e+04
9.392413347372331191e+04 1.929974199587690600e+04 3.097448268485865992e+04 1.795668104338294652e+05 2.187882106698174495e+06 2.426606439552370284e+05
2.664504524820657025e+04 7.346716283612357802e+04 1.341191914828107474e+04 3.087840997540640819e+04 4.634656782962707221e+05 5.455145930180254800e+04
1.175336953384909575e+05 1.996804889378621010e+05 6.038083694731322612e+04 1.455563013227053743e+05 1.851966111255303491e+06 2.262884961021702038e+05
4.189887742130675906e+04 1.844400543782416498e+05 2.569316560382374882e+04 2.980033338188910420e+04 5.356131798910617363e+05 6.970088471121905604e+04
1.145211656424811554e+04 8.922723721652614768e+04 7.173693179933628926e+03 7.016123393285489328e+03 3.323795001043638331e+05 3.303499860272743535e+04
3.389237661644155742e+04 6.327609916832284944e+04 2.197321695897450991e+04 3.589896653430388687e+04 7.634705042405672139e+05 8.018634831500907603e+04
5.349775360976381307e+03 4.210421809833638349e+02 2.739625836206374515e+03 8.402990531567742437e+03 2.583253712188198115e+05 2.237639376653690852e+04
1.241997205167529319e+04 1.662767742510925382e+04 7.828857559787251375e+03 1.841925093552176259e+04 4.509707162756982725e+05 4.285849348386826023e+04
4.695411932017182698e+04 2.043821583221307083e+05 2.718438398139815035e+04 3.450635249147226568e+04 5.895153453158733901e+05 7.708372289358451962e+04
1.656210254426156098e+04 9.286490232657948218e+04 9.442126427395791325e+03 9.745985864990923801e+03 3.381111378849295434e+05 3.581275483141813311e+04
1.175421763015181386e+04 3.927858996005824793e+03 1.402663459106259324e+04 8.649674754083531298e+03 3.379916023051991360e+05 3.288540609793481417e+04
1.711261056252757044e+04 3.728265275129910151e+04 6.732659194261006633e+03 2.594614515376925556e+04 6.581514696836437797e+05 6.074621078395209042e+04
8.377475670194538907e+03 1.448403482979653745e+04 9.235635910135206359e+03 5.522429509570409209e+03 3.106950039960783324e+05 2.809226638689481479e+04
2.031255026052461108e+04 1.119324659887636517e+05 1.297208038834254694e+04 1.240164643716971295e+04 3.333741611902703880e+05 3.916001282693268149e+04
2.920595716827806245e+04 1.418634758095443067e+04 2.148681831979465642e+04 3.221974822333283009e+04 5.533079094288453925e+05 6.174897265828453965e+04
8.849051905990536034e+04 3.929821087485649623e+05 6.423509585727081867e+04 5.296776070658773097e+04 9.607562514156695688e+05 1.357035846697725647e+05
7.590086110434756847e+04 2.320237120220426586e+05 3.702872273226731340e+04 7.554188293316548516e+04 1.055909917090522358e+06 1.326200504081561812e+05
2.055591981148026025e+04 3.500554917534234846e+04 1.021250211487523848e+04 2.581851297379890457e+04 5.459912580413934775e+05 5.453210287791660812e+04
3.057948562851132374e+04 3.151001183830922673e+04 1.655870981302778091e+04 5.802098093757439347e+04 8.588442214362917002e+05 9.269871561605407624e+04
3.741773703099841441e+03 1.239777884989178347e+03 1.740963978203247279e+03 9.632357928829591401e+03 2.905792140253335820e+05 2.471167014584052959e+04
8.239628469606241197e+03 6.822111976427503578e+03 1.148453559493266766e+04 4.193952681333066721e+03 2.815489436638076440e+05 2.612161547853022421e+04
1.460312210234597842e+04 1.310233665422125341e+04 4.944405818640914731e+03 2.734081681311314605e+04 5.417029316829922609e+05 5.157744179474363773e+04
7.718896137905369869e+03 1.589798868820012558e+03 3.536113055900990730e+03 1.795541035713319798e+04 4.635566790560221998e+05 4.090078894145545928e+04
1.304646050468616340e+04 2.189826406507006686e+04 5.223169815151530202e+03 1.500168675326049015e+04 3.316398471660179785e+05 3.242445533023119788e+04
1.717221590971813930e+04 8.081784257723054452e+02 1.094441380658008165e+04 2.740745847352072451e+04 5.783284498858099105e+05 5.604929036882324726e+04
2.608945993006551817e+03 1.669978997480568432e+04 8.195251750304710185e+02 7.957455848291059738e+03 2.790417853787161293e+05 2.354592246864082335e+04
2.234481072421885619e+04 9.701473809999608420e+03 9.805456231982569079e+03 4.145715480735892197e+04 5.119550840113519225e+05 5.788706842816929566e+04
1.095219015990189837e+04 4.133495002932782882e+03 8.935495154797270516e+03 2.539973890583827961e+04 4.970856982548147789e+05 4.897557381475122384e+04
1.145070441090189706e+04 2.427920874440985062e+04 4.870122598309299065e+03 1.590502659592848977e+04 3.799379878267750028e+05 3.604704047355706280e+04
6.082273970409552567e+04 7.810239181950122293e+04 5.332430373388859880e+04 5.079838441444944328e+04 7.806768854672468733e+05 1.023293797128415463e+05
3.691037323715398816e+04 1.066274462564914429e+05 2.982369627350815426e+04 3.806727437698148424e+04 4.283704882407485275e+05 6.415703003845981584e+04
1.646146223797159109e+04 3.956517231059288315e+04 9.909817764687735689e+03 2.475331492209218413e+04 3.258228979864187422e+05 3.933709515892129275e+04
3.124458780388749074e+04 1.002142884102356184e+05 1.713016359959882539e+04 2.790295611779598039e+04 5.327226172096938826e+05 6.079031195608058624e+04
4.788389199732074303e+03 3.020691609853601403e+04 1.051116920458688583e+03 1.025536421191441332e+04 3.597399533747874666e+05 3.078078381222291500e+04
3.400706627562623453e+03 6.693614092103219264e+03 4.485287134202811103e+03 1.019417441421421609e+04 3.756948493327501928e+05 3.214340498886684509e+04
4.679934565381443826e+04 1.939597881736234995e+05 4.269915031388905481e+04 1.967429136412935259e+04 5.485085218312657671e+05 7.379137249533344584e+04
8.556231003221062565e+03 4.599750946270407439e+03 3.061497677058473073e+03 1.193107622118244944e+04 3.135397601318722591e+05 2.803091620747980051e+04
1.847507143919581722e+03 1.394558179850667557e+03 1.048981855497845572e+03 4.822367412972354941e+03 2.566072096328641637e+05 1.996108252614303638e+04
3.044007331574811906e+04 2.378194317060504545e+03 9.255043625602633256e+03 7.695832812475734681e+04 1.151025536238292232e+06 1.163241611963644682e+05
6.106558982243303763e+04 1.195784338680394576e+05 6.586103371750317456e+04 3.167780014321657291e+04 8.834886485749346903e+05 1.080547365631779976e+05
3.842625803671737958e+04 1.807242719553672941e+05 2.738126686042957590e+04 2.065091349958629507e+04 5.694225222879998619e+05 6.838155756543482130e+04
1.533691076781066113e+04 8.362785541542778446e+03 7.302886784136956521e+03 2.416545549501261121e+04 4.832221987173386733e+05 4.699043619519021740e+04
1.120455468709455454e+04 4.148768876280485711e+04 3.089197818676421775e+03 2.513776512128754621e+04 5.878703406637087464e+05 5.429098488464856928e+04
3.488046012653549406e+04 7.061482704199274303e+04 5.256167591186075697e+03 7.120423097249114653e+04 1.080227352664510952e+06 1.106123389605461853e+05
5.842772035619010239e+03 3.356774809398845719e+03 2.064326953055007834e+03 1.389299070750115243e+04 2.861032994059764897e+05 2.658133904764792896e+04
2.259195880791255331e+04 7.882687361125407915e+04 1.514913349472950176e+04 2.109105904928620294e+04 5.479561861370251281e+05 5.682261860522256029e+04
1.708002645272628797e+04 3.458427401836343051e+03 8.392223489677693578e+03 3.075689996111136497e+04 4.589394030006360263e+05 4.856469695846334071e+04
8.003496420973217755e+04 2.707534817677225801e+05 5.349750201020624809e+04 8.077886941190164362e+04 9.525735993057917804e+05 1.370532497763424180e+05
8.169435366658629209e+04 4.872987637218658347e+05 4.024488715104734001e+04 5.215261677035940374e+04 7.449956605719343061e+05 1.151472318958439282e+05
4.194892815982674620e+03 3.947655141856705086e+03 3.179518013073381553e+03 9.805765884158281551e+03 3.943844484143707668e+05 3.252608255365769219e+04
1.940405531084139875e+04 7.498277500052537653e+04 3.012582244324899875e+03 2.970264281109701551e+04 5.539257922517401166e+05 5.569609005418881134e+04
6.552850735095991695e+03 1.898487420338416996e+04 5.616667524383379714e+03 1.087693732998199812e+04 4.085321603403661866e+05 3.575655654155519733e+04
3.724025469590064313e+04 1.734932196317407943e+05 1.637583810167307274e+04 3.783114361176951934e+04 8.495522431598409312e+05 8.988957758455468866e+04
1.153986538933288539e+05 6.308451043446904514e+05 7.089282034847603063e+04 6.774782973845083325e+04 9.366756717996916268e+05 1.554048251842831960e+05
4.268235088082029688e+04 1.759927813784707687e+05 3.217783335163946322e+04 2.723065150755171635e+04 5.855711833262240980e+05 7.427661082019991591e+04
1.864236783866805854e+04 1.300013851147652458e+05 2.997043497534292328e+03 2.366014912651689883e+04 5.196018942335363245e+05 5.337034049324582884e+04
3.582778427101126726e+04 3.623686216929202783e+04 2.321125266393935090e+04 3.819786651065612386e+04 4.828288630772703909e+05 6.154604710380485631e+04
1.773056650518174501e+04 3.885855455803524819e+04 1.277953058868726657e+04 1.812327676694100592e+04 3.750073713395394734e+05 4.084936015968026913e+04
7.572662081577656500e+04 2.777821541322484845e+05 4.787617573398054083e+04 6.053273464081139537e+04 5.932680983276427723e+05 1.016559926773203333e+05
9.818224159455485278e+03 6.251197688521636155e+04 4.887180174226499730e+03 6.145897864383218803e+03 2.534715014093550271e+05 2.502684070683778555e+04
4.550991459804199985e+04 1.409810623747413920e+05 2.396657412371832834e+04 4.268672563648397045e+04 5.178564597848228877e+05 7.143928261088814179e+04
9.779415768359311915e+04 2.712287799609461217e+05 6.926451831403558026e+04 8.430144136708120641e+04 8.892420179781074403e+05 1.412068792282557406e+05
2.113727390278837629e+04 4.391651541049898515e+04 1.207009628568314292e+04 2.649893504956828838e+04 3.874540518822558224e+05 4.541825476084709953e+04
3.558529394495980523e+04 1.158079209390406759e+05 2.221424909150245730e+04 2.802785541625618498e+04 3.984024922645062907e+05 5.477559249543731130e+04
3.748134800305091630e+04 1.464823016105177521e+05 3.090266697522530012e+04 2.021786714543758353e+04 4.774187269218794536e+05 6.182160971005065221e+04
8.351703479147217877e+03 3.723677532496178901e+04 2.595738964909104197e+03 4.489466843064472050e+04 7.429435650262738345e+05 7.323187028451883816e+04
7.042313305624338682e+04 3.435799530242764740e+05 3.374426090527828637e+04 5.742697480432485463e+04 6.505521996846657712e+05 1.012676132858253550e+05
2.817913866737006538e+04 1.416246120562878496e+05 1.467714747263994104e+04 2.134942649837413046e+04 4.826073267278596177e+05 5.544736993431584415e+04
2.490773023302141155e+04 2.373500434620579836e+04 1.205252630657023838e+04 3.258452112197450697e+04 5.544526311532196123e+05 5.839632029383051122e+04
4.135803013308202935e+04 9.113973867079654156e+03 2.461761150761470708e+04 5.342274652585073636e+04 8.811738351026279852e+05 9.448744555371248862e+04
2.754807834016915876e+04 9.889184858982944206e+03 2.123461631448633125e+04 3.205007979728281134e+04 6.369443959931962891e+05 6.697629766161672887e+04
6.572330232086878823e+03 7.640337342064168524e+02 1.984626237705281710e+03 1.311178415999499521e+04 2.120872004120706988e+05 2.108717221081753451e+04
8.216980605420014399e+03 2.123151114519227485e+04 1.790641393619175005e+03 2.168043929766702786e+04 5.990399742036111420e+05 5.191700358373134077e+04
1.312331346719011663e+03 1.107486380623661717e+03 1.921186327174932330e+03 5.485485820602939384e+03 2.451438558152217884e+05 1.985170549911691705e+04
2.211527941792825459e+03 8.190211852336842639e+03 1.550532435867346067e+03 3.789648836580216084e+03 1.817851859744736867e+05 1.501401055699603057e+04
1.627005918302016471e+04 1.102402391700037697e+05 1.066120863104627824e+04 5.253185171535536028e+03 3.065631242865414242e+05 3.304439696066127362e+04
1.656537298304563956e+04 1.218565893667944147e+04 4.905821397485377020e+03 3.185647358951241767e+04 5.041104279106041067e+05 5.102890841473104228e+04
3.535745001820693869e+04 2.514575142092211900e+04 2.238212150691539500e+04 4.320859139088467782e+04 8.016240568979900563e+05 8.434772377078284626e+04
9.479882559580526504e+03 1.399653898372700678e+04 6.996820575625642959e+03 1.132114850926358122e+04 3.725472964949204470e+05 3.388527496269862604e+04
1.884172105642048700e+04 7.946627580133652373e+04 1.356206931003535465e+04 1.309677938214391907e+04 4.615709091835372383e+05 4.674497133607279829e+04
3.492339295563974156e+04 4.044633038755304005e+04 1.597342272691028484e+04 5.491782716100441758e+04 9.054486449069026858e+05 9.461990322398679564e+04
1.594788946383860639e+04 5.951613498223068746e+04 4.086804995392624733e+03 2.153058864849762540e+04 5.740227435290723806e+05 5.305045053693822410e+04
8.280514862210269712e+03 1.416137351053091515e+04 1.743364459208538847e+03 1.607871481255364597e+04 4.375962832679386484e+05 3.815520567992566794e+04
1.818650134266437672e+05 6.518392417109655216e+05 1.089958383771862282e+05 1.571081690223770856e+05 1.372726707388333045e+06 2.426049738889315340e+05
7.404694135115042445e+04 2.221209343989621848e+05 4.245429432986988104e+04 7.329770404838527611e+04 8.009558874996319646e+05 1.163061387507244217e+05
4.590379044031054218e+04 2.735710544606309122e+04 1.407879144637742866e+04 7.917985009521957545e+04 9.309548804599796422e+05 1.058420348920878605e+05
2.498100028769614073e+04 8.818665123560509528e+03 1.090140466900892898e+04 3.634052882154021790e+04 5.453944939396274276e+05 5.825130758372704440e+04
9.909403981708011997e+04 1.188052110763716046e+05 5.761220619100559998e+04 1.207285667717981996e+05 1.204475487497881521e+06 1.663172778492256766e+05
5.017229907192606333e+04 1.060777789209469629e+05 2.412271386883127343e+04 5.849190246097803902e+04 6.483615454484465299e+05 8.570441946836860734e+04
2.464846059120710197e+04 2.545052235110088805e+04 1.602707902189736524e+04 4.111005860350235162e+04 5.112038808235183242e+05 6.114077494022410247e+04
1.191574057277001884e+04 5.146781527923932117e+03 6.009459180346328139e+03 2.396292611861719706e+04 5.682623592654025415e+05 5.190194294202503079e+04
4.163855034096323652e+04 1.680291765026417561e+05 2.638692737469694111e+04 3.545406164963536867e+04 6.799018628434904385e+05 8.144939780358434655e+04
1.288059060565295113e+04 1.130985447922956337e+04 7.699116230023670141e+03 1.796192935102785486e+04 3.243097094516001525e+05 3.381352046094548859e+04
3.992382952213480894e+04 2.203251110937779595e+04 1.193107450801295272e+04 7.021106384280834754e+04 8.793962986664959462e+05 9.712942157973132271e+04
2.971193389288816252e+05 1.066662247603227850e+06 2.082664622515861120e+05 2.219308196830037923e+05 2.271833403392490000e+06 3.957064194335711072e+05
1.570458717443994283e+04 1.703125114794345791e+04 5.976302313357447929e+03 2.001154943641293721e+04 2.909320577440547058e+05 3.203572741825392950e+04
8.489793013578706450e+03 1.924423348575748605e+04 4.172830752394189403e+03 1.278533103512038906e+04 4.667414509008470341e+05 3.992504861426603748e+04
2.890643423336952037e+04 3.707811347523675795e+04 1.540940800891921026e+04 4.396766948049646453e+04 6.981534605008804938e+05 7.531606226682072156e+04
4.408817230216404278e+04 1.451965922011876246e+05 2.900259478525415761e+04 3.987631363193227298e+04 5.799192513418315211e+05 7.672228099392401055e+04
1.719424855808381471e+04 3.650082511253349367e+04 7.390536903418501424e+03 2.193399876722411136e+04 3.883980011083547724e+05 4.103339926634973381e+04
1.276759186593368031e+04 1.590899089243132585e+04 6.419239897828912945e+03 2.116505185932361928e+04 5.361780192822102690e+05 4.918788810691767867e+04
4.242501486315537477e+04 9.269564554509347363e+04 2.650514982914807479e+04 4.429642986370199651e+04 7.976116573276261333e+05 8.968895287975259998e+04
9.345116584316841909e+03 4.043630478289214352e+03 9.742060785773386669e+03 9.258271458713577886e+03 2.926273337302141590e+05 2.826813394398622768e+04
7.553511373834557889e+04 2.154575841578755644e+05 4.329791312721288705e+04 6.948791437542637868e+04 1.140975156350279693e+06 1.374869930233903287e+05
9.709916977131919339e+03 4.955605788511202991e+04 2.040071369643828120e+03 2.019064761910055677e+04 4.270692553112221067e+05 4.118545985846233089e+04
1.325998777546277852e+05 4.209166047719265334e+05 8.733470282630214933e+04 1.143807291650065454e+05 9.722537358990474604e+05 1.755867026529899158e+05
1.304101175469496775e+04 4.142608536571032164e+04 8.973280400054398342e+03 1.101311247345832635e+04 3.722922919682050124e+05 3.593784913847064308e+04
6.104120860823855764e+04 3.996203008520136791e+04 1.626864547163016323e+04 1.021356116361379100e+05 1.267259604947193759e+06 1.404095741126762587e+05
5.352554214060691447e+04 1.421805035296062706e+05 3.184503886386426166e+04 5.071326906491883710e+04 5.884446166363913799e+05 8.327211002217394707e+04
6.365206985654903292e+03 2.623027019126414234e+04 1.106724262104807622e+03 9.555962690942005793e+03 3.732815463800205034e+05 3.120256703118379301e+04
3.964124515743747907e+03 1.390812682044738904e+04 7.210257148425116611e+02 6.615380015826379349e+03 2.442264012514165952e+05 2.041681878306317594e+04
1.731045011680891330e+05 6.527033274835668271e+05 1.192224728266164602e+05 1.328590460817982676e+05 1.180700582319710171e+06 2.231756155085757782e+05
1.561983303391422087e+05 2.894454083546791808e+05 1.040899422567687434e+05 1.576812744292926800e+05 1.637077088060274255e+06 2.406010410274560563e+05
8.394424143359949812e+04 2.290949073885296530e+05 7.740532767174707260e+04 5.309374323782984720e+04 5.946142466388136381e+05 1.087036631454197923e+05
1.256299851006999415e+04 6.888333185235076598e+03 7.335008659615742545e+03 2.084430317155714511e+04 6.238908092471138807e+05 5.489088171711486939e+04
3.275155616574881060e+04 6.110877433190826559e+04 1.959091648271647864e+04 3.567393042498007708e+04 4.289047743524129037e+05 5.644764184310720884e+04
3.646035318078753335e+04 9.251337515925508342e+04 1.412238272671882260e+04 4.860452858616804588e+04 8.678863323271170957e+05 9.101660922824156296e+04
1.941777914748869807e+04 4.986438921940782893e+04 1.223359477913394403e+04 3.063504976580566654e+04 4.902957432822572300e+05 5.457036238126439275e+04
6.807256239223257580e+03 2.420518364053997175e+03 2.733755861682233444e+03 1.679463025835485314e+04 3.136441576617973042e+05 2.998806193267080744e+04
3.635834938281356881e+04 8.427210373006160080e+04 3.341498064521778724e+04 2.683758345704125895e+04 8.659906248828258831e+05 8.895548484315468522e+04
5.794962515226408868e+04 2.118489374704070506e+05 2.606717689354167305e+04 5.677859674481640104e+04 7.169730415075916098e+05 9.561540356992112356e+04
5.264640520979307621e+04 2.296525091454490321e+05 2.946448891733420169e+04 3.952932081072875735e+04 7.387245675956672058e+05 9.162386947108031018e+04
1.354653987719331235e+04 2.076167704720010443e+04 7.106019781288902777e+03 2.113456388422035161e+04 3.018399483729240601e+05 3.394875185754416452e+04
2.180610661530808138e+05 5.612758776175440289e+05 1.322437508436746430e+05 2.195571099374821933e+05 2.024994437863113824e+06 3.202560993514300208e+05
2.723333641128211093e+04 4.990728337933142029e+03 1.369609547642655161e+04 3.890543968736387615e+04 7.673085627196988789e+05 7.535234073890512809e+04
1.577744978707794326e+04 2.272402987206125908e+04 1.173042832329305566e+04 1.427594461195458643e+04 3.748546423074211343e+05 3.784892898047179915e+04
1.107409678303943565e+03 7.309047988871396910e+02 4.671086155503796249e+02 6.571648329881451900e+03 2.134271254217298119e+05 1.756413499526905434e+04
8.836183370873524109e+04 3.015482972018497530e+05 6.024805303316323989e+04 6.622442179329377541e+04 1.170328604352877708e+06 1.495516187444239622e+05
1.003907928360569349e+04 1.031597573279020253e+04 5.148139223452238184e+03 1.645949208752977574e+04 3.300636634328725049e+05 3.237229482620226918e+04
2.406028163445625978e+04 1.970324261736330518e+05 8.320354851704458270e+03 1.164581380614977024e+04 4.411838412359254435e+05 4.827424305795456166e+04
1.058578045207091236e+04 1.077728459898680921e+04 7.038113144408643166e+03 1.301514087473067229e+04 2.990854172144173062e+05 2.956879262397301864e+04
9.382006482522345323e+04 1.351566647132603975e+05 5.208603315236420895e+04 1.209888162966672826e+05 1.110058437441346236e+06 1.585111947608359915e+05
4.499121513076122937e+04 1.873453167399725935e+05 2.972130016170340241e+04 2.972022532574793149e+04 8.363427999637100147e+05 9.177180855291377520e+04
2.998474645072543353e+03 2.082085306346160360e+04 4.291690854944657758e+02 3.779240278645219405e+03 1.993489505436042091e+05 1.633209495284800505e+04
2.074584688339608329e+04 9.519949100642149278e+04 1.290746824815400578e+04 1.595034231157179420e+04 4.890320564556047320e+05 5.037849504411101225e+04
2.781595686412732175e+04 1.192352388267760716e+03 1.313796384856929399e+04 3.992850517136076814e+04 6.392663754207897000e+05 6.677437423110504460e+04
6.504413559634492412e+04 2.131415394343466323e+05 3.846028308299304626e+04 5.739080446567569743e+04 7.905724228882080643e+05 1.062489262203170219e+05
7.446995583133360924e+03 2.932448082154490749e+03 6.362332135836132693e+03 1.114143473346087012e+04 3.802030895802312880e+05 3.349805654183960723e+04
2.842118166172560814e+04 3.394237785820990393e+04 1.028114889179020429e+04 3.889415668487576477e+04 5.663318196352870436e+05 6.178978777685399109e+04
8.948208832651331613e+04 2.108100639047640725e+05 9.333575834501163627e+04 4.799321155641354562e+04 9.352552469437562395e+05 1.352714412955354201e+05
3.981874877077198471e+04 9.827155466948822141e+04 1.309170608046543566e+04 5.751780580406668014e+04 8.761221950549295871e+05 9.544154687035630923e+04
2.501297090541112630e+04 2.275532220613820755e+04 1.983509578048355979e+04 2.890607893477153630e+04 5.970429427295265486e+05 6.290407718681413826e+04
2.184187565841246760e+04 8.540902998500525428e+04 1.887561662031798551e+04 9.852275119137586444e+03 3.022658251629379811e+05 3.714765472850049991e+04
2.668324535893976645e+04 2.855332484332707099e+04 2.191778023275471060e+04 2.590454058070644169e+04 5.619694389856290072e+05 6.037245349174165312e+04
2.031667133520780408e+04 6.214656320754554145e+03 5.245343486798161393e+03 4.294997810608013970e+04 7.166842816672035260e+05 7.019380500687606400e+04
6.545982643660124268e+03 7.278850778364598227e+03 3.512946506602373120e+03 1.180469620840288189e+04 3.387540781742302934e+05 2.999682690032543542e+04
2.327929777953961820e+04 4.849328859337325412e+04 1.226273104925891676e+04 4.396823219239745231e+04 1.059404873793215258e+06 9.882218403968057828e+04
2.187104916514022625e+04 1.510872453733679322e+04 1.116861405834139805e+04 3.241561898199990537e+04 6.057232544069030555e+05 6.096058663768196129e+04
2.244015195477864836e+04 1.912116812219118583e+04 1.175369197271618032e+04 2.985734932737853887e+04 3.793605215127068805e+05 4.502943632160026027e+04
1.631778764085826406e+05 5.574517693933395203e+05 1.328184599673745688e+05 1.019260211515729316e+05 1.162096864054428879e+06 2.090856767286386748e+05
2.007568009791051736e+04 1.436474412358664849e+05 4.648750959431059528e+03 2.248957172359540345e+04 7.376901311967731453e+05 6.889667253453844751e+04
1.018277211179159167e+04 1.601579069122394139e+04 6.352845728540532946e+03 1.482131530650796230e+04 3.104598079413924133e+05 3.111430249867065868e+04
6.943301142171283573e+03 8.490894200407996323e+03 1.678233660022767708e+03 1.726703919023895287e+04 3.701935422261766507e+05 3.385045938561754883e+04
1.671393896191501335e+04 6.997722114256475470e+04 1.081847515792328522e+04 2.119539235187622035e+04 5.623747590171071934e+05 5.553489297550798801e+04
1.289087565784614299e+03 2.152618289462196572e+03 1.604136817316744100e+03 4.331120404551544198e+03 1.939084401995733497e+05 1.579867685144642746e+04
9.615292430825813426e+03 8.151207085988638937e+03 4.525112445798486078e+03 1.596669691221315043e+04 4.510228831359228352e+05 3.990945558592212183e+04
3.401430791947837861e+04 1.018080716455748770e+05 2.303621486336517773e+04 2.856445640863268636e+04 3.595818699338471051e+05 5.206891304456103535e+04
2.567191360613843790e+04 1.124327576161756951e+04 7.231479207071312885e+03 6.136891830851466511e+04 9.830432997979517095e+05 9.754271427223128558e+04
6.303356524321583129e+04 1.031741514233972703e+05 3.340836869952679990e+04 7.522712387876487628e+04 8.862064895453233039e+05 1.131284226067104028e+05
5.048326077591721514e+03 4.787355322177101334e+04 7.555484270283055821e+02 7.814077487386730354e+03 2.687543949770901236e+05 2.430381026689708597e+04
1.060379411315924226e+05 5.060664106654628995e+05 6.563732740984634438e+04 6.270200779272594809e+04 1.106131703904638067e+06 1.560821240557364945e+05
1.595618383717436518e+04 8.105742537706714938e+04 1.255574740208979529e+04 9.231950435774222569e+03 4.898249042780296295e+05 4.654261823595943133e+04
7.905521339006484777e+04 2.729101120691591641e+05 4.671512748783099960e+04 6.749611243385518901e+04 1.005767430799683090e+06 1.318077136727674224e+05
4.009388941215312661e+04 9.552509657442769094e+04 3.319721366701542138e+04 3.087964790353491117e+04 6.783802426199116744e+05 7.862747416421309754e+04
2.762068557524704956e+05 7.969341438749675872e+05 1.945363120041132497e+05 2.335567737753885740e+05 1.977155591306487564e+06 3.618807470089983544e+05
2.917587186810469211e+04 5.866614072422500612e+03 1.378556703716074117e+04 4.444407264367593598e+04 7.007902996329246089e+05 7.346473030661187659e+04
4.947785871634750947e+03 3.501109748546280025e+04 1.502341957589648473e+03 6.746825253819326463e+03 3.363222591598245781e+05 2.805140396839604728e+04
2.738033092144720285e+03 2.885655365776795406e+03 3.527829951132116548e+03 3.402857377597319555e+03 2.223123012754913361e+05 1.815490333413060216e+04
2.431527159656991716e+04 3.362099755761014239e+04 1.089976580143571664e+04 3.083330270700541223e+04 5.145341615731203347e+05 5.491168972873011080e+04
1.230846385488212945e+04 5.919886640994194750e+04 9.330577433276986994e+03 1.519553692259402305e+04 3.905948807691505644e+05 4.009337658428835857e+04
5.750313918595763971e+04 7.740120110075808770e+04 3.288551341364400287e+04 6.770254574511649844e+04 1.072805613621385070e+06 1.207760795358907199e+05
2.087988441391585184e+03 4.915336396023151792e+03 1.004333764964791953e+03 5.238820777492318484e+03 1.868585055406432948e+05 1.561305933328884021e+04
2.082966598661938406e+04 9.429437934144263272e+04 1.715216468877430452e+04 1.303226877363581661e+04 5.215690815561867785e+05 5.303246382010541856e+04
1.022721368511407672e+04 9.556609052866637285e+03 9.044072407086488965e+03 3.002225111206099973e+04 5.719422517467396101e+05 5.641571694447800837e+04
7.110832785263683036e+03 2.895152690330171481e+03 1.662389239672115082e+03 1.665297607915645131e+04 3.820200408299063565e+05 3.408457313308021548e+04
2.883010256488020605e+04 8.558553981084599218e+04 1.235234966985787651e+04 3.116521300890912971e+04 4.899545581404271652e+05 5.660553319126686256e+04
2.924583683301981728e+04 7.263193488127474666e+03 1.290236065092289755e+04 3.975844204187296418e+04 5.077274578915429884e+05 5.804899222929212556e+04
1.396129657558892904e+04 3.925700445166005375e+04 8.601280265663905084e+03 2.622877774885400868e+04 6.210270346196484752e+05 5.928024765900950297e+04
1.571493304722862558e+04 1.100510011579681304e+05 8.330269528500895831e+03 9.884134077829188755e+03 3.647729265446002246e+05 3.803940888336982607e+04
1.963769895976348198e+04 6.253686451887556905e+04 1.264252522309344931e+04 2.263323741768909531e+04 3.375019149397243746e+05 4.147843955471328081e+04
1.025981879775623020e+04 3.640385241443134146e+04 6.040373711092140184e+03 1.332397325532313516e+04 3.079317033784701489e+05 3.114112448298326490e+04
3.504395063811820728e+04 1.728872332929567492e+05 2.152033854851328942e+04 2.389561301888478920e+04 5.499228110048649833e+05 6.562294390015755198e+04
6.364958588154787867e+04 4.948292800170411356e+05 3.107806605943099930e+04 3.004851383801385964e+04 8.574045940938640852e+05 1.091335688653861143e+05
6.988863664084828633e+04 2.009843579233822820e+05 5.278142166945510689e+04 5.176273941641866259e+04 5.559401725476046558e+05 9.349492599392900593e+04
8.381950927049330494e+04 3.335861242255478865e+05 5.496389518814085750e+04 5.754223985206937505e+04 9.152398265136441914e+05 1.277755647255642689e+05
3.252342699571949197e+04 1.178537610689101421e+05 1.539975119798116611e+04 3.093469564648735832e+04 4.991212253785684006e+05 6.002790316526981042e+04
6.655534626855414535e+04 3.809803565571293439e+04 2.680185338612031046e+04 1.044757010157135519e+05 1.540642645858346950e+06 1.643038463302191813e+05
6.171220118583288240e+03 9.016115837365707193e+03 2.001702191409616944e+03 1.283049319987152376e+04 2.984203777417920646e+05 2.718231865102880693e+04
4.117899237905826158e+04 2.915512858515504631e+05 1.367240553261861351e+04 3.155796124877237526e+04 6.202160062364552869e+05 7.630303778184135444e+04
1.429792800610592712e+04 9.229581212125226739e+04 3.839047139964940015e+03 2.165543241599723115e+04 6.052189036653508665e+05 5.672001292871504847e+04
1.199076427656493615e+04 4.321822524938197603e+04 3.695837710620571670e+03 1.424156293285927131e+04 3.544497315802561352e+05 3.401125306947423087e+04
1.096510682724421931e+05 4.487630060989232152e+05 5.327579682365246845e+04 9.930043209264974575e+04 1.308349679586046841e+06 1.780686502431184053e+05
2.112675979859932340e+04 1.500286852093687921e+05 1.120507056405637195e+04 1.496459055131794776e+04 6.407965003807040630e+05 6.211899642474703433e+04
5.500374574590394332e+03 3.831377813424399938e+04 1.616747208807075367e+03 6.087413226543954806e+03 2.572990435883512255e+05 2.265086804668133118e+04
2.583896183700040638e+04 1.139653277304070361e+05 1.381732544113957010e+04 1.970518755665666686e+04 3.212109150386625552e+05 4.210940136358562449e+04
1.320489091107255263e+04 9.364565423557095301e+02 4.116577184130433125e+03 2.082763322781551324e+04 4.062193640738495742e+05 3.856098400314278842e+04
1.603636482892280219e+04 4.692263462007711496e+04 9.072597809133947521e+03 1.635109446917935566e+04 4.453044923124404741e+05 4.357710674177733745e+04
6.080736319985456794e+04 1.199076263992508902e+05 3.374155892400863377e+04 6.952186401224124711e+04 7.872132213397452142e+05 1.048618217159817577e+05
2.143415326591539997e+04 3.513569811379633757e+04 1.364784940618507062e+04 3.221650676994532841e+04 4.299334693822427653e+05 5.110653662075581087e+04
1.428401860917577096e+03 1.052389482919001239e+03 7.796886945779416465e+02 2.433665259999405862e+03 1.243866557656008517e+05 9.854834566413346693e+03
6.669730570383343729e+04 3.568503641274761176e+05 5.399595411814638646e+04 3.218565976065719951e+04 1.219301837945821462e+06 1.374944829396563000e+05
4.730591414644497490e+03 1.009838544368885960e+04 5.998391427681992354e+03 3.181022859596836497e+03 2.215389483130110020e+05 1.942442737500779913e+04
1.327141674155347391e+04 8.306668525337734900e+04 4.315186839272211728e+03 2.643665922792295896e+04 5.851230663258052664e+05 5.727904144476280635e+04
1.057953742703365424e+05 3.195930655845533474e+05 9.269711982639090274e+04 6.336506548501773068e+04 9.602657213507606648e+05 1.490109332671872107e+05
3.104836152927393778e+04 1.446781949749864289e+05 2.248630109279866156e+04 1.783228856906128203e+04 5.719228283652322134e+05 6.338177645644300355e+04
5.848218982951671023e+03 3.865515146484199067e+04 4.117348168418996465e+03 3.413393166621245655e+03 2.281119361955438217e+05 2.057346686186282022e+04
4.538155653925674414e+04 3.931240158736924059e+03 1.953944013576862926e+04 8.361501225686239195e+04 9.730936040911719901e+05 1.118768560612492001e+05
1.025097719943280481e+03 1.756121721363521829e+03 5.916120949624430523e+02 8.899876460077033698e+03 3.379070724607703742e+05 2.709378263277140286e+04
1.117221803447647108e+04 2.988189980868373095e+04 2.259932266679139957e+03 2.506425496765343269e+04 6.273545843344953610e+05 5.598179417792319873e+04
7.495664790052741409e+03 6.093667376766728921e+03 3.808384153761136986e+03 1.340170224047771990e+04 3.482199795976775349e+05 3.142436486720396351e+04
2.106464609070908409e+04 1.502288331441346418e+04 1.444175969017111674e+04 2.833644292994994976e+04 5.883923796001675073e+05 5.935713948659648304e+04
9.380265979370204150e+03 5.455334566953577450e+04 5.651043034513484599e+03 1.024861780343654391e+04 3.323712792151484755e+05 3.212435087223087248e+04
3.547130021666531775e+03 9.060331688893616956e+03 2.271377328678433059e+03 4.358734934641978725e+03 1.389456752688565466e+05 1.274376593166558450e+04
2.139012917406149791e+04 5.200798389518674958e+04 1.638462173369975790e+04 2.614979806451540207e+04 5.670092135367931332e+05 5.959741430734729511e+04
1.493512120563474891e+05 4.772067224029179779e+05 8.406208970047210460e+04 1.439855109668769874e+05 1.158123266405770322e+06 2.028490142697411648e+05
3.407303451978124940e+04 2.662019057607657742e+05 1.083990890226425290e+04 2.312840967320770869e+04 6.522212361633849796e+05 7.216886220057836908e+04
7.617988733694150869e+04 3.432890727754151449e+05 5.039255673278984614e+04 4.952404508729294321e+04 7.400502638221535599e+05 1.108760793077620328e+05
9.422641584480307938e+04 8.095934769603438326e+04 5.216045338990136224e+04 1.282401142558102874e+05 1.255201193950145505e+06 1.689031905020089762e+05
7.703426201822450821e+03 3.905419629234189051e+04 1.031226741365265525e+03 2.167286329326154009e+04 5.747358434593856800e+05 5.083324243729233422e+04
2.316501511448303063e+04 6.000537385510962486e+04 2.412137724561089999e+04 1.007827186273672123e+04 3.263676839708718471e+05 3.987552809490534855e+04
5.611694753546824359e+03 2.186930149879191595e+04 3.981668094559453948e+03 1.022665577470637436e+04 2.994641214311227668e+05 2.756451309835362918e+04
9.017177442744761720e+03 3.531880362303358652e+03 5.608544780260305743e+03 1.264908675159976701e+04 4.314932121208925382e+05 3.733425334008896607e+04
1.861012897599160715e+04 1.203291332991489617e+05 5.993516920348358326e+03 1.742907397548786321e+04 4.543436886610987713e+05 4.697673987904345995e+04
1.442260410434884534e+03 5.814813188239761985e+03 1.161404101772997137e+03 1.195135365710393853e+04 3.212342206690810272e+05 2.779862143863254096e+04
3.076263677678239401e+04 2.329177169363414214e+04 1.165417032556381128e+04 4.848039924865990906e+04 7.373432710714094574e+05 7.769167207978849183e+04
3.669840475229678850e+04 7.350892431039937946e+04 2.322406063386120513e+04 5.599601459889735270e+04 8.858692432839144021e+05 9.855185008814916364e+04
5.707711764462493193e+03 2.923479508884522602e+03 3.650407691693320885e+03 8.311747923209988585e+03 4.104465158298169263e+05 3.308316565943213209e+04
1.987543098662835109e+04 1.034219805426224921e+05 7.590823447329191367e+03 1.510291692470153248e+04 3.572149461519692559e+05 3.924419578104204993e+04
2.486966895442701934e+04 1.899604070477618370e+04 1.401318597109424809e+04 2.918950246299686842e+04 4.235948284269882715e+05 4.867047162106508767e+04
1.993182947831039564e+04 1.857733029776270632e+04 6.901521746520191300e+03 2.815232366795280177e+04 4.345534393267245032e+05 4.585210269091749069e+04
1.910767985568462245e+04 1.042893030179707275e+05 7.278129669998098507e+03 1.576405499701086228e+04 3.025556627058751765e+05 3.577490120881166513e+04
1.259964032114792826e+04 4.718290715936580091e+04 4.841589558531250987e+03 2.679119581253874640e+04 5.245731504508968210e+05 5.181847917648165458e+04
1.118185080729694710e+04 3.475352835071833397e+04 6.278141246007853624e+03 1.674083376278264768e+04 4.878403117778010201e+05 4.480760503941233037e+04
8.082292264345783042e+04 3.272751628089495352e+05 3.480595647921799537e+04 8.830714807293235208e+04 1.429201640162119642e+06 1.672538137599718175e+05
1.960616888523251328e+04 5.463664387615465967e+04 1.219873643107419775e+04 1.685330328398148049e+04 2.396313769045327499e+05 3.169996620924654053e+04
3.432803645390153542e+04 2.536657270634438191e+03 1.695769325127937918e+04 4.827539364052449673e+04 6.080845336584658362e+05 7.016455541189190990e+04
2.603334931248435532e+04 7.139774908730523020e+04 1.837411684272904313e+04 2.120202251555431212e+04 3.503936156245315797e+05 4.460752568635436910e+04
6.075756285647064942e+04 1.831778779277915601e+05 3.397460923417796585e+04 6.113137995339460031e+04 9.309789757553526433e+05 1.139679737844653428e+05
3.742180395984128700e+04 4.631215572368611902e+03 1.856268837701373195e+04 6.109430927595688991e+04 8.980480028511573328e+05 9.625939346694760025e+04
8.980015983945591870e+03 1.150064383941754897e+02 3.819360332928051776e+03 2.086754010451405702e+04 4.014722885784109239e+05 3.809097848056015937e+04
2.599230601172068855e+05 6.155155748643908883e+05 1.745337984846166801e+05 2.447425232386331190e+05 1.992116642770936945e+06 3.503471258983121370e+05
1.322833767714969326e+04 4.927671614844733995e+04 4.254926228893267762e+03 1.694725247764929372e+04 5.215233166887450498e+05 4.701276195686717256e+04
5.662865465836629301e+04 1.831603845378344413e+05 3.055393585270301992e+04 6.057806749281853990e+04 1.066831645056590205e+06 1.213797036042865802e+05
1.774652480564051439e+04 9.628496843495840949e+03 1.031266931000521981e+04 2.689866965965836062e+04 5.040967840226844419e+05 5.099045576288075972e+04
3.320843755817622150e+04 5.010523874948707817e+04 1.793551992409112063e+04 4.018788070113732101e+04 5.140293893264704384e+05 6.295624015467886056e+04
3.075072830539835195e+03 1.343331302860286996e+04 5.668861784494320091e+02 7.434157169459266697e+03 2.088267475551518146e+05 1.831615305925756911e+04
4.274792628342512035e+04 2.804608986380191345e+04 2.122753526663459706e+04 8.725259930783932214e+04 1.106463699441685807e+06 1.244128514413993835e+05
7.179957746605673492e+03 2.332813901226688813e+03 2.239099057191913289e+03 1.544951451732058013e+04 3.418581740486121853e+05 3.105990781202556536e+04
1.301653977676902832e+04 1.584456230355258231e+04 3.237542424437227965e+03 3.314762944953839178e+04 6.124845375766038196e+05 5.836378911817935295e+04
2.853475939971144180e+04 8.586188735366356923e+03 1.068267542333145684e+04 4.622331082368362695e+04 7.107296798089051154e+05 7.373472419005783740e+04
1.949593587372051479e+04 7.756808691739242931e+04 1.956754166244906810e+04 8.766643636919148776e+03 3.406452778527249466e+05 3.914850802607559308e+04
3.274438618439988204e+03 6.631306689808301599e+03 9.390500077166307165e+02 8.778676628944172990e+03 2.934081403363749268e+05 2.443695822214179134e+04
4.379811835929496010e+04 1.269886441776420725e+04 2.006155143288867112e+04 5.805846046867968107e+04 6.510816458076788113e+05 7.932103619209391763e+04
8.915025005632645843e+03 4.280232136005129723e+04 5.729284703305947914e+03 6.991212426960675657e+03 2.258663320923048013e+05 2.294030961188713991e+04
7.408763812463080285e+03 4.840505603451985371e+04 3.214618496086578944e+03 1.193274580743081242e+04 4.440899231982277124e+05 3.904556244126833190e+04
1.554978471150069345e+04 6.599462982694023594e+03 6.908500503156656123e+03 3.128253516796166150e+04 5.367772599126754794e+05 5.355350535546062019e+04
9.296335064718118701e+02 1.724359290453850463e+03 1.146474825187553961e+03 5.597409524697394772e+03 2.397802260232250555e+05 1.923811150461709985e+04
7.856655977580184299e+03 4.640980779997586978e+03 2.327569057531246472e+03 1.575927898966145767e+04 3.701631979142791824e+05 3.325609003572859365e+04
3.618539527899024688e+04 2.269745021348233786e+04 3.270017722676098856e+04 3.179097097997292440e+04 7.365410940835948568e+05 7.913424542429197754e+04
1.952864852739416820e+05 1.027864034007459180e+06 1.173738357785426051e+05 1.171604664125436248e+05 1.511829198459336068e+06 2.561115540545448021e+05
4.164776794845800760e+04 1.410791912061957701e+05 3.464799360048506787e+04 2.702931082237608643e+04 7.186669163279714994e+05 8.247513821116715553e+04
1.683422020923563468e+04 6.218440818201027287e+04 4.233259382710908540e+03 3.328552345911325392e+04 6.932894282330191927e+05 6.658280632158652588e+04
3.626714784655579570e+04 2.814295986379245296e+05 1.798190990586006228e+04 1.916500012672751473e+04 5.533610395840243436e+05 6.755952925261945347e+04
1.358519682261793350e+05 5.332753453291037586e+05 1.024053772181124514e+05 8.179774222381587606e+04 1.115526702106236946e+06 1.825450346269036818e+05
6.723782513651838235e+04 1.669163226488401415e+05 2.717691727790774530e+04 9.087665505015780218e+04 1.609371351963614346e+06 1.693118187780118897e+05
1.019798333217167528e+05 3.330352044280801201e+05 5.672944654307352175e+04 1.012674111735671177e+05 1.385231185542702908e+06 1.798926430051168718e+05
3.301188844208392402e+04 4.029220432419345889e+04 2.063639051022621425e+04 3.671374641822406556e+04 4.745614956699357717e+05 5.940953405565569847e+04
4.092651402243287885e+04 1.751869049432376050e+05 2.097285965300221869e+04 3.497637952696450520e+04 4.967977378556896001e+05 6.693807353579859773e+04
1.405530335045968241e+05 3.492691933143411297e+05 8.984012485638125509e+04 1.334987712116047624e+05 1.203533616473947419e+06 1.973228712771576247e+05
2.453007641641807641e+04 2.196209949096750643e+04 1.152855339312476644e+04 3.366817581125579454e+04 5.570749673877945170e+05 5.874912260361087101e+04
3.037365854655420117e+04 4.012571718807998423e+03 1.893586315324401949e+04 6.480145686609832046e+04 8.921851965362654300e+05 9.767163936753201415e+04
5.922756463691188401e+04 1.445794129656393779e+05 4.489113783022419375e+04 4.759577026023762301e+04 6.292868208216293715e+05 9.035211276566190645e+04
1.245743440301995179e+04 3.339883662529434514e+04 3.417475842969482528e+03 2.095685845238016555e+04 6.722604259007435758e+05 5.781783445359027246e+04
4.444710944575722351e+03 2.473453402747704968e+04 3.413066798823350382e+03 7.741843277235682763e+03 2.739330841920826933e+05 2.462034773286719428e+04
6.248545566984445031e+03 1.691426236410672573e+04 4.176640402136466037e+03 7.690503040776583475e+03 1.585904850869479415e+05 1.678151786312252807e+04
1.808724226601878399e+04 4.089197912779152102e+04 4.561153702894070193e+03 3.444043966869588621e+04 6.342007225321283331e+05 6.221873120001205825e+04
4.821711668531169380e+03 4.357922274494972953e+03 3.404398290550575894e+03 6.613204156853345012e+03 1.841896065128733171e+05 1.706207908934749867e+04
3.289037877407809719e+04 3.779102477584219741e+04 1.812323788172507557e+04 4.868156801331094903e+04 8.797756829815454548e+05 9.086860597930624499e+04
2.910868175777219585e+04 1.044862225114111206e+05 1.722046603569538638e+04 2.573494730270717628e+04 3.650344945312350756e+05 4.878160860641151521e+04
4.399351252989981440e+05 1.699349104446137557e+06 2.928460004382738844e+05 3.413305481203937670e+05 2.466202137848605867e+06 5.305313790390413487e+05
3.962929798012545234e+03 1.289523585632859294e+03 1.510107763359240607e+03 1.142535746556958657e+04 2.420136990077188821e+05 2.215888095879957473e+04
3.367981614408856694e+04 1.234207055952966912e+05 2.221506590077190413e+04 2.367275381581230613e+04 4.019346398799546296e+05 5.342082902760869911e+04
4.918420308715330975e+03 2.402837946062910851e+04 1.346736626645912111e+03 7.914243600751793565e+03 3.507066678534774692e+05 2.893636546010747043e+04
1.617324248612052725e+04 3.665743096395143220e+04 1.020929673526174338e+04 2.204617546611969374e+04 3.391083510907966411e+05 3.899179448986925127e+04
1.842698451547501827e+04 3.561115585028000351e+04 1.584638964353913616e+04 2.576189674256548824e+04 5.031928629634013050e+05 5.408654377398591896e+04
1.535565634035312687e+05 5.645932130251800409e+05 1.345118723434621934e+05 7.863810277139670507e+04 8.680392889497112483e+05 1.798603758901710680e+05
4.357036831992125371e+04 7.982991198162487308e+03 1.887655739501059725e+04 6.481635351477363292e+04 8.525881682684272528e+05 9.518595404842976131e+04
