-4.524839463615376900e+01 4.030339092092235092e+02 -2.571423005841635501e+01 -1.166374170525146212e+02 6.525118416922696269e+02 -1.626619208303492770e-13
-2.769766227345482434e+01 1.195160252777674259e+02 9.297424253857906606e+00 -1.272702239642224669e+02 7.081345813231197326e+02 -1.412626085208308152e-13
-3.417829927195619888e+01 2.906132010992635628e+02 -8.933776759255740885e+00 -1.154735692246053418e+02 6.198264890792279402e+02 -1.530553422081540882e-13
-5.449690846291724711e+01 3.915956751339135167e+02 -2.517375630132108810e+01 -1.088857479610240375e+02 6.053468759205293281e+02 -1.588677665524422398e-13
-8.961612906423367519e+01 7.349158473723048246e+02 -5.616012542071153746e+01 -1.623180582211558942e+02 9.106454804455401018e+02 -2.005417150948866355e-13
-7.581756773887838108e+01 5.284272065682442872e+02 -3.045703956609732188e+01 -1.406525735274799729e+02 7.521313194534892546e+02 -1.808615050666526367e-13
-3.005983595298251032e+01 2.056855646965807409e+02 1.291085522532802088e+01 -1.249227304632280209e+02 6.058121171420310702e+02 -1.556585809054965455e-13
-7.076191841110171765e+01 4.109304800478351467e+02 -1.196747460058617030e+01 -1.476910304082810796e+02 7.673691842132546981e+02 -1.646824096163089042e-13
-5.994021830008978924e+01 3.386953103851865308e+02 -2.849913548714554778e+01 -1.056751807363186231e+02 6.439857969259568335e+02 -1.510890843311636856e-13
-1.588022329014146550e+01 1.799418740236253598e+02 1.931310970650839565e+01 -1.086075282988065851e+02 4.740273098025114678e+02 -1.395015455402454255e-13
-8.644651109598370908e+00 -2.552639081761817579e+02 9.383423353181404991e+01 -1.241412373240787019e+02 4.209438454235200879e+02 -9.864255781314576435e-14
-2.883235305353199962e+01 1.416486978753405310e+02 2.131041913184639824e+01 -1.063341511269191670e+02 4.741082426980186142e+02 -1.266946666188276234e-13
-2.964340237221970042e+01 2.881864272625508647e+02 -1.619323748976231769e+01 -9.671554216926126912e+01 5.420298307990532294e+02 -1.340016758015915977e-13
-3.319502643264657848e+01 1.294023442768522045e+02 2.687096350550626056e+01 -1.224820109467303979e+02 5.560382931742319670e+02 -1.300505362661381582e-13
-6.607987350079828559e+01 4.191467875308347288e+02 4.030314970612431935e+00 -1.737069002463057643e+02 8.336953086800465371e+02 -1.633322837834084460e-13
2.060911627508854149e+00 -7.260848652851019835e+01 1.166096951363850209e+01 -5.087825000533102582e+01 3.207204335263282360e+02 -9.492496709568290472e-14
-3.969202282563475137e+01 3.954322145467019141e+02 -1.541483839540008383e+01 -1.290715737457402668e+02 6.756859379400266334e+02 -1.683538880974050270e-13
-4.364706237913254405e+00 4.980627657064306213e+00 9.575485505175688417e+00 -3.583269648148522890e+01 1.758665137779598240e+02 -8.942670577626652996e-14
-5.726226524082815672e+01 2.613329828908978243e+02 -7.089344663889031395e+00 -1.214610678873675909e+02 6.697954354154763905e+02 -1.557814915911596487e-13
-1.191412438258057733e+02 8.827011351238628549e+02 -7.992326920755444064e+01 -1.702083889085736530e+02 1.007294702910613069e+03 -2.131257981023109007e-13
-4.815166265930539424e+01 1.754678321685873357e+02 1.735308498629804319e+01 -1.193035238690663959e+02 5.617892245502085871e+02 -1.394876767909957357e-13
-7.162596300728303333e+01 3.869836818946808421e+02 -9.403651509818775622e+00 -1.441231502240502778e+02 7.445639899253134217e+02 -1.597242930715416852e-13
-6.661199153595792666e+01 1.039739985178445920e+02 6.232388036909382834e+01 -1.883851494585761941e+02 7.905786987004419188e+02 -1.417617929860841835e-13
-1.416572324204518019e+01 1.709225733324938403e+02 1.470914452996414212e+00 -8.207792513831856240e+01 4.166593020789829325e+02 -1.244495587579980980e-13
-2.771725140699079759e+01 3.576220720075221493e+02 -3.278948257682595369e+01 -6.502938246619049778e+01 3.843023324261975517e+02 -1.246219258063843495e-13
-1.452324470511572052e+01 -3.326100431923150325e+01 2.986017228156476477e+01 -6.625959738543841127e+01 2.785434879927968268e+02 -1.005025768164522851e-13
-2.802647965690195164e+01 2.774194066221686512e+02 -1.414799818625738581e+01 -1.019305013680241956e+02 5.719008513632805943e+02 -1.769898092148517973e-13
-2.268329618412267834e+01 4.274149682216616242e+01 2.160978801990980358e+01 -9.379773551008007360e+01 4.606575965200665337e+02 -1.155174381634542675e-13
-7.708273731601649637e+00 7.995653218934766926e+01 6.029024373416002724e+00 -8.416710562479906343e+01 4.683995291026134282e+02 -1.196589105228123258e-13
-4.152524182869247227e+01 2.343498191465435241e+02 -3.023276799249206448e+00 -9.054459152516459142e+01 4.557317593090239143e+02 -1.398392024763452315e-13
9.635279531621661064e+00 2.063040583241023569e+02 -2.692206917237797370e+01 -5.997244580357143917e+01 4.239989320696468553e+02 -1.284500765632618167e-13
-1.737978308493106852e+02 8.557053531795564822e+02 8.735428188031388430e+00 -3.307295370169305215e+02 1.538090987961948485e+03 -2.461486584364682753e-13
-5.032048215271424851e+01 3.043991101733031996e+02 -3.516092293246102507e+00 -1.216093345970080293e+02 6.162135482584795909e+02 -1.458815003194142617e-13
-5.459540805902960869e+01 3.147383388691350774e+02 -3.486201434655294751e+00 -1.285804803538156591e+02 6.552838243432655645e+02 -1.506953539202283102e-13
-1.109239693178959243e+02 6.358112722318927581e+02 -1.478399964338071904e+01 -2.065755566643100565e+02 1.015891249193097906e+03 -2.042864617188775133e-13
-4.192628739075846767e+01 3.447922418799151956e+02 -2.026960060548364417e+00 -1.444899041849633932e+02 7.307838264877566417e+02 -1.659272583676248401e-13
-4.330884992792444876e+01 2.509849896825212454e+02 -6.922997705983313210e+00 -8.464250622372072996e+01 4.288108480151592516e+02 -1.507715511986452001e-13
-8.109546692583215588e+01 3.280759631509290557e+02 2.418935644956777509e+01 -2.034379364801148427e+02 9.713571421772267058e+02 -1.790343070143476848e-13
-3.030625613340110380e+00 1.593930950292737805e+02 1.260540976649928524e+01 -9.119004367938995870e+01 4.150360909160046390e+02 -1.262333858872997133e-13
-5.261070495112974754e+01 3.931435578473696069e+02 -1.263021524143952234e+01 -1.319743715004578348e+02 6.790373240779771322e+02 -1.598822402596943196e-13
-3.965207784627415322e+01 -2.144653443476898360e+02 1.185431785728455480e+02 -1.997061847876284162e+02 7.405888812375994803e+02 -1.263670914075714825e-13
-2.322360621873822240e+01 1.093081161469124112e+02 1.148095823829187623e+01 -9.471961247760857816e+01 4.828115231207775082e+02 -1.326609518769324910e-13
-1.215621148305844024e+01 -1.442153654438472188e+02 5.097986258416541006e+01 -9.072426203095896824e+01 3.892677328361293689e+02 -1.029430746524412860e-13
-1.464248825493765480e+02 6.853480362290486028e+02 2.414256864129647440e+01 -3.198174311373810497e+02 1.491284939142048870e+03 -2.289713675190904385e-13
-4.053079172646760497e+01 1.780728661764638616e+02 2.889080842549891415e+01 -1.405405406342968604e+02 6.287003752450793854e+02 -1.375161308678975293e-13
-1.337150871890082549e+01 2.476256350922382410e+02 -2.116305414138835417e+01 -7.817413061520004192e+01 4.790635110508404750e+02 -1.367537800535926592e-13
-2.846701383967109678e+01 -9.118851538028198433e+01 7.403609485512501465e+01 -1.499953797232406032e+02 6.009683081155276341e+02 -1.113977886548527657e-13
-3.890780447912961648e+01 4.654262985190173652e+01 4.567356019737800921e+01 -1.390493007375194452e+02 6.078550156352580416e+02 -1.397987878089157867e-13
-7.388542572958725430e+01 5.201206852616411425e+02 -1.809829120187912821e+01 -1.531517507209438236e+02 7.630619984988071565e+02 -1.643973723810287331e-13
-4.783883193585423754e+01 2.578211196927031779e+02 -6.846246814343618148e+00 -1.087940929810036295e+02 5.856608817520547063e+02 -1.432856873155261500e-13
-3.206810035164009065e+01 1.830527191861999086e+02 6.195427465274715217e+00 -9.870858804207982473e+01 4.892637479671693654e+02 -1.214022258934856361e-13
-1.550860724814707936e+01 -3.318084766323403301e+01 3.674462903411458825e+01 -1.036775194977983432e+02 4.859194213416891444e+02 -1.137760883440219059e-13
-4.318970561060368141e+01 9.017527851075251988e+01 4.277154848651287011e+01 -1.332223169058014491e+02 5.551867715046664671e+02 -1.299424738901104097e-13
-5.930008670600506093e+01 5.514653309666227869e+02 -3.576125733751358382e+01 -1.342474879427072096e+02 7.261209461355248322e+02 -1.624240584735415314e-13
-9.543357792103774884e+00 9.867182558412913806e+01 3.085487334920429259e+00 -5.077152355570205344e+01 2.489824593567948057e+02 -1.103049696117043188e-13
-1.792489019848427034e+01 -1.681434619473739076e+02 7.240699114070953613e+01 -1.203786655582456007e+02 4.689008814074550173e+02 -1.101824031177459152e-13
-2.057037576873780083e+01 -8.243724980771990829e+01 6.276577325215573211e+01 -1.243925766755742757e+02 4.946393146510476981e+02 -1.194519862018111873e-13
-2.666100246238680427e+01 -2.397546866159060244e+02 8.592986320373614717e+01 -1.605220566094396020e+02 7.047843156688594490e+02 -1.321172193147129896e-13
-5.427568412412373533e+01 4.616697186487663203e+02 -5.511402380599843553e+01 -8.920008326762808792e+01 6.133541192414237457e+02 -1.563523329366822251e-13
-2.452945942564890558e+01 2.306110162480694825e+01 5.058868411530408338e+01 -1.311040922510051416e+02 5.402088675009213148e+02 -1.239276626454562036e-13
6.396615828095382206e+00 8.576434992307834193e+01 -1.032167470089779826e+01 -4.283240629925273879e+01 2.910321362917717352e+02 -1.228394576982468135e-13
-1.409813452376029952e+00 -1.447410997224613141e+02 3.919377391130431221e+01 -5.566779423265506921e+01 2.295113877492890140e+02 -8.434742329761986944e-14
-5.453311008245905356e+01 2.761966673913700561e+02 6.150339474104442594e+00 -1.356059484452329400e+02 6.691014106490648601e+02 -1.475659344432968983e-13
-1.690251649022042670e+02 1.125406752836526266e+03 -8.167261588357263236e+01 -2.376171320024149338e+02 1.293174089611053887e+03 -2.390115337685918791e-13
-1.258834222079382847e+01 -5.604202475981675491e+01 6.387998880500734344e+01 -1.514181682464310654e+02 6.497753377868368716e+02 -1.204761059464868967e-13
-1.662252818527302267e+01 1.018070164624112266e+02 2.439176323018661829e+00 -6.079407643088428159e+01 3.182000251532817288e+02 -1.193739660482613294e-13
-7.625160152742715525e+01 3.963308325093161670e+02 -2.231942968786175374e+00 -1.591018671781421858e+02 7.924247263373773649e+02 -1.550192284406940448e-13
-6.908539347732418889e+01 4.379286268842557774e+02 -1.316093961962329750e+01 -1.376568394363700918e+02 6.877008072367788145e+02 -1.762549581072978661e-13
-4.265141005308657896e+01 5.857793099517688233e+02 -5.618748032923735281e+01 -1.049248545358203444e+02 6.346639980754209773e+02 -1.735321730453383227e-13
-3.904283336368933277e+01 1.558375479993692068e+02 1.980988400561253826e+01 -1.154681820706136079e+02 5.346968858622412881e+02 -1.237653277105596584e-13
-2.438415103071811174e+01 2.006349651699790115e+02 -9.062672838288806432e+00 -7.625357125984345430e+01 4.231604361889065444e+02 -1.230438457177609672e-13
5.757027178171203019e+00 5.058444573735036442e+01 1.058960834516356808e+00 -5.872254053619582237e+01 3.507954497248107941e+02 -1.155827450600139907e-13
-8.450759872356229607e+01 3.384966025178545124e+02 1.688875671293716962e+01 -1.857817052824175619e+02 8.917817354142124486e+02 -1.659623404258452308e-13
-2.163926655096659246e+01 7.426367462323761970e+01 3.675377528154740503e+01 -1.428780844700841044e+02 6.703752328278246750e+02 -1.476917954277494744e-13
-3.182634843099701882e+01 1.130894761046624097e+02 2.634967190364490719e+01 -1.098872912190194455e+02 4.867043020920499430e+02 -1.427120595629009445e-13
-5.607703085288837741e+01 3.750119568696926535e+02 -2.542370969111190249e+01 -9.586469965116903325e+01 5.316068347317623193e+02 -1.463434312112353217e-13
-1.032853824013466948e+02 6.463983100773335764e+02 -5.116656661995106958e+01 -1.493471297925055126e+02 8.565453055302812118e+02 -1.841292092100453396e-13
-9.790744910984528815e+01 6.972759001090272477e+02 -5.025498230786861598e+01 -1.470038408865862607e+02 7.975265154661956331e+02 -1.913769822002046320e-13
-1.017366448814471482e+02 5.091656130301319649e+02 1.228742295559323239e+01 -2.129264409090836239e+02 9.782325249865142496e+02 -1.833399250541224835e-13
-5.249960098104792650e+01 3.350643626028382300e+02 -8.658302426564466359e+00 -1.225542661345135542e+02 6.329686672389575506e+02 -1.565008572889665204e-13
-9.543003442894791988e+01 6.942016130687751456e+02 -5.590036983097470369e+01 -1.562903889998401610e+02 8.984036843280250650e+02 -1.958306685034367070e-13
-1.993625226787957949e+00 -1.809963296611212513e+01 1.532669854532366749e+01 -4.953314182916728470e+01 2.480893864210980553e+02 -1.055561723088420121e-13
-2.109801149197395986e+01 3.428214561780636132e+02 -3.404860375688804908e+01 -8.676619216021352088e+01 5.493945102567926142e+02 -1.499788153713470705e-13
-7.984155125746885062e+01 2.825083135927202420e+02 4.149002771106368215e+01 -1.906098221838739448e+02 8.077462512183435592e+02 -1.564927901144860959e-13
-8.747621732497805169e+01 4.300094791875817464e+02 1.831801326433959076e+01 -2.139481533599868897e+02 1.004672055081834742e+03 -1.831405191323907052e-13
-3.920690817284615548e+01 -2.509017585010585094e+01 5.618391300671616051e+01 -1.339605899703514638e+02 5.589687116861475715e+02 -1.236151380034937695e-13
-1.020307887558569071e+01 1.755594700299857038e+02 -7.745693244509432418e+00 -6.654779771988611969e+01 3.679119790820963090e+02 -1.265690734486455370e-13
-3.692912408177344474e+01 2.459201513558854515e+02 -2.463247011429680333e-01 -1.022244504537984398e+02 5.079463505959641907e+02 -1.281150214110827332e-13
-1.918222851391493222e+01 -6.873470505893840254e+01 5.648727429163081837e+01 -1.189947422573180233e+02 4.885117492615215156e+02 -9.756734998612395411e-14
-3.141240347159110513e+01 1.395843762494789360e+02 2.915220447025831518e+01 -1.206397193256038634e+02 5.215422851198952685e+02 -1.283476129123130720e-13
5.181932466750233779e+00 2.697287263975293214e+01 1.855230160038273723e+01 -7.526363246847552091e+01 3.672482087113493208e+02 -1.195062606399907148e-13
-3.868036960841369165e+01 1.484149218662811904e+02 2.098841694578488060e+01 -1.129813232826642775e+02 5.158839123329422591e+02 -1.241398025615207969e-13
-3.756200935499511218e+01 -8.880181506329863339e+01 9.814042977914375854e+01 -1.969998192015032146e+02 7.607306229278535739e+02 -1.394797350173120571e-13
-3.012957647540861217e+01 2.225327528758716653e+02 3.052925777719710590e-02 -1.024547003358953958e+02 5.249221811113694685e+02 -1.316784417946769654e-13
-6.812591112647915281e+01 4.779745630975641575e+02 -3.302593819314910917e+01 -1.208489980098352561e+02 6.725672124120162607e+02 -1.598577790950437185e-13
-3.215568787885255375e+01 4.680344273663653354e+01 4.148731907355283965e+01 -1.289871923940009424e+02 5.668467656918302282e+02 -1.192605508380964059e-13
-5.576245630919331830e+01 2.057006857897928569e+02 2.226104706891085883e+01 -1.373704725259462975e+02 6.295587742376211509e+02 -1.314043370302279089e-13
-1.281844114545055824e+01 -1.603260732964316446e+02 8.584321280418555489e+01 -1.350093947482989734e+02 4.753963486345357978e+02 -1.136488851830501172e-13
-3.239136792662031894e+01 8.951128807460274572e+01 1.996497934862870949e+01 -1.103002368600715357e+02 5.477443740117139441e+02 -1.275085577850396680e-13
-2.016001223841947265e+01 3.283463666872152409e+00 2.026292510037533390e+01 -6.366284055916069207e+01 2.957171286670940731e+02 -1.064434226835816883e-13
-2.539041669372578625e+01 1.981127364958931594e+02 -1.369494747027045101e+01 -5.575648641278927897e+01 3.169040247799651411e+02 -1.155276683530833917e-13
-1.215409276193732957e+01 1.176081564546515636e+02 2.596558332098063637e+00 -9.485386047565063450e+01 5.345515991672011751e+02 -1.281645758423060641e-13
-4.353657491457994411e+01 1.368424096479987782e+02 6.922251753906015104e+00 -9.640553622623599495e+01 5.031114080637690904e+02 -1.251396205505440595e-13
-6.617641840714075840e+01 4.622586368308198530e+02 -2.024910993191111785e+01 -1.402147283515741094e+02 7.324317671602618702e+02 -1.621704209224555772e-13
2.526974269318894351e+00 2.540789678632569704e+01 4.479926154404160599e+01 -1.269731198162793220e+02 5.478163193485663669e+02 -1.380002545608045849e-13
-3.897308968335091350e+01 1.910892454636526168e+02 -1.878418601053287285e+00 -9.271857801019038448e+01 4.948294411078902613e+02 -1.314503277086518086e-13
-7.874257580405225099e+01 5.658183087780026881e+02 -3.361568555903795641e+01 -1.484896461927430096e+02 7.975617239359742143e+02 -1.740762766868164489e-13
-1.294228496996159095e+01 -1.125661747776870953e+02 5.171043772429059970e+01 -9.840138768414064430e+01 4.129191398253990997e+02 -1.110537585316504683e-13
-2.421260500781722058e+01 1.359202897362672218e+02 1.608261473245813278e+01 -9.336692037160074165e+01 4.246499230778056244e+02 -1.263459511262291448e-13
-5.239645814221673703e+01 3.077007341562791112e+02 7.242278949542932054e+00 -1.317190158128756536e+02 6.127987657026494617e+02 -1.410689912950829862e-13
-1.026179425368741427e+01 1.535431764150034724e+02 -1.154727612230839284e+01 -4.671005585075893407e+01 2.751027866554030652e+02 -1.120275396292242844e-13
-1.010682113032126921e+02 5.719486707165669941e+02 -1.898639547006981587e+01 -1.792308865169505907e+02 9.059617040566517971e+02 -1.737537159753890839e-13
-4.347460105374099015e+01 3.571055752636718950e+01 7.559458039486648318e+01 -1.829639761691234412e+02 7.192871577030779235e+02 -1.388401927935153440e-13
-1.304287115056675539e+01 1.983831331819785362e+02 -1.623482617358630975e+01 -5.132655662327869095e+01 3.032016613084630308e+02 -1.148767049269305709e-13
-1.007518614485158963e+02 6.682462427186003424e+02 -2.878694770096811339e+01 -1.886766485116892795e+02 9.614491373628571864e+02 -1.985964889828348176e-13
-8.672623931424492838e+00 -2.462206313359314436e+02 7.804073193589911739e+01 -1.271392731269711334e+02 5.356726775746597013e+02 -1.070791606828375542e-13
-7.599412431452967098e+01 4.931498188704856034e+02 -1.693589943498884054e+01 -1.456308702787172820e+02 7.248874039530627442e+02 -1.667354443227572940e-13
-8.365376363319138875e+01 6.006539818593623750e+02 -3.130420916132099052e+01 -1.666757813130380157e+02 8.793885932312647356e+02 -1.869979322701041358e-13
-4.753776383264777650e+01 1.524684570925242895e+02 3.538163949118568752e+01 -1.517133783270670335e+02 6.810464331268725573e+02 -1.313093774631314302e-13
-7.333422187024871164e+01 3.898458143878248734e+02 2.717633267336051972e+01 -2.185264515241782988e+02 1.008218281450089535e+03 -1.913323485543056585e-13
-6.122205318779072059e+01 6.506535826749253602e+02 -3.113378273435345989e+01 -1.701976323508892222e+02 8.651969859134065928e+02 -2.102104289953168291e-13
-2.503230113255244760e+01 1.660273205967454828e+02 9.563072806436505591e-01 -9.493843951396485181e+01 5.100189371349260341e+02 -1.325223605453907922e-13
-4.394368729937416873e+01 1.417670721022619773e+02 2.643935821502604000e+01 -1.108571346832610658e+02 4.715562598078843166e+02 -1.164331097511385653e-13
-5.393718548760016773e+01 -1.725992616855634409e+01 7.155128549016102113e+01 -2.112413261741223494e+02 9.742710130329011236e+02 -1.540908215775098217e-13
-7.549953705937925008e+01 4.620990575883084830e+02 -2.749465187990437798e+01 -1.178708714171669527e+02 6.287708988325986184e+02 -1.508334007655784451e-13
-8.308902668796208957e+01 4.965923659638536378e+02 -2.459789741085622694e+01 -1.700919977625455886e+02 9.359143075466984101e+02 -1.957637792108344727e-13
-1.046183434262679945e+01 -1.592773066744237020e+01 3.779958592367306380e+01 -1.006407952917251833e+02 4.460518295286577768e+02 -1.237989725989786480e-13
-2.027406860658470222e+01 1.769369275566259319e+02 6.440696331386041251e+00 -9.963413394054363437e+01 4.984125547946506458e+02 -1.323063696846039220e-13
-3.814944950519059574e+01 1.552382043596402355e+02 1.846199112138469189e+01 -1.226467316540200443e+02 5.920378449681720667e+02 -1.328768338528075542e-13
-9.150020245358656723e+01 1.805135422877292797e+02 7.914837838059307273e+01 -2.541636371987343068e+02 1.068674478358623901e+03 -1.746083912177321159e-13
-6.855565946587439008e+00 -1.182079699424003678e+02 3.663835779265647830e+01 -7.885528639936865147e+01 3.822622449707652663e+02 -1.213613841725052534e-13
-5.479718681054951190e+00 3.214085172155730419e+01 1.523255496809916210e+01 -8.196050998137638999e+01 4.297469684944971391e+02 -1.282817640624241867e-13
-8.804732839607529726e+00 -1.257284492130672646e+02 5.907470227458967571e+01 -9.824533744694754489e+01 3.743518005631204346e+02 -1.022614045378601934e-13
-4.273447869412370892e+01 -9.768762675474906843e+00 6.772488809425266254e+01 -1.576340807432466420e+02 6.328859719160012673e+02 -1.479349321734043016e-13
-3.941514481692835403e+01 3.738349249757549728e+02 -3.455361857977162998e+01 -7.208010021681332091e+01 4.310857018892993437e+02 -1.338164489115906607e-13
-8.550254607416916031e+01 4.637471941925086298e+02 -8.363345247736097221e+00 -1.665677884034159888e+02 8.323283976561397139e+02 -1.750217366929753907e-13
-5.875546742729105176e+01 4.667318047838403459e+02 -1.229525736140297987e+01 -1.605744991739397847e+02 8.150411425506415526e+02 -1.817910982319952000e-13
-4.702311388262426561e+01 1.796724350988943684e+02 1.374309489067196033e+01 -1.150069239728771606e+02 5.529481109079852104e+02 -1.459512170972081621e-13
-6.477805216698742186e+01 3.872456461407959978e+02 -2.434071412296122716e+01 -1.073717476812207821e+02 5.930287265248555286e+02 -1.580609879823322762e-13
-3.779876502793931792e+01 -2.258024650758078522e+01 6.202120416082330223e+01 -1.605717396404984072e+02 6.986155132284085312e+02 -1.507854656546315486e-13
-7.280085827922883368e+01 -3.685084216004953106e+01 1.047009604717309514e+02 -2.371429918012887015e+02 9.503515245916935328e+02 -1.513161368315742466e-13
-2.179997138362503861e+01 6.689083425900101076e+01 2.298145787594462064e+01 -1.038563752520799142e+02 5.017273017991412303e+02 -1.232934992034399625e-13
-6.161313223396632566e+01 1.412316797947931661e+02 5.369600530711963415e+01 -1.843075065713930201e+02 7.910588371444524682e+02 -1.464581679482224928e-13
-3.269918902147971806e+01 2.216361714074592726e+02 2.417055405582114247e+01 -1.515771661541515698e+02 7.011101344725998388e+02 -1.632351405330961052e-13
-1.695059853880551159e+01 9.267633391409958676e+01 1.334786104155596220e+01 -8.321354970119735128e+01 4.057245201188208057e+02 -1.162239075230035146e-13
-5.009097662616738234e+01 3.924111695090485910e+02 -7.003409776323992197e+00 -1.466281699413568447e+02 7.420292230912805280e+02 -1.704602041613500263e-13
-3.325725621335586624e+01 9.569659064805431115e+01 3.016391888595182635e+01 -1.408659087859550709e+02 6.833189178696005683e+02 -1.334843271883724237e-13
-2.150112016782014379e+01 3.268546819329692710e+01 2.104470837864675303e+01 -7.868450487319019260e+01 3.700702657132538889e+02 -1.120824188788139387e-13
-2.117460487226739829e+01 7.327604667356555979e+01 2.141413369783693099e+01 -9.033049994723533871e+01 4.161422110641849486e+02 -1.063796240409637940e-13
-2.559686557817700603e+01 -5.620415582238379670e+01 6.484052407905460313e+01 -1.429269117241398703e+02 5.866518735488033371e+02 -1.248826767232603096e-13
3.832692726888520252e+00 3.907041921182398880e+01 6.328794773256667838e+00 -4.579893670448517895e+01 2.386037682652717251e+02 -1.160590897838064080e-13
-5.924969758740004266e+01 3.392809966150628043e+02 -9.009323829035778886e+00 -1.284594425393085544e+02 6.718172385377072260e+02 -1.690672870042886473e-13
-1.258838094510009675e+01 8.883762994076535335e+01 2.188196819646588054e+01 -9.410713085553480539e+01 4.270877528539634795e+02 -1.231438868548752727e-13
-5.994609416994369866e+01 4.565843944695457708e+02 -3.165600721805014572e+01 -1.057188808852111919e+02 5.778010298510599796e+02 -1.527699918022143611e-13
1.396760052471403668e+01 6.330528769629738406e+01 -1.343466994907769063e+01 -4.114479616164065590e+01 3.161579024046870927e+02 -1.160272912449813480e-13
-7.474374864831858645e+01 5.083955541167249521e+02 1.734509960595125078e+00 -2.113065779756242364e+02 1.035545128088361025e+03 -1.871275062188556005e-13
-1.041346924522521249e+02 4.257260497727033908e+02 2.544872395461776549e+01 -2.340975561339935780e+02 1.097583676076038955e+03 -1.883256829415733437e-13
-7.045214001596714404e+00 1.658570108178437010e+02 -9.523110757733748599e+00 -6.010247434495528296e+01 3.431087894471634172e+02 -1.357950079280978423e-13
-1.342805648644668537e+01 -1.168710717303435160e+02 5.544105101681142855e+01 -1.165934202869861025e+02 5.144793706403769420e+02 -1.262551920238294472e-13
-1.757874699210297820e+02 1.165126581267680194e+03 -6.048778693204054235e+01 -3.040963783970596523e+02 1.575116772901493505e+03 -2.675199392250617610e-13
-2.231043378526549859e+01 7.095421504581196359e+01 2.980073205756242416e+01 -9.140921944670991195e+01 3.713502181902244388e+02 -1.220865319779173030e-13
-3.975968950259019863e+01 4.013685659878391476e+01 4.577455634141337271e+01 -1.324500820315080603e+02 5.675530977132052612e+02 -1.246130509150128955e-13
-6.275639529339392730e+00 1.952138134425269200e+01 8.274054049577400649e-02 -3.607391547603994297e+01 2.276345227970118685e+02 -1.003551273947000422e-13
-2.002368719946524678e+01 1.895435887216690674e+02 2.206806864233410437e+00 -1.062641321178895453e+02 5.608492485934484648e+02 -1.453907041182924306e-13
-3.620267233774580262e+01 3.440903891159622958e+02 -4.569184612105324561e+01 -7.099977482929683958e+01 5.170888394213167203e+02 -1.422028286225351856e-13
-7.795517921730687760e+01 4.533653874137861521e+02 -2.362838576515510169e+01 -1.567077194684926553e+02 8.715135130880580618e+02 -1.782925677569880107e-13
-8.108471726910359223e+01 4.734445841164274498e+02 -2.795321205057619807e+01 -1.442294988150528070e+02 8.005729054310356787e+02 -1.708122732986067936e-13
-5.100608721443589388e+01 1.848896677787604403e+02 5.802197600821980927e+01 -2.041184710146599741e+02 8.644087916207350872e+02 -1.518139324016131362e-13
-1.985953542568300811e+00 -1.832816812202637209e+02 5.687205281753043806e+01 -1.031087686355782154e+02 4.634983776235450819e+02 -1.011722604355762728e-13
-1.186406390933922808e+02 8.401584815180505075e+02 -4.854775997949248989e+01 -2.014015033970320872e+02 1.047202383876388694e+03 -2.229847618315070992e-13
-6.816025990849045968e+01 4.076844258089770392e+02 -2.262955129360689455e+01 -1.290661920711624191e+02 7.128788450852393908e+02 -1.629767609261668092e-13
-1.499639553327878438e+01 -1.580488269749762082e+02 5.427005365086522914e+01 -1.225600878880303242e+02 5.923860539557782658e+02 -1.186016489227584956e-13
-1.115532832821855322e+02 4.908111221236445090e+02 1.031951174307700114e+01 -2.253919866078610141e+02 1.088151189604883029e+03 -1.823646857946536190e-13
-8.696175243420719880e+01 4.801268911215587991e+02 -1.046934815479222358e+01 -1.608255867165294148e+02 7.951738645546860198e+02 -1.655935298777273799e-13
-5.813358874928186992e+01 2.283307785169515398e+02 7.440051380536388592e+00 -1.312223383882419512e+02 6.665715998698326530e+02 -1.472425457353321885e-13
-3.158315844172297204e+01 9.344707921141409201e+01 2.935258422623777008e+01 -1.315182351200445794e+02 6.273295336774199313e+02 -1.475631426200597485e-13
-8.268058491695759926e+01 4.206200387148726350e+02 3.800747170737692215e+01 -2.370035231551414370e+02 1.040383631644600882e+03 -1.922082116388849632e-13
-6.617402089730997261e+01 5.719581329628626918e+02 -3.429129309612377341e+01 -1.371782212755935291e+02 7.213295362650245579e+02 -1.765000604133386225e-13
-2.353073751448645012e+01 -3.484084358835325190e+00 4.032998509472876947e+01 -1.116677292490829103e+02 4.948147009679851749e+02 -1.213127726356346287e-13
-3.274765165637263920e+01 2.225581912854140114e+02 -4.182622541239615355e-02 -1.054495708309759863e+02 5.455016139672559348e+02 -1.544000342711419034e-13
-4.112054383258902845e+01 -2.670438617416611038e+01 7.020038565068081482e+01 -1.535624460072061765e+02 6.021031778791383431e+02 -1.265437236751218811e-13
-7.124338986377134120e+01 6.249826212948935336e+02 -6.838401758982574563e+01 -1.233362707663321061e+02 8.077786439463418446e+02 -1.709387944106221993e-13
-1.311958862524333540e+02 6.902411489305156920e+02 -1.337801019186022700e+01 -2.453516607908972276e+02 1.227534924726824102e+03 -2.101862084654000270e-13
-8.434321800103093381e+01 5.727250872017326628e+02 -2.050275503634214047e+01 -1.667106576107232740e+02 8.309363669876508993e+02 -1.798514847840702819e-13
-3.927599084502219284e+01 2.761442347853817409e+02 -2.394955856055033649e+01 -6.869027839276162695e+01 4.121869105558810702e+02 -1.301403026257526898e-13
-3.482531240422114394e+01 2.230265392680183822e+02 3.062695025982511865e+00 -1.131006697848134621e+02 5.766974516163414819e+02 -1.367486256099844476e-13
-3.915337489245792568e+01 8.520913851772166936e+01 5.310514923468587511e+01 -1.452135067204656877e+02 5.732250149006995343e+02 -1.453542439233106030e-13
-5.274777351962708849e+01 3.046984116322669252e+02 -7.841509577250806995e-01 -1.231108732141540116e+02 6.085784362342149052e+02 -1.463407913569772055e-13
-6.591746569530724287e+01 2.993035826249304137e+02 1.114579508666746932e+01 -1.562010126944314550e+02 7.585480061925309201e+02 -1.539877625787063857e-13
-1.266646076279942434e+02 8.925047897486253987e+02 -5.828088503850320734e+01 -2.082602089735109985e+02 1.117192767548130405e+03 -2.054146887997309231e-13
-1.631283479901116777e+02 8.838496516621260071e+02 -2.876308207793206151e+01 -2.837255001099392757e+02 1.441721584536623141e+03 -2.357023935547780183e-13
-5.669843737718237975e+01 3.082670256262733801e+02 -2.409188400804609387e+01 -8.988572092613765108e+01 5.319677416204505107e+02 -1.468156896781472805e-13
-5.685311020921650282e+01 4.298939876993391636e+02 -3.106263041322276663e+01 -1.087562924583734372e+02 6.140501042452027605e+02 -1.410905587574735264e-13
-1.798671324084637320e+02 8.025416841839828521e+02 2.063197556610403893e+01 -3.553974840351462490e+02 1.666788304853542513e+03 -2.497068490725983100e-13
-2.494750097674574718e+01 -1.068399374399344595e+02 8.784163074855759135e+01 -1.724950840859612811e+02 6.752617378642155472e+02 -1.286070332813944771e-13
-5.136013271725920504e+01 3.941290941584601910e+02 -1.465690564416621822e+00 -1.693531336400506575e+02 8.580519338877180644e+02 -1.760133931208153861e-13
-9.216793701245740067e+01 5.854093741055728515e+02 -3.982701760089531717e+01 -1.504349551116802388e+02 8.360401088998305568e+02 -1.754597433748620257e-13
-2.459200479412137597e+00 2.442227464031106194e+02 -1.371715558924135792e+01 -8.351234186328697717e+01 4.697322725975271283e+02 -1.405338206850568589e-13
-5.686683528432515544e+01 3.232420183405331926e+01 7.956059545557197055e+01 -1.947806465286409434e+02 7.758017012023102552e+02 -1.282618734471052429e-13
-2.737104768947296307e+01 -3.004414068032316365e+01 8.318552269402080412e+01 -1.820322362394329900e+02 7.127357314362261604e+02 -1.457917894371243647e-13
-9.696493976443500529e+00 -4.741940370523376913e+01 5.061522505166360020e+01 -1.121945802341539320e+02 4.647518781864043831e+02 -1.197793919384444429e-13
-5.059007696509212337e+01 2.238826105750445095e+02 3.612891116229999255e+01 -1.734523690815739485e+02 7.698795909020286672e+02 -1.502625480638186489e-13
-3.369800264977821769e+01 -1.967218224698910376e+02 1.079743337352739303e+02 -1.769504268011386614e+02 6.422903679102008709e+02 -1.176942725419431400e-13
-2.099171484192512427e+00 1.866213607013025921e+02 -1.722748095277562452e+00 -9.751796242257879044e+01 5.293840769791801222e+02 -1.450874018181467268e-13
-1.075184962099057095e+01 7.212168295702539922e+01 1.854756500595716062e+01 -6.690085548625495449e+01 2.778473132252087225e+02 -1.088567517204936003e-13
-3.767279460979330707e+01 1.014707264868919054e+02 3.499318251228296361e+01 -1.141895384832492084e+02 4.687755699488606069e+02 -1.285333203757560240e-13
-9.607344674595177381e+00 5.476318457119840843e+01 2.136624588430049343e+01 -7.029287164954621403e+01 2.953538395524662405e+02 -1.246629851254105142e-13
-1.271594379363973104e+01 6.301412702734100435e+01 1.213970744825982706e+01 -7.022887097475990004e+01 3.479900690867643220e+02 -1.118264871624847318e-13
-1.464475314061814970e+01 3.815515291256471642e+01 8.479570019256113866e+00 -6.505136300998630361e+01 3.549253943544407548e+02 -9.827511277480679442e-14
-4.721332158191301254e+00 -1.113979864303824314e+02 5.683108348925348707e+01 -1.053370687959857150e+02 4.258686055899116809e+02 -1.060619389019439609e-13
3.494809795043548828e+00 -1.372477041359794896e+02 2.861984039377026789e+01 -6.877732178494240145e+01 3.799057585452391095e+02 -1.041398694408376030e-13
-1.919595733798670167e+01 -3.763903084859950923e+02 1.493492632867921941e+02 -2.035495831119957302e+02 6.880852085849103332e+02 -1.057380215221290809e-13
-6.163965930042575536e+01 2.998067596912597992e+02 2.284843647036658965e+01 -1.796372889931902534e+02 8.407336834965180969e+02 -1.687796221858650135e-13
-6.147222428046307385e+01 3.932507656340558810e+02 5.243953384090573877e+00 -1.522248974188433408e+02 7.005415894101844287e+02 -1.610146855154639509e-13
-6.800257329862542122e+01 3.283746265735413203e+02 1.371094675201095292e+01 -1.646941781663438462e+02 7.778236431445678818e+02 -1.610372582668142301e-13
-7.412489772913237118e+01 5.449258667827333511e+02 -4.320412003673338575e+01 -1.284365578064313240e+02 7.395676265749732465e+02 -1.702960272124546871e-13
-3.809686223391788928e+01 1.852295674917314443e+02 -1.508172512490903172e-01 -9.767832066312695360e+01 5.214109452170798704e+02 -1.339188539804643615e-13
-7.250532786834919641e+00 -5.683394045031258202e+01 5.398291284856937011e+01 -1.128178836719591658e+02 4.542826435505203335e+02 -1.238048470063085695e-13
-3.673467043578152680e+00 -2.405437686439925926e+01 3.188968452897825046e+01 -6.545878469902862662e+01 2.533801460115855377e+02 -1.131760666931396948e-13
-5.601621927401232170e+01 2.369453900642136830e+02 2.538265189849153813e+01 -1.609895111023985237e+02 7.453598012706430609e+02 -1.576997268781308649e-13
-4.909743399267460262e+01 4.966901144174906335e+02 -3.848641697880325552e+01 -1.264368793230189567e+02 7.313660216178174096e+02 -1.696143035416864087e-13
-2.369130162020109864e+01 -1.998057675696692002e+02 1.183065958186853379e+02 -2.112534355636713030e+02 8.089542581758778397e+02 -1.375044099656102548e-13
-1.387836209247858932e+01 -5.858085459019693531e+01 5.615843091771866114e+01 -1.433375789608218156e+02 6.468068054410089189e+02 -1.145261414891610348e-13
-4.286690664970131337e+01 1.575598726347111551e+02 1.271260798633032607e+01 -1.322490990617013722e+02 6.917358648427948538e+02 -1.538408853759783925e-13
-5.659875029525273504e+01 1.866990717564810893e+02 2.042333849720975891e+01 -1.576420947818564002e+02 7.915988672750060005e+02 -1.506532013259508559e-13
-2.824044343097250120e+01 -2.722069968730528089e+01 3.492886325137108372e+01 -9.866652567969147469e+01 4.594845278972144911e+02 -1.095927354148005922e-13
-1.956424781184365713e+01 1.219346989933657888e+01 3.107263309393029971e+01 -8.265279411937018494e+01 3.475498670035266855e+02 -1.097416293828839000e-13
-6.657315404003695392e+01 1.402027898401715618e+02 6.365181175312940809e+01 -1.986205059404835254e+02 8.242319078716653848e+02 -1.602523367113584967e-13
-2.476635580718535934e+01 -7.623835747404918095e+01 8.747841754874497155e+01 -1.780715030597338853e+02 6.925711172527802546e+02 -1.417828529736008647e-13
-8.026069929557651506e+01 4.744199299141841948e+02 -2.516724202643144892e+01 -1.419340635803315820e+02 7.665673455975461366e+02 -1.679080980168054536e-13
-6.536447431133821340e+01 5.331669130979333886e+02 -2.839614794344936755e+01 -1.630324935798217609e+02 8.858956100235363920e+02 -1.679978305107668278e-13
-1.592512999911937044e+01 3.516612602592053349e+01 2.879613340070032734e+01 -1.016800388806006623e+02 4.731627526894966422e+02 -1.111714931701808216e-13
-1.416814380372793210e+02 9.189381376304609148e+02 -5.436850411917728110e+01 -2.180379238887244355e+02 1.138409747598216427e+03 -2.191438142092045446e-13
6.445525315500550079e+00 1.274356225261201203e+01 -1.075075926594296583e+01 -3.594818748265836916e+01 3.012094247646087410e+02 -9.910125301655902055e-14
-7.075649728300593466e+00 3.919071275748581940e+01 1.175768798188152964e+01 -6.994303537207994736e+01 3.660398806462364973e+02 -1.133365175001052896e-13
-1.567075248105731156e+01 -6.292213603448317372e+01 7.474823234933370486e+01 -1.668669720371529479e+02 6.890401123919269821e+02 -1.410907204261898960e-13
1.645609568870365580e+00 -2.271143845995186723e+02 7.492757751000718258e+01 -1.065886243535279050e+02 4.034111579487671406e+02 -1.064939348663162996e-13
-1.209707449318462551e+02 6.098295204077355720e+02 7.676642780520960052e+00 -2.594463523722071159e+02 1.246493769935405908e+03 -2.102067307647394224e-13
-4.152442272915713772e+01 1.077842961631078822e+02 3.404053030670468871e+01 -1.371511028430556962e+02 6.246072146130204601e+02 -1.428666955915065836e-13
-4.921751897276223642e-01 2.178164165713881459e+02 -3.292258368035783889e+01 -5.924366441717058507e+01 4.490905148242447353e+02 -1.281229829940432169e-13
-7.184621641929122404e+01 4.041688480610976626e+02 9.351282273307546689e+00 -1.775512924301153532e+02 8.364543217708530847e+02 -1.826232005987151730e-13
-3.784893346760122768e+01 2.418529194814848893e+02 1.223314095738984797e+01 -1.294008971283284382e+02 6.136598769360834922e+02 -1.352710994799639506e-13
-1.262574341517598100e+02 8.418630961888709408e+02 -6.250263708451302591e+01 -1.843212913369152375e+02 1.020559553886111757e+03 -1.853925666101513063e-13
-4.597254787432314771e+01 2.767239414713271231e+02 -4.506311121427877708e+00 -9.393192804278940855e+01 4.568421159669654230e+02 -1.248701529416281992e-13
-7.426470533518660488e+01 6.921565963299092346e+02 -5.215532708607415202e+01 -1.706285482826771158e+02 9.722997664406387912e+02 -2.038907683023950890e-13
-2.883394148528275025e+01 1.669956593500486690e+02 1.413508347464203929e+01 -9.998223612284994033e+01 4.587495978527118154e+02 -1.256952265224654283e-13
-8.548808104043719425e+01 4.922959577136525695e+02 -1.696389517635456912e+01 -1.625099631369016606e+02 8.391723679230079824e+02 -1.761261173020748222e-13
-5.411096616469404097e+01 2.679981205153939072e+02 -7.333163551294767046e+00 -1.266237577184607375e+02 7.011642429846558571e+02 -1.362206659012463458e-13
1.213492344591364791e+00 -2.081222977992627321e+01 3.970840423619095105e+01 -1.042367913433864999e+02 4.615861694451885455e+02 -1.251731307945251186e-13
-1.455016751072477454e+01 5.587671601311138403e+01 5.648797314078764842e+00 -6.400364239294312085e+01 3.529899280294717983e+02 -1.196441427659939173e-13
-5.672211481490199958e+01 -1.021274290630310588e+01 1.168849275929992757e+02 -2.540586732283148024e+02 9.663913421055285653e+02 -1.708197803360980003e-13
-1.797098016773911766e+01 2.998090668278542026e+01 2.590050119613220403e+01 -7.327132621842230265e+01 3.045448930393251317e+02 -1.186051819279068304e-13
-1.294201757164136701e+01 1.130545196345724293e+02 1.167807123961275551e+01 -7.785606778779950332e+01 3.654195981955663797e+02 -1.192208929704662396e-13
-4.995503597255180495e+01 4.557236655334638726e+02 -2.957425786244025190e+01 -1.414579002938970405e+02 8.053636717368630116e+02 -1.812106396068575017e-13
-8.594876216599163854e+01 6.511182828984019579e+02 -4.981676451421780882e+01 -1.419906701375267062e+02 7.949651512038770989e+02 -1.854892339959463397e-13
-6.493319695363658184e+01 -2.672233443721315211e+02 1.734050638629845764e+02 -3.062407134812331151e+02 1.143997195835664570e+03 -1.491950877289845123e-13
-2.907470049345712937e+01 -3.012754601329112916e+02 1.376710617630334355e+02 -2.155766131967545221e+02 7.885414497513966126e+02 -1.126826045703006338e-13
-1.988550407525417896e+01 7.606433688886438915e+01 4.426103553886363784e+01 -1.539583934557736313e+02 6.954272052221606373e+02 -1.303456529683881739e-13
-3.297900996422867337e+01 1.849824339486670510e+02 6.846333448001325372e+00 -1.093110669279791551e+02 5.549525919681215100e+02 -1.310044059556169427e-13
-9.042323117400052013e+01 6.175837799661435383e+02 -2.864484260428770313e+01 -1.825335488348046340e+02 9.565026525887974458e+02 -1.861125613832908670e-13
-1.769058400672006215e+01 3.176168734548504702e+01 2.339812945958155055e+01 -8.126537107307407837e+01 3.730170922080436640e+02 -1.118556134819781762e-13
-3.313615055951755295e+01 -1.534903136771723098e+02 8.492619274815095309e+01 -1.471002912812757586e+02 5.575324499278107169e+02 -1.133345762103026224e-13
-2.586634597097458155e+01 2.925232717074499078e+02 -2.347635080912680294e+01 -1.014984447079537233e+02 6.176746300053135883e+02 -1.479704766260981651e-13
-9.758205263062018275e+01 5.707604867184206796e+02 -1.829853918553278902e+01 -1.827331703795698843e+02 9.259727189792512263e+02 -1.807771595873079546e-13
-3.642180557279676378e+01 3.401895840809717129e+02 -7.951129725002533455e+00 -1.182368382674675615e+02 5.956405155560341882e+02 -1.446167074230754811e-13
-4.704756733199668162e+01 4.213369199670758576e+02 -2.911238921303404226e+01 -1.048152821367995102e+02 5.813492636579608188e+02 -1.603998243608778981e-13
-6.073219392169577446e+01 3.204573342901732644e+02 -1.411626750811405095e+00 -1.654687844609432830e+02 8.857794150202240644e+02 -1.786366274174992616e-13
-6.677527230559459070e+00 -4.646541591825994999e+01 2.497413482102379234e+01 -4.982807415640172621e+01 2.091032666495704007e+02 -9.561506957108517276e-14
-7.783712360960130638e+00 2.496091098711591982e+01 4.029995406235033073e+01 -1.266866936882230590e+02 5.750567400402213707e+02 -1.234869845997211151e-13
-1.079069678098308742e+02 1.016504454893696789e+03 -9.922564890784120450e+01 -1.640142664471678700e+02 9.909487091730547945e+02 -2.302303537362038973e-13
-7.642084578927425298e+01 5.250426094525511189e+02 -6.815765476279205259e+00 -1.997966996753435183e+02 1.000721161719785528e+03 -1.943890547147537203e-13
-5.101953746531191491e+00 -3.001404208824915543e+01 4.756048004280096819e+01 -1.017744833372729261e+02 4.014743674919583327e+02 -1.026028764958750612e-13
-3.973439147284242523e+01 1.446279209646597508e+02 2.508514608438384386e+01 -1.220722214554042750e+02 5.535301029894238809e+02 -1.190968484387108227e-13
-1.638169775418836949e+01 -6.787694832872497841e+01 5.325084826308486896e+01 -1.081435215142086150e+02 4.356716312715420258e+02 -9.899544283867479046e-14
-2.768179703222509147e+01 -2.345305873525678209e+01 4.055420540528812268e+01 -9.578490746403896594e+01 4.012859423273386597e+02 -1.136049204142633759e-13
-7.504202287752556266e+00 2.711280197962515714e+01 3.052154073808690882e+01 -9.503016868216673174e+01 4.233208512452468995e+02 -1.206242746306277976e-13
-5.050807217908693048e+01 6.079601974040650703e+02 -5.195036557493409646e+01 -1.116131405656688571e+02 6.361574037168164750e+02 -1.757067002261830610e-13
-3.377939108907806354e+00 -5.365652475559429035e+01 1.197365400253582024e+01 -5.222893725837401746e+01 3.138570993049342519e+02 -1.248775045141616041e-13
-4.703626496484248065e+01 1.248259161074131214e+02 5.878562206788444655e+01 -1.875939336184290482e+02 7.925996782795903073e+02 -1.446807039537230918e-13
-1.123235300765995426e+01 5.637627772035600771e+01 3.409320425843404934e+01 -9.864751848674535495e+01 4.032240217662570103e+02 -1.227437927856055617e-13
-1.269479473778755647e+02 4.596467960590902067e+02 4.258547525323911032e+01 -2.733863878919316903e+02 1.226936923261564971e+03 -2.046544143905647988e-13
-4.510269335833365290e+01 2.726325768018974145e+02 5.996312462531195209e+00 -1.273861343345181325e+02 6.174486418778232064e+02 -1.517594077770133136e-13
-7.878109708351331619e+01 1.379577282467186023e+02 7.459604349879764129e+01 -2.553865434136845352e+02 1.137374557854851673e+03 -1.729902080254027004e-13
-4.818911501452220136e+01 1.287036151995176851e+02 3.921625436498060679e+01 -1.467983524397498911e+02 6.409057470443162856e+02 -1.273451083432332333e-13
-5.759243592188980188e+01 3.019511603575735421e+02 -5.771996026917642908e+00 -1.168273687689507199e+02 6.003238327998539035e+02 -1.412809672310970810e-13
-6.051044620071360924e+01 2.421420344042435886e+02 2.026678610993279506e+01 -1.481367225625102435e+02 6.879176450016009312e+02 -1.415811305058099632e-13
-1.216900624554657497e+02 8.056923791318029089e+02 -7.120104081993471823e+01 -1.712105229368943071e+02 1.014771695810568644e+03 -2.098252744400629442e-13
-1.644381382396042923e+01 -7.073030869913905860e+01 6.673735231775937393e+01 -1.323520035249923126e+02 5.140844176644085337e+02 -1.095340609770757106e-13
-4.469455612322566829e+00 1.158263645312929242e+02 2.312443331319151341e+01 -1.188040261052278197e+02 5.653095066977438137e+02 -1.454770508748700342e-13
-1.064785201146602844e+02 6.011424404277545364e+02 -1.264141848529588863e+01 -2.047013450115143769e+02 1.015058830500284330e+03 -1.900647910799082795e-13
-1.537723596085698148e+02 1.026880304522563620e+03 -7.106895127201507023e+01 -2.263284392029629828e+02 1.221788761258474096e+03 -2.359979707866766350e-13
-1.308124068380005944e+01 1.580690354472346542e+02 -3.035648934709344271e+00 -5.624168365753149601e+01 2.813012930019095847e+02 -1.116207581081012680e-13
-4.875828322221038569e+00 -9.015048493446069244e+01 4.075468872627286032e+01 -9.638516442606179169e+01 4.530949322071444954e+02 -1.122484537057337807e-13
-3.197904915837669293e+01 2.844156463382931861e+02 1.058580366702854647e+01 -1.359930059701669620e+02 6.372301298185245741e+02 -1.480943541518477112e-13
-2.199417767258634626e+01 8.544011035142742116e+01 1.300586071530286780e+01 -8.920395684590934593e+01 4.535122785317661851e+02 -1.181046234285406755e-13
-2.977788113622149169e+01 2.158226021554967815e+02 -1.087876118128681213e+01 -9.169993775922158363e+01 5.274744868565088609e+02 -1.416343185272938302e-13
-2.713778472627369354e+01 -8.793950146664596446e+01 7.275122007309951755e+01 -1.522455275138682396e+02 6.219413034238859836e+02 -1.302682507976789906e-13
-2.090198604641030400e+01 4.260350386878477025e+01 2.998879607383832280e+01 -9.518602235581144555e+01 4.163891666388819885e+02 -1.103769799869465040e-13
5.171592317994620380e+00 1.067211040693094901e+02 -1.055273183772966306e+01 -2.845040199896657285e+01 1.804089161068321516e+02 -9.933593868816854910e-14
-3.361639357576983400e+01 2.193923235885970939e+02 2.468251253262258693e+00 -1.346283040290098825e+02 7.279099512857635546e+02 -1.566880460104391897e-13
-4.981556957303703292e+00 -6.511290389535028567e+01 2.560818600053713823e+01 -6.861552859566681661e+01 3.450627079527586716e+02 -1.005830197444388774e-13
-1.041485730237168497e+02 3.399323226813410770e+02 4.996699796183684583e+01 -2.411117033537310590e+02 1.050699747106921905e+03 -1.836418630046319258e-13
-6.657975449793741340e+00 -3.696951037306695298e+01 5.077614849601938829e+01 -1.273612942453029291e+02 5.579994198043976894e+02 -1.218873614949833215e-13
-9.062201568833074816e+00 -9.943674357814214204e+01 5.462426699896607118e+01 -9.068941921519737548e+01 3.327391713227599439e+02 -1.090399918419094693e-13
-1.261503958258480367e+02 8.424423081354829037e+02 -5.495659195760352134e+01 -2.016315292150757728e+02 1.088144935440915106e+03 -2.119516185902601055e-13
-4.974974729971521015e+01 1.682268776806499773e+02 4.337079958141379166e+01 -1.612671869650233702e+02 6.824807264158157523e+02 -1.460263907300028101e-13
-3.124203778874077386e+01 9.437125233987826434e+00 7.099003726860014751e+01 -1.604215588533425603e+02 6.165722104802563308e+02 -1.298459891632569792e-13
-5.781313847125711192e+01 3.258375341070070590e+02 1.033270382061928672e+01 -1.740969351483207674e+02 8.645562106668044180e+02 -1.680185078672371492e-13
-3.945696774415030461e+01 1.404849558068736428e+02 2.362764839813715412e+01 -1.235001616611944826e+02 5.755188910362007846e+02 -1.438104090969394851e-13
-3.839952701490413034e+01 8.375312357495364779e+01 3.234889547889642358e+01 -1.277886405297222723e+02 5.901817104653063097e+02 -1.235724418029869489e-13
-4.456308071030698414e+01 3.161783423499903734e+02 1.282748447347942289e+01 -1.696074360320543803e+02 8.254884539133771568e+02 -1.694298066458498269e-13
-6.169900531459199300e+01 2.774230176024154844e+02 1.190654474718714495e-01 -1.179697712136073164e+02 5.882881159783712519e+02 -1.527869001708102479e-13
-9.051434402570554028e+01 6.923387413571794013e+02 -3.965417831192311127e+01 -1.900232358205309424e+02 1.022432280949434016e+03 -1.952267258227117924e-13
-8.062291577935367570e+01 4.888859144558526850e+02 2.927802030234356034e-01 -2.012339538572184097e+02 9.914177689703741407e+02 -1.827278715311635550e-13
-8.088575734323534050e+01 6.865636018504965250e+02 -5.047134890950539443e+01 -1.579203739194442164e+02 8.801839884239739149e+02 -1.922708799879721969e-13
-1.080305216708554781e+02 8.451961093338343289e+02 -5.564278076577171817e+01 -1.999385477872517924e+02 1.079135533462519106e+03 -2.087597759590959349e-13
-2.691101632709425928e+01 4.350422423531848892e+01 2.553064931565231177e+01 -9.976284935083833716e+01 4.750699507954309411e+02 -1.179537066775450776e-13
-6.130903616104757958e+01 4.177372178695184175e+02 -6.108854039389424173e+00 -1.673738985921940525e+02 8.571402503109733289e+02 -1.652155858194338801e-13
-1.541093158194923340e+01 -1.887799368649907308e+02 9.053599374944202793e+01 -1.491253850038378630e+02 5.611491757210047808e+02 -1.120854464920116802e-13
-8.701859074893995682e+01 4.799675131154367023e+02 -5.558799787281788474e-01 -1.902565694440801281e+02 9.296163486844072850e+02 -1.701583873341635724e-13
-3.176442611436587882e+01 -1.580445140423743737e+02 8.991176003224829572e+01 -1.600555520319209961e+02 6.160260997823859270e+02 -1.254061793235522775e-13
-3.822260835248562927e+01 -6.408802079123296913e+00 5.570046060887217720e+01 -1.547375739936926493e+02 6.880092994244726015e+02 -1.280105518010553163e-13
-4.929385682594001850e+01 3.840646554998191391e+02 -2.132155018006996627e+01 -1.122307823901816306e+02 6.086849271430908175e+02 -1.601420280704001440e-13
-4.180441378434623090e+01 2.252469055209407429e+02 2.113251292592796560e+01 -1.395580328321257468e+02 6.371217659362677068e+02 -1.548842578287365008e-13
-2.962308638488243062e+01 -7.870074711769569298e+00 6.088229695031899524e+01 -1.621696940602801646e+02 7.058381843783519116e+02 -1.577350371057719303e-13
-6.964660174047266139e+01 2.814337167318215620e+02 4.632365749600288751e+01 -2.170976675385790884e+02 9.556333719606835757e+02 -1.773042069809354841e-13
-2.463657333428083618e+01 2.713591453164579903e+01 3.900088589666621885e+01 -1.091461652733784717e+02 4.638587324415736362e+02 -1.160276439536557536e-13
-1.940934385399639694e+01 -1.615580737662129991e+02 8.669057922451439424e+01 -1.469237209883409605e+02 5.509710824887057470e+02 -1.128589473902157692e-13
-1.615225748877830325e+00 2.762990823527717765e+01 1.337859962262015046e+01 -4.982193390812694389e+01 2.288810386347411168e+02 -1.101390321329092122e-13
-8.172377795502727338e+01 6.018643141902903153e+02 -3.606072612793834509e+01 -1.538487749658451662e+02 8.227486866496485618e+02 -1.763037758914956966e-13
-7.165020256008848953e+00 -1.619104033059088721e+01 1.939339316877883235e+01 -6.559035042750529954e+01 3.285729896920922783e+02 -1.117699208798670816e-13
-1.624079979758306891e+01 -1.860480093776125159e+02 7.270626405102102296e+01 -1.272311497767414892e+02 5.262212059337359733e+02 -9.949134205559024431e-14
-1.711377933987420974e+01 -3.890864056166522289e+01 5.576626697868019278e+01 -1.120086642038061200e+02 4.242275691853980106e+02 -1.218185841981586862e-13
2.516360721088743535e+00 2.360807233564845120e+01 3.798970494547288013e+01 -1.084998306004359705e+02 4.685892407206031862e+02 -1.202087870160978841e-13
-3.754122122886584378e+01 2.403262016696708372e+02 -6.855312842668443096e+00 -9.123316261372340819e+01 4.805256990954303546e+02 -1.382482083924468258e-13
-5.209370978780130912e+01 3.787660974739175117e+02 -1.646410232293552767e+01 -1.186298130146911944e+02 6.244699515306260764e+02 -1.484051109972337349e-13
-1.537402777918669727e+01 6.055001064106333075e+01 9.727585561033839312e+00 -6.475119327838595495e+01 3.284362452684136429e+02 -1.027651395659474414e-13
-1.971753845713010378e+01 1.294944526267013316e+02 -4.273925984251734533e+00 -4.871524594019912513e+01 2.596554654921493466e+02 -9.389997830458450945e-14
-1.027791048231486002e+02 1.712856210076131447e+02 1.040559359945167159e+02 -2.971144322224117218e+02 1.204579213916657409e+03 -1.738694806951016822e-13
-3.318378364214914455e+01 1.624654509597824585e+02 3.772363791294436552e+00 -9.066565537129331176e+01 4.658641957363672645e+02 -1.237764958418304132e-13
-1.031013842527100479e+02 5.708611672007839388e+02 -9.009468625253685303e+00 -1.898405391943155962e+02 9.141450650636322734e+02 -1.968030037169988073e-13
-5.638098000046650071e+01 5.598746820140373757e+02 -4.629023692470520501e+01 -1.308789076409186976e+02 7.647717972680508183e+02 -1.834199660836514753e-13
-3.354819002210313528e+01 2.185689213816848167e+02 -9.999684812055349425e+00 -7.462932425171884177e+01 4.050551579398930357e+02 -1.249536788984939862e-13
-1.339388011255902313e+02 3.402204470101411289e+02 9.470823712348652634e+01 -3.373296678502690042e+02 1.410598760918942162e+03 -2.092720802694373027e-13
-2.407568846732343104e+01 3.644224614301152769e+02 -1.549028799406240076e+01 -1.068633540317445636e+02 5.496733437563822235e+02 -1.473720575137949617e-13
-1.254106282403933079e+02 7.894674474956716494e+02 -3.353108352547832283e+01 -2.304573022216317781e+02 1.183582592325928545e+03 -2.209059022212523436e-13
-1.163440013425513939e+02 7.193971039113736197e+02 -4.247295913006849588e+01 -1.773172760931929304e+02 9.351745038549086075e+02 -1.871544823470576549e-13
-3.742383533692802899e+01 2.218155385531792092e+02 1.969783866998077926e+01 -1.261140767920016970e+02 5.584576852441364281e+02 -1.449384821110675962e-13
-4.568612582354683838e+01 5.846453286855651754e+01 5.204419257699519363e+01 -1.530809723584580411e+02 6.525892905805110331e+02 -1.293402550059770342e-13
-5.964824579587602926e+00 1.083065418988759205e+02 2.638350818267053199e+01 -1.152753788813408278e+02 5.262293660963689490e+02 -1.184795693840680380e-13
-6.741831320525591309e+00 -2.914742595658115647e+02 1.060047558918821267e+02 -1.513963828954057647e+02 5.528090222978328256e+02 -9.655922655508577010e-14
-1.018898305800860129e+02 5.140359974509372023e+02 2.396500289976327380e+01 -2.546862909982868075e+02 1.180555258613946989e+03 -1.958629189447038508e-13
-1.040466189780203337e+02 7.153218389291282620e+02 -6.003131700120405867e+01 -1.572104848729076423e+02 9.155310984664555463e+02 -1.931991329428460788e-13
-8.639161961881200114e+01 5.481156741902726708e+02 -2.462517094303440501e+01 -1.592013043762837015e+02 8.249740934015654830e+02 -1.869668332782759157e-13
-4.456658409976625990e+01 1.573013009393218624e+02 2.927771070209748672e+01 -1.340893758499955766e+02 5.981279426727445525e+02 -1.429017164355390380e-13
-8.245350482936480319e+01 3.294336015577150079e+02 2.752562308528528234e+01 -1.882247060307097684e+02 8.466975571822632674e+02 -1.566731584161932214e-13
-8.534135703104753645e+01 6.135765301147389437e+02 -2.865037720333244309e+01 -1.720257304797848406e+02 8.888419523474688049e+02 -1.814145849673224103e-13
3.204414250014179455e+00 1.084535547116770147e+02 9.381538883312112276e+00 -7.355363152179563713e+01 3.545977638452735619e+02 -1.187503295760221021e-13
-1.233320039195309725e+01 2.762782896237900445e+02 -2.505692609324020381e+01 -7.464575634640905832e+01 4.592241728017588116e+02 -1.482385943314576890e-13
-4.521522037210817047e+01 2.972847589557718493e+02 -5.470351713689240114e+00 -1.058205878686181194e+02 5.278246645702820388e+02 -1.463337510088645559e-13
-5.153463181369181711e+01 2.362988421783542492e+02 7.204748220058257324e+00 -1.180380339506300515e+02 5.735813481127559044e+02 -1.468679540749029731e-13
-1.648649916321443243e+01 1.708650154483048311e+02 -1.617952361478964463e+01 -5.014600270881812349e+01 3.151509931866061152e+02 -1.253084292468590605e-13
-8.107342578091920871e+01 4.777087774620111986e+02 7.063277492284177228e+00 -2.112646638833177803e+02 1.023681095363143982e+03 -1.895308131849090719e-13
-9.676611996384724534e+01 4.149639229100492344e+02 2.701528707052821332e+01 -2.176934709493934292e+02 9.851750672642046993e+02 -1.876361971805803516e-13
-8.287094982261224629e+01 6.946603772944157527e+02 -5.528397282529520851e+01 -1.543225972132636912e+02 8.808862034901920879e+02 -1.842307226538326542e-13
-3.344497599094626139e+01 4.609013140457754787e+01 3.962087194597647510e+01 -1.145128057902703063e+02 4.820232584119526678e+02 -1.077940606763313630e-13
-2.617985078597000737e+01 -1.705983585840692172e+02 7.339213136763731882e+01 -1.391422068481346628e+02 5.905390778041578415e+02 -1.102899149282346340e-13
-5.754203436862170840e+00 9.622270750615795976e+01 1.272226019922840301e+01 -1.008931431846382480e+02 5.259848949821438282e+02 -1.296345264047018552e-13
-5.638915224013990724e+01 2.537916473240383652e+02 1.971277135934486324e+01 -1.433998873060222365e+02 6.510541924554307798e+02 -1.394027936869099986e-13
-4.100635432571517214e+01 2.741735492012683153e+02 1.062771085553187111e+00 -1.064779296868024687e+02 5.073705525281653195e+02 -1.442845264985243701e-13
-5.236247193187310245e+01 2.963053111874640422e+02 -7.947104015267327792e-01 -1.498905918348824855e+02 7.948585592269456583e+02 -1.515872051029982796e-13
-4.240968076773758355e+01 1.807039829938289586e+02 1.733039817583260245e+01 -1.260971813430646336e+02 6.037567418595854178e+02 -1.371138440529769176e-13
-5.139480049582460452e+01 4.778674331488409734e+02 -3.335350577579477260e+01 -1.152318049549758712e+02 6.369813091238058860e+02 -1.696029168065929680e-13
-2.066760206974020164e+01 -3.913705500976095664e+01 2.082458151719281503e+01 -7.465140792249044921e+01 3.971949011653267689e+02 -1.027694380240842774e-13
-3.856247429669775073e+01 1.201383534200057710e+02 2.920580775084835423e+01 -1.151184769360629332e+02 4.983829022666158153e+02 -1.282166188108230184e-13
-3.542917372901236206e+01 -2.548145973338434942e+02 1.306328034594577616e+02 -2.161855632601221657e+02 8.035718046693043561e+02 -1.150235479062164200e-13
-4.027093587296911181e+01 1.160938041875452456e+02 1.730249998320644167e+01 -1.248800843994694105e+02 6.432762428529074441e+02 -1.446291380774984040e-13
-1.589038857753928369e+01 1.790524239376513833e+02 -6.796735913340056001e+00 -6.748088013276500874e+01 3.655337343427713108e+02 -1.090377979107088851e-13
-1.675228404383495118e+01 1.041461087772529908e+02 2.411713584360137475e+01 -1.189088600576497896e+02 5.682430649529773063e+02 -1.331671853695851688e-13
-2.615367086008882680e+01 -1.013446666045047522e+02 7.188580397736008365e+01 -1.395329249706464623e+02 5.518816539288430931e+02 -1.128047845952510444e-13
-7.860338289629711994e+01 5.340280116412133111e+02 -1.839336015350888642e+00 -1.943752943431249207e+02 9.257688855078831693e+02 -1.857691246437006095e-13
-5.239040336942392884e+01 5.163698532385428734e+02 -4.756100075756393153e+01 -1.005737639616803847e+02 6.011755828980475371e+02 -1.630140836078190262e-13
-5.984705971059472063e+01 3.537125012171269987e+02 -1.355100161973248696e+01 -1.302434460039118562e+02 7.023049566266789725e+02 -1.667542582078777728e-13
-1.842660342877042368e+01 1.033169867883434563e+02 8.534183358149308063e+00 -9.374994914480014074e+01 4.995858893564421237e+02 -1.228659320147892975e-13
-2.450405231405656536e+01 1.058710829493346637e+02 1.388289874477910324e+01 -8.395791373774524402e+01 3.975944207164348541e+02 -1.354060773021089060e-13
-2.446437921004526572e+01 1.766823017893198937e+02 -9.797780148222932084e+00 -7.168347511821973228e+01 4.147654336591494939e+02 -1.334787421171486106e-13
-3.028941213510468700e+01 -1.192590710070911086e+02 6.260853692162599060e+01 -1.284478343930045696e+02 5.499942436645239923e+02 -1.191732736647898175e-13
-2.917779561126820909e+01 7.482662540230985826e+01 3.957654960360223839e+01 -1.209730988725180225e+02 5.046028714647672473e+02 -1.325018123519267964e-13
-8.271734848882418589e+01 1.621509570613226288e+02 7.908624951653017376e+01 -2.410365766968900800e+02 9.943263259803960636e+02 -1.661798987007262705e-13
-7.661764671436456808e+01 1.756504844102877030e+02 7.235805726828039042e+01 -2.511801677475763199e+02 1.095714692472775369e+03 -1.796156235494882026e-13
-4.596737066935242666e+01 6.942781063997718327e+00 6.513384812493490017e+01 -1.488892123049270992e+02 5.784092749410410761e+02 -1.548266140744077323e-13
-8.360527300052171995e+01 -8.144743635444791607e+01 1.506797627287558612e+02 -3.311340580370379598e+02 1.320361691343480743e+03 -1.787100859775117339e-13
-3.108245044150471870e+01 1.118929876699178863e+02 8.946596629266116096e+00 -8.578881805888235590e+01 4.371122788649824997e+02 -1.196770729275015034e-13
-1.015777161330777858e+02 4.924183327025110088e+02 2.253406288451571537e+00 -1.953279285896619228e+02 9.365473832142444053e+02 -1.804611886182326983e-13
-6.100199936269039114e+01 3.277207671316606934e+02 -1.228241486165487117e+01 -1.235414468836648467e+02 6.682348487461036939e+02 -1.390837353507231554e-13
-7.283953732258562574e+00 1.360868970022165447e+00 2.503578086346367471e+01 -7.739114427294406084e+01 3.588355981002408157e+02 -1.044381894612907804e-13
-8.058834959574687673e+01 6.643003133215212301e+02 -5.728046116395805853e+01 -1.491042824987479776e+02 8.809306660665286017e+02 -2.016426443427590189e-13
-5.423029044341735272e+00 1.202002106238260382e+02 5.952410753928033316e+00 -7.870015070115735512e+01 4.025357189354340903e+02 -1.250758308013514528e-13
-2.741210936696613132e+01 3.191023143757935543e+01 3.091425000143227564e+01 -1.102949148773222845e+02 5.198994788584528806e+02 -1.099675533101159918e-13
-2.525727068109657480e+01 2.533595201817796294e+02 3.424472894744487128e+00 -1.154214378174784343e+02 5.676701171817882141e+02 -1.327134866982155748e-13
-5.677554025666110959e+01 3.397491850679011804e+01 7.342552637632847734e+01 -1.911184417317728332e+02 7.892879931622562708e+02 -1.515396496401139087e-13
-1.199267739199249583e+01 -4.937601440712297318e+01 4.564747852833023956e+01 -1.129129180010187525e+02 5.028600251683890292e+02 -1.143652522649287674e-13
-7.764277896249317523e-01 -2.004527496680105969e+01 2.171238398142480097e+00 -2.748206896260579413e+01 1.855888726697544087e+02 -8.561346214811158435e-14
-1.849493752250621270e+01 -5.315753224815207290e+00 4.047176578895425791e+01 -9.691179367870485351e+01 3.960496695897755899e+02 -1.073280314652659492e-13
-7.762307144839577688e+01 2.809294331033216281e+02 3.504833476762110678e+01 -2.088979239342082224e+02 9.731443247544010546e+02 -1.637434932697272581e-13
-5.060907913926221369e+01 1.958134924142119075e+02 1.295508444521956370e+01 -1.185277392157679657e+02 5.697966388918003986e+02 -1.276030010742479319e-13
5.872209708772629710e+00 6.776664971029488527e+01 -1.209363834476382370e-02 -7.147276174593237386e+01 4.307412187897968465e+02 -1.271665416545044007e-13
-3.161172618943392365e+01 -2.611976437232449300e+01 4.708088317093617547e+01 -1.240232484750470405e+02 5.512614304164919758e+02 -1.257693253242029169e-13
-4.058042657427303368e+01 -9.086274870735299203e+01 8.833684486973636751e+01 -1.935354148728978601e+02 8.017892860831461803e+02 -1.547744730290185724e-13
-5.420286729903208567e+01 3.279857866712811187e+02 -2.572925898843109849e+01 -9.971374371339743448e+01 5.940316534384768374e+02 -1.475928748993859526e-13
-8.847909399771866390e+01 6.793404390022769803e+02 -5.633846059477453849e+01 -1.368637971529160211e+02 7.815382509354149079e+02 -1.862015537780898576e-13
-2.162635427947972744e+01 -5.730677021942281044e+02 2.006463407615504764e+02 -2.405020769320636020e+02 7.524020911603419108e+02 -9.118100609526572508e-14
-7.557232165087053488e+01 3.028213953257048274e+02 2.900022951503563817e+01 -1.964427260015795014e+02 9.120701021710842724e+02 -1.712605169030027696e-13
-1.096494038644103313e+02 6.155789337547267905e+02 -9.181806723295204975e+00 -2.006679249452845397e+02 9.551501396131753836e+02 -1.975309578838618873e-13
-1.287869276394241069e+01 2.174310066395056253e+02 -1.165668461205742545e+01 -7.914639869067796951e+01 4.468804119673248465e+02 -1.221756733560893192e-13
-7.175806089357426742e+01 3.576120113475834046e+02 2.098997754324940956e+01 -2.110510206486434868e+02 1.021320433312378896e+03 -1.811610429254594126e-13
-7.832509137185836323e+01 4.691273901101362753e+02 -4.596750611153695765e+00 -1.857531237876691819e+02 9.332122042981966388e+02 -1.818259122205489469e-13
-5.601915742094755757e+01 2.943021511270469546e+02 2.563966493464100438e+00 -1.293305288674932854e+02 6.365807859397646098e+02 -1.419833111644502435e-13
-8.062288181672900578e+01 4.970124662881256654e+02 -2.527115315807015961e+01 -1.319634672927160182e+02 6.835837581991773959e+02 -1.596427012214562545e-13
-4.431259646386296680e+01 1.320106612003687303e+02 4.455054608496575241e+01 -1.516269536112772585e+02 6.367468722699918544e+02 -1.342092230052684402e-13
-4.865292449499948901e+01 3.902717697963572618e+02 -2.804738248326409433e+01 -8.682591858416363095e+01 4.764311291653224885e+02 -1.410239012746829193e-13
-4.138806142155065970e+01 1.800960096179730954e+02 3.578082557417732090e+01 -1.592438877718342951e+02 7.087941715006332970e+02 -1.765296140542474652e-13
-1.992111263145283573e+01 3.353945612802707501e+02 1.812329275966918285e+00 -1.481359433906474408e+02 7.376013068464483240e+02 -1.751225909502310399e-13
-5.095750857952415203e+01 2.088140906729541655e+02 1.233294198195163816e+01 -1.567682435467217772e+02 8.213111184846460446e+02 -1.440961899857138211e-13
-1.828764951216422574e+01 9.861035894714629535e+01 -1.961316683170663433e+00 -6.547924684689870389e+01 3.802534532514720240e+02 -1.138256831568831100e-13
-2.668972433501701857e+01 7.865853486730711097e+01 3.424837407087478880e+01 -1.048885757960975695e+02 4.277984533391556283e+02 -1.107810788544065665e-13
-9.232439915827528409e+01 2.578127122027511859e+02 5.776771051628636400e+01 -2.255451889969819490e+02 9.564518286621602101e+02 -1.638101912244867743e-13
-3.344554179863878574e+01 1.719238991055168526e+02 2.022058668900806655e+00 -7.679017587380943155e+01 3.768410247605843324e+02 -1.212038888683858446e-13
4.887746804469454531e+00 9.861514401731582780e+01 -1.755093339447633838e+01 -3.189003526089868501e+01 2.543490371520026372e+02 -1.115065617346021089e-13
-6.929847301923431679e+00 -1.156384230984857986e+01 1.353761623972297556e+01 -4.600529375238908614e+01 2.310311959172020408e+02 -1.086707333378175087e-13
-1.436573627618425917e+02 1.027355153963494786e+03 -7.936789230890474300e+01 -2.159855316317816403e+02 1.205094682512652753e+03 -2.328576955465615805e-13
-3.871949723614155658e+01 8.402421409855004697e+01 3.394562494373078465e+01 -1.104382890285142764e+02 4.631027039982728297e+02 -1.138727970458575760e-13
-3.939069257105565924e+01 1.081541367623033238e+02 3.068312512680333271e+01 -1.090054260825510681e+02 4.566314097310394118e+02 -1.318346195311892596e-13
-3.756544477108703006e+01 1.674573509655297698e+02 4.777416308217603991e+00 -8.511218886954191021e+01 4.184150750196874924e+02 -1.188141662145851562e-13
-7.827066912482366945e+01 5.036155174661630554e+02 -1.816303132832293343e+01 -1.506431809753604227e+02 7.587520833380011709e+02 -1.803471912799711186e-13
-1.478017900376384297e+01 -1.305859754640235053e+02 9.053382724339149945e+01 -1.780738603294448978e+02 7.129787127513685618e+02 -1.105512315572296140e-13
-1.237184028201880182e+01 1.994914471518595533e+01 3.137593855203953552e+01 -7.925653846246495959e+01 3.170684183411175923e+02 -1.030898876430679058e-13
-6.727414643718830689e+01 4.165307298826979832e+02 1.158253247999066815e+01 -1.883319609680154088e+02 8.855390277580089560e+02 -1.801847339750089512e-13
-1.026169585996027536e+02 6.198027693092816435e+02 -3.513928463780410993e+01 -1.859525857405629949e+02 1.019481189924332398e+03 -1.946406559243434173e-13
-4.013685924775095515e+01 5.208606098069050176e+02 -4.247810970821763021e+01 -1.112316431060834390e+02 6.369473490076190956e+02 -1.680628255764818365e-13
-2.908729910835409882e+01 -3.829864953090563962e+00 7.395318338996011676e+01 -1.871810071238413116e+02 7.872417011533044615e+02 -1.566787512135554500e-13
-1.340873405900760851e+01 -3.906062049817608539e+01 5.025967634119794525e+01 -1.116847280867718410e+02 4.574547738930608034e+02 -1.070148510793041683e-13
-1.080566109791732110e+01 4.191087062488759329e+01 1.985674350656219289e+01 -9.048359313583523544e+01 4.502234387483405840e+02 -1.379206044833059953e-13
-3.197653260648795026e+01 3.183357546127995192e+02 -1.992932316440364460e+01 -9.096872866884994835e+01 5.051638584270806973e+02 -1.399382885842134103e-13
-1.779977936552552009e+01 4.418373827115709673e+01 5.399085117542205836e+01 -1.411372050114576666e+02 5.703192014804490100e+02 -1.375809519873355747e-13
-9.592691015678975930e+01 4.099985194273614866e+02 1.755925366046036373e+01 -1.962277657215502700e+02 9.051204784152047296e+02 -1.735718783610746763e-13
-4.770669328392602182e+01 1.027134950740247774e+02 5.892775427330799687e+01 -1.774551915749302111e+02 7.397908540071905463e+02 -1.543837360998538906e-13
-2.205494898015917116e+01 1.394455884993837458e+02 2.143175732110029585e+01 -1.098181974408164479e+02 4.983741302429761504e+02 -1.223642511670475888e-13
-6.012579529552251500e+01 1.724113348464055946e+02 6.186126146490823174e+01 -2.098053764993858579e+02 8.872128958559728744e+02 -1.582373252409679118e-13
-1.941823924058198969e+01 2.275886909665312317e+02 -2.126623561735584644e+00 -1.120577681766658031e+02 5.995901778225048702e+02 -1.475183565213501495e-13
-9.152232697757066049e+00 -6.562730011086044257e+00 1.826545940005505386e+01 -7.872629898606939491e+01 4.170327132196710522e+02 -1.168698582381275962e-13
-1.835737938761514343e+01 7.308749823572608761e+01 2.266146873569901743e+01 -1.033375320022444015e+02 4.957321588801768826e+02 -1.287330316014964575e-13
-1.692127053517089763e+01 2.014092705743332203e+02 1.784803572038160624e+01 -1.265004483543106346e+02 5.879207023195682495e+02 -1.403793820003961736e-13
-4.031259547948312871e+01 -1.222100378675063155e+02 9.147331160240103998e+01 -1.969981206141298742e+02 8.280235561209982507e+02 -1.243939831737007939e-13
-7.147425647753095745e+01 3.575481398849506149e+02 2.813154846218528515e+00 -1.633491083463838436e+02 8.171694808439578992e+02 -1.672658465076047358e-13
-7.667742157121791990e+01 2.068871119997648407e+02 2.459202129932830516e+01 -1.674553807060039503e+02 8.160059378260485801e+02 -1.481641872901293150e-13
-1.664725859047542045e+01 2.097029740617707319e+02 -1.418317611124514244e+01 -8.985344279855003435e+01 5.407406754893363541e+02 -1.393642396572275602e-13
1.033322975075836592e+00 -2.178324897983972050e+02 5.065549992069158947e+01 -9.723969614082440671e+01 4.892978038195206523e+02 -1.187401555546130751e-13
-6.852144012320358968e+01 2.106656684471292635e+02 4.757586051570181240e+01 -2.158257810788582560e+02 9.911093525209489599e+02 -1.664341042864143637e-13
-4.533335199991000763e+01 3.095169377978576790e+02 -1.419172444178970416e+01 -9.551781159420573886e+01 5.054599128268563391e+02 -1.509982520920215454e-13
-3.838664715021636908e+01 3.062436711620653114e+02 -2.400096849097916873e+01 -6.567333690059255957e+01 3.700943754803501520e+02 -1.421368955742491862e-13
-5.474591237670384913e+01 3.208179482800246092e+02 -7.355089136816031825e+00 -1.088100063611897781e+02 5.426926644812477889e+02 -1.391004336720148275e-13
-7.792118419153173647e+01 5.106239378797479276e+02 -3.540463019148101154e+01 -1.202500760636038564e+02 6.597715340042714161e+02 -1.618627700341542669e-13
-1.386290736668838441e+01 8.158317012451372818e+01 1.110916209919314568e+01 -7.454042117605460760e+01 3.699232753645220555e+02 -1.134930902259447232e-13
-8.135828578757464413e+01 4.455782315588047027e+02 1.263728736019337262e+01 -1.928901561339259274e+02 8.880578697738400251e+02 -1.984552234207487987e-13
-1.677050653930873736e+01 -2.208217910408998819e+02 8.898314330619459156e+01 -1.376004553395576409e+02 5.171881352392155122e+02 -9.508345322916348746e-14
-6.710754348011225545e+01 3.497035340939242474e+02 2.918945204934936299e+01 -1.953897317841698396e+02 8.692945280050357724e+02 -1.701732564993432130e-13
-1.355666379371932351e+01 1.955754451837515262e+02 -7.501936109024412325e+00 -6.496734324657879256e+01 3.410018456168287457e+02 -1.217658278310136894e-13
-4.111897221597600094e+01 2.135306716693013129e+02 1.799245042110356607e+01 -1.349286221680534368e+02 6.347416530480776373e+02 -1.466710877816639013e-13
-1.429542851957979543e+01 6.159274254298482987e+01 2.744358351402693685e+01 -9.907953184409134906e+01 4.449107435239515667e+02 -1.112319514138406642e-13
-1.597471312543770061e+01 2.405765843396157209e+02 -1.444522005905472106e+01 -6.664490184414646023e+01 3.636813788898348321e+02 -1.273307048331609589e-13
-3.040955176122173853e+01 3.310362357072237955e+02 -2.002287171930469611e+01 -9.646979772810898623e+01 5.334052336381411124e+02 -1.433432787002968936e-13
-8.734985688024562478e+01 5.084642201772953740e+02 -2.019313428486967155e+01 -1.613178772564909593e+02 8.399627288085271175e+02 -1.739189298047666279e-13
-1.715116563043717690e+01 -1.510763060086976850e+02 5.589885461652851006e+01 -9.395056266036726811e+01 3.844773540250458836e+02 -9.929179993894783620e-14
-8.057436351534279595e+01 -5.267439178811468281e+01 1.261605225469292009e+02 -2.702218781663644336e+02 1.046838267321590820e+03 -1.510766202639992324e-13
-4.952448864024436403e+01 2.173183504519988958e+02 3.583294930984865090e+01 -1.585990767788226492e+02 6.767466411681253931e+02 -1.523844556971473203e-13
-5.843719826504667481e+01 2.312572924456726469e+02 1.344317791233618031e+01 -1.301396459926716034e+02 6.186644806705120345e+02 -1.381850169196600548e-13
-8.819351886658147066e+01 3.825311710879223597e+02 2.786117243960609358e+01 -2.187806702178296803e+02 1.010918252860905568e+03 -1.861322626725775266e-13
-3.257363318657704809e+01 2.088250578902283792e+02 2.429682211117865975e+01 -1.437222625643040317e+02 6.569156873641521770e+02 -1.603244304735081569e-13
-9.547667259845603382e+01 6.322560195758408099e+02 -5.997536740247209508e+00 -2.389687415664421906e+02 1.179969576880506111e+03 -2.152501012295023236e-13
-2.239466246670680860e+01 -5.986195206684166124e+02 1.977745154994781842e+02 -2.469837824977658158e+02 8.331789627549811712e+02 -9.661350851668394175e-14
-3.299196706689749448e+01 2.123204723216347531e+02 -1.999077468399227442e+01 -6.948612735928725215e+01 4.391092072633764474e+02 -1.241120477814718201e-13
-5.595816604987259524e+01 4.267170765819092253e+02 -1.460608094404594759e+01 -1.300059106282750179e+02 6.537727238636291531e+02 -1.508161878599584457e-13
-1.095772939133975932e+01 4.299737715904723245e+01 1.362888998548146802e+01 -7.786854487218420218e+01 4.045297902551961329e+02 -1.165522337226110676e-13
-7.618368437661907855e+00 -9.403244770174039147e+00 3.273620413984830613e+00 -4.418972669984263035e+01 2.830207327952439300e+02 -1.082544369504697798e-13
-8.998117545967285480e+01 6.337799195847984493e+02 -5.099868001940342310e+01 -1.490946760187737539e+02 8.630533335108247002e+02 -1.986655387590894802e-13
-6.636378271711457444e+01 5.363808419750746452e+02 -4.538430319471385843e+01 -1.268013082630399708e+02 7.488324741319254372e+02 -1.853286878024575546e-13
-6.676030047265377299e+00 -1.592553475133624943e+02 4.879823238651168538e+01 -7.787408116062368890e+01 3.279215901782460492e+02 -1.038746365950943406e-13
-2.424286502055226933e+01 1.266422598457271675e+02 4.773336036870196253e+00 -7.907562198935863762e+01 4.078786395707883230e+02 -1.330874732517511731e-13
-6.702606036676776569e+01 5.527981748412083789e+02 -3.952991304835634168e+01 -1.255235312396411302e+02 6.906441012062745131e+02 -1.726825464116117531e-13
-6.263828873423775434e+01 1.651325341551443557e+02 3.243749047188621404e+01 -1.557092832323376967e+02 7.174656936126183382e+02 -1.408340955209684551e-13
-1.566490682165034976e+01 1.837830267113929210e+02 -6.293279225971902591e+00 -6.314691455666913811e+01 3.296903280137688057e+02 -1.227629235948643920e-13
-2.506812677459898353e+01 -7.633795386726789900e+01 7.293925187352013495e+01 -1.632205672408597934e+02 6.859875524686696053e+02 -1.321249889200595628e-13
-9.093256437168849970e+01 6.929162448572712947e+02 -4.179312407399419982e+01 -1.766015650001641291e+02 9.454832160393091272e+02 -1.858353901120812597e-13
-3.107442210067790711e+01 1.458934399059602640e+02 7.357503578378075559e+00 -9.425904213237107854e+01 4.792335957745714836e+02 -1.169366490485407151e-13
-4.459581696880778168e+01 3.771104036835608895e+02 -1.672647585027963402e+01 -1.230314986919693894e+02 6.569617604204023564e+02 -1.578779915356087304e-13
-1.628396238499978566e+01 2.675290901955047502e+02 -1.217570396754582163e+01 -1.209264157702175169e+02 6.942433741949977275e+02 -1.581426654274186610e-13
-2.125049466525824116e+01 1.942578170212992177e+02 -1.172253487303534136e+01 -6.166244016788225224e+01 3.468032334571832394e+02 -1.216726451340091639e-13
-1.044849819558636028e+02 3.340708302251526334e+02 6.813828948799663010e+01 -2.824828792948847536e+02 1.216683181441952456e+03 -1.955885704865308293e-13
-6.130409875252389185e+01 2.554229665713387760e+02 7.980696784814957034e+00 -1.459001030028940420e+02 7.418571863345193833e+02 -1.527748353620870883e-13
-3.895726135205912755e+01 7.512941897075647546e+01 4.452852553840191518e+01 -1.599241063132775196e+02 7.345077120217879383e+02 -1.448231679089167749e-13
-1.084320823982119890e+02 3.837208137684844473e+02 5.558875556714129829e+01 -2.991330441784280652e+02 1.372535538069844279e+03 -2.107617991136234486e-13
-7.054576048609394689e+00 2.027762862755189133e+02 -2.000217363957533223e+01 -6.088847136021775697e+01 3.884006630142865220e+02 -1.385154721777727275e-13
-2.010478939781578589e+01 -1.013355691408600023e+01 2.779877657220862375e+01 -7.115637555704830675e+01 3.076652818469090676e+02 -1.039251071804840001e-13
-1.385598159304641719e+01 -4.116456512656478850e+01 3.995127768167561300e+01 -1.048325576533156180e+02 4.790047411804874287e+02 -1.209638579981436613e-13
-8.723342624390092226e+01 5.064199342386248759e+02 8.998798422370370531e+00 -2.044659926023517471e+02 9.444504923010558741e+02 -1.846179729765947419e-13
-1.835381547290687365e+01 1.039653457315167060e+02 8.002466546253858226e+00 -1.015080424138134134e+02 5.546742734313045275e+02 -1.372077394372702066e-13
-5.366727229960417844e+01 4.259322913205476198e+02 -1.521173618518708892e+01 -1.545142147389148874e+02 8.230001464511062750e+02 -1.726972547080844903e-13
-2.755334054655838472e+01 -4.068254670123990735e+01 8.254081595816258243e+01 -1.796019326399248541e+02 7.083539378169211886e+02 -1.263563328124147599e-13
-7.084180445790198632e+01 4.699294613445487130e+02 -8.560375177425733284e+00 -1.636118487279841531e+02 8.091712608029934017e+02 -1.644630614980531875e-13
-3.624405977082863473e+01 3.457549638241985690e+02 -2.011305348217368660e+01 -9.900600657245149705e+01 5.402078944680775976e+02 -1.453811745153082131e-13
-3.205995877106708036e+01 1.978415102185457783e+02 -2.876548727806975947e+01 -7.522516771354274567e+01 5.445818722138707244e+02 -1.358425385719756428e-13
-8.115540746391735283e+00 1.278783319840209600e+02 -5.115304012609684925e+00 -5.528324698968733486e+01 3.103932172275378889e+02 -1.241950743571753735e-13
-5.800670989098455266e+01 3.826623637322505260e+02 -2.072264777380021883e+01 -1.112236027721123861e+02 5.991066080794238360e+02 -1.542791642979378692e-13
-3.578423605123836637e+01 -5.169421054748736566e+01 8.530517381604194327e+01 -1.729642350873297119e+02 6.541109268447379463e+02 -1.310279504625491356e-13
-7.044028199364541365e+01 2.975081876534268304e+02 4.499069459225070489e+01 -2.241356501473767366e+02 9.996694037706878362e+02 -1.701068592530271838e-13
-8.587347306652212353e+01 5.667128755920307412e+02 -4.775484743425580803e+01 -1.305118813189668856e+02 7.666616325001330097e+02 -1.690996388085880657e-13
-7.178722205016434543e+01 2.205856310845881296e+02 4.545265385035290961e+01 -1.870780607499267205e+02 8.041512503431411005e+02 -1.601374020516111305e-13
-1.385932794568609694e+01 4.916531783245100229e+01 2.232252340023328330e+01 -8.043915603401245562e+01 3.615553131086915073e+02 -1.073639536364283637e-13
-6.597733673761029927e+00 -9.247052694936570560e+01 5.221508150581828289e+01 -9.394657059593603776e+01 3.649540830066915760e+02 -1.041365086487655912e-13
-5.639388444577526371e+01 2.193257373531975247e+02 1.837365719684706633e+01 -1.241045078796807957e+02 5.552658099180152931e+02 -1.426207590027086056e-13
-7.452229652982678942e+01 3.830711213852611081e+02 -4.424042138927883450e+00 -1.414926590329521616e+02 6.978414713174063309e+02 -1.414423639002303805e-13
-2.269828501995585768e+01 1.562593681642619572e+02 9.937068998001366893e+00 -1.040396163156450910e+02 5.208303580293085133e+02 -1.403849166169785164e-13
-6.108025999052784982e+01 3.791522679405710505e+02 -2.374623473849030475e+01 -9.480455521198378221e+01 5.106827817480477165e+02 -1.329174885236229992e-13
-3.849895579833974324e+01 3.381388717884425432e+02 -2.102836931872627346e+01 -8.146667366369088370e+01 4.337600667422003085e+02 -1.491342233974651260e-13
1.613924774624434788e-01 7.397648625445785342e+01 -6.244261852392793521e+00 -5.241543505900484234e+01 3.379956371936492019e+02 -1.154811093752440172e-13
-3.250700969595801126e+01 4.498663791759980199e+02 -4.123777613462133473e+01 -9.839562534546840311e+01 5.949205644374598023e+02 -1.617116163773506032e-13
-8.679339647030575478e+00 8.386231847605499468e+01 3.012651858265955340e+01 -1.185073833465449979e+02 5.419476765470100190e+02 -1.409232617438857681e-13
-4.941588462366913603e+01 1.339179082312690241e+02 3.354719733863776554e+01 -1.336343163989692187e+02 5.849036568194317169e+02 -1.295350546780827367e-13
-3.222905637454895356e+01 1.872280935856337294e+02 1.877310139473884476e-01 -9.527679067746564101e+01 5.016257148872088010e+02 -1.334812933369686034e-13
-5.184299834112530903e+01 8.903821019702117212e+01 6.750304099993938678e+01 -2.139862723424960791e+02 9.404852399807884922e+02 -1.614623869680681286e-13
-2.812106493515859640e+01 1.517118631897377270e+02 -1.916958206379328011e+00 -8.465337514301523925e+01 4.698179356482675075e+02 -1.284873256669702192e-13
-1.373136471117936885e+01 1.004279091824919057e+01 3.282886217214446134e+01 -8.775549081669622353e+01 3.721808560506807453e+02 -1.087480683028790405e-13
-7.627686365212265507e+00 2.521951420650842479e+01 1.156958892955077012e+01 -5.563212949809234686e+01 2.813101306249796494e+02 -1.096830626978324124e-13
-1.858186535149474139e+01 -1.071968440702798375e+02 6.478747285178697268e+01 -1.427330042540853299e+02 6.231952794493719239e+02 -1.290729397957279145e-13
1.046745270393615312e-01 4.127334212813146053e+01 -6.182741336474479432e+00 -5.298319588907131106e+01 3.654727483038789160e+02 -1.149953775176855971e-13
-9.987864506119933594e+01 6.218788099876027218e+02 -4.734900283091645434e+01 -1.504329212831765403e+02 8.574122455606903941e+02 -1.723273393239690578e-13
-6.514934675518976803e+01 2.229586103618409254e+02 4.925678133162917760e+01 -1.849289055384200537e+02 7.635754676830456447e+02 -1.496007751304638428e-13
-1.756903424103907696e+01 -6.276096502847686054e+01 5.440878105709382595e+01 -1.259810741536789607e+02 5.444083039514606526e+02 -1.185829324821055015e-13
-8.344390856070832285e+01 2.800216342379013668e+02 3.946687520380091740e+01 -1.981440155765444899e+02 8.731943168710459986e+02 -1.672835270533877054e-13
-4.540234382638749366e+01 2.787043587956951569e+02 9.486063172031517610e+00 -1.378099152446585549e+02 6.606945386975434076e+02 -1.548164498794101894e-13
-1.458665080423995164e+01 -2.930087810069152852e+02 1.138957701386080430e+02 -1.745053624732035473e+02 6.587228480444232446e+02 -9.743209416083665599e-14
-3.913468755271115640e+01 -2.147530265360462920e+01 7.162513328307241522e+01 -1.736783599888182437e+02 7.243639074512801699e+02 -1.228205488869384826e-13
-6.718236155479554839e+01 3.973333769870165497e+02 -9.188048975628285930e+00 -1.355123479986621078e+02 6.776794607727814537e+02 -1.624440720418562391e-13
-5.535070132483187422e+01 2.896468099260628151e+02 3.529041978807370139e+00 -1.408590189021211359e+02 7.113251231951581985e+02 -1.544917064991997024e-13
-1.105812715908060007e+01 6.811697237555669915e+01 2.432893066199320842e+01 -1.227860983356383713e+02 6.194529066711604628e+02 -1.311509210598184577e-13
-6.032414934188651756e+01 1.322862428285029068e+02 5.803993507702838173e+01 -1.936783005226354817e+02 8.327966021460784987e+02 -1.459884145724058913e-13
-3.997233585605559369e+01 3.710321101014221199e+02 -3.723627366597644084e+01 -9.405121681476094864e+01 5.980521006852793562e+02 -1.400809272785713585e-13
-6.288994880737771354e+01 5.398288687937433679e+02 -4.812618410730981111e+01 -1.062679029461850320e+02 6.258244923786736535e+02 -1.610689939633181004e-13
-2.092792789774667384e+01 -9.626589327407682362e+00 4.532995870686824702e+01 -1.286436383186175760e+02 5.814149362105690670e+02 -1.165444786985666140e-13
-1.374831138007351399e+02 8.748302175673653664e+02 -6.660284910197825070e+01 -2.003892116843896076e+02 1.130614380907477653e+03 -2.183973660109630870e-13
-9.893438033613212212e+01 6.417298941733756692e+02 -3.174120248928590371e+01 -1.787966470121648399e+02 9.334646493191011132e+02 -1.834531098119624181e-13
-5.910798028326152576e+01 6.170792125921711886e+02 -5.696717945582835085e+01 -1.495729155309262239e+02 9.168062363233379983e+02 -1.979393804899303307e-13
-3.125447263515734520e+01 1.759181783459842165e+02 1.643900776287314969e+01 -1.142737846570829277e+02 5.335018049965935916e+02 -1.323881734986759083e-13
-5.869159224740752734e+01 3.623330016607999369e+02 8.911658941628981978e+00 -1.579122846730063259e+02 7.380115218059358995e+02 -1.675119785124678436e-13
-1.977201231333269504e+01 -9.328098108021625023e+01 5.602015835045980197e+01 -1.030175852071172784e+02 4.021465147845323145e+02 -1.115263347773456782e-13
-5.378528651313706632e+01 6.088165023693587585e+01 5.654796524276447656e+01 -1.821159034981709794e+02 8.171462277886716947e+02 -1.468788237349820510e-13
-4.408491616510865896e+01 -2.755143517973530720e+01 5.398154420971449952e+01 -1.336819317275100332e+02 5.730212278072394838e+02 -1.122631057491808441e-13
-9.536362851127256590e+01 5.444629530913874760e+02 -8.870990696051531899e+00 -1.927283023480732425e+02 9.520887102287305197e+02 -1.847652921192225239e-13
-1.734293900128064081e+01 3.577159480850593809e+02 -2.974318556055932206e+01 -8.808450879239602216e+01 5.197074600952031460e+02 -1.492927375448143959e-13
-3.150489113575112654e+01 1.369074918870159934e+02 -5.263379284830532967e+00 -9.091004562263279354e+01 5.442185708773222359e+02 -1.375063536118573108e-13
-1.751139727994595319e+01 -4.577355388129741698e+01 3.887230913835890789e+01 -1.134649154244509788e+02 5.473452305259730792e+02 -1.243508986638312709e-13
-8.471742483979731730e+00 -3.084179733366975995e+01 3.852262671566704455e+01 -9.238561939683434332e+01 3.968882897586811396e+02 -1.165316628301301702e-13
-4.224821315923159659e+01 3.114407537471087721e+02 -3.708538578017883225e+00 -1.060195601404573864e+02 5.074581502120471441e+02 -1.626503734376049951e-13
-3.689202876876385773e+01 2.129031101424968142e+02 8.217478595377697204e+00 -1.047772856668302666e+02 4.951474212541445468e+02 -1.287330066836730807e-13
-5.546831360098778418e+01 2.312762450352973360e+02 2.216871607939854627e+01 -1.556189454250174435e+02 7.340225473595763788e+02 -1.603018026012878813e-13
-1.062702968946083502e+02 6.342998303432202647e+02 -1.957212278440773900e+01 -1.870342481367611640e+02 9.163158887672969968e+02 -1.975569214594696094e-13
-1.637695167570585753e+01 5.430110207294924152e+01 1.334838772095055681e+01 -6.068021841400619110e+01 2.824568444917817942e+02 -1.100407975693082610e-13
-1.263419422234305216e+02 6.323089043913199703e+02 1.865295962417377851e+01 -2.707775940825615635e+02 1.235788663126382517e+03 -2.111219002210043927e-13
-8.002544698861836991e+01 4.568340225764974321e+02 5.061058025489731271e+00 -1.919463953685105650e+02 9.219920514736948007e+02 -1.932456760573814954e-13
-4.846008980256673482e+01 3.679028983781647071e+02 -9.515248329916266457e+00 -1.111195533138030385e+02 5.374319710855351104e+02 -1.512903539066560999e-13
-5.885131588998223862e+01 3.212090379013977213e+02 1.068367448685243737e+01 -1.534381044040227096e+02 7.268226599783611164e+02 -1.560628771166180263e-13
-4.780694728911606006e+01 2.716547199869114024e+02 6.984599835087551334e+00 -1.233849283267784784e+02 5.849337386126295542e+02 -1.380804551966136255e-13
-2.741551615230656935e+01 2.353786712468906330e+02 -1.710857395130766179e+01 -5.211488273194959220e+01 2.868900386412019543e+02 -1.200841612077807179e-13
-4.537603603293816690e+01 2.012768390940940719e+02 9.262312628709771900e+00 -1.122199781161130261e+02 5.470392842515709617e+02 -1.409060429667412599e-13
-5.783737094752075336e+01 3.010706076221422336e+02 5.342094861879096435e+00 -1.571288989482501393e+02 8.006839201831172659e+02 -1.652513283359041586e-13
-4.063602555567141650e+01 3.188049267079737206e+02 3.484921530299737835e+00 -1.628685364366769477e+02 8.381301544882817325e+02 -1.643370850922293741e-13
-5.806187944889958885e+01 3.033307961887026067e+02 2.804115589240274709e+00 -1.404575537958359917e+02 7.032072572549611778e+02 -1.545356649158754263e-13
-5.882791523121637312e+01 4.024446674998432627e+02 -1.934991823153873369e+01 -1.444821148132171231e+02 7.993534767201194882e+02 -1.626836745029056448e-13
-1.714151807107624492e+01 -4.257351001911455768e+01 5.514301838485265250e+01 -1.164545726148142109e+02 4.608074550587673457e+02 -1.233502535098552152e-13
-2.208902883547581553e+01 -7.615795115254401537e+01 5.832849561733074495e+01 -1.355887564469079223e+02 5.937318499624667538e+02 -1.432106148950001894e-13
-1.964632164123847602e+01 -1.130601653164138156e+02 5.214572561063086908e+01 -8.921451421493495104e+01 3.487296173572447628e+02 -9.861446692556534997e-14
-6.783413704655806953e+01 4.340245470470932787e+02 -6.407707754647649523e+00 -1.739378327323320548e+02 8.912048222416232193e+02 -1.717621490702986418e-13
-6.741668034216083072e+01 6.874354814723342315e+02 -4.497364011210108004e+01 -1.773953628008056000e+02 9.752359800188501140e+02 -2.063497833436201556e-13
-3.632233698274654188e+01 3.660783545418699418e+02 -2.695066491191014180e+01 -9.936116201734482445e+01 5.714710807577537253e+02 -1.556631176878211550e-13
-2.481386495739572151e+00 1.595919043293088180e+01 2.001360633720610238e+01 -6.898309213622235347e+01 3.237594560711040685e+02 -1.048056107017428605e-13
-8.729507365909830696e+01 4.925714906237019477e+02 -1.511324455699953972e+01 -1.603257137357668114e+02 8.124237593972111426e+02 -1.667260583239080071e-13
-3.479640308929672443e+01 1.309298021484534331e+02 1.414680126720508113e+01 -9.073961820646646004e+01 4.230645136993956612e+02 -1.234908335720421771e-13
-3.966381499789418541e+01 1.057063858885543226e+02 2.231813287310755101e+01 -1.099209791256226652e+02 5.182005453129908119e+02 -1.301272927492650403e-13
-3.963877054216499829e+01 3.131837943643269000e+02 -1.963186944209385842e+01 -8.762356269817647103e+01 4.845574347211313579e+02 -1.402215674609250748e-13
-9.624557499289030815e+00 -1.156010266057241296e+02 5.483679194064400519e+01 -9.653000906318430907e+01 3.825325313252425872e+02 -1.100326064554651227e-13
-2.726484318070333757e+01 2.058910841056765832e+02 -1.001569536170198660e+01 -7.798113994940493399e+01 4.370169213100371053e+02 -1.286104927077411711e-13
-5.244918420730877529e+01 4.108510793009541544e+02 -2.327859373262702647e+01 -1.053441207158417399e+02 5.552269786346628280e+02 -1.528782830709522584e-13
-6.031005564830088161e+01 4.346571283253611568e+02 -3.542086481442930079e+01 -1.282713028210933999e+02 7.696783953714717654e+02 -1.726262250228884615e-13
-6.717324192056960896e+01 1.514503636107751845e+02 5.531573471661229746e+01 -1.907735303196936911e+02 8.166321578674193233e+02 -1.472362339164018433e-13
-6.426464898635380507e+01 2.328296866265687299e+02 3.051027636521762432e+01 -1.628606754581062432e+02 7.281024883121428957e+02 -1.474987833515407297e-13
-7.748446296737905925e+01 3.412868632220034897e+02 2.697078369162517575e+01 -1.873724128107041338e+02 8.358052238593098764e+02 -1.561051408327144224e-13
-1.072331679013762908e+02 8.858684081954364729e+02 -7.309025768632028530e+01 -1.607990036542632026e+02 8.979115068424308674e+02 -1.987434063242555317e-13
-2.069221254826939216e+01 1.641950743696656900e+02 -1.557240916629736738e+00 -6.814019448223962172e+01 3.473130726548409939e+02 -1.142658006924845700e-13
-1.197410561691835369e+02 9.488448436572962237e+02 -8.721892002734026050e+01 -1.695782154082106672e+02 1.001166711445073474e+03 -2.121193034986532301e-13
-4.363897037179165750e+01 3.689476532874407440e+02 2.107739795585586440e-01 -1.517795134003091277e+02 7.476821401210020213e+02 -1.625048668668623953e-13
-5.039791014725318519e+01 2.780696557574025292e+02 6.745663177588560266e+00 -1.470017257940699835e+02 7.405215355993601634e+02 -1.577757766579620354e-13
-6.331892241118853804e+01 5.131664583143565324e+02 -1.887404037940251911e+01 -1.516506048143290855e+02 7.630569316286466801e+02 -1.617600831528875552e-13
-3.097636100560828254e+01 6.664793621854522598e+01 5.756055388832694319e+01 -1.833812201016120298e+02 8.149216300177097310e+02 -1.489592578320681217e-13
-7.882468998217451883e+01 2.710219222816711522e+02 3.464310300887908056e+01 -2.044926210370473996e+02 9.534122271854870405e+02 -1.689859631630010247e-13
-4.424272442132791383e+01 4.040576312511443575e+02 -3.713975227982812299e+01 -8.657654594800939662e+01 5.228900483687334599e+02 -1.460677584317611579e-13
-5.143268020347583125e+00 -2.109661201612544801e+02 7.215180644962080692e+01 -9.785917725652770116e+01 3.506364424187080431e+02 -8.819324935935020224e-14
-1.162172151854563396e+01 2.533306011783884060e+01 4.544938822496105502e+01 -1.195675858994105596e+02 4.939174102742679793e+02 -1.057160906641331230e-13
-1.361831894058774850e+01 -5.582373008962727567e+01 1.724246314881784770e+01 -7.775815910930920438e+01 4.533139035185545822e+02 -1.078876363196695788e-13
-2.249311780822947071e+01 3.236636270029328557e+02 -1.756633530565152057e+01 -9.495587637291257010e+01 5.129054212803189330e+02 -1.598259003016689602e-13
-1.075032409259672583e+01 -4.058742743860089064e+01 5.467596884191711126e+01 -1.374145861376991604e+02 6.032534202460387860e+02 -1.309036248411850837e-13
-1.572618930356271427e+01 8.581405505787762422e+01 1.526372966506058937e+01 -8.643422829656583417e+01 4.201451585748936850e+02 -1.348726189646479739e-13
-3.338342165114473659e+01 1.037631501104768290e+02 1.130866593429231237e+01 -9.646452932661263446e+01 4.997253279393557932e+02 -1.208392300808279686e-13
-1.223611085075340128e+02 8.359398939134404145e+02 -6.358808971041337799e+01 -1.811257618984613771e+02 1.010389828523744882e+03 -2.120075620775834674e-13
-4.844334677016920665e+01 2.485046026005941258e+02 9.319349044035855067e-01 -1.281043637373448973e+02 6.724832571609688330e+02 -1.536068446464590683e-13
-7.040880244323753345e+01 4.021231387746114478e+02 -1.173669982026662950e+01 -1.339015100821513045e+02 6.796618042798673969e+02 -1.602330192189290029e-13
-2.171361354577189218e+01 1.029270200873056780e+02 3.001668794626557002e+01 -1.223659873833142910e+02 5.545700586526171492e+02 -1.501171831773223293e-13
-9.752529603860260465e+01 5.653391237323038467e+02 -1.720216248770327638e+01 -1.692083555428486363e+02 8.320065541582254127e+02 -1.811931561875412881e-13
-8.285605538700130523e+01 4.255923161503877168e+02 6.623317378547994849e+00 -1.952079135170405664e+02 9.568856056973320392e+02 -1.800463481906104046e-13
-1.570591698977420663e+02 7.943348145143382908e+02 -1.296611277834178999e+01 -2.731596326244956572e+02 1.335282114105665187e+03 -2.201597620647332422e-13
-1.139613761592099017e+01 -9.647203835690000062e+01 5.230488051784962522e+01 -1.163864028577798706e+02 5.181839172055226754e+02 -1.173720642737607256e-13
-5.078026213075582973e+01 1.781912062284810077e+02 2.638932629869724877e+01 -1.338070250993221464e+02 5.993768436380916000e+02 -1.406650096768992063e-13
-2.424317372290952122e+01 -4.693032624867652203e+01 6.083508338364437407e+01 -1.211378493488883521e+02 4.590155597876215552e+02 -1.222403629230080175e-13
-1.929831011584944633e+01 1.626669368921095327e+01 3.694705532000707393e+01 -9.284653506067321871e+01 3.754352236560350775e+02 -1.273029103123960537e-13
-1.090663348442513580e+02 7.108260217280951565e+02 -2.174616105027663338e+01 -2.291085342436274743e+02 1.156825817573436325e+03 -2.213723642941430815e-13
-3.413920117014520628e+01 4.176928456878779912e+02 -2.621961951743885777e+01 -1.163728009926947067e+02 6.431898229037432202e+02 -1.578093796112170560e-13
-3.668077676048147140e+01 1.805729982531659061e+02 3.125923342174527875e+01 -1.387404836778357264e+02 5.995798462410322145e+02 -1.396467059569387873e-13
-3.667360289329221956e+01 1.102863630194482525e+01 4.519432486782328340e+01 -1.320931388376755535e+02 5.902824214046385123e+02 -1.272620442238185095e-13
-2.679085897591586729e+01 -1.414566365062406419e+02 9.545793302120716817e+01 -1.605363179096245005e+02 5.715103475325190630e+02 -1.071658077586241728e-13
-2.545744255423313973e+01 2.467271921609930132e+02 5.522468230003386047e+00 -1.085442492505552821e+02 5.128667505776022608e+02 -1.397742078246968748e-13
-3.073741827995332088e+01 -6.773533758938232552e+01 9.979506707520218356e+01 -2.003350937793650814e+02 7.570533489493677735e+02 -1.315262173414343622e-13
-8.934323216097386933e+01 1.877892207760020824e+02 9.000985534033949875e+01 -3.012673857727070867e+02 1.310385475105416162e+03 -1.810524206294946844e-13
-6.030462075692565094e+01 4.098630279229956841e+02 -1.418520957503952395e+01 -1.350763202654135853e+02 6.975601919606748424e+02 -1.617450434268788210e-13
-2.946611753259297473e+01 1.363549777075276950e+02 8.551613030646413094e+00 -7.293005722087468712e+01 3.352021828983311025e+02 -1.241081172466380742e-13
-5.102192098207535054e+00 -1.943132530064901005e+02 6.774327377221332824e+01 -1.140180742943742871e+02 4.752787533458543408e+02 -1.073154943921805779e-13
-6.612927945188108936e+01 4.343804886318447984e+02 -2.745503746083135965e+01 -1.186505238611347437e+02 6.541466107065010647e+02 -1.488911112464488234e-13
-1.595209486357808970e+01 -6.071686494739874007e+01 4.630388208944857098e+01 -9.573989533085381254e+01 3.915410109107526750e+02 -1.106010568306339578e-13
-5.170119149098619715e+01 2.430187186657599057e+02 2.849974312287288569e+01 -1.491331621087982739e+02 6.412045887297963418e+02 -1.536937991440022071e-13
-9.694929678646586524e+01 5.492267607697239100e+02 -1.711936130458319028e+01 -1.692268375249630594e+02 8.434513548221638075e+02 -1.854103060473175407e-13
-4.066322500812183449e+01 4.165805649028377644e+01 6.034841534531378215e+01 -1.515868108138636501e+02 6.016818808048470828e+02 -1.277667410553158048e-13
-4.908222800543993003e+01 7.894632390041188330e+01 6.239735325836982582e+01 -1.726109651939546268e+02 7.024673490141924503e+02 -1.438679170374755500e-13
-1.572397292125923940e+01 5.699417109221771227e+01 2.805403292337842203e+01 -1.079312761184416445e+02 5.038905612072844065e+02 -1.204386629542528170e-13
-6.392736445962938774e+01 5.063266480979572748e+02 -4.226276976501294058e+01 -1.101703315762362081e+02 6.391222903115512963e+02 -1.644812735103544726e-13
-3.221064614446940055e+01 2.173273363970764080e+02 1.412998529876389631e+00 -1.086972883620816361e+02 5.618590158995809816e+02 -1.277769420352652576e-13
-1.013796710117027260e+02 6.780776928940149446e+02 -3.965769537270859502e+01 -1.850220177067420764e+02 9.993213593150337601e+02 -1.918328703428606864e-13
-1.109267752418223836e+02 5.295705287733492241e+02 7.549165848069619322e+00 -2.157843454015154805e+02 1.012806301862091459e+03 -1.888856232825978982e-13
-6.098677200407046683e+01 4.383210448941438813e+02 -5.584814197179036599e-01 -1.716292385858967577e+02 8.350347270683953411e+02 -1.645361117690798566e-13
-2.616992878517866572e+01 1.555579523456777906e+02 9.124083457165118816e+00 -9.316710866584902817e+01 4.534614732883441661e+02 -1.084824743468236230e-13
-3.554763899976465069e+01 3.378865218144803748e+02 -9.181963940322985351e+00 -1.125401300700469562e+02 5.669245049287570737e+02 -1.422709652136054894e-13
-6.285710157939137588e+01 4.916584825604882667e+02 -3.298128713353474240e+01 -1.344739860936832656e+02 7.538162652073128811e+02 -1.734637830284540556e-13
-1.509172036350178558e+01 2.611810816967169444e+02 -2.104014565899107581e+01 -6.320391448522039468e+01 3.676610412310468519e+02 -1.313983116067565510e-13
-5.004911005482069442e+01 3.188675353575462736e+02 -3.775091715024667227e+00 -1.204415201703329501e+02 5.993803097625565215e+02 -1.446595809946678607e-13
-1.117785310942541201e+02 7.863665584490447600e+02 -4.740556218753367546e+01 -1.956836158151821508e+02 1.041006553541554467e+03 -2.030401695157359288e-13
-2.383874377564464186e+00 -1.665093894883648886e+02 6.239904957675703656e+01 -8.730990312320379587e+01 3.095225585971676310e+02 -9.556197164093402741e-14
-8.494160932446551726e+01 5.998184325329456215e+02 -4.429010528345168041e+01 -1.575410702365314535e+02 9.018209815193877148e+02 -1.891434733748962768e-13
-4.898962020890178337e+01 -3.596950077974093318e+01 9.687917835778095821e+01 -2.095462998231743370e+02 8.143036936262259360e+02 -1.396002479075816625e-13
-6.113084463343297870e+01 1.344177743137017558e+02 7.492321748550615723e+01 -2.224146087100600653e+02 9.162123439827581706e+02 -1.645061261327467121e-13
-9.337354162549029013e+01 4.002276191270997856e+02 2.293166988166671061e+01 -2.158817155091560949e+02 1.010006811648992084e+03 -1.769783008142427608e-13
-1.964200670936875071e+01 1.068556785777941371e+02 1.222816206730017186e+01 -7.270192929708261431e+01 3.318023228427715026e+02 -1.107744037917225899e-13
-3.105461637235814365e+01 2.790719032183143327e+02 -1.830781780914266577e+01 -8.105737591104967521e+01 4.570175760090858716e+02 -1.290138335290230810e-13
-3.186897687094581499e+01 1.985136358372730285e+02 -4.743652846362749198e-01 -1.019415533710980810e+02 5.423752734586879569e+02 -1.257748306098266681e-13
-5.748380385476873045e+01 3.944903650800463311e+02 -8.927173981720894602e+00 -1.624836515877331919e+02 8.594256088560466651e+02 -1.701764681486462267e-13
-4.610653912043475344e+01 2.531282064718904508e+02 2.577965806651232872e-01 -1.357931804864458343e+02 7.250947753649744527e+02 -1.370873829355652328e-13
-5.557283675710804260e+01 3.524470222311684893e+02 -9.734573282274427086e+00 -1.267892718745294474e+02 6.555529643733644889e+02 -1.371207534340193398e-13
-6.759527918287254522e+01 3.116545669010304778e+02 2.950301690667502541e+01 -1.842819508443664631e+02 8.205940570874693094e+02 -1.699697646963070978e-13
-1.944009441138746652e+01 2.565000003633550705e+02 -1.216151088340258113e+01 -7.870165012052159170e+01 4.183892547770604438e+02 -1.225029389240720649e-13
-3.982234975468553984e+01 3.321275668189913972e+02 -3.374514065082538483e+00 -1.185095736661450587e+02 5.740712518157181421e+02 -1.439749723531960796e-13
-2.739185000734980591e+01 -1.317808504403034320e+01 5.482905994004934769e+01 -1.128129081644554361e+02 4.167155027824122158e+02 -1.125738879428053763e-13
-3.129901320905709028e+01 3.617420050868091153e+02 -3.686278618047327704e+00 -1.538398373789089248e+02 7.918109037629711793e+02 -2.014223212534430293e-13
-2.794636629379382597e+01 4.893920177253252746e+01 4.486551972398918053e+01 -1.366723745874272709e+02 5.952912155554080300e+02 -1.402344219576445543e-13
-2.449361793421899858e+00 -2.751270809874165479e+02 4.159744651691044481e+01 -7.792035840797524315e+01 4.596124624502887741e+02 -1.065369080675444489e-13
-4.750512241155571047e+01 4.064190416369621062e+02 -3.013494431543744767e+01 -8.953921710778665499e+01 4.961753587096886804e+02 -1.429605621977518194e-13
-4.873229256391406494e+01 2.089749340183652748e+02 2.337057644280496049e+01 -1.473972189947786831e+02 6.874485959422427186e+02 -1.484779526389785243e-13
-9.949473317653382765e+01 5.185322935741919537e+02 3.196755057705010561e+00 -2.153555642033106210e+02 1.045938432176334572e+03 -1.882033093023635688e-13
-3.406106406274287224e+01 1.277369629418447516e+02 3.075324567030907730e+01 -1.254904859881829964e+02 5.526065081132830983e+02 -1.303926069844125166e-13
-4.438232510632408534e+00 -6.819312760241487581e+01 2.298607966297930005e+01 -7.160854655457988827e+01 3.842560586463785057e+02 -1.153540734990044550e-13
-2.670404271900943982e+01 1.650956506058319633e+02 -2.956996719902705184e+00 -6.185564568144770448e+01 3.133713013566695622e+02 -1.055938158772053203e-13
-1.032548128178466982e+02 5.597022790732499971e+02 -1.469101207777305973e+01 -1.802110755935421480e+02 8.940288804787695653e+02 -1.702244857339875132e-13
-9.836379881169780504e+01 7.237074500975807041e+02 -5.711339754889361586e+01 -1.417461612802111688e+02 7.866953888645967936e+02 -1.798156541724601123e-13
-7.008523023847389766e+01 2.922663688021217467e+02 3.999780341745542955e+01 -2.088435755602729103e+02 9.327177225876849889e+02 -1.669952453101313494e-13
-7.389597196210992536e+01 2.282123156762240512e+02 3.910600353750960068e+01 -1.790863510451005993e+02 7.854909837910827264e+02 -1.428764862081100211e-13
-2.040067151654576527e+00 -2.086367604846067820e+02 7.634391175116415695e+01 -1.083532839536703847e+02 3.926062471507215150e+02 -1.001605849276015281e-13
-5.332032255378913987e+01 3.939695513893695988e+02 -1.128049205810883393e+01 -1.278852411972383436e+02 6.422879703685017603e+02 -1.518810513884551520e-13
-5.130733301345248520e+01 2.889165770656102268e+02 3.800517911551189787e+00 -1.270100265752005697e+02 6.170160369999692875e+02 -1.401924354310475618e-13
-1.264605801827185161e+01 -2.765352775857986103e+02 9.845770371428982060e+01 -1.333361496051455788e+02 4.687736964498486145e+02 -9.706870588585071892e-14
-7.397150416781231286e+01 1.892097688002320126e+02 4.547520641855136603e+01 -1.893917113811457114e+02 8.426394016626890107e+02 -1.524134183011659717e-13
-1.198104885652458051e+02 7.697377566986177726e+02 -5.024920459463012179e+01 -1.905833536447137249e+02 1.037174464146347418e+03 -1.953354894985976058e-13
-4.822258658763514205e+01 2.015278120980201138e+01 8.861036059243110685e+01 -2.235252345589470337e+02 9.200005907650281642e+02 -1.485158176429409459e-13
2.972936972189313298e+00 -1.202008797246990213e+02 3.957544110653751090e+01 -8.010533413985767481e+01 3.733075657899808562e+02 -9.607098744093659880e-14
-7.907388859070314879e+01 6.394135779198891214e+02 -5.275454034621615307e+01 -1.412152316564439047e+02 8.171901535915986869e+02 -1.768120620980559414e-13
-2.547383840295610824e+01 4.289415722168149046e+02 -4.203700275812854414e+01 -7.729843915038613034e+01 4.735984350247973111e+02 -1.412810237991981170e-13
-1.024075104565347232e+02 6.681705276409835506e+02 -3.970661519788259142e+01 -1.630546631202929291e+02 8.592363173500745006e+02 -1.856729350627947552e-13
-1.448347664983978973e+02 8.767659642345361135e+02 -4.144873244348389107e+01 -2.343416669398061742e+02 1.196232071530338544e+03 -2.214179239202936959e-13
-1.193565178533256699e+02 4.396448525562277041e+02 3.241414378912079997e+01 -2.387897701579076113e+02 1.074248193092970951e+03 -1.909462709915899908e-13
-3.726059783838879724e+01 7.039190401971804789e+00 4.669500317591764116e+01 -1.214123948219915974e+02 5.117923275757693204e+02 -1.156358298424593841e-13
-1.274158943428737985e+02 9.345485212408425468e+02 -6.324952970057754698e+01 -2.124348217746687908e+02 1.146179185566531714e+03 -2.176165934143248298e-13
-2.134160732564659213e+01 2.609355920276032066e+02 -1.931476724867896877e+01 -7.341526078224714524e+01 4.254336755989622816e+02 -1.407738487422214581e-13
-1.226405607033068179e+01 2.933283907630323029e+02 -1.518253476772509103e+01 -1.059271346024969915e+02 5.936990362938240651e+02 -1.617528912624660979e-13
-1.639787920632380391e+01 2.683983481443727896e+02 -1.236674070121225100e+01 -8.186742734423451395e+01 4.322363480520792223e+02 -1.457337747124800255e-13
-9.261363994777936171e+01 5.509589165743532249e+02 2.758881012247636488e-01 -2.182794801297941660e+02 1.060465443893316660e+03 -2.030554458116456578e-13
-1.044124990125946653e+02 6.685196054165132864e+02 -3.823272715753315509e+01 -1.661815137513706020e+02 8.705547060737059155e+02 -1.825394564800291509e-13
-6.308431292632417531e+00 1.060512099126054011e+02 1.976198911581901285e+01 -1.073324521875205448e+02 5.169273646735516650e+02 -1.459788932740380769e-13
-2.467481391493742038e+01 7.172679114742905426e+01 3.258982571093621772e+01 -1.079997604288068374e+02 4.644434666825667932e+02 -1.178853699463308301e-13
-1.048343489470718737e+01 -6.077023268027861747e+01 5.691515679637193159e+01 -1.113733087186518134e+02 4.286725676308050765e+02 -1.159808116796839829e-13
-2.643035429572615769e+01 1.446427117940435494e+02 8.104723812494288637e+00 -8.394017256587581244e+01 4.059910574553779270e+02 -1.134338056392696208e-13
-1.641780353697676276e+01 2.642202304144314340e+01 3.970864710128025621e+01 -1.502206296814754580e+02 7.359896206500867493e+02 -1.632808380721611082e-13
-1.318094903292641789e+02 8.339289387839811525e+02 -6.124917139879780592e+01 -2.096916990975362864e+02 1.188925886384011619e+03 -2.184468985788782832e-13
-5.400236030725102410e+01 1.939864861038095682e+02 4.715029930986982976e+01 -1.927452450071707801e+02 8.509355015391212191e+02 -1.587082301475318227e-13
-3.520547653420773315e+01 3.114472204565259403e+02 -1.243742436172457388e+01 -1.023247421005925304e+02 5.385590639283511791e+02 -1.413635242251332910e-13
-3.103104450963829208e+01 1.375479177773847539e+02 -5.012281644603580055e+00 -7.847047097015473582e+01 4.585073844106190109e+02 -1.253108235602395816e-13
-5.147490079442372490e+01 3.592845178987872856e+01 6.574704886239146617e+01 -1.627487686022942910e+02 6.463363250344328890e+02 -1.375224078133333958e-13
-2.996355642807925790e+01 1.386573333278976747e+02 1.289752135939326827e+01 -9.095580718779817175e+01 4.268410298340916142e+02 -1.180557303035133146e-13
-3.701112068386937182e+01 8.977528128408067687e+01 5.286935303556053611e+01 -1.712744994356848167e+02 7.465847694786777993e+02 -1.407173083644138132e-13
-8.601828537816747655e+01 1.339700398148097520e+02 1.128106428670066066e+02 -3.237819057439764947e+02 1.355199316768230119e+03 -1.993646702804563597e-13
-2.589880861982980420e+01 -2.539276524719353461e+02 9.697118899844134887e+01 -1.461273381344210236e+02 5.476670851794785904e+02 -1.121029146723760403e-13
-1.062466595715932414e+02 4.467956305745104260e+02 3.780689716414505597e+01 -2.706986721594581127e+02 1.248947223575961061e+03 -2.073782347810961645e-13
-5.771925958699219450e+01 4.283410334654456051e+02 -2.422271983864825629e+01 -1.146816602758886035e+02 6.111895417261270040e+02 -1.576504204267942625e-13
-1.774441190607590002e+01 2.956603143634663979e+02 -2.884990769270788036e+01 -6.913688486752117512e+01 4.322422882569455851e+02 -1.363963439181881633e-13
-5.395054675269914668e+01 2.514814416567287481e+02 1.322129637032577953e+01 -1.488443790843853094e+02 7.309621589351158946e+02 -1.628468259728018796e-13
-1.827506852332406240e+01 1.887412825886184464e+01 2.755108115571150762e+01 -8.173929077152509137e+01 3.590651250208586589e+02 -1.132108640973951783e-13
-2.021079600617553851e+01 -9.667264216060281967e+01 5.769623082053298901e+01 -1.195327214003507237e+02 5.049294247230149040e+02 -1.216834820598023807e-13
-6.254376624407317564e+01 4.516296675059157337e+02 -2.321608604711937929e+01 -1.228898309410843979e+02 6.427913095024169934e+02 -1.691046807240194640e-13
-3.304598763148593576e+01 2.990318972431479665e+02 -1.931385804279727481e+01 -8.166377313619935308e+01 4.528610268321734225e+02 -1.379486153450297220e-13
-2.035981352985247739e+01 -2.279254242783976281e+01 2.273635338365297898e+01 -8.329738460189288674e+01 4.310464067737306095e+02 -1.185200537178755337e-13
-3.665268682213014273e+01 1.696312867161573479e+02 2.287084711509353596e+01 -1.380123626682519102e+02 6.564961878370214663e+02 -1.625872483272595222e-13
-2.114599727798102080e+01 9.993502107603860907e+01 -9.354900155361801639e-01 -6.915121316904445337e+01 3.973908014402712183e+02 -1.148953840238153883e-13
-3.651941224210671066e+01 3.329126283136748157e+02 -2.468200446016819782e+01 -8.279934723994881551e+01 4.699808109605606319e+02 -1.343855110630736855e-13
-4.408386839371024024e+01 -3.621612877187828872e+01 5.813717432328832757e+01 -1.446698813327641915e+02 6.266314335981387558e+02 -1.195726910824741489e-13
-8.182878748663647173e+01 6.243768102602607541e+02 -4.854855569542036875e+01 -1.498578898247300799e+02 8.593972178474980410e+02 -1.881845454416716040e-13
-8.417213368824104691e+01 4.792148507473948484e+02 3.167669602828776299e+00 -1.906079318703793888e+02 9.086669200993540016e+02 -1.798925696257204962e-13
-4.275525537102929974e+01 1.766756450334257806e+02 1.964463641533170346e+01 -1.301290325044278688e+02 6.189931344753140365e+02 -1.527147530061348224e-13
-1.960063348991311116e+01 -1.702537104943939141e+02 1.041776166062607842e+02 -1.947244224422991579e+02 7.666501551473032805e+02 -1.315007131811948489e-13
-1.004023124888987084e+01 -2.443959644852448765e+00 3.230114237070546324e+01 -8.968157891419849648e+01 3.976966397113191078e+02 -1.075115691291097365e-13
-1.502189776552871336e+01 7.246740404899959742e+01 -5.807840947333164472e+00 -5.550222417788175733e+01 3.570608469791304174e+02 -1.154431487552139298e-13
-3.111607146677452462e+01 1.065938140718103853e+02 4.150716319446865299e+01 -1.427959817964178342e+02 6.155774919262602225e+02 -1.469770209472931315e-13
-1.150131234991089180e+01 -2.828420265628544783e+01 4.931464083469668225e+01 -1.179873994371702537e+02 4.979579202362835417e+02 -1.287196426016938303e-13
-3.413165239426491837e+01 1.383124968333624167e+02 1.991421433072615699e+01 -9.545278522730328064e+01 4.123557966809611912e+02 -1.371432657457254819e-13
-3.019865965664871155e+01 -1.746015050903362109e+01 5.659391790528917454e+01 -1.470883237530402994e+02 6.389859559156425348e+02 -1.305943599773686277e-13
-6.539066089332389531e+00 1.261598418258615908e+02 -2.700264502814305967e+00 -6.725286423498597799e+01 3.766498610731780445e+02 -1.155824254006258603e-13
-2.596357898705607781e+01 -9.604730128298619718e+01 8.513213199389203112e+01 -1.628047589073555343e+02 6.195415830060392182e+02 -1.117947228976693020e-13
-5.311675512080509698e+00 -5.937767907652535371e+01 6.065837332305630270e+01 -1.328169126817111874e+02 5.478215219789250341e+02 -1.189787653784005242e-13
-3.056452202961440534e+01 1.465059184279528495e+02 1.341888283549293881e+01 -1.030665462194931905e+02 4.991465846572066312e+02 -1.161509851688444136e-13
-7.103723223240488949e+01 2.767312419006122468e+02 7.537997957320743403e+00 -1.517065375270070433e+02 7.680579673759001480e+02 -1.647594761978987864e-13
-9.859970512351038607e+00 -3.192848912321325656e+02 1.206837955504328761e+02 -1.620771979187560419e+02 5.509895476562541035e+02 -9.101206432474397206e-14
-1.157711393452149373e+01 -1.962848600483664256e+02 7.741419806360491407e+01 -1.207125763200632491e+02 4.597522528302068281e+02 -1.023592479843555520e-13
-5.349516924834454557e+01 3.114267235987965137e+02 -2.390018141993851764e+00 -1.221767489976485308e+02 6.076418685880995554e+02 -1.534699862339321363e-13
-1.360710376237030594e+01 1.643913645029914790e+02 4.111843409585612896e+00 -9.100644461145304831e+01 4.645629108836804448e+02 -1.310240649234235680e-13
-1.375431556522106469e+00 7.995336264571722040e+01 -9.675017939948505230e+00 -6.287292143087150720e+01 4.258933396795315502e+02 -1.281142244318594850e-13
-5.401838132195354092e+01 4.382377303099701749e+02 -4.418215324650203968e+01 -9.881968199321805457e+01 6.251960932301025196e+02 -1.611778542277947526e-13
-2.477709881830580585e+01 3.502006080334803784e+01 3.494310229790865918e+01 -9.688309597363570447e+01 4.016229433417917107e+02 -1.129313249984617964e-13
-5.105086360355185704e+00 -2.227337939848610660e+01 2.341430028255931362e+01 -6.191886453042916116e+01 2.825924388583284212e+02 -1.167634939082494827e-13
-3.373715031290022637e+01 -2.603930237680637561e+01 8.932148903886925950e+01 -2.207956696126595943e+02 9.310680126973327333e+02 -1.562803986580943567e-13
-6.388378290925848546e+01 3.426346974303606885e+02 -2.253512857649513990e+01 -1.348976312284954133e+02 7.993246975379137211e+02 -1.646899213791391333e-13
-5.185582499260713263e+01 4.196270795422856850e+02 -3.207762360931737788e+01 -1.093491973570630620e+02 6.320932393339328428e+02 -1.653361978082495686e-13
-3.418102726921070911e+01 3.853063187164793391e+01 3.976083858542747151e+01 -1.242471012087393376e+02 5.521297570827430263e+02 -1.263738495646687849e-13
-2.420723127965590393e+01 2.025410274546914025e+02 7.136439642704742958e+00 -1.250787311273974183e+02 6.461836178242385813e+02 -1.343443227335178097e-13
-4.874370997944476613e+01 2.615692966887748412e+02 4.625325404489578318e+01 -2.089048439598436460e+02 9.156155920092568294e+02 -1.728512795389506225e-13
-1.120926317606190281e+01 -5.108149287654343595e+01 4.100428791622982772e+01 -9.542662136444428711e+01 4.163142391616207192e+02 -1.098131986377097849e-13
-4.106873688800985889e+01 2.796251074744483276e+02 -7.150749038786914369e+00 -1.134280054648494200e+02 6.027284883764771166e+02 -1.486777480434664430e-13
-2.481567655999102939e+01 -5.475306607281388693e+01 6.927781569903588377e+01 -1.436335460738942231e+02 5.618954170161125603e+02 -1.214455304166689711e-13
-2.359460633874888558e+01 -5.098674306595490862e+02 1.800268067131001715e+02 -2.371860291635834699e+02 8.157784476214957294e+02 -1.208152398445874676e-13
-7.857606815162010605e+01 6.772129160617522530e+02 -4.874636550947070646e+01 -1.411275529210068385e+02 7.631083980282497805e+02 -1.908575100516008060e-13
-4.334994714549001316e+00 -6.252320464139109646e+01 4.530600065729451842e+01 -9.342324601148514773e+01 3.836905894350982180e+02 -1.280695015674223341e-13
-3.879523017200463642e+01 2.708885540456492436e+02 1.432299578964944686e+01 -1.359371578068185897e+02 6.228516698294159823e+02 -1.460108117318671437e-13
-6.281295867905069663e+00 -1.333161964214338013e+02 4.990481505956389441e+01 -9.704917225744900122e+01 4.306633843843451928e+02 -1.201014622771384127e-13
-5.313122268428705297e+01 4.153476996616390693e+02 -8.511723997610634029e+00 -1.578807516439475478e+02 8.104764149774141515e+02 -1.617168757367154374e-13
-9.239872428325340081e+01 7.910804307016469465e+02 -6.581468629859745079e+01 -1.529083215953344279e+02 8.679517372666933852e+02 -1.878410739179457495e-13
-5.676067864927216533e+01 4.181794257365218641e+02 -3.029533918083275879e+01 -1.151299289547679336e+02 6.605985337115002949e+02 -1.519814759305581386e-13
-3.237803124333807148e+01 3.528116973255528137e+02 -9.084458713272827168e+00 -1.208890971366938913e+02 6.114513269158836692e+02 -1.519269501941361658e-13
-5.690153499520780400e+01 1.897051379412080223e+02 2.310533949238657314e+01 -1.306813290640610603e+02 5.909419447821679796e+02 -1.388455948296346209e-13
-3.607366247714718810e+01 1.956595879518710035e+02 4.498259228499344786e+00 -9.889554815993292891e+01 4.921254626883148262e+02 -1.355281818254434749e-13
-8.358341610652698250e+01 5.230539147282318027e+02 -2.846019849779462518e+01 -1.307322927975399978e+02 6.765916196491549499e+02 -1.648431418277618868e-13
-2.440466403056443667e+01 2.497004353242391801e+02 -1.591113331817589405e+01 -6.492670542320848881e+01 3.548145137249247796e+02 -1.213079866740073131e-13
-6.617039468735310948e+01 3.752626598357762191e+02 -4.199296124481022296e+00 -1.265832387496152762e+02 6.019089743158706369e+02 -1.431254084354228821e-13
-9.339615985960587352e+01 5.199495961276718390e+02 -1.688713895427632750e+01 -1.700397791081569494e+02 8.689627970860088908e+02 -1.670836350610646388e-13
-4.395715637536505227e+01 2.000113553701919216e+02 1.112726022774471879e+01 -1.103998911245051318e+02 5.237807672849386336e+02 -1.431551789714498579e-13
-5.656554618907546939e+01 3.401024719881120291e+02 -1.113584989858254026e+01 -1.034582216229510152e+02 5.167602569694997783e+02 -1.322641781737378942e-13
-5.315864633329942279e+01 3.825149184914325815e+02 -3.205914223972359167e+01 -9.648267721010309117e+01 5.727710471743920380e+02 -1.480620467718630604e-13
1.054985350173637215e+01 1.881127988050193096e+02 -6.337450648793754304e+00 -1.134611143868400092e+02 6.650491355463651644e+02 -1.503101249244963826e-13
-7.892198778217063193e+01 5.802501268877231269e+02 -3.027401420536808629e+01 -1.400961409359493928e+02 7.090997005743880663e+02 -1.676451844781742413e-13
-4.703655775923248683e+01 3.727450917764508063e+02 -1.860313959265129924e+01 -1.081253156615293420e+02 5.719869658378772783e+02 -1.512459777207608508e-13
-4.826974042239944396e+01 1.531191179728238296e+02 3.145844199555316223e+01 -1.423534211382662988e+02 6.427860526898969056e+02 -1.371995914047461433e-13
-5.764258400418751194e+01 2.824105776843028792e+01 6.515424893852996036e+01 -1.838553212062472824e+02 7.976886367442548362e+02 -1.382002143194187482e-13
-4.252966388046787216e+01 -2.154011901995562539e+01 5.456633674344642060e+01 -1.514038162140520285e+02 6.839951282144164679e+02 -1.194061205382781254e-13
-1.491088638302703195e+01 2.378534810739671457e+01 3.449047816230272190e+01 -8.628938000141039311e+01 3.415663421521109058e+02 -1.056892929560411583e-13
-2.040645011019190846e+01 1.410738153663354240e+02 1.810346549332630772e+01 -1.247591072722946706e+02 6.189555866579158874e+02 -1.436196115697801697e-13
-8.985126905638889383e-01 1.582251995004061307e+01 2.169967263027970716e+00 -4.878182688937022249e+01 3.024123670810074032e+02 -1.123806211515815084e-13
-7.100798738834373403e+00 8.541244484755557664e+01 -1.143027157417832868e-01 -5.061949393188463375e+01 2.782214570390017343e+02 -1.085036359130012072e-13
-2.733396471242857118e+01 3.221862386477803852e+02 -3.519009330520771783e+01 -5.762533628703150868e+01 3.759757541179337750e+02 -1.484824056774761732e-13
-3.011159642501361233e+01 9.797319529800491011e+01 5.129723005006205483e+01 -1.487761791229492303e+02 5.993757271988509956e+02 -1.350482396422623372e-13
-5.378678316254479341e+01 1.575483818987879090e+02 3.840849689668943512e+01 -1.713686789728857320e+02 7.900518343729833077e+02 -1.475509300885251973e-13
-2.571042248343023218e+01 1.181804805730492802e+02 8.827446352709683808e+00 -9.405815428642559084e+01 4.888456862918692423e+02 -1.203186620854331689e-13
-3.599645100666034381e+01 2.735763003817641561e+02 -1.488610511006846160e+01 -9.789607101398497946e+01 5.523350072811899736e+02 -1.418939653048670992e-13
-5.542745691668554286e+01 1.982547703526763030e+02 3.582796717630822059e+01 -1.800507347228598292e+02 8.350192075086367822e+02 -1.564746585990847717e-13
-3.605038493463590044e+01 2.412753466232701101e+02 1.121352961677409077e+01 -1.252692501528407121e+02 5.928427659326601997e+02 -1.569370061033125129e-13
-2.427458585928137680e+01 1.173851313170807629e+02 2.489575319391621377e+01 -1.139074006528368130e+02 5.198902853374680717e+02 -1.344574501197306897e-13
-1.296434121030314088e+02 8.030004120015753415e+02 -3.565822895856843644e+01 -2.159418713701114996e+02 1.089675366367219340e+03 -2.126253410624972951e-13
-8.385953132257024834e+01 4.677113258331281713e+02 -5.562636744831874758e+00 -1.667772333292204223e+02 8.128702237226663101e+02 -1.652871352332618152e-13
-6.407798652088779079e+01 1.585762212743398152e+02 6.220900691347386413e+01 -2.058104654870671766e+02 8.683027104259330144e+02 -1.452654627790476448e-13
-4.629816992983513302e+01 9.261758603572512527e+01 4.839985047427106224e+01 -1.514107172595881536e+02 6.395969632674190279e+02 -1.302775393331609224e-13
-9.789830092956503904e+01 3.431918299664789060e+02 3.950587443409061450e+01 -2.275208733184693131e+02 1.023979804486554485e+03 -1.774019014453091145e-13
-7.097235381443961444e+01 3.250247944701001757e+02 1.672085093038437265e+01 -1.559036686048997922e+02 7.018980258078366887e+02 -1.560085250615689053e-13
-1.350903463168574881e+01 -1.586389198624217158e+02 9.355728693642618055e+01 -1.596645194694795862e+02 5.904692434017345022e+02 -1.162397929781780355e-13
-1.076795496313087774e+01 -6.707373501382500081e+01 6.268141986946249489e+01 -1.328020252735834106e+02 5.404159177608563596e+02 -1.288744960420733812e-13
-5.656592160907940325e+01 4.095661662653417920e+02 -1.756322105387456389e+01 -1.337312476900284537e+02 7.103862627062454749e+02 -1.572098939860212333e-13
-3.362232580292677397e+01 1.046930381623927531e+02 2.008997472417037500e+01 -1.000165480249469567e+02 4.666396628360233763e+02 -1.212278524368551017e-13
-5.858186305913401526e+01 1.481423304324577543e+02 6.355725869468891176e+01 -2.003874155291875354e+02 8.308769610724925769e+02 -1.527388288640747636e-13
-1.606319726458000048e+02 1.030710374409245105e+03 -6.185104932742115835e+01 -2.625146250550469631e+02 1.403169898049976382e+03 -2.483794370815132796e-13
-3.922676531650416365e+01 1.295517486463071464e+02 2.572676559484230197e+01 -1.022011873745326653e+02 4.269146859720642624e+02 -1.143338443826091946e-13
-2.465165336527645579e+01 1.369250101126468451e+02 1.082007031118442519e+01 -1.041205026375204881e+02 5.299358989435480680e+02 -1.310514276959507447e-13
-3.192090523221231990e+01 -1.718096054872315506e+02 9.721245005935266192e+01 -1.820655208979644328e+02 7.273309058129365212e+02 -1.143922898860673660e-13
-6.193112699401584820e+01 3.800608252864312817e+02 -1.224064604504908615e+01 -1.293373036271416652e+02 6.684344013624191803e+02 -1.436113185645569108e-13
-4.021268563944055785e+01 1.860380422023507663e+02 1.520748390828787677e+01 -1.121150340873137736e+02 5.194382418628489404e+02 -1.279398369726852743e-13
-2.940463106519675662e+01 1.255956510732779776e+02 2.733098303931523887e+01 -1.253821837724033657e+02 5.753876172232610315e+02 -1.406066939129170218e-13
-6.166959111413743955e+01 3.029144984092653203e+02 8.817388752247708794e+00 -1.579301572539505685e+02 7.824404005166908291e+02 -1.534084406592052443e-13
-2.228943654864690416e+01 -1.086616355257946154e+01 2.354741681676111753e+01 -8.327104469105330509e+01 4.168987046120402056e+02 -1.096133126874913791e-13
-8.269200950349643620e+01 4.634699581082787745e+02 1.186836396911809255e-01 -1.918585870783503253e+02 9.481977556561358824e+02 -1.708652483240530842e-13
-1.762632143328628231e+01 2.163696484059472880e+02 2.485694874426593870e+00 -1.050303626870980764e+02 5.310356314795272965e+02 -1.325067216053141128e-13
-1.114319756463646485e+02 6.470323444055366053e+02 -2.822838643609027542e+01 -1.809136153613142142e+02 9.212822083435539753e+02 -1.779899985745980739e-13
-3.171267717091899740e+01 2.027368729405686736e+02 -3.745326986575289840e+00 -9.159353302859831558e+01 4.906640646868819999e+02 -1.306370774698181423e-13
-7.411148332724428656e+01 1.981956302368611773e+02 7.387234645540112865e+01 -2.429378807488705547e+02 1.014013835525794661e+03 -1.736322760713302242e-13
-7.154562392659589420e+01 3.758847313654563322e+02 -2.132782560924985304e+00 -1.378077493082892317e+02 6.636685216985392799e+02 -1.573761504041594990e-13
-1.967769631817663267e+01 1.544587170363410848e+02 1.341925249903273176e+01 -9.299523979992025602e+01 4.255856347350975284e+02 -1.374613665779803319e-13
-1.619440471663158121e+01 1.169897283409238042e+02 9.897138016119031434e+00 -7.365202244441837820e+01 3.456759548277112799e+02 -1.158350871699857132e-13
-1.245101090639662544e+02 8.037954425147387383e+02 -5.337037016761526331e+01 -1.854268302040590584e+02 9.974610567590980281e+02 -2.108757202553468224e-13
-1.227544310518955371e+02 5.367133255741317726e+02 1.194244707514800119e+01 -2.458551310881216523e+02 1.181559505440673547e+03 -2.063829586934310865e-13
-8.146382110898881024e+01 4.775630828361342992e+02 -3.794101221839390092e+01 -1.189985771025465908e+02 6.919316015165710496e+02 -1.559700600688731915e-13
-2.837533827899844496e+01 8.051642424547723920e+01 3.389528776304869950e+01 -1.342370400720763826e+02 6.260035165052635193e+02 -1.496623891025044176e-13
-5.676328175829368661e+01 2.364331058397735319e+02 1.125977790389702982e+01 -1.195135592572688950e+02 5.574127102185997273e+02 -1.458504017851354136e-13
-5.735982901565424896e+01 3.012034514239748546e+02 2.029715082479649979e+01 -1.728970491709120552e+02 8.107438737770854686e+02 -1.672056360047427373e-13
-1.217004909546607827e+01 -2.133613919564881485e+02 8.724119336326353391e+01 -1.449186090086859338e+02 5.720650248659511590e+02 -1.083658002065910672e-13
-1.266069595044057117e+01 -4.752612154283296775e+01 4.499978571179749309e+01 -1.023491718875176275e+02 4.346309440664180102e+02 -1.115487556660749123e-13
-4.963865362817906401e+01 2.875962556474052008e+02 -7.278795609473687200e+00 -1.407611888531020270e+02 7.814460267885382336e+02 -1.567410002976170431e-13
-7.337054385980651716e+01 4.565507747289974532e+02 -4.062129722467383353e+00 -1.581184109556500914e+02 7.532491428737133674e+02 -1.680805577857009644e-13
-6.627559810582739885e+01 4.776394519417390825e+02 -2.146678539858173806e+01 -1.415671197062800388e+02 7.380150913146375160e+02 -1.675060899132755298e-13
-1.318435515713758654e+01 -1.328728730539328353e+02 7.242579231918239202e+01 -1.186460385182307817e+02 4.311891654967421346e+02 -9.730702182763472257e-14
-1.445998732328401104e+02 7.484090248730750545e+02 -3.455201831314573813e+00 -2.772660378221308974e+02 1.335711443969396669e+03 -2.274682963651355088e-13
-4.371961016610867290e+01 -2.488986698671799402e+01 6.691646126077269230e+01 -1.684235996481793052e+02 7.217270486950756094e+02 -1.357177377478083803e-13
-3.635149621635748218e+01 1.500400922122198040e+02 9.420590280140190842e+00 -9.678271732168106212e+01 4.799272686826390668e+02 -1.339751049890802891e-13
2.061213284469205931e+00 1.606483284874549611e+01 3.981245598400926067e+00 -4.724404207320321802e+01 2.802866969902167966e+02 -1.049385465164676531e-13
-8.665724392042103830e+01 5.461720157852518014e+02 -2.261486758288670629e+01 -1.795312419309209986e+02 9.501965286505800350e+02 -1.963675504005484788e-13
-1.345114587230588832e+01 -9.788441664493609551e+01 5.946078200283837134e+01 -1.054939436437685458e+02 4.001290874084314737e+02 -1.151981893129412176e-13
-3.513248051892874457e+01 4.333551347091596426e+02 -3.245724669352912883e+01 -9.082904467220828337e+01 4.999185846891647884e+02 -1.676549334881721563e-13
-2.843432918784654362e+01 7.995214202182991414e+01 2.072050306628287331e+01 -9.323905918288784278e+01 4.352314915075650674e+02 -1.249985779236957829e-13
-5.965119811411264550e+01 -3.423773001650312722e+02 1.738478469723750379e+02 -2.699439796075814115e+02 9.524162779890630190e+02 -1.242299161942063788e-13
-5.894659695232586927e+01 4.322618367689473189e+02 -2.262446348651272032e+01 -1.398014975237285853e+02 7.669416773481641485e+02 -1.713325295731380487e-13
-1.210470921481824291e+01 1.420312913828276749e+02 6.015740905319355569e-01 -5.951405757967692978e+01 2.917857474135885241e+02 -1.130791113220691112e-13
-3.844263756012176003e+01 3.040305106106224002e+02 -1.459404840802447190e+01 -1.030712761011309198e+02 5.628556353213538159e+02 -1.492633108207314507e-13
-4.608272238987222380e+01 2.993961836842004942e+01 6.283517161598078360e+01 -1.628246380843821726e+02 6.699144106225008954e+02 -1.381235265864757798e-13
-7.703026244951681178e+01 4.588145812041460658e+02 -1.084452000223382839e+01 -1.577209821992098568e+02 7.923823034090841020e+02 -1.684588483749643710e-13
-1.437730821865120134e+01 -4.820970766029351751e+01 4.296554028167972206e+01 -1.009695397069917391e+02 4.388965623494867145e+02 -1.202278760399611816e-13
-5.072749677735699692e+01 1.832404492489178267e+02 3.713956324186760583e+01 -1.516096344079410585e+02 6.464480136930857270e+02 -1.367042730031588212e-13
-7.858850946928623671e+01 4.586422690765347738e+02 -3.737489532640284295e+01 -1.429478369880143873e+02 8.632301106423266219e+02 -1.670239817369357208e-13
-6.097987846357003860e+01 3.118173835819929423e+02 2.225913196696923890e+01 -1.777373812430790849e+02 8.229034288505632730e+02 -1.651027532075773762e-13
-3.124266036012419434e+01 -1.332366647410124187e+02 7.558387360093365714e+01 -1.526141256229833516e+02 6.395818802968883574e+02 -1.262165829972198844e-13
-3.799329133262785518e+01 2.909711720433838877e+02 -2.492917373620105081e+01 -7.329721908823567844e+01 4.385320484087802697e+02 -1.273526577820873316e-13
-4.494458886359674921e+01 1.609135735730966417e+02 1.676943547727707085e+01 -1.296712026948405025e+02 6.459366921464803681e+02 -1.406474483674089919e-13
-3.569168687009990748e+01 7.672326148320884442e+01 5.502741041890160290e+01 -1.696717843421280065e+02 7.315784511283395659e+02 -1.408259594200836726e-13
-1.255593460179090037e+01 -8.282072381028260111e+01 4.965472540183873917e+01 -9.890706900428961035e+01 4.076155461571287333e+02 -1.196981235207953177e-13
-3.910043004418545110e+01 2.163852419296091227e+02 1.966761934328332373e+01 -1.738959844400826285e+02 8.838814616511015174e+02 -1.596716126039164951e-13
-3.137529684911138972e+01 -1.029321237001697824e+02 7.949134684105062831e+01 -1.592734582160124717e+02 6.370181453353667393e+02 -1.239918325645749091e-13
-4.680809541309906763e+01 1.373541689681094340e+02 2.505323072384562622e+01 -1.182401422296883311e+02 5.333218526151558763e+02 -1.220304303547053075e-13
-1.145866856588670402e+02 7.451656450179305011e+02 -5.859165085603530798e+01 -1.723915512893107973e+02 9.864143790614266436e+02 -1.955126082904531347e-13
-3.438087904261214334e+01 3.624624946657935993e+02 -1.211416195863686696e+01 -1.333216076897362257e+02 7.073542786321412450e+02 -1.680485535584039160e-13
-1.395402155971720326e+01 -1.150414219156751585e+02 6.031158571912212096e+01 -1.085860490832838252e+02 4.280837765352084148e+02 -1.048440709875496958e-13
-1.938872411802381279e+01 8.914371896427418562e+01 2.887990898669123752e+01 -1.131060657078431149e+02 5.097400194173158070e+02 -1.138720262808380918e-13
-1.487929845144822139e+01 -2.254662268522864679e+02 7.679109475739470270e+01 -1.360502750970263435e+02 5.883246234545820244e+02 -1.051756947677168252e-13
-2.932398635267684517e-01 3.906895077299147090e+01 -2.718217127013216050e+00 -4.109597060287315884e+01 2.649717346189543150e+02 -1.035605278780683658e-13
-2.685891378097926108e+01 8.693684233735889677e+01 2.334622290248273302e+01 -1.135984691621209350e+02 5.501405583043618890e+02 -1.197865866987914517e-13
-5.581438972868362924e+01 3.185454980413427393e+02 -1.102918152949507657e+01 -1.011770899878171690e+02 5.165965873076283970e+02 -1.261123581504225691e-13
-3.764322336177018968e+01 1.052727506707030756e+02 6.226732524745392539e+01 -2.012370695474244826e+02 8.763888543525799832e+02 -1.523135174557737164e-13
-7.910999154426197322e+01 3.211633905144295227e+02 2.531010462694661101e+01 -1.886775333922389564e+02 8.700248023372894295e+02 -1.536220037718224991e-13
-6.015777983398316486e+00 1.952563011432311555e+02 -1.114573474956190680e+01 -6.432101954295852408e+01 3.602454691397031752e+02 -1.332610810176532739e-13
-8.895204190369396713e+01 7.033634950490375104e+02 -5.070622983311979226e+01 -1.630448379542159785e+02 9.037840299878002952e+02 -2.087461645321107155e-13
-2.688859345894634245e+01 2.836257220375989050e+02 -2.301870376800085083e+01 -8.680576242870191095e+01 5.225075933655587050e+02 -1.489343282600287046e-13
-8.461734064101327135e+01 5.202953664889159882e+02 -1.504040352855832552e+01 -1.760345745743564976e+02 8.971750204953966659e+02 -1.836555506858602612e-13
-5.610592304717447831e+01 3.003043724869586981e+02 -5.724766852767690928e+00 -1.329871960412534690e+02 7.098742924709467843e+02 -1.431213499574345012e-13
-1.598300801005855760e+02 8.923099426646831489e+02 -3.705005898798196284e+01 -2.596238718577664031e+02 1.326577890993173696e+03 -2.209318840026519992e-13
-4.370252714248039183e+01 -3.108013196442719561e+01 7.193396504065565011e+01 -1.663858727829047268e+02 6.804221224392102840e+02 -1.357983155480756856e-13
-1.333428550310058647e+01 1.808814654324790752e+02 -6.530146205451528907e+00 -7.214452313979165865e+01 3.938332514318935864e+02 -1.416526080770573643e-13
-7.227820233978770936e+00 -3.185604278393903144e+01 1.261412801323364263e+01 -5.197398843249293776e+01 2.920030519647972369e+02 -1.006886376241553915e-13
-4.731920340426031402e+01 1.788485239576039305e+02 2.562389767917866479e+01 -1.348979458235645552e+02 6.111334185237036536e+02 -1.360037781812717693e-13
-7.101535961526200147e+00 -2.197150877823052895e+02 6.830785448243729263e+01 -1.106571217781964833e+02 4.677486440521893201e+02 -1.103514821709897438e-13
-7.251537045204604226e+01 2.752673278740034561e+02 3.268703405223527625e+01 -1.987690733694405765e+02 9.243473596710956599e+02 -1.635285512430869205e-13
-1.005799804996168056e+01 6.325221882289707054e+01 8.831312717804257417e+00 -6.291278194459537332e+01 3.198335576314574382e+02 -1.056190513623345511e-13
-3.463014125016858458e+01 3.056971904419002044e+02 -2.447607694365766307e+01 -9.631152045601486122e+01 5.795207477534023610e+02 -1.416323164089440396e-13
7.754488893269138039e-01 -9.326348205529714619e+01 6.077767990165919088e+01 -1.360884060197384997e+02 5.939752446993725243e+02 -1.272145571217671066e-13
-1.632026028467982925e+01 3.926385120261163308e+01 3.313559775278344688e+01 -1.050240595455255885e+02 4.648176444332386836e+02 -1.286148210282128249e-13
-5.172762935409491547e+01 2.918303416475306449e+02 7.590133870304146768e+00 -1.290073443578285151e+02 6.040120716396324951e+02 -1.331338811373716685e-13
-5.117839558295202096e+01 8.175881765634869680e+01 5.227468470148211566e+01 -1.469625935755982482e+02 5.928445687917586611e+02 -1.307843704988517131e-13
-2.924181009671187770e+00 -1.772238220018549271e+02 7.746504577906526379e+01 -1.371711846654549447e+02 5.560568377425845483e+02 -1.261732838502003588e-13
-2.968165153940778467e+01 3.195977032704500402e+02 -2.590194385064720350e+01 -7.966282141927473504e+01 4.665066136447421172e+02 -1.507654960782504083e-13
-8.177663851732132727e+00 -2.348662087546632620e+02 9.073047280619897492e+01 -1.235087911574811841e+02 4.215815093010517103e+02 -1.030081028484448525e-13
-9.935010012076794794e+00 -1.749651844595463217e+02 6.230750433227022711e+01 -9.882530791276379034e+01 3.937464671898928259e+02 -1.003841976401074670e-13
-5.108371017668230252e+01 4.080073293125386726e+02 -2.537715865410587313e+01 -1.146297478757994952e+02 6.331958426885469180e+02 -1.577393842775494152e-13
-5.909610492233509405e+01 6.901735533476537512e+02 -6.368643128593757297e+01 -1.330478482509271032e+02 7.950107465289264610e+02 -1.951984059108815257e-13
-7.632295258866258791e+01 4.482132479899349278e+02 -2.296379370258739883e+01 -1.246868391528597186e+02 6.557684196306641979e+02 -1.515314846074521007e-13
-8.372368761748062127e+01 5.771686755602308949e+02 -3.321876133733696435e+01 -1.525062616521382779e+02 8.136726620035124142e+02 -1.862653411821761522e-13
-5.398399121253860500e+01 3.409105594970048401e+02 -2.704265776625137896e+00 -1.251633383976415104e+02 6.080482332284224185e+02 -1.430917373135741871e-13
-7.716164691922084273e+01 1.898094103755476283e+02 7.028057308705237460e+01 -2.533209386104051362e+02 1.113007752761671554e+03 -1.764927978966060099e-13
-1.410149620827569272e+01 8.702809643848490850e+01 2.618948386712192544e+01 -9.713861410744469538e+01 4.211912439050971670e+02 -1.081674146931124331e-13
-5.335831751054036687e+01 5.262232967512904906e+02 -3.158381681590423895e+01 -1.284818779342061816e+02 6.791510837284444051e+02 -1.687989550425452152e-13
-2.026710768821039466e+01 2.975825710095239742e+02 -2.943791497936627088e+00 -1.221973263182211298e+02 6.215123813226142602e+02 -1.553207019557008036e-13
-3.199036499541541900e+01 1.968975891258619697e+02 8.880907773561482088e+00 -1.003796282827587305e+02 4.731027006708391696e+02 -1.373937956579791500e-13
-9.923243047279153473e+01 6.647006136267546026e+02 -1.849919261760285139e+01 -2.108388222276247745e+02 1.047115508760266039e+03 -2.063180502077313440e-13
-3.126622454556068931e+01 3.746339125768154190e+02 -2.565018736808351463e+01 -1.125869937793718947e+02 6.457597903085257940e+02 -1.652260129809131743e-13
-1.639679043041496342e+01 1.951646079353915013e+02 -8.936592036542940320e+00 -6.547088076701538739e+01 3.538843924679177917e+02 -1.187673532381388042e-13
-4.665930575008403025e+01 3.343879317366948385e+02 -1.577492298255319270e+01 -9.257125713563665670e+01 4.775039481209003043e+02 -1.325782586111014118e-13
-3.103231710584931591e+01 2.258295759899257860e+01 4.739510847381145453e+01 -1.197140450642004481e+02 4.844542052544209128e+02 -1.288986366924509745e-13
-3.643372326005081874e+01 2.161745715483093591e+02 2.444826902866497065e+00 -1.058953109891081681e+02 5.372560654458686713e+02 -1.384178215049838555e-13
-7.819461614627955726e+01 3.448968691155301940e+02 1.356073901176873520e+01 -1.669536056021624404e+02 7.818236841062301892e+02 -1.622329155710146240e-13
-1.412501657147587686e+01 -1.852251082102391138e+02 9.230491498477540802e+01 -1.483551577516933264e+02 5.420187648633066146e+02 -1.021025377672208280e-13
-8.273959797263763960e+00 3.115897399047302230e+01 1.146060068595821768e+01 -4.452583828052608084e+01 2.029728081100547854e+02 -9.913558087413444186e-14
-5.894930337839057444e+01 5.961289432341902739e+02 -5.678897636460602172e+01 -1.539719751524980325e+02 9.606484936108137163e+02 -1.934179462990945059e-13
-1.162490475264659295e+01 9.853120734404251380e+01 -1.036199545094416052e+01 -4.773787178080323201e+01 3.148793181611621321e+02 -1.152996408612947574e-13
-1.004065085838981553e+01 2.738351740112576067e+02 -6.395941224055505803e-01 -1.198897443771430602e+02 6.086974675417365006e+02 -1.544327304875617101e-13
-8.894935360778099209e+01 5.620247490047777319e+02 -4.148265814350773439e+01 -1.524303851279757964e+02 8.772670164878702508e+02 -1.836940056219823436e-13
-4.426020780008749966e+01 3.791088876086490131e+02 -2.454340103916732119e+01 -1.080868173646807264e+02 6.051200759421947168e+02 -1.452729687440279753e-13
-1.123691390598924755e+01 1.921431245000175352e+02 -1.240535850145130325e+01 -5.470197302892469082e+01 3.059401196758682318e+02 -1.273158530677301735e-13
-5.320711900037527897e+01 -1.926378544906406987e+01 9.698515372005924462e+01 -2.207654423082310586e+02 8.767626527229817839e+02 -1.414381904515482598e-13
-1.208628383027872816e-01 1.304633061073133327e+01 2.006638001436294516e+01 -7.556823028201060310e+01 3.698353597764522647e+02 -1.142715322495048183e-13
-2.481118795844010450e+01 1.706605967928597067e+02 2.579339674502875823e+01 -1.399634421341203563e+02 6.501247128969882851e+02 -1.497231571934055184e-13
-1.607402374697431924e+01 -5.899558290054005028e+01 4.561959380734302982e+01 -1.011630383468336021e+02 4.311203121577725028e+02 -1.124220871119674320e-13
-3.148586441169483408e+01 -9.715420534834638033e+01 6.805850785710407536e+01 -1.478917862453549503e+02 6.295258884931794228e+02 -1.192913150704993115e-13
-6.434310506668548868e+00 2.266183212710963630e+02 -1.070711414484325097e+01 -7.142104591302975791e+01 3.820995002236270466e+02 -1.377987543338256526e-13
-7.345514140933829594e+00 -9.068916566844536931e+01 3.700277927603936945e+01 -6.015052608578913151e+01 2.339340888316365294e+02 -8.925437530660519180e-14
-1.674517030343738000e+01 -2.092598204593974458e+02 8.941059304445175826e+01 -1.511714728229943319e+02 5.971816579085850663e+02 -1.109650399838763294e-13
-1.223517652512699669e+02 6.898894962397467907e+02 -1.958888460524011776e+01 -2.040252481190394178e+02 9.897648854615863456e+02 -1.884382954285375549e-13
-4.448810001270408776e+01 5.043887402399879534e+02 -3.169215631737320749e+01 -1.250591800460714182e+02 6.728949243843094337e+02 -1.731668206549507697e-13
-7.687875105539860954e+01 5.834973479372740712e+02 -4.175546016714302056e+01 -1.361449705205443763e+02 7.537353740465629244e+02 -1.661146851316093069e-13
-9.655483016898602955e+01 2.828000649975219289e+02 5.192699477521365026e+01 -2.356584849885487358e+02 1.043498722997076584e+03 -1.594964573702385776e-13
-1.121629506311722047e+01 1.897357270317483540e+02 1.112001999823934995e+01 -1.197949026957991805e+02 5.945475762019932517e+02 -1.465161878638217014e-13
-3.747591394085173278e+01 2.428590821855217428e+02 -2.031437757361909391e+01 -7.566241807412549747e+01 4.602439447132427404e+02 -1.215808259093308400e-13
-2.485964475460912038e+00 -1.392837634785525722e+02 4.846477707846301541e+01 -8.694247533444035980e+01 3.763354140421755005e+02 -9.921455844799092803e-14
-2.475380296323429619e+01 5.168458156293955597e+01 2.565710656188426597e+01 -1.025552091424781480e+02 4.870154214003860602e+02 -1.267983579471950951e-13
-2.648282822054157748e+01 3.356477573963298937e+02 -1.187860282280422730e+01 -1.036849008505172804e+02 5.263213251018302117e+02 -1.511683747352568636e-13
5.408548366820308040e+00 7.567846337871117157e+01 -1.112641547180464308e+01 -4.775630960937930070e+01 3.367116925711666227e+02 -1.249514575403308164e-13
-5.311024038278292636e+01 1.487430091869592559e+02 4.367019196220910260e+01 -1.647462020165739887e+02 7.182822325449775462e+02 -1.547998380122296393e-13
-2.691866016201066358e+01 -2.525225311647205615e+02 1.131517799574024394e+02 -2.003675762396558184e+02 8.075827974392440183e+02 -1.282766465508200144e-13
-1.931648438109451504e+01 3.077071174749912430e+01 2.327384421960430672e+01 -8.784245825133916696e+01 4.187600707057112572e+02 -1.267314005724362536e-13
-4.009879128773111745e+01 3.033878656133336449e+02 -1.043344572728378061e+01 -8.572470392942842921e+01 4.200415671852642276e+02 -1.592419843203712894e-13
-4.836711516762809282e+01 1.293346894081757341e+02 2.962792655205154446e+01 -1.250356119539691093e+02 5.555856948137324025e+02 -1.219600805915168894e-13
-4.349556953366838030e+01 1.345775933654495873e+02 3.442679665724384108e+01 -1.222068547488759265e+02 5.019544636987822628e+02 -1.373805672950186016e-13
-3.979641064853496601e+01 3.161804202600394547e+02 -1.233312601146585763e+01 -8.775518626622897500e+01 4.364585856882008557e+02 -1.398361585789405355e-13
-1.125945839951406846e+01 2.135971248294467841e+02 1.541219672855418210e+01 -1.248283063167217932e+02 5.833262868027131844e+02 -1.310793583990981967e-13
-2.715312345688865037e+01 1.844883387437947704e+02 4.856467674713128346e+00 -1.117384585407625650e+02 5.843888643751854488e+02 -1.303309134858242592e-13
-8.209549187655366609e+01 5.657912700835827309e+02 -2.092106641923351606e+00 -2.184778478709266665e+02 1.066066433219710461e+03 -2.073091987789157877e-13
-1.665088784415783962e+01 -2.103283146371706778e+02 8.787817842121054923e+01 -1.118440488407050566e+02 3.433924921569814614e+02 -9.279294970737925468e-14
-5.380140032578491827e+01 2.680014581377274752e+01 6.438041517060800345e+01 -1.637567871583893861e+02 6.685865278336203801e+02 -1.368316860036127259e-13
-4.653139096449684331e+01 2.669286951777933723e+02 -6.263107557074921949e+00 -9.862541603147911928e+01 5.068608043647088266e+02 -1.293510945751945758e-13
-7.357580461993512699e+01 4.274930558850824696e+02 1.714771823325270672e-01 -1.757764799351751606e+02 8.662023560573599070e+02 -1.678077730104394542e-13
-4.986959138887019094e+01 -4.655143039767531121e+01 8.552664547534361361e+01 -1.971815184712287419e+02 8.117206037308470741e+02 -1.474145451725674840e-13
-1.406177512094805060e+01 -7.742732639550475859e+00 5.187863700332151495e+01 -1.246593286158124698e+02 5.112706811278664532e+02 -1.144877972924949687e-13
-1.591215584499398403e+02 7.840030408662637456e+02 -1.232307827842239512e+01 -2.722161122719668356e+02 1.332416885304212656e+03 -2.179224017021899668e-13
-3.009064171362831175e+01 2.031164941802322232e+02 1.453131810590976869e+01 -1.213480399354325101e+02 5.732832740239863369e+02 -1.509574808861194973e-13
-6.964057404501652115e+01 4.246047849999042683e+02 -3.305426023956534731e-01 -1.850861545001507693e+02 9.341329473552440277e+02 -1.777558735420350334e-13
-3.720970629122110296e+01 9.721279827090386050e+01 3.419902020730147285e+01 -1.301976980579777319e+02 5.846196698217462426e+02 -1.373658323451302988e-13
-5.685930968861517698e+01 2.213441322192691416e+02 2.114782729233040826e+01 -1.370373726226123949e+02 6.229479463402121837e+02 -1.336853558253836943e-13
-7.622506173108207328e+00 9.537262915637128913e+01 8.338134375396514031e+00 -6.613138446210756172e+01 3.210072541571583997e+02 -1.226322948289437805e-13
-2.895282262063808787e+01 -1.594697348879979586e+02 1.194460809163308710e+02 -2.323615595081541016e+02 9.138914347017345108e+02 -1.382591812833273568e-13
-1.997062971929787523e+01 4.562693167292012930e+01 3.642560151234153665e+01 -1.085266847842605955e+02 4.625988520820503709e+02 -1.233396131897534809e-13
-2.306753847413179415e+01 1.183311124791183460e+02 4.189593005820357519e+01 -1.515098586474588558e+02 6.630356158215890900e+02 -1.360940112978428987e-13
-4.887805503456062439e+01 8.718066696587187892e+01 5.452721881421081918e+01 -1.660386863386854088e+02 7.026673270421035795e+02 -1.542618674457621890e-13
-2.961731260440733493e+01 2.755666290714858064e+02 -2.872626732261681326e+01 -6.702924621933210858e+01 4.320599238341515047e+02 -1.424273102023377453e-13
-1.125020990952515909e+01 7.741397970799786776e+01 1.061207594246156027e+01 -7.654209133454560288e+01 3.896329801554662708e+02 -1.124291395921996146e-13
-6.263353346549876477e+01 1.122914952096427896e+02 6.084481309672585070e+01 -1.736815487838551348e+02 6.950888767804376585e+02 -1.449581531755803874e-13
-2.487520799120838433e+01 2.062738325196025357e+02 -1.270413749988563623e+01 -6.324994644776784725e+01 3.549291067281391747e+02 -1.106699570047794983e-13
-1.604400796352647518e+01 2.181603934733358585e+02 -7.036416048103776077e+00 -9.458481921499868861e+01 5.205232717895889891e+02 -1.346373523572811038e-13
-2.439728794343377771e+01 -7.639465865445238535e+01 6.654283434264789321e+01 -1.479043515030868150e+02 6.240553068046059479e+02 -1.177744790169424549e-13
-1.403807080496626725e+00 -1.895879391508795564e+01 1.008905915651536134e+01 -4.689114358048651354e+01 2.645287262283534346e+02 -1.030757237774579472e-13
-1.836361161287776866e+01 -2.438549020146868695e+00 4.545138086619024165e+01 -1.129189225073678102e+02 4.696329847492988279e+02 -1.023246259713196679e-13
-5.303610936373183193e+01 1.365619707057126391e+02 2.305439068270777625e+01 -1.430537920678251567e+02 7.135368531325683534e+02 -1.476364919246477695e-13
-1.243005717589420129e+02 1.001203042708088901e+03 -8.244608873211275579e+01 -1.929638654627794949e+02 1.089285759181855838e+03 -2.389732726844411741e-13
-5.480996975383888525e+01 3.722910367579978015e+02 -2.305168082508281202e+01 -1.231113498114399931e+02 7.015833682769850839e+02 -1.548067612765145234e-13
-2.387682094497894170e+01 2.481928125760161947e+02 2.148559437923164595e+01 -1.504429665560314504e+02 6.911601897126827225e+02 -1.504523272869823431e-13
-4.329138870814725237e+01 5.218611289714525583e+02 -4.683700230510233808e+01 -1.060477419063547160e+02 6.292975845141540958e+02 -1.616808391990122190e-13
-1.022134973443849759e+02 7.239663736533896099e+02 -5.624207350496653390e+01 -1.677061544455628166e+02 9.554484144372477203e+02 -2.026061478937641588e-13
-7.681139363609254644e+01 3.972831474258844082e+02 2.951525025997066720e+01 -2.404556999620834574e+02 1.135186576106912298e+03 -2.080145570267463938e-13
-9.613473376894103239e+01 5.752046265641068885e+02 -6.783008752994525992e+00 -2.169066771582224362e+02 1.078644899327799976e+03 -1.902179039291303973e-13
-5.609440563495557086e+01 1.936784949634869690e+02 2.128227214101969977e+01 -1.299636381770301625e+02 5.948789163905505575e+02 -1.245492125833178320e-13
-5.899843807768945680e+01 4.130645607179971535e+02 -1.487562167914675548e+01 -1.216199383394706217e+02 6.091636507751792351e+02 -1.539034915525204644e-13
-1.154292002847277701e+02 5.906188204512476432e+02 -6.599433234513280233e+00 -2.094538697325861563e+02 1.016025666780842243e+03 -1.904816182111075199e-13
-4.822530196281446280e+01 1.453005420068551246e+02 3.162713093379813500e+01 -1.351790571246189359e+02 5.992227627483441665e+02 -1.520921346391913159e-13
-1.804484561376152385e+01 -6.244256077620518397e+01 9.730185545179381279e+01 -2.058202681608989337e+02 8.060165960460460610e+02 -1.405672034266109851e-13
-7.400704787226257508e+01 3.798197801405852942e+02 -1.213096454868002461e+01 -1.324757374569905721e+02 6.890082892985572016e+02 -1.583735812349895376e-13
-2.616136137171264764e+01 1.457261525935594193e+02 2.974779878611539985e+01 -1.354014762266159266e+02 6.124501729947444346e+02 -1.679223652002763625e-13
-2.465660436780004738e-01 1.561466338949117585e+02 -1.386973560932563743e+01 -5.385661227045714128e+01 3.361191383956123673e+02 -1.187657051375911929e-13
-4.663256538935428352e+00 -1.033148497058367496e+02 4.887869085873393971e+01 -7.464660644411324597e+01 2.645614064726096331e+02 -8.180800454197887027e-14
-3.716232331253819154e+01 1.946321988993412049e+02 2.733644592553715214e+01 -1.502138551937928526e+02 6.915160172690297031e+02 -1.430872730482653417e-13
-1.445485621689736710e+01 -3.241125484767164977e+01 2.978673070349360330e+01 -6.857704823123278004e+01 2.939693045165698209e+02 -9.237280682537755560e-14
-5.238459568349006190e+01 1.787519499100062319e+02 3.416757759085452761e+01 -1.749568335487847435e+02 8.257600433310732342e+02 -1.398512577049967106e-13
-5.152417965171506609e+01 3.211080019547717370e+02 -1.135449991495627486e+01 -1.018901979066135794e+02 5.215910206538765124e+02 -1.322729482867485663e-13
-1.958317441363095952e+02 1.300622766837219388e+03 -8.648589458401845320e+01 -2.799141335106242536e+02 1.479506895871937331e+03 -2.873104085594484327e-13
-5.954017761012587506e+00 1.832378525385029988e+01 2.596105072191682339e+01 -8.091253314950522224e+01 3.641025982264324625e+02 -1.092349722014578652e-13
-5.192830504488952670e+01 3.511854217996212242e+02 -1.749225894075683385e+01 -9.923599662004700406e+01 5.209624242444529045e+02 -1.413345158482492226e-13
-1.577234944925531401e+01 1.324204495634589023e+02 6.672541041463118994e+00 -8.148411325249573167e+01 4.076482410697449268e+02 -1.430227179647962638e-13
-1.590977574040606157e+01 -1.852966365145089469e+02 7.631295947801362445e+01 -1.197132483726466461e+02 4.520096985705139332e+02 -9.825788571478798776e-14
-1.037144243564864254e+01 -1.869856330815854335e+02 8.293740778952960113e+01 -1.401474619652731803e+02 5.481725621982664052e+02 -1.166090518742104756e-13
-1.045500397616279002e+02 7.509882310774758025e+02 -7.695243379018462804e+01 -1.329342663818968049e+02 8.345410784897936765e+02 -1.874184991237544510e-13
-5.432016404710881119e+01 -4.386491684450449924e+01 9.347360825500707904e+01 -2.023977768560559980e+02 7.938790430412764181e+02 -1.332732573872433715e-13
