5.644448694000449905e+03 2.533831544857214249e+04 4.899236901338526877e+03 6.847430182866247378e+03 2.726220378455472528e+05 2.479826405833283570e+04
3.133292362955948556e+04 7.893251617756891937e+04 1.529772779636681844e+04 3.644063032770738209e+04 4.880920240280228900e+05 5.980628717863282509e+04
2.466683674260320913e+04 3.486024558085733588e+04 8.503004535022962955e+03 3.644845403846437694e+04 6.192591452419279376e+05 6.352262883468162181e+04
8.699954234884990001e+03 2.402778818483708164e+04 3.645018801324392371e+03 9.672097749816552096e+03 2.760389324153274647e+05 2.569984255557278084e+04
1.261048323707305644e+04 8.504451021050167037e+04 3.114045438646136063e+03 1.550882146094657401e+04 4.651916411698139855e+05 4.385116701907264360e+04
1.851938546230832071e+04 2.582021579155918153e+04 4.733129746517060994e+03 2.806971645824454754e+04 4.601713145849782741e+05 4.696135532223216433e+04
8.107179819819945806e+03 1.843061516604211647e+04 2.194287285461769898e+03 2.213580004800090683e+04 5.938572031189252157e+05 5.180975911107863067e+04
1.126489543327089450e+04 8.587605964534590385e+03 3.473257521191376327e+03 1.678020311697660145e+04 3.126841382760516135e+05 3.054085341218880421e+04
2.974898180816804597e+04 1.859751460289600800e+03 1.196725748209025733e+04 4.818614330742271704e+04 7.514132534477658337e+05 7.757963935626322927e+04
9.018155316381245939e+03 8.944103669774883656e+02 3.537357829594402574e+03 1.837096857175048353e+04 3.369277234707196476e+05 3.253782047828085706e+04
1.985562436783015073e+04 8.439389827735864674e+04 9.734490804151364500e+03 1.795274274323891223e+04 3.503570549575919285e+05 4.005432799662795878e+04
1.008819773027116389e+04 3.534564596307853935e+04 7.892285273281673653e+03 8.050675357077496301e+03 3.220957364024554845e+05 3.045527225685831945e+04
6.426576417068264163e+03 7.574826271812196865e+03 3.104832395392192211e+03 1.106014771794247281e+04 3.083148475562138483e+05 2.745153480802657214e+04
4.510281394344377077e+03 3.183952389708276769e+03 4.245261103199975878e+03 5.058151628657776200e+03 1.629948649884486513e+05 1.523776493527778075e+04
5.173098772772811208e+04 6.412675480749399139e+04 3.587203411156566290e+04 5.350749707270603540e+04 9.065193170836968347e+05 1.038036948876837123e+05
4.869776398060546489e+04 2.241482706714723317e+05 2.580389365578670549e+04 4.177430662202084932e+04 6.819789315624749288e+05 8.697199452491114789e+04
4.999616217729416348e+03 2.076396101326839926e+03 4.073856098989426755e+03 8.492415827269440342e+03 2.851715643993333215e+05 2.487955437694975990e+04
1.727246005182401132e+04 7.854200774812027521e+04 1.413941093227265810e+04 7.930587380996982574e+03 3.752532631722653168e+05 3.880637259789061500e+04
1.836190093753459587e+04 1.770173180478915165e+05 6.433273818192573344e+03 1.406791414524528227e+04 5.342850742048245156e+05 5.382774962990019412e+04
8.344419780181278838e+03 5.943401108393849427e+04 5.435690846344947204e+03 6.931095242673050052e+03 3.217159185998089379e+05 3.005616726608966928e+04
1.409428394552707505e+04 2.648603134059225704e+04 1.908008688831471227e+04 5.609117411297541366e+03 2.945704700232440373e+05 3.188449162600282943e+04
1.286021830944158864e+04 1.117349874191474228e+05 6.309274440617436085e+03 1.970301709524974285e+04 5.087105633900194662e+05 5.137262261548345123e+04
1.848736038980518970e+03 4.355787399060744065e+03 6.479522971556092443e+02 5.478094983892129676e+03 2.464960539140088076e+05 1.955113954608350105e+04
2.816132184604978829e+04 9.388143647910977597e+04 2.068565404574475178e+04 2.004301780866039189e+04 2.754248540485334233e+05 4.114985482727122144e+04
7.233935231063539686e+04 2.003184957103824418e+05 5.797714473661328520e+04 5.436245161744223878e+04 6.460890712853840087e+05 1.029407072439878102e+05
7.828505849386425689e+04 2.729718729514029692e+05 5.321423618737157813e+04 5.981168051601020852e+04 7.460701336220232770e+05 1.136705291448273201e+05
3.583669187165271524e+03 3.265675965365078355e+03 1.080319411244342973e+03 1.286093862751924826e+04 2.873276380526996218e+05 2.576831292544945609e+04
4.830693339855896738e+03 3.884410645959421345e+03 3.071038686159571171e+03 8.328152798021101262e+03 1.890526303060144128e+05 1.799750389949394230e+04
1.136666870333539991e+05 1.681648247355427593e+05 4.713240655518850690e+04 1.600598190415834833e+05 1.611243950771761127e+06 2.093855366957892547e+05
6.415049936183969112e+04 9.642347941253810131e+04 1.823044337779957641e+04 9.626969813911987876e+04 1.126783770598861622e+06 1.319477156217790034e+05
4.176361395764754889e+03 1.376398068867339816e+03 7.786263852106188779e+02 1.157160010697578582e+04 2.668174467774111545e+05 2.358226663909013223e+04
4.004464320255470375e+04 4.208320074109009147e+04 2.613903547625715873e+04 4.368883413855018443e+04 6.912233642408010783e+05 7.959685359516572498e+04
9.220336089833431470e+04 3.598869462919181096e+05 6.937663086265049060e+04 5.521786625497897330e+04 5.813599675681116059e+05 1.117821639984851645e+05
3.107986396016745402e+03 5.438962096779645435e+03 1.393627514075460340e+03 4.517918939494191363e+03 1.234931768420666049e+05 1.121887682523343938e+04
1.015636453508485829e+04 3.163192613212630386e+04 6.710157542425876272e+03 1.166289731616433528e+04 3.885159583600061596e+05 3.586273431503467873e+04
1.826899952116678105e+04 9.217909626089954691e+04 3.717512003616945094e+03 2.308510766546607920e+04 4.874653549507382559e+05 4.938826726075071201e+04
8.411396095247269841e+04 2.011220231191948988e+05 6.005951741570126615e+04 7.574712579771305900e+04 8.320053344927786384e+05 1.260525890139107505e+05
7.402813578639311891e+04 2.221298681395025051e+05 4.348624380575184477e+04 6.769104531005170429e+04 8.077011443769148318e+05 1.146698826116906712e+05
3.341311075091150542e+03 1.761963739690393413e+04 1.000859033940654172e+03 1.035916225256902180e+04 2.812367243900934118e+05 2.490324232240559650e+04
6.984947385419594639e+02 5.555527770429042533e+01 4.788329798725688988e+02 3.653834232637496370e+03 1.640430467698264692e+05 1.289483784993661175e+04
3.064032740068708154e+04 1.448673787655157212e+05 2.100441864287680073e+04 2.104886089481289309e+04 4.048816559617540333e+05 5.297167932873781683e+04
1.493120789479198538e+04 7.756551938900460664e+04 7.549480854851322874e+03 1.068584004742166690e+04 3.060411346668911865e+05 3.250794537496152407e+04
2.124176101702837968e+03 2.071388707409988638e+04 2.859784197694189061e+02 4.081911342263900224e+03 1.830867096173398604e+05 1.530814706333465801e+04
2.861925172912050402e+04 2.887657875211336432e+04 3.132459694919530375e+04 1.753914071208312453e+04 4.254133239640369429e+05 5.147617721775244718e+04
7.208497796228154039e+04 1.426474445504326141e+05 4.028150569430711766e+04 8.357591375977716234e+04 1.101871572486098390e+06 1.363248786399954697e+05
5.003862481925458269e+03 1.981742088694747508e+03 2.209938590439105155e+03 8.459190043471577155e+03 2.449169359300152864e+05 2.134883109252849681e+04
2.165108543605809609e+04 8.844695306571782567e+04 1.343428230369824087e+04 1.499881712116833114e+04 2.361927735321193468e+05 3.283540529060243716e+04
5.535050578714762196e+03 4.854698316367532243e+04 3.138021613449485358e+03 4.174371982045880941e+03 2.396478352167293488e+05 2.176066394565020892e+04
3.042850840551873716e+03 2.474126275304263254e+04 8.174030008062427441e+02 4.818828133588767741e+03 2.157294257176546962e+05 1.826523555463526645e+04
6.325086396965275526e+03 2.403848874757660815e+04 6.674074838614291366e+03 6.204083445773258063e+03 2.484754961700341373e+05 2.358406762445447021e+04
2.238193822828188422e+04 2.026252406728365459e+05 8.004313370019111062e+03 1.253874896106028973e+04 3.008442110460763797e+05 3.937927450710305857e+04
1.925459187118502450e+04 1.350438865139806294e+05 1.055423714965595536e+04 1.194110692794811621e+04 3.649239460424992722e+05 4.117486084790678433e+04
4.766054496449604630e+04 5.217037478488150555e+03 2.377193679722933302e+04 7.200326730107006733e+04 6.978184347158600576e+05 8.999949696930935897e+04
1.103156060498767874e+04 4.809669141434913763e+04 8.393033938237447728e+03 5.674583006363049208e+03 1.950169483911239950e+05 2.168025924840355947e+04
1.554777603600510520e+04 3.537015139818405441e+04 1.663169331834273180e+03 3.967100539608683903e+04 7.205013917849523714e+05 6.886600203223996505e+04
1.052919506995913071e+04 9.809819250442145858e+04 6.272532690092947632e+03 5.417947860801639763e+03 2.740536335975640686e+05 2.843974265271660261e+04
4.363904170131465435e+03 1.401142150355494323e+03 2.521037521028935316e+03 9.229397078935058744e+03 2.944129296412977274e+05 2.513157290686154374e+04
2.565426009587243243e+04 1.634171251626263838e+05 1.278651707935740524e+04 1.314015957547031212e+04 2.695226472655788530e+05 3.766638165244914126e+04
9.699919828937319107e+04 3.505634152023206116e+05 8.176064234533575654e+04 5.621213608689474495e+04 7.744939284825450741e+05 1.300991743500012672e+05
5.021857714385522559e+04 9.176550968043605099e+04 2.561478172093025205e+04 5.726477575148537289e+04 6.325456156278064009e+05 8.402091229130518332e+04
2.721392831614220268e+04 6.682794198630146275e+04 2.287546548937713669e+04 2.077006197555930703e+04 5.153420570565837552e+05 5.722095071758070844e+04
9.682680233307228264e+03 2.785758104819390792e+04 3.052788243621414949e+03 1.298190768448949166e+04 3.335203823038138798e+05 3.099682860054388948e+04
3.436515303689453049e+03 9.712632913976425698e+03 1.004266683946069975e+03 7.206263479612558513e+03 2.139641324285532464e+05 1.856312056568839034e+04
2.489089530961605124e+04 1.113260390441021591e+05 1.472850889925913361e+04 2.026073231565405877e+04 5.909183963379497873e+05 6.076325055547794909e+04
3.213316599512286757e+03 3.138551778705842298e+04 1.436001315165469805e+03 3.584886076907855113e+03 2.393450695199883485e+05 1.989101817595563989e+04
4.811295258630256626e+02 3.312134778064743841e+03 2.546246995086721654e+02 2.197018034906375306e+03 1.283090553986179875e+05 9.897092365862232327e+03
3.907464566580030805e+04 4.774915744091130910e+04 2.824712895808374378e+04 4.997056109539273893e+04 1.032666851878228015e+06 1.065917690701199463e+05
3.126284279464688370e+04 2.869843942554315072e+04 1.627480317648037999e+04 4.150397063150280883e+04 5.124267275695549906e+05 6.166861452869406639e+04
3.412516885368873045e+04 1.094963648443106940e+05 2.791461856463628283e+04 2.197734185251876261e+04 2.640975742381249438e+05 4.515145420339074917e+04
1.161424329533318632e+04 5.669954872061355218e+02 5.581651585745574266e+03 1.504604449542198199e+04 2.882248993518300122e+05 2.862367871278754683e+04
1.581189861890947213e+04 3.358282510879320762e+04 1.024451840340386298e+04 1.455690820416301540e+04 3.735285865813444252e+05 3.778343838790091831e+04
6.498934898829024860e+03 6.681643751570494715e+03 6.364516383550656428e+03 6.277368890740056486e+03 2.579921652704481094e+05 2.326517077884610626e+04
3.603815263649234548e+05 1.129293276302509243e+06 2.449644744373573049e+05 2.997514084147114190e+05 2.592033361302783713e+06 4.713505669103151886e+05
3.465487340938258421e+04 1.072499547647324216e+05 3.529122297283929220e+04 1.406268030398225528e+04 3.321625248081717873e+05 4.921940303937540739e+04
3.089974069488203895e+04 8.543311947551120829e+04 1.344749821212079405e+04 3.372538353608437319e+04 4.816480769611778087e+05 5.766907126167700335e+04
1.204811476574203516e+04 6.340587088129855692e+04 7.663374241818709379e+03 6.459228564484812523e+03 2.541700984778224956e+05 2.645650901670404346e+04
1.155224568612248549e+04 1.070817378566240041e+04 1.015743417541337476e+04 8.963775809604858296e+03 2.957543953602008987e+05 2.885406172156503817e+04
1.050609124484949461e+04 5.921005678686089595e+03 9.740119277747266096e+03 2.106688364251711755e+04 3.814885271476841881e+05 3.967660244280601182e+04
2.193078903109121529e+04 2.310669291264861386e+04 1.144851736754461672e+04 2.877461441116247079e+04 4.508885078251051600e+05 4.941639972674178716e+04
7.408453095005180512e+04 4.459748378713250277e+05 4.293800166633984918e+04 4.306233927311987645e+04 6.809695842112018727e+05 1.058469765716399997e+05
5.880659536217647110e+04 2.635312483503651456e+05 3.357535788623530243e+04 4.391614349921390385e+04 6.806809012253554538e+05 9.315170566426047299e+04
3.263511572578967844e+03 5.199070412000627584e+03 2.812121721285414878e+03 5.324384819958647313e+03 1.894236479445222067e+05 1.661762734135741994e+04
6.646793391624146352e+03 1.286669811250215571e+04 3.488531809548127512e+03 7.276810889787815540e+03 1.965261091720969416e+05 1.864911350599629804e+04
8.367218628809911024e+04 3.514777280635128263e+05 5.236401536963233957e+04 6.002716033289428015e+04 7.150724840456742095e+05 1.152003951608928473e+05
6.109455899612556095e+03 5.393989433592298155e+03 5.110979723771370118e+03 6.832482333507629846e+03 2.371145100828044815e+05 2.150787802657395150e+04
6.778534997372350517e+03 2.914422581742672719e+03 1.515167438019871724e+03 1.421798886650374152e+04 2.544220298650571494e+05 2.433881034437022754e+04
2.066321780352531641e+05 7.576751984663693001e+05 1.326531545371519169e+05 1.684154946922203817e+05 1.199970924362390302e+06 2.515326984951836930e+05
1.828935964899443788e+05 6.377202935855200049e+05 1.333065919126840308e+05 1.291585952761878289e+05 1.248140786604309920e+06 2.313685439815386781e+05
2.843880065213719718e+04 2.181086869793685401e+04 1.468403649598964512e+04 4.368817441192221304e+04 5.604728855915915919e+05 6.486134360469041712e+04
4.010932841663644012e+03 1.580025637135855504e+04 2.047111238615288357e+03 6.525768453131450769e+03 2.143715900285906100e+05 1.903353830286507582e+04
1.180572882763851521e+04 1.588363625109171335e+04 5.866633326564282470e+03 1.560612045599510748e+04 3.421590171840902185e+05 3.338511753930844861e+04
3.969089992351578985e+04 2.667411499019792973e+04 2.484488509818453167e+04 4.842719438995956443e+04 6.931452056738972897e+05 8.054851879632107739e+04
2.277848062802468121e+04 5.053403000044026703e+04 1.211123657749749145e+04 2.489850442866569210e+04 3.105883022932819440e+05 3.986972375110619032e+04
1.744025363524015484e+04 3.513715012909550569e+04 1.090207771527301338e+04 1.666470047916027397e+04 3.440622070824436378e+05 3.711501025744453364e+04
3.501547313614276209e+04 3.488244077254898912e+03 1.445996151965222089e+04 5.240145761719073926e+04 5.818897762109092437e+05 6.923878770614607492e+04
3.275514728280140389e+03 2.044539478883632182e+04 2.577388816971589677e+03 2.863358352456631110e+03 1.585875897709521814e+05 1.408384621402269659e+04
7.650016349672528122e+03 2.241488164529713686e+04 7.495394424829633863e+03 4.175859174521592649e+03 2.795052309099682025e+05 2.502772054999250031e+04
3.184708313672786971e+03 6.062156675751141393e+02 2.003113856100975454e+03 7.219581894726413339e+03 1.746542074833054794e+05 1.590524944258857067e+04
4.723410847623399604e+04 1.171008227910972637e+05 4.343694391571339656e+04 2.730152665946481648e+04 3.980608424672845285e+05 6.363692457917347201e+04
4.439176119477103384e+03 2.226731076680545812e+04 1.054293805400449855e+03 6.350895694092459962e+03 2.279235798718381266e+05 1.975791403962365803e+04
3.867860737282627815e+04 2.657240441967518927e+04 1.647073096334287766e+04 5.490300978106266120e+04 7.784254916322078789e+05 8.559769019268380362e+04
4.053354948538701137e+03 1.849392704850708833e+04 1.238837337726050237e+03 1.315216065777281256e+04 2.476223251714716025e+05 2.405114137521485827e+04
3.724719437234864472e+03 2.265615124442058004e+04 2.644540152330906039e+03 5.308842514870485502e+03 2.549393603049798403e+05 2.180855280989078528e+04
1.181035794741650898e+04 3.396954269720434240e+04 8.260710848549611910e+03 8.543313426363498365e+03 2.587715997868829872e+05 2.650962394440713615e+04
6.471660538105177693e+03 3.878992140891188683e+03 2.144616738143083694e+03 8.562669742969790605e+03 1.817317522625923739e+05 1.721151480918505695e+04
8.738602065281800606e+03 4.433205395436998515e+04 4.443225128384518939e+03 8.281169452138356064e+03 3.146830879472020897e+05 2.901866346875208546e+04
5.309617825605064354e+03 1.121611347269879661e+04 1.079383812309286668e+03 6.929059188053061007e+03 1.736883495688732364e+05 1.583560268488439579e+04
7.873586746207872238e+03 2.588224595665757079e+03 2.281663543942713659e+03 1.470169722362540051e+04 2.986045452643297031e+05 2.784352038267165335e+04
1.086229888088319785e+04 3.264170716172494622e+02 4.661724529633669590e+03 2.377150195779380010e+04 5.538205466122584185e+05 5.002457293594787188e+04
1.399072217906838341e+04 2.164165976561321804e+04 1.328515402420874670e+04 1.085286167456942712e+04 3.264936037451873417e+05 3.366499526480596978e+04
5.623042293853560841e+04 5.103210744030764181e+04 3.115854969565437204e+04 7.362698973734128231e+04 8.342754991944689536e+05 1.053625806893052504e+05
1.716653275834496162e+04 1.556267575276056014e+05 3.323736608475195226e+03 1.883253678702701291e+04 5.136324797377862269e+05 5.219444206654703885e+04
1.481614487596280378e+04 9.965745017139558331e+04 6.468560038328296287e+03 1.451096041946549485e+04 4.021572206695308560e+05 4.132929228631767910e+04
2.941085335385113922e+03 1.063204407828914191e+04 2.215978420756153184e+02 5.376534456701869203e+03 2.169482267763976124e+05 1.764454440579062430e+04
1.684428605968198326e+03 3.861249109820770968e+02 5.205439319099745035e+02 6.235491745131837888e+03 1.568551168636354269e+05 1.361309870643298746e+04
2.460577156129935247e+04 2.686821299802026260e+03 1.504475954330899003e+04 3.308961196140415268e+04 6.541446253241765080e+05 6.557856890864075103e+04
1.334104340915359171e+04 1.088852436585528631e+04 1.066498950027170395e+04 1.422590661082259976e+04 4.722725454418096342e+05 4.333377085347768298e+04
1.471905446366417164e+04 6.821632721571982256e+04 7.904120044415199118e+03 1.123649111552002796e+04 3.307425945521157118e+05 3.410870781176359742e+04
1.131323659084877545e+04 5.231645517612416006e+04 5.408088820199067413e+03 8.440922421381330423e+03 1.916237643256095762e+05 2.162492353451994859e+04
2.365292749590672975e+04 1.110224474901947106e+05 1.460411195430014959e+04 1.584465355652494509e+04 3.538492167067527771e+05 4.275255175760525162e+04
5.496920387698221020e+03 6.510074907932532369e+03 2.237550670032794187e+03 7.284623244605340915e+03 1.862262550694542297e+05 1.710612870564874538e+04
9.305716570482647512e+04 3.717332401571986848e+05 6.690070855315453082e+04 6.286556229756193352e+04 1.009328578552563791e+06 1.435440457869082165e+05
2.404268837999909465e+03 7.979683172990289677e+02 1.014467947530278025e+03 6.735710043928393134e+03 2.270713694262566860e+05 1.879530334612799925e+04
1.377171552379466448e+04 9.996248207388367155e+04 9.250546282784371215e+03 6.043892920392981068e+03 3.674621774883187027e+05 3.638141162404472561e+04
1.174433112227037782e+04 6.186457560963961441e+04 7.586202281925784519e+03 8.728209983383932922e+03 3.491751544510651729e+05 3.376298767234606203e+04
2.200069315829959578e+03 5.877703390487956312e+03 1.922728693966307901e+03 2.203615910144033478e+03 1.192978528725268116e+05 1.014000408446932306e+04
5.536531266803998733e+03 3.000848223949400563e+04 9.581513452484475692e+02 8.782681376831267698e+03 2.574673286901421379e+05 2.318615315935683248e+04
1.098419785149905692e+04 4.115792622206420788e+02 3.990879514426564583e+03 2.571021702917385846e+04 3.709969189333757386e+05 3.831960809358568076e+04
3.767837330547150486e+03 3.124033406331766400e+03 5.182571704308158587e+03 3.640813436568478210e+03 2.442095957038228808e+05 2.046043335372313231e+04
2.667256511302576473e+04 1.179673040582426984e+04 1.670991348915779599e+04 3.403458483661786158e+04 6.122793741435782285e+05 6.435853804013283661e+04
2.599239088941685986e+04 1.526925297270054944e+04 1.179994924953737063e+04 3.837263050271757675e+04 5.189275064753656043e+05 5.809650395518156438e+04
1.679953725595371725e+04 3.786309245726141853e+03 9.653793028590978793e+03 2.969288137039954017e+04 5.154477395706053358e+05 5.244435717973340797e+04
9.045398385526092898e+04 5.015562198686854681e+05 5.593280678817658190e+04 5.296639634777878382e+04 7.173539211123121204e+05 1.211242065034565749e+05
7.407841449915621524e+03 1.432600817669064236e+04 5.535765685941288211e+03 1.709218664660369541e+04 2.648079311945690424e+05 2.863479916923949713e+04
1.494990214013678778e+05 7.317960124565192964e+05 8.071584676116346964e+04 1.141429177762905747e+05 1.254885000134609872e+06 2.070153459645567345e+05
1.800258712452444161e+04 4.321151856385916471e+04 1.299847855305913617e+04 1.459984496415126341e+04 2.301708566517501895e+05 2.982421236623021468e+04
1.826609167710764086e+04 9.221946202116698259e+04 4.991775899139855937e+03 1.920741470970939918e+04 3.329259610108309425e+05 3.779189490760041372e+04
1.249050820344615640e+05 3.459338557041604654e+05 7.895671986272747745e+04 1.165697261315544602e+05 1.002214440845635254e+06 1.712705128405019932e+05
2.731019827398767302e+04 1.973424519143094585e+04 1.583387048921923997e+04 4.470792360251500213e+04 6.133422299787610536e+05 6.927136930255383777e+04
2.881690138808671327e+04 2.543917576776336136e+04 1.715041303490157952e+04 4.188109739257604087e+04 6.321720101555988658e+05 7.010938362925076217e+04
4.156909681005933635e+03 6.331801252686792395e+03 2.326612909882755503e+03 5.291898034277051920e+03 2.168636821413989237e+05 1.829528563304852651e+04
5.780148001631527586e+04 2.503432572205748002e+05 3.294392766064214084e+04 4.573509260761950281e+04 4.297874219269739697e+05 7.617457702083537879e+04
1.461601974548263570e+04 5.487360205154040887e+04 1.056279281704927962e+04 1.220768218093979522e+04 1.982289402301693335e+05 2.612107389282377699e+04
2.233250306858663407e+03 6.206844896928418166e+03 1.444874816481077005e+03 3.669902620626758562e+03 1.590328602677150920e+05 1.328588282254403930e+04
3.269840535759551494e+04 1.675033430539266265e+05 1.885130101612158978e+04 1.959911990530763433e+04 3.277238723830055096e+05 4.731819779893103259e+04
3.663693523114248819e+03 1.616665239738397941e+04 1.935444900634630812e+03 6.947315758129253481e+03 2.229636928098500648e+05 1.977204502736014183e+04
3.084717972102434942e+04 1.590175004078181155e+04 2.065832208606095446e+04 3.773263327898578427e+04 4.595759472689515678e+05 5.766514771457502502e+04
1.298401015539521723e+03 3.151519182698240002e+03 7.974769148606834506e+02 5.312679238205024376e+03 1.682827004242631956e+05 1.422062360608223571e+04
4.406798944114145706e+04 1.894061069639917405e+05 3.219487232161988140e+04 2.649059927638398221e+04 4.326952716473242617e+05 6.433052873415991053e+04
3.058676639307940786e+04 9.610875953899454908e+04 1.377109171456219883e+04 3.327644320416619303e+04 4.814319858916410012e+05 5.811917438264372322e+04
1.178491183777889819e+05 1.643536300259651034e+05 6.112041313416895719e+04 1.484542331908419728e+05 1.479234321332946420e+06 2.011002387583206582e+05
3.048910623116593342e+03 3.684800764986029662e+03 2.605567770778196518e+03 6.075167588096518557e+03 1.390491481751824031e+05 1.340499473675882291e+04
2.088116052533677794e+04 1.968458093235274282e+04 1.140777497102527559e+04 3.112311225680463031e+04 5.698426374382410431e+05 5.829229585194616811e+04
9.254518645747170012e+03 6.444197691783090704e+04 4.555048639718280356e+03 6.186820482362541043e+03 3.183882683226130903e+05 2.936392422394023379e+04
5.274877126703670001e+03 1.129076573516139069e+04 1.815758439816261443e+03 9.026318144579374348e+03 2.366394725363213220e+05 2.133914858718241157e+04
3.842394817350023459e+03 9.590344145920103983e+03 1.227276760638892938e+03 7.528318480684721180e+03 2.688945076425951556e+05 2.249342940876527791e+04
1.499265490113660962e+04 2.362948525040690220e+04 1.034216006097795071e+04 1.678600664030528424e+04 4.948034185610238928e+05 4.649797637776103511e+04
1.265961560735962303e+04 1.145791450506704905e+03 4.074794083628494263e+03 2.089688805859399508e+04 3.486147151655978523e+05 3.471017905002037151e+04
5.554458298908558936e+04 9.052273527739071869e+04 2.419855803228429795e+04 7.057569284902552317e+04 8.216040284907519817e+05 1.020838867112817970e+05
8.470071415926568079e+03 3.334766618263590499e+04 2.986734042089123250e+03 1.307235890148391809e+04 4.165780332479060744e+05 3.686728272845213360e+04
1.668665263524649199e+05 5.802875896581516135e+05 9.473795869651845715e+04 1.586361727439213428e+05 1.368892298243947560e+06 2.333518566990695253e+05
9.943393225907813758e+03 6.815110257535351593e+03 7.689263585140661235e+03 1.066903094521410094e+04 2.143258193986004626e+05 2.289170921111237840e+04
1.433976287097292516e+04 6.940606624434916012e+04 1.017576795919391589e+04 7.954470563299277273e+03 2.382127386868358008e+05 2.743924365981754090e+04
2.409653482003874888e+04 1.134893463629034522e+04 1.178388696390302539e+04 3.431088264341837930e+04 5.588830913957348093e+05 5.874637447540483845e+04
1.016557429976443564e+04 7.872606914774645702e+04 6.532747704864965272e+03 3.406890445433561581e+03 2.453798358530206024e+05 2.475558608070353512e+04
1.014877346621389188e+04 2.513922717410236510e+04 5.055457950932931453e+03 1.056638627765957062e+04 2.467155638524163805e+05 2.479495147970175458e+04
1.318624522285966850e+04 4.285356829702130926e+04 1.126457870831553191e+04 8.943291081867637331e+03 2.820704041988329845e+05 2.999198718825001924e+04
3.936609838095703162e+04 5.158416901253446849e+04 2.561187626576893672e+04 4.405207539939064009e+04 4.583810765326450346e+05 6.434300970187583152e+04
9.423630680974594725e+03 1.552618336352816732e+04 5.107760952782615277e+03 1.053486177534556373e+04 2.396370669491793669e+05 2.385157104072508810e+04
4.600334856822457368e+04 2.035950131158551085e+05 2.392202423633333456e+04 3.695840622929427627e+04 5.251759062839517137e+05 7.241976161522507027e+04
1.998678876787830086e+04 1.158479996377657153e+04 1.086676679425148905e+04 2.515367938959443563e+04 3.963273606933482224e+05 4.328851783577133028e+04
7.128722805007606803e+04 1.219836809815272281e+05 6.719468965095876774e+04 4.800733448107711592e+04 7.406488689203493996e+05 1.065252504826245568e+05
6.559261707821521668e+03 2.592070836042098108e+03 3.243396063620586574e+03 1.122249391753157397e+04 3.263801880295523442e+05 2.855323864648440576e+04
4.163165438110498508e+04 1.242597620487749737e+04 1.448195115704953969e+04 7.684418514020270959e+04 1.114201295964247780e+06 1.165460883286429744e+05
1.847420583137532522e+05 5.076115027240162599e+05 1.629874269360938342e+05 1.212089501778713457e+05 1.350004898965719854e+06 2.409834095863085240e+05
1.433532154026572061e+04 6.525318872446291789e+04 1.214696768559917109e+04 6.641763013833413424e+03 3.059695950845999760e+05 3.204726066698191426e+04
3.591831663178576127e+04 8.950443916749930941e+04 1.778617669847557409e+04 4.423500344305064209e+04 7.465262154583367519e+05 8.230869840768650465e+04
2.878102901707770070e+04 1.388098506894126767e+05 1.306192637258896684e+04 2.870383847283640353e+04 5.900300404790460598e+05 6.516257288115355186e+04
5.652769057138869539e+04 1.663845380638632341e+05 3.925176231288137205e+04 4.187637482212635223e+04 6.760443546655238606e+05 8.955848050497338409e+04
2.474086220395406053e+04 3.516579633165979612e+04 1.895903329192888123e+04 3.312871598745441588e+04 6.173327460038715508e+05 6.641448102921660757e+04
1.393507852502020069e+04 4.838676402032030455e+04 4.372984983116214607e+03 2.180300327802450920e+04 5.341661271873724181e+05 5.006566876229151967e+04
1.440820065964837704e+04 7.023433365265103930e+04 8.892937581633927039e+03 8.699704314088507090e+03 3.067192294716758188e+05 3.187191173385597358e+04
9.648749164087294048e+03 1.877677219854307623e+03 4.462253844776568258e+03 1.581864115545814639e+04 2.213218858439637988e+05 2.405545159232196602e+04
9.700925552167920614e+03 4.827942965341685522e+02 6.777723114453932794e+03 2.159882179758335042e+04 6.121036994928753702e+05 5.388213477377816162e+04
1.294769939385923681e+04 1.106269423231873952e+04 1.181467159701143828e+04 2.420387854860299194e+04 3.209058289967880119e+05 3.816901012774345145e+04
7.981637633075867598e+03 6.816574726927002484e+04 2.092086131999812096e+03 8.892347821810639289e+03 3.189035534189405153e+05 2.974445337665029365e+04
4.522595656449582748e+03 1.916350137514620292e+04 2.537619305794751654e+03 5.035672033382971676e+03 1.579397742328376335e+05 1.494199725238522115e+04
9.190263406154366385e+04 2.168030124494325137e+05 6.230964697084775253e+04 8.730616389634634834e+04 1.186207621988015948e+06 1.568486622533986811e+05
7.108957610991224647e+04 2.123496007982098381e+05 5.447068090313025459e+04 5.117151046965822752e+04 1.001959710859823390e+06 1.245171472476327035e+05
9.306851584699730665e+03 5.933306464139449190e+02 3.633199480887492427e+03 1.527349579098385948e+04 3.176473847481551347e+05 2.986682732725679671e+04
2.499243854845368787e+03 2.758058375046160563e+03 3.908999269404202551e+03 1.506899815373580395e+03 1.314011889909840247e+05 1.134094226361670371e+04
1.422790001154461061e+04 1.742690381507655184e+04 4.555438946360591217e+03 2.132619593410014568e+04 3.597571155427232152e+05 3.666639506340662774e+04
4.748785180283710361e+04 1.258059328817936475e+05 3.230563565887503501e+04 4.326246366265998950e+04 4.447447724761979771e+05 6.962626032772148028e+04
2.881889333683177028e+04 1.260853550187699875e+05 1.613097977162428833e+04 1.946110881691480245e+04 3.500713859043197590e+05 4.553715889307815814e+04
2.137700000952008850e+04 6.777585130461753579e+04 1.784871961817910415e+04 1.207817262079658212e+04 4.002748714005171205e+05 4.343119007325871644e+04
4.330422881991366012e+03 2.315780402859987134e+03 2.139786969884555219e+03 1.883595070032466901e+04 4.461730915045420988e+05 3.956372253491791344e+04
2.329043019129074310e+04 3.455432425226300984e+04 1.918505289789827657e+04 1.988186346956431225e+04 4.429517056683726260e+05 4.876285746269894298e+04
3.077871006906805633e+04 3.931267103013237647e+04 2.935036932562710354e+04 2.068363560006858825e+04 4.331813842408015043e+05 5.308577670501175453e+04
1.766587260877205335e+04 9.487322287233146199e+03 9.815162681439520384e+03 2.544340617165008371e+04 3.585116222477318370e+05 4.031895962010978837e+04
2.185470269198016831e+04 8.532605084071222518e+04 1.421555494935017123e+04 2.124813300017554138e+04 4.807068906291068415e+05 5.228956015180029499e+04
4.198061951268217854e+03 4.328760887298168200e+03 1.457934146631397198e+03 1.414892757754752165e+04 3.239782206371881184e+05 2.903120037955770022e+04
1.398148571387923039e+04 1.524248414919917013e+04 4.029888394307894941e+03 2.606941432960550446e+04 4.125752007278980454e+05 4.202909896233663312e+04
9.568852631604539056e+03 6.673030746968240237e+03 4.158105867781219786e+03 1.360967327671037856e+04 2.134926181331196276e+05 2.263612101313179301e+04
1.063505228359220018e+04 5.282782626811138471e+04 1.043846860791041217e+04 1.199561687132302359e+04 4.305004188864390017e+05 4.149286278858608421e+04
5.641148019754863344e+04 2.654225226518374984e+05 2.915501336380641078e+04 4.519502315029031888e+04 5.167471723705394543e+05 8.089190018516634882e+04
5.692007565765500658e+03 1.375816301916061548e+03 2.539270890982900255e+03 1.270236598934801805e+04 2.698555093072773889e+05 2.505687771158844407e+04
4.858898422725305863e+04 2.168751782815944462e+05 2.420870408875097564e+04 4.065922691193042556e+04 6.307208198818091769e+05 8.197269824371537834e+04
8.475218667606781310e+03 2.867548507849176076e+03 3.173927071072365834e+03 1.812261800617834524e+04 3.324426779493305949e+05 3.206480355243053782e+04
4.968772472726294836e+03 2.989813436968770475e+04 3.010427869748771172e+03 8.570487695013664052e+03 2.333292867882764549e+05 2.234593415026531875e+04
1.630802423696164442e+04 6.008211912455330457e+04 1.147256285871380351e+04 9.946098760772170863e+03 3.245112910520865116e+05 3.424198543020709621e+04
3.154342300949242417e+04 6.229231278630966699e+04 8.052914948489833478e+03 5.263994270894433430e+04 8.208041628428279655e+05 8.556307990603386133e+04
4.417726028087294253e+03 1.450484355502365725e+04 3.892443357111133992e+03 2.432234233317356029e+03 1.543517000170859683e+05 1.387700435988245408e+04
1.437910351734768483e+04 1.402553014076306863e+04 4.814796302400905915e+03 2.430398802955496285e+04 3.727049435554525116e+05 3.882730191734997788e+04
1.173369006239736336e+04 1.648249553345854792e+03 5.929917077934464942e+03 2.040247953821558258e+04 4.497341821916654008e+05 4.211244243348082091e+04
1.458872932620582105e+04 3.971769951598403736e+02 5.555161945169239516e+03 3.040269318578885941e+04 4.749965119686003891e+05 4.811006470219715266e+04
2.805447707017729044e+04 7.965217946876943461e+04 2.795343643928643723e+04 1.566540061217023140e+04 5.584868515883930959e+05 6.063808397664786753e+04
8.115688831648545602e+03 2.420071586900288094e+04 3.495146190443326759e+03 9.807094482020291252e+03 2.442529618376078433e+05 2.356692180683751212e+04
9.351731288312580728e+04 3.215193500164686702e+05 7.171040693081635982e+04 6.217603169294920372e+04 6.429538694516811520e+05 1.181792493877118686e+05
3.034194981411612753e+04 1.285801698458989122e+05 1.279113983771375752e+04 3.102829876667841381e+04 4.480328005506108166e+05 5.604016573106273427e+04
1.221894538664766333e+04 1.293294617002199629e+04 8.685071850905369502e+03 1.262517533673493381e+04 3.086477846060316078e+05 3.085224123754545508e+04
4.409660921644888731e+04 1.052124991390838986e+05 4.052148804651366663e+04 2.649815663411890637e+04 4.162256657266322873e+05 6.265046511611786991e+04
1.818522813406808928e+04 7.401964140874781151e+03 1.053915933851706541e+04 3.512952502239425667e+04 7.277873783364677802e+05 6.974513648968006601e+04
7.620352277785847946e+03 2.227490570367288092e+04 6.325997791095214779e+03 4.576109849277984722e+03 2.242429457756083575e+05 2.098075468362147512e+04
3.145283625384974948e+04 8.640094086987929768e+04 3.262282257830310118e+04 1.544363433180584252e+04 5.287856942810431356e+05 6.088689329902565078e+04
3.267241830627637319e+04 1.066557287765322253e+05 3.013825972778897267e+04 1.725378063481445497e+04 4.865579910838766373e+05 5.879617976394273865e+04
2.090457549720645602e+03 7.922531053880701393e+02 1.357081484053669783e+03 3.284119564720945618e+03 1.140101451257651497e+05 9.777512072537845597e+03
1.396659859916307505e+04 6.261884524575375690e+04 6.829282412440032203e+03 1.025726539485731882e+04 2.553097060890630237e+05 2.785206846662990210e+04
9.921620782735877583e+03 5.428321117862584288e+03 7.993279410197164907e+03 1.339455477569856703e+04 4.207171393307001563e+05 3.806839116208901396e+04
8.727440308017820644e+04 2.624967574639332015e+05 4.334219655133583001e+04 9.186841101234641974e+04 1.032588142106383806e+06 1.426632291100322327e+05
3.836057625583483969e+03 9.242330810384399911e+02 3.146988593950258291e+03 5.735605343676991652e+03 2.248987620864438941e+05 1.912248770117722233e+04
1.506940996952469686e+04 8.841554506470072374e+04 8.095224210099921947e+03 8.016599273377425561e+03 3.546343565215332783e+05 3.534135199565477524e+04
1.119870433690956088e+04 1.248008757525197871e+04 6.632965205712080206e+03 1.897123944438985927e+04 3.809596129674313706e+05 3.767845523930231138e+04
6.579506521894786601e+03 1.121253224684271663e+04 4.826331341542057999e+03 6.980204013394899448e+03 2.199466222570955870e+05 2.058511719576623727e+04
1.451553548684071575e+04 5.712560467249749490e+04 2.603888279941484598e+03 2.117315603749572620e+04 4.767724047138481983e+05 4.559028046252951026e+04
3.820920705144941621e+03 1.983841369174490319e+04 3.032943790326733051e+02 7.075360295455004234e+03 2.947289566989395535e+05 2.413490049356608506e+04
1.171633582171529997e+04 8.805353009400701922e+03 6.094095519144889295e+03 1.585232865929102991e+04 2.751474218253513682e+05 2.873715569936503016e+04
3.725016326441131241e+03 4.700297568605520610e+03 2.168471700426900497e+03 8.320613793269008966e+03 3.255878154822450597e+05 2.682867579429164107e+04
2.036502171563018783e+04 8.831613275959949533e+04 1.445697923323442592e+04 1.321754750239746318e+04 4.244744504020421300e+05 4.512808977417538699e+04
5.538895127427476109e+04 1.167412304469796509e+05 5.373488557072143158e+04 3.254117489624373047e+04 7.120773466957723722e+05 9.154832573174906429e+04
8.111273946737754159e+04 6.926486499109120632e+04 4.572706186728547618e+04 1.020247962830745673e+05 1.218449877791883191e+06 1.512252888005437853e+05
4.531587540384635940e+04 1.821085163516261673e+05 1.959763424822821980e+04 4.821729576466692379e+04 8.011676715248506516e+05 9.314678182658442529e+04
3.915783298520367225e+03 1.772919431452064964e+04 2.863553821024232548e+03 2.830682348170877503e+03 2.115050668955206056e+05 1.761726413576530103e+04
1.254982622241618265e+04 1.032945665790168568e+05 6.737517246801821784e+03 4.664962871010393428e+03 2.594127587767706718e+05 2.757203843312333993e+04
9.057504692281223834e+04 2.812084343089268077e+05 6.353030138363292644e+04 7.550360211854145746e+04 6.827196366545682540e+05 1.213598087069570756e+05
1.275642103719758779e+04 2.146614667841618211e+04 4.728662507103611460e+03 2.234071146953456264e+04 5.134328463737551356e+05 4.773581198682308604e+04
3.642892175665013929e+04 2.812902460303436237e+04 1.835406307302963978e+04 5.170289746956197632e+04 8.507997355078873225e+05 8.990739876589129562e+04
7.706932511068281201e+03 4.355160895178236387e+04 2.343633322511739607e+03 9.543021458917741256e+03 3.719045005180804292e+05 3.249422851619133144e+04
5.547293911821595975e+04 2.501256895197409031e+05 3.482231214085881220e+04 3.602835255397881701e+04 6.182781454559988342e+05 8.526213655316679797e+04
6.438890600252867443e+04 3.225639223855121527e+05 3.332871500729483523e+04 4.546998541298730561e+04 5.839210207377562765e+05 9.016043396677379496e+04
1.697186879066097163e+03 7.065839736447428550e+03 1.916288807050443666e+03 5.398790050682055153e+03 2.020454058033418842e+05 1.720637906049103549e+04
1.757735950211777890e+04 5.433743091832818209e+03 1.596258727033686591e+04 1.635722716379996382e+04 3.326812472884987365e+05 3.692252152174671210e+04
3.569864755941887415e+04 2.067838408035288739e+05 2.374600786560393317e+04 2.082511414283839622e+04 5.899975468913629884e+05 6.956630786887439899e+04
7.689188082618365115e+03 5.544747803248392302e+04 3.677739354478137557e+03 5.761833178703250269e+03 2.761931379432950052e+05 2.551055484304745551e+04
8.453108894019962463e+03 1.144092106242072532e+03 3.832344568739408714e+03 1.278243855946582335e+04 2.753724186798988958e+05 2.601011094161804431e+04
8.496991205423102656e+04 2.640586648228672566e+05 6.287241245901588263e+04 6.209720517512776132e+04 8.567000417377575068e+05 1.258674682138507196e+05
1.603179726221484634e+04 1.176644390456993096e+04 4.741833145348700782e+03 2.429861075029605490e+04 4.006717602567562717e+05 4.056269231977674644e+04
2.417626346622319488e+03 1.010499762464859486e+04 1.588405510758262153e+03 3.180643538467033977e+03 1.712874773919282889e+05 1.414361144349421374e+04
1.974721344273023306e+03 6.546780392587571669e+02 1.060666977396528182e+03 4.854767166356994494e+03 2.101977242714664317e+05 1.682268424964154474e+04
2.971043237573443912e+04 8.555019233654964773e+04 2.440625628346595113e+04 2.120380999886961581e+04 4.855936537022562115e+05 5.700234569454034499e+04
4.108043363110697101e+04 1.933678077457577165e+05 2.128456750642707993e+04 3.161744632936416019e+04 5.171313478631393518e+05 6.782066614995175041e+04
3.923729653552420586e+03 8.736322547865696606e+02 1.157242131032433008e+03 1.047033874878147253e+04 2.510082390819042921e+05 2.215931623719093477e+04
1.724122017202060306e+04 9.000156842779087310e+04 1.179952562396864596e+04 8.827974904728242109e+03 2.738685017761933268e+05 3.195129655731482126e+04
1.129711025774740992e+05 5.507920017556815874e+05 7.956696379052851989e+04 6.351552321310833213e+04 8.683244444313040003e+05 1.486726808616376074e+05
2.374566273952696065e+04 5.921288332230932610e+03 1.278581802382888782e+04 2.881596724983708191e+04 4.991892628542917664e+05 5.241008270152749174e+04
2.223643307911091324e+04 6.503095440087569295e+04 1.310255886347635169e+04 2.179888030895532211e+04 4.482742884692504304e+05 4.887336221757738531e+04
7.566877129711683665e+03 1.725867553418813259e+04 1.099569823674840563e+03 1.339154063735734417e+04 3.533637083560533356e+05 3.115036061843411881e+04
3.846542618359764674e+03 2.586235089411888475e+04 9.028293565552272639e+02 6.663459337567500370e+03 2.823071253704855917e+05 2.366962462838428473e+04
1.465954482631087922e+04 3.243199846242361218e+03 5.481997579800893618e+03 3.625746570382922073e+04 6.672224532974631293e+05 6.379579274627246923e+04
4.579153253414472420e+04 1.057769819051955856e+05 1.752655622465126362e+04 6.017894332309054880e+04 8.590277345322339097e+05 9.777820804675867839e+04
1.669317344690986283e+04 5.009939337246544164e+04 1.654074769528095567e+04 7.457083547845445537e+03 3.458886844092603424e+05 3.624528142384981766e+04
9.881557210906727050e+03 3.550028502345603556e+03 3.412754448337588201e+03 1.585505795184797535e+04 2.686014451434563380e+05 2.688223350022954764e+04
8.348743074326101123e+03 1.553559842894097892e+04 2.782857822861070417e+03 1.105919423966043723e+04 2.254643465235320618e+05 2.213364942388686177e+04
5.469040898450383247e+04 1.870996218613388482e+05 4.155780127404511586e+04 3.567220226080797147e+04 6.351698635437682969e+05 8.602276765095232986e+04
5.775724977951348592e+03 4.717210879713913164e+04 2.861513507899117485e+03 2.438202319759938746e+03 1.566713714052181749e+05 1.520741752258053202e+04
1.044983132979905895e+04 6.468818954964722798e+04 4.580180245083368391e+03 9.200301406319777016e+03 3.304775177851149347e+05 3.156270329062227756e+04
1.062510259383882949e+05 4.868089684544892516e+05 7.788306746603439387e+04 6.341975254187913379e+04 1.031416021642366657e+06 1.557075810111602768e+05
1.090921650495707436e+05 3.350552069490059512e+05 6.053102565267481259e+04 1.075415559547162411e+05 1.082014326796083245e+06 1.640742038888511015e+05
1.047736102574934557e+04 1.493871841497651621e+04 1.099702402537087073e+04 8.019113770809531161e+03 3.175775237720450968e+05 3.046594337567557523e+04
1.793112959214480725e+04 8.961779010819867835e+04 5.543613811097093276e+03 2.323844423354488026e+04 5.745528910303900484e+05 5.597556752421308920e+04
1.220710954266805493e+04 9.061390530700951058e+04 2.317453177848691212e+03 1.172726195639498474e+04 3.811384338025500765e+05 3.641995351344563096e+04
8.587067609302854180e+03 3.618400144728927444e+03 9.928079560899954231e+03 6.898428337760370596e+03 2.847994592813257477e+05 2.673370488850844413e+04
4.499068233769444487e+04 1.675215242454104300e+05 3.171940405712357824e+04 3.037803758818717324e+04 5.106403267097350326e+05 7.004327722475871269e+04
7.553880362800708099e+04 3.665314818594090757e+05 4.993862826480471995e+04 4.992378057450163760e+04 8.944918929041668307e+05 1.223986786914188124e+05
8.533975080738553515e+03 2.033911778566244175e+04 5.140977887223840298e+03 1.057818073208909846e+04 1.944696036416697607e+05 2.108563862720350153e+04
2.025381651727043936e+04 1.602248500473236199e+05 1.099790191235721068e+04 8.826257532301655374e+03 3.015157264690240263e+05 3.693857427815572737e+04
4.595723061848004363e+03 6.347532004178922762e+03 1.437333605135793505e+03 2.058560759263629006e+04 4.039215943646093365e+05 3.740971187062846002e+04
1.246501113978880458e+05 5.032781818492703605e+05 8.926061141225924075e+04 8.910020623033888114e+04 1.077375558408734621e+06 1.761305314908845176e+05
2.426053357991006578e+03 2.725163730490948183e+03 7.205873138721434543e+02 6.700240248650281501e+03 2.048112444859950338e+05 1.725071221523998611e+04
2.114743303703418132e+04 5.767140125351141614e+04 1.775119586186240485e+04 1.323675584556347712e+04 2.795015838264573249e+05 3.528999311187717103e+04
8.484594612834817963e+04 3.155463920366114471e+05 6.294106411586036847e+04 5.265930285530581750e+04 6.825114414034740767e+05 1.124607418307244225e+05
2.834022923170609374e+03 1.280121973039675322e+04 1.021151477435226866e+03 5.743673126369898455e+03 1.791652217060058611e+05 1.572127790037213890e+04
1.540775358608803981e+04 8.800656303399158060e+04 9.151080231898586135e+03 7.930673477240015927e+03 2.980644787290117820e+05 3.193256148849454621e+04
1.968431181337650560e+04 1.026389374848823209e+05 1.379067632296463671e+04 1.041760059913260375e+04 2.865357832914426108e+05 3.500564535869800602e+04
1.613908376479625986e+04 4.412195511434508262e+03 7.436710988797534810e+03 2.685744884624598126e+04 3.907681384933724767e+05 4.185153566103848425e+04
3.576815519344315544e+04 1.348058746433148626e+05 1.914726900318594926e+04 3.107202667874076724e+04 4.771321630290839821e+05 6.106517874773104995e+04
2.269730128766165581e+04 1.186896985185175290e+05 1.125024074542615381e+04 1.529691246144128127e+04 2.825265423126331880e+05 3.664124899584593368e+04
1.732850930048546434e+04 4.062698887305405515e+04 1.018213897536615514e+04 1.709184752865978953e+04 2.576877263678526797e+05 3.145988530863873166e+04
6.695383619338725111e+04 1.875201853654169536e+05 5.288163215598443639e+04 5.134931833897071192e+04 8.794990919348021271e+05 1.144475242273760814e+05
4.227469100475758751e+04 1.436876997994951962e+05 2.883135779694754820e+04 3.188218560781167980e+04 5.285770586498329649e+05 6.950574715196854959e+04
4.541038296999725389e+03 5.304036944549385225e+03 2.723751028304255215e+03 6.904276951923606248e+03 2.904823658323464333e+05 2.409629407532253754e+04
8.883926213752154581e+03 7.109860624378660759e+03 3.825283039059261682e+03 1.965009691163400203e+04 3.772736722658338258e+05 3.626148377358267317e+04
9.535845517472780557e+03 1.595901156540448392e+04 2.414216847114809752e+03 1.684613072062578431e+04 3.543766688663001405e+05 3.328302847952891898e+04
7.128655107040974144e+03 1.661665227646499625e+04 1.438751845987465231e+03 1.306407618500268109e+04 3.817504565809903434e+05 3.302602168605173938e+04
1.636756765665876264e+04 5.208133801833845791e+04 1.086731687779544336e+04 1.837822639278626957e+04 5.461994617462819442e+05 5.230878396089811577e+04
5.075851109231021110e+04 1.419726091532298597e+05 1.833491078377402300e+04 6.486781137324736483e+04 8.865265105630748440e+05 1.038871305707363208e+05
1.217695656468677480e+05 1.441430149396844499e+05 8.495896810850033944e+04 1.344718731622978521e+05 1.438552747885774123e+06 2.013180015396325907e+05
5.778027910002826502e+03 4.829610315933736274e+04 1.770752381764448955e+03 6.115252123645838765e+03 2.575421942289395665e+05 2.324004472678567254e+04
8.878516021443452701e+03 1.685460914004963570e+03 3.556577009984554024e+03 1.953705965617798938e+04 4.176237570803436101e+05 3.854010966396622825e+04
8.059666764073722334e+02 5.065471109822744324e+02 4.179316136075060513e+02 6.357863351281518590e+03 2.140700380558011530e+05 1.747840810371342377e+04
2.252144122979174790e+04 1.836094028477215033e+05 1.192062611270356138e+04 1.176050739648380295e+04 5.556749574213060550e+05 5.691469065821039840e+04
8.731987235937060177e+03 1.716141938918300730e+04 7.019132686311580983e+03 8.561178914910955427e+03 3.470779946611908381e+05 3.109039836365964948e+04
1.112147663181674434e+05 3.044393428164669895e+05 5.727343295977054368e+04 1.211850787337465154e+05 1.210404919896604493e+06 1.759601547943508194e+05
5.126269817122110544e+04 2.406539727314242627e+05 2.745773767908368609e+04 3.990155435884495091e+04 5.255354751785370754e+05 7.713236021525238175e+04
2.745331190440505907e+03 4.921600052863809083e+02 2.329544481706020633e+03 3.936815785715682978e+03 1.410312887711342191e+05 1.229444951885924820e+04
3.243918935206407696e+04 2.026530165646091045e+05 1.985319081930940229e+04 1.691669850150560524e+04 3.674570685002176906e+05 5.094851095522096148e+04
2.638849064606252432e+04 1.247368676018285478e+05 1.808918442329757818e+04 1.405429180177487979e+04 3.197199039456177270e+05 4.182829687006541644e+04
1.550846399991964281e+05 4.708570408775375690e+05 1.056777535860643547e+05 1.260189005038684409e+05 1.214289193562887376e+06 2.075065597754781775e+05
8.269283158068537887e+03 3.082642783257469273e+04 2.085152447775371002e+03 1.435205499925816184e+04 3.945768008916611434e+05 3.545275775787195016e+04
1.994023784846933631e+04 4.407947363313709502e+04 1.583121043789978285e+04 1.399177658182070991e+04 2.967358667218593182e+05 3.529047631689808622e+04
9.462672319427378170e+03 3.533415227223830243e+03 5.046276629320233951e+03 1.246806941281413128e+04 2.016812133766500046e+05 2.155303039623768564e+04
1.741393039817768658e+04 4.890866418722388335e+04 9.842037976238430929e+03 1.854817049764781405e+04 4.712997276163676870e+05 4.674896406043042953e+04
1.829473565311573111e+04 2.136772837880726365e+04 1.257864994038803889e+04 2.523016950608935804e+04 3.405452772540302831e+05 4.079317270921821910e+04
2.621613125822939401e+04 9.233722925759140344e+04 1.565403064114241715e+04 2.333187812787390067e+04 3.470709495381500456e+05 4.521045874123057729e+04
2.616583897460215667e+04 9.929421048720637918e+04 2.190142121115715054e+04 1.419346385449289119e+04 3.068608589479961665e+05 4.141103443927861372e+04
7.778224329993708125e+03 4.184869332045122974e+03 3.453092384097375088e+03 1.020220907021279345e+04 2.092384641002883727e+05 2.038217413272035628e+04
8.134445115261069986e+03 3.471525199350294133e+04 3.741153663549833709e+03 9.061244684015096936e+03 2.984810004434185685e+05 2.750324081662232857e+04
6.818097273288692122e+03 1.872170668529371687e+04 2.013409283137327066e+03 9.814031028278297526e+03 3.208158457398677128e+05 2.780983494361975318e+04
1.582393219123441122e+04 8.737012234421836911e+04 4.804637546817667499e+03 1.357753796663465255e+04 3.385144002630503965e+05 3.530145439955216716e+04
1.348767756549563092e+04 2.229355259528564420e+04 4.892910173809483240e+03 2.357530113354851346e+04 5.015429203256792971e+05 4.760609970279677509e+04
7.690872257355312286e+03 9.716905001921903022e+03 7.150662430536908687e+03 1.030883287287249732e+04 3.305247986035928479e+05 3.045570366175557501e+04
1.548895101869076279e+04 8.269232852801802665e+02 4.584675720491795801e+03 2.893157768949428282e+04 4.453206293900363380e+05 4.505176118364038848e+04
1.539097063111929310e+04 7.723395143761440704e+04 8.135997396118168581e+03 1.108778532997325601e+04 2.656817268001441262e+05 3.021157637637111111e+04
2.602325377905645655e+04 2.287004907719177427e+05 1.256262999664329982e+04 1.722621194635896245e+04 5.210398629002670641e+05 5.956415166810362280e+04
1.497410500061594939e+04 1.917915452080650994e+03 9.626415835925066858e+03 2.548403483736800990e+04 4.698090622903101612e+05 4.736731220447258238e+04
8.241592427972071164e+03 6.201730720926255890e+04 5.727153884711998217e+03 6.920492163780611918e+03 2.235399512264845544e+05 2.370154349770166300e+04
8.763436431157797415e+03 3.305432369291599753e+04 7.796580068636469150e+03 4.604881481554854872e+03 1.913649547188003198e+05 1.994962897803789019e+04
3.539065157955564700e+03 7.098592294640865248e+02 1.359727046514836047e+03 5.666683037522410814e+03 1.698473843434507726e+05 1.460752221978623493e+04
1.434094122878056805e+04 5.077138567552297900e+04 1.433865052766789631e+04 7.730371288605235350e+03 4.424876694899864960e+05 4.195001961564001977e+04
9.445446387448633686e+03 1.668861655615866039e+04 6.690254639228909582e+03 1.101570173056707972e+04 2.458075455374529702e+05 2.522371975183543691e+04
1.107169206776524516e+04 5.077643566956992800e+03 7.473558408282497112e+03 1.297802967957150940e+04 2.817759634058651282e+05 2.829352644201790463e+04
3.950157786893947559e+03 1.696401639237911513e+04 1.160144462623417894e+03 7.371651901610422101e+03 2.537064737402729224e+05 2.173689650817545771e+04
9.350180917968782887e+04 3.573664791723010130e+05 6.618328631058243627e+04 6.762765865404123906e+04 6.361458792235513683e+05 1.195772515465860051e+05
6.272421048568565311e+03 4.208181192449399532e+03 2.831205639924912703e+03 1.654815605671909725e+04 3.343893204419832327e+05 3.140236971073238237e+04
3.101175942311406834e+04 8.448550445458557806e+04 2.279339830342596179e+04 2.624430947657018623e+04 4.239969144155142130e+05 5.439065468863146089e+04
1.430518239089119197e+04 8.172861764598083391e+04 9.782909010666160611e+03 1.534368338665029478e+04 2.619483046095483296e+05 3.281723374580897507e+04
6.970278265749494494e+03 5.060354950958130757e+03 1.745837496131077614e+03 1.346882826015807223e+04 3.104744061714588315e+05 2.797571376694496212e+04
3.858026922893975552e+02 8.288292549171393375e+02 3.526601080261375500e+02 2.122982681364529071e+03 1.619440073555889830e+05 1.204529549487638542e+04
5.765756705225414044e+04 2.284165285355221713e+05 2.864560589423450438e+04 5.058592848522104759e+04 7.229724072113396833e+05 9.514984786439227173e+04
3.912209716223271244e+04 6.738111427514810930e+04 1.559464763761373069e+04 5.490793866387078015e+04 6.704218468448378844e+05 7.997685754300706321e+04
3.096152981641369115e+04 1.680555016406380164e+05 1.436650826297676031e+04 2.319415225104661295e+04 4.560658097587405355e+05 5.567002837339493999e+04
7.108529118981536158e+03 1.155098917617693587e+04 3.319140537625018169e+03 8.916010012398301114e+03 2.620889750626287423e+05 2.366195118149341943e+04
6.909748188012821629e+03 2.829907031969944455e+03 7.397670590237977194e+03 4.763563899933270477e+03 1.926402791185583337e+05 1.843993632339323813e+04
4.613791297400373878e+03 9.212547650072045144e+03 3.183937274078763949e+03 1.174083990416888810e+04 2.527358156952129211e+05 2.413623198279526332e+04
2.843973636612923656e+04 8.358474240554356948e+04 5.242659636849818526e+03 4.663267712643797859e+04 9.024547753536618548e+05 8.818039852361936937e+04
3.220549113341547127e+04 5.211562676169864426e+04 2.317962976226344836e+04 2.784493003385449265e+04 4.458824253668211750e+05 5.515153777519908908e+04
1.268374070138025854e+04 2.795470142926488188e+04 8.324544162707463329e+03 1.258806883927516537e+04 2.515953952409658523e+05 2.758587921831779022e+04
3.961746343165780127e+04 1.463168499240288656e+04 2.025390806818267811e+04 5.602305037862645986e+04 8.704879831325829728e+05 9.333637952830237919e+04
5.677616423615562962e+04 2.113659053962533653e+05 3.325179677117914980e+04 4.792683626649033249e+04 4.805772523645346519e+05 7.878618360462575220e+04
3.176652790632636970e+04 9.544859467763302382e+04 2.387937929169119889e+04 2.925118612403113730e+04 3.099924225906986394e+05 4.909293497578466486e+04
4.311954481584128189e+03 4.989916332685388625e+03 1.511620758170049385e+03 6.663120804425378992e+03 2.077305915900768305e+05 1.788332573596785733e+04
8.353926835747297446e+03 3.264764457655651131e+04 3.825634808498084112e+03 1.359434766612309068e+04 2.700881188400040846e+05 2.757747212056952412e+04
1.667423387494316785e+03 1.630145967923070430e+03 4.502211950900029365e+02 5.045026461178520549e+03 1.375271097265541612e+05 1.180602507186772164e+04
7.416080302294485591e+03 1.966264683842560771e+04 4.881542146207510768e+02 1.830330007606415165e+04 3.809829514923380921e+05 3.508439368561025185e+04
1.128908771412454553e+04 8.221986586110768258e+03 7.225045170647379564e+03 1.312560847876374464e+04 3.586233913046463858e+05 3.357741195893828990e+04
1.196397557340418462e+04 7.864855547095038673e+03 2.246544165122251343e+03 2.655641910327932783e+04 4.256355793050419888e+05 4.199399196940226102e+04
1.490971334207393193e+04 5.126017571258320095e+04 5.229305307320303655e+03 2.666637979996883587e+04 7.094959884471863043e+05 6.456872217806975095e+04
4.324287446807878041e+03 1.276537087415737369e+04 3.672447072906659741e+03 8.458069142381569691e+03 1.518130175054023857e+05 1.625014519736433795e+04
5.692800083663022633e+03 2.986926602392965833e+03 4.768134028349593791e+03 8.615145003953150081e+03 3.337547565919925109e+05 2.854707444053263316e+04
5.494986954313022579e+03 1.933373747492977418e+04 2.809563575385330751e+03 4.423528398381235093e+03 1.285734274988717807e+05 1.281568051003686742e+04
2.298291737167894553e+03 1.254272301569426054e+04 1.051748113741916541e+03 7.938334852502388458e+03 2.269835383879816218e+05 1.993030966646431261e+04
4.116920739823833173e+03 1.655452852332141902e+03 3.661313246346293454e+03 8.166149129015411745e+03 3.574207434877971536e+05 2.939280613166423427e+04
1.142511965633104592e+04 1.416334280022859821e+04 7.145690872779782694e+03 2.690255275220756812e+04 4.036255824252747116e+05 4.309367098993028776e+04
7.636098081900338002e+03 8.108693583818257139e+03 2.673762208640419431e+03 9.595838342727818599e+03 1.863858533118908526e+05 1.842908772982066876e+04
6.890497966238744993e+03 1.784875618521148226e+03 2.735129443486870969e+03 1.526688483285062102e+04 3.016903019476998597e+05 2.846237474625641335e+04
6.245633223935824390e+03 3.011583155073513626e+04 4.072624462017229689e+03 4.558089714431767788e+03 2.157350102571703319e+05 1.981687657891392155e+04
4.429685863112517836e+03 1.276931617685074343e+04 7.003550522507611049e+02 6.949310052007632294e+03 1.955240572474784858e+05 1.722686687505892769e+04
1.467770424003571134e+04 8.537722019102834747e+04 8.093471351203399536e+03 7.978407887242577999e+03 3.011161878106653458e+05 3.157340504090408285e+04
1.700193197742357370e+04 2.267930930100531987e+04 6.639553240438513058e+03 2.122473172452783183e+04 3.436277978627843549e+05 3.669394013614310097e+04
9.476567045857788116e+02 2.379279791073585784e+03 6.960053186905115581e+02 1.535578860715987048e+03 8.904461836501598009e+04 7.101212912233861971e+03
1.196386755277092198e+04 1.596048649368261613e+04 5.825822225311784678e+03 3.035491308976234723e+04 5.248634048976956401e+05 5.232911052789281530e+04
1.215587108184208228e+04 1.219110663639967061e+04 6.479187998890171912e+03 1.579811452858684606e+04 2.688824318983190460e+05 2.862476762218889053e+04
4.635415956921881298e+04 1.325411409617720346e+05 2.342495027660694905e+04 4.908403075255804288e+04 4.780797178122898913e+05 7.100564671868241567e+04
6.700980795702525938e+03 6.620112559672971838e+04 1.715853289315235088e+03 5.110628876149391544e+03 1.775438007379446353e+05 1.826724135798089992e+04
3.015281701867439915e+04 8.580221347605336632e+04 2.970017766722250963e+04 1.383348065991802287e+04 5.031623927690953715e+05 5.714586725775991363e+04
8.963450755418214248e+04 2.384352580703279818e+05 4.402168224376468424e+04 9.797197622673402657e+04 9.794154748915926320e+05 1.409493366986206092e+05
6.613433130289308792e+03 3.442515972005094227e+02 2.756576048704141158e+03 1.099001578069192510e+04 2.354246640694473754e+05 2.200942001523814179e+04
1.837886775585694522e+03 4.336456458505180308e+03 8.596239190764566729e+02 1.057544214129419015e+04 2.892716508621600806e+05 2.482343748522604437e+04
9.654506077674386324e+04 3.259739118738315301e+05 6.340649574927506910e+04 7.997006773606470961e+04 1.180937331929330714e+06 1.590506522387033619e+05
1.465852024158828863e+04 3.516356532807147596e+04 4.473120642439932453e+03 2.365011820883073233e+04 5.690686242655589012e+05 5.263742126146870578e+04
2.729703681702999529e+04 1.355642759230912779e+05 1.544837941917971511e+04 2.245057365495770500e+04 6.728767575034506153e+05 6.877538418326381361e+04
4.553253931171691875e+03 3.957630824783932894e+03 2.909083859674506584e+03 6.052981715941210496e+03 1.788518394058122067e+05 1.621641391590310923e+04
4.341950236660777591e+03 4.900226197120226971e+03 5.009056212744264485e+03 5.939638605683437163e+03 2.351377314777518332e+05 2.090282631544202741e+04
7.634493169215814305e+03 3.755102185570131405e+04 1.306517686818256379e+03 9.028965630117274486e+03 2.294160878381026268e+05 2.193412338520161575e+04
4.241644956162395829e+03 1.968108036545769573e+04 2.547048678551315334e+03 7.489213290288908865e+03 2.021627711682236986e+05 1.905553944405203947e+04
1.113053244675758469e+04 1.283277998744821616e+03 4.797801302327632584e+03 1.574241713176449957e+04 2.594990323648018530e+05 2.670400687057841787e+04
5.879849267626469782e+02 2.387952900333686557e+03 2.705978264533500806e+02 5.339990116153166127e+03 1.298940571526800923e+05 1.138606407461483832e+04
1.801107901175949883e+04 7.311039402009783953e+04 7.844408193734280758e+03 1.637187374336257380e+04 2.523660421862067014e+05 3.137564698981512993e+04
2.693986647017200085e+04 6.464631982900517323e+04 1.274495212112363151e+04 3.153158002807499724e+04 5.045835945936798234e+05 5.688848270373363630e+04
1.194700942302634394e+04 2.069864750876336075e+03 4.998460714103304781e+03 2.084511181955448046e+04 3.317956222294077743e+05 3.399941582109812589e+04
1.078690074228900085e+04 1.264313555068208734e+04 1.677761087267918583e+03 2.416349571756099613e+04 3.784337050499754259e+05 3.772836955465328356e+04
1.267919211852826811e+04 1.269652703880750632e+05 5.516990501408499767e+03 5.313274703524856704e+03 2.319629901316403702e+05 2.666381900896180377e+04
1.108117640597521240e+05 6.253647373544734437e+05 8.134537797774642240e+04 5.185744254444453691e+04 1.134314595892299432e+06 1.657473806960635993e+05
3.578195102998590301e+03 4.876786602123474040e+03 2.113841280147063117e+03 4.404865190807590807e+03 1.602041051437989518e+05 1.391957907200965383e+04
7.583821376244326530e+03 5.951844952650255436e+04 3.034476793326577081e+03 4.040740475468458953e+03 2.130690642692441179e+05 2.041070376557702912e+04
2.481039163298011990e+05 7.774656267946088919e+05 1.489080889368423086e+05 2.308101446765451983e+05 1.862108745721323416e+06 3.322679805783762713e+05
8.503482308524946347e+03 1.122369210398384712e+04 5.517296939362322519e+03 8.408152919337828280e+03 2.058883829041393474e+05 2.058367779944260838e+04
1.140984841469790808e+04 5.680571962440538482e+04 5.971647982762518950e+03 1.419613436476118477e+04 3.511217610283763497e+05 3.542014004513245163e+04
1.304287842179803738e+04 1.470204230764677595e+04 8.923618826915671889e+03 1.576650980083681316e+04 3.482353052475954173e+05 3.512569611110936967e+04
2.494638069099476070e+03 8.668551743856536632e+03 1.076901323581770839e+03 4.675617929833407288e+03 1.871826043661640433e+05 1.559714857614146058e+04
9.715131753772129741e+03 1.149982516422568187e+04 3.903124338500032991e+03 1.450814044563314746e+04 2.450878269810141646e+05 2.529634602979198462e+04
1.319769130627687846e+05 4.416876731781465060e+04 5.555290105367724027e+04 2.117224503811645263e+05 1.891516032579474850e+06 2.490931399917432573e+05
9.456580046820066855e+03 6.436941385786650244e+03 1.421872157042234539e+04 3.866154193534016031e+03 2.312110427983606642e+05 2.374729498098116528e+04
1.411678166819036414e+04 5.687896989792640670e+04 4.295426695202806513e+03 1.602041328505230740e+04 3.008156408641634043e+05 3.214251027968044582e+04
1.278496844386787598e+04 2.858972180531483173e+04 7.638196307702111881e+03 1.141829335833100413e+04 3.474774927135263570e+05 3.324145786466015124e+04
1.316329940905622243e+04 1.695860439912265792e+04 1.293697910738388600e+04 8.120869351047876989e+03 2.917955651024643448e+05 2.971408461019867173e+04
6.460564096548178350e+04 1.953483428913368843e+05 5.490786967736608494e+04 3.906960513108168379e+04 7.063720428272639401e+05 9.851113961409777403e+04
1.110747000500848844e+04 7.077026153696025722e+04 3.562585016524054026e+03 2.436322895911321393e+04 4.042901638363728416e+05 4.324596057670802838e+04
4.213277130009385473e+03 8.633848099289600214e+03 1.811657023530559400e+03 7.110009793466034353e+03 2.095750907160550414e+05 1.851907529156368400e+04
2.639189580510615997e+04 3.547789875327574555e+04 1.461572888986995167e+04 3.176839396680021673e+04 5.215751285997978994e+05 5.750185520302652003e+04
2.047927656027343573e+03 6.861648717265294408e+02 2.150647024046365004e+03 5.877042477270106247e+03 1.982767271728468477e+05 1.695457065333296487e+04
3.032381961381739820e+05 1.222690839506938821e+06 2.225246973821023421e+05 2.079475512396031700e+05 1.878741553416739218e+06 3.768097636567943264e+05
1.684825266763619084e+03 2.094898855868691498e+03 2.414009564523392783e+03 6.551758457466843311e+02 8.087554155153891770e+04 6.880197147220754232e+03
2.108082746682897050e+04 7.799825508866111704e+03 1.451986526195763690e+04 2.415390054353754749e+04 3.772868298959598760e+05 4.294332150703667139e+04
2.850444753332446908e+03 3.286004002187180959e+03 3.505713979467775971e+03 4.578769409448793340e+03 1.943976948677616310e+05 1.681937868316364620e+04
3.327886402612712118e+04 1.834243708453701402e+03 1.597715769199430542e+04 5.028979512612459075e+04 6.604484617889432702e+05 7.413996718301420333e+04
1.856631104628189132e+04 1.425012807024415679e+03 7.943836322330607800e+03 2.914711651441916911e+04 3.804578877703789040e+05 4.226425498139586125e+04
2.384722684558040055e+04 8.003104491566683282e+04 1.768517060010331625e+04 1.718859724197418109e+04 2.951318046322836890e+05 3.920594540993396367e+04
1.113519275859241861e+04 6.935949433528256486e+04 6.736001581370809618e+03 1.012927278919843593e+04 3.471976304605623009e+05 3.426779726157947152e+04
3.720954347707606212e+04 2.190495691897084762e+05 2.512559372094876744e+04 1.958547148831705272e+04 4.903288080200716504e+05 6.350361126112525380e+04
3.072517544775703573e+05 8.913241420351297129e+05 1.839172842930336192e+05 2.940648613657751121e+05 2.243266109159315005e+06 4.072319487887211726e+05
1.770039073305613056e+04 9.303458594625856495e+04 1.128669023515645677e+04 9.611080540419572571e+03 2.466095973192408856e+05 3.040095502482790107e+04
3.380488328913259465e+04 6.924681617169389210e+04 1.843780150531250911e+04 3.795300374682156689e+04 5.676667306604135083e+05 6.671678771655463788e+04
4.392275353723903390e+04 9.480438731086582993e+04 2.956745920360201490e+04 3.906717191109721171e+04 6.555217185301503632e+05 7.919189615947614948e+04
2.050190164458239451e+03 1.000727135807349214e+03 2.544958423339983256e+03 2.415770049440914590e+03 1.349265641615988570e+05 1.131407780716807429e+04
1.441327310431605292e+04 7.846622272245205750e+03 1.245629399951526102e+04 1.324821328536986039e+04 3.060655213871095330e+05 3.233437342209058625e+04
1.737809881372853852e+04 2.336801773897494058e+04 6.668633115582777464e+03 2.198505148294804894e+04 3.807362276100558811e+05 3.958024961143312976e+04
6.063727855959060435e+03 3.315281207292984618e+04 4.702249637563486431e+03 3.196984303661806280e+03 1.951984700031329703e+05 1.824179496412474327e+04
4.368133543972878215e+03 2.116124663899981533e+04 2.749623485341683590e+03 4.891149663898171639e+03 2.193970411025299400e+05 1.920046120542256904e+04
1.402241745889867343e+04 1.356807973388212122e+04 9.642925984994699320e+03 1.388308757489521849e+04 3.692164760047453456e+05 3.593921151026710140e+04
9.267489287577913274e+03 6.408532936177985903e+03 2.874324677013862583e+03 2.065227356129100372e+04 3.809637696178705082e+05 3.651820624094053346e+04
2.097328536459281531e+04 2.180376819001828335e+04 6.062831830658959007e+03 2.999477814075549031e+04 4.411680192107401672e+05 4.692819587049822439e+04
4.548682293677215966e+03 2.968928428805230055e+02 2.548602039395932934e+03 7.900835926623967680e+03 2.487528528434586478e+05 2.141699466303373629e+04
1.981068364444888402e+03 6.392894322328398630e+03 6.034776083411763921e+02 7.900544118095070189e+03 3.030601383113646298e+05 2.453261560781623120e+04
5.724007620468576533e+03 1.392214943704423604e+04 4.392850390818689448e+03 8.475821020322671757e+03 2.002161477949093678e+05 1.988152998523787392e+04
1.559971274130901293e+04 1.150636951975976444e+04 5.407218583544884495e+03 2.925030312192222846e+04 4.379675760325668380e+05 4.558423885076887382e+04
2.711262902025065159e+03 1.602664103807017909e+03 2.416038256110519796e+03 6.485028168146027383e+03 2.284551132389227278e+05 1.941902477778728280e+04
1.894514793985452343e+04 9.868594389867306745e+03 2.241125273024497437e+04 1.220322071343949028e+04 4.325541854395293049e+05 4.476088351255472662e+04
1.503562592556352001e+03 3.481478150112365711e+03 1.157595971617347459e+03 8.920092824404066050e+03 3.525730095138768083e+05 2.841869283831687426e+04
6.367267365434931889e+03 1.213768686427601779e+03 2.774925367669929528e+03 1.043080972890113662e+04 3.265804052021404495e+05 2.793858066399868403e+04
2.676520933654653618e+03 1.638323185876640309e+04 1.948889185309692948e+03 5.866141292764134050e+03 1.682449439829635376e+05 1.561930535924583819e+04
9.428894828182028505e+03 5.227828617529048643e+02 4.320165555341642175e+03 1.326828743785829829e+04 1.920822679227412445e+05 2.080729744306873908e+04
3.208307821146537663e+03 1.187187669570726939e+03 1.935632966501012561e+03 5.097542715442883491e+03 1.508240378214908997e+05 1.334254253290554516e+04
6.735287170688297192e+04 1.576170620102887624e+05 5.984479587407176587e+04 4.802654321974509367e+04 8.658150297809939366e+05 1.135469848461054062e+05
1.312568553079957746e+04 8.506363356565227150e+04 8.240025881106736051e+03 9.659396207301244431e+03 3.443217810583311948e+05 3.528717452723352471e+04
2.390897023911953147e+04 3.816191687482492853e+04 1.506749304757302707e+04 3.761274407334683201e+04 4.723666919555928325e+05 5.716236751703183108e+04
2.488154160378779852e+04 1.268988992031361850e+05 1.373031015498840316e+04 1.627218041392905980e+04 2.922631292490776978e+05 3.921237342456649640e+04
1.393729032105326769e+04 3.897970385681968037e+04 9.437566843116148448e+03 1.156995866201566423e+04 3.246820632125937263e+05 3.306652110530064238e+04
4.315035470720651938e+04 1.815438263700472598e+05 1.504594029301857518e+04 5.060467995248619263e+04 6.677157291155832354e+05 8.326029229199158726e+04
6.075098732185489644e+04 1.142276756214481575e+05 2.438691343157124356e+04 7.842994194703598623e+04 1.010625309156065225e+06 1.196028692138671322e+05
3.215938941348566368e+04 9.250813499104042421e+04 2.036357437281247257e+04 3.860763054055128305e+04 5.302467297832085751e+05 6.647689923043866293e+04
1.351713885057779262e+05 5.740287868828366045e+05 9.598445610666966240e+04 9.440386596850883507e+04 8.893701354587039677e+05 1.722823087296710582e+05
9.449933469519107894e+04 2.594644339944184758e+05 5.886873498011656920e+04 8.769025758423728985e+04 1.009297403890508693e+06 1.457506522896265378e+05
1.596532553223995819e+04 3.657056593173335568e+04 1.250098758417729005e+04 1.347435465250321977e+04 3.714666991040655994e+05 3.827578277635927225e+04
4.186756749006269820e+04 9.313530774160205328e+04 3.346716263253468787e+04 3.222722342894567919e+04 5.618509133776843082e+05 7.139725441946143110e+04
3.893160224410445608e+03 1.601102843924954186e+03 2.899563188021999849e+03 5.514188336750881717e+03 1.983316515776090964e+05 1.716229833786635936e+04
1.524399879762520141e+04 1.671407981557013045e+04 6.147228238984860582e+03 3.046888655025186017e+04 5.937787159112858353e+05 5.719169791764756519e+04
1.542043861504823144e+04 7.323446288547029326e+03 9.508164173134126031e+03 1.932087893686733514e+04 3.841560299923446728e+05 3.903589199705556530e+04
1.108549638615592412e+05 3.723125596050302847e+05 9.343282825123745715e+04 7.010368185527677997e+04 5.792450476171373157e+05 1.293560191250020143e+05
1.330373970434953662e+04 4.391574393202667852e+04 1.163658713386613999e+04 7.605651432724837832e+03 2.274467134668873623e+05 2.592607659291313757e+04
7.833832209438888640e+03 1.117347164964636067e+04 6.439959881865745047e+03 1.215293051469888269e+04 3.194259750481700175e+05 3.030875810121702307e+04
5.896632201157010968e+03 1.138735442807177151e+03 2.209225360351277232e+03 1.038169558966952354e+04 2.447224328774743772e+05 2.216306174792977981e+04
2.252131851401673703e+04 9.465923414364659402e+04 1.288967901238716331e+04 1.641269945988852123e+04 3.727735569387600990e+05 4.273367028829321498e+04
3.041394412526975430e+03 8.675376359306299491e+03 2.466660141267542258e+03 4.292667018067912977e+03 1.475455082242888748e+05 1.335745131616881190e+04
3.876836351087400544e+04 1.634377879817284702e+05 2.361318787702351256e+04 2.876993474105449422e+04 5.727190706631460926e+05 6.979501271142461337e+04
1.884791267194061584e+04 2.680894179846690349e+03 1.151878374991808778e+04 2.766026134843959153e+04 4.940128775913941790e+05 5.083282203289238532e+04
5.461071315304980999e+03 6.100976546882446200e+03 5.601966227534948302e+03 7.044795344986213422e+03 3.000050300919965957e+05 2.608050587042957341e+04
2.682395325563204824e+04 1.148042587958801741e+05 1.746598233892774442e+04 1.812900711538188261e+04 3.063713524673498468e+05 4.201295991280673479e+04
1.511474910926442135e+04 6.652394945998737239e+04 8.812906922796530125e+03 1.502920282801620306e+04 3.069210506499196636e+05 3.452952169530705578e+04
1.566563294071229939e+04 7.602340573651185878e+03 8.546308688078246632e+03 2.211771633590244164e+04 3.282791384502974106e+05 3.614147533818423108e+04
5.359445024876387470e+04 8.053471811884187628e+04 2.246423452616297800e+04 6.905192127093422459e+04 6.158998922522582579e+05 8.631751948526107299e+04
5.730567328089211514e+03 1.647456685633259622e+04 3.331274361713084545e+03 6.015886127121344543e+03 1.656542793840214435e+05 1.611321435250674949e+04
2.868867762013641550e+04 1.610085233170962019e+05 1.414338091217158944e+04 2.301174639333547748e+04 6.670409877318434883e+05 6.933283668597081851e+04
1.122373905014711454e+03 1.362563357858521158e+03 1.408700028499086557e+03 2.064276280460445832e+03 1.153396084322239913e+05 9.365804422803597845e+03
1.873462705768031083e+04 2.986642052467295434e+04 1.250049482518673722e+04 1.808805934630312913e+04 2.456214923850262130e+05 3.156584810818537153e+04
4.269392021720881894e+04 1.894517249866141647e+05 2.078147934996603726e+04 3.523957623741172574e+04 7.292255410367412260e+05 8.331329221365634294e+04
1.049146147514429504e+04 7.881883041704082871e+02 5.704899861484270332e+03 1.373767508112205724e+04 2.886416785226695938e+05 2.812416122076380270e+04
3.606964731491653947e+04 1.049764715617519105e+05 2.165614001200787243e+04 3.363935410684115050e+04 6.010086869454180123e+05 7.016378440696760663e+04
2.931170571751146326e+03 1.686386811896971494e+03 3.612290629457475916e+03 2.720553735552405669e+03 1.239927958127759630e+05 1.121052691555708043e+04
4.197629194403672955e+03 1.465029709487570699e+03 2.431875605898442245e+03 1.319084292816490961e+04 3.115908407753309584e+05 2.804297727473610576e+04
1.191387043669121340e+04 6.956427853418565064e+04 6.334654735809275735e+03 7.516927088024525801e+03 2.626140207649146905e+05 2.723459509478005202e+04
3.638988127429207452e+03 2.780539484184599587e+03 1.926498053310048135e+03 7.454288464448130071e+03 2.260078230909309641e+05 1.953994304491848743e+04
1.996162906574054796e+04 5.431945834374605329e+04 1.105804271248016084e+04 2.033862007862618702e+04 3.109522496144280303e+05 3.756555426659594377e+04
1.061196789062004973e+04 2.651825476712761520e+04 8.743572603462216648e+03 9.401282966024087727e+03 2.927756465484866058e+05 2.902420671394501915e+04
7.379451310449458106e+03 4.766424939296417506e+03 4.710394201923300898e+03 1.400903180122106096e+04 3.613087634013150819e+05 3.290251720135295909e+04
2.468131380875749164e+04 1.450181789317977091e+05 1.731158470428941655e+04 1.396235262566954589e+04 4.122519700013946276e+05 4.867853629059170635e+04
1.566344974014736363e+04 1.712151647582139703e+05 5.380324900854791849e+03 8.800684684457901312e+03 4.255864464597511105e+05 4.339401578668193542e+04
2.640342168417385437e+03 1.353207258301310321e+04 1.552460765495988426e+03 5.731085217418349202e+03 2.532420823287485982e+05 2.096316113164832495e+04
8.624585559228120474e+03 3.633018879323043075e+04 1.215724475655871629e+03 1.961221112591546625e+04 3.635451553229581332e+05 3.564162278867464192e+04
1.770455455516123720e+03 3.809952907224766022e+03 7.742724394127363894e+02 3.990411193964260292e+03 1.924285532254613936e+05 1.526932669719280966e+04
2.648916765984198719e+04 2.420250534622484411e+05 9.977163293765475828e+03 1.373003827014470335e+04 4.534001343281258014e+05 5.297845515600003273e+04
1.074225062031689413e+04 4.802200236150262936e+04 6.595943192295240806e+03 2.670083759923182515e+04 3.771433974035748979e+05 4.265934311688232992e+04
2.182915007064553720e+03 1.836292037421409259e+04 1.153320824573051141e+03 2.384884038326829796e+03 9.508015607299628027e+04 8.879085899186527968e+03
3.017894970635242862e+04 2.688151567746427099e+04 9.789136822032267446e+03 4.954905976316583110e+04 6.314491814330144553e+05 7.042611373698424723e+04
2.397868283178361526e+04 2.439522355121705004e+03 1.048978450758056897e+04 4.182781660940519942e+04 6.039317589166589314e+05 6.417672976537856448e+04
1.471757942192360351e+05 7.375854110676630808e+04 1.036281157589372742e+05 1.666027859962296789e+05 1.916687610993221402e+06 2.525721592277291056e+05
3.285471759069560358e+04 9.783105084255724796e+04 2.117735580302044400e+04 3.313886783897748683e+04 7.301253989428933710e+05 7.806191528286306129e+04
7.665937525826869205e+03 1.351659372602716394e+04 3.102645938983990618e+03 1.069282999765240493e+04 2.350809686136373784e+05 2.265276733380048972e+04
1.328013243985107147e+04 1.954829086492646456e+04 7.856205212776225380e+03 1.524640803955082811e+04 3.073110578400302329e+05 3.191757396865612827e+04
8.145874168537534388e+03 3.519627642123537953e+04 7.775438634679252573e+03 1.025203097947162860e+04 3.289303199845808558e+05 3.185262002783663047e+04
1.056386500104569677e+04 1.636695566361973943e+04 4.612777726753271054e+03 1.553030291006047992e+04 2.861471963297491893e+05 2.906689460693199362e+04
4.630039946135812897e+03 1.129836843908400988e+04 3.504983983210127008e+03 7.643761346803432389e+03 1.995500863205163332e+05 1.894793793300286779e+04
1.973434200128808880e+04 1.089372387461556536e+04 9.715024914906523918e+03 2.708326787308481289e+04 3.966714479750869796e+05 4.365350189087243780e+04
2.890117471678917718e+04 1.407899423013521591e+05 1.621443425924973781e+04 2.431941401863399005e+04 5.464363430816894397e+05 6.170487133826208446e+04
6.645808632676654088e+04 1.594539536318316823e+05 3.460871743448395137e+04 7.102306265104142949e+04 9.420315669298452558e+05 1.182839093737271469e+05
5.196220650399344595e+04 2.030716693612479430e+05 2.173070590764643202e+04 5.236709571508193767e+04 7.251709565210298169e+05 9.186836807582982874e+04
1.605225367482815818e+04 5.438720476662973670e+04 1.067408507936681963e+04 1.091327439622018937e+04 2.686926559185193037e+05 3.029903785398778928e+04
1.561775398516149471e+04 1.302856328543934069e+04 1.227230257945543235e+04 2.142902174707052473e+04 4.728429528091526008e+05 4.742802697295419784e+04
2.444831294121664541e+04 1.620067507373231638e+04 1.162440187160683308e+04 3.431079219268041925e+04 5.081058897205167450e+05 5.550235322245393036e+04
8.450353104376661577e+03 1.263091953445108402e+03 5.455319168623671430e+03 1.347244880173692218e+04 2.609094753831470152e+05 2.605487760702589003e+04
2.963003818876696096e+04 1.173262200186081463e+05 2.033600051079460900e+04 2.209910023402691149e+04 5.111718685476480168e+05 5.894495711267063598e+04
3.592608154941189423e+04 1.779854532776466513e+05 3.427264285180491424e+04 1.136375939439567082e+04 5.033980498888543807e+05 6.257655330569612124e+04
9.113397147997803813e+02 5.448636062838600992e+03 4.749237995181551923e+02 2.411513713518089389e+03 1.073957524598566961e+05 8.788128091999842582e+03
2.085013283815294199e+04 6.656521037099569185e+03 1.107876182826824697e+04 3.302013384236368438e+04 5.891605358328543371e+05 5.966305595663544227e+04
3.431307752414904826e+03 1.468010230917662011e+04 3.039204938633944494e+03 2.337902538423737496e+03 1.816228116390352661e+05 1.530944506947737318e+04
1.376074331640936143e+05 6.908505262887465069e+05 9.357221414667338831e+04 8.029791821011451248e+04 1.040306152824233402e+06 1.807952406751143280e+05
1.026904058138858272e+04 2.596073098361140183e+03 5.710479715204888635e+03 1.462855173808931795e+04 3.907072288396744407e+05 3.548373290356241341e+04
1.320104807857694368e+03 1.872483349551983338e+03 9.440192967013376801e+02 5.405987928496480890e+03 1.649548606732067128e+05 1.403888296852702842e+04
3.894167913729966676e+04 1.332833036088479275e+05 8.154243542698775855e+03 5.640255987536242901e+04 8.969194053105021594e+05 9.593969605168160342e+04
1.374339728123667555e+04 3.423586309946423626e+03 9.259410639576626636e+03 1.904030578354640602e+04 4.402949490195323597e+05 4.238473453697458899e+04
7.439965669553675980e+04 1.871025663017851766e+05 4.377176248708692583e+04 7.804734513025333581e+04 7.722427434485157719e+05 1.153581286854120262e+05
8.039187502384534127e+03 2.544164172997466449e+04 1.136455792888072665e+03 2.528200488838660385e+04 5.509504425401126500e+05 5.023736411604125897e+04
6.177821513939935357e+03 1.953836661585880574e+04 2.521684515842999645e+03 6.608276377604524896e+03 2.203223127218182490e+05 1.986060308339214680e+04
2.217365476642690282e+03 1.138730117201426401e+04 1.581323345959434164e+03 3.921461389486340977e+03 1.050979866598481167e+05 1.008710422144836957e+04
1.140180689574874668e+04 3.588834375345454646e+03 7.908182076100462837e+03 1.802591537814228650e+04 4.117932102416346315e+05 3.943470953925843060e+04
6.370341381353859470e+04 4.690014271610949072e+04 3.751912126762010303e+04 7.808467430229934689e+04 1.026257797532133409e+06 1.228284529443145148e+05
9.105064087018511782e+04 4.156429005113093881e+05 5.907162873857825616e+04 6.085743342638771719e+04 7.152275892306101741e+05 1.216521889171879593e+05
5.263703214470408966e+03 1.809136304800925791e+04 3.470284324402822222e+03 8.604593966927370275e+03 1.662777026680323179e+05 1.746562789522848470e+04
1.293955096855507436e+05 3.737674350142974872e+05 7.334314328171208035e+04 1.302403724628959753e+05 1.571659478766547982e+06 2.147098467758620391e+05
4.181530948625362726e+03 3.066246197186235804e+04 1.991503907820573204e+03 1.886951918783296833e+03 1.182743722510657972e+05 1.118377270346893783e+04
2.267997011363478668e+04 4.569447230146363290e+04 1.273629055967638487e+04 2.441401565388681774e+04 4.835892611390815582e+05 5.131664827128723846e+04
2.944020141493843767e+04 1.845126039345295867e+05 1.394620530430444887e+04 1.990684213714023281e+04 4.594471714462347445e+05 5.504396799119617208e+04
8.384067262127839058e+03 7.021342510264567682e+04 3.048087800543888989e+03 9.895931599204992381e+03 3.266745853657359257e+05 3.123435435322933699e+04
3.159705122094153194e+04 4.503043795549454808e+04 1.569372341818329187e+04 4.222771113829674141e+04 6.125318334846210200e+05 6.928638713263050886e+04
3.436854590803912288e+04 5.216093902612672537e+04 2.021254559614111349e+04 3.605327739021046000e+04 5.070392777083800756e+05 6.169977911719373515e+04
5.066516442245306825e+04 2.854525538561200374e+05 2.169174605296631125e+04 4.049870239634858444e+04 7.116222994455018779e+05 8.964914441301939951e+04
9.236242782739764152e+03 1.106437954021752012e+04 7.869531292064813897e+03 1.009339659653854687e+04 2.899879664992481121e+05 2.800835192133159580e+04
6.113045201149846434e+03 2.160833526373726636e+04 4.604520432110443835e+03 5.509801493142237632e+03 2.365274562113890715e+05 2.145412645991743193e+04
2.180276452972581683e+04 9.237185982537339441e+02 1.192503937315637813e+04 3.304127990818096441e+04 5.645044219644108089e+05 5.809546244596893666e+04
9.241533945502580536e+03 3.079517309857184955e+04 1.972930205847782645e+03 1.370897169057529754e+04 3.367708747392218793e+05 3.122403967334338449e+04
1.945608584990142481e+04 6.301642962556529528e+04 1.600837231905641420e+04 1.275953734436763079e+04 2.580115745720989071e+05 3.314191752998636366e+04
3.140965519354022035e+03 2.338392352546331676e+04 1.543944512860619227e+02 6.897426873390419132e+03 2.294923879543805378e+05 1.977787184122701728e+04
1.549087811471786381e+03 5.139210349195868730e+03 3.514145996143099637e+02 7.933329113613381196e+03 2.583151441469950951e+05 2.136722782609370915e+04
1.376938335290354735e+04 8.134338598090231244e+04 6.239307066466119977e+03 1.035804827604607635e+04 3.153499797938948614e+05 3.260793463915846223e+04
9.821539440891123377e+03 2.046615701580281529e+04 3.093655400912853111e+03 1.807701674387761886e+04 3.722233990359216696e+05 3.555585155081876292e+04
2.584178876526793101e+04 6.417852321110537741e+04 1.293754929861792698e+04 2.839901361865969739e+04 3.700867270507027279e+05 4.648566649224009598e+04
9.079714775941867629e+03 5.393049571446717164e+04 6.364270394689837303e+03 4.542586822944067535e+03 2.515045537512858864e+05 2.438176249710219417e+04
1.805023388475701358e+04 1.399023070719152020e+04 9.209410263835570731e+03 3.211851702070479587e+04 5.157713753237666097e+05 5.387619843159936863e+04
1.391566828291798629e+04 1.950883085297415391e+03 9.022510355445885580e+03 1.813471183619615113e+04 3.332234860779437004e+05 3.459867565095180180e+04
8.578136574069529161e+03 8.042364378580413177e+04 4.438000697737052178e+03 4.286454844777042126e+03 2.212486976733172487e+05 2.271122877260468158e+04
1.914568043162829053e+04 4.142569742668689287e+04 1.068299446043210992e+04 2.181761201090526447e+04 3.982023503868869157e+05 4.330317919643074129e+04
3.912717397588531458e+04 1.476785316217490763e+05 3.333158125358349207e+04 2.230221656621820148e+04 5.140642438884176663e+05 6.633512876460255939e+04
6.826354318122360564e+04 4.294642596040760982e+05 3.387002128901689866e+04 4.267911208203576098e+04 8.077538810600168072e+05 1.094752677636601293e+05
9.474097808040841483e+04 3.654244583355230279e+05 7.086453509894797753e+04 5.906789462023710075e+04 7.375240822567316936e+05 1.249419822261088411e+05
2.939951428884498819e+04 7.429673464325272653e+04 2.521792477202679220e+04 1.711691019563782902e+04 4.112721746368404711e+05 4.994865227653265902e+04
6.805441758472959918e+03 2.598088777501905497e+04 4.243714754459873802e+03 1.173282655018893092e+04 2.514891364553192398e+05 2.533517352323342493e+04
1.304121034761549708e+04 3.848430661969271114e+03 7.034124656534283531e+03 2.293175602642926970e+04 4.647885742740858695e+05 4.485354639733691147e+04
1.328601922164897223e+04 9.434581578413452007e+03 5.182755174012986572e+03 1.995207742645994585e+04 3.205946341474945657e+05 3.328601976618678600e+04
5.635594459090171767e+03 3.706506780735554639e+04 1.915043196799059615e+03 1.053520092843272505e+04 3.507283940157729667e+05 3.101291916133371706e+04
1.800726291284179388e+04 6.512266796650720062e+04 8.948044416812672353e+03 1.801437188138856436e+04 3.307355703425037209e+05 3.747005261451700062e+04
9.143459127788730257e+04 3.347296931728249183e+05 6.310622271404282947e+04 6.610866534585453337e+04 6.118140171453927178e+05 1.148074755835736432e+05
8.097854606663844606e+04 4.474243488404855598e+05 3.679339320278575178e+04 7.067701191988565552e+04 1.125030118934753584e+06 1.456240698418579705e+05
2.091087453775928680e+03 1.459118674386087832e+03 6.496393194911638602e+02 1.170559881087555186e+04 3.620087321657029097e+05 2.999387332843242257e+04
1.287995874069981983e+04 1.465115864243833494e+04 1.028956472780663717e+04 1.245050370987883798e+04 3.662948912877478288e+05 3.542725418447437551e+04
1.633190245229753964e+04 1.268720617474781466e+04 7.641590938630683013e+03 2.352746530813166828e+04 4.666775080035768915e+05 4.594910607466490183e+04
5.497735826015797647e+04 9.486174020235205535e+04 5.158985956927796360e+04 3.733874941761908849e+04 6.191415875912086340e+05 8.545978045202048088e+04
1.660128220307373340e+04 8.448981861980224494e+04 6.510758854458248607e+03 1.521602833920085686e+04 4.318932317377483123e+05 4.291596359188176575e+04
1.781206494301455314e+04 5.743426624305287260e+04 8.554045455439581929e+03 1.787557570885249152e+04 3.993553108828888508e+05 4.147241972519802221e+04
2.233182475066624829e+04 1.504492647010623477e+05 1.467835879501405179e+04 1.212175350661712582e+04 4.404189153805687092e+05 4.887428712160616124e+04
9.844096527421168503e+03 6.137276256289095727e+03 1.667740234912778988e+03 2.196465931651051869e+04 4.642716378063827287e+05 4.218133859836280317e+04
7.096562832289152539e+03 4.957188028076519004e+03 3.937509760954226294e+03 1.053178185308242428e+04 2.682063718235191773e+05 2.474439186137959405e+04
1.996198303507749370e+04 6.374194362080576684e+04 1.768430229539182983e+04 1.180542698103970179e+04 2.512339415904823982e+05 3.301298431925423938e+04
8.063058418198669642e+03 1.091271785332248874e+04 5.838169116145140833e+03 1.725037071220654980e+04 3.385441175346798263e+05 3.362729246331148170e+04
8.644842485587279953e+04 3.015964132937320974e+05 6.277876335103280871e+04 6.567965443231159588e+04 8.322447932015417609e+05 1.276592371641583886e+05
5.042072489679199498e+04 2.160045655369383458e+05 1.972142650450850851e+04 4.901393681223043677e+04 7.110186005295342766e+05 8.917388831370510161e+04
1.249982098998250422e+03 5.828164781835274653e+02 9.545662007245457517e+02 4.726420233420521072e+03 1.938835851566747588e+05 1.561807201437603726e+04
6.301627254405961867e+04 5.504874635237741313e+04 3.659148312565663218e+04 8.303263459711917676e+04 9.209322226684206398e+05 1.179849209601554176e+05
6.824579000911061303e+04 2.109754647858917597e+05 4.546539331331470021e+04 5.587884282851734315e+04 7.666372881490549771e+05 1.068680118796599272e+05
1.998136072561389710e+03 6.474055337607576803e+03 9.396529300036452241e+02 1.426979491428626352e+04 2.906946944000555668e+05 2.672992697994503396e+04
1.743819974478116274e+04 8.455071691345323052e+04 1.206049618884053598e+04 1.026871219185610244e+04 3.286664901989214704e+05 3.613130081778040767e+04
2.949674781257392169e+03 2.605476406104629859e+03 2.958761210063385533e+03 5.316569671809876127e+03 2.288219895157678402e+05 1.919891367623449696e+04
4.020392844676160621e+03 1.404640378379411777e+04 1.230439764407108214e+03 6.605192097176498464e+03 2.599579799996670918e+05 2.169675301288785704e+04
6.081687452566059801e+04 2.970521386997157824e+05 4.187894966170065891e+04 3.280212436238610826e+04 6.685502961873525055e+05 9.254812496939164703e+04
1.426580497361186826e+04 4.829984896159089658e+03 1.124925962878186328e+04 1.531455474692790631e+04 3.392078567551274318e+05 3.482830584644679038e+04
9.355602399542558487e+03 4.111034469126240765e+03 3.328636895044646735e+03 1.733800753020880074e+04 3.114454654800490825e+05 3.042596240473047146e+04
4.494971766370607838e+03 8.535123079489486599e+02 4.600181737874608189e+03 5.679369722157406613e+03 1.675169908665823168e+05 1.586053544970097755e+04
7.295915917664839071e+03 7.023581174042968200e+01 4.108823671275803463e+03 1.053401098447632467e+04 2.857425957248237100e+05 2.575696292891871781e+04
1.296926868529420062e+04 1.569026186454094204e+04 7.323859310624598038e+03 1.618732564192809696e+04 3.340756257861521444e+05 3.372286490073269670e+04
1.486518735682013357e+03 2.026479200543599575e+02 1.274609369562505890e+03 2.271131278871170252e+03 1.425423548558830807e+05 1.117379868546930993e+04
1.282290480199071317e+05 3.336433037441612105e+05 6.189181795675880130e+04 1.459082347010304220e+05 1.439501256754621398e+06 2.059841780674351612e+05
1.087830533848543018e+04 9.559281397908326880e+02 1.185877428560581211e+04 9.146715686683193780e+03 3.501881357512149843e+05 3.284893472101014049e+04
3.250654372639356006e+04 2.954017442890564053e+04 2.266405804013901070e+04 4.632589090864142054e+04 6.461798397856408264e+05 7.564114054507094261e+04
1.768994247502215512e+04 2.358621232192074331e+03 9.523799269213743173e+03 2.228649829197087456e+04 3.742144322573826066e+05 3.946934923957446154e+04
3.689474671807514369e+03 7.971716129465105496e+02 3.027132251153539983e+03 6.721667340657102613e+03 2.767703152581546456e+05 2.299927386054949966e+04
3.001883855781174498e+04 1.304197771444025129e+05 1.787601781839029718e+04 2.094464429444170310e+04 3.962386589408731670e+05 5.027987284446915874e+04
3.594044152260034025e+04 2.515843560823322332e+05 1.376722294213712121e+04 2.627519426721953641e+04 6.312195886724457378e+05 7.271798686646248098e+04
5.876857154821510449e+03 2.095227738971427607e+04 5.033249827055743481e+03 1.143784410052957173e+04 2.336709340798130434e+05 2.409492391394717561e+04
1.710294633283165967e+04 1.049624921504070808e+05 6.079825229503718219e+03 1.409799842171814089e+04 3.862870305945708533e+05 4.017000814706448728e+04
2.455095163633485572e+04 9.382350113440699715e+03 1.571043134744632516e+04 3.327669922559203405e+04 5.626081292891215999e+05 6.012466140725578589e+04
2.045708053926255525e+04 5.069224353801373945e+04 2.813419892726969556e+04 4.324896925914541498e+03 3.522667991686212481e+05 4.028503838481390267e+04
1.934256212435491398e+04 7.176045273201019154e+04 1.761410749575141745e+04 1.044578084307598328e+04 3.266177609802063089e+05 3.783489051339147409e+04
5.472721107341774768e+03 2.484252265268935298e+04 6.325352250772853949e+03 3.861793219726877851e+03 2.055170898136431060e+05 1.952500572980782817e+04
7.709196493423722859e+04 4.782878804547791951e+05 4.803300969129240548e+04 3.823990978305821045e+04 6.287065420533438446e+05 1.039461318092151778e+05
3.446124555253602739e+04 6.479530318018601247e+04 4.167593343135798204e+04 1.264330213573473884e+04 4.058963546033382299e+05 5.418892922985288897e+04
9.999298190704006629e+03 2.144445153317965946e+02 3.796170731006706774e+03 1.864888649392478328e+04 3.905433410684416885e+05 3.634758589718140865e+04
1.904461083154885273e+04 4.849382008964876877e+04 1.621329134532298121e+04 1.342350361370671635e+04 1.905867444373974868e+05 2.827706183610798325e+04
1.946405139263905949e+04 7.597937362065819616e+04 1.250800464359975012e+04 2.405229440867317317e+04 3.974839790234200773e+05 4.676151987585986353e+04
5.181847712785855401e+04 1.663051670390707150e+05 4.143112452988388395e+04 3.442980835948413005e+04 4.697057663816452259e+05 7.324858017244408256e+04
1.771459459517004507e+04 7.505511195461809621e+03 9.892237250301926906e+03 2.733527199006116280e+04 6.026890661554749822e+05 5.753288641746684152e+04
1.054354544706595880e+04 1.637392896231509076e+04 8.903305118194819443e+03 1.298771460236100938e+04 3.623464000238499721e+05 3.489223145065758581e+04
3.739954699533595431e+03 2.725816997975471168e+04 1.260064772327493529e+03 3.032805321738392649e+03 1.984490593762072385e+05 1.661069605164952009e+04
3.975110294061397144e+04 3.067826054219277576e+05 2.298435468920449421e+04 1.967105309257137196e+04 6.814825311319336761e+05 7.981649739548302023e+04
2.028575241770487264e+04 9.712244202303804923e+04 1.292821701558605309e+04 1.730144970567776545e+04 5.639326197115242248e+05 5.613130129996359756e+04
1.039205464234553619e+04 1.778583952147798482e+04 1.086869194782970226e+04 8.500295091089861671e+03 3.353578333869738854e+05 3.196495254231170838e+04
1.059457112049470197e+04 6.551084419014598097e+04 7.273227590696286825e+03 6.190644409184595133e+03 2.511676545584656124e+05 2.606906728993484285e+04
2.059368472797357754e+04 6.137997546944819624e+04 3.675066104025965615e+03 2.559991655524858288e+04 4.559528874186845496e+05 4.686391729500916699e+04
3.525871186580214999e+05 1.437975961135126418e+06 2.443146155344148283e+05 2.499551985811591439e+05 1.835781890033114003e+06 4.129593580896107014e+05
3.877238688820483276e+03 4.278992785752521741e+03 2.490953313925077964e+03 7.139021881773533096e+03 2.383720966659823316e+05 2.054646012646977761e+04
2.761871068612310046e+04 4.877976351914415318e+03 1.176112891639666850e+04 4.405162114090448449e+04 5.422546981815152103e+05 6.170261634667719045e+04
2.841256953019972934e+04 6.779386750145038241e+04 1.240461927464730070e+04 3.292841497358347260e+04 5.405022202536556870e+05 5.994498345389316819e+04
1.374786458507116004e+04 3.503490799298617640e+04 5.921794616427790061e+03 2.169368866944032925e+04 3.724344137958205538e+05 3.914535632096641348e+04
3.181711034449825820e+04 1.079820803386303305e+05 1.615065756594773666e+04 3.306417721886791696e+04 5.906714144388718996e+05 6.698378116297548695e+04
9.638447835714845496e+03 1.387818422286261375e+04 4.816555316274998404e+03 1.045330439093073619e+04 2.213310099973166070e+05 2.237637022455916667e+04
2.485655751382918879e+03 7.442543141674623257e+03 2.293113295503526388e+03 4.524745784180046940e+03 1.490012310185219394e+05 1.342450078547507474e+04
5.393777074744333368e+04 7.728802138593276322e+04 6.488408576961483777e+04 2.844831936358312305e+04 8.971095008208621293e+05 1.049972154695317586e+05
2.005802446229083580e+04 1.770798461480149626e+03 8.942828666634604815e+03 4.183810311347591778e+04 6.412023785240851576e+05 6.598823535938635177e+04
2.255453679989810917e+04 1.794773041614736576e+04 1.410986576882782720e+04 4.169279533405262191e+04 5.402569278204317670e+05 6.216071568367222062e+04
3.087449700122067588e+04 1.972050559787701350e+05 1.793762788011414887e+04 1.882812785071134203e+04 5.515457031472175149e+05 6.309926245852484863e+04
5.552293191951485824e+03 2.024703386456014778e+04 2.721083660010001040e+03 1.347008609525098655e+04 2.594480403886219137e+05 2.571599834292840387e+04
1.403969776275553886e+04 8.490926429966441356e+04 6.285815876207961992e+03 8.100825488825206776e+03 2.048330206710839120e+05 2.435039042670166964e+04
1.449270629729922985e+04 2.145058254869000848e+03 1.368981599352011472e+04 1.338961387517504772e+04 4.205491638417151989e+05 4.034812046449010086e+04
1.104689905525852082e+05 3.378685340945685748e+05 1.075465186660635518e+05 5.056581736165503389e+04 9.075537983243735507e+05 1.469834149546333938e+05
1.330389669804634468e+04 3.670564401816679310e+04 8.226897447355018812e+03 2.481222390021157116e+04 3.365700016210870817e+05 3.921963071440030035e+04
5.109958338178837585e+04 3.460067765139971161e+05 2.608344233409341177e+04 2.895197440877043118e+04 6.901907788410788635e+05 8.787535619891535316e+04
1.687677760835467052e+04 1.041524068323026295e+05 1.021975274467076997e+04 9.296827259175539439e+03 3.044515679728866671e+05 3.423936141913090978e+04
1.888178988895196017e+04 8.096525488036764727e+04 4.993668016167916903e+03 2.545906187581785343e+04 4.188444462945314590e+05 4.584167753352280124e+04
4.728466883582987975e+03 1.872878337626071516e+04 4.264573507529828021e+03 2.321398494152319017e+03 1.758842990872654482e+05 1.564454614522180418e+04
6.872413124358127789e+03 9.253073267967742140e+03 2.745853191776006497e+03 3.069533750696196148e+04 5.970586420995428925e+05 5.567931006385700312e+04
8.119042038498054353e+03 7.425310866295296364e+03 3.128002607108853226e+03 1.407220314434435932e+04 2.923097938343510032e+05 2.773963505575495583e+04
4.817791585429762927e+04 1.540555147358293179e+05 3.236937536203090349e+04 3.868735984877521696e+04 5.827050590371881844e+05 7.826166406793093483e+04
2.468928904284226519e+04 4.545486181779301842e+04 1.277576883680904575e+04 2.722242060280586520e+04 4.182809429338126210e+05 4.819911680744347541e+04
8.575823551267721996e+03 6.857680011453553743e+04 4.560123510062456262e+03 6.083443240462856011e+03 2.648639779763977276e+05 2.592390235743173616e+04
1.403634569568501029e+05 2.783917241408630507e+05 7.547823032785124087e+04 1.624065058606226230e+05 1.794235600898334524e+06 2.404272065494481358e+05
4.871159780573428725e+04 2.676697176646086518e+04 2.872639353769432637e+04 6.729041409243035014e+04 1.005299503395795589e+06 1.117513804603945900e+05
1.995450886537238694e+04 1.199771805033250757e+03 9.440255516055536646e+03 3.331668117209745105e+04 5.221763003302352154e+05 5.431552645763009787e+04
3.753614037712808113e+03 2.941733995570745174e+04 1.172147893632426076e+03 4.802446204161657079e+03 2.835800804623402073e+05 2.320569476250925436e+04
3.428213881532062805e+04 1.151801041580125166e+05 2.419531107663050352e+04 2.390446014506825304e+04 3.888348030919129960e+05 5.309048850740481430e+04
1.634879584446698573e+04 4.297189417279831832e+04 1.204388012259704919e+04 1.324322070644104679e+04 2.851459896097514429e+05 3.248500632193104684e+04
3.373477519417455915e+04 1.248172124176278885e+05 1.423217261941180732e+04 3.297973892876084574e+04 4.408324613987870980e+05 5.687332980419938394e+04
1.414556629012934900e+04 4.796732854856618360e+04 8.314036801246949835e+03 1.214300155182890194e+04 2.864524053093130351e+05 3.071462894957293975e+04
4.355154507795649261e+04 3.423721240284947271e+04 1.764622723167752338e+04 6.185943886095096241e+04 6.322297000257843174e+05 7.979613603370037163e+04
4.084239744120096020e+03 2.540774330956687118e+04 1.732575181301573593e+03 5.136236100266600261e+03 2.493282320548537828e+05 2.109609309616541213e+04
2.341215149862111139e+04 1.044402617607322900e+05 1.575306997980131200e+04 1.605340117683700919e+04 2.676277140977211529e+05 3.721738622054676671e+04
3.907905278982513846e+04 2.072388476225810591e+05 2.664998457535874331e+04 1.823991733420294622e+04 5.311028435568998102e+05 6.571046127427887404e+04
2.916693875370750902e+03 7.231317447253132741e+03 4.976457524124155611e+02 8.625832063402785934e+03 2.737383263110624393e+05 2.288426180375734475e+04
3.837949148403270101e+03 2.062142970495035115e+03 3.149317566204674677e+03 1.201503462946153923e+04 2.035296108702120255e+05 2.058196090035001544e+04
3.303413506377067733e+03 4.783992309406863797e+02 2.654271319124980892e+03 6.380715380743741662e+03 1.842539697285137081e+05 1.644598463552307658e+04
4.131002540138389304e+04 5.457701105699830805e+04 2.138223275154262592e+04 6.747665561950791744e+04 8.218458568939593388e+05 9.770643861555735930e+04
2.946060426298588209e+04 1.963480511746853590e+05 9.503531640706098187e+03 2.744999687079627620e+04 5.894285476480403449e+05 6.586770569618530862e+04
1.498524958231766732e+03 2.322421044838512444e+03 5.731824854502160633e+02 5.814622742550839575e+03 1.455168228340024652e+05 1.277866364257378882e+04
9.892310024125827476e+04 2.737552333549147006e+05 7.463004793950202293e+04 7.681878064823336899e+04 1.017038469739290071e+06 1.488568667797087401e+05
3.502868563981110492e+04 1.007485361554215197e+05 1.992009363058491363e+04 3.543092472821126285e+04 5.557857967929318547e+05 6.697468279932535370e+04
2.798668899123515075e+04 2.061804720865562922e+04 1.122478284411855930e+04 4.086350529828213621e+04 5.803998118814962218e+05 6.337410828750800283e+04
1.041895374006906241e+04 3.608735047499400935e+03 5.695436093840620742e+03 1.612771640991854474e+04 3.640184769157906994e+05 3.441016936721842649e+04
2.103998337984258978e+04 9.471145899393470245e+03 1.074074915702783801e+04 4.176493486324071273e+04 8.492991779439239763e+05 8.110766239165786828e+04
2.414384802185299122e+04 1.502882144943134108e+03 1.038692802442807078e+04 3.826102768619895505e+04 4.405833053670741501e+05 5.148645924402333912e+04
1.996576138565998917e+04 7.537647481358666255e+02 8.277179207440922255e+03 3.767883629390526767e+04 6.558068797454629093e+05 6.475250982312326960e+04
1.110419197992530644e+04 8.272010932647503068e+03 1.682317124106803021e+04 2.270243874442194738e+03 2.363775896335899306e+05 2.458667363430771366e+04
1.403499161249449389e+04 5.379545334847444792e+03 4.542416552581736141e+03 2.202004857372351034e+04 3.670095579001509468e+05 3.686632031870693027e+04
3.511012628557439166e+04 1.286997155699751602e+05 2.837571681388575962e+04 2.063264711138901475e+04 2.754909745634237770e+05 4.645851999976819934e+04
1.385075067128233968e+04 3.819557514818589698e+04 1.256518337563272689e+04 6.854508668130680235e+03 2.272370475197863416e+05 2.568963612742132682e+04
1.671740332411898999e+04 7.671023151691436942e+04 4.636230240507611597e+03 3.512186255968485784e+04 6.393520074399873847e+05 6.467769515384112310e+04
5.314076003317292634e+04 7.350866029520380835e+04 2.760363348659515759e+04 7.037962656182347564e+04 9.482733258174804505e+05 1.111411110321946035e+05
1.832156295602760292e+04 1.068990056459839689e+05 8.450306403825044981e+03 1.667450148660397463e+04 4.322006799283301807e+05 4.554087540271467878e+04
4.856236237509612693e+04 2.969330316322991857e+05 3.097256348778382016e+04 2.349416906650039891e+04 4.465950566779373912e+05 6.870313146553793922e+04
1.768697362953983611e+04 5.459383317821352102e+04 1.411866828230577812e+04 1.246217863259669866e+04 4.230194912015511072e+05 4.287451646005191287e+04
2.849873955478587595e+04 1.902816312181984904e+04 1.137567101427020862e+04 4.137270841563344584e+04 4.699932767963404767e+05 5.616485442754923133e+04
9.406247768767625530e+03 3.637093116972542703e+03 4.781042139674007558e+03 1.207675629604290953e+04 2.228472045785303635e+05 2.269049145062410025e+04
1.076504345543660602e+05 5.077350228315370041e+05 7.805201724611643294e+04 5.738299536820584035e+04 8.299296293465576600e+05 1.405340505250854476e+05
1.819880457851184110e+04 6.004331354916832879e+02 4.240901682580448323e+03 4.274254429492700001e+04 5.902184675970803946e+05 6.088322207804599748e+04
1.110483806680625457e+04 2.963889264690528580e+04 1.103040671504289458e+04 5.797524811735109324e+03 2.458771949037664162e+05 2.538047940327209290e+04
4.763088874352693529e+04 2.082097079973120708e+05 3.628846689087431878e+04 2.699745478617170738e+04 3.817499002406445798e+05 6.382809290583898110e+04
3.886991357190893177e+04 2.431701065803463571e+05 2.099324613733335354e+04 2.248559075639948060e+04 5.052183059884120594e+05 6.522835607553344744e+04
1.061503934370104434e+04 3.342167158705530164e+04 7.003635684709691304e+03 1.561069216623440479e+04 4.113559763993297238e+05 3.939912876971760852e+04
8.244605949329028954e+04 3.872169858015130740e+05 4.653928348266726243e+04 6.802902938351777266e+04 1.024582835068943445e+06 1.388933841609232186e+05
2.498047524386828081e+04 7.772945283400312474e+04 8.579317586705012218e+03 3.490400907635165640e+04 5.870318466410047840e+05 6.281038107872296678e+04
4.924177384837631507e+03 3.201727800306734480e+03 3.342917002335358120e+03 5.785147253837418248e+03 2.132610349731394090e+05 1.855927483354521246e+04
3.599871065492033813e+04 2.555009746651411479e+04 1.236537336847810002e+04 5.655588585592500021e+04 7.846565159104473423e+05 8.494385668121458730e+04
2.235330449488464728e+04 1.636061123897302896e+05 5.819074466332468546e+03 2.022721121731825770e+04 3.866562436357814004e+05 4.575517806502033636e+04
1.008786417058962797e+04 4.180066792266431003e+04 9.302213751843652062e+03 5.516497038886814153e+03 2.248229089065693261e+05 2.369396925768927395e+04
5.642936757686611236e+04 5.323080281758849014e+04 2.689806523275825748e+04 7.684214196659153095e+04 9.562996493084294489e+05 1.132958571967635362e+05
8.978546382107590034e+03 1.663086422083101979e+03 2.278322609420118624e+03 1.786884929218750040e+04 2.898982594351597363e+05 2.864286480576903341e+04
3.097815416994662155e+04 1.004132695347883327e+03 1.745126852258866347e+04 4.065124965000218799e+04 5.854756818878045306e+05 6.533333635910660814e+04
2.308888458751859434e+04 8.563112396941710904e+04 1.622775898541294191e+04 1.817544347846708115e+04 4.214783989137743483e+05 4.779897965078671405e+04
1.501746422141523908e+04 1.754337082812304652e+04 1.154480386579695005e+04 1.917589667857933819e+04 4.576261864130842150e+05 4.529546986026182276e+04
5.539284106893226271e+04 3.175494230290005216e+05 3.509916320739613730e+04 3.126653169312742830e+04 5.472537457059142180e+05 8.178677579990170489e+04
2.703604314725128916e+03 4.086147661841956506e+03 3.665125331488633037e+03 7.946078573836250143e+03 2.635588967308724532e+05 2.310207912502130057e+04
2.185736351486832427e+04 1.120243336009202903e+05 1.587227447650858448e+04 1.538392019432738925e+04 4.288395522497877246e+05 4.818428574023324472e+04
8.556642273245264732e+03 3.584096290184726968e+04 7.148086788965981214e+03 5.771684494390131476e+03 2.839425120123153902e+05 2.656227135438671030e+04
1.910127160292437839e+04 3.166903758425140040e+04 9.430231049744683332e+03 2.372712493498966069e+04 3.913980556207757909e+05 4.268624740726590244e+04
2.448851787250819325e+04 1.250685596407482262e+04 1.347490734734099169e+04 3.405595971849121270e+04 4.739427138976657297e+05 5.370430558382256277e+04
2.883663219106442193e+04 1.234544686105854926e+05 1.486149198488436741e+04 2.552745274197098479e+04 4.824392227958887233e+05 5.650585436798584851e+04
1.660268336496675329e+04 6.473873974634186743e+04 8.857147145136450490e+03 1.657897018378496432e+04 2.909485018889666535e+05 3.408674754046512680e+04
2.282029949006272000e+04 5.203453283740462211e+04 1.740084912580168020e+04 2.560601601751075214e+04 4.351950291582561913e+05 5.092515085665316292e+04
9.079362851031140963e+03 8.231179109689404140e+04 2.776506532738695114e+03 7.730790395213881311e+03 2.757119192932853475e+05 2.730903997544170124e+04
1.685919442054467436e+04 7.119406793144595576e+04 1.299430108818064946e+04 9.190963415234471540e+03 3.163040330235559959e+05 3.455423669953172066e+04
2.172803444577761184e+04 2.061657370906420965e+03 1.705364549691555658e+04 2.615869636272661592e+04 5.791921128864167258e+05 5.823831968929828145e+04
1.569110303884447603e+04 9.280455327179498272e+04 8.782475785027263555e+03 1.154992629156927433e+04 3.280539837444048608e+05 3.566467605244540755e+04
4.591622913961272570e+04 7.374498746151114756e+04 2.794695530231274097e+04 5.612823322874708538e+04 6.407943298370939447e+05 8.417564630897076859e+04
1.299911894737472030e+05 2.033465203361051972e+05 9.040441933923508623e+04 1.336810611606682069e+05 1.128667634577627759e+06 1.853940273814458051e+05
2.412137933641624113e+04 4.524081641420333995e+02 9.552929069374535175e+03 4.755436365849213325e+04 7.336524565286895959e+05 7.498897059701525723e+04
2.026666320153863126e+04 1.202712957137448393e+05 8.830785824495311317e+03 2.135266731392386646e+04 5.424571649947628612e+05 5.589764300823533995e+04
3.811169492999542399e+03 7.997096210897684614e+03 2.052798167965040648e+03 7.484150911131645444e+03 2.503948770272893889e+05 2.150622876330344661e+04
3.793198301447720587e+04 8.810652190322294700e+03 1.563736261333480070e+04 5.968474532008155074e+04 8.339613696171969641e+05 9.025727225038391771e+04
3.211436968587334923e+04 7.759491955830271763e+04 3.113152253409512923e+04 1.840620854980000877e+04 5.396787777836574242e+05 6.188065732415699313e+04
3.115971892314065553e+04 1.295963437034298695e+05 2.131404723874637057e+04 2.332750894436470116e+04 5.353581387302214280e+05 6.215582981390010536e+04
4.935114546506520855e+04 8.484196362718116143e+04 2.963245538470955944e+04 5.782216378899532720e+04 9.115038097627720563e+05 1.044250046143822692e+05
4.569133851016315020e+03 2.401223418894551651e+04 2.341591492385743550e+03 1.013014870858920040e+04 2.325724373360743921e+05 2.242076981244824128e+04
1.596561369925231929e+03 7.897758260187208180e+03 1.098449023456186296e+03 2.597177351153829022e+03 1.445675527949204552e+05 1.176219724149274589e+04
6.503199987455539485e+03 1.062169398811836618e+04 8.404743260763278158e+03 5.095283612886452829e+03 2.750683321031648666e+05 2.495362000918149351e+04
3.089815211184031432e+04 1.940811850865387532e+04 1.488311942388783427e+04 4.170042405001910083e+04 6.563297839478682727e+05 7.037676399878818484e+04
2.507207930878335537e+04 6.756697552959853056e+03 1.197618889637995926e+04 3.733728975280119630e+04 4.599748254169949796e+05 5.331804848107053840e+04
4.786245204990939783e+03 8.200473595292389291e+03 2.783866743864686669e+03 5.272834188628299671e+03 2.175097778542089509e+05 1.861968344720642926e+04
3.189981962647813270e+04 1.211968506750360684e+05 1.775835164905445345e+04 2.766080902512053945e+04 4.091410266659332556e+05 5.367762026524748944e+04
7.655212591238290770e+04 2.683265906012129853e+05 3.004119181059270704e+04 9.179682115349701780e+04 1.383066732305030571e+06 1.607584541808027134e+05
2.763243539358470589e+05 1.114430775764928199e+06 1.898937192449776921e+05 2.021475039137868444e+05 1.585720740676640533e+06 3.350560624870964675e+05
4.441351629981051701e+03 2.857642090775868201e+04 8.364472781034801301e+02 1.015711123394118658e+04 2.610188515339760343e+05 2.392321014536378061e+04
5.774159523293486018e+03 1.257795338269588910e+03 5.457842495836976013e+03 6.249283094729635195e+03 2.629099748098993441e+05 2.292405903978649440e+04
3.982688960324650543e+04 8.483798796962091001e+04 3.803887913184619538e+04 2.280962808591874636e+04 4.008732406445617089e+05 5.787179366379094427e+04
4.702767692480384721e+04 1.804494679660156544e+05 1.318838768251646434e+04 6.511936344162718160e+04 9.443259828109248774e+05 1.075733831320716708e+05
5.199067830040952458e+02 1.879855586681473767e+02 5.958033289419806806e+02 3.207625177401308520e+03 1.177960009874328098e+05 9.639487887725650580e+03
9.637144164742004068e+04 3.338934594853807357e+05 7.881017690644734830e+04 5.966034783870920364e+04 8.958209375982072670e+05 1.377222079675903951e+05
3.937170232940328424e+04 1.305170187703824486e+05 3.196374010858950714e+04 2.688431284557755862e+04 4.569093877356894081e+05 6.312419665689239628e+04
1.775375150587549797e+03 7.078407488882534381e+03 4.964918965379377482e+02 5.306420594527811772e+03 1.999696720114360214e+05 1.641356687242319094e+04
5.845165808491234202e+03 2.150027758643896232e+04 1.841663800068932460e+03 8.705294929471992873e+03 2.722386082882531919e+05 2.410462203462686375e+04
4.558975518714408827e+04 1.769749681387521559e+05 2.931953641577975941e+04 3.384208312999534246e+04 4.971107356883261818e+05 7.013280052301952674e+04
5.890202758718776749e+03 2.036580807342655680e+04 5.007322029057372674e+03 9.637177629814239481e+03 2.380647848789406999e+05 2.353602981478865695e+04
1.121568942392779172e+04 1.796762648955548866e+04 7.252902146592234203e+03 1.622751462164069744e+04 3.090800102622333216e+05 3.214191993974287107e+04
4.646929060308928456e+04 5.279849068929432178e+03 2.348360838468917791e+04 6.649977269384176179e+04 8.022561221534851938e+05 9.441415625545989315e+04
7.889733825829377565e+03 1.679748367573283394e+04 1.936867937140839103e+03 1.616080619924630082e+04 3.741738081756290048e+05 3.414038635077535582e+04
4.301845657241616209e+03 2.418314191669129650e+04 2.810676622887751819e+03 3.861448377887044444e+03 2.067868870480556216e+05 1.806251146951898045e+04
5.364621636414450040e+04 1.738692433652208420e+05 4.150282299284121837e+04 3.685053600396196998e+04 5.594817386755028274e+05 8.078660604988208797e+04
3.710006868067065807e+04 5.678116004141708254e+04 2.284165675569587620e+04 4.009541489494683628e+04 5.045295348984682932e+05 6.472070445685169398e+04
6.066999199510616018e+04 1.210339978888343176e+05 3.977515023544075666e+04 5.616020906844308774e+04 5.958811628212461947e+05 8.860769870655193517e+04
8.666954509240398693e+03 2.471249460998404902e+04 9.717326126318503157e+03 3.356549049014159209e+03 2.268124371722886572e+05 2.218465482838429307e+04
4.670892063460053760e+04 1.708702978938646265e+04 2.674172526490940800e+04 6.380735723274781049e+04 9.318390603670792188e+05 1.039010342002755933e+05
2.848856042441444060e+03 1.090685142559816813e+04 1.190794973944266985e+03 4.930940846423789480e+03 1.462861420852198789e+05 1.312175301447900893e+04
2.937252811593268689e+03 1.081249207886624390e+04 1.189164174531565550e+03 1.404164481895609060e+04 3.584467011877856567e+05 3.150592471543208740e+04
1.562971667754377268e+04 8.401639131164307400e+03 2.008414487566089883e+04 1.010493983910205134e+04 4.659257984085920034e+05 4.498088215191782365e+04
1.319062942481367645e+04 3.639808310843304298e+03 8.360639289190505224e+03 1.582644493495289316e+04 3.377507784662632621e+05 3.365765081592037313e+04
5.141551119788976939e+04 2.065110159020664578e+05 3.301449082806931983e+04 3.516976486916418799e+04 5.069180594869789784e+05 7.444683723894876312e+04
9.808012596086026633e+02 1.704572912455123742e+03 6.943289547602769289e+02 2.469137363664774057e+03 1.423555701566876087e+05 1.107492373933762246e+04
5.264899689632328773e+03 5.289478249976717962e+03 2.606143947150221720e+03 1.356214738553308962e+04 2.481478209831892746e+05 2.420805093979790036e+04
1.314961211520423967e+04 7.692820285191695802e+03 6.212311411475762725e+03 2.007169105316096466e+04 3.286091078719514189e+05 3.423681513174746215e+04
2.432070830413984004e+04 1.782683493259111710e+05 1.252906921989844705e+04 1.445744226504404469e+04 4.337876961633170722e+05 4.993417172570982802e+04
5.817432767104110098e+04 1.928131237281411886e+05 3.639020597504891339e+04 5.252564661365611391e+04 6.068568240638555726e+05 8.979428113952730200e+04
6.414595939678764807e+03 9.078905397170683500e+03 2.411330459001962481e+03 8.456971253274348783e+03 2.268811981132853252e+05 2.057267883354489095e+04
7.077889728857309819e+03 3.523819916136723805e+03 1.088200211013974513e+04 2.743407109979032157e+03 2.168738673295182234e+05 2.069276758296854678e+04
1.189923594557054275e+04 1.047393216853464764e+04 8.038281986063458135e+03 1.371804982562082114e+04 2.487400313276446541e+05 2.691657681599135321e+04
3.356168262037259410e+04 8.652193308981492009e+03 1.719655385357586420e+04 4.620351858728897787e+04 5.492067605372489197e+05 6.567310924945006263e+04
3.460479445347428555e+04 5.498705393787062349e+04 2.554039521915255682e+04 3.155989598892620052e+04 5.910239260043455288e+05 6.775328742511762539e+04
1.900568299512402882e+04 6.030326118096016580e+04 1.385191252640593120e+04 1.401720267345546745e+04 4.309039723985863384e+05 4.427544183264156163e+04
1.806829273921349886e+04 3.120155788244335781e+04 2.073049439545732457e+04 8.962282576706576947e+03 3.568548173333805171e+05 3.853470942119447136e+04
1.885363390905293272e+04 1.838320092019160074e+04 8.769896066229059215e+03 2.519279154321390888e+04 4.335074181111050420e+05 4.523931981475133944e+04
3.174015689207157993e+04 1.416722581547895097e+05 1.505429555867668205e+04 2.782008004116235679e+04 4.950418811738959048e+05 5.937457634545967449e+04
2.468948163305006801e+03 1.006024877954263866e+04 3.065309172275284482e+02 1.238968772086347235e+04 3.013126752590326359e+05 2.649842094457505664e+04
1.299012675156391742e+04 5.491323540824365068e+01 1.106921224738921956e+04 1.469850128380864589e+04 3.430641209041028633e+05 3.449525960457895417e+04
7.884920103666203204e+02 5.371145424555980753e+03 3.754422017697435194e+02 2.744586066492116970e+03 1.606886334147471352e+05 1.247647657480854286e+04
6.815491709688790434e+04 9.315496001301832439e+04 3.197601252503962314e+04 9.413545528835069854e+04 1.147332940377856139e+06 1.381285818199125642e+05
3.711723911759030307e+04 6.688921423904337280e+04 1.590964914181558197e+04 5.847479491691090516e+04 1.135303664338390809e+06 1.129689484061791009e+05
3.881438317846052087e+03 3.244027795945095022e+03 1.101309167377025460e+03 1.289896673869704318e+04 2.668789196271863766e+05 2.441811361358403155e+04
6.072122803585933434e+04 1.192295673953254300e+05 4.082347916105570766e+04 5.779679625743204087e+04 6.321683828815458110e+05 9.215105018278083298e+04
2.734265659513421724e+03 5.454224107163377084e+03 2.523195420932637262e+03 4.263632172477789936e+03 1.522045176729114901e+05 1.352270018363371673e+04
2.998165444432597724e+04 7.776720901978528127e+04 2.006793921625877920e+04 2.758381419454660136e+04 5.032276953108758898e+05 5.881811524098894006e+04
1.300086223172724276e+05 2.350362606684229686e+05 6.562369489428710949e+04 1.615520753056665417e+05 1.476729179827219807e+06 2.122924761302034894e+05
3.934356676292831253e+04 2.188628807669680100e+05 2.694507205035310108e+04 2.177750474227363520e+04 7.019396054591693683e+05 7.950278170639171731e+04
1.177487252091683558e+03 7.080975161624388420e+03 6.689694897141819183e+02 5.836066708838865452e+03 1.803282758160589146e+05 1.540647144088589994e+04
3.069598387517435185e+04 9.318725721431850980e+04 2.159205766179616330e+04 2.273202309809853614e+04 3.626405094373816974e+05 4.858826253415614337e+04
3.391968057725456310e+04 2.181875659739938856e+05 2.270611776372433087e+04 1.455272874171916737e+04 4.301952079319671029e+05 5.609768185195906699e+04
5.364942188097814324e+03 8.652513801797369524e+03 6.831034364614853075e+03 2.237807186062495020e+03 1.411377667440234218e+05 1.387758004029209042e+04
1.105762991419973105e+03 1.611840884372374603e+03 4.833388923748826187e+02 4.454127837196447217e+03 1.764512077345243015e+05 1.417022017690369285e+04
1.368606905536564409e+04 8.073781226947846881e+04 2.022003249479963642e+03 1.829103853836170310e+04 4.317235177386073628e+05 4.217436420363163779e+04
2.686136673503690690e+04 2.785116608968102446e+04 1.640869344947826903e+04 2.958217963434978446e+04 4.790678254056090955e+05 5.404987195010895812e+04
9.447397308511890515e+03 5.092616228872091597e+04 3.268723279674772584e+03 1.312526251966081873e+04 3.859932233781424584e+05 3.582528655194443854e+04
2.189315777752743452e+04 3.955295181928708917e+04 1.138027813418974074e+04 2.483353930818220033e+04 4.412295028251605690e+05 4.776886074558157270e+04
1.683238723461806367e+05 5.352225457849625964e+05 1.313930130024392856e+05 1.182205339609034854e+05 1.004151774931083783e+06 2.041162552532953850e+05
4.134523766006685764e+04 6.142200211078052234e+04 2.456173580000461880e+04 4.586472412839552271e+04 6.148195689632421127e+05 7.571864527999950224e+04
4.483333557891821692e+04 1.610094779379311367e+05 2.436949403248012459e+04 4.396992934159188735e+04 5.123993693092908361e+05 7.281702165204932680e+04
1.373881592385821250e+03 9.595839339302800681e+02 1.018413819824793904e+03 5.104026223655387184e+03 1.949048808702103561e+05 1.590367433604498183e+04
1.436491748086138432e+04 1.323435500228507735e+05 3.661313337843077079e+03 1.156442494238256768e+04 4.156425254574451828e+05 4.131081611202090426e+04
7.931705388097957439e+03 6.609429721812281059e+03 3.419338903204985399e+03 1.080331218180256474e+04 2.519948642978912394e+05 2.363515805510464997e+04
2.059296508302672373e+04 4.209141782110940403e+04 1.714199445711652879e+04 1.724007378036209047e+04 4.285955836639652844e+05 4.609483957893294428e+04
1.475823744127355349e+04 4.981961451038769155e+04 9.504420955914925798e+03 1.195604641080702459e+04 3.596071324372723466e+05 3.615524052928580204e+04
3.311488779865948800e+03 6.797402290609042211e+03 2.091709695781299615e+03 1.332649855561504774e+04 3.807082400163103594e+05 3.287028874231316149e+04
7.146846803527172597e+04 2.195489984435614606e+05 4.761587593956418277e+04 5.566815452746760275e+04 7.675637435558915604e+05 1.081862448929555976e+05
6.598756234025339654e+04 2.675289027899284847e+05 5.440314032555997983e+04 3.270085859014017842e+04 5.702395273842340102e+05 8.982841021609242307e+04
1.390529050663692578e+04 2.998107081066597311e+04 9.108159626587377716e+03 2.722309248869953080e+04 4.085443201018310501e+05 4.519797020216933015e+04
6.728398134524731176e+03 1.391684843786250349e+04 2.957425627790815724e+03 7.084712845637736791e+03 1.962829681499723520e+05 1.836889747181015628e+04
5.521771282573711687e+03 6.492691130790048192e+03 5.837806841714256734e+03 6.012855832539001312e+03 2.652630256577804685e+05 2.339819301914805692e+04
4.340343576716438838e+04 2.411376426263648900e+05 2.795107692605513512e+04 2.667959072814474712e+04 7.227409142744696001e+05 8.465416099560471775e+04
1.102363551778894616e+05 5.075784245874342741e+05 6.999272732413327321e+04 7.931047801491286373e+04 7.486406688694691984e+05 1.414998512461600767e+05
1.567270364782889083e+05 6.410363217561503407e+05 1.110589639156968915e+05 1.041361104027055699e+05 1.365154342093508225e+06 2.184975045103218872e+05
3.500337435575108248e+04 3.934365383422008745e+04 1.905958143244003440e+04 5.060931356250932731e+04 5.492819995839642361e+05 6.999188680494246364e+04
6.514516582489623943e+03 1.469756025326355848e+04 3.186622743797945077e+03 8.400808373496158310e+03 2.307570730538811767e+05 2.142015513163362630e+04
4.742743231287241542e+03 1.971474847144476371e+04 4.579694198338200295e+03 1.005356881197169787e+04 2.138632634100066207e+05 2.187997763183074858e+04
1.342466147446108516e+04 7.073931434742084821e+04 9.602735450783440683e+03 1.013867855964238152e+04 3.541889696261200588e+05 3.604635298487932596e+04
3.679238167491607601e+04 2.210993584014938097e+04 2.175975301580284577e+04 4.927413347121661354e+04 8.010239937702809693e+05 8.663162112285282637e+04
2.945756431814551252e+04 3.043370290776800175e+04 1.484131509488307529e+04 3.742618601585598662e+04 5.859323914100715192e+05 6.423655970653962868e+04
1.138849682436622970e+04 6.888030691457822104e+04 2.677257380174306491e+03 1.216126719747432253e+04 3.407726024618273950e+05 3.298111747280695272e+04
2.396867903543537614e+04 3.844546568640864280e+04 1.350906755971580424e+04 2.924038955287493081e+04 4.109251779681100161e+05 4.858620919275130291e+04
1.357837672386288796e+04 2.985107147520981016e+04 7.073183069844604688e+03 1.787017542425711508e+04 4.267620501003615209e+05 4.131037257436647633e+04
6.734181980905726959e+03 2.069757253430986384e+04 2.389390559434255920e+03 8.019441411874674486e+03 2.465613236518575577e+05 2.226385207831455409e+04
5.086273092525562788e+03 4.629889881913946738e+03 2.229019976561738986e+03 8.106663812454521576e+03 1.877372872890676954e+05 1.748277954139247959e+04
1.276459097729826499e+04 4.934719478941518173e+04 8.501180227134307643e+03 8.716519870902597177e+03 2.600792562764401664e+05 2.754032231964818129e+04
9.953065111797919599e+03 2.613549826940106141e+04 1.415560693613080502e+03 1.827155657794752551e+04 3.544427668967423378e+05 3.400497325628621184e+04
9.806300099911022699e+03 5.772706710684440623e+03 3.466111491805958394e+03 1.952862522578849166e+04 4.054183338589415071e+05 3.787856962351238326e+04
5.225638014755698350e+03 6.723219011633394985e+03 3.864782397852131453e+03 4.596369465491288793e+03 1.894240929654189677e+05 1.681764934520598399e+04
2.465134163756097769e+04 1.089149093125923682e+05 7.002577248456678717e+03 2.649087227964698468e+04 4.935285162092627725e+05 5.358019881450509274e+04
1.097600135230979649e+05 3.552418442443318199e+05 8.250040668731005280e+04 7.850642040776590875e+04 8.142750576402386650e+05 1.434062986027538427e+05
1.507193322169937892e+04 2.543036692405437407e+03 4.768066025090371113e+03 2.865572837120038457e+04 5.140862524203037610e+05 4.971613039327068691e+04
3.293920702049950705e+03 1.782332823971844118e+04 2.100636359955506123e+03 5.665814550087735370e+03 1.508997420319205849e+05 1.449875000187720980e+04
7.642976049151042389e+03 1.956866312835073404e+04 8.618856039340302232e+03 2.179126374556427982e+04 5.489205608035661280e+05 5.145738126412394195e+04
4.881382830436160293e+04 4.762040311151341302e+04 2.568952544964446861e+04 6.351050075153918442e+04 9.810770388284921646e+05 1.081354841842391907e+05
2.035687748445971738e+04 7.283977926187995763e+04 1.860162578639014828e+04 1.211758933203455490e+04 4.676309157033050433e+05 4.855444224814234622e+04
4.094444830177605036e+04 2.847370584085233277e+05 2.401813252331395415e+04 1.578615303606917951e+04 4.714685559089580202e+05 6.328936598044731363e+04
5.996002294953158707e+04 1.852148854077305587e+05 3.156708683837023636e+04 6.637845342864230042e+04 8.914694382378814043e+05 1.127461472937065118e+05
3.348414218749205611e+04 8.326684244531638979e+04 1.399201870528874861e+04 3.771395865292938106e+04 4.762890663470926229e+05 5.923975931584357750e+04
4.944629188878151035e+04 9.432134347338644147e+03 3.049210044763065525e+04 6.734566308387328172e+04 7.256546472876210464e+05 9.287114686838933267e+04
9.634480308461019376e+03 6.822942346960358918e+03 5.180080160866298684e+03 1.282225488997085813e+04 3.428803774784191628e+05 3.143060488825004722e+04
1.269097565173528528e+04 3.850079498160039293e+03 3.433589643733800131e+03 2.768737905339306599e+04 4.417893304118847009e+05 4.390498681150730408e+04
1.655288586543287238e+04 3.069344715975112558e+04 1.312041856238068976e+04 1.553433015691068795e+04 2.228393218002428184e+05 2.918692858294492544e+04
6.873340485741066914e+03 1.914362015170450832e+04 2.754610254485197856e+03 9.617639600613238144e+03 2.751536135252723470e+05 2.499020041173770733e+04
1.662726088097493994e+04 1.610144059362084408e+04 8.006967093336724247e+03 2.234172147224326909e+04 4.497344376927873818e+05 4.459976511803617177e+04
1.158378062667841004e+04 7.508245209233903734e+04 3.526328368989882165e+03 1.354929356350600392e+04 3.873820780751600978e+05 3.741654814151931350e+04
2.692811085888983871e+04 2.743163069523928789e+04 1.326972316833472360e+04 3.640186880445033603e+04 5.230430025973231532e+05 5.871745801562640554e+04
5.264393383841427749e+03 3.416727550598497146e+03 1.551770928192385782e+03 9.112062043844649452e+03 1.911214210591959418e+05 1.781305027088296629e+04
1.119452516623731753e+04 4.719261627378065896e+03 3.740145107537046442e+03 2.618676303728051789e+04 6.259375702780245338e+05 5.578731926823218964e+04
2.939464691057243908e+04 8.804407206223128014e+03 1.279926917296167630e+04 3.959629168047964777e+04 5.637675978315592511e+05 6.177671289373232139e+04
3.156704951635414091e+03 2.904136584110271087e+03 3.027802627111728270e+03 8.027708608798236128e+03 3.253439629630376585e+05 2.696141247691267927e+04
1.336394993316817090e+04 1.788975561768543002e+03 3.982404631536161105e+03 2.293494162462303939e+04 4.035171839662975981e+05 3.931646277821379044e+04
8.857603693415484258e+02 7.771949478232611000e+03 3.560946777625410391e+02 2.025759091547582557e+03 1.123799436295467458e+05 9.012644184285347364e+03
2.538804406520968405e+04 1.832013528988826729e+05 1.350426389652050057e+04 1.498607858805294745e+04 5.392782531136773759e+05 5.793290075388284458e+04
9.052373649797547841e+03 4.966887005926785059e+04 4.566269452798857856e+03 8.838224314785082242e+03 3.433694070360330516e+05 3.151704969863788574e+04
3.407300275054322992e+04 6.094022212585169473e+04 1.130577974379413536e+04 5.582504004999199242e+04 9.021686729639525292e+05 9.381124247547062987e+04
1.714696179952418242e+04 1.230387658071919759e+03 6.507338940346083291e+03 2.831142037331228130e+04 4.488654134867649991e+05 4.585854814591821196e+04
2.480538740280926504e+04 2.222673768039375864e+04 1.562019484857329917e+04 3.118694844934771754e+04 5.150019993927004980e+05 5.657427870162325416e+04
1.852806695142338504e+04 3.341840061854214127e+03 1.292368560803781293e+04 2.585186634420464907e+04 5.948373064023014158e+05 5.743483529959196312e+04
4.059965466788739286e+04 1.508589011983238452e+05 3.316105473935738701e+04 2.689518571788048212e+04 7.283871327176075429e+05 8.291109104682429461e+04
1.540821363683529307e+04 3.443663242761762376e+04 1.190085674742769515e+04 1.083336540336119106e+04 2.314822883344729780e+05 2.730199972588979654e+04
1.136618926000043393e+04 2.494954363323267899e+04 3.075465620979698542e+03 2.122629334227589788e+04 4.043581884210102144e+05 3.935523593968700879e+04
1.389131861354980902e+04 8.112093927134738806e+03 1.205040980214796946e+04 2.791504965427621210e+04 3.989928034913509618e+05 4.505488990963336983e+04
1.819802816836069906e+04 1.079499664776589925e+05 1.050822544500600088e+04 9.973545231671851070e+03 2.882060563286602846e+05 3.376492457791620836e+04
1.146475364533060201e+04 1.130481388945109029e+04 6.166137451389800844e+03 1.395134207208667794e+04 3.215858874420011998e+05 3.115570217561694517e+04
2.838920103466568617e+04 1.746868143003369914e+04 1.035064173837195085e+04 4.508632503039402218e+04 6.572227588262385689e+05 6.991804370993807970e+04
4.143200227978891053e+04 4.861131258915500803e+04 2.432275571225733802e+04 5.843931711531811743e+04 6.984836926370118745e+05 8.629509432120303973e+04
5.764814072787036821e+03 3.710661997960441568e+03 1.966473448248736076e+03 1.471761073963425952e+04 3.616814547387897619e+05 3.201289865667172126e+04
1.345331936079917068e+04 1.049189299796365049e+04 8.592160904072625272e+03 2.270009091842266935e+04 4.312876513459612615e+05 4.349584370823199424e+04
1.346329912085655378e+05 3.841626440708955633e+05 9.672790107386832824e+04 1.134352975913612754e+05 9.641819756117251236e+05 1.768472671614454011e+05
5.454376003078010399e+04 3.359068966457169154e+04 2.885205243958303254e+04 8.378144298235290626e+04 9.765778370489209192e+05 1.176682979409421969e+05
6.703479534183368378e+04 8.955630670754840139e+02 2.691951284220500020e+04 1.174512186378838669e+05 1.188730482199393678e+06 1.447119383595373074e+05
6.682311042804543104e+04 5.392423559513782675e+04 3.876849628943412245e+04 8.461479110390935966e+04 1.162332050254875561e+06 1.358196450392316619e+05
8.203263787045703793e+03 1.181214429603121243e+04 5.559238850369828469e+03 2.086552219329221043e+04 3.298928888164580567e+05 3.460438032834137994e+04
5.934020197434605279e+02 3.175649470958416259e+03 4.673410407495923096e+02 3.392518877124106893e+03 1.599817257866505533e+05 1.265291562979277478e+04
2.052840000921610044e+04 9.180395143937444664e+04 9.986773723678128590e+03 1.606077105016608766e+04 3.230419016503400635e+05 3.783694842599109688e+04
3.495963153779440472e+04 1.103646614545197808e+05 1.648288354472952051e+04 3.499685280684165627e+04 5.452362727494391147e+05 6.506284490712316619e+04
4.218418453183658130e+04 2.059277266475933138e+05 1.328549594385275850e+04 4.362615509205807030e+04 6.707746335954469396e+05 8.075787609102981514e+04
5.509465080611560552e+03 2.322472760689784263e+04 1.407409227757458439e+03 8.708867276671988293e+03 3.148101887364062713e+05 2.686769566829503310e+04
1.124403031671176905e+04 3.388902135875341628e+03 7.739088993987591493e+03 1.552068188959949839e+04 2.473002328917945561e+05 2.715536954336444251e+04
4.012486378047159087e+04 1.912086485638123122e+05 1.292835111438213426e+04 4.471992244066367857e+04 8.320369861937074456e+05 9.121675832940202963e+04
4.946903073531907285e+04 1.648531561813373119e+05 3.981869381413873634e+04 3.542065425679183681e+04 7.648264452324046288e+05 9.277939161762362346e+04
5.254055736954144777e+03 4.770963251872231194e+04 2.000742996302160009e+03 6.622739744962706936e+03 2.418558113507085654e+05 2.248459428952862800e+04
8.956579357165772308e+03 7.502568054158498126e+04 1.966018379303801794e+03 1.244713585493606115e+04 3.794534589421674027e+05 3.570946019272731064e+04
1.467722845034972124e+04 1.306619520510880648e+04 7.047971506051183496e+03 2.487120220692532530e+04 4.360630748977231560e+05 4.426045663956856151e+04
1.337023022899877833e+04 6.424763384622265585e+04 3.305125706194936356e+03 1.637385174015909251e+04 4.041895861154797603e+05 3.919285662110675912e+04
1.235237330962766282e+04 1.626917724019988236e+04 6.320321812621039498e+03 2.032701861948366059e+04 4.479345855382354930e+05 4.284890318650094559e+04
5.705620271859611239e+04 1.870964947623734479e+05 4.483227970712132810e+04 3.848522247776556469e+04 5.802615522999821696e+05 8.501308227832127886e+04
3.286531481860893109e+04 4.117003659675287054e+04 2.347915116106161804e+04 3.238412262403909335e+04 5.750352837767651072e+05 6.547847404034088686e+04
6.300764201355187106e+04 4.139411834480620455e+05 3.463284224538986746e+04 4.291382792565756972e+04 8.394430136018226622e+05 1.112736845019835455e+05
1.519313455203616650e+04 5.111833396661172446e+04 1.613584376106192758e+04 6.143893363829683040e+03 2.808925552928531542e+05 3.115572644206409313e+04
1.958113685425082440e+04 3.180226251115826017e+04 8.967572522023385318e+03 2.868584666358188042e+04 5.908862858327332651e+05 5.815314215167789371e+04
3.608934545639511634e+04 1.342070374214443436e+05 2.992176774243222098e+04 1.817952901002942963e+04 4.501624261963508325e+05 5.803652723206256633e+04
2.453118005335599810e+04 1.117691319213937049e+03 1.167636898546513294e+04 3.354086038092419767e+04 4.128930898083815700e+05 4.802644686508852465e+04
2.307402863255081229e+03 1.509856819064476804e+04 9.736140775112716028e+02 6.416932809471639303e+03 2.079274759995606437e+05 1.805341388519471002e+04
3.511228696445420064e+04 1.231713559890610213e+03 1.795057302800101388e+04 5.656355245653689781e+04 6.400908355521024205e+05 7.642851297948688443e+04
8.859411404395030331e+03 5.058591166715163126e+04 7.976251756996801305e+03 3.880585168009088193e+03 2.386207838944715040e+05 2.374529691753221050e+04
1.030709098020275451e+04 3.182858393002985758e+04 3.281767098233410707e+03 1.341872640692234017e+04 3.219928990197376115e+05 3.071417957361545632e+04
4.589245051058157696e+04 4.300653606352081988e+04 2.663003077842171115e+04 5.986631440474506962e+04 9.144141482855509967e+05 1.021811050144804321e+05
3.777884151799230949e+03 1.266621078905499780e+04 1.598545994128215852e+03 8.477639572665482774e+03 3.258154628760886262e+05 2.706339448225953311e+04
9.804391900668902963e+03 5.436528035435791935e+03 1.064826276004551073e+04 9.749144936232378313e+03 3.198969266909677535e+05 3.078379978625066724e+04
1.514390253924338867e+04 4.885252639672893565e+04 8.473073731514667088e+03 1.584437326096850666e+04 3.348462503193836892e+05 3.575562950313012698e+04
7.035094051848115669e+03 1.611292452219920278e+03 3.868337955683101427e+03 1.064662256231241736e+04 2.637240487961194594e+05 2.429949491616200248e+04
5.403328035794786956e+03 1.984508714057088582e+03 1.487210290015750843e+03 1.859467855887507903e+04 3.432525640202810755e+05 3.223452629519777111e+04
5.214303329278158344e+03 2.764843998484317490e+04 3.656051248916075565e+03 1.615804231162017277e+04 3.538760870624391246e+05 3.405185186831722967e+04
3.308984403794859827e+04 8.135432310017518466e+04 2.960461392270628494e+04 2.056579712855804974e+04 3.616903492468681652e+05 5.041351709645532537e+04
1.550359176628061869e+04 4.997861716897099541e+04 1.252273126910776227e+04 1.529860982948900528e+04 5.476258444538294571e+05 5.162176823463923938e+04
6.022741779782262711e+03 1.314838607001541277e+03 2.451497640266860799e+03 8.694256675824708509e+03 1.709869359167337534e+05 1.655376243104761306e+04
2.219689310501674845e+04 6.350377610607873066e+04 6.585582046698080376e+03 3.199222312929692634e+04 4.872241439992074156e+05 5.321745328435598640e+04
7.851915355447048205e+04 7.391488150216745271e+04 4.081675287865570135e+04 1.027605644826697971e+05 9.338033531453586183e+05 1.305260682631138188e+05
4.629808846545495180e+04 8.158342094100201211e+04 3.283555329198401887e+04 4.657461319239576551e+04 5.761762067065229639e+05 7.800465074453222041e+04
6.147520483278095344e+04 2.050967068785184238e+05 3.844494312200065178e+04 5.324023543093764602e+04 5.635124957797342213e+05 8.869554346594063099e+04
2.253328890304462038e+04 9.014843937457966967e+04 1.301330470120553946e+04 1.808151200875543145e+04 4.500389851424942026e+05 4.851525632013834547e+04
1.486867935069051418e+04 1.133859921187517557e+03 7.962893015642072896e+03 2.060504386670326494e+04 4.012886946743075969e+05 3.979655248447397025e+04
9.578101499618553134e+03 7.984328963224030304e+03 4.975447597994589159e+03 1.162420190270259991e+04 3.907105853374993312e+05 3.407514711369523866e+04
2.928346465146994160e+04 1.968164575237948739e+05 1.305414163709503919e+04 1.700430483471620028e+04 4.339602341365309549e+05 5.224138751388547826e+04
2.763137945230266268e+04 4.410815314695186680e+04 1.305684067203572886e+04 3.469810002522181458e+04 4.765347396280377870e+05 5.555216438565505086e+04
1.130340918811488518e+04 2.816906126756747472e+04 3.859184661375771157e+03 1.739914394197837464e+04 3.760159049834405887e+05 3.621549659981102013e+04
1.034575454701343115e+05 2.651060863599138684e+05 6.148700945314094861e+04 1.049360597761888494e+05 1.259425003419502173e+06 1.717802026293898525e+05
3.143495601775284740e+04 1.091789338806718006e+05 2.462477915102729457e+04 2.167546844944075201e+04 4.309226201796215610e+05 5.480163200938612863e+04
7.792642703843845993e+03 8.139118037492862641e+03 1.781222481228584684e+03 1.200359557337204205e+04 2.650395509120564675e+05 2.442479618123838009e+04
1.049279375804907613e+04 7.931623569599550683e+04 4.362456376099268709e+03 9.561534709624471361e+03 3.519138998522846377e+05 3.379766949583168753e+04
2.719098240039687880e+04 3.430197792045884853e+04 2.158541386670640350e+04 2.494623873242553964e+04 5.442741897926627425e+05 5.889006877051823540e+04
4.489665266471818541e+03 6.592666734966488548e+03 1.069143002127469799e+03 6.628421809633928206e+03 1.566049586888693448e+05 1.431749206290357142e+04
2.740065912167275383e+04 3.626718274341652887e+03 1.504593344597117903e+04 4.081281037442404340e+04 6.375880161482564872e+05 6.800428641299101582e+04
1.169057114846598852e+05 4.371814581750866491e+05 7.447661990715947468e+04 9.642873419958828890e+04 1.117666031651518773e+06 1.725112046486691688e+05
7.036217695659649507e+03 1.009082592929683597e+04 1.548539912988721653e+03 1.338305393827710759e+04 3.041426495600035414e+05 2.767487177694053025e+04
6.801189788497310474e+03 1.508183072176655969e+03 3.414963136576310717e+03 9.564143210344274848e+03 2.558462413211200910e+05 2.307961336523920181e+04
1.334140875015805977e+04 5.307924521071628260e+04 1.033207243659614505e+04 1.024543546000099559e+04 3.981364456163819996e+05 3.849124432741318014e+04
6.706196540706041560e+03 5.157985515784185736e+03 6.335190887917849068e+03 1.242459405086879997e+04 2.781107528564853710e+05 2.730999301538061263e+04
6.981318348705624521e+04 1.229966485766021069e+05 5.221078827558507328e+04 6.104599552280294301e+04 8.421258550309644779e+05 1.128371996032096504e+05
1.186847533467839639e+04 6.564033260279053138e+03 8.264884956650364984e+03 1.913611413592540339e+04 3.474889155824324116e+05 3.591260084902369272e+04
2.906824719627923696e+04 7.397415644165310368e+04 1.244636061201058692e+04 4.034580527029360383e+04 7.083972074281433597e+05 7.491529834798890806e+04
3.003405880876534502e+04 1.659408122320946131e+05 1.434524125553711383e+04 2.806492341234990090e+04 6.399935074331490323e+05 7.012962684963292850e+04
1.442957982410960722e+04 5.623262069303978205e+04 1.112013169043044945e+04 8.705952657294199525e+03 2.640558250716458424e+05 2.927263206553321288e+04
1.940447164181184417e+04 4.735232069446927198e+04 2.063627195709809530e+04 9.558698357149000003e+03 3.862057019755449728e+05 4.153691880342957302e+04
9.187773343468084931e+04 3.258569597531539621e+05 5.266190264702852437e+04 7.835714775899317465e+04 8.849101480291098123e+05 1.337730321504441672e+05
1.570680504558252323e+04 9.290399045417099842e+04 8.857777389266824684e+03 1.325355700046404854e+04 3.748929557125033461e+05 3.962278063916523388e+04
9.545295831655914299e+03 1.600345938048189055e+04 3.481306702484426296e+03 1.347793227341932652e+04 3.470660346570143010e+05 3.173047935601065910e+04
3.073160499835725932e+04 1.225072356066559405e+04 1.377172188550998544e+04 5.061412971568672947e+04 7.784679114979266888e+05 8.178915892041560437e+04
2.126503572612219068e+04 3.054765659887273432e+04 9.602353579923610596e+03 2.916083984375511136e+04 4.622145849100684281e+05 4.992509734495760495e+04
7.928759531677468658e+03 2.701181454919060707e+04 3.295129287026336897e+03 8.619965938547538826e+03 2.281783011245328526e+05 2.200179289190799682e+04
3.670099597191687644e+04 9.425398454311213573e+04 1.298241577916183087e+04 5.209455244199548906e+04 9.478244998885109089e+05 9.756603783222864149e+04
7.929257421798688483e+02 2.487680235485422600e+03 8.542173228602299559e+02 6.543046744107798531e+02 7.487983161859726533e+04 5.823563030722996700e+03
5.115645946504497988e+04 2.086162739693917974e+05 4.150588713235965406e+04 2.759350567188414789e+04 5.874939795181694208e+05 8.020514407881117950e+04
1.005534027400232480e+04 8.403140950403254465e+03 4.247609591769392864e+03 1.604322108464554185e+04 3.220116303778180736e+05 3.115965113750130331e+04
2.545914633817156937e+04 2.485970264143014356e+04 1.353331438946681556e+04 3.099235565510412926e+04 5.168711290838947170e+05 5.584263916263382271e+04
1.809890631258453141e+04 1.327184592643051838e+04 7.864259215204317115e+03 4.500469950714774313e+04 8.454350226439465769e+05 8.126074596610023582e+04
3.579826242601330887e+04 1.409941612446761283e+05 2.058772447350573202e+04 2.767309716815796492e+04 4.700136258809731808e+05 5.997655373834706552e+04
9.799433452838691665e+03 3.735799290933548764e+04 2.340073090780699204e+03 1.416988400593064398e+04 3.581637682412184076e+05 3.335427898268909485e+04
6.115396039299774566e+04 2.093691727496953681e+05 4.391881434277576773e+04 4.616504526220355183e+04 5.210185046013888787e+05 8.520920040155328752e+04
1.097061461942762799e+04 7.000381981222359173e+04 3.119970901525457975e+03 1.025183947911981159e+04 3.309602607663086383e+05 3.170416096423730778e+04
2.010724796480012083e+04 4.890441813765819097e+04 6.594596898716830765e+03 2.867784825958639340e+04 6.511152770920920884e+05 6.202362528986416146e+04
4.088118684464028775e+04 1.489469782963840698e+05 3.188738686973705262e+04 2.418967371814311628e+04 5.606510829604100436e+05 6.976219970358346472e+04
9.185024980887283164e+04 3.057351516596245347e+05 5.085468958712596941e+04 8.280727982790349051e+04 7.893115700651385123e+05 1.275808609693745966e+05
6.569332003982991409e+03 1.378817187343248406e+03 3.176230589883963148e+03 2.664110395822122882e+04 3.828747900832914165e+05 3.923610891334895859e+04
9.434669035336717570e+03 5.501669511818191722e+02 5.190927881297159729e+03 1.282256948891829052e+04 2.335051431546554959e+05 2.376856386471003862e+04
1.136105060854720250e+04 1.099814446378069624e+04 1.402664262007144134e+04 1.032896821795789219e+04 2.703720594047473860e+05 2.944647654119841900e+04
5.257397713306781043e+03 2.376625868712606098e+04 9.683326611785953446e+02 7.563537641737600097e+03 2.418054881161058147e+05 2.127704157400090844e+04
9.049316451155817049e+03 1.127218806027865321e+04 6.124526955149615787e+03 1.286706649385900892e+04 2.935009122740394087e+05 2.875687494571413481e+04
2.197463756797642873e+03 2.544238431462154495e+03 3.001752614205699956e+03 1.009451522137330721e+04 3.092380120859180461e+05 2.678367427722055800e+04
2.355220291199435087e+04 2.037784786804733158e+05 7.008442077400133712e+03 1.905007044884924107e+04 5.915121818602726562e+05 6.150154329877513374e+04
6.326354295230681601e+03 3.135187981020603547e+04 4.027719744681543489e+03 1.387318664132535196e+04 2.145844432292127167e+05 2.399341592009077795e+04
9.347497528788259660e+04 5.677571604397479678e+05 4.335368802676499035e+04 5.955772051397422911e+04 9.918315125199424801e+05 1.404183653701001604e+05
2.510483308573181785e+04 1.292946113966926932e+05 1.581951671002528201e+04 1.774099543242033906e+04 4.325584742134679691e+05 5.033190054630893428e+04
5.829106571409778553e+03 1.017021311270563638e+04 8.452441750322248481e+03 5.177319729078990349e+03 2.468637579007866734e+05 2.309191380434782695e+04
5.496790549154452492e+03 2.445150291798460785e+03 2.075317038352387499e+03 1.133966079751872348e+04 2.458168841912763892e+05 2.267675525828371974e+04
3.008248832280045099e+04 1.126199492095830501e+05 1.564623181948423917e+04 2.699358613183791022e+04 5.088579145386291202e+05 5.874801108807815763e+04
1.790189898300284767e+04 2.537820249376011816e+03 5.904302033864759323e+03 3.167544603950653254e+04 3.559769717301952769e+05 4.093678811506721831e+04
3.674129484431734454e+04 1.821594025729252098e+04 1.486790080141484395e+04 5.554906173253984161e+04 6.847134064751747064e+05 7.848242173644954164e+04
3.933765437949134503e+04 1.019294767369943584e+05 2.671807049125675621e+04 3.683874822869090713e+04 5.322083444207318826e+05 6.901439621620440448e+04
1.016411229721966265e+04 2.990014585202190210e+04 4.327917879286678726e+03 1.199411479759103531e+04 2.561569558629645035e+05 2.599747134771712444e+04
1.094753463424298825e+05 4.086214144887853181e+05 7.093717905403541226e+04 8.310217026261870342e+04 9.666327090889856918e+05 1.533879919524717843e+05
5.067606193587899725e+03 3.152739986533340470e+03 3.045923450949341259e+03 7.043732862190002379e+03 1.606072150149595109e+05 1.545645938066867348e+04
2.260045516196415974e+03 1.044241535071509588e+03 1.557493718996122652e+03 4.808280511149472659e+03 1.549407689333777234e+05 1.331855061513288820e+04
3.660201591841831396e+04 2.232257484863486297e+03 1.328913379748385341e+04 7.335312758132506860e+04 8.849980590090537444e+05 9.853286545893395669e+04
1.624018108182562901e+04 2.302939834744773543e+04 9.231732212995328155e+03 2.616644122322306430e+04 4.855380557392369956e+05 4.960809444622087904e+04
3.799663106234558654e+03 7.172281081590479516e+03 2.714718784747540212e+03 5.059012611772451237e+03 2.327784972108961665e+05 1.946928931346667014e+04
4.168353867574726792e+03 4.280758021560834095e+03 5.321567949674098600e+03 2.798623176488025820e+03 1.669380697890105948e+05 1.499950226015479348e+04
2.990292411876162805e+04 1.044535866467314918e+05 1.245420415894017424e+04 3.310841698289805936e+04 5.484698665850429097e+05 6.239728033647826669e+04
4.194614946223495645e+04 1.834776478954560007e+05 2.631547700702979637e+04 2.981244905858325728e+04 4.772663677198258811e+05 6.600263756854001258e+04
6.491412375403480837e+04 4.305759166960027069e+05 2.560922466051406082e+04 5.761508167941518332e+04 1.207722530274564167e+06 1.396246863574128074e+05
3.963956969168398064e+04 1.098147386680065392e+05 1.561857079343867372e+04 4.938803555359698657e+04 7.739629883847387973e+05 8.655456863190649892e+04
2.471579378132833881e+04 1.425544717907921877e+05 1.561277757473446582e+04 1.808105554733069221e+04 5.005855430430585984e+05 5.562801157446786965e+04
2.104559310592478141e+04 1.096334797516229009e+05 1.095285506849462763e+04 1.534046519168219857e+04 4.070443135442466591e+05 4.445972981994553265e+04
6.298346852596429380e+04 1.153616121954784176e+05 2.654005305128647524e+04 7.674616234231833369e+04 8.167158276034528390e+05 1.067835036948382622e+05
4.330478806200787221e+04 3.696355034640594386e+04 2.246279590624683624e+04 6.083553872086269257e+04 6.689679560930929147e+05 8.401537231340578001e+04
1.264694984216269768e+04 7.214602254699791956e+04 9.445566461585400248e+03 6.335053262899728907e+03 3.196207592124367948e+05 3.200321178600485655e+04
1.105593465498805599e+05 3.676504337714262074e+05 8.489947802082236740e+04 7.348618227120589290e+04 9.390569541509645060e+05 1.511770885255921748e+05
3.298197115854586173e+03 9.933233103555405705e+02 4.945230687494116864e+03 3.503564817166689863e+03 2.446295727825128706e+05 2.021889480182103944e+04
3.545676860862324247e+03 8.996526747775922559e+03 7.176433369673452489e+02 5.697461214749514511e+03 1.590030152785512619e+05 1.402521664932774183e+04
1.004451694300073177e+04 6.466123440204516373e+04 7.016860181657883004e+03 4.452271028626302723e+03 2.879790928388081957e+05 2.760637760443822481e+04
2.145279783690278418e+04 5.178651990656535054e+04 6.978421927928786317e+03 2.871501058664742595e+04 4.046220357556600939e+05 4.576943976623489289e+04
3.209412688606180382e+04 5.301729634648205683e+04 9.318326946733042860e+03 5.405818979165273777e+04 8.147007964190534549e+05 8.588052509159865440e+04
2.456685184025553099e+03 2.074113247171457624e+04 7.893667575579410141e+02 5.859188019008316587e+03 1.771855676870803873e+05 1.593324503473107143e+04
9.485137196774125186e+03 8.961043332035655112e+03 8.000547599370055650e+03 1.498825784699052929e+04 4.307657770287909661e+05 3.964280858030795935e+04
2.790954094740108485e+04 1.280112355315922032e+05 1.947847359624565433e+04 1.528440343797326932e+04 3.499578392716068192e+05 4.517921512725763023e+04
4.958294319177278521e+04 2.046738787566209503e+05 1.862382818858790779e+04 5.241705267965729581e+04 7.207834324402165366e+05 9.033579110266859061e+04
8.178288356582722918e+04 1.977125379405556014e+05 4.198988270510113216e+04 8.946621021979284706e+04 1.153610856634544674e+06 1.459289689515117207e+05
1.397695078351102529e+04 1.914674393778524609e+04 5.730781528452082966e+03 2.231099388056537282e+04 5.235626168166329735e+05 4.872095140723705117e+04
8.313681917055415397e+04 4.027686564986324520e+05 6.290825980786605214e+04 4.023934489818457951e+04 5.684027175679143984e+05 1.034706469267401117e+05
8.091625045565230721e+03 7.894360802422293091e+02 7.147325210955217699e+03 8.408530987728559921e+03 2.221970647062713106e+05 2.186724176026008718e+04
5.098410524257203360e+04 2.177282470106400433e+05 3.824332784213979903e+04 3.318916909243017290e+04 5.431671082374212565e+05 7.879835107036744012e+04
