-7.558502211273502525e+00 9.344377147958826413e+01 2.493251019578987382e+01 -1.143547115952163864e+02 5.402717143943740439e+02 -1.214275637440809035e-13
-3.529574395960264610e+01 2.561986235660896227e+02 -2.034329079170077392e+01 -7.180083335592699711e+01 4.246562446287413763e+02 -1.289679864445877197e-13
-1.404566885683655819e+01 -1.275333780243354340e+02 6.520009654309667724e+01 -1.104873753184287608e+02 4.187228300373227512e+02 -9.668500436555236855e-14
-2.543791098181635846e+01 1.383501690508802824e+02 2.271563617482433628e+01 -1.267058469627972954e+02 6.044861365808204710e+02 -1.375599195181068205e-13
-6.466040619346983931e+00 -4.998993770915514290e+01 3.276838323803053044e+01 -6.575147558060528752e+01 2.687926474525934282e+02 -9.410251835068755898e-14
-4.064498659586509888e+01 1.941506628797100973e+02 1.269701683960798100e+01 -1.209429851825845219e+02 5.889113416258793450e+02 -1.445110819609325805e-13
-1.857698764020496185e+02 1.051111360821777680e+03 -2.384373098086036435e+01 -3.236753517861612295e+02 1.555746225825359488e+03 -2.710513083291250208e-13
-2.996856728002162740e+01 4.747988908915174306e+02 -3.618164952100217846e+01 -1.101504684719384244e+02 6.232030461119851452e+02 -1.801508035652852875e-13
-6.778573130357789012e+01 5.292210244670329757e+02 -3.908624189948903194e+01 -1.180905438016861098e+02 6.551706782668994720e+02 -1.643443528113705107e-13
-2.572067657269747443e+01 2.567198110663729835e+02 -1.311004902858954857e+01 -1.297679918770641052e+02 7.676240434500222136e+02 -1.709700828791521578e-13
-1.842702116503322785e+01 1.677155314214247142e+02 -1.066948451290829158e+00 -6.616414701479936866e+01 3.282963383402530440e+02 -1.269258957563730469e-13
-5.832562966407559202e+01 3.682664506887111315e+02 -4.876751962592344114e+00 -1.638139399309368400e+02 8.616975004923548340e+02 -1.902711315602994875e-13
-6.880321178532427950e+01 3.910282126363821362e+02 -8.598999156853043502e+00 -1.508611514305219714e+02 7.817311728857237085e+02 -1.732896127047795721e-13
-1.083905827872806782e+01 7.136439890702760636e+01 -7.324113463372791122e-01 -4.449288697553264882e+01 2.513270021764196258e+02 -1.000841641957615096e-13
-6.868373604397243071e+01 5.442725548507336271e+02 -3.616060125200119302e+01 -1.497037439274115798e+02 8.378828116298360555e+02 -1.701096639900885285e-13
-9.904198199094032873e+01 6.841764592191188967e+02 -3.693242026994242622e+01 -1.793667525290585161e+02 9.393483372159877263e+02 -1.969998642117621929e-13
-1.375566126664732849e+02 9.282563367769404294e+02 -6.086202550355863394e+01 -2.067114477813381370e+02 1.097027140702265115e+03 -2.177406686943962078e-13
-7.369365297612063159e+01 4.868822940076481132e+02 -8.091785252621251701e+00 -1.890416342498077995e+02 9.646619618269436387e+02 -1.790260621232130155e-13
-4.651216650625963211e+01 1.424332528666334667e+02 2.034895745475200357e+01 -1.064270955735484705e+02 4.803183029806289710e+02 -1.260767138529000365e-13
-3.725751409720755447e+01 2.472644524175144625e+02 -6.071852706756832863e-01 -1.073246944826934595e+02 5.435591624141924285e+02 -1.248706904762144435e-13
-1.140046801021993019e+02 4.921048461263974332e+02 1.680114441466188069e+01 -2.368232025602782187e+02 1.122508692245975681e+03 -1.873802207069339930e-13
-4.893134020813212004e+01 4.102707058584859396e+02 -3.234397028570796095e+01 -8.150496634513311278e+01 4.534866054145388148e+02 -1.358846354866452656e-13
-4.815745087739512797e+01 4.211365485525147392e+02 -2.853441005495630023e+01 -9.800546330225724034e+01 5.320100723704722441e+02 -1.485896501052680992e-13
-5.810852522795148190e+01 2.549910996648987123e+02 4.267314083544492576e+01 -1.987987113341098393e+02 8.754568770299455309e+02 -1.559753355004866250e-13
-2.063744763397127713e+01 -2.205462007808927183e+02 1.075399959240357077e+02 -1.706957837030101928e+02 6.205481502339565623e+02 -1.147553317939313462e-13
-3.791026131038000813e+01 -8.028433070089603518e+01 8.736521600597602344e+01 -1.688581888133622613e+02 6.343318668318341906e+02 -1.137425525293437145e-13
-7.643189646992610164e+01 3.992721529664104878e+02 -3.224077560647892859e+00 -1.465600559420878710e+02 7.123020251696570995e+02 -1.437059150546696361e-13
-5.377795180774188566e+01 3.331722031091525196e+02 -1.993280893758901939e+01 -1.084030350986264182e+02 6.114836043687395204e+02 -1.439297978658925073e-13
-4.543753303251451570e+01 2.505265036997092523e+02 2.425747917186705127e+00 -1.253941949798484501e+02 6.432014631660263149e+02 -1.369434467228520218e-13
-4.052062923818521512e+01 3.330828971330962531e+02 -1.744571413669559590e+01 -9.403845385953327707e+01 4.990363082325432629e+02 -1.372675380735072771e-13
-2.542689443526363746e+01 4.520515317512261788e+01 3.220148612244629049e+01 -9.855145468430524147e+01 4.229194989479415767e+02 -1.091575525754054541e-13
-8.685964345066751946e+01 5.210375031254831129e+02 -1.964867419828805950e+01 -1.771813468898672284e+02 9.338745093512612812e+02 -1.843327509204193321e-13
-7.864201516425410432e+01 2.438927489049209782e+02 2.058652181950094473e+01 -1.844290158109746756e+02 9.285723333342250498e+02 -1.604005980785916589e-13
-7.187318004662105686e+00 2.435363666311715178e+02 -1.424079225352861044e+01 -6.137833762820847738e+01 3.247872094104487246e+02 -1.120082689111359517e-13
-3.742703342304987046e+01 1.830364490006593883e+02 2.867060319085650733e+01 -1.352980329585378740e+02 5.912156550622838722e+02 -1.421110553900673379e-13
-3.022729575766679844e+01 6.466312493593818544e+01 3.653537817889988304e+01 -1.146298434817158096e+02 4.889247342973526429e+02 -1.239999315801877283e-13
-7.450031877067716835e+01 5.624901621686641562e+01 9.189148095105277037e+01 -2.325860899844370522e+02 9.333366590440729169e+02 -1.499533991016680728e-13
-3.375458874858836822e+01 5.333591264547604993e+01 3.790503217244874179e+01 -1.184845723450835777e+02 5.143930298426001855e+02 -1.286467639105071146e-13
-5.733984871754703505e+01 4.192092867389865773e+02 -3.203589466779527584e+01 -1.097691441269483477e+02 6.349563752209346603e+02 -1.579106379076111900e-13
-3.898441846867644500e+01 3.639829483623126407e+02 -3.449785191834846643e+01 -9.834460692454455000e+01 6.145500309639028274e+02 -1.490320079357038367e-13
-3.830466331503335198e+01 1.750706896270309016e+02 1.294495778523112328e+01 -9.861661418510161070e+01 4.512569267921609821e+02 -1.178759780657234005e-13
-2.339423050440926488e+01 1.276185636256179805e+02 3.176949392728502630e+00 -7.342452355231723971e+01 3.794000902212125084e+02 -1.305159959802010525e-13
-1.999861380335864069e+01 3.233165125587150897e+02 -2.213816213162468571e+01 -8.609480610822045321e+01 4.828901797885328619e+02 -1.529438572246335157e-13
-2.495289677748026591e+01 -2.605548276572234201e+01 5.021409435673332666e+01 -1.083792824619628021e+02 4.259587762605780199e+02 -1.112475651392913748e-13
-1.728628280313506949e+01 -1.686988601683578395e+02 9.725559035341409242e+01 -1.773851201849008135e+02 6.933001871078464546e+02 -1.234964404928346165e-13
-7.732691848880840269e+01 6.164398785849815567e+02 -3.374215617983186633e+01 -1.463812428276530397e+02 7.469635472610319766e+02 -1.678405757665373265e-13
-5.305312062701307951e+01 3.868597154955905921e+02 -2.560965300381247545e+01 -1.016847673611656973e+02 5.632122175335940710e+02 -1.518767071560962098e-13
-3.328736097666052984e+01 2.971324458573363927e+02 -2.964066060292729787e+01 -7.148954850488061652e+01 4.520444960903058131e+02 -1.348443472008263818e-13
-5.899613721331018468e+01 3.188909618656434191e+02 -1.383309812562088403e+00 -1.130375894278713957e+02 5.342571634921349641e+02 -1.444373512270303487e-13
-2.393988349816487826e+01 2.554766286032227924e+02 -3.656893089131423302e+00 -1.025436062867329525e+02 5.249221330480805818e+02 -1.316109734587653051e-13
-1.326364429723158045e+00 5.292165863598709308e+01 1.677043292305520517e+00 -3.183693437126224879e+01 1.643640001985011452e+02 -9.067229936336016516e-14
-1.934857822368987712e+01 2.306691079211494255e+01 2.695560826426580903e+01 -8.765423342315337152e+01 3.995636537310998619e+02 -1.143365084417942603e-13
-5.550861315566390886e+01 3.726977260363945561e+02 -1.991287654166000110e+01 -1.055446794300172257e+02 5.630667461523937618e+02 -1.480069324175690071e-13
-3.545283572571804598e+01 1.498113071364085727e+02 2.123302963743222449e+01 -1.123758951695916011e+02 5.092187605133055968e+02 -1.262473453053888161e-13
5.769863056029368664e+00 -7.922867886211797384e+01 2.372674427229288341e+01 -4.460450022212079801e+01 2.060788437101878969e+02 -9.026773111175989484e-14
-5.822931949619991343e+01 4.165295908727322853e+02 -7.463689492468631670e+00 -1.352310031898154534e+02 6.506165753467967079e+02 -1.682093260694968331e-13
-1.295490267427498310e+01 5.698487250455018227e+01 2.982820903175524663e+01 -1.115107285381446474e+02 5.165907459120577414e+02 -1.238691657569348071e-13
-8.264069467356416965e+01 4.320747709892922330e+02 7.332644972274599660e+00 -1.939639965293520163e+02 9.392084412656887480e+02 -1.834998713109950756e-13
-1.117613642393994589e+01 9.532356124134520314e+01 2.696284503115507380e+00 -5.286057257598800874e+01 2.679843337924597222e+02 -1.229723304348194515e-13
-7.749505385958987347e+01 5.003219947496689315e+02 -7.467769721249487347e+00 -2.030436656381707792e+02 1.044912190559738065e+03 -1.907506236887671440e-13
-1.307687065153378114e+02 5.613160590682425664e+02 1.393044872422017555e+01 -2.613477447350713305e+02 1.254877879313363565e+03 -2.009912359942055599e-13
-1.262480919011921401e+02 8.635360853157928887e+02 -6.149264261416608690e+01 -2.092117098309317669e+02 1.165482252664670568e+03 -2.134003225696918032e-13
-1.043851008209920606e+00 7.292392446718062615e+01 1.928181247108276253e+01 -9.031443298227965499e+01 4.299598155339779169e+02 -1.290836936267231821e-13
-2.488260285147921635e+01 -8.737802092571779866e+00 3.139257408968608587e+01 -8.571407886771238793e+01 3.814759060194978701e+02 -1.118906311755426016e-13
-3.973811878467739689e+01 -3.325545963446463702e+02 1.488653643233859611e+02 -2.221182672037175792e+02 7.837803925332319750e+02 -1.076274990010483964e-13
-9.491418172754536897e+01 4.331645837885430410e+02 5.086745571919984776e+00 -1.968225207451421568e+02 9.720191668758928927e+02 -1.854880381823828617e-13
-6.499006388595368833e+01 6.104628302928239236e+02 -3.746408585129889701e+01 -1.651769771948033849e+02 9.015777332157048249e+02 -1.960728543029141767e-13
-4.902621792048446281e+01 2.342226219872563888e+02 5.655168998820280457e+00 -1.392609293793890686e+02 7.277208581963300276e+02 -1.468896300470881516e-13
1.032358652680487587e+01 1.120676542510937281e+02 1.079385577014006259e+01 -7.382880377438166875e+01 3.447375109285482608e+02 -1.206789022770705732e-13
-9.257767684109137463e+01 6.018335223184627694e+02 -3.289769648331858320e+01 -1.594866778113323846e+02 8.404020249512573173e+02 -1.876127038002173666e-13
-3.026977169993374517e+00 -1.210206852390142807e+01 3.142589532165876420e+01 -7.014920754910461653e+01 2.790948595707814661e+02 -9.640742032437304109e-14
-2.022100948560568412e+01 1.054980116108379065e+02 2.228064861457486856e+01 -1.021180596974132300e+02 4.661353351337976960e+02 -1.264614892277765577e-13
-6.450521377052989180e+01 3.099257990618094709e+02 3.585708702358700606e+01 -2.014645465262917128e+02 8.966586000954606561e+02 -1.733569955533944043e-13
-7.466131662863124063e+01 6.627270522179643422e+02 -4.626686875000321209e+01 -1.562708263465116545e+02 8.596791632187328105e+02 -1.958199577145844575e-13
-1.111441358769223484e+02 6.455258908678252965e+02 -1.487388147760736423e+01 -1.978838606333556811e+02 9.508879283673564942e+02 -1.951569130598536336e-13
-1.342945918180311971e+01 3.964145896652618006e+01 2.489680091354901492e+01 -7.814145645045653055e+01 3.366138801612208340e+02 -1.048731907250510878e-13
-2.177928146887640892e+01 8.177031344212511499e+01 5.175167441973476201e+01 -1.555700800328480398e+02 6.540560242807679288e+02 -1.388961552327605522e-13
-5.966288784427461245e+00 -3.153456311083662627e+02 1.151592570499350359e+02 -1.602706779087839664e+02 5.713551719787233196e+02 -1.037031703482344295e-13
-8.603979623843916613e+01 6.030853342023660844e+02 -3.248132044186494483e+01 -1.603294464978282292e+02 8.424785052808251749e+02 -1.884359132797845024e-13
-6.647649408310101649e+01 3.372317965782433475e+02 5.020668570932849128e+00 -1.594142287019063531e+02 7.915103119278659278e+02 -1.652386594823480600e-13
-2.955301846051484560e+01 -2.724364881464199684e+01 5.773377500658121164e+01 -1.464847623274043826e+02 6.348187105231260148e+02 -1.199092309111776542e-13
-3.574280727695326476e+01 2.015677254036643546e+02 1.295618862872147048e+01 -1.122034699509790272e+02 5.230392931247133674e+02 -1.303005258260686951e-13
-4.981550263118086264e+01 2.591311047194513435e+02 6.705516811078829242e+00 -1.240598830320994495e+02 6.004717361713873061e+02 -1.480894949445902074e-13
-4.863027822009016887e+01 9.959417725678484601e+01 5.598696109779617558e+01 -1.740411582670501502e+02 7.379811533792985756e+02 -1.308542827230484405e-13
-5.334389917244821078e+01 -2.195482495773159428e+02 1.344079560757127751e+02 -2.467189691220438874e+02 9.587110213920424258e+02 -1.498300163570376388e-13
-3.394564140559285903e+01 3.030498555591844934e+02 -6.697821109469752621e+00 -1.067547866979279974e+02 5.377319871453290716e+02 -1.457041943111816607e-13
-5.777534370593998325e+00 -2.833733061030421752e+01 2.735334926947044920e+01 -8.200582957774422255e+01 3.968501559513836696e+02 -1.040412384159715512e-13
-5.796808943629532251e+01 4.383520371384472583e+02 -1.365807885251009424e+01 -1.343314260870962187e+02 6.682190482981221749e+02 -1.627645059731365869e-13
-2.818091261483073140e+01 2.424926166954838322e+02 -3.629434701009978337e+00 -9.972064516064256168e+01 5.153177105519810084e+02 -1.383480322816804058e-13
-3.440654895299043403e+01 2.409594575560277292e+02 -8.117968952550425499e+00 -7.938512128154300740e+01 4.084986988743201550e+02 -1.295140034979961391e-13
3.223728225187674212e+00 9.782457710289283170e+01 -1.625455394985041480e+01 -5.100087187572449920e+01 3.751030938399539423e+02 -1.013787624440755787e-13
-2.568344245391830682e+01 8.716161835260315627e+01 2.885796199562700437e+01 -1.074693948208343670e+02 4.734434730982626434e+02 -1.307768248177781634e-13
-1.076533210381421100e+02 9.046332387974591711e+02 -6.389430973473034214e+01 -1.926345769494784008e+02 1.039199281700913161e+03 -2.227342827649493575e-13
-1.680685291517177760e+01 8.949581975660389332e+01 1.805262484127132083e+01 -9.987862309226002822e+01 4.899484442594649636e+02 -1.255900979101943257e-13
-3.768646689753246903e+01 -5.158329939079784054e+01 8.979515223178381689e+01 -1.864380977184987955e+02 7.158361169661529857e+02 -1.314820026899356694e-13
-3.854119737448039729e+01 1.759423964844567649e+02 7.818080691477655719e+00 -9.009877038425256046e+01 4.262101622642344978e+02 -1.247393158701093981e-13
-7.370705122024106970e+01 4.997916610892404492e+02 -2.808062641461727793e+01 -1.381722472367719945e+02 7.412876166974785974e+02 -1.875565267202022562e-13
-6.010510209773704560e+01 4.249313351055682233e+02 -1.886409457875329210e+01 -1.325954500742418247e+02 6.997863364037806377e+02 -1.762891098781387568e-13
-2.144296022072471075e+01 8.376638260264518010e+01 2.643908573300713272e+01 -1.005719598242212243e+02 4.450728396855665778e+02 -1.335752029258615232e-13
-5.398521261101479496e+01 2.892485848590379760e+02 4.618629100066602433e+00 -1.316666425651283134e+02 6.428345854523407752e+02 -1.520335757428273280e-13
-1.635469666821682111e+01 1.803123229241292620e+02 6.321918548232003943e+00 -8.779586143770615081e+01 4.171028590978621651e+02 -1.319651881815375689e-13
-7.942591304445404177e+00 2.051091045602790359e+02 -1.983468260402240446e+01 -5.729615278640228127e+01 3.614602749815999800e+02 -1.140028562134769536e-13
-1.032088907038691872e+02 6.397199969335620153e+02 -4.639087379909650366e+01 -1.597428508300974102e+02 9.007387755086754169e+02 -1.870720635995917100e-13
-7.050601501550035266e+01 1.434132352043125138e+02 7.248581485079861864e+01 -2.126112389303498276e+02 8.593101463360414982e+02 -1.587847130266957946e-13
-1.139288558791709072e+01 -2.579873116115270548e+01 1.949782107283667543e+01 -5.036775230679964466e+01 2.326295616047772512e+02 -8.659553705319538397e-14
-1.662740478693261537e+02 1.096493998352694689e+03 -6.192527190724923969e+01 -2.824839935103398716e+02 1.489512596472841551e+03 -2.728464876992448940e-13
-4.364500708074564805e+00 1.924717377285821271e+02 -9.644659449919547711e+00 -7.040144177702680395e+01 3.935512640640688460e+02 -1.316672062443843819e-13
-1.058829753826003639e+02 6.208585488419062131e+02 -9.845048924443970506e+00 -2.189905154016125834e+02 1.078699748190249920e+03 -2.005513050772522521e-13
-1.323088752111954669e+01 1.034702502089117218e+02 8.449576367563038204e+00 -6.970828436967165942e+01 3.383842498891091850e+02 -1.336127395151222493e-13
-1.008501140866741252e+00 -1.425515966785777380e+02 3.560994921859818874e+01 -7.512192524861123388e+01 3.816599944180858301e+02 -9.304694446128655290e-14
-1.575851549935309670e+01 -3.446684599892137157e+01 4.029807491558005239e+01 -8.723600926622221152e+01 3.535546917795275021e+02 -1.085142316086203484e-13
-3.331549451290321429e+01 2.011971738814160062e+02 1.869788190272180017e+01 -1.381604216253104482e+02 6.610193604284362436e+02 -1.318100818310974774e-13
8.012092511458517308e+00 -1.619388109431741896e+02 4.291064973854525988e+01 -6.866373576323223915e+01 3.057096918058346091e+02 -9.851101288219407658e-14
-5.802930321652031154e+01 4.582875403039719231e+02 -2.602065425250530240e+01 -1.259965811360070944e+02 6.767559928841587862e+02 -1.526330955805905255e-13
-2.072632067150884794e+01 1.020610312797434034e+02 5.892817102987971012e+00 -6.584871589774667200e+01 3.298600152109464716e+02 -1.196289288705432310e-13
-7.736297003499437608e+01 6.031943341914789016e+02 -4.849694640371085086e+01 -1.198190541716589195e+02 6.726970146277360527e+02 -1.705924715271156944e-13
-2.347274477485047228e+01 -1.369291277989540845e+02 8.225603016163044856e+01 -1.485364745461597238e+02 5.721202797728066116e+02 -1.120993034105204282e-13
-4.386009851974592522e+01 3.515168346120934189e+02 -1.071790642944034566e+01 -1.416702776983456999e+02 7.625840234895451886e+02 -1.738535059842050849e-13
-8.989270863665934996e+01 5.164660216418527625e+02 -7.663008404376772109e-01 -1.831347761554075362e+02 8.562394430576470086e+02 -1.772077741397997522e-13
-7.206153405660852229e+01 4.963045693265869431e+02 -1.440367564410640000e+01 -1.766851957831958657e+02 9.151142840120871824e+02 -1.845941866268203078e-13
-1.489989790383136814e+01 -7.594027120547126586e+00 4.824407499378962427e+01 -1.116196935899115346e+02 4.467912336427947366e+02 -1.177548407504395826e-13
-4.731177318643894836e+01 2.482083638964850536e+02 1.318792118982050177e+00 -1.224469647297580650e+02 6.321872057160196618e+02 -1.497204232702691462e-13
-9.991026520261276289e+01 4.438824831748497104e+02 1.482236397278979290e+01 -2.114301315242805117e+02 9.999439429290168846e+02 -1.829471792387641159e-13
-2.366613134887903769e+01 -4.603284671992084576e+00 3.581717925974646732e+01 -9.014841456466358238e+01 3.798881907561076900e+02 -1.073671316108242822e-13
-9.832604685120155352e+01 7.017306667627799470e+02 -4.991788996491271035e+01 -1.571562817264299952e+02 8.603438180429111526e+02 -1.911189886471418572e-13
-4.199506316766984071e+01 1.179589296185483249e+02 3.208163847710385852e+01 -1.253542869808030957e+02 5.503689260963169545e+02 -1.299359027754032591e-13
-9.699793541498682714e+01 4.412944910713890749e+02 3.670516613590798727e+01 -2.527715252103691057e+02 1.139531296239715630e+03 -2.149274829281997778e-13
-3.829316089817771829e+00 -4.343013011903218512e+01 2.223380958057104095e+01 -6.066359760540062496e+01 2.972809890753828768e+02 -1.092015042622039212e-13
-4.041398444310147653e+01 -2.048821707138842214e+02 1.440346943705474132e+02 -2.528646942466573933e+02 9.275406783601820280e+02 -1.259636376736592894e-13
-5.045109695586942422e+01 3.782523210103982478e+02 -2.809919280627863003e+01 -8.846485445501917866e+01 4.966224492566009303e+02 -1.426013020925035449e-13
-3.003321346264114311e+01 2.484261594530836135e+02 -1.930758429250035846e+01 -6.830675277437566706e+01 4.002444902482640714e+02 -1.259391050411269615e-13
-6.045682356736659813e+01 2.821275398626325455e+02 3.118187045281700875e+01 -1.714856215731370810e+02 7.455228332489161858e+02 -1.499504292128987903e-13
-3.791982048351524526e+01 8.072802152718782054e+01 4.247317506561370948e+01 -1.326645509062762187e+02 5.602980971301311683e+02 -1.266482403331970844e-13
-2.072726304114403106e+01 1.522252594012866496e+02 -1.719884975999997678e+01 -4.813385168320350260e+01 3.218667506274986749e+02 -1.086794610858468979e-13
-6.648064496022182368e+01 4.858126641168438482e+02 -1.625653952364227095e+01 -1.556665450240027724e+02 7.933994039984664823e+02 -1.780348456593378252e-13
-7.433295766462661902e+01 3.598166434936130145e+02 7.481658136033631834e+00 -1.620306285385206593e+02 7.767151241843449725e+02 -1.529074425523885729e-13
-8.326040902212010053e+01 5.637434453108821799e+02 -3.962059370233247790e+01 -1.236237463207682907e+02 6.704024643912764532e+02 -1.637287987019949016e-13
-2.929833962703177619e+01 1.055360367296379422e+02 1.689478510456963889e+01 -1.225525254378817408e+02 6.380069399100049168e+02 -1.487129655699384427e-13
-2.071410205449019415e+01 2.113261861505545482e+02 5.989736244362534379e+00 -1.041801293271137041e+02 5.065708514888408445e+02 -1.432269766158904172e-13
-3.581432859065528618e+01 2.286905835486811895e+02 -2.116819876973539571e+00 -9.920966491230055340e+01 5.123395616452669401e+02 -1.426180155134239101e-13
-1.619195971363264519e+01 1.527663709047851057e+02 -3.577959570092121844e-01 -7.065521717437655980e+01 3.649401419322501852e+02 -1.280246150599263446e-13
-4.464276228050882622e+01 1.960747565601247402e+02 7.300844791219786245e+00 -1.152008532121405722e+02 5.834774943231523139e+02 -1.457325519648600165e-13
-8.176816147149008884e+01 6.870558921632425609e+02 -5.749722250276191460e+01 -1.387148130817180061e+02 7.957343745846334286e+02 -1.892733732227315345e-13
-1.067288689606274765e+01 6.667708335847547119e+01 9.141027171279445085e+00 -7.281765407725950467e+01 3.819194690182937961e+02 -1.086741953736734282e-13
-5.089933885056431251e+01 2.817353966313686442e+02 1.999601200257167533e-01 -1.254880178954920922e+02 6.351426051521559657e+02 -1.405209686003331134e-13
-2.993075580453789541e+01 5.635401316417354423e+01 2.848673352327641339e+01 -9.863991751386447504e+01 4.391226834051252581e+02 -1.148815009510306577e-13
-6.938835741262174395e+01 2.645349673535912416e+02 3.043361541767164979e+01 -1.807724852204171384e+02 8.256938166056269210e+02 -1.541866418885413844e-13
-1.097651604351789523e+01 -6.582185629459645781e+01 3.489892014023252642e+01 -7.716947215891360656e+01 3.435451725960472231e+02 -9.865261171870374808e-14
-8.111286981377723748e+01 2.122824282037889247e+02 5.199217849267011360e+01 -2.332194664484512145e+02 1.078551860531391412e+03 -1.713126421760367677e-13
-9.182712224336211193e+01 7.636962800390559778e+02 -5.686408336565753530e+01 -1.918419694104479447e+02 1.092476365705387252e+03 -1.984114073967184169e-13
-1.020244922786334882e+02 7.899628873077763274e+02 -7.058180600382407022e+01 -1.583351431588198750e+02 9.358118010437971179e+02 -2.000614422660971097e-13
-5.010500224039086703e+01 3.209610018859385718e+02 -9.571342437492257105e+00 -1.251539243363855149e+02 6.666715347823073898e+02 -1.536801276245832254e-13
-7.366594299666694212e+01 3.762051537143424298e+02 1.098729413720736048e+01 -1.780863751654408418e+02 8.501343571398504082e+02 -1.753945486426359433e-13
-8.428343340319820243e+01 4.305381186184852140e+02 8.610581346775440181e+00 -1.857651989602268827e+02 8.770278692994475023e+02 -1.763256743440423859e-13
-7.221620564518726582e+00 3.899837500623139874e+01 1.592385060183987555e+01 -6.732694246511489666e+01 3.218913990362524942e+02 -1.194377032115344374e-13
-2.516313985420450194e+01 1.224263622220228740e+02 1.088254543332523738e+01 -1.024422308196130587e+02 5.289168175452616651e+02 -1.291040695677194074e-13
-3.381422266918329456e+01 -2.558278027703500257e+01 5.703716727996422264e+01 -1.444053199516613972e+02 6.240818168993148447e+02 -1.228878703346653273e-13
-1.283457706452090541e+01 9.375477337871160444e+01 1.560835260130759217e+01 -9.549049722076625812e+01 4.729806272779143228e+02 -1.194029409188414302e-13
-6.679865348720232987e+01 1.914711891186977653e+02 6.241790713247235090e+01 -2.373387609794647801e+02 1.054731845083440476e+03 -1.819336575925691939e-13
-3.924494384604326314e+01 1.590377553780415099e+02 2.525068605120616638e+01 -1.102334467271379026e+02 4.622785212548262166e+02 -1.274704612069748091e-13
-4.879478839309545180e+01 3.068577552944731792e+02 -8.257205814596769500e+00 -1.137751143102909452e+02 5.921230429259843504e+02 -1.464035814759128093e-13
-4.573948904767863866e+01 3.669029962366150244e+02 -2.733661442078797776e+01 -1.099230865710948848e+02 6.443455889894356687e+02 -1.604622519298391688e-13
-4.734497634660215937e+01 1.756295926126109066e+02 2.445628674328883179e+01 -1.598008907166608594e+02 7.884061266540827546e+02 -1.487596566624267228e-13
-8.737761492375408068e+01 5.992925437112780855e+02 -3.335278987739498291e+01 -1.399218466670337477e+02 7.136542266404135262e+02 -1.695967796323472008e-13
-1.522353111932750380e+01 2.095763238092168592e+02 -1.022368657815820647e+01 -6.419106199795324130e+01 3.429292044390545016e+02 -1.280519474266400889e-13
-1.235164158094872988e+02 5.729211700866421779e+02 8.613475392954480725e+00 -2.454665064788552229e+02 1.173650860365216886e+03 -1.952408105540488480e-13
4.682805469274121890e+00 7.454703963037528069e+01 3.386945340117063719e+00 -5.802016661403259690e+01 3.135273562629511730e+02 -1.077936691510624484e-13
-1.888867373475564548e+01 -1.093238235312552398e+01 5.877633397252936476e+01 -1.544160850334754400e+02 6.694610994238877311e+02 -1.205380899726732397e-13
-3.362442348724382413e+01 3.992715632500334664e+02 -4.693776543813127589e+00 -1.377451944303215043e+02 6.624601857059301437e+02 -1.638078047230116459e-13
-4.745666206004009524e+01 3.069042872776875583e+02 1.106115807996292766e+01 -1.576387505032398337e+02 7.631657220937951251e+02 -1.679788358878067275e-13
-2.439788805346073275e+01 1.857383608550901783e+02 -1.104567605697543975e+01 -9.209369639994216072e+01 5.533195917539360380e+02 -1.362970166304018138e-13
-1.760962247240303213e+01 1.284856550607216832e+02 5.010439957614623907e+00 -9.646575258467026970e+01 5.219162626202883075e+02 -1.344348075158744281e-13
-1.420382666059995991e+01 4.729945920123604708e+01 3.257988375833296146e+01 -9.867639836145067989e+01 4.197937977393945062e+02 -1.214766657493304585e-13
-9.835085451686377667e+01 6.511878336570568990e+02 -2.761669114263258251e+01 -2.021468246273248894e+02 1.057055211380869423e+03 -1.935576142865179644e-13
-1.147418498979814245e+02 8.725972275000972331e+02 -7.839717777567712176e+01 -1.911026288367896484e+02 1.145416532981499586e+03 -2.101298646110963469e-13
-2.592058674653795336e+01 1.615679810908480647e+02 -5.554771684991959724e+00 -7.085898664947710301e+01 3.931449866611989705e+02 -1.185019977685233518e-13
-4.563263932247870258e+01 3.504666866396251521e+02 -2.262164580838480887e+01 -9.702833620081571553e+01 5.395246923356307889e+02 -1.418389006054920943e-13
-4.066463662224005304e+01 1.721489013884351209e+02 2.945133771049309512e+00 -9.507052341570010867e+01 4.936573552139014396e+02 -1.432514350202636237e-13
-3.854883927261776932e+01 1.528246436882486137e+02 -6.300622467531031390e+00 -7.686499715215427386e+01 4.447345708502917887e+02 -1.268906741622069120e-13
-4.716918716273398360e+01 -7.894084271208582493e+01 9.328560801916231071e+01 -2.061233021519636281e+02 8.459301970417809571e+02 -1.400035390010061669e-13
-4.656387385829878411e+01 2.134527742695311758e+02 8.306047322054709525e+00 -1.200080697499084863e+02 5.965714311873697397e+02 -1.474088976101080436e-13
-1.917965631055609244e+00 2.241129094388328014e+01 3.409118406816914870e+01 -1.064087264405001321e+02 4.803977799795485453e+02 -1.277116139853865780e-13
2.203817137759247036e+00 -6.807003837548128899e+01 3.321421674716182082e+01 -7.577880937142597872e+01 3.466471416652329935e+02 -1.076283314397734284e-13
-3.757048359307101748e+01 -1.728041380513762704e+01 6.818129034998571569e+01 -1.578523761162639119e+02 6.369534565719791317e+02 -1.267978999641724614e-13
-3.254583473235428670e+01 1.241504029069391777e+02 3.777148264403106026e+01 -1.400023952780661318e+02 6.078257806915481751e+02 -1.354852311078494459e-13
-9.470033573571059549e+01 3.633916423555068036e+02 2.150066191028568241e+01 -1.959031289648475251e+02 9.119574987525818415e+02 -1.695571157052153022e-13
-1.416660602168732730e+01 -2.632878879774578351e+01 1.782778744835606588e+01 -6.877767168484739102e+01 3.674923078286113309e+02 -1.005115306214056093e-13
-2.436986672532509601e+01 8.176848345718312316e+01 3.038237809731584704e+01 -1.124676427314679472e+02 5.012429559470756431e+02 -1.180880432289182560e-13
-6.249897708841904631e+01 3.601263632506708632e+02 -3.322964059178707075e+00 -1.324450664943107370e+02 6.468344743418560938e+02 -1.477311381194357142e-13
-3.120491669786721545e+01 -2.014105543114913388e+01 6.920805318098797443e+01 -1.464195939524376513e+02 5.556146143709860326e+02 -1.432003162695743240e-13
-3.399378723747727093e+01 1.156498170676580912e+02 3.686564782008420593e+01 -1.469696011216172451e+02 6.667242719475806325e+02 -1.390696954887176251e-13
-5.379944403278778253e+01 3.513208014095818044e+02 -2.656616670007751679e+01 -8.852058610040649000e+01 5.069806865282216108e+02 -1.329810682151217018e-13
3.555555676525067099e+00 5.882022572670685179e+01 8.258210579903400017e+00 -6.455470158112009926e+01 3.378051817632813822e+02 -1.132684097092131749e-13
-2.942826488112620709e+01 1.530795121774408472e+02 6.761870507649615725e+00 -8.641766850203380557e+01 4.250482956479390850e+02 -1.318133251097008621e-13
-4.134603239589295498e+01 -3.394025047206325496e+01 7.364106760119896933e+01 -1.793424386064497185e+02 7.586910525651657053e+02 -1.420366141321801043e-13
-1.015392733006627957e+01 -1.092928617523792241e+02 6.167598297059792145e+01 -1.142658922218110433e+02 4.532960705872456515e+02 -1.092984489970423336e-13
-1.242823406829341337e+01 4.267834065706898627e+01 1.756114486751822312e+01 -9.120736732008754188e+01 4.692379538380071722e+02 -1.122623835051521290e-13
1.364015631952499419e+00 -6.585544906611887939e+01 6.654179175988693906e+00 -3.872325081677243475e+01 2.661256088676491913e+02 -9.610878230231705656e-14
-7.788022543380223794e+01 5.121549776229937834e+02 -3.860669864547950425e+01 -1.208531312872845973e+02 6.832226363429724643e+02 -1.614453110988205183e-13
-7.689778497029752202e+01 5.424432520507511981e+02 -1.692701189315442534e+01 -2.051266653538974083e+02 1.088561205179181798e+03 -2.025765203245653731e-13
-4.857243480574441996e+00 -1.097481246554069685e+02 5.513617082771197886e+01 -9.600615120874729769e+01 3.727868280778054668e+02 -1.097523443376806260e-13
-8.315051868064010421e+01 5.020858315787626225e+02 6.136887788168937874e+00 -1.933738582555301093e+02 8.914091567991608827e+02 -1.800640309759212941e-13
-1.208904435043517367e+01 1.334110361128841191e+02 2.125636028183171078e+01 -1.106373237206412057e+02 5.094438891135428094e+02 -1.382822595762650581e-13
1.943420772572346467e+00 -2.103450317325222727e+02 5.445901467690733710e+01 -8.384790814036564655e+01 3.693802757736188482e+02 -9.534512798869191124e-14
-3.195000550523743854e+01 6.018364607049115023e+01 4.268216821119110449e+01 -1.233924678094383580e+02 5.117339015879760495e+02 -1.309676723726226884e-13
-1.606092846293931231e+01 -2.362289697240201463e+02 8.486017381733793741e+01 -1.261888612453866187e+02 4.782262105417169096e+02 -1.026200370434625711e-13
-4.691832797716286763e+01 2.198279970704900563e+02 4.932339076199318839e+01 -2.119023412427303867e+02 9.467925919117182048e+02 -1.601296175971947232e-13
-7.453945793659440433e+00 2.711420264374489193e+02 -4.663809355219723507e+00 -1.226225855446113542e+02 6.548434457660085855e+02 -1.364730197200302452e-13
-3.250065736340527422e+01 4.680651707231849912e+01 3.890715958433730748e+01 -1.218588796282280811e+02 5.354580743530658538e+02 -1.126288720629239224e-13
-1.738187423217967975e+01 -2.203591205033199074e+01 5.099943439371563159e+01 -1.237500672250357070e+02 5.213059643274807513e+02 -1.132535312175803698e-13
-5.182527061373006205e+01 3.296109362998856227e+02 -4.354235761038253827e+00 -1.412894763648310175e+02 7.353500285145847783e+02 -1.655080743730862236e-13
-1.074801411256101886e+02 4.845991697896622554e+02 1.664852487899386091e+01 -2.265590676034615285e+02 1.060002195916948722e+03 -1.838178592519013678e-13
-4.689383183396716248e+01 6.417692116334073660e+01 7.083633584223119328e+01 -1.990450650687526206e+02 8.369584994639195656e+02 -1.491976911323069466e-13
-2.782984243626079390e+01 -3.797549885491805099e+01 5.117642552533893507e+01 -1.077370146893596115e+02 4.242406095741415015e+02 -1.069419513669148758e-13
-4.678140852232628077e+01 -6.567598162402494211e+01 8.788100625552090150e+01 -1.814961834355614485e+02 7.052457901869513535e+02 -1.267709895302712569e-13
-1.245412322901324700e+02 6.038863456871804374e+02 5.258227065036604309e+00 -2.598159894600076996e+02 1.268850531717093645e+03 -2.220366045317576426e-13
-2.874037355296502128e+01 -1.355061383462289939e+02 8.724995116527350092e+01 -1.483700139486453224e+02 5.379471204998600342e+02 -1.096550088494021799e-13
-3.736417994582134128e+01 2.700965949083283135e+02 1.779854509006351337e+00 -1.167669224688361425e+02 5.749458210150540936e+02 -1.428744691326809749e-13
-8.085590371582664204e+01 6.266640387453956009e+02 -3.770074841632146700e+01 -1.747253447881179227e+02 9.553712803283627863e+02 -2.064172831506308655e-13
-9.212869958705853435e+01 6.573028438226416483e+02 -4.690513487024436046e+01 -1.438761369487942545e+02 7.844306753567938131e+02 -1.860188284384419572e-13
-4.371422931783740751e+01 3.103479253506696978e+02 -2.860076249843466911e+01 -6.822874933013488885e+01 4.137368053412183144e+02 -1.329442994828142030e-13
-3.265107994007394865e+01 1.625267573649765609e+02 1.697464209001415725e+01 -1.111680113108161549e+02 5.190386745199222105e+02 -1.428854232194735059e-13
-4.301094195543725363e+01 3.348371233129974485e+02 -1.407125605826634818e+01 -9.192874616241950037e+01 4.619347129278029911e+02 -1.362677243111383175e-13
-9.138231516345869920e+01 6.027587609305278420e+02 -3.420946865036509621e+01 -1.551709494173331052e+02 8.191145057044976738e+02 -1.693612523873656911e-13
-2.526171659830610849e+01 -2.982669067992911849e+01 4.944091742972390335e+01 -1.255258195125361880e+02 5.489636418032249594e+02 -1.224667553954294075e-13
-8.116107713693099868e+01 2.515345290505096045e+02 4.055209536353333988e+01 -2.051414535918455897e+02 9.342356765846618600e+02 -1.804899837326930552e-13
-3.383444410063734864e+00 8.419318110335790095e+01 1.442721668701061688e+01 -8.817241346128697899e+01 4.383845607056901486e+02 -1.322347512055349872e-13
-7.685808344272336967e+01 4.700806442494716748e+02 -1.550985223713759464e-01 -1.781796660988140957e+02 8.531272400858557603e+02 -1.704950411717381831e-13
-4.734154248640532359e+00 5.043331324661996007e+01 -2.309076454581004523e+00 -4.891069654522345189e+01 3.065286289144214606e+02 -1.225368222609021558e-13
-5.088151471048507091e+01 -5.591155545106754943e+01 1.133840230146026187e+02 -2.331324901322407186e+02 8.817568465650667804e+02 -1.374922141777091024e-13
-2.721459389126759376e+01 1.967850901610421488e+02 6.592203881202317817e+00 -9.548536593683486728e+01 4.549504342143538338e+02 -1.243893890744724486e-13
-4.170801097190224738e+01 1.706624037630486157e+02 2.625790174369398855e+01 -1.461842472553186667e+02 6.889684766965515337e+02 -1.511860386714517241e-13
-3.850875776408968676e+01 4.675664597827202442e+02 -4.364138853449973254e+01 -8.542927725879152945e+01 5.101346443285060559e+02 -1.409280491161901771e-13
-1.782792989113989890e+01 -3.422778946092288948e+02 1.153731981514226987e+02 -1.520983344645571833e+02 5.348512998012213302e+02 -1.032945153672347527e-13
-9.140595512535799116e+01 1.650533489076964315e+02 9.807779601860161733e+01 -2.777012812754985021e+02 1.116964937647429906e+03 -1.720831067506271204e-13
-4.638417511383926239e+01 1.768792237599023736e+02 5.596389220259274211e+00 -1.112884328621869940e+02 5.822177891149081006e+02 -1.272704805184779958e-13
-5.566690337436008917e+01 3.194077398614545586e+02 1.734719365392083656e-01 -1.516201069104904491e+02 7.832879840814545105e+02 -1.646890299844314587e-13
-1.305677415544671476e+02 8.006184655653983100e+02 -1.678699922912032605e+01 -2.682054465166006025e+02 1.321842548456829491e+03 -2.303824864862636495e-13
-9.772810789241750840e+00 -9.854315487320069167e+01 3.997465233293406328e+01 -8.106465534301183595e+01 3.612683302115187303e+02 -1.107802328359275827e-13
-3.784893200104151134e+01 2.346068930183682824e+02 3.743308339315722932e+00 -1.095410306985203732e+02 5.398861208897210417e+02 -1.319005990402212260e-13
-5.729704952317070621e+01 2.490704407365224995e+02 3.805746486523991479e+01 -1.886459631016403478e+02 8.411383250443420820e+02 -1.525766566003779409e-13
-4.479755068163515652e+00 -2.181835606727154016e+02 7.680162644304191133e+01 -1.014265659301264861e+02 3.501266005870875233e+02 -9.262009212749141744e-14
-3.918542514335202043e+01 9.798894459038685056e+01 3.936144096486752630e+01 -1.465796051854491964e+02 6.610963601121212605e+02 -1.389483538989781035e-13
-8.638141490101833142e+01 3.676370708073044398e+02 2.914387301409010433e+01 -2.043638635815427165e+02 9.167286123365745425e+02 -1.672516455516157157e-13
-3.246184686849218082e+01 2.976577060938988097e+02 -1.217015959614985121e+01 -8.364720977318447126e+01 4.214204687629082855e+02 -1.271504970575072770e-13
-3.571720453691082042e+01 3.188115101989078539e+02 -1.065500000462532704e+01 -1.101518417631411495e+02 5.743396022103491987e+02 -1.548470205913359132e-13
-5.328836312387526419e+00 1.316646300952645277e+02 -1.483443751659224752e+01 -4.226334039111908680e+01 2.823684818221859132e+02 -1.051719371183202688e-13
-3.377513063833042395e+01 -6.893658890288376995e+01 7.258742328989390558e+01 -1.351827095077172203e+02 4.943011102807256520e+02 -1.136017370101284436e-13
-3.454178465438865686e+01 2.079737278889096501e+02 1.225069494842572215e+00 -7.540516603390777561e+01 3.461217867161021786e+02 -1.215817443440139225e-13
-7.923972315260989774e+00 4.509881623831481079e+01 2.469071555659758133e+01 -1.024519492018635134e+02 4.973591453074597553e+02 -1.293376793680045739e-13
-1.741274349870380078e+01 -2.171945190576844311e+02 8.172505740664777818e+01 -1.457653249681682155e+02 6.159312771435184004e+02 -1.202504644592737182e-13
-6.106199413612825566e+01 4.596016543821560845e+02 -3.101942805277914417e+01 -1.127372584807663287e+02 6.186859947611462758e+02 -1.579430036133762875e-13
-2.906142167650754615e+01 2.654185058630791900e+02 -7.579368579281508644e+00 -1.052461083595579936e+02 5.609185345465604087e+02 -1.276253863467145083e-13
-2.426631705488435387e+01 -2.154052634324172573e+02 1.061706186797998299e+02 -1.769340613035428191e+02 6.674832062766897707e+02 -1.272519147856293364e-13
-1.660521067629132475e+01 2.053075231491744717e+02 -8.151403055291247313e+00 -7.188429104119121860e+01 3.845085206412327352e+02 -1.377960258442769131e-13
-1.214303908541859300e+01 1.530511505127274177e+02 2.769130512361464014e+00 -9.311384364849975270e+01 4.956778316823691171e+02 -1.408035116553753872e-13
-2.458917113422292289e+01 6.935568682716608180e+01 2.482627709391161730e+01 -1.134168898232051959e+02 5.523653338443940584e+02 -1.242770364781031038e-13
-1.731776458862396240e+01 7.769107425782837595e+01 1.493536843045793283e+01 -7.344264671667656330e+01 3.408825710753563953e+02 -1.139057668074917134e-13
-6.145411022988028549e+00 2.087511921034691795e+02 -2.853301345996072769e+01 -5.470893197008937392e+01 3.971375526478911979e+02 -1.326328798651206612e-13
-1.275928418562991737e+02 5.484834050872650550e+02 2.646505223439207199e+01 -2.658941769847088494e+02 1.214544599036087675e+03 -2.019673035675039945e-13
-2.891081988692839744e+01 -9.639004252428492237e+01 6.710203706546046476e+01 -1.405674006838639229e+02 5.858525387654948418e+02 -1.217705627620697827e-13
-1.162580599264239289e+01 2.504470808330180489e+02 -7.067641380636493054e+00 -1.008146065214561986e+02 5.388579619476911375e+02 -1.473221272249327938e-13
-4.496448493875745811e+01 1.466031386510732375e+02 3.919571140092896400e+01 -1.518130773515955241e+02 6.615854478899840387e+02 -1.505515160593770473e-13
-2.102398946930543389e+01 2.616607692885667120e+02 -2.964419765130555717e+01 -6.056154155219357449e+01 4.046893374160672465e+02 -1.252360500960621004e-13
-3.257715574167828976e+01 7.052599928179100175e+01 2.198567659474022662e+01 -9.687536542793121441e+01 4.585026764664332859e+02 -1.227165173250279049e-13
-6.013870922451480538e+01 4.640530119591542189e+02 -3.556167723815794801e+01 -1.268787288864627669e+02 7.395969141842690533e+02 -1.637393406662279813e-13
-2.577954276210756746e+01 -1.069081143939824585e+01 4.333273363661820099e+01 -1.094382755515092356e+02 4.658815592257234357e+02 -1.188234351987105394e-13
-6.990521688544113488e+01 4.203211103216722222e+02 -2.483595505282121607e+01 -1.508610751855012495e+02 8.642516835498149703e+02 -1.768773952949695523e-13
-1.408136089195610019e+01 -2.966276949679820518e+02 1.327909087142824660e+02 -2.117858752324934528e+02 7.909160815757763885e+02 -1.388451626446544905e-13
-3.571320495233870673e+01 -1.484461854221600561e+02 9.025547765876177664e+01 -1.731618341225508857e+02 6.948762178999434127e+02 -1.165560519434592356e-13
-1.870249254870665112e+01 -1.191506590070708569e+02 5.993425672503541790e+01 -1.167243900787176187e+02 4.882384268576249156e+02 -1.100529918999021588e-13
-2.358437767096974369e+01 9.325664679816236458e+01 4.594263885623173849e+01 -1.542066614616539084e+02 6.736728678821439189e+02 -1.359967578226598444e-13
-6.590695673249412323e+01 3.540448715514132232e+02 9.803871167817799659e+00 -1.865807073654657984e+02 9.311260116216450342e+02 -1.800113060571818255e-13
-3.593300875951165807e+01 3.898207282922788863e+02 -5.789606935309325131e+00 -1.453986880592411524e+02 7.278892395729837972e+02 -1.885828353414044756e-13
-1.082905895486105550e+02 7.056047117482498834e+02 -4.572065527555981390e+01 -1.746042859393245408e+02 9.478953562954500285e+02 -1.964430883642585737e-13
-5.364243364153799121e+01 -2.569555543267094890e+02 1.450723890046020301e+02 -2.407641524608879706e+02 8.778402512588020272e+02 -1.328906640954346342e-13
-2.777154571597618471e+01 2.146074894781060891e+02 -4.932041568121426245e+00 -6.734034774405290591e+01 3.264855375026918978e+02 -1.333385128231196128e-13
-2.623727344669633510e+01 2.830253106151148472e+02 -1.905792246999003581e+01 -9.560404089672049111e+01 5.567139845069355033e+02 -1.525189367061830116e-13
-3.360446604523862391e+01 1.539072324959432478e+02 1.337768235478496415e+01 -9.272070588468309893e+01 4.244120255756812981e+02 -1.183352942834814251e-13
-6.509312993270454228e+01 2.952609418868423177e+02 2.191014120531362508e+01 -1.694093131362805309e+02 7.813288054668345239e+02 -1.612305668372281985e-13
-5.163140563773158220e+01 2.204129507057227499e+02 5.250786201593277802e+00 -1.394206653701439222e+02 7.415440825075423845e+02 -1.421335155196009191e-13
-7.614184216803975858e+01 3.324072917516672874e+02 2.465059190557863644e+01 -1.819277434549544807e+02 8.206029147717132446e+02 -1.518893034404169313e-13
-3.703027498579012189e+01 1.795574902734045963e+02 1.615843621345417702e+01 -1.004721746486969494e+02 4.398355271137621116e+02 -1.201324482651846709e-13
-1.862449320421319854e+01 7.514633861267289205e+01 3.255121117592102564e+01 -1.136628245833465343e+02 5.002483134829324740e+02 -1.347701891304137279e-13
-1.282796296827491522e+00 1.900847946545126774e+02 -2.012868285405897240e+01 -5.561776791369470629e+01 3.631118244913304807e+02 -1.243793271983954605e-13
-3.221079813042866391e+01 2.051290835448545522e+02 2.017621226101101684e+01 -1.421255648255957738e+02 6.753097793880089057e+02 -1.483928981350353494e-13
-1.284957951402384602e+01 1.541268441409158356e+02 8.292878966870201651e+00 -9.016345509991656115e+01 4.396480746868434153e+02 -1.381087818784240227e-13
-3.216786390971784471e+01 2.776154321914876846e+02 -2.396967279310208099e+01 -6.711735758898038284e+01 4.006590222908378678e+02 -1.307872497700751361e-13
-4.863058252357581779e+01 1.051326118598576054e+00 5.710501919451231601e+01 -1.658423943470140216e+02 7.481771775912202429e+02 -1.382060604831828088e-13
-1.829849090814795787e+01 -7.209533966301087560e+01 6.080248003472046747e+01 -1.370770265141972004e+02 5.848927951177284967e+02 -1.212461706215055750e-13
-2.369572185016071231e+01 9.278342014642937841e+01 1.485067136330832094e+00 -7.395024561351971215e+01 4.194007734186200196e+02 -1.228356033610200853e-13
-3.541534213157861899e+01 1.391171011350862159e+02 6.331295972747474465e+00 -8.759575871595183116e+01 4.459980915103624284e+02 -1.144309076264969657e-13
-2.203788891844581954e+01 -1.458336676244767034e+02 9.628013180666110316e+01 -1.657257955844452795e+02 6.043487791113371941e+02 -1.173039666713045960e-13
-1.902896642082041723e+01 1.710222673835575620e+02 -2.068117139866239906e+00 -7.665963073088583712e+01 4.028416007663740288e+02 -1.158301357658563625e-13
-3.728379968955668744e+01 4.354588109052271534e+02 -2.021642881135460712e+01 -1.251480680453317547e+02 6.506420022037498256e+02 -1.632748214767013791e-13
-1.060705636160874832e+02 6.822061597470670904e+02 -4.030542813120190004e+01 -1.800513376281120372e+02 9.670185238081900252e+02 -2.107764424330023768e-13
-5.381273486342713142e+01 1.402268912008275947e+02 2.603222897564214833e+01 -1.308880304902027092e+02 6.099654552251822679e+02 -1.262397532670098154e-13
-1.462619541775252685e+01 3.980067237895681842e+01 1.663250324675632541e+01 -7.322030317421224765e+01 3.563801680685004385e+02 -1.143496528649643231e-13
-5.063941211033770884e+01 3.672438769226577620e+02 -1.101354155189210893e+01 -1.208630586557341786e+02 6.130248797039580495e+02 -1.512278426338023806e-13
-5.082458575494188580e+01 3.258220553693218449e+02 -1.518366674462802379e+01 -1.173573250197491120e+02 6.466507184723614046e+02 -1.414731469911525623e-13
-3.284446372968626093e+01 3.285311238054158594e+02 -6.102206844013960740e+00 -1.056516271838143410e+02 5.077556153632955329e+02 -1.486164301615654038e-13
-4.488743466701114926e+01 2.788751826785917274e+02 -5.366320179189775885e+00 -1.227364056651973669e+02 6.544232117470377261e+02 -1.431281527398562059e-13
-2.695037890824315241e+01 1.091313153910025591e+02 9.991017296146029736e+00 -9.245582923605601877e+01 4.772716741341292277e+02 -1.253366757584482077e-13
-5.151272278323534692e+01 2.084323075492635553e+02 3.007030198035818724e+00 -1.103076855347652270e+02 5.690116982062099851e+02 -1.359885362927302979e-13
-7.465880631320216310e+01 2.221688714916133449e+02 5.453063182288289568e+01 -2.212984838918434036e+02 9.748660780571273108e+02 -1.828833284267520462e-13
-1.117306313594402667e+02 7.626272323312729213e+02 -5.648558082211143727e+01 -1.716260071091834618e+02 9.549256363522039237e+02 -1.936843642977313382e-13
-4.449045391959607088e+01 1.854018138817519343e+02 -2.537424723416622285e+00 -1.026463252702198758e+02 5.699803657672985082e+02 -1.331461612555082570e-13
-1.160407761353515212e+02 9.367926201073009906e+02 -6.745037259069890467e+01 -2.337706807776319806e+02 1.314893055473007507e+03 -2.359694455373572013e-13
-7.601446346732679160e+01 -4.933182548319085647e+00 1.397774869389448611e+02 -3.138545914874816276e+02 1.217789062511432348e+03 -1.791804756968935788e-13
-6.991611425884330799e+01 5.368244507391815432e+02 -3.502413585694167608e+01 -1.205391427451456394e+02 6.400047754274148701e+02 -1.676852807143692945e-13
-1.173165984418463381e+02 7.859196976136780677e+02 -3.658411985022214452e+01 -2.301432196018237732e+02 1.203648264052047125e+03 -2.142575099472858600e-13
-1.371596640601531902e+01 -4.456935650189186049e+02 1.611505263239060071e+02 -2.157604493563768813e+02 7.455160257012485090e+02 -1.184625737147972586e-13
-1.181854151476629937e+02 7.269056154628601689e+02 -4.003765359148027159e+01 -1.909209119612547738e+02 1.005499898007565662e+03 -2.058820530121261981e-13
-3.330534892121551849e+01 2.473667708917844550e+02 -5.195091918440435386e-01 -1.010396714509823255e+02 5.006679981912843118e+02 -1.469236946860785623e-13
-3.387779016363288775e+01 2.225851765985802899e+02 4.302397418383717032e+00 -1.362823796412914703e+02 7.249262366780670845e+02 -1.637076278323977428e-13
-3.104641320083332801e+01 3.276755586371079403e+02 1.139057236234947146e+00 -1.358904367071102683e+02 6.652680374844150037e+02 -1.617893942272106773e-13
-4.990862303359389074e+01 3.222200647657089689e+02 -3.552651574642343490e+01 -9.090779132120972861e+01 6.018637473457573606e+02 -1.460928577179271090e-13
-3.177961795773163090e+01 3.454524712552628216e+02 -2.364239785509956349e+01 -8.392561706712039893e+01 4.616660386604194741e+02 -1.368050759857840981e-13
-3.553388060145992000e+01 1.402715506856047227e+02 7.432742629920906730e+00 -8.554100261982569009e+01 4.242754362543168440e+02 -1.096709400915403621e-13
-7.056959377080748652e+01 4.360818133369435259e+02 7.844629553784673526e+00 -1.855540364199216583e+02 8.764398301796252326e+02 -1.892062368581991582e-13
-2.599712470676751863e+01 3.958256236217073933e+02 -4.000613246881047047e+01 -7.217055592238099848e+01 4.504654906273595998e+02 -1.422225504251310578e-13
-6.233678485056690732e+01 3.080065442982966033e+02 2.132320027273731711e+01 -1.659276392587466944e+02 7.523086458419417113e+02 -1.580611929679360642e-13
-7.303395599831431184e+01 4.488025893888585642e+02 -1.044364753792452305e+01 -1.526831239524566968e+02 7.633078706320594620e+02 -1.622233118937509363e-13
-3.806386319920366645e+01 -1.366418144307515092e+02 1.044752715399403940e+02 -2.145803235332484746e+02 8.735100557196699356e+02 -1.229756289092833891e-13
-2.176637978374654736e+01 -1.735456426260512615e+02 1.083924307725633582e+02 -1.854570128398060831e+02 6.797531760137161427e+02 -1.260091664106104532e-13
-2.035734943282479037e+01 -3.229758224970379388e+02 1.348628423424920868e+02 -2.003636063143771935e+02 7.202250567690655316e+02 -1.214928114287473160e-13
-4.296653548363085662e+01 1.246618328417643085e+02 2.868808138799827390e+01 -1.380170098778223178e+02 6.523199098344623508e+02 -1.369154532492670867e-13
-6.673506861462530537e+01 4.836201583118952954e+02 -3.279677741365760113e+01 -1.102577000623175110e+02 5.957410294646956572e+02 -1.484891014436330178e-13
-2.290388193856893295e+01 2.190070847732377786e+02 -1.325250879162099160e+01 -5.702889785614147655e+01 3.072541181492396163e+02 -1.043796927502142540e-13
-1.126511122504669373e+02 7.643368151589663739e+02 -4.443876209108401554e+01 -2.047202382371037857e+02 1.098948086542885221e+03 -2.159161932422758451e-13
-5.522370272726367801e+01 2.680366283480299217e+02 3.044095887712203208e+01 -1.901763425580892601e+02 8.862929157790326826e+02 -1.615075944102526062e-13
-4.241430167517002303e+01 1.846578956406946475e+02 1.223432058215522389e+01 -1.212863464804489411e+02 6.011675749962396367e+02 -1.312692364783278584e-13
-1.294213876164964638e+01 1.453693013621198205e+01 1.360258577648013123e+01 -4.518637338540671777e+01 2.059111299827445976e+02 -9.636092276191680284e-14
-3.662491943493923685e+01 2.838247079890212490e+02 -1.922463990354612573e+00 -1.260090393243631866e+02 6.507118355354133428e+02 -1.508489808191070342e-13
-3.390484127603831155e+01 -7.492436506021668663e+01 7.261002325664711066e+01 -1.498857652246207977e+02 5.974085649948423224e+02 -1.164107917058672561e-13
-7.813713688345650610e+01 6.159736084163794203e+02 -4.892203333384649966e+01 -1.527876256624461746e+02 8.876683045835355870e+02 -1.901320281432991780e-13
-2.950107732877005162e+01 5.016729692808948471e+02 -5.210958332489301625e+01 -1.007575528330174564e+02 6.423743881421074775e+02 -1.712044698740277063e-13
-2.882774984096758430e+01 6.752467187465674670e+01 1.411270313467065307e+01 -1.021697031918221228e+02 5.467639061834332779e+02 -1.367879000820107271e-13
-5.904797866037230847e+01 3.349027672747903353e+02 -1.706478780283332242e+01 -1.016880735968573362e+02 5.466843623229580089e+02 -1.347236495148171382e-13
-4.891992792852396832e+01 4.825279962948699364e+01 5.168865420733389726e+01 -1.401482794972711758e+02 5.754331503512194104e+02 -1.245053028594569554e-13
-2.785146827498755684e+01 -1.247275831823859420e+02 7.647145939583593588e+01 -1.365087882578166045e+02 5.193588001350310606e+02 -1.193699423108383821e-13
-8.136312048453187629e+01 4.695752672482250887e+02 -1.431266564243269990e+01 -1.391632003647892759e+02 6.819324556374846225e+02 -1.784643976601965694e-13
-3.592964224383375438e+01 2.172468794280801205e+02 4.112169378463147673e+00 -1.264189623696412355e+02 6.637606048542409098e+02 -1.421481893424691787e-13
-4.680083457545158154e+01 7.499848664171383916e+01 4.353303368870994916e+01 -1.515837927133426888e+02 6.849127898703918618e+02 -1.333686430291779221e-13
-1.390813712690986392e+01 -1.503640432400152349e+02 7.130634728188145743e+01 -1.113961632633457270e+02 4.024887679994376413e+02 -1.058128828612773307e-13
-1.590446434815494037e+01 1.357906256869704009e+01 3.063008513000889721e+01 -8.134001772085559878e+01 3.405413768897027467e+02 -9.652048719028360889e-14
-1.923175993084682034e+02 1.307052235449969430e+03 -1.053635298038129235e+02 -2.556271807034968901e+02 1.432489409526002873e+03 -2.794501973485428751e-13
-4.428840044746056748e+01 1.174464121652797957e+02 3.214914922480362236e+01 -1.468562172521073705e+02 6.948698483773765702e+02 -1.514702125703826812e-13
-5.865430973534042636e+01 3.319130632284656599e+02 2.313832657580920049e+00 -1.569564806369164103e+02 7.962479364022877917e+02 -1.613199526658130148e-13
-9.350102391238804955e+01 9.764919633757227757e+02 -6.877201433631798011e+01 -2.349809888988515070e+02 1.302300325686736187e+03 -2.457816519449464645e-13
-6.778370049478893655e+00 5.333488632455229350e+01 3.108573039073791122e+01 -1.150596890106291283e+02 5.350751754946032861e+02 -1.183137039482971145e-13
-1.714281359583339963e+02 1.193817335960392711e+03 -8.282341717114924506e+01 -2.742287312083699931e+02 1.496369716099286961e+03 -2.660088583225056096e-13
-6.590787740702174347e+01 -1.286403668439902219e+02 1.548497750970659297e+02 -3.061797872358457653e+02 1.160580518050802539e+03 -1.738526307866947865e-13
-9.257270510514071304e+01 6.184061743931486035e+02 -4.071791116287666057e+01 -1.449734565495670040e+02 7.807622702655248759e+02 -1.897393745169736015e-13
-2.310231496015175523e+01 1.424981567520070769e+02 9.650053420031394324e+00 -8.694322805866812587e+01 4.178534476394083867e+02 -1.165839972675891670e-13
-7.287781472086463452e+01 2.804587861773226791e+02 1.438244934884544968e+01 -1.575035136238166729e+02 7.604211259502666280e+02 -1.623289064299041351e-13
-2.374970701489135294e+01 2.459949859953977409e+02 -2.993504794452032769e+00 -1.278662757341518272e+02 6.978877211271459373e+02 -1.512919297032881816e-13
-1.479833292799414401e+01 1.364347209525311939e+02 3.964703721459009955e+00 -7.672072354757332846e+01 3.900267726428183437e+02 -1.187074280775514789e-13
-1.053137027581677643e+02 4.634350882834893923e+02 1.905284174278298792e+01 -2.100502672630721577e+02 9.491712254730279028e+02 -1.789153128074411871e-13
1.850232195590323717e-02 2.258064105055890423e+02 -2.229277436836963133e+01 -4.883964308378816810e+01 3.051384252634804852e+02 -1.271970036700422403e-13
-6.017189566230034536e+00 8.950168503367339667e+01 1.289061422508591548e+01 -7.831391338671674873e+01 3.780501464142427608e+02 -1.299463164775818431e-13
-2.274599711053216922e+01 2.738467999353255777e+02 -1.409965263824445536e+01 -8.824259876945266967e+01 4.821955397504419238e+02 -1.322767813915306358e-13
-1.638775655704007761e+02 1.099675434654956007e+03 -8.516756458750913339e+01 -2.539368014728515561e+02 1.444217005326101571e+03 -2.520950143901117435e-13
-5.842713266014705198e+00 -3.494370685481769989e+00 3.235060247706657321e+01 -1.036225675927368997e+02 4.918769777951878837e+02 -1.206337679036189841e-13
-2.132077285503910602e+01 1.673057737927889548e+02 1.149924158219804760e+01 -1.107432073312654239e+02 5.477609113281129112e+02 -1.387238648047929921e-13
-7.353085904552825980e+01 4.044215396119203660e+02 -8.086219892377359386e+00 -1.524369790692310289e+02 7.791875698448380945e+02 -1.497922767313937187e-13
-3.110177301400821293e+01 5.132916290662565473e+01 3.159067173638883830e+01 -1.072329264677508007e+02 4.806951338130584190e+02 -1.176734136238804314e-13
-8.671060262421376308e+01 1.182954483075183845e+02 8.204982240561341200e+01 -2.498634951623236589e+02 1.066932373679983812e+03 -1.690803434537225182e-13
-8.811799041646052899e+01 6.517908968828802472e+02 -5.005007502580641443e+01 -1.429520144745361279e+02 8.024288493349423561e+02 -1.795222690376105561e-13
-3.632094218639574734e+01 2.624113203842404687e+02 1.901905013186684101e+01 -1.512421368328787423e+02 7.018834878795395298e+02 -1.528439584248844365e-13
-5.995782204525951187e+01 4.120024376727400295e+02 -2.469221810152821917e+01 -1.050015350585186695e+02 5.611372223367711740e+02 -1.634906835301320499e-13
-3.740123350755979459e+01 1.302314234228250882e+02 4.849082138193184477e+01 -1.680731194210063109e+02 7.233682118032833159e+02 -1.511280196200677115e-13
-5.186647046038277153e+01 9.658771316520692096e+01 6.477617304092498784e+01 -1.768600434797446610e+02 7.028113403042794971e+02 -1.409277892178319097e-13
-7.990978220900076678e+01 7.007287631619853983e+02 -5.387131907072897974e+01 -1.620952797044801628e+02 9.196240424739650052e+02 -1.921398017038196614e-13
-5.284100411354467042e+01 3.823047586704856258e+02 -1.568244720943875770e+01 -1.132189102407728996e+02 5.804800067428667489e+02 -1.482484330386389348e-13
-1.321872592292179149e+01 8.005209981758996207e+01 1.850505643934556588e+01 -8.104517978504451037e+01 3.673783879423352232e+02 -1.038646036638789045e-13
-1.166690060165348797e+01 1.797561730741713504e+01 1.557074682694383050e+01 -7.180294073175033986e+01 3.697095190219301912e+02 -1.285895885376877281e-13
-2.067278027348011094e+01 2.257500874348471598e+02 -9.441196439425384668e+00 -8.400416989189587014e+01 4.592203630735383513e+02 -1.265561130680373267e-13
-1.632528988965185306e+02 8.954072232602170516e+02 -5.244172577656522449e+00 -3.133469120306782543e+02 1.481625113775057571e+03 -2.422836986889814531e-13
-7.545809419426533715e+00 -1.547288964586544466e+02 6.600749204691530281e+01 -1.039254684619386211e+02 3.894358845575698638e+02 -1.071246413602844311e-13
-3.427785538683180278e+01 3.693693339559556676e+01 4.194714552168135668e+01 -1.190921188742150605e+02 5.046326036860006070e+02 -1.082773850778046736e-13
-6.767022860819572827e+01 1.371651182595970226e+02 6.742732743162508768e+01 -2.271526485706867788e+02 9.940884134806607335e+02 -1.655487280170779558e-13
-1.370902789461131732e+01 -2.943671017569676565e+02 1.121155080813294092e+02 -1.501864595676561009e+02 5.076370854072147836e+02 -9.892049590823121326e-14
-4.728241192654883207e+01 3.217444636392838220e+02 -8.646984139928743929e+00 -1.036972220720990805e+02 5.159182322285482769e+02 -1.436193829326211451e-13
-1.483283967797672176e+01 1.838581088795039165e+01 2.374904461258727650e+01 -9.315031164822866572e+01 4.605084301549491670e+02 -1.241242559895374540e-13
-9.254657665043687587e+01 6.066952739535701085e+02 -1.896353969661811334e+01 -2.026378740157083485e+02 1.037622063255251987e+03 -2.001419536545540054e-13
-9.249737296883099091e+00 3.693386441649640801e+02 -2.862229449271950088e+01 -8.408432221502977200e+01 4.770813422273934634e+02 -1.557276508394900893e-13
-1.242450014595072503e+02 8.335469159020152574e+02 -2.305975625656667916e+01 -2.679886354439533989e+02 1.336368631418256882e+03 -2.302267044800142192e-13
-8.906738472431216280e+01 4.221381484396381438e+02 3.104939289851796502e+01 -2.394045804594181561e+02 1.100005428127713685e+03 -1.962677435616835951e-13
-5.417069290054285347e+01 4.296664723738408043e+02 -3.684338391400158486e+01 -1.002998924946873274e+02 5.944158136656706120e+02 -1.518607705679756577e-13
-3.600425909265609459e+00 -1.086424025329148151e+02 4.636333714179946952e+01 -8.028920933372698698e+01 3.225366013919912120e+02 -1.039095869085120026e-13
-8.457845448599108806e+01 5.159553360101607495e+02 -3.111994946265100381e+01 -1.407386757217278443e+02 7.661324744835455931e+02 -1.890640486603505740e-13
-7.849007921927441345e+00 -1.223141271324025041e+02 6.214642593935684545e+01 -9.664295580840567368e+01 3.413801830333415523e+02 -9.728662855666119591e-14
-1.028555750342679254e+01 1.594361454031412961e+02 5.464157291245385295e+00 -1.027272731178920679e+02 5.383389880085123878e+02 -1.326251635249466488e-13
-6.350056779134593654e+01 5.489103772603577909e+02 -4.660956899852355662e+01 -1.324898299078157322e+02 7.857133045198556829e+02 -2.005995541409940466e-13
-7.261021294136020288e+01 5.705465303238106571e+02 -5.053319789463814971e+01 -1.382915520765249937e+02 8.339514599575293232e+02 -1.795372406732069318e-13
2.853351876899909101e+00 -1.554618792096472077e+02 4.134724163291004118e+01 -8.166243022428056975e+01 3.983556902485353248e+02 -1.161477929787820924e-13
-4.316477952552003927e+01 1.550055232004547463e+02 3.305939842294784370e+01 -1.406143028420517567e+02 6.194455443429824300e+02 -1.360227114232109084e-13
-5.144340878329347788e+01 4.022544199425029205e+02 -1.552415399308949873e+01 -1.280432482774718324e+02 6.644551932207992877e+02 -1.668631365271775663e-13
-1.054114285594051070e+00 -5.478077031934508767e+01 1.685062169526511155e+01 -4.146721904282424731e+01 2.110756064546499147e+02 -1.042487810236172295e-13
-2.573707714293125903e+01 6.149223603399036620e+01 3.654692725327516456e+01 -1.126259349208528704e+02 4.777108205243777093e+02 -1.136943170434369203e-13
-3.730956661183107759e+00 -9.798958499545400969e+01 5.042960059145391938e+01 -1.001867399221201538e+02 4.224096009938164116e+02 -9.989521117432866102e-14
-5.218227443905811214e+01 4.156475892216329839e+02 -7.209267496813645870e+00 -1.419908185495733051e+02 6.950806368825875552e+02 -1.668503551741334933e-13
-1.530604098559746262e+01 5.666523391803433896e+01 -1.530531776714629189e+01 -4.723401974113844659e+01 3.739690097612419777e+02 -1.050478158896895090e-13
-4.552018974154730557e+01 5.552001274918903846e+02 -4.303362401932116654e+01 -1.126682489159086060e+02 6.249080430338478891e+02 -1.691509961323561314e-13
-9.926829096260125596e+01 6.120021798261695949e+02 -2.374406301991346524e+01 -1.850907655809102152e+02 9.463897748832912384e+02 -1.805102754099113745e-13
-8.916266063717988288e+01 6.909131033838048097e+02 -1.944270113809279721e+01 -2.216212261333854201e+02 1.106372131081834596e+03 -2.122727405801258860e-13
-2.428844328424436227e+01 5.802093519862502546e+01 3.775914699509208106e+01 -1.198258328170623059e+02 5.208992810579668458e+02 -1.241381980694410884e-13
-1.477500651900980131e+02 8.931815737683036787e+02 -5.355519340693663821e+01 -2.209720544076510862e+02 1.171867975434533719e+03 -2.303813937662597441e-13
-3.616462098548626614e+01 1.162285068191017103e+02 2.989849740857480143e+01 -1.179754390586541746e+02 5.160263498878415476e+02 -1.356412791984472315e-13
-1.744531970377573771e+01 -8.838978485562525123e+01 6.295853145984358434e+01 -1.191176165955384079e+02 4.623188345633760150e+02 -1.076428391807277898e-13
-5.414208135860244653e+01 5.502584938795131819e+01 8.443031113776363838e+01 -2.106645825863264747e+02 8.346795557227615063e+02 -1.383200647064747198e-13
-3.277755062714221168e+01 1.606593196499023861e+02 3.654925083157142751e+01 -1.563916661862642457e+02 6.989901598261814115e+02 -1.499961551656763743e-13
-2.425089773240471303e+01 1.395008407659008220e+01 5.824050786009372160e+01 -1.623017123982935175e+02 7.076081405596046352e+02 -1.448353488917581256e-13
-1.012250125959329381e+02 6.060485538702984059e+02 -4.949772735693631631e+00 -2.379943836630751548e+02 1.185980169563561276e+03 -2.169134165411664040e-13
-4.382976228956892584e+01 3.911224451865572860e+02 -2.644565993763032452e+01 -1.062839640056669737e+02 5.963552359454208727e+02 -1.604742962975085591e-13
-2.560312441526292560e+01 1.697865817857060620e+02 -8.363229197225544809e+00 -6.192235453999106198e+01 3.450194332397340418e+02 -1.089146291998404224e-13
-3.050584172936651939e+01 -1.306487421812329046e+02 9.902206029932905551e+01 -1.765229236510609780e+02 6.481946131346927586e+02 -1.198031433161156491e-13
-7.640371954422897183e+00 -1.166798892422342391e+02 6.318558757624357014e+01 -1.136135542064320845e+02 4.446683969764468998e+02 -1.091714536299547213e-13
-1.170467528701770199e+01 2.443578213707684199e+02 -1.957106164160361672e+01 -8.155980149575736959e+01 4.940253330557146683e+02 -1.476241991563068825e-13
-1.487087953312735920e+02 9.112949518679283756e+02 -5.181578884376920513e+01 -2.234970950773751213e+02 1.164372348481640984e+03 -2.155154065181740582e-13
-8.019588616918868240e+01 3.824880265668487596e+02 1.717171386563937574e+01 -2.040870278240284108e+02 9.806768298848334098e+02 -1.823173175313973012e-13
-1.908812562464352993e+02 1.168137276750700266e+03 -6.238327752479787591e+01 -3.111816214403924619e+02 1.632684819453918635e+03 -2.684728435498115298e-13
-6.109492501819156018e+01 3.060468388192950329e+02 1.197604869927535098e+01 -1.418332742655710206e+02 6.516730238039848473e+02 -1.460050653527586035e-13
-1.737302771177532890e+01 1.382317776922660642e+02 3.993264476473448621e+00 -8.331341356606650095e+01 4.328443156636213871e+02 -1.269144556395438221e-13
-5.611991458753715278e+01 6.132462044905226861e+01 8.773858669285888823e+01 -2.085334473243297282e+02 7.945154036403048394e+02 -1.403178662740050621e-13
-1.329837032217247099e+02 7.780607804004310992e+02 -2.282014405457620043e+01 -2.667583431927815241e+02 1.367373801274626885e+03 -2.279500340960907147e-13
-8.770846760666013608e+01 7.074032620773357394e+02 -3.610351781700253326e+01 -1.895239811978872808e+02 9.852381534961047009e+02 -1.915991817788447964e-13
-4.256193772154690436e+01 1.806622235794676214e+02 1.838182318476837551e+01 -1.336130293207695559e+02 6.475773441505998562e+02 -1.538719335096454723e-13
-1.789206170732795087e+00 3.658208193841908695e+01 7.942754030519908248e+00 -6.226813766541195605e+01 3.408115295371432580e+02 -1.054098908447584119e-13
-7.582144224599733029e+00 -1.297777840094492774e+02 4.573995206109683664e+01 -8.131123127983377685e+01 3.489489177766729426e+02 -1.065616548868842513e-13
-5.133630267002135206e+00 8.431278093269643392e+00 1.808509847177063889e+01 -6.716096389373892350e+01 3.294067463793595607e+02 -1.092020583394054731e-13
-6.329867698961695055e+01 4.362679605281529120e+02 -3.695298757643554666e+01 -1.170154328258857248e+02 7.026405808952287089e+02 -1.627652736044987688e-13
-3.733188283189393530e+01 1.135529439615079497e+02 3.570598093660070305e+01 -1.241634866242090567e+02 5.223745974837549966e+02 -1.365509350117017969e-13
-1.561802663481255138e+01 -5.429792709182891031e+01 6.443391932265956257e+01 -1.333908063687804884e+02 5.237449456470518498e+02 -1.159591455798871721e-13
-5.338694647656109282e+01 2.330546744245998525e+01 6.064317466028903425e+01 -1.723203312760562653e+02 7.526823524559164298e+02 -1.413179845447590251e-13
-6.382090188442353451e+01 2.023932046724100360e+02 2.722572099552099090e+01 -1.627835143615389200e+02 7.710225047959742142e+02 -1.587144343157236510e-13
-7.755174839894411321e+01 4.808753750761027845e+02 -1.186538325973171482e+01 -1.596029605568009799e+02 7.953512249433163106e+02 -1.655944148632806341e-13
-3.344363312995789528e+01 2.227630137660367495e+02 -1.679185505232787756e+00 -9.833756947067557519e+01 5.080315289448805629e+02 -1.289208219908675766e-13
-5.478319647892911348e+01 4.280862750603918130e+02 -4.823913943359587364e+01 -1.012011897893755190e+02 6.746759714321943875e+02 -1.526704661732842905e-13
-5.791022782533534752e+01 5.249027601811555996e+02 -4.397482991354343085e+01 -1.021064167483185088e+02 5.822185393803055149e+02 -1.535535699904043848e-13
-4.663871776072380726e+01 2.236276487816307394e+02 1.418018167495221071e+01 -1.200887014480076971e+02 5.519806016048771653e+02 -1.361347429868354459e-13
-4.646071762858459664e+01 2.271715185847843941e+02 -4.649347299529264177e+00 -1.064163538842160079e+02 5.781388329472130181e+02 -1.402610322162818466e-13
-1.350413851463303274e+02 6.709283833904713674e+02 2.779477910366063842e+00 -2.474013488660057192e+02 1.151962446925782160e+03 -2.072067870902985342e-13
-2.614710042659828559e+01 -5.023512727218957963e+01 4.762916385043761380e+01 -1.176043197815474173e+02 5.223308895643558571e+02 -1.182217100214056033e-13
-5.835209686574728494e+01 3.860045877801500751e+02 -9.004172851386217147e+00 -1.451328084959727960e+02 7.495116766736598493e+02 -1.651240748544797622e-13
-8.194542599483123979e+01 5.640235035347495796e+02 -1.444441103459570463e+01 -2.000991899028884404e+02 1.022976945735131835e+03 -2.028197607327416241e-13
-2.309379632790900772e+01 2.319387620087512687e+02 2.221536289331804248e+00 -9.459926593859896116e+01 4.511491752771554502e+02 -1.409709860511229737e-13
-5.099728867493821127e+01 2.135826053063263430e+02 2.668902863342888310e+01 -1.433266652028374892e+02 6.354244504512317917e+02 -1.429754597509478751e-13
-6.271881311215946653e+01 4.338283770157617596e+02 -3.305394518143051386e+01 -9.780579202403953332e+01 5.502993004637143031e+02 -1.529297713313865144e-13
-4.134679739437953572e+01 -4.707173298047774956e+00 6.484453749060473626e+01 -1.711728816240377284e+02 7.386447621768397767e+02 -1.320352024393533966e-13
-1.983363110030632370e+01 -4.077060796399041465e+01 4.808493261613296710e+01 -1.287025102152634872e+02 5.870609412318453906e+02 -1.123716867825023750e-13
-6.764988548198773799e+01 4.567285500391365645e+02 -2.402118793348177306e+01 -1.334273729777321762e+02 7.150444928005223346e+02 -1.771740707523009289e-13
-6.640982274776295924e+01 2.484682952497207680e+02 2.701045001171086923e+01 -1.724224351134319591e+02 8.033143815325717014e+02 -1.503298561917573966e-13
-6.187033423959250200e+01 3.698016007299042940e+02 -1.602222367161131444e+01 -1.372955424920001519e+02 7.537205261579476883e+02 -1.655897311943917691e-13
-1.552062343547502898e+01 2.480022024446331130e+01 7.393646890822045847e+00 -6.251112961326354878e+01 3.546305284724391527e+02 -1.103166937772787225e-13
-7.358996005791219375e+01 1.032928849118130614e+02 8.595289287408481016e+01 -2.456160991309166945e+02 1.024396405049333680e+03 -1.590769124994468629e-13
-1.362661843051636801e+01 -1.390953020903687332e+02 6.735678805192709717e+01 -1.130889862166137760e+02 4.308947653029671301e+02 -1.077039843709520716e-13
-2.835495628556290981e+01 1.882132257030600044e+02 -8.369860177983854399e-01 -8.494633563516200070e+01 4.380175543753654779e+02 -1.345760950162424270e-13
-4.665624468323017027e+01 5.629311364070746748e+01 4.895410666164480773e+01 -1.543623577848032653e+02 6.826063504104580488e+02 -1.292940535587332847e-13
-4.808749961794747918e+01 3.632920868352451862e+02 -2.196463632499100527e+01 -9.079749229694560597e+01 4.839904608333721967e+02 -1.491668587692254957e-13
-8.425237170565227984e+01 5.290941804897640850e+02 -1.076373833662268531e+01 -1.655940597354379236e+02 7.931016870884052423e+02 -1.653613842954751272e-13
-1.519767812314194657e+02 1.136679271205385930e+03 -9.507962271689734735e+01 -2.169186846081946385e+02 1.231657006486918817e+03 -2.494681471016053683e-13
-2.255077985211174152e+01 4.624218335504201605e+01 3.830598779029008938e+01 -1.321261980218476708e+02 6.087530176920910208e+02 -1.152928974365136537e-13
-2.626231595866324042e+01 1.943331808156344493e+02 -1.809915049191672409e+01 -7.329756820229967218e+01 4.658397670006602880e+02 -1.284286570616431282e-13
-5.748585243336484751e+01 3.533893231873686318e+02 -4.535880951732221611e+00 -1.458128214751023108e+02 7.494346270793074609e+02 -1.720957862178015754e-13
-5.594360972722522973e+01 3.377739351498380529e+02 -8.459267088597698603e+00 -1.187377389941350572e+02 6.040416409985843984e+02 -1.562006926747858198e-13
-6.811845998789335965e+01 4.376146519567943756e+02 -1.770717908273169172e+01 -1.158466113133108166e+02 5.704405092286697254e+02 -1.501371922419046940e-13
-4.492287750801656188e+01 -4.001211385560586109e+01 8.045474803187303792e+01 -1.900597696772051677e+02 7.915386145158206546e+02 -1.351889633591191893e-13
-5.311817485514325909e+01 4.418085487484086684e+02 -2.344153967035713393e+01 -1.277809556450749398e+02 6.843429420323166141e+02 -1.618680028457149964e-13
-7.417873914846196293e+00 -1.063522731499899692e+02 2.163724575194875044e+01 -6.346919853055581484e+01 3.662480501167654552e+02 -9.124524580150529189e-14
-3.289256505392979335e+01 1.574975956551202216e+02 8.617968915516222239e+00 -9.212230597895400308e+01 4.482544505461116273e+02 -1.185535868259481294e-13
-1.954448359900807120e+01 -9.547719784650160690e+00 5.108229694449154579e+01 -1.268285235626110818e+02 5.322856882683064441e+02 -1.165922683542199092e-13
-9.313523619003849774e+01 5.759689888093593026e+02 1.319992726455854992e+01 -2.399584191390584067e+02 1.104982609619070899e+03 -1.959170499616742097e-13
-9.105403641707198403e+01 5.387523730983775749e+02 -1.986198194095323899e+01 -1.704543282524856807e+02 8.769862258785997255e+02 -1.766664272740001819e-13
-2.112960660238990229e+01 -1.016633891087914243e+01 4.233789204764249092e+01 -1.180367250520469895e+02 5.296790405101339729e+02 -1.252485734606528085e-13
-4.377792967342724495e+01 1.173688689009444204e+02 3.597745320183165774e+01 -1.249507988688759497e+02 5.231209732658475104e+02 -1.295633576451123744e-13
-3.816309118726986327e+01 2.431411587818837461e+02 -7.991821485584233997e+00 -9.609557231863084326e+01 5.184291759277240317e+02 -1.461578791772242688e-13
-4.064737627764871775e+01 -3.613048102687136520e+01 7.471383448134361061e+01 -1.718300213197667574e+02 7.029207063568118201e+02 -1.352681911432354733e-13
-5.996140691799379852e+01 5.608015019464096440e+02 -2.943925547259903297e+01 -1.593254013157285272e+02 8.473322631140299563e+02 -1.792736150906284446e-13
-1.115034831786534681e+02 7.127992678063731091e+02 -5.008939825293204251e+01 -1.640944710241251130e+02 8.999468702125426489e+02 -2.085738589630010927e-13
2.641002006359005616e+00 -2.152456292515076655e+02 7.137355199173222786e+01 -1.046766075271597742e+02 4.046055423410107892e+02 -9.879050614910810117e-14
-3.291002082105836735e+01 6.053046706268317934e+01 4.192694082819022583e+01 -1.373719129208006109e+02 6.103025242639079124e+02 -1.239728648429898801e-13
1.193519764848254006e-02 4.409441727886430584e+01 1.336724352197069265e+01 -8.176741203624506227e+01 4.316117717152187652e+02 -1.174342007340895596e-13
-1.101701929479638551e+02 6.817465517096114809e+02 -4.980092088776404324e+01 -1.611612934944911899e+02 9.012187298551731374e+02 -1.896805234792191347e-13
-2.901339705759579246e+01 3.324843825308237228e+02 -1.208278105470756536e+01 -1.039596929946776669e+02 5.318041553375717285e+02 -1.332989627745185255e-13
-2.514531115056269073e+01 3.382002611581388010e+02 -1.768351909474951711e+01 -9.458757096807387654e+01 5.004881458998817152e+02 -1.347808741582847906e-13
-3.766889692475619000e+01 8.057417947791702773e+01 2.931218654312597494e+01 -1.158501600565935092e+02 5.317210903368172694e+02 -1.115581454507916166e-13
-3.107389261548675563e+01 1.943936169100747122e+02 4.795834539760944537e+00 -1.082741282367086058e+02 5.542012201077502596e+02 -1.420356211132159470e-13
-1.408136719908475776e+00 8.550524019209149174e+01 8.214620206558274518e+00 -6.842710492262138189e+01 3.444907608043408231e+02 -1.044458426194095217e-13
-8.527324878086115234e+01 5.005139374019963157e+02 -5.417262871255356771e+00 -1.782632599291457041e+02 8.650310528120255640e+02 -1.709744727684739173e-13
-4.461387794369989024e+01 7.911350318186195807e+01 4.372915248903312602e+01 -1.490041707354256459e+02 6.632863655013970856e+02 -1.503255849748408984e-13
-2.076406756068648107e+01 2.066209127887784121e+02 -1.135472668982154332e+01 -1.001608736779258635e+02 5.941758064243210811e+02 -1.416550885833546120e-13
-4.528001940735904896e+01 4.860533667030109655e+02 -3.797779866247439173e+01 -1.098362583387298486e+02 6.243245434041785984e+02 -1.475104940295866954e-13
-2.227077807050880764e+01 6.468582235855609497e+01 1.299761583247837038e+01 -8.239314468451600248e+01 4.230418475161710035e+02 -1.027537464168438574e-13
-1.711738851763671789e+02 1.042387588501751452e+03 -5.471167087528070283e+01 -2.494922155951761624e+02 1.261273514142616705e+03 -2.415436661605405225e-13
-4.939170048816373537e+01 -7.605856100725814883e+01 9.303560856336744678e+01 -1.875339137745137634e+02 7.204367503944093869e+02 -1.223558440872559291e-13
-9.113273453486579001e+01 6.977065498403707124e+02 -6.490720640756227056e+01 -1.499010927375541371e+02 9.105979326286319520e+02 -1.916582574532658625e-13
-1.554086013586628390e+01 2.490652799395290060e+02 -2.325442916401171445e+01 -5.632987069843014183e+01 3.445506763480933046e+02 -1.490872361678823402e-13
-8.709212139908559891e+01 5.430413174191709231e+02 -2.980331612448868484e+01 -1.639728656438075234e+02 8.939736244475896001e+02 -1.774573830062784553e-13
-6.088127199191401218e+00 1.911960554480643850e+02 -6.780239226387110740e+00 -6.816025505440229892e+01 3.610633212042000082e+02 -1.104916990152228648e-13
-8.835169496971595038e+01 4.164245922220190437e+02 -4.662129296669017542e+00 -1.705758078253917915e+02 8.703595966813376208e+02 -1.727998192377633274e-13
-1.326342326292961502e+02 8.589853175984859490e+02 -1.991518803548830618e+01 -2.869042075895545167e+02 1.424672009398117325e+03 -2.552864435637624688e-13
-3.535498224252163624e+01 3.855683756736187888e+02 -4.282694300365090356e+01 -6.933461536799502767e+01 4.570234970042658915e+02 -1.347727678500046968e-13
-1.129408496928710015e+01 -1.820996870068369589e+01 2.129414350814679224e+01 -6.482596922920896532e+01 3.127366588484762815e+02 -1.018843864931153075e-13
-4.939698961304503655e+01 2.826010125551343890e+02 2.932531321491076426e+00 -1.123984884130703108e+02 5.289917272343500372e+02 -1.580562746986539028e-13
-4.223592652235725353e+01 2.984644614794163999e+02 3.579396935319158590e+00 -1.192996538675401155e+02 5.595739010789209260e+02 -1.442992822550444020e-13
-4.115309459937488867e+01 2.664386659502055750e+02 2.003618233803799775e+00 -1.248631476891546725e+02 6.306328090021089565e+02 -1.512151070521519247e-13
-5.654087618672485149e+01 2.951114132925775948e+02 5.050694318230133817e+00 -1.388366989355824046e+02 6.839570445586783762e+02 -1.481382405189043748e-13
-9.389849457632568885e+01 9.736572075833040572e+02 -9.508960582192926836e+01 -1.634346863595284560e+02 9.920589406267746426e+02 -2.215723876997703520e-13
-7.334896767926669670e-01 -1.414881539375999182e+02 4.462945900819202905e+01 -8.647281389373365812e+01 3.993808997332379818e+02 -1.141651689207084096e-13
-4.888629437337169037e+01 2.909402436411663757e+02 2.195943206165343042e+01 -1.700710323678681277e+02 7.886396339605596495e+02 -1.628704808954413461e-13
-7.458954453732009426e+01 2.553978412329378216e+02 4.222374848446717976e+01 -2.014650213764164732e+02 8.959634792741084084e+02 -1.569177717156808721e-13
-4.272759273717056061e+01 3.798083597744275153e+02 -1.666096664871207267e+01 -1.243428692372243631e+02 6.633737403918220252e+02 -1.616522491521154961e-13
-3.804479064665137145e+01 8.096348543119610497e+01 5.788476497059649262e+01 -1.861599825092947071e+02 8.209955663545753168e+02 -1.526549592501992978e-13
-2.095326958691050567e+00 -3.297040305597294463e+01 2.857165635030878548e+01 -7.111824664126729090e+01 3.192526968759889883e+02 -1.001279261606014081e-13
-2.800017893115645506e+01 2.728429554849602141e+02 -1.471174297253304530e+01 -8.218296801918720007e+01 4.461182951188612265e+02 -1.314283563847435886e-13
-6.921427925564988470e+01 3.870200440143254355e+02 -8.409139983576423560e+00 -1.282637273511672902e+02 6.315408676705720836e+02 -1.447961775078564827e-13
-7.599967305039666599e+01 9.010547524224284643e+01 7.745909670811030878e+01 -2.096486852281164488e+02 8.467277453294107090e+02 -1.391790633610299728e-13
-9.043446510703365959e+01 3.761832166718599524e+02 3.435119459493068916e+01 -2.359988421763650308e+02 1.089748203948908667e+03 -1.805711616181246409e-13
-5.265042373795633779e+01 1.101467871226445681e+02 2.318520433829863947e+01 -1.365204134278929757e+02 6.882041323736167442e+02 -1.355609454083542189e-13
-4.802061543138298561e+01 1.722755525324660368e+02 4.376350966165854572e+01 -1.744198113990237573e+02 7.654103731671085598e+02 -1.514617298669675540e-13
-4.965176138193900357e+01 7.470626330294848572e+01 4.523312392239630242e+01 -1.694633002033023388e+02 7.944346269268851302e+02 -1.372994415082715873e-13
-3.656362173135422466e+01 4.012019846024187473e+02 -2.362893403656729774e+01 -1.177319392753033327e+02 6.478524948970681407e+02 -1.607697324039317744e-13
-4.194963862458296688e+01 1.237061518606557513e+02 3.477055663903245630e+01 -1.313082627721240385e+02 5.689359748956777594e+02 -1.226843961283140999e-13
-8.269130019389055519e+01 3.249279418566513300e+02 2.588804487495695739e+01 -1.845800021251774865e+02 8.360041161594651840e+02 -1.627581424305987774e-13
-7.548664996409253547e+01 5.576968350457348151e+02 -2.238076246296556704e+01 -1.678494803388590526e+02 8.616831234670428330e+02 -1.785010269130088823e-13
-5.676056506792345857e+01 8.155374696595546880e+01 4.700495892394484798e+01 -1.779135593803467827e+02 8.348526425309510159e+02 -1.414683515190005533e-13
-2.185358939976328330e+01 6.866841551488504081e+01 4.244569213329173607e+01 -1.190169938458369927e+02 4.775925358632948132e+02 -1.268961327753228749e-13
-5.645145312834240059e+01 2.534160726473676846e+02 1.972339610015583444e+00 -1.178713423809070804e+02 5.934062485814382626e+02 -1.383775907289147004e-13
-1.578680855698754648e+01 6.425951048772073193e+01 3.998245230844982245e+01 -1.303063371821727685e+02 5.725208356308548900e+02 -1.286922485494582349e-13
-1.215047158577145581e+01 2.585898640414466740e+02 -1.222292962094164182e+01 -7.733998327073560120e+01 4.080912983166739991e+02 -1.320297000152143852e-13
-7.657159141984540440e+01 5.234899902708561967e+02 -2.291670463303837124e+01 -1.874340238240850169e+02 1.021944652622285844e+03 -1.901124968857424551e-13
-2.181529626794701926e+01 1.924761238296492252e+02 -1.298443037953257662e+00 -7.678258817130115688e+01 3.829550802222267976e+02 -1.300708312409458916e-13
-3.369920296642932556e+01 3.349883914800968796e+02 -1.570154386006684177e+01 -9.314928512223785617e+01 4.804780407007083340e+02 -1.311714545048457244e-13
-2.338264891390296540e+01 3.674208964825272119e+02 -2.858931120103374468e+01 -7.724164283827171573e+01 4.322774507173108987e+02 -1.392913907261369160e-13
-5.681963092156290251e+00 -7.394090178388262657e+00 5.351256741521416416e+01 -1.481376121750607808e+02 6.583855275791981967e+02 -1.250771492989245247e-13
-6.044214742438998655e+01 4.926171899502941756e+02 -4.829201784047352675e+01 -8.411722557597049388e+01 5.126951684055126179e+02 -1.484941630719789964e-13
-4.892802672841286693e+01 2.217424475806163002e+02 5.780313764209806804e-01 -1.247582890032647640e+02 6.719405504812065146e+02 -1.478360708942144452e-13
-5.924467472409680369e+01 3.743911543601995504e+02 1.024818367169606503e+01 -1.916645854352769334e+02 9.474915596208957140e+02 -1.879168472871306166e-13
-1.314866727188571893e+01 2.361454853258954358e+02 1.163368618740911131e+01 -1.597854197003147476e+02 8.259739386236348082e+02 -1.591487541082099240e-13
-5.044040138345128099e+01 3.587853515479624207e+02 -2.006438367394177646e+01 -1.032035906822905389e+02 5.585318165173840725e+02 -1.454169376101777409e-13
-1.292800828038856196e+02 9.200759948268010930e+02 -6.136994586626487802e+01 -2.178160960992149171e+02 1.180955604235895635e+03 -2.212524760348906992e-13
-1.856006772463863541e+01 -9.864522914067264026e+01 6.598283669765768877e+01 -1.206526342398793901e+02 4.607983694931656942e+02 -1.044122321165344794e-13
-4.590347403343003840e+00 2.089044199203417520e+02 -2.006574772970194331e+01 -5.174068654152904401e+01 3.228004546505756593e+02 -1.240580869480552646e-13
-1.948062972560711037e+00 -6.160823861957463521e+01 3.556643460435394388e+01 -7.191494273869044207e+01 3.008416224662277614e+02 -9.767450638944503940e-14
-5.962007211030442022e+01 2.453463626304339300e+02 1.271548919956208223e+01 -1.335500832624130680e+02 6.358936363915410084e+02 -1.427449831633505746e-13
-9.618209403039495342e+00 -6.244841374437609005e+01 2.886841078362297708e+01 -6.828289750476467646e+01 3.199709486441017248e+02 -1.078322337784218158e-13
-3.173871083652654690e+01 4.571837176912247855e+02 -2.809305602399790658e+01 -1.171869803451512553e+02 6.316238749378526336e+02 -1.736953544752720325e-13
-8.497565818713714236e+01 4.151470010772725345e+02 1.928486562129742010e+00 -1.843735724725285365e+02 9.218201094056850025e+02 -1.793808783385567549e-13
-2.795409181419107369e+01 2.344787082719005582e+02 1.090765732370499919e+01 -1.217769628300580536e+02 5.763238525079393639e+02 -1.330062659752423479e-13
-1.047817827617865873e+02 6.751835719395586466e+02 -4.861726339590257595e+01 -1.447759342130707410e+02 7.883015313465384679e+02 -1.722724926241584740e-13
-3.395407242167109985e+01 2.125138054949769923e+02 1.493383293631219111e+01 -1.191519092596956426e+02 5.490268745723910797e+02 -1.260757052651872568e-13
-6.787149532026775489e+01 2.993751469242265557e+02 1.480458162944208311e+01 -1.608672586128857631e+02 7.664162060243493215e+02 -1.513171970283163694e-13
-1.738770592531492198e+01 8.924800245635557872e+01 2.662307160855773347e+01 -9.238248928926357451e+01 3.848041972000752367e+02 -1.202129374918486350e-13
-1.581710194204098663e+01 5.504936721417846002e+01 5.424443269465705875e+00 -7.799758069935239746e+01 4.491171227293560264e+02 -1.088299222082690893e-13
-9.756817545767512456e+01 5.703568582813830972e+02 -1.487610646004975834e+01 -1.834661850095878890e+02 9.092623352024054384e+02 -1.833031636822984477e-13
-5.087247282965688555e+01 2.292076918434919151e+02 1.871576555647990192e+00 -1.107171803893166384e+02 5.637610776941644417e+02 -1.212714373443391582e-13
-5.381190595679473887e+01 4.045183658214913862e+02 -4.155880272920361307e+01 -9.289563264566365319e+01 5.933570238765017848e+02 -1.515752838489227739e-13
-3.899391704695281735e+00 -5.092812241948584528e+01 4.184907121344455305e+01 -8.813311543013007565e+01 3.617530281645387618e+02 -1.115140968135159045e-13
-5.931522350210379813e+01 2.026296914183169520e+02 4.195468647353805380e+01 -1.638694107586958921e+02 6.837470785235323092e+02 -1.453533095543553635e-13
-6.355125995278311990e+01 2.449642085092424395e+02 1.477638064282549557e+01 -1.649941682530889295e+02 8.343632755865615991e+02 -1.540415653293125801e-13
-5.897261087166743465e+00 -2.941210110428312987e+02 1.292298225418287245e+02 -2.130287467404166932e+02 8.202520629325438222e+02 -1.340896326346718720e-13
-8.073840554700728944e+01 3.972851993304487905e+02 1.313167617187033542e+01 -1.711162352439268375e+02 7.740252958630962894e+02 -1.706987314982409654e-13
-4.101291900543498770e+01 2.620798342905141567e+02 -1.621890467835057237e+01 -8.314365096906382746e+01 4.701534118940240887e+02 -1.448587053494689155e-13
-2.616879900340414622e+01 2.231822964410506813e+02 -1.073865909412045205e+01 -6.795438825077124534e+01 3.615227996913933453e+02 -1.240632201709741576e-13
1.042865024441689131e-01 -1.471094871357880862e+00 3.566126224215254581e+01 -8.928675998358696120e+01 3.727907927296117805e+02 -1.107750055463687540e-13
-2.509695551596346164e+01 3.672351762073761279e+02 -3.296750351748532637e+01 -8.473754141502095649e+01 5.108697074995877756e+02 -1.530952659468046030e-13
-3.665249914831189670e+01 3.913074798770297775e+02 -1.461639970777775765e+01 -1.313444385659674936e+02 6.888828061574993171e+02 -1.629763377159939624e-13
4.258211365281656668e+00 3.933933897538442181e+01 -6.447069968117314254e+00 -3.364276925949374686e+01 2.385644968780122781e+02 -9.424454392499420909e-14
-8.412101629235708344e+01 5.669878027848960755e+02 -7.912606165704092476e+00 -1.977188220136932841e+02 9.629293697788612008e+02 -2.001341088559758218e-13
-2.192930142232476598e+01 -1.562581435863123716e+02 8.340939610197824550e+01 -1.466658779138767841e+02 5.663693072514508913e+02 -1.045641207757935580e-13
-4.581548851882761397e+01 1.648218634818525743e+02 3.701823996752257528e+01 -1.588631330487986304e+02 7.095381515315746128e+02 -1.518851803979944696e-13
-3.409388916358554411e+01 1.736322722480754237e+02 6.162320881080723289e+00 -9.466699717618085685e+01 4.692335678210046126e+02 -1.278549498628372939e-13
-1.929607625655050995e+01 -1.787633970342630505e+02 8.262422975845778694e+01 -1.231238027352300435e+02 4.296826452893332089e+02 -1.002494080812990658e-13
-8.520687279921394008e+01 3.274115575162067557e+02 2.970490731862002676e+01 -2.031945397340568036e+02 9.348588340909020644e+02 -1.769960130113355982e-13
-1.385336018413353720e+01 4.512455767604155312e+02 -4.425390668280245166e+01 -8.850048802162224604e+01 5.467126856881467347e+02 -1.572834999666264008e-13
-1.148297608023521832e+01 1.330006371307237032e+02 -1.017571699468439839e+01 -4.796503203573680452e+01 2.898590512204498850e+02 -1.087044620794645951e-13
-1.512490847787614712e+01 -4.824284104821659014e+01 3.565636265582672593e+01 -1.035972676349884694e+02 5.034335408377491490e+02 -1.260787261200480888e-13
-2.150971317217274859e+01 1.768769795920717343e+02 -1.611071644034498984e+00 -8.714081056373996148e+01 4.660704786147071559e+02 -1.171936330002278982e-13
-3.473821591656130892e+01 4.275399190659100235e+00 7.171971074843808935e+01 -1.674401201771737817e+02 6.628776923122933340e+02 -1.402911001485079549e-13
-5.287647525934056603e+01 2.244474518719703156e+02 3.512507122597597942e+01 -1.628359522541800288e+02 7.045242530084846067e+02 -1.512372152427199268e-13
-9.694306621789385403e+00 1.831641197935316256e+02 1.578083737443999901e+01 -1.191776189459395709e+02 5.653588247693187441e+02 -1.606762438647765157e-13
-5.763602885188223013e+01 4.997338682551896909e+02 -4.073706823044413738e+01 -1.108142821988853086e+02 6.385221465663854588e+02 -1.505197940232246689e-13
-2.724878245878240790e+00 1.941090952161810890e+02 -1.261080119134656563e+01 -6.351833127213797070e+01 3.650828465337374951e+02 -1.180363629404422635e-13
-9.447497191921377180e+01 4.384225544082630677e+02 3.062707938478244429e+01 -2.483092042884195507e+02 1.150599803181747347e+03 -2.040925300744506254e-13
-4.095836542522950197e+01 2.622377390710454392e+02 1.636846209256234808e+00 -1.429808134387740779e+02 7.578778504487553391e+02 -1.563249781799322651e-13
-8.210870323385948133e-01 -1.464260969638389724e+02 6.241486279093797407e+01 -8.420788733735938081e+01 2.737944673541809379e+02 -1.027565111138106533e-13
-1.315823016635719256e+01 6.588571418898925458e+01 1.978930161963650391e+01 -1.001524183964313437e+02 4.980244392849377846e+02 -1.155037680288814380e-13
-1.411844473454282145e+01 -1.330249186833669626e+02 7.450917794624375290e+01 -1.287057190530416051e+02 4.855788602599754995e+02 -1.077684541560277179e-13
-2.867460025600162776e+00 -6.673389347796492643e+01 3.066631763399646005e+01 -4.774952676766476145e+01 1.735547542481378400e+02 -9.953626719413592461e-14
-7.604072151391811474e+01 8.784471122938858798e+02 -7.081679546618681798e+01 -1.868968963886850929e+02 1.064254030350255562e+03 -2.162977203948124923e-13
-1.571211422153342774e+01 1.635230558121984812e+00 6.331679719328235478e+01 -1.737757901037181796e+02 7.612706412668612757e+02 -1.506566723483814024e-13
-7.436381353497193913e+01 3.481318483387883589e+02 8.152093228801723157e+00 -1.648689234113342650e+02 8.000944719452945719e+02 -1.644104922010006131e-13
-3.403129815182867191e+01 -1.816886052593428644e+02 1.154448843010840733e+02 -2.011565341401049523e+02 7.460888183823112740e+02 -1.167377826065084225e-13
-8.931301064880450724e+01 6.228476974097708307e+02 -3.058092879376494722e+01 -1.636086101868576463e+02 8.378081184558936911e+02 -1.834803092892252414e-13
-1.086084031367285974e+01 -2.113790476244241177e+02 9.019050261681590541e+01 -1.292309796699900062e+02 4.462366945913119594e+02 -1.002885630047092924e-13
-1.940198685602884865e+01 1.488072219761313590e+02 -7.755548036921322108e+00 -5.690274750158035744e+01 3.228091168344551534e+02 -1.082921518842840535e-13
1.878796410669605121e+00 3.549423754400944375e+01 2.278132077989334903e+01 -7.322602243840320568e+01 3.201767279468010656e+02 -1.111050635778846678e-13
-5.199453981006555381e+01 2.355658051661037007e+02 3.819420794496397775e+01 -1.807167969480378247e+02 7.968875876068237858e+02 -1.526079202177819674e-13
-1.072415088389901427e+01 -3.427569432923629620e+02 1.187551846990255768e+02 -1.594415652241778787e+02 5.628958469537583369e+02 -9.382143059290904848e-14
-1.146255181024047403e+02 6.769721106870994163e+02 -3.518445901271434195e+01 -1.833460024834105582e+02 9.601965900879025639e+02 -1.915518488805428216e-13
-3.738413073672352027e+01 4.768358789953297538e+00 7.555508624672144435e+01 -1.657685602313006825e+02 6.266953114595406760e+02 -1.439877227969561772e-13
-4.750181433563977151e+01 1.749942975022348151e+02 3.905761591798196974e+01 -1.507999488841676339e+02 6.347765626623287289e+02 -1.482684145816162186e-13
-1.017476736285650105e+02 5.874782320410238299e+02 -7.224876058647485166e+00 -2.151253205334550103e+02 1.060473261701456977e+03 -1.978321450222417249e-13
-3.309392287044457959e+01 9.320284466561999182e+01 2.688079036279172840e+01 -1.281106709109631652e+02 6.204426505249765569e+02 -1.276068006178432513e-13
-4.116216417271770212e+01 1.641009078746522789e+02 1.794400478980630353e+01 -1.106683478296765202e+02 5.083087025743126333e+02 -1.247918286852528383e-13
-6.247196624894890959e+01 2.321583422487608459e+02 3.388888319499592683e+01 -1.635048255120800889e+02 7.112724784872042392e+02 -1.500709918599673280e-13
-3.317941326814028091e+00 1.663129354354655121e+01 6.874419649810588062e-01 -2.254734830177472560e+01 1.349460097598977200e+02 -9.217390380035649973e-14
-1.917706315764457159e+01 -7.133437046215796329e+01 5.693069960846264621e+01 -1.025233965297104817e+02 3.768456501872375952e+02 -9.829376806704738999e-14
-4.330310529708214773e+01 3.113914018205071699e+01 5.836228240444307147e+01 -1.458917700575985350e+02 5.838610601920248655e+02 -1.301158688389313500e-13
-8.928621764934915461e+01 4.968077615593652467e+02 -1.105845356880849550e+01 -1.868597125599452227e+02 9.617066156996708060e+02 -1.810592250714840457e-13
-1.652036028578681126e+01 1.907661090180652153e+01 1.360105362787613892e+01 -5.999430465573948368e+01 3.021349921312345259e+02 -1.032604528077234284e-13
-2.539011905513739009e+01 -3.140946160158667340e+02 1.313398163406809829e+02 -1.811672558430951483e+02 6.072163070654133890e+02 -1.039196659051814789e-13
-5.244931081002317796e+01 4.737636978215072645e+02 -3.891220245902155028e+01 -1.142515459463451180e+02 6.690367053343777570e+02 -1.580455522749806155e-13
-1.069707877483791663e+02 8.724016435918449588e+02 -7.441995668134214270e+01 -1.629207494750522471e+02 9.306036279564909819e+02 -1.936500321422764862e-13
-4.086186030845629702e+00 9.153687238630533329e+01 1.521012155483345785e+00 -4.864958209772032660e+01 2.499918971339964457e+02 -9.897132512973308710e-14
-3.098786114757163190e+01 8.099548436435457077e+00 4.839850185048603493e+01 -1.326062564280234994e+02 5.753501077574630926e+02 -1.144752099966882983e-13
-2.935658527119741734e+00 1.874653360130610622e+02 -9.846934239936750544e+00 -6.390971016348211009e+01 3.548864332624427789e+02 -1.380459799716778682e-13
-2.379953450151993266e+01 1.854594021857045618e+02 -6.530133431080791695e+00 -8.722048806206954907e+01 4.918210528712501741e+02 -1.280635895561497053e-13
-9.105320326535223785e+01 6.797582179850950297e+02 -5.440744801122362162e+01 -1.567482162917227129e+02 9.025367541929962272e+02 -1.883650101624891768e-13
-3.369783528091634395e+01 2.150811741638117383e+02 -7.557009870520375872e-01 -9.768781073851580743e+01 5.033946430864376111e+02 -1.339156553058403176e-13
-5.755080755852545593e+01 1.778922604535657968e+02 2.658090263347678217e+01 -1.520162777407840338e+02 7.207889624337541363e+02 -1.612087736772130949e-13
-6.341267453965144796e+01 2.135616449950570939e+02 5.237147644847340189e+01 -1.890753094546321620e+02 7.784004746564033894e+02 -1.543803727846035587e-13
-6.354868945673761260e+01 3.435031986804884241e+02 4.463504502681606034e+00 -1.470509724628258255e+02 7.073507865160005395e+02 -1.565510144338657542e-13
-3.924925031219924421e+01 2.036362813105908742e+02 8.356767134656092111e+00 -1.133874941388413191e+02 5.589568774085141740e+02 -1.480695504585774023e-13
-5.711264485238405797e+01 3.619126207888655813e+02 -2.257921898781619419e+00 -1.396791305671082171e+02 6.873288039384575541e+02 -1.567947862980585753e-13
-2.902925239608500263e+01 1.288866019708367787e+02 3.257771555594295165e+01 -1.225870286939149167e+02 5.205475547233562565e+02 -1.221681926178274759e-13
-3.140078209919111529e+01 2.172441646436198823e+02 -1.702847971552553830e+01 -9.071244653223465093e+01 5.592052179009456268e+02 -1.353080741522183094e-13
-1.372401520424899957e+01 1.347404346634449723e+02 1.715536968983521815e+00 -8.818450032992564047e+01 4.827590264664848974e+02 -1.161890924028623479e-13
-6.259460111674002292e+01 2.576319293872448384e+02 6.362955181627216739e+00 -1.529095945026163008e+02 7.977254940525236862e+02 -1.527137718382509907e-13
-8.751516660786046486e+01 5.234692200778830511e+02 -3.408299245014411838e+01 -1.478056966481826180e+02 8.271079836136827907e+02 -1.858848624278656919e-13
-2.635917350475110865e+01 2.513829285490897405e+02 -1.547730681506685002e+01 -7.256816836261226911e+01 4.021697243287231345e+02 -1.328909342821204625e-13
-2.094910267335902532e+01 1.020426155083393809e+02 1.269946711813065754e+01 -9.109410786328066933e+01 4.559716897221097724e+02 -1.399725460187385811e-13
-5.483022755500922329e+01 3.431612732601474391e+01 7.964451419483346228e+01 -1.989980428582900345e+02 8.021520996018019787e+02 -1.399322491649927784e-13
-6.960952640906002387e+01 3.128619342991341910e+02 1.604499557900965456e+01 -1.553813442959220765e+02 7.116644353981301947e+02 -1.501969102340745637e-13
-6.223425887309498528e+00 -1.278023064221757432e-01 2.620059317357607753e+01 -8.644199428148395725e+01 4.133134869922410530e+02 -1.130344115677779476e-13
-1.981587724565382658e+01 1.373014621717963450e+02 1.780054937515029678e+01 -9.163726436524292751e+01 4.009949018469072826e+02 -1.183024842659383326e-13
-1.057293955613686904e+02 4.861841320307788124e+02 -1.317383406156467984e+00 -2.052416913325171492e+02 1.030668867428239992e+03 -1.837489461202209631e-13
-4.889499803712447346e+01 2.420515604865776993e+02 -1.346714780030288106e+00 -1.058636289501639709e+02 5.423105960329947948e+02 -1.390369777655489563e-13
-8.843489221277336298e+01 6.420767007778500783e+02 -3.809761362989370781e+01 -1.776667447473533628e+02 9.663532281952800531e+02 -1.937981404724728773e-13
-1.018110405416613133e+02 3.202294795026568295e+02 5.801734838002677463e+01 -2.542206094916312225e+02 1.101725715630230752e+03 -1.779817487675269290e-13
-1.308578042489002513e+01 7.061497717313351075e+01 1.352399318004058770e+01 -8.822811133077625811e+01 4.545352928641170820e+02 -1.301498870680167809e-13
-7.447678651443659703e+01 2.912443573513764932e+02 2.597947996733154952e+01 -1.825848307631169689e+02 8.467801535390876779e+02 -1.755415847591639598e-13
-5.069341463895214162e+01 2.181503377325071824e+02 7.024687145030694246e+00 -1.028387910351559213e+02 4.859003889692880307e+02 -1.317174477214863826e-13
-1.176477823050044975e+02 7.369295310861641610e+02 -3.706982995157981975e+01 -1.941700648622572771e+02 1.000949280049172330e+03 -1.993490144240358769e-13
-2.427922454036878719e+01 1.060676728347800832e+02 3.548349368537818549e+01 -1.277740410394678463e+02 5.535798906656721101e+02 -1.260146392299584967e-13
-7.150444534220208936e+01 4.140992426592276843e+02 -2.468511590900147823e+01 -1.159183617911056103e+02 6.329428261164970309e+02 -1.428257382208081558e-13
-9.055067552898144356e+01 5.766560894578221905e+02 3.476017850420290767e+00 -2.360805491209714546e+02 1.140729615812810835e+03 -2.145365261878108376e-13
-2.446461429055125691e+01 6.417138644375664569e+01 1.351427755154528043e+01 -7.678498051752831088e+01 3.824053400004468699e+02 -1.090538935438023499e-13
1.216585171509162500e+01 1.455332549310269883e+02 -1.127394968414904852e+01 -6.743373257921327024e+01 4.185670317298372538e+02 -1.291838370307210664e-13
-6.684581109845240121e+01 3.149101249081790002e+02 2.378361735459720450e+01 -1.822143671247451664e+02 8.409563657204959100e+02 -1.700295055139769237e-13
-2.432879699931474349e+01 -1.811217850163562275e+02 9.283821803935707351e+01 -1.552623177374401848e+02 5.820191026795839662e+02 -1.025025136310029851e-13
-3.841570661644463058e+01 4.733465313586850698e+02 -2.631017036186601743e+01 -1.470315174481287102e+02 8.089521909452647606e+02 -1.761876925860434195e-13
-4.210858724640704054e+01 -4.259314064720965831e+01 8.683981264922542209e+01 -2.063895430030566729e+02 8.622978820043787209e+02 -1.557500024004226450e-13
-4.965717021021924893e+01 2.145751053095827672e+02 7.288973890410718859e+00 -1.057092740021094954e+02 5.061343655844871137e+02 -1.328246316839262884e-13
-8.755394125186382936e+00 -6.479243735363283463e+01 3.623477133531484640e+01 -7.475309074222660399e+01 3.179809269933519431e+02 -1.090389605784402668e-13
-1.284999212036651350e+01 -1.075683508218525191e+02 4.588530307420141696e+01 -9.423518189882047125e+01 4.185686773221662520e+02 -9.882821991554953590e-14
-4.741003480172872031e+01 1.049371303219045259e+01 8.478740144781798449e+01 -2.039280593216417969e+02 8.198565258475617838e+02 -1.511818552865290670e-13
-2.307507729820478914e+01 -1.378977066793725896e+02 7.429934928524667725e+01 -1.439522621675569951e+02 5.930097422561344729e+02 -1.264113525514651156e-13
-1.605037491208028655e+02 8.765434669349768910e+02 -1.560710987766160684e+01 -2.973425410534885600e+02 1.454322210315457141e+03 -2.387805668680506049e-13
-5.525307350687188546e+01 2.974086998793239900e+02 1.953861202059664848e+01 -1.562852347680893672e+02 7.067161524849137777e+02 -1.575405586066428372e-13
-5.782921814525207083e+01 5.267132587561785613e+02 -5.564148397033451943e+01 -1.088115973551452242e+02 7.007402580290595324e+02 -1.653905768730437359e-13
-2.123850920489632088e+01 4.023950021071856753e+01 1.046311211105375882e+01 -6.414259742350142801e+01 3.345696263087289140e+02 -1.121588327051352926e-13
-4.720609367851556470e+01 3.139752091946586461e+02 7.906299278609767889e+00 -1.585487153275830678e+02 7.843027969545104270e+02 -1.758938433026341970e-13
-1.047315811937418033e+02 4.948188442330177850e+02 2.347235616992032448e+01 -2.484211471341248227e+02 1.155727376916108142e+03 -1.949232198275824886e-13
-3.021708200412350109e+01 6.784017368811422557e+02 -6.480802284715959161e+01 -1.301725907177988972e+02 7.915276941867440428e+02 -1.858245142666956639e-13
-7.726198954503941252e+01 5.471670310446121448e+02 -3.749751218478215264e+01 -1.254083851287051772e+02 6.809856876062985975e+02 -1.614888660562087666e-13
-3.073771302701089425e+01 1.455119842109304216e+02 2.850238097375541457e+01 -1.312401634395650660e+02 5.926135770957365594e+02 -1.413300741128450645e-13
-3.951173488864021266e+01 4.699623814807253552e+02 -4.939563944516181238e+01 -8.574680427348666001e+01 5.473876259522962755e+02 -1.602589181568998863e-13
-5.011854702357521774e+01 1.387610311974291903e+02 3.665500854035045109e+01 -1.466216671704284238e+02 6.487360120963084000e+02 -1.381065583133999028e-13
-3.097205787664823973e+01 6.911562988309110267e+01 3.005660408169939757e+01 -1.180062543537071349e+02 5.498734446350798635e+02 -1.263510338889441264e-13
-3.206651333801314507e+01 2.512658390594794184e+02 4.792918508372807196e+00 -1.180915584067522843e+02 5.783904766190096325e+02 -1.441752569280528936e-13
-1.330918139730300176e+01 1.000191827847850732e+02 9.762792020209900556e+00 -6.666369843523648342e+01 3.120372513975599418e+02 -1.208586901208994572e-13
-3.748267442864638355e+01 1.292147281794997866e+02 2.808737383309879831e+01 -1.133245347747767795e+02 4.868146329468294198e+02 -1.206557771512861889e-13
-5.141303677935528071e+01 1.277594617069686933e+02 2.475026137430481654e+01 -1.419227826974533286e+02 7.015384002141794326e+02 -1.354333013017997441e-13
-2.109194827931377247e+01 -1.314225850191573386e+01 4.737335887516984201e+01 -1.224785609296537956e+02 5.294565620613014971e+02 -1.208636782885929696e-13
-4.181638871854288908e+01 1.535274931612219689e+02 4.732473015531439131e+01 -1.791794890611679421e+02 7.883745712715981426e+02 -1.505948241392089156e-13
-1.912751208206148945e+01 4.784626802104607179e+01 2.312790114189050072e+01 -9.755641552213970158e+01 4.724423097288320150e+02 -1.220779461489524633e-13
-5.909317920669295887e+01 4.134337636751095602e+02 -1.874294712609405522e+01 -1.078066607471660205e+02 5.408126941101585317e+02 -1.623937563401006888e-13
2.850305816396249692e-01 7.890818288004592773e+01 1.498956549789952852e+00 -3.946575756505658461e+01 1.976796329813359137e+02 -1.093159488580038241e-13
-3.828452281248269884e+01 1.713450028712769893e+02 1.538368660226190876e+01 -1.159469608766412136e+02 5.548780828630622182e+02 -1.362065056610064435e-13
-4.395495843222336774e+00 -1.034155030541797160e+01 1.614543741135049615e+01 -7.214168056153472719e+01 3.891318363405829359e+02 -1.223568070248138747e-13
-7.162839839676193776e+01 3.143584124508356012e+02 2.067026662512745716e+01 -1.745193755091716525e+02 8.095833475959581165e+02 -1.549232150333200894e-13
-1.409082795525290699e+01 2.432793809502704363e+01 3.033515049068244807e+01 -9.251479151933675382e+01 4.096530648024502170e+02 -1.268209848130703102e-13
5.221374540910313833e+00 -5.315357767939777744e+01 4.438345269399842863e+01 -1.074076571448718909e+02 4.767283919573512208e+02 -1.202155075111118400e-13
5.487038718883371358e-01 -1.683216141428179071e+02 4.845913873829684348e+01 -8.039967462258641717e+01 3.537429759568827308e+02 -9.599138476286369107e-14
-7.222963851870186147e+01 5.533072645618319712e+02 -4.269151542470131488e+01 -1.456176728058538004e+02 8.456253434710622514e+02 -1.976424387670262267e-13
-3.927980584095369920e+01 5.034359902907061723e+02 -3.425506431093843673e+01 -1.289293466040235785e+02 7.160410567507890391e+02 -1.688802712013802264e-13
-8.474776620807551453e+00 -1.269873126761808919e+02 6.020077730718737286e+01 -1.148137033183294591e+02 4.794489018236075140e+02 -1.033349794605756125e-13
-9.788168226479482925e+00 1.195913902161207432e+02 8.684109334148955028e+00 -9.807742230420755902e+01 5.157479780936232601e+02 -1.294941852825114709e-13
-1.586323858832085989e+02 1.053615871899439753e+03 -7.600137229774783520e+01 -2.546083866474218382e+02 1.423861963860140804e+03 -2.476609973813097574e-13
-4.096206040865985898e+01 -7.033573019513437430e+01 8.727465905567304105e+01 -1.847961134564241945e+02 7.347447528822440290e+02 -1.274240069165467386e-13
-6.907110957775735471e+01 5.259838717310626635e+02 -1.592437546231583845e+01 -1.646135955984571808e+02 8.218737307492741593e+02 -1.706030679107544397e-13
-2.598682596593644689e+01 -1.368852708457488347e+02 9.217791128050780003e+01 -1.600869019086880201e+02 5.861490776478627822e+02 -1.291951780253501192e-13
-9.350943820718738664e+01 6.623623980357104983e+02 -4.825033436381451679e+01 -1.474257722868895826e+02 8.131949925819956206e+02 -1.855444929304194164e-13
-1.428894447902689535e+01 -1.012446659555778155e+02 7.004880813476393087e+01 -1.423003848520753536e+02 5.821874277859653830e+02 -1.177562786395280427e-13
-7.865672963873767287e+01 3.689852173339462524e+02 1.703721856338332330e+01 -1.795885289299596650e+02 8.267682093771966265e+02 -1.677043140628607794e-13
-7.817790313690093740e+01 5.523449140854867210e+02 -4.069573602219206521e+01 -1.303912428544106206e+02 7.311750018296297640e+02 -1.788662787342193253e-13
-5.798591643312886390e+01 1.351592101783306532e+02 4.385619068922631669e+01 -1.713434775211043188e+02 7.714347325129909905e+02 -1.569663193851726831e-13
-9.529393993147692754e+01 6.535684959008322039e+02 -3.864143444206252553e+01 -1.630486946581160623e+02 8.631094976423268008e+02 -1.807258373940574179e-13
-8.003974605178883905e+01 3.929958732966859998e+02 2.260693768195835673e+01 -1.854678899649730113e+02 8.129363593881748784e+02 -1.721612531937236303e-13
8.002462424594510182e+00 8.552545267678507912e+01 1.801721558224669550e+01 -8.579013618336318814e+01 3.983793946597872946e+02 -1.129083646103206037e-13
-9.892853963168697362e+01 3.583002250533161259e+02 3.728289592506761352e+01 -2.423797811692075754e+02 1.127010547911559797e+03 -1.843709347654294108e-13
-4.493138258681915431e+01 3.290837969678321429e+02 -1.849760431890692658e+01 -9.171281298113335367e+01 4.930844504074186148e+02 -1.249636221015416672e-13
-2.169148027534141576e+01 1.610877452049108172e+02 -1.044781939977755769e+01 -6.116136148256462235e+01 3.596623263534420971e+02 -1.333198003278088566e-13
-7.067815866257875257e+01 3.724016248813861552e+01 8.890894666140204095e+01 -2.333552021911939391e+02 9.716049577573687657e+02 -1.545539741480621356e-13
-2.222231812703257603e+01 8.513604959281421714e+01 3.719306728966152065e+01 -1.391036239798714007e+02 6.341871043476990053e+02 -1.352136168872735036e-13
-1.385855623496279350e+02 1.047825517694545397e+03 -8.709504719353809321e+01 -1.874243593348912498e+02 1.047547741915940833e+03 -2.208279398159266374e-13
-6.892908556929693020e+01 3.513827641633921530e+02 -8.042375701259675547e-02 -1.701957477349004648e+02 8.862797617565692008e+02 -1.810613896272118290e-13
-3.000719494595051273e+01 -1.526696179403946303e+02 8.781542871082008617e+01 -1.520775542505801923e+02 5.718728489325342252e+02 -1.144970651486891825e-13
-2.384512446441810951e+01 -1.796103427027943553e+02 1.125115003362010526e+02 -2.036265857440016873e+02 7.799670905581624538e+02 -1.408978166301190940e-13
-2.667337404092546294e+01 3.186764762903396218e+02 -2.457021684337755474e+01 -7.723712864808597089e+01 4.423409738217604286e+02 -1.419188142665097922e-13
-1.200113021641879918e+01 -1.444292347213796068e+00 1.887129055903843167e+01 -5.633273711829851749e+01 2.588339304981852820e+02 -1.124970668709585668e-13
-1.014814261711835144e+02 6.227379511205533618e+02 -2.731330592775168142e+01 -1.863993638074381920e+02 9.701671133351121625e+02 -1.916609184795869266e-13
-1.840764141683994737e+01 1.398180527919154201e+02 9.819222282262142443e+00 -8.640159201246744658e+01 4.150991167329528366e+02 -1.368098957059117137e-13
-7.061805638789299344e+00 1.036221215905766400e+02 3.483039584378466724e+00 -6.397608347535251738e+01 3.315670556971268184e+02 -1.093036328647750234e-13
-1.800459901383046457e+01 1.739157612479673176e+01 4.657793593795202014e+01 -1.252804604011667919e+02 5.309329329462135547e+02 -1.309414675837208102e-13
-1.758836207552415942e+01 9.464431697671035693e+01 2.906760125327222610e+00 -5.767724949051341810e+01 2.995172796932710071e+02 -1.062034437743590131e-13
-9.778393687280991742e+01 5.571081113203491668e+02 -1.402035265372989237e+01 -1.856718718061172240e+02 9.283512704543395557e+02 -1.875320652142067451e-13
-1.843519281720413616e+01 7.743174734477388199e+01 3.448868251781676264e+01 -1.226527812914085303e+02 5.465886623073515693e+02 -1.239415516123541281e-13
-2.647984045141412324e+01 2.934588804521321777e+02 -2.025215690365985921e+01 -6.207487346668486339e+01 3.312785880468171626e+02 -1.342528260393883093e-13
-5.263118110767658919e+01 2.464133904757170228e+02 -1.898715716437982259e-01 -1.024726690217331821e+02 5.088904952964389850e+02 -1.394981426608541300e-13
-4.716716566301403191e+01 2.186581915773886067e+02 1.366819793269230487e+01 -1.348290222657376773e+02 6.580158681616085232e+02 -1.471074532641357121e-13
-2.413722187322499124e+01 4.400302009920019941e+02 -4.524122294202073391e+01 -9.162563284203670833e+01 5.823002155549911549e+02 -1.481495737315710997e-13
-3.393940480336317478e+01 1.276114410132230290e+02 2.514633435709519560e+01 -1.046197584705761159e+02 4.483219545293444526e+02 -1.204284810520241649e-13
-4.445717007505704288e+01 1.682611845368627996e+02 1.123250978846242809e+01 -9.430862431077977703e+01 4.382786646496095386e+02 -1.191690477777238172e-13
-2.086238020361589207e+01 1.654945498613368784e+02 -8.219752283768528400e+00 -6.232625726346611117e+01 3.499722223304290765e+02 -1.110685590050209176e-13
-3.043376693362438346e+01 3.216116136804970438e+02 -3.732687415743986747e+01 -8.425267988150443443e+01 5.691082139376914029e+02 -1.398724103037035438e-13
-4.183229742927495920e+01 2.033165033122632508e+02 3.564296758443088908e+00 -9.725769228985286929e+01 4.814682932460912639e+02 -1.370498453688663894e-13
-2.070473354219921802e+01 -5.114326294304537868e+01 5.344568323596888604e+01 -1.061635409952797175e+02 4.088033012903119925e+02 -9.739078124895087675e-14
-5.101753801236031904e+01 1.489150054012183944e+02 7.308602159993131409e+01 -2.275473888056301064e+02 9.518316573884551417e+02 -1.659266828440484125e-13
-1.430108860017390668e+02 8.183606407518179822e+02 -1.732521567068606672e+01 -2.780401852763435500e+02 1.378360659746061629e+03 -2.434646056860311341e-13
-4.484505982142791680e+01 2.297594680939838554e+02 1.601212552567229253e+01 -1.420481654257113178e+02 6.833616197581302458e+02 -1.577353898810496223e-13
-5.265758504218801050e+01 5.018870601352170979e+02 -4.838472989790371770e+01 -9.263416952875724064e+01 5.637301338449319701e+02 -1.484550317197571168e-13
-9.229092722349724909e+01 5.392589984201989637e+02 -9.534045130097993592e+00 -1.919384302594283724e+02 9.548558281616528802e+02 -1.949968360952019467e-13
-3.452850426395882266e+01 2.638329536941185438e+02 -2.409080005371875188e+01 -6.654957996899531736e+01 4.077557382839703450e+02 -1.206854372757924833e-13
-2.781081294526833503e+01 1.965044287236073046e+02 1.036333652043293085e+01 -1.047129989323683361e+02 4.930236806591663026e+02 -1.283494722005774121e-13
-7.439447647346611348e+00 -8.693754118550303644e+01 4.168170973996961948e+01 -6.865705725510915158e+01 2.583751778575525577e+02 -9.985665153956587106e-14
6.322737872190224095e+00 1.723019451940199644e+02 5.111421419640739039e+00 -1.002372278296678871e+02 5.143960156569310129e+02 -1.436158515077501767e-13
-1.762661134939956398e+01 7.739563872726439797e+01 -1.674905686056660237e-01 -8.002287823233838537e+01 4.821368209190511607e+02 -1.228725052042868608e-13
-6.130279889799934523e+01 4.070241407933441451e+02 -2.009946122487905740e+01 -1.191429389283403708e+02 6.304348330963915714e+02 -1.475594025698417891e-13
-4.134490129371038591e+01 4.838423927957574477e+00 6.742612244669280130e+01 -1.677547787958078516e+02 6.920977722483606840e+02 -1.234373264875616458e-13
-2.435896099546507898e+01 -5.727510990936632851e+01 5.929758269953416061e+01 -1.429068045259736266e+02 6.228306296608700450e+02 -1.206432468939708907e-13
8.859150799497587769e+00 -8.110161916112556924e+01 6.519085627779230663e+01 -1.510701324757338853e+02 6.574660665437368152e+02 -1.375355244873445455e-13
-6.674025105499461574e+01 -4.769417713953585292e+01 1.202194509258115005e+02 -2.651004266902693303e+02 1.046821748860773596e+03 -1.494947216991479112e-13
-2.870780430234283287e+01 1.649253816671737738e+01 4.600598971586118324e+01 -1.168749994138425876e+02 4.787503792938173888e+02 -1.288606932963245433e-13
-3.596720646413223932e+01 2.175815154795950264e+02 1.582332177830930053e+00 -1.193107125608631662e+02 6.319403908737563142e+02 -1.501127357301337799e-13
-4.196802671269657736e+01 1.168651778281632829e+02 4.431881857523135437e+01 -1.544413055692618002e+02 6.682929215911487972e+02 -1.392974150721542311e-13
-3.496393574396637405e+01 2.085091345487237220e+02 -6.876933780301727195e-01 -1.081083235675223904e+02 5.778494461115626564e+02 -1.385848853219492300e-13
-4.429840418333692043e+01 3.549469025933817079e+02 -3.135359917004490526e+01 -8.450224983496264031e+01 5.079823844259829571e+02 -1.414828792571033368e-13
-5.197473174868929391e+01 4.279316859501332715e+02 -3.083543732843608254e+01 -1.034921529285153952e+02 5.786467028729098274e+02 -1.684716974971812180e-13
-3.481644104274378293e+01 4.025608080420782358e+02 -4.698759955067828287e+01 -8.088543125365811193e+01 5.488473895386902086e+02 -1.478466144350591746e-13
-2.546388119357554203e+01 -1.976816263884821865e+02 9.585949344213182144e+01 -1.564755201294807421e+02 5.829916237299557906e+02 -1.110234605171011745e-13
-6.588867137586753131e+01 1.353133156091253966e+02 5.605060740419659737e+01 -1.953078669805869936e+02 8.542757282179044296e+02 -1.410692093382883791e-13
-3.526570924511668181e+01 3.386816216443409644e+01 6.496067709416405478e+01 -1.849646323660810197e+02 8.022482022580215926e+02 -1.562030385825594418e-13
-7.293796971620380098e+00 1.135434613312946617e+01 2.364989871170135061e+01 -7.121202188541560929e+01 3.188255176998304705e+02 -1.078458456265348884e-13
-5.423889330896431460e+01 2.604541576524878224e+02 -3.797913918316245141e+00 -1.110582881533417492e+02 5.794086910830798161e+02 -1.402825517427225997e-13
-3.901995628917333647e+01 2.706825745392164890e+02 -1.128574460183479644e+01 -8.884896537354127588e+01 4.705644271554221518e+02 -1.394824543310167162e-13
-1.882255340414038614e+01 1.962561510684181485e+02 -1.550469000499205219e+00 -9.135420950892425651e+01 4.797544758586726061e+02 -1.350579970639446186e-13
-1.476023471225254724e+01 -1.416917300633473076e+02 7.024566770001605676e+01 -1.158284292341427886e+02 4.327060930618867474e+02 -9.470989834316510921e-14
-5.943948959714035141e+01 3.822383234347567509e+02 -1.420410683883237901e+01 -1.275060469112590340e+02 6.671056537049371400e+02 -1.573014337075920857e-13
-2.689282502263182106e+00 -1.143479036772134663e+02 3.156597720731025802e+01 -5.744614125825329154e+01 2.680004303862290840e+02 -8.516884628311642119e-14
-4.321480008927352401e+01 3.248064693503343960e+02 -8.249767622349700957e+00 -1.170428830841569550e+02 6.008425052617033089e+02 -1.569934724542852058e-13
-3.578924769234256331e+01 1.765116120868508176e+02 1.158577692196450037e+01 -9.445462609435205081e+01 4.309275481265245844e+02 -1.251135872757674211e-13
-2.332970011519796927e+01 2.959821288891158133e+02 -1.064147040131346422e+01 -1.110882941854601000e+02 5.973404795337148698e+02 -1.438018584613542911e-13
-8.855013433459232530e+00 1.631756713844798696e+02 8.973539360415293542e-01 -9.641383057814437052e+01 5.224132758675274317e+02 -1.476956860192698887e-13
-1.551332459048174428e+01 -1.481506306437587170e+02 6.993636043198536356e+01 -1.236642327869377596e+02 4.921190911724289663e+02 -1.157587085442834889e-13
-9.911453490099493990e+01 5.972788365761458635e+02 -4.327873583186052286e+01 -1.479221183770405617e+02 8.325389692361982270e+02 -1.854718543496412511e-13
-7.902158877606788145e+00 -2.034363499519948277e+02 9.928318189834391205e+01 -1.738237839144148893e+02 6.819127952100350285e+02 -1.298140416191885390e-13
-7.958960602091092085e+01 4.130501276780614717e+02 9.591521169680268244e+00 -1.880537267610323511e+02 8.989895119911782331e+02 -1.860924750205467925e-13
-2.416936328103554033e+01 8.863974485449396923e+01 2.458347900314176826e+01 -8.832626902583483286e+01 3.710540824291340414e+02 -1.135380439323684809e-13
-4.231857792427297937e+01 2.070493203230309689e+02 5.017841291764343126e+00 -9.512936243018866378e+01 4.550978288271897441e+02 -1.151357643708641683e-13
-6.189753649182288342e+01 4.417422981082852402e+02 -2.258899608235541834e+01 -1.305077251653376322e+02 6.972594550319834070e+02 -1.588886105138344363e-13
-8.146323146737807974e+01 5.187426208651493198e+02 -1.143690150720911980e+01 -1.793525676404308342e+02 8.975280426149064397e+02 -1.832213854477433110e-13
-9.754448457290953911e+01 7.357206197344156635e+02 -5.454847529126566741e+01 -1.624949583678921385e+02 9.009133319715133439e+02 -1.893061339059765699e-13
-2.358211895148974691e+01 8.209914530875988703e+01 3.578039354715969012e+01 -1.114238844631240397e+02 4.593852555895609271e+02 -1.337178935830696670e-13
-4.391894320786003192e+01 3.231906641907217477e+02 -1.170081481085701824e+01 -1.192830965264590617e+02 6.392105521164535276e+02 -1.531825893699721968e-13
-7.186897818173528663e+01 4.807765092599271384e+02 -2.057183811095420367e+01 -1.532143465957239812e+02 8.082755634915306473e+02 -1.654804528226862633e-13
-2.037222955543517244e+01 4.453503524465771335e+01 4.792763143890384470e+01 -1.258609873441343012e+02 5.062202060986807624e+02 -1.387997526693653090e-13
-5.647020390669448631e+01 3.307122806397400154e+02 5.990442933175406104e+00 -1.535304855287579642e+02 7.505339357558083293e+02 -1.629941002580426768e-13
-4.718164745893957246e+01 3.624412952891033228e+02 -2.483670375602658353e+00 -1.298834322495027038e+02 6.225307282335721766e+02 -1.749713847882813526e-13
-5.309747568999819833e+01 3.356299091292901267e+02 -9.583900626092130892e+00 -1.154183501199898814e+02 5.905106098344641623e+02 -1.498045912513663401e-13
-8.570045004261123722e+01 3.145652186334085627e+02 2.487350730630383211e+01 -1.815157218465094502e+02 8.295276927898794384e+02 -1.742451188012879991e-13
-7.223961198419408447e+01 2.493584354135123249e+02 2.466722881333157957e+01 -1.633711478985307792e+02 7.568265362806860139e+02 -1.403407680102430232e-13
-3.028818673084943214e+01 2.394019975911589313e+02 -6.943095784997274755e+00 -9.672866412693772986e+01 5.187141531894262698e+02 -1.443505467553634741e-13
-6.155653361434260518e+01 3.443530970128888384e+02 1.260892889489223734e+00 -1.348888163993784417e+02 6.454863557502754929e+02 -1.467639568239447605e-13
-9.576952416118405154e+01 4.726648007055333665e+02 -7.047692877512531595e+00 -1.943642397478168675e+02 1.004211256499015349e+03 -1.897117596783534821e-13
-2.830999717654852432e+01 1.620884825533669016e+02 -2.698097213111854131e+00 -8.579505258464840267e+01 4.748675302756727774e+02 -1.231646934466147594e-13
-2.804471057288481006e+01 1.934978055195711022e+02 9.343235971618475411e-01 -9.803239358276356086e+01 5.107548061317191355e+02 -1.436173261740904565e-13
-8.595971756120613705e+00 1.395190620750303196e+02 -4.577579893349447815e+00 -5.560544230565271562e+01 3.005507146908349796e+02 -1.135162299831758458e-13
-8.999055000874444943e+01 4.572763604152520429e+02 3.073996231439681370e+00 -1.876526333046338095e+02 9.055355162269543143e+02 -1.701616522869545377e-13
-1.747773401748846922e+01 3.921091427606920092e+02 -2.874063159212375140e+01 -9.782684648964293217e+01 5.534817045448978661e+02 -1.494553522787095864e-13
-1.357942916827975637e+02 9.126622209096583447e+02 -5.846105570285101294e+01 -2.047929199032249130e+02 1.080210540139138629e+03 -2.168312810646909728e-13
-1.941716356176608826e+01 -7.787469644059767049e+00 4.475202141041422266e+01 -1.065251596486380805e+02 4.350646794492423624e+02 -1.167092270249979631e-13
4.821599949328477130e+00 -2.714318107814169068e+01 2.246033495291255022e+01 -6.164616037161795248e+01 2.904552012827851968e+02 -1.056363884898390253e-13
-7.067126715296175199e+00 -1.244556426319705906e+02 5.650690069654127257e+01 -1.056700476567676077e+02 4.397893764165544326e+02 -1.033681185416446110e-13
-1.452004676140791162e+01 -2.998571478176689880e+02 1.013121612272843635e+02 -1.328970699387107004e+02 4.646808941088413576e+02 -9.913365153882252573e-14
-3.660208739155440583e+01 8.806547357062196113e+01 2.785159275570244830e+01 -1.143579133294112324e+02 5.255399885556211075e+02 -1.146276030332446139e-13
-4.674812244408371242e+01 3.040004917257313650e+02 -8.057287403038637663e+00 -1.210842986083022623e+02 6.420826972777500714e+02 -1.501854970472011561e-13
-5.966780472900715893e+00 -4.408084743002028461e+01 3.634449198391362046e+01 -8.901973970825243043e+01 3.979576793865776949e+02 -1.211652908309484949e-13
-3.860678416288863435e+00 6.193590404156252305e+01 2.531471433984336983e+01 -8.303201663891437079e+01 3.504160125842522007e+02 -1.179396527834709404e-13
-7.686238267448094064e+01 5.836249023259073283e+02 -3.925261885893160496e+01 -1.382225188902994830e+02 7.515674435493696137e+02 -1.740110521216114233e-13
-8.683681456943527621e+01 6.260327263432577638e+02 -2.950215357570013808e+01 -1.805674028134246782e+02 9.425645527817400762e+02 -1.855203934242378331e-13
-1.131108132543052420e+02 5.310550033406506145e+02 -4.349776852635480751e+00 -2.037243862742808744e+02 1.006899319114290506e+03 -1.819116810750721420e-13
-3.382443699849257968e+01 2.677988747610829137e+02 7.710165014284045881e+00 -1.260199442319231764e+02 6.008346223203024010e+02 -1.484932431730464057e-13
-1.320429151474002367e+02 8.705909741759791132e+02 -6.166599906903267936e+01 -2.032163188191400707e+02 1.121097427226977061e+03 -2.247354618982393224e-13
-6.058213013720276763e+01 5.852517017930292695e+02 -4.069521268825014459e+01 -1.444554154316676886e+02 8.015203669263456732e+02 -1.885575982946853622e-13
-5.591982402800618246e+01 5.047053170705917182e+02 -2.646754080166261858e+01 -1.354640535738337235e+02 7.091276575941284364e+02 -1.765116136095642854e-13
-1.271472942451075205e+01 6.384418602453460601e+00 1.772117547087263034e+01 -6.572133647844312065e+01 3.235662093894124496e+02 -9.477205305419705324e-14
-3.049821605866771179e+01 2.105093505242125573e+01 4.392296365326517815e+01 -1.222571550130049900e+02 5.249322087446797696e+02 -1.291295786918722001e-13
-4.117746070754680354e-01 1.646697529290016178e+02 8.959121463053065781e+00 -1.228820081036151919e+02 6.475888047625627451e+02 -1.589766351779337254e-13
2.303302242291177304e+00 -8.027534880239547022e+01 1.602665197630366833e+01 -3.649637934744920642e+01 2.016900996923251057e+02 -7.751479371851718527e-14
-3.639531387077131086e+01 2.803707618008953659e+02 -1.117014054133434975e+01 -1.033073704794561678e+02 5.599007628640779330e+02 -1.488716798571159858e-13
-6.624757504453157253e+01 4.066949832596926626e+02 -8.971966810387351998e+00 -1.380174930572616461e+02 6.862507150339832833e+02 -1.650875417471103861e-13
-6.376612538422347143e+01 1.503227193797718542e+02 5.692033119416240794e+01 -2.006647981230082110e+02 8.736758985061449039e+02 -1.679835707897245204e-13
-4.554853299293228730e+01 1.728113680595496646e+02 2.082710112466580554e+01 -1.398753130631453416e+02 6.797805832609105892e+02 -1.332831584665250823e-13
-3.814160944526942387e+01 2.386753134959728015e+02 -3.282167505891498416e-01 -9.910936927916442585e+01 4.928574969279334255e+02 -1.320015491047882796e-13
-7.035721877393170587e+01 6.628546768189079330e+02 -5.172618004786568235e+01 -1.411350919252707001e+02 7.928185381775971337e+02 -1.995007898071994713e-13
-6.738911361372905162e+01 2.912373111195604380e+01 1.138957261363690634e+02 -2.796444368437721550e+02 1.128628596668264663e+03 -1.644723471806503011e-13
-2.024023385522422913e+01 6.211039340699736044e+01 1.896786352729495206e+01 -5.922214468946115318e+01 2.308935080329985965e+02 -1.044086159188355814e-13
-5.325640670870910753e+01 3.995577758158730148e+02 -1.263948708907367546e+01 -1.322211328740648639e+02 6.760378211155356212e+02 -1.558433578979569257e-13
-9.403791487491947976e+01 4.344606037754059571e+02 2.106550571893149382e+01 -2.145653904279241146e+02 9.879383264788374390e+02 -1.764014998906980514e-13
-5.569147983039312777e+01 2.962081350689848023e+02 1.504307659727277091e+01 -1.417464034749786777e+02 6.386683166032096324e+02 -1.524911488095846067e-13
-3.431801519448168136e+01 1.506237380784331776e+02 1.078215148319102923e+01 -8.525039841064395318e+01 3.932400299993232693e+02 -1.232753369335358620e-13
-4.004784072942371154e+00 -1.564313872374090408e+02 7.068788658626831989e+01 -1.197670587302852141e+02 4.671926116929261639e+02 -1.106051398395421697e-13
-1.646362679788284566e+01 1.925049134336844077e+02 1.223818160898987178e-01 -8.495291201104204504e+01 4.287562234124994802e+02 -1.265894824712112298e-13
-4.122762661859622568e+01 3.777864123766416355e+02 -2.481561905769185827e+01 -9.006404666706755791e+01 4.866711378035525399e+02 -1.333682322021687997e-13
2.265121475714478194e+00 1.257703740082836106e+02 -7.620577356022566917e+00 -4.674908952914883287e+01 2.706258638878674105e+02 -1.160024922545859534e-13
-2.189825461370946869e+01 1.233226724018457645e+02 1.427145750605154362e+00 -7.575360766728358897e+01 4.094331844201258264e+02 -1.259510051476490363e-13
-5.647030577788078887e+01 1.819131817010751320e+02 2.375852074669393588e+01 -1.426845518935504060e+02 6.731840035994312075e+02 -1.407309265457918522e-13
-7.977305659597395504e+01 3.118566679858453767e+02 3.097471185912136704e+01 -1.919241533904159098e+02 8.623911441029702019e+02 -1.704494665667059395e-13
-9.255604404426138387e+01 5.912010897954114625e+02 -2.034060019316902057e+01 -2.041610787422491740e+02 1.068085011009332675e+03 -2.078018507499157039e-13
-6.088331150827380611e+01 5.816072271673938303e+02 -4.245223417057943038e+01 -1.329839488850579698e+02 7.383400155194210583e+02 -1.707563125802225227e-13
-7.507270265647164820e+00 1.380242477153553011e+02 -9.455780166534150766e+00 -8.006078807636906447e+01 4.973282491321110115e+02 -1.276337340003944851e-13
-8.692434946157798947e+01 5.251089617702129999e+02 -2.389359166272711832e+01 -1.491684072878254312e+02 7.697567196001238017e+02 -1.785910672212150159e-13
-5.453617485833945011e+01 4.091951769747967091e+02 -3.560172004412544311e+01 -9.213784578067821940e+01 5.466419306837611884e+02 -1.424573277042240199e-13
-1.989187131140032605e+01 5.894465560081052047e+01 4.036410451890101569e+01 -1.454154168849495647e+02 6.755617523206644819e+02 -1.430378548670538680e-13
-2.531082604519513879e+01 6.497875727441652316e+01 5.113253616936301427e+01 -1.342857461144451179e+02 5.272813132688374935e+02 -1.258336466307512860e-13
-2.960389486671330772e+01 1.286088227308512728e+02 1.654768986048086177e+01 -9.254731470984928876e+01 4.215368097776347440e+02 -1.241091884911098454e-13
-7.926591875234701945e+01 4.766384957940414324e+02 -3.782083166780556116e+00 -1.690037172700238557e+02 8.098604740521127496e+02 -1.801534741795487687e-13
-3.792663004669924476e+01 1.002734567252847313e+02 3.599305372219684784e+01 -1.417438582660869884e+02 6.484943821966890027e+02 -1.346198483689977669e-13
-5.220018760198994556e+01 5.011169351511301073e+01 6.849789383335388493e+01 -1.723165987185928429e+02 6.825972642383459288e+02 -1.297036843708516004e-13
-1.776195787080319732e+01 -4.015924183599975095e+01 5.938399008025912451e+01 -1.292726796857506315e+02 5.180257726611029057e+02 -1.135586657185313222e-13
-4.330553256192235523e+01 1.246341441938252643e+02 3.462770839873825679e+01 -1.197539528454404802e+02 4.914897785750023900e+02 -1.363754170575496688e-13
-1.294922089579524425e+02 8.252523445294200428e+02 -4.636472379933194077e+01 -2.078012921125501578e+02 1.087200263799585628e+03 -2.172077659756392949e-13
-9.932736367009955814e+01 5.503905319190475893e+02 -5.967724474011033564e+00 -1.892720413929174867e+02 9.058846296043816437e+02 -1.741171991595473326e-13
-2.452855164945157540e+01 2.118216285565389398e+02 1.172449999502327422e+01 -1.205447918966374772e+02 5.794697745170635699e+02 -1.465997273872999642e-13
-5.115778863610641025e+01 4.777202701951499648e+02 -4.356383925895620735e+01 -1.011581766992358240e+02 6.079138843123715787e+02 -1.649597052966059521e-13
5.062473254960106139e+00 -3.557301587436382562e+01 3.162914810384030773e+00 -4.060230555320985246e+01 2.788610219364695695e+02 -1.041715399989249654e-13
-4.021948522055927100e+01 3.336477897174348186e+02 -3.016917149760774741e+00 -1.203655207891821277e+02 5.831385964067858367e+02 -1.444822506614468107e-13
-3.312052088383805426e+01 1.692366355093625998e+02 2.067227624703855682e+01 -1.148361766211421582e+02 5.150651056545617621e+02 -1.294541416641651688e-13
1.814388397491025318e+00 1.421524459543695684e+02 6.590395122229546487e+00 -7.591488971128450203e+01 3.635748178420188310e+02 -1.239973292534300065e-13
-7.476523118213064834e+01 -1.002997703712185427e+02 1.448607771292056157e+02 -2.903617092837277482e+02 1.097412820090210744e+03 -1.460899220020887653e-13
-1.655594646785205626e+01 5.911911097971641738e+01 3.659020389013172547e+01 -1.205309085428797147e+02 5.323238009275391960e+02 -1.295238639433331535e-13
-2.952566395109075970e+01 1.243673066349772682e+02 2.059109713270334652e+01 -1.057004531125189004e+02 4.871693506507153870e+02 -1.205111233014425225e-13
-2.946545014910821791e+01 -1.252500396461138266e+01 4.710863715742765123e+01 -1.070341920360507544e+02 4.268673298061220862e+02 -1.060971554890709393e-13
-2.419529845042638172e+01 -2.383240206542546389e+02 1.011259501789865851e+02 -1.583269573544418165e+02 5.915786120298876085e+02 -1.007628466995911806e-13
-2.907108270984356579e+01 -1.263367548001949245e+02 8.831901575111714919e+01 -1.636417069248884957e+02 6.270217721579372210e+02 -1.074762640881411491e-13
-5.073967508958225636e+01 4.685987224980701740e+02 -3.973914165872959359e+01 -1.064603791684608609e+02 6.257561022661162724e+02 -1.624720827534596598e-13
-9.807443395727966973e+00 9.223500767117769783e+01 2.847201467559408528e+01 -1.080977304644008257e+02 4.764097233670296987e+02 -1.304034346935960730e-13
-7.038879244836239479e+01 4.511545884653319831e+02 -2.782424234812706487e+01 -1.177362383771859697e+02 6.380282645982414351e+02 -1.550368504103329927e-13
-3.778669426070965187e+01 8.591112465817083432e+01 3.868271804097175703e+01 -1.271687879067717830e+02 5.438319946024363389e+02 -1.234498386436015076e-13
-3.588856250543756943e+01 3.755637522136512274e+01 3.878435148919127329e+01 -1.197913379989202269e+02 5.291490059806841373e+02 -1.226736600078250142e-13
-4.204131855124635564e+01 1.945385302000004515e+02 4.784246644965843842e+00 -9.852882017061419617e+01 4.886515736928454885e+02 -1.285835724319067543e-13
-1.192911939649136599e+01 -1.045998735502584083e+02 5.359621943436114577e+01 -1.045674776974708493e+02 4.364275277653518970e+02 -1.108973626586509763e-13
-1.288522340075314609e+01 1.524530673402705077e+02 1.295825006679456948e+01 -9.428320160745273881e+01 4.386744710248397041e+02 -1.314468515030276984e-13
-4.098575379551331110e+01 2.863234049369669378e+02 7.302219420771051794e+00 -1.300429028310709612e+02 6.168699692743005016e+02 -1.594185033439487209e-13
-4.955239453709427266e+01 1.776405755236648645e+02 1.744120709468689512e+01 -1.239357979839032282e+02 5.907688913781224755e+02 -1.468826639587660523e-13
-1.699425436995115613e+00 -3.700638517873392885e+01 4.213310542275659998e+01 -1.045393549739281838e+02 4.599911312680296192e+02 -1.216952414413858960e-13
-2.691263711020488714e+01 2.453712654486079430e+02 -1.427271002212169115e+01 -7.195788349915004289e+01 3.947680182750218023e+02 -1.212516558526368379e-13
-3.433140204361546211e+01 -1.282315755011346994e+02 8.807043899514067675e+01 -1.697278036436017601e+02 6.709252704919591679e+02 -1.216580911398836735e-13
-1.017060211386686142e+01 2.579931762091501213e+01 4.484174586040293953e+00 -4.035196550162211793e+01 2.235680507582855512e+02 -1.044722297052566106e-13
-7.947819511591146124e+01 2.000742428728907640e+01 1.099680292845752234e+02 -2.627937552508344652e+02 1.047221172857495048e+03 -1.566451838573722092e-13
-8.951049016007590353e+01 4.824298489169259483e+02 -3.674093076134526736e+00 -1.794047489681291836e+02 8.748343125058888745e+02 -1.894141640524276253e-13
-3.117093921763699882e+01 3.445444676176213079e+02 -3.607680451916373698e+01 -6.845627611066537099e+01 4.380296043887389601e+02 -1.312509188009868913e-13
-6.739956045746622237e+01 5.670455674938194761e+02 -4.522272840283306294e+01 -1.051966395350372636e+02 5.799945036643950971e+02 -1.594566857629933296e-13
-2.398875263125981760e+01 9.619564678575578398e+01 2.265792463089895037e+01 -9.815399059199029352e+01 4.439092239776682050e+02 -1.255308443701246467e-13
-2.498915526564073630e+01 7.044738735105377714e+01 3.677125237980096983e+01 -1.281047936116817993e+02 5.737499785125761491e+02 -1.315589084251611833e-13
-1.479717562417384791e+01 -2.555030332596428622e+01 4.040299516379490541e+01 -1.090988043360987518e+02 4.933065020813828028e+02 -1.159633616929641838e-13
-1.186258147354616455e+02 1.002251500750295804e+03 -8.246544627798337501e+01 -1.985989238207614846e+02 1.126522925304165483e+03 -2.288482974432322929e-13
-4.616180598352061537e+01 3.243211731365052515e+02 1.189447183816837172e-01 -1.327204739734523855e+02 6.529619533992280367e+02 -1.656006973042124225e-13
-2.140919990098110404e+01 1.420700118333650721e+02 1.650636707149379490e+01 -1.032158247722437778e+02 4.836244318729498559e+02 -1.180903692893697882e-13
-4.885418221371349290e+01 2.167905399335168113e+02 1.166116558673418568e+00 -9.971738880289255746e+01 5.034646673272744124e+02 -1.305795429730642726e-13
-7.440196708529357750e+01 5.652433678829605697e+02 -2.264482784930277148e+01 -1.813420483877416984e+02 9.485348447714941358e+02 -2.035449311066213405e-13
-8.707878571249499089e+01 2.652434564873913132e+02 5.866470614224525804e+01 -2.365056140566163378e+02 1.018923664038308516e+03 -1.705123883529961928e-13
-9.325680499891235797e+01 4.957692881100596765e+02 1.268004740360271398e+01 -2.245104111119829611e+02 1.063448165281551610e+03 -2.001977559820012691e-13
-8.640050680728188581e+01 6.013334466507106981e+02 -3.131239184907385820e+01 -1.621773205224432388e+02 8.486982896611724527e+02 -1.666432650025726674e-13
-1.560519501422515276e+01 1.869585818664621115e+02 -1.176500957068832731e+00 -8.270653614421443933e+01 4.260583496895791313e+02 -1.317189467770325795e-13
-1.272065739061196723e+02 6.297996967771024401e+02 -4.385696969529839784e+00 -2.400131366281260910e+02 1.178467004302271789e+03 -2.059276294247099922e-13
-6.040569587087964010e+01 3.487840788439232256e+02 1.607068528530406226e+01 -1.728382961087386320e+02 8.024401182135368344e+02 -1.677817428011515044e-13
-6.960016828953317969e+00 -2.964850276424975206e+01 4.363860253183104021e+01 -1.165165798114502564e+02 5.254524141621974422e+02 -1.254877450934590896e-13
-4.919005144459961087e+01 2.613709665166858827e+02 7.440146651063076710e+00 -1.213061081145798994e+02 5.756022716072025105e+02 -1.425833173624168732e-13
-4.259152504325388122e+01 8.693956675429329550e+01 3.146718665950903926e+01 -1.276135912727618376e+02 5.923122237881241290e+02 -1.381484299192099042e-13
-5.664700660747027428e+01 2.391358582174930802e+02 2.730398814483696412e+01 -1.752286719121115084e+02 8.271635917070673258e+02 -1.652529716882597122e-13
-2.299418999683759424e+01 9.264890541383289246e+01 1.876877259708704315e+01 -8.423775553932071603e+01 3.778863034922586053e+02 -1.156042609417258641e-13
-8.703855637129214529e+01 6.109490251987627971e+02 -4.661163828308720980e+01 -1.342687473425143594e+02 7.520544270955598449e+02 -1.852067311656002960e-13
-5.724859392405894454e+01 1.823260918633964991e+02 4.889009536482990370e+01 -1.881962019919705540e+02 8.177782926669189010e+02 -1.412630718213245177e-13
-6.255105722065184892e+01 3.414460510880234096e+02 -3.202459109844974505e-01 -1.373026883607465152e+02 6.739869094181918854e+02 -1.489791319591321504e-13
-1.307528763965422947e+01 1.770514129124330927e+00 2.942113932859169001e+00 -5.520950874920530538e+01 3.510122985010021353e+02 -1.017889747345714941e-13
-1.235809050254462882e+01 1.294143002373869678e+01 2.565234377923320608e+01 -9.081249433078274080e+01 4.365971610336466142e+02 -1.070922196929249675e-13
3.837448802876318954e+00 -8.558490473339711357e+00 4.092189528772685492e+01 -1.154090364216856557e+02 5.199060656396299009e+02 -1.330127436636412629e-13
-1.166463125803439169e+02 8.067310623449382092e+02 -4.081124176247886481e+01 -2.069179792043666453e+02 1.059291109928410606e+03 -2.186457381272776253e-13
-6.425310015106295225e+01 3.973653110100487424e+02 -3.497819406820021726e+01 -1.081336733696068535e+02 6.588862175414922149e+02 -1.523360787759822745e-13
-3.609580588825403424e+01 6.764002716644608881e+01 3.408194948765251553e+01 -1.087096500695267167e+02 4.626585694526064572e+02 -1.219803000520612329e-13
-4.541705378671505144e+01 2.094782513429801725e+02 -9.930442281745868627e+00 -9.136887767771709434e+01 5.238372566274690598e+02 -1.262208223279040149e-13
-1.757609593383006086e+01 -6.703677104170090217e+01 5.157799011472532413e+01 -1.309799524138834670e+02 5.993038867529925255e+02 -1.212921572686012467e-13
-6.685734522602603924e+00 -2.943780035348888191e+02 1.071191193194783580e+02 -1.526418294404962808e+02 5.561756662789082384e+02 -1.013557171411524890e-13
-5.988657279203480499e+01 1.575302285860613551e+02 4.671477559765637011e+01 -1.698952921069273714e+02 7.269224789522526180e+02 -1.372071335498573393e-13
-1.422306800239602751e+02 1.111760744517242756e+03 -7.982659517777084091e+01 -2.755154963882909556e+02 1.546168820929553021e+03 -2.716106869220860886e-13
-1.057044679103153015e+02 8.084885634826615615e+02 -5.013838154153003757e+01 -1.960701455517454406e+02 1.044848998385733921e+03 -2.089599603553521840e-13
-1.338080531292320785e+01 -1.084744147455995034e+02 4.670898798816394049e+01 -1.058309783224224674e+02 4.919139903279939858e+02 -1.224947940620790606e-13
-7.810295974176965217e+01 5.131301714493100690e+02 -1.449311173089016869e+01 -1.708989926057636808e+02 8.644112289524798598e+02 -1.856939545548495176e-13
-6.375515009334409910e+01 3.289784293461987090e+02 2.786508197335308168e+01 -1.963255036077262048e+02 8.993180166758900214e+02 -1.678300075931117059e-13
-8.477315800454904604e+01 5.345670451105263510e+02 -4.770417769830669386e+01 -1.418549423237094800e+02 8.662402884322322052e+02 -1.777560933549055751e-13
-4.872443519769865361e+01 2.322597931042720063e+02 1.882105611001370349e+01 -1.304818405867525826e+02 5.857593901876325617e+02 -1.436780990754882532e-13
-1.787098936370930957e+01 2.838566833093887567e+02 -1.972142033507276793e+01 -8.325323898556003144e+01 4.773210550462860056e+02 -1.363379432823974120e-13
-3.160555063526672015e+01 2.171819398693191658e+02 1.567809599282886701e+01 -1.264359916905602432e+02 5.897937080333268796e+02 -1.361640324895905831e-13
-1.570144412585728411e+01 8.816783160203895875e+01 -7.780609122367911468e+00 -5.791360337313637530e+01 3.743682116331993939e+02 -1.131996632831764814e-13
-4.582509221980077285e+01 3.646618542489890729e+02 -3.002633276454011835e+01 -9.589450914861858166e+01 5.689195835109178461e+02 -1.435572231045940174e-13
-7.495698906182333587e+01 1.692382624997941889e+02 6.059880046075909377e+01 -2.073318755779819185e+02 8.810090118410654441e+02 -1.550628406067031441e-13
-7.818799957542147183e+01 1.914821114316307558e+02 5.001270426435468863e+01 -2.012688573422831553e+02 8.917355495841625270e+02 -1.561347618314082577e-13
-1.200890372743223367e+02 5.311523539925823343e+02 8.379799442703763646e+00 -2.286348933415088425e+02 1.092712789568432072e+03 -2.010166668268019519e-13
-5.339278671843402435e+00 -8.154267712782707633e+01 2.147359873268562680e+01 -5.240990394788218509e+01 2.746973200325751918e+02 -1.020272287173370096e-13
-8.532079142253377313e+01 3.699554508595650191e+02 1.371532525580236239e+01 -1.715606202547947134e+02 7.933741606810116309e+02 -1.479872339617540686e-13
-2.663557870255922566e+01 9.402736102663423878e+01 4.802783262169705836e+01 -1.808601616700575789e+02 8.389318541362094948e+02 -1.468130966284832673e-13
-8.831585845854475281e+01 6.441453549211969403e+02 -4.219691802271324121e+01 -1.631297888730512398e+02 8.933738167893693571e+02 -1.919101848357805640e-13
-5.912943754632610194e+01 3.099096095538247937e+02 -8.644888723547555998e+00 -1.282296427975360302e+02 6.895402882241096449e+02 -1.507764029530311584e-13
-1.214587008947550970e+02 7.940896886294220849e+02 -4.895325199584377884e+01 -1.898617716052752371e+02 1.006105434083895602e+03 -1.959854663338387173e-13
3.065207107574130507e+00 -1.158314589665154557e+02 3.902360623834847075e+01 -7.913705824163177738e+01 3.671208719258098654e+02 -1.155470308698832204e-13
-3.629964902853008368e+01 3.105449205370190953e+02 -1.761092404348064733e+01 -1.010684091164567064e+02 5.639348190360941544e+02 -1.503445071287757708e-13
-1.144853923716576247e+02 3.726369148429379834e+02 5.119974626025123854e+01 -2.671822038300708755e+02 1.194014247384578994e+03 -1.873161449224073987e-13
-5.929581395449301340e+01 2.770505288230449423e+02 2.788625445254603985e+00 -1.286332509157237780e+02 6.431423232291164140e+02 -1.413789978915386842e-13
-1.907499835536390620e+01 1.095674590912323367e+02 2.040451758760509904e+01 -9.482405227576754214e+01 4.261294076873758740e+02 -1.222938593655035620e-13
-1.024660182253684440e+02 5.769429724257684029e+02 -1.439563673588244974e+01 -1.855558389735457467e+02 9.153872053443183177e+02 -1.950779120381695184e-13
-5.237895505933156670e+00 3.272226209460120572e+01 3.834146513878749118e+01 -1.235636924565887966e+02 5.609046466482727737e+02 -1.426420407753101654e-13
-6.129723294334820594e+01 3.661977231031006852e+01 8.455771678075997499e+01 -2.164905963519725560e+02 8.865693967782227674e+02 -1.438192056861830703e-13
-2.598509924995148879e+01 2.826441368965549259e+02 2.423273345081672137e+00 -1.217032835051172697e+02 5.947797553442889011e+02 -1.608951921732306572e-13
-4.385394562986918032e+01 9.965798464690720948e+01 4.281344888694558648e+01 -1.396826495049915877e+02 5.913759023873157048e+02 -1.300705301363740709e-13
-6.123180587589981627e+01 1.912963540206008872e+02 3.880777789129059840e+01 -1.844432071441596293e+02 8.505693905586707615e+02 -1.496742703479752629e-13
-3.057942434286117006e+01 9.990389268362379482e+01 4.652623880724152450e+00 -7.811928529659550691e+01 4.218899654507553123e+02 -1.139736026211359131e-13
-1.153192435599759058e+01 -1.759104200031068643e+01 4.492266765214134239e+01 -1.114772404897516651e+02 4.744745005949026790e+02 -1.203001228753747310e-13
-9.313729083194134262e+01 2.594573904962714437e+02 6.601247194272283991e+01 -2.512644572553231228e+02 1.075308842799218837e+03 -1.843268363301794078e-13
-6.665081131351014676e+01 3.860059640332677304e+02 -1.003947346562473442e+01 -1.302025579751885118e+02 6.557706920556103114e+02 -1.481171926342955431e-13
-1.690571836711045961e+01 1.827985694282346429e+01 3.312524404978832138e+01 -9.776105999766048171e+01 4.314896486990848530e+02 -1.298132472693980504e-13
-9.903945195401579582e+00 -1.806164879506720240e+02 7.714235364091059921e+01 -1.387860253163704556e+02 5.714770017674571818e+02 -1.145766450109394883e-13
-3.683631570768405794e+01 1.261548943786019237e+02 3.745357377153386835e+01 -1.371024039034311954e+02 5.888924372902131381e+02 -1.383247434489323056e-13
-2.486035101528040059e+01 -2.107037856158476075e+02 8.382882233065170396e+01 -1.583158579121709977e+02 6.820502483397674496e+02 -1.113886486432009036e-13
-8.574019573254786053e+01 4.338047240708781374e+02 8.949108166881169169e+00 -1.920300550941589677e+02 9.145738338393578033e+02 -1.762591734375880754e-13
9.466121831108148754e+00 4.701792561901949341e+01 1.791175401375737763e+01 -8.418558753561912056e+01 4.165917264286038062e+02 -1.359454954611282517e-13
-2.289852347297176038e+01 1.522405208597037927e+02 9.981427880800674002e-01 -7.767899035028766264e+01 4.038569002840675353e+02 -1.135834191725480540e-13
-7.654174455322014126e+01 4.978865377320965422e+02 -1.384313197897164294e+01 -1.550197261308976522e+02 7.647019013981006310e+02 -1.714581108622375487e-13
-4.139945888919603334e+01 -4.136049886686581800e+01 7.280189887128564408e+01 -1.598509327024982838e+02 6.384867440200637247e+02 -1.247815943381823504e-13
-4.924420310426454961e+01 -4.168079457945209754e+01 6.967881562726743994e+01 -1.671037332095859256e+02 7.074993138904925445e+02 -1.296366379283200369e-13
-6.009472234861704720e+01 2.513589325788034898e+02 -1.152642903451566880e+01 -1.141109425346116950e+02 6.561555863666317236e+02 -1.373090909619796972e-13
-1.319908340617059928e+01 2.255835048873281323e+02 -4.750167831605570434e+00 -8.356044318929923520e+01 4.262936631096345650e+02 -1.327885751902797561e-13
-2.717174915283472458e+01 2.350920042468282745e+01 5.446194556841972911e+01 -1.349393403007753705e+02 5.408387181712776055e+02 -1.168984872963081090e-13
-3.260410395475025780e+01 -5.539347047734493401e+01 6.687567903070207365e+01 -1.394331766726099033e+02 5.495234812532103206e+02 -1.227472785780585455e-13
-4.062881671455926380e+00 1.377840269024991571e+01 3.097971525566386219e+01 -8.789648768673012569e+01 3.822327735207942965e+02 -1.088437517457166065e-13
-1.491934731342365694e+02 1.051758381615728695e+03 -7.305642033309706562e+01 -2.230240514105691432e+02 1.194012966069755066e+03 -2.432362368192647684e-13
-6.309245803561546495e+01 3.337478032845022540e+02 1.538472925585777418e+01 -1.698290373963068305e+02 7.976652063529303405e+02 -1.711232625777559339e-13
-3.951378551529857219e+01 3.355925104817779925e+02 -3.128339049045960252e+01 -6.822808456126630006e+01 4.123576927832545493e+02 -1.363596315511396870e-13
-3.968477379293629781e+01 1.910425472416847867e+02 1.221613682491241448e+01 -1.254513965174755867e+02 6.245894403831674708e+02 -1.424516684460523657e-13
-4.280691671675648990e+01 1.786960219299538721e+01 5.933324319815759651e+01 -1.742076670302170101e+02 7.777648231995293600e+02 -1.521390468463995145e-13
-9.257326734793393541e+01 4.992947070240826974e+02 6.492066238729309546e+00 -2.098217101974231582e+02 1.001763967169255352e+03 -1.930846588744439610e-13
-4.924450014232720463e+01 4.463146951291857931e+02 -2.592569143622135641e+01 -1.135415406072532107e+02 6.012190701767767678e+02 -1.531206956633234389e-13
-2.665901565462075951e+01 4.429496179054630289e+01 3.732650409108278211e+01 -1.164747645666734286e+02 5.112390687128387299e+02 -1.217139130425370607e-13
-1.138254539007630761e+01 -9.024589294013034646e+01 4.022671655008421965e+01 -6.822571600170695660e+01 2.672341477477974081e+02 -1.045933261710302632e-13
-5.172093082582248513e+01 9.081898837850619088e+01 4.436972617174897948e+01 -1.728317710776775584e+02 8.107629666749273838e+02 -1.456191397842810431e-13
-8.286333571025642186e+01 4.912143571508549940e+02 -3.839034173276255402e+00 -1.691603496740340233e+02 8.005574339028148643e+02 -1.733112723297830049e-13
-1.669566330812800103e+01 2.394393211969853041e+02 7.045394766043590273e+00 -1.114527273831151604e+02 5.280199883271112640e+02 -1.355107846504123129e-13
-6.647032756837840850e+01 3.307891549275070133e+02 4.279747438835957318e+00 -1.354313487019497870e+02 6.397619084242295457e+02 -1.505543380539450993e-13
-5.512387297263560271e+01 -4.516273057212636388e+01 9.971502690844228312e+01 -2.236887025319782367e+02 8.979687597762781479e+02 -1.454488546195718528e-13
-3.464192042991259513e+01 9.841810561526754952e+01 3.628528248250449906e+01 -1.497372911506697619e+02 7.017256273441341818e+02 -1.358610108954448448e-13
-1.126524224674397878e+01 -1.682213200422785633e+02 7.350944013719897896e+01 -1.255178459961753532e+02 4.964427656234743722e+02 -1.036294415292572974e-13
-4.591138296325232204e+01 2.817065940209959081e+02 -1.485263641407976110e+01 -8.179993805994460843e+01 4.379266879595602973e+02 -1.382269993131391810e-13
-6.969449285867989374e+01 3.428953101777025267e+02 -7.086215038835667279e+00 -1.339414260977022195e+02 6.936882148106018349e+02 -1.561581254048511321e-13
-3.022668123937714224e+00 6.931071627703047966e+01 8.921582566682925375e+00 -5.959760024127197653e+01 2.925109058741437025e+02 -1.065894208939218112e-13
-2.704530812742808266e+01 3.218096504296558180e+01 2.134582506859009854e+01 -8.503022526502512335e+01 4.111734397758824002e+02 -1.186869385598427509e-13
-5.552632553929651493e+01 3.257809951230283332e+02 -5.938161029204743535e+00 -1.197291083557914533e+02 6.033693819361498072e+02 -1.575893673300754648e-13
-6.982104764785610485e+01 4.260924982050994458e+02 -1.315044195436365548e+01 -1.524610756733286507e+02 7.958677423553650669e+02 -1.711208330097334097e-13
-1.792158015302904062e+01 -2.929981071848013130e+01 7.413300238011153453e+01 -1.680394668364034487e+02 6.761354538149965947e+02 -1.453412271319417217e-13
-4.633217465358550413e+01 2.683350835651103807e+02 5.470429323155983070e+00 -1.401986473880727431e+02 7.101181622896758654e+02 -1.449629136671040687e-13
-5.293420084583252816e+01 3.139703920590208668e+02 -1.724515395084598879e+01 -9.455224461793254420e+01 5.152630173646422236e+02 -1.358079874654873766e-13
-3.086162779355640851e+01 1.878073141931275245e+02 6.409988774873023765e+00 -9.654930755070328985e+01 4.698746262952316783e+02 -1.257583349275504737e-13
-5.744042409360574908e+01 5.244997924756049770e+02 -3.993379294389283274e+01 -1.163200946028360647e+02 6.521728425693612508e+02 -1.680617055131925229e-13
-4.601626300902859157e+01 8.323335497125597726e+01 5.575735569976761496e+01 -1.650826740602689711e+02 6.912592086504924964e+02 -1.402138782165820381e-13
8.577163638437873772e+00 9.654723568600675776e+01 -7.602816396123337483e+00 -5.751473786588588410e+01 3.643837693637059942e+02 -1.210247812801663760e-13
-1.653872566721882720e+02 1.127023559321714401e+03 -7.036091233617659668e+01 -2.664615490020455582e+02 1.413404996992630458e+03 -2.572747743413865715e-13
-5.549817447469649068e+01 2.338116725735765158e+02 3.490734965482063501e+01 -1.633695179364958392e+02 7.026190981605292336e+02 -1.445674810980451382e-13
-4.500116045355330385e+01 2.537733777390668877e+02 6.076893946326904050e+00 -1.067644034938305424e+02 4.921647209433077705e+02 -1.369956262728744989e-13
-5.928190731750177633e+01 3.149831419490477629e+02 2.152164126273390821e+01 -1.815152661021722338e+02 8.507002461225656589e+02 -1.752645538996215801e-13
-6.644531656819886223e+01 3.625618170019303648e+02 7.285401770856558379e+00 -1.652931815394122168e+02 7.978878240484747266e+02 -1.679958006963726968e-13
-1.395825150586153711e+02 7.290534424127012016e+02 -1.091346994883054933e+01 -2.482189237415580862e+02 1.202467632241482534e+03 -2.224321428210580401e-13
-1.632807012926017975e+01 1.692879589782535277e+02 -2.966941024082806688e+00 -1.011398304437693128e+02 5.744574852375393448e+02 -1.365886857789427197e-13
-1.089857066722628360e+02 7.338768086833522375e+02 -4.264535580545568649e+01 -1.771195955626359932e+02 9.243000808606180954e+02 -1.914013660287989678e-13
-4.555710553848540911e+01 3.027013692205209736e+02 -1.830272672196461414e+01 -1.069781650052743487e+02 6.138690521617779723e+02 -1.502035706866625306e-13
-5.863769427824450986e+00 1.915187155296898993e+02 -4.830100726845720338e+00 -5.903116637662990485e+01 2.869525197214602485e+02 -1.132622141636572543e-13
-2.761808515094064376e+01 -2.762323761988820792e+01 5.711156716079609197e+01 -1.312487081697541953e+02 5.366544107070590144e+02 -1.080701664815467689e-13
-7.010370965457622106e+01 5.316788465005014359e+02 -3.143456165649866563e+01 -1.412811908314670575e+02 7.602309903348118496e+02 -1.893068910576310109e-13
