4.433285706686430785e+03 3.819505058135202853e+04 3.189723748703675483e+03 7.593389054581434721e+03 2.288141519736310001e+05 2.208817625091085210e+04
3.167891705680148789e+03 5.320010148891057725e+03 2.354867866929488173e+03 1.672084704706983393e+04 3.399437616275203764e+05 3.170370948371373015e+04
1.637608008640873777e+04 1.511150891972772661e+05 8.761958955124129716e+03 1.822159467962729104e+04 3.933970011532020872e+05 4.595232974181338795e+04
1.426447987762962157e+03 2.984403995158430007e+03 1.619505219484056624e+03 3.517286533007948037e+03 1.645430054652566905e+05 1.350334258993167532e+04
4.699283971574551288e+03 8.663691093023231588e+03 6.786339923231860666e+03 6.397234072073114476e+03 2.481771075742172834e+05 2.293911256092364056e+04
3.965337750722414057e+03 2.593479268100289119e+04 2.671203286729341926e+03 6.734727263360827237e+03 2.274919806014072092e+05 2.078090982951998376e+04
2.431104735773391894e+03 2.977012953978571659e+02 1.659457230118334110e+03 1.213182357765086635e+04 2.108326170409722836e+05 2.039642153692767170e+04
1.366541606315929130e+04 1.110484237112554983e+05 6.082425180718742922e+03 1.560268550051669808e+04 3.313152237081927597e+05 3.745522542042910936e+04
3.509280451222167812e+03 7.688099541623297227e+03 3.060102331070518630e+03 3.635729028519968779e+03 1.800037637037786772e+05 1.545050511187952543e+04
4.395280364029301381e+03 1.257842519825965792e+04 4.793130492527347087e+03 4.264013339783416995e+03 2.565192122636802087e+05 2.187001865453125720e+04
2.538491357508531109e+03 1.338508795914620532e+04 2.073152272251811155e+03 1.658755699300466631e+03 1.034034352611017384e+05 9.260825368332276412e+03
8.380563295959784227e+03 6.106100767642760729e+03 8.256058427809535715e+03 8.844560930073754207e+03 2.671382866380384658e+05 2.582811923619125446e+04
1.005127203046358591e+04 8.985346592519700062e+04 5.633832998591381511e+03 1.552109552543148675e+04 3.483643048897559056e+05 3.732310920727542543e+04
7.101474515263900685e+03 2.819554591124749277e+04 6.382503372160763320e+03 1.289213192695130783e+04 2.388012491190436704e+05 2.603757316880974031e+04
5.459769085335133241e+03 4.428176006700196922e+03 6.272450721007851826e+03 4.535884027489643813e+03 2.033228444013042026e+05 1.864949233935998200e+04
3.152074135443250725e+03 2.119113108693276081e+04 2.538719653512120658e+03 6.203725455617625812e+03 1.939257769999991870e+05 1.799136069318318550e+04
2.702190071646838533e+03 1.251693385233397748e+04 1.496489948935890652e+03 5.059428882465287643e+03 2.311793157813792932e+05 1.910116750574161415e+04
8.601628551370499736e+02 7.604015214645177139e+02 4.576095839959977525e+02 2.222346525275161184e+03 9.182080263774807099e+04 7.415625171214216607e+03
5.019241841455750546e+03 7.803711362951915362e+03 3.451708230270928652e+03 9.343849951718762895e+03 2.682101264647371718e+05 2.413888237766030215e+04
5.924508312522478263e+03 9.107000436970591181e+03 5.592095362570636098e+03 1.427669723409428298e+04 3.102868725525500486e+05 3.018666441285489782e+04
1.123773583912144204e+04 9.794615803591726944e+03 4.706637792493748748e+03 1.740375159305331908e+04 4.634304339073984884e+05 4.155335033752761228e+04
4.956796804751226773e+03 9.811561587288526425e+03 4.048840140897294987e+03 7.153808748641287821e+03 1.972544716643989086e+05 1.873288027125120061e+04
1.687837932403688683e+04 1.575077188343437156e+05 9.187781244217825588e+03 1.201709874555785973e+04 3.940362432067981572e+05 4.368957486409780540e+04
7.888398149165322138e+03 4.310424412618795759e+04 4.469681702735434556e+03 8.148444066357377778e+03 1.912949986330013780e+05 2.061027800197741090e+04
6.241793243988108770e+03 5.117466833979290823e+04 3.776296189576682082e+03 5.065499696170491006e+03 2.345354364145925501e+05 2.222490661761197407e+04
6.728348306601611512e+03 2.080012244261845990e+04 3.016236071695564078e+03 1.189255051427623584e+04 3.143869873012026073e+05 2.885243169771843168e+04
5.306891345193770576e+03 4.282285952675848966e+04 4.010030582510275053e+03 5.512862498640324702e+03 1.455953423586055287e+05 1.613270187039335724e+04
6.972144282426300379e+03 2.723190405871110124e+04 5.919967463684085487e+03 5.801099025955714751e+03 2.628574197807536111e+05 2.420206707078757609e+04
1.243849728975839389e+04 5.449204056670640421e+04 7.142902801761677438e+03 1.745028720862260889e+04 3.329077986828084686e+05 3.605699905733913329e+04
1.664716794430613299e+04 1.128385085916060343e+05 9.341520556023780955e+03 1.830258772988912096e+04 4.961003239140218357e+05 5.125296068627623754e+04
5.643963328023560280e+03 1.249159119003631349e+04 2.854158101884989264e+03 1.012008234490742325e+04 2.473744511591287446e+05 2.306280661503112424e+04
1.011274612135212919e+04 5.856521918654156616e+04 5.480376536282139568e+03 1.819367659458297567e+04 4.311262994968352141e+05 4.248410157190577593e+04
1.917081324838099363e+03 1.895816264539704207e+04 1.020383839188032084e+03 3.966448263988148938e+03 1.390852734339234012e+05 1.252615005498485516e+04
1.092781300363527953e+04 4.773041431817197736e+04 1.149970550687877585e+04 2.071225409567635870e+04 4.371875479555107304e+05 4.608946111897718220e+04
1.928153880563414714e+04 1.514886473055845418e+05 1.417191637647473544e+04 1.879471776369562212e+04 5.600751995975407772e+05 5.977282516834820126e+04
1.237025840936116401e+04 5.116816674391551351e+04 9.816703063358119834e+03 1.042695581631891037e+04 2.466716266157932405e+05 2.806915074922762142e+04
1.847353418357744886e+04 1.370505153184693190e+05 1.198279809964942433e+04 1.697228665736647235e+04 4.579700273628699942e+05 5.042322179170040181e+04
2.005287496913320183e+03 2.041337504594964412e+04 1.130873137617366865e+03 3.696217696511188478e+03 1.476115921899394307e+05 1.309705534717477531e+04
5.447691266324067328e+03 1.456818479739702889e+04 4.620959786454998721e+03 1.514057591100393256e+04 2.052683775468868262e+05 2.336532886488495933e+04
5.009696860784927594e+03 2.594352306667486482e+04 4.949491174316090110e+03 7.935454348597398166e+03 2.755967418349192594e+05 2.554193275440889920e+04
5.962363732368594356e+03 1.611288456171529106e+04 3.070963146582471381e+03 7.345808857519718003e+03 2.034738586404550006e+05 1.912820359366459525e+04
9.492800620910024008e+03 7.864497492229289492e+04 6.320247725951757275e+03 6.980240910986225572e+03 2.770622530941811274e+05 2.840672549216022890e+04
3.195999398155920790e+04 2.483169334424263798e+05 2.159660584725483568e+04 2.705769231982289784e+04 5.266068480245894752e+05 6.924909266001888318e+04
4.774177800075284722e+03 2.718581908375534113e+04 3.699396481624958597e+03 1.435404216473684028e+04 3.035457642451480497e+05 2.984671450456165257e+04
1.060689090640816721e+04 9.150262669194802584e+04 5.737089387310840721e+03 1.325243806901095559e+04 3.338753840380533948e+05 3.544884008799364528e+04
4.256766870670503522e+03 1.179685810068083083e+04 2.564577294787050050e+03 4.438417406121082422e+03 1.852631935791231808e+05 1.615686958074312679e+04
2.165474296737233090e+03 9.858350123137528499e+03 1.377770166496750562e+03 7.595415281127285198e+03 2.706056596720131929e+05 2.271699506801718599e+04
7.711648532908010566e+03 4.362361368201178266e+04 4.930978868195275027e+03 1.733693365509156138e+04 2.818450488398195594e+05 3.108007387786133404e+04
1.457267976098441432e+04 1.065299555634919234e+05 7.798928430727701198e+03 2.130380928726048296e+04 4.239847207305512275e+05 4.678251361515698954e+04
4.712340210167209989e+03 3.903929156668588985e+04 3.157384277316262342e+03 6.093973394051486139e+03 2.572287621393740992e+05 2.334914524458102460e+04
1.927236481276574705e+04 1.393413174025561893e+05 1.170657902340196051e+04 1.446093912880976677e+04 3.419825526806961279e+05 4.148061831898283708e+04
4.735224067039654074e+03 1.117479445100942394e+04 4.992112812328975451e+03 5.125594266668314958e+03 2.218954965737651510e+05 1.994717249380126668e+04
4.291158878987803291e+03 2.061699925192818409e+04 2.275572896915491583e+03 5.959514520757330502e+03 1.774969087628877023e+05 1.663409159577187529e+04
6.761266151970602550e+03 3.898648463705016911e+04 3.917747545262657695e+03 1.624748820736449670e+04 3.542160196537388838e+05 3.478888981726748170e+04
6.039963615700410628e+03 3.484941049820277112e+04 4.463192697639537073e+03 1.244633970670736744e+04 3.934984365684138611e+05 3.574265613087958627e+04
5.522429458937476011e+04 4.432285772275120253e+05 3.457853912537963333e+04 4.579190585579574690e+04 9.635311275858841836e+05 1.223467142518207402e+05
7.879334973942968645e+03 1.385880812755353327e+04 5.445460214309034200e+03 2.884416954045182865e+04 4.563245466890747775e+05 4.676813926571393677e+04
3.701888295742228820e+03 6.411121152909181546e+02 2.212084194718863728e+03 6.992274863274640666e+03 2.049253526542420150e+05 1.793030005187615461e+04
3.350324643638961334e+03 2.489147603828985666e+04 1.382963177554195227e+03 1.449271096761233639e+04 2.415631489840021823e+05 2.462840810104656703e+04
3.973846905542086915e+03 9.838901014717182989e+03 2.030609969203421088e+03 1.334356927822185753e+04 3.061843957512337365e+05 2.798969437245274457e+04
2.244416123596451598e+03 1.410937222035875129e+04 1.595955722337499992e+03 1.045439234947625664e+04 2.376643704261649400e+05 2.209852280298339247e+04
8.480244578067895418e+03 4.457377103030929720e+04 5.536612413855778868e+03 8.211283192685159520e+03 2.088438889000276104e+05 2.235166199617267193e+04
1.721748403306489126e+04 6.997038230275604292e+04 1.235333472052079014e+04 1.806154824753160574e+04 4.047225638608758454e+05 4.417551469418527995e+04
2.554701734906685942e+03 9.229110137296149219e+01 1.258980121771114455e+03 4.577238521094735916e+03 1.580918454114694614e+05 1.325023780094325593e+04
6.451714253309932246e+03 2.087114841282265843e+04 7.036321875836921208e+03 1.688216866934130667e+04 3.758800997084561386e+05 3.698116865154043626e+04
1.086680642555370832e+04 4.029053239986461995e+04 9.555653957462400285e+03 8.028021994337256729e+03 1.470046634256856341e+05 1.963016139554370238e+04
3.976925067870966359e+03 3.054114591607437978e+04 2.295651970337635703e+03 6.752977082588147823e+03 1.939385883475956216e+05 1.859836542159211967e+04
1.210710739213795569e+04 2.630759369428400305e+02 5.046743702779479463e+03 3.451137458550254814e+04 5.547779208709432278e+05 5.510820213637416600e+04
5.531397880572484610e+03 3.613086954852809140e+04 4.288635454867822773e+03 7.407824753942617463e+03 2.420772623690557084e+05 2.326794367395345034e+04
1.845436063196490795e+04 1.198188720667418602e+04 2.584688500595583537e+04 1.111816131468616913e+04 5.096093455390099552e+05 5.103853362918139464e+04
3.855534589979316661e+04 2.807659226168291643e+05 2.107992910347703582e+04 4.048337061678533792e+04 6.680013208919772878e+05 8.621268083406954247e+04
3.868668596466501185e+04 1.738551811957198079e+05 2.452350681935774628e+04 4.393395907991829881e+04 7.372184013951824745e+05 8.862388641254113463e+04
1.094234654174321076e+04 9.621620110797234520e+04 5.467080264942104805e+03 1.046329906046657561e+04 3.525985147967255325e+05 3.556374001170820702e+04
2.311923536475635501e+03 6.169093363128290548e+03 2.423591262518821168e+03 3.194412052779272926e+03 2.040485226191845431e+05 1.651865094229246461e+04
4.823557972489872918e+04 1.644364608699498640e+05 3.282774858566032344e+04 4.902730788004342321e+04 7.813412810176414205e+05 9.700857276827546593e+04
9.985125731499198082e+03 3.488625960606154695e+04 1.019063255871696128e+04 2.057960896163441066e+04 3.517624693454096559e+05 3.908407884965680569e+04
8.253086391742619526e+03 6.142699757739922643e+04 5.219237056081327864e+03 1.259741880718112952e+04 2.100284793870110880e+05 2.511162156145954941e+04
2.166643786859900501e+04 1.518934613833947224e+05 1.914036913740776436e+04 1.463266196499448051e+04 4.154646301296465099e+05 5.032621618661692628e+04
1.336441634370233805e+04 1.407813667512855682e+04 1.005726147445516835e+04 2.452647302570736429e+04 4.477447558482618188e+05 4.623760292297059641e+04
3.969821874835566632e+03 1.133897264605945020e+04 3.357847291618411873e+03 1.786253250371459580e+04 3.141702756537511013e+05 3.121658581041772777e+04
2.835299336435613441e+03 8.014114459609909318e+03 3.177839473185161751e+03 8.578278570412339832e+03 2.975779754405604908e+05 2.566032136259263279e+04
1.791969940440753635e+04 1.208434820378172735e+05 1.277511954163963492e+04 2.904647071702535322e+04 4.855341440013880492e+05 5.727668554817125550e+04
1.763776769324254019e+03 2.836065582747154622e+03 2.641129382685159726e+03 2.236669604048922793e+03 1.108709523300551809e+05 9.747376546112860524e+03
4.504744948270958957e+03 1.841122498615293807e+04 3.365914364988048874e+03 2.139155846662453041e+04 3.418452494891034439e+05 3.502711638788037817e+04
2.150840299068991499e+03 6.758591816508257580e+03 1.615900596494516549e+03 7.665821115969411949e+03 2.100131341167867649e+05 1.862270649323609177e+04
6.316848995469111287e+03 1.753797174596933110e+04 7.634938860392219794e+03 5.448767656719534898e+03 2.715429330783849000e+05 2.488665336966256655e+04
1.229246911121493213e+04 6.918742225047637476e+04 1.038968463424610854e+04 9.402659737530546408e+03 3.591045415605422459e+05 3.630662349198242737e+04
8.248369347879101042e+03 2.749777659419531847e+04 5.379415822459391165e+03 9.847260384122737378e+03 2.425835772867026099e+05 2.444819415799397029e+04
1.776689581088080740e+04 6.792618408896401525e+04 2.238210426592491058e+04 1.271802657071223803e+04 3.805147256148098386e+05 4.435317310073025874e+04
1.095531055761994503e+04 3.054488878253139410e+04 1.209187005412110193e+04 1.418188061760681740e+04 5.819156082136185141e+05 5.227595522112763865e+04
5.176649323446247763e+03 3.374460920753661048e+04 4.041349748449158142e+03 5.515960861741942608e+03 2.431011265841848799e+05 2.225668450350288549e+04
3.101201239527835787e+04 1.420640963367070653e+05 2.209065467806125162e+04 3.598163239224367135e+04 4.932699664587274310e+05 6.599857124867553648e+04
3.213841733904939247e+03 1.515786033113966914e+04 2.897919587593669348e+03 3.334328201327459283e+03 1.616336861586176092e+05 1.437828168688616643e+04
5.203627319408726180e+03 2.301026182607633018e+04 3.869625412320959640e+03 1.165871581772659192e+04 3.497797362266206183e+05 3.160442031944173141e+04
9.809440599050845776e+03 2.568446861804875516e+04 1.057179797484613846e+04 1.366238127414581868e+04 2.370525702161194640e+05 2.794996560334859169e+04
8.603617044933669604e+03 1.778020316808780626e+04 9.979033396387190805e+03 1.037727204909008287e+04 2.690539344158227905e+05 2.797032057456501934e+04
1.143760278662393284e+04 6.125500770412768179e+04 6.097422287703542679e+03 1.179098188165111060e+04 2.187786140278103121e+05 2.570555817316248795e+04
3.349408376028753537e+03 2.228576080079064559e+04 2.183003325338526338e+03 4.677681483208943064e+03 1.637968240164553281e+05 1.517565716374273688e+04
4.210247911855693928e+03 2.062825792545723016e+04 4.089488563590585272e+03 1.216946949780059367e+04 3.823140391018649680e+05 3.400055593908772425e+04
8.140253174962167577e+03 6.833835870532179251e+04 5.382216312202933295e+03 1.186470319682025729e+04 3.743134884243643028e+05 3.624221796966948023e+04
1.245078208792782061e+04 4.919471744084780221e+04 8.895281423079950400e+03 1.110859550145439243e+04 2.895330370117987623e+05 3.076537658499601093e+04
2.772472216255529929e+03 2.515342787140983091e+03 2.310142382304603416e+03 8.684076064755567131e+03 1.579599477535968472e+05 1.567142420291705093e+04
3.960700057717837353e+03 2.972591349489748973e+04 3.078486569971564222e+03 6.094260179634818087e+03 1.703673435303298465e+05 1.701224925197620905e+04
3.288262128487520840e+03 1.484596248809889039e+04 3.898933692500417692e+03 6.722193707485855157e+03 2.612992684001795133e+05 2.302977683198443992e+04
9.242035203589459343e+03 5.120928024761062989e+04 7.700054463826636493e+03 1.306441632085007222e+04 2.361203547252626740e+05 2.764167167767515275e+04
7.639502798343175527e+03 3.382016259942615579e+04 7.809511193548847586e+03 8.076693102810532764e+03 3.182953292906673159e+05 3.010027197680625613e+04
7.236748901519365063e+03 2.043196741289129022e+03 3.364350896664907395e+03 1.649776167633843215e+04 3.688359211587728350e+05 3.381917129718117212e+04
2.888367385669754003e+04 6.732209304038083064e+04 3.886252825001497695e+04 1.537032150758915122e+04 3.696586485609461088e+05 5.189689818851235032e+04
1.457742753558198046e+03 4.977045262224352882e+03 1.733093612623675199e+03 3.114359272664397849e+03 1.519555282095206203e+05 1.262206299459636102e+04
5.411953200010570072e+03 7.368566331011250440e+03 2.020018900666367472e+03 1.597726336769028967e+04 4.138544836572632194e+05 3.629567559853818238e+04
4.609412456037573975e+03 8.863979158988726113e+02 1.936022491009966416e+03 9.686859583215198654e+03 2.694756974552341271e+05 2.338350544376837206e+04
1.830899255856914169e+04 9.100091907149345207e+04 9.093249636809034200e+03 2.153446742515961159e+04 4.135771948543312610e+05 4.597651844988671655e+04
1.091081048978537547e+04 3.819715911771349784e+04 6.982052779045850002e+03 3.571963762656231847e+04 4.069980359245448490e+05 4.842589934432214795e+04
6.062942607159725412e+03 3.607144182577622996e+04 4.014656259302502804e+03 6.411808740858623423e+03 1.976732866124550346e+05 1.970992013008341019e+04
1.444534259407968648e+03 2.710286539718537824e+03 1.591976494296132159e+03 6.023908442289835875e+03 1.584401960200273606e+05 1.420089511834303448e+04
7.814057111186597467e+03 3.144648242015788855e+04 4.735416508959071507e+03 2.544799521757187904e+04 6.355561851743580773e+05 5.785149827850276779e+04
2.316719143974166855e+03 5.253922926213050232e+03 2.583605956271828290e+03 9.899994567512661888e+03 3.136702801167955622e+05 2.694762436782339500e+04
1.231552616389079958e+04 1.236566592297935313e+04 6.612777453618901745e+03 1.951710282971543711e+04 4.069067836738150800e+05 3.965611844382029813e+04
3.295796127925737892e+03 1.594170899219454623e+04 2.233580483968561566e+03 1.902562009602267062e+04 5.157395189033304923e+05 4.504303115212973353e+04
1.737882343503788798e+04 4.078646691156301677e+04 2.451611826049413503e+04 1.474694935801304200e+04 4.688661088469933020e+05 5.079038341951141774e+04
1.896390613490240139e+04 8.744382267387706088e+04 1.147589933592119633e+04 3.342110196805747546e+04 4.086553455123985186e+05 5.187156592950601771e+04
6.343654259041349178e+03 1.203692542670464263e+03 2.172826331007891895e+03 1.749208124192916875e+04 3.148252067908754689e+05 3.008086774613928719e+04
1.458049610253232640e+04 1.364958335677099531e+05 7.280571645264389190e+03 1.220343512033871411e+04 2.859738056946246070e+05 3.464393030066283973e+04
3.269556895130039720e+03 3.066816974584786294e+04 1.570507599190811561e+03 1.057322114057930958e+04 2.297240761012150615e+05 2.242641965517446806e+04
9.673954149962037263e+03 7.318757381313773294e+03 3.697856070019814524e+03 1.421798742599800426e+04 2.163231575797948171e+05 2.293511022570760906e+04
1.316942945297184087e+04 8.406797411439759890e+04 1.211448946883917051e+04 1.190085774180119370e+04 3.215013980417117709e+05 3.638680258587079879e+04
1.175755235686948981e+04 4.445775759611957619e+04 5.786830318341296334e+03 1.393304267600396815e+04 2.803963278569356771e+05 2.985366115522323889e+04
1.254786529408216211e+03 6.942164324684568783e+03 8.308196879215628314e+02 5.986707045592458599e+03 1.463702567901098519e+05 1.325349007308870750e+04
3.814462151785552123e+03 1.598048872631934864e+04 2.480920482357372293e+03 1.160239224115433717e+04 3.070062314686152968e+05 2.775559724960175299e+04
9.646484840550880108e+03 5.867772972992276482e+04 4.024507172870749855e+03 1.727801402872620747e+04 3.676848048347889562e+05 3.718096798148249218e+04
4.001355754429943318e+03 2.036788107970670171e+04 3.815232915535475513e+03 8.943590608046157286e+03 3.030564879555513035e+05 2.707992731366477528e+04
6.730608611895840113e+03 2.527401354383791113e+04 3.494350840116628206e+03 9.414372620380852823e+03 2.746206283173253760e+05 2.548461142048334295e+04
1.208047930994860326e+04 6.025296249053387874e+04 7.611625922136745430e+03 2.000014624311560328e+04 3.421894173113311408e+05 3.832134471616164956e+04
7.567498812118453316e+03 2.132241151335490940e+04 8.129186814928476451e+03 1.756605232879249161e+04 2.878914424870515359e+05 3.186577114515460562e+04
6.225537193190953076e+03 1.434193024217689526e+04 3.602620631693519044e+03 9.310936830223305151e+03 2.937202888472112245e+05 2.622831698649256214e+04
4.097980170619316596e+03 9.820719912941814982e+03 3.893801243103471279e+03 1.712369620324975040e+04 2.984516544721031678e+05 2.998119891273441317e+04
1.004217466452243207e+04 5.268108915840620466e+04 5.290663033005358557e+03 1.128394730390784571e+04 2.613357144675881427e+05 2.756670851576213317e+04
5.780657260173297800e+03 4.714711142255819141e+04 3.359273895200674815e+03 6.857124011488610449e+03 1.929030200541154773e+05 1.985584753422564609e+04
4.720679583250913311e+03 6.816443947264438975e+03 6.650483218256190412e+03 1.058016310586350846e+04 2.974335982501581311e+05 2.799358311910007615e+04
4.196965186515193636e+03 1.426338261781172878e+04 2.604136917507513772e+03 5.825789257913863366e+03 1.461542012145215995e+05 1.429283892011436001e+04
4.596644548730745555e+03 2.708058450103739597e+04 3.064543483950469636e+03 5.161354907497203385e+03 1.677555960583500273e+05 1.627785954586949083e+04
2.007800546378951185e+04 3.399892052273255104e+04 1.773032659436624817e+04 3.970535341169039020e+04 6.014755061716154451e+05 6.773437270511570387e+04
1.787470829023521947e+04 2.900855723736870277e+04 1.097929881589286742e+04 3.192482617930586275e+04 5.317805961572151864e+05 5.637134599839331349e+04
1.184735742600742469e+03 2.278296902297655834e+03 8.834845140716079186e+02 2.809972025144433246e+03 9.858617175753292395e+04 8.395057185740715795e+03
1.691941326858307320e+03 1.181671839512308725e+04 1.289254394299892283e+03 4.613082295231941316e+03 1.882266017088819062e+05 1.588637789480405627e+04
1.941107243382361048e+04 4.978959852767555276e+04 1.123170458411864820e+04 2.278528456028495566e+04 3.552655207034663763e+05 4.150315030975748959e+04
1.257928699048895214e+04 1.003439046601936861e+05 9.673952646005533097e+03 9.586397149399097543e+03 2.933603093013764592e+05 3.320060655840035179e+04
1.346998642281747925e+04 1.922767321036141948e+04 1.479490451933126315e+04 1.977700417004133487e+04 6.668056389428836992e+05 6.112099968995215022e+04
3.887177059376329908e+03 1.020669466091950380e+04 1.667143286572221086e+03 4.963996409944396873e+03 1.533616197643354826e+05 1.378330236734904065e+04
5.430653398931603988e+02 4.217070852451396604e+03 2.698444218644414150e+02 4.106817492066087652e+03 1.297708948234902782e+05 1.091032500272392099e+04
5.404768797879156409e+03 5.137958900042308960e+04 3.226815741130351853e+03 9.312159583751579703e+03 2.315153647723793401e+05 2.371531290127661487e+04
2.442706333605811324e+03 7.994810444482975072e+03 3.188671259482905953e+03 3.034605885230642343e+03 1.779069336697609106e+05 1.510825286094225885e+04
4.340366063994213619e+04 1.569591200629072846e+05 2.962239348310816058e+04 4.517339406874765700e+04 5.421216129158590920e+05 7.742438107111555291e+04
4.016932142846751503e+03 2.244269957664396134e+04 3.724793308830083788e+03 4.098645928299948537e+03 2.138997760625799128e+05 1.895613714584682748e+04
6.062827610736186443e+02 1.545449421702829341e+03 6.835917531144044688e+02 6.206379955152563525e+03 2.194488248235821375e+05 1.793760335317049976e+04
1.564007137854842085e+03 5.091628297207885225e+03 1.343408378177622808e+03 9.350754481612219024e+03 1.905669267215593427e+05 1.787672664064147466e+04
9.944228280935796647e+03 9.550262238076733775e+04 5.028501800894255211e+03 5.983165795869775138e+03 2.134213168127461104e+05 2.395252947610520641e+04
1.828802776134720625e+04 1.091148165929384122e+05 1.111200959468287692e+04 3.740210480532693327e+04 7.033599474171713227e+05 7.440865892589103896e+04
3.444606553442808945e+03 1.246003338611575055e+04 2.001362768389141365e+03 1.016652763395841612e+04 2.583353391525842308e+05 2.345184482895393376e+04
7.200825860361282139e+03 1.636393553415390306e+04 3.221894994480722744e+03 1.235874274990984486e+04 2.509300028452525439e+05 2.466433523835684900e+04
5.727156925341842907e+03 1.004450665348608345e+04 2.860234293519008588e+03 1.295975474759503959e+04 3.437341190594382351e+05 3.070952889260059601e+04
4.128582828893432634e+03 6.739358897685801821e+03 5.098271161598126128e+03 2.416908535149955242e+03 1.865045997620402777e+05 1.616830577497883678e+04
1.008876911998346441e+04 6.080955580306743650e+04 7.832509400436471878e+03 1.291357264350191690e+04 3.522020835772083374e+05 3.591311544427811168e+04
2.661743483152474710e+03 1.274581753186850074e+04 2.976084425344426563e+03 7.978147903825394678e+03 2.283227676022524538e+05 2.087798825228939313e+04
1.541909958281397121e+04 7.582856970427266788e+04 1.127079482269692380e+04 2.256347406686023533e+04 5.679141580447906163e+05 5.701056045944308426e+04
2.275392055171355969e+04 6.804069002121660742e+04 1.177199286821645910e+04 3.530141084720060462e+04 5.988332770165242255e+05 6.468083125980593468e+04
2.021785661389800225e+03 7.342067057102269246e+03 1.230717968396184688e+03 1.283684230926988675e+04 2.759832676420886419e+05 2.526090075253878604e+04
2.196060806584168859e+03 7.686646525266426124e+02 1.327054678552174209e+03 9.110628040295425308e+03 2.667739769731730339e+05 2.267288507244461653e+04
1.280802513530183660e+03 5.042783897848197739e+03 1.369919709329646366e+03 2.773401729181404789e+03 1.478020993645281123e+05 1.203522310716413085e+04
1.229472708210020210e+04 8.696117030928688473e+04 6.254694994751506783e+03 1.706543544318916975e+04 4.135406724822357064e+05 4.252972684296809166e+04
3.631880554699490403e+03 4.449896142232113561e+03 3.759818344418889410e+03 1.507128390473279069e+04 2.692994149157633656e+05 2.676890107691290541e+04
5.317192615167901749e+03 3.162214922522338384e+04 3.878839043469160060e+03 1.721903360923352375e+04 4.076267726927021286e+05 3.843949124929275422e+04
6.756455147913903602e+03 5.932633291359084978e+04 4.003527939169557158e+03 1.359287529642548179e+04 3.123819701720363228e+05 3.181800659319291663e+04
1.241313015925190848e+04 1.120247851242894103e+05 6.752751750141718730e+03 1.126022225419142706e+04 3.384710375502076931e+05 3.631020198691574478e+04
1.298820448192421964e+03 2.088039421488376775e+03 1.843371695259412718e+03 3.968763031592191965e+03 1.724730185870486021e+05 1.429302284793113904e+04
1.145136471817494794e+03 3.486481725937979263e+03 8.741231667843596824e+02 8.523965667396894787e+03 2.810182362634394667e+05 2.330487271471969871e+04
6.525595853008239828e+03 2.263683257737923486e+04 4.013073924666450239e+03 9.697752762729343885e+03 2.193538657747739926e+05 2.198867880911239627e+04
8.649225821983441710e+04 4.563224785983357579e+05 5.938033496649524022e+04 6.795835429482806649e+04 7.490648945311433636e+05 1.292845678930184076e+05
1.964657675670092067e+04 6.914493412458781677e+04 1.028475489547673715e+04 2.912778676986274877e+04 5.414352007036000723e+05 5.744215197741760494e+04
9.255339709433968892e+03 1.318497043681329160e+04 9.346983458874805365e+03 1.206780845823578056e+04 4.152243627968818764e+05 3.806631410061619681e+04
1.683387560442202812e+03 1.242282454020691875e+04 1.187440950571071880e+03 5.982805512173396892e+03 1.988721185080847645e+05 1.720785235417592776e+04
2.287497001554176222e+03 6.962617135334709019e+03 2.275608638527111452e+03 7.350458108331280528e+03 2.280886945457442198e+05 1.999034296257038659e+04
6.789157945744230346e+03 3.447967620424781489e+04 3.207015171187677424e+03 5.869563383735961906e+03 1.618498387722673069e+05 1.662834572705831306e+04
4.423623251089034056e+03 7.965093015155518515e+03 2.949287755590171400e+03 1.340316057930553325e+04 3.934766329074064270e+05 3.419120775573490391e+04
3.374390713213123036e+03 2.481441134439663983e+03 4.096223511204875649e+03 2.929252997151942509e+03 1.761010844561608683e+05 1.505762837936871438e+04
1.219880279355672974e+04 1.462545682190962907e+04 1.787808737014848521e+04 8.166338082807814317e+03 3.980679077847998706e+05 3.889709064541701810e+04
8.693167185422307739e+03 5.437486198236182099e+04 7.369735588729286064e+03 2.244854211607176694e+04 4.914383905201982707e+05 4.907181748522018461e+04
1.184603266114683174e+04 2.286373031677111794e+04 1.216876363254522403e+04 1.009587260494049224e+04 4.464807490436575608e+05 4.097218242587285204e+04
1.104626737418100129e+04 9.462715198744980444e+04 5.391885588152548735e+03 1.020695035312296204e+04 2.608939100069729320e+05 2.916878072057345344e+04
1.746468825584707929e+03 8.164366925761489256e+03 1.560888813753504337e+03 5.431146493175277101e+03 2.097454202010795125e+05 1.764004860867624666e+04
3.849126759086954280e+03 2.881675374890389503e+04 2.313355138177345907e+03 6.285205763138619659e+03 2.260977910012232314e+05 2.047218420611141119e+04
3.425330675651043293e+03 1.295446643666264936e+04 2.311050002343585675e+03 3.590330069847628693e+03 1.778445266636277374e+05 1.522237924513971302e+04
8.094004747552323352e+03 7.392654817473952426e+04 4.741445514987029128e+03 1.275724486340937983e+04 3.300634548761366168e+05 3.366980352642281650e+04
1.280869272502889180e+04 7.085983797555067576e+04 1.357247844340248048e+04 1.397040583142035030e+04 4.229128894591016578e+05 4.411859852383835096e+04
4.339899516879791008e+03 2.644020662419620930e+04 2.933170027128857328e+03 1.032593582685685578e+04 2.634625796189082321e+05 2.496209684286168340e+04
3.488811806993965092e+03 3.175308711279933050e+03 1.233489910201259590e+03 6.882436281805128601e+03 2.469135923748426721e+05 2.040825897010277185e+04
1.734584734561935875e+03 1.912771660520919568e+03 1.182039843545810982e+03 3.955976568774281986e+03 2.213325679017005896e+05 1.727975321016547241e+04
5.178042812198104002e+03 2.217608955997571320e+04 3.174388067792216134e+03 1.024216851955740094e+04 3.089222446969644516e+05 2.787484836889480357e+04
4.808984091293054917e+03 3.524009203858124238e+04 3.970086859444447782e+03 7.043266033578899624e+03 2.179621521435374743e+05 2.129973383969821953e+04
1.356015256831999250e+04 6.512289306714063423e+04 1.427055394622211497e+04 2.081511314800651598e+04 4.478393244649718399e+05 4.890731674807702075e+04
9.980448983468882943e+03 5.013931952314916998e+04 9.784020736904652949e+03 1.510010010185349529e+04 4.642605543735847459e+05 4.475222381859938469e+04
1.936624789063840217e+04 4.828493994683066558e+04 1.433449432883713780e+04 2.166039454147450670e+04 4.123765434800303192e+05 4.609888478310227947e+04
3.276177159493189174e+04 2.071303560246911075e+05 1.885454776296367345e+04 2.465271553426377432e+04 5.441483785402668873e+05 6.612179851144022541e+04
3.377807570541913447e+04 1.549468939314829186e+05 2.193001176260889042e+04 2.518923177598081020e+04 2.440872042467751016e+05 4.492658071514793119e+04
6.176679802595059300e+03 6.472740350497720101e+03 7.738976609353926506e+03 9.588143325448338146e+03 1.982879130661819363e+05 2.132873940703789776e+04
7.194594285425909220e+03 7.974033752768843442e+03 7.377204617264889748e+03 1.626968919784281570e+04 2.398292092953840620e+05 2.706239281117552309e+04
4.012275559259378497e+03 1.518353889714897741e+04 3.634641040479292769e+03 1.516543893710633347e+04 3.560880541726503870e+05 3.312589658245001920e+04
7.682287559068394330e+03 1.091685033653891514e+04 1.123262848716192093e+04 8.287760749616623798e+03 2.204158657622456958e+05 2.395496393267909298e+04
3.299997979599811060e+03 1.487047475124065750e+04 3.890994788910634725e+03 4.433364838610390507e+03 1.851976499239309633e+05 1.687403272759270476e+04
2.299624869473064791e+03 1.489184509119060522e+03 7.297038596250922637e+02 4.046566192458638398e+03 1.708738989019270230e+05 1.371093615296972348e+04
7.147650515882310174e+02 1.716684917092872183e+03 2.279213944538424244e+02 2.147628800004501045e+03 1.093961263103657839e+05 8.512242159866138536e+03
1.557004876964522055e+03 3.554758768727282586e+03 2.111616789076039368e+03 1.811692650699408432e+03 1.442615003413431696e+05 1.160833372574508030e+04
2.958591570620055336e+03 8.784801003550584937e+03 3.823450231116846226e+03 4.710883316394382746e+03 1.899770528188864992e+05 1.699079524817330093e+04
8.859152344046751750e+03 2.344077374885830432e+04 4.913905083198941611e+03 1.070705494608484150e+04 2.545261955096637539e+05 2.523885234858122567e+04
2.629032307571611454e+03 2.152532700186183865e+04 1.731197740171666965e+03 3.311656650215133595e+03 1.371857177145839378e+05 1.253572438934591810e+04
3.580981435486854480e+03 3.338350626019966057e+03 5.098610888106113634e+03 7.147085826077559432e+03 2.538754256874429120e+05 2.267044042054314923e+04
2.034892600209573357e+04 5.803218305115037947e+04 2.342479855061937269e+04 8.580589619904876599e+03 4.039934074334558682e+05 4.402147287658939604e+04
1.021340133373603021e+04 9.876224813349496981e+04 4.983445556750129072e+03 8.547877629128173794e+03 3.178619530745312222e+05 3.227872124690752025e+04
1.013671007065160120e+04 1.614763389492397255e+04 1.495521120871013954e+04 5.032619526594741728e+03 3.527524977126290323e+05 3.324747597519108240e+04
4.623868559203176119e+03 2.732186617494562142e+03 1.691534343246087928e+03 1.068938261887348199e+04 3.599445994490683079e+05 2.990765063620328510e+04
5.877565266307715319e+03 3.847412985245815798e+04 3.956080625628258986e+03 6.110986411506693912e+03 2.078965552473113348e+05 2.035512059041088651e+04
7.079745465920622337e+03 2.130721660088457065e+04 9.589655850512757752e+03 1.106265788815475753e+04 3.089604426991299260e+05 3.097096952628065628e+04
6.991318173537555595e+03 5.454896513544288609e+04 5.495437968566406198e+03 1.029177116624457813e+04 2.865679858706038794e+05 2.899585774042361300e+04
2.887115425554400190e+03 4.800488489212681088e+03 2.713547077940020245e+03 4.409512729107795167e+03 1.959276909793547238e+05 1.657918379014896345e+04
1.658676181758942039e+04 8.972179789449353120e+04 9.844327446066043194e+03 1.758226805100596539e+04 4.474802743632763741e+05 4.673020358999971359e+04
7.147577461852983106e+03 9.280131292583644608e+03 3.539517717516860557e+03 3.218605392135516377e+04 3.711539474454899901e+05 4.150260613105764060e+04
3.138929466282442445e+04 1.764392358642658219e+05 1.919766847245666577e+04 3.222784928502054026e+04 5.501194701308023650e+05 6.857832816087058745e+04
6.637129921433167510e+03 2.459152629158695709e+04 7.745675389528118103e+03 5.424428945919678881e+03 2.731074227348057320e+05 2.537756452686141711e+04
2.266778454257566864e+03 1.626936144009904638e+04 1.352657090131964196e+03 2.490030653560379960e+03 1.100385740502515837e+05 9.915086966367907735e+03
2.334860035295676789e+04 7.213299437435534492e+04 1.533393745597495035e+04 2.246127327893680558e+04 3.499593735061522457e+05 4.387352991090627620e+04
1.648222275047421817e+03 1.941968761479393152e+03 2.152453261929151722e+03 3.561609261693099143e+03 1.463263229878402199e+05 1.247631259347526429e+04
3.996045948421207868e+03 6.766767324226154415e+03 5.321938275977649027e+03 2.330937339552710455e+03 2.231334989063192334e+05 1.869085115933969064e+04
2.359308594535347584e+04 1.418076166017610813e+05 2.276809356193157146e+04 1.908155771024335991e+04 3.606544283088115044e+05 4.971631321340800787e+04
7.468207407627590328e+03 3.361420223123387404e+04 6.454949392346008608e+03 8.851564788830297402e+03 3.390190857983618625e+05 3.125040721120495800e+04
1.316889530883289126e+03 2.436022171612667080e+03 1.000780835651944471e+03 4.330452418048288564e+03 1.785947546829959610e+05 1.452230550421059343e+04
1.018093839084701722e+04 1.825051460945302460e+04 5.077385111971047991e+03 2.484647187938705247e+04 4.363530188132926123e+05 4.367576377541814145e+04
6.084556870418117796e+03 2.305800624976473046e+04 2.860051231578133411e+03 1.521679240613016191e+04 2.785008848590474809e+05 2.798628781714630895e+04
1.999754229136526919e+04 1.781863399071105814e+05 1.243238303063215790e+04 1.523665665283167436e+04 3.090323693808895187e+05 4.184979061119679682e+04
4.927868613952188753e+03 1.497165923462601677e+04 4.115798710369884247e+03 5.690342818736423396e+03 1.578547488865664927e+05 1.570526064247706017e+04
2.930780323027024224e+03 3.119600692743346826e+03 1.557845001421463394e+03 7.467491256632817567e+03 2.073788244670044223e+05 1.815078760071650322e+04
1.230688402456201402e+04 6.135074453059636289e+04 8.059373731192614287e+03 1.224694645652141298e+04 2.253828954895901552e+05 2.720644302408266958e+04
2.465543062671433745e+03 8.568411000987109219e+03 3.080443047795359234e+03 4.165253452603451478e+03 1.814003761834327888e+05 1.583620223433153478e+04
1.104012280209275377e+04 4.027919618616118532e+04 4.985838829884493862e+03 1.123663785624099182e+04 2.926709054868812673e+05 2.890795734536018790e+04
5.948165418141707050e+03 1.182363201893461701e+04 6.485955776479391716e+03 1.323164009805757632e+04 2.755288302050762577e+05 2.789602180045428031e+04
1.738155561350232892e+04 1.101997085656912241e+05 1.007071032794078565e+04 2.282516315947876501e+04 3.958250861507301452e+05 4.673732003919325507e+04
3.919579075062586980e+03 3.066162024207897502e+03 2.517393407801633202e+03 2.504222879081420979e+04 3.829455520512782969e+05 3.831734465988670854e+04
2.715356436671307893e+04 1.562439150819447532e+05 1.440980515570944772e+04 2.012835699436329742e+04 3.894704135058226530e+05 4.923886974590157479e+04
4.532679610397025499e+03 9.617291685395810418e+03 5.900018991411929164e+03 2.542592028481050875e+03 1.828520514757769415e+05 1.646746714950491514e+04
2.003698588506634042e+04 1.121895923853095883e+05 1.495875033989859912e+04 1.906618059893210739e+04 2.721466345678330399e+05 3.892461154096444079e+04
1.405703344543171443e+04 9.672803082252992317e+04 9.774973560914319023e+03 1.635073856708327912e+04 3.885652487032409990e+05 4.252744020854109840e+04
3.885916981343351654e+04 1.268380956450842205e+05 2.948847864239179034e+04 3.939289685194876074e+04 4.536764188457814744e+05 6.731387381944169465e+04
6.557427518524659718e+03 1.824581514934196821e+04 2.776731286064235064e+03 1.199546209691606055e+04 2.927971437467043288e+05 2.721722922975816982e+04
2.860376576119116726e+04 1.699732145015964925e+05 1.897680054090009799e+04 3.448847322149616957e+04 4.638182900163361919e+05 6.338086397932104592e+04
4.926593815086372160e+03 2.492032139454243952e+04 4.897864679663141942e+03 3.419248509607386495e+03 1.108682792805260251e+05 1.234733474760078752e+04
9.559210205312323524e+03 4.635765930537893291e+04 9.007361005855593248e+03 9.980455931767222864e+03 1.702058688047857140e+05 2.213731519945044420e+04
1.129636075675553184e+04 9.495458944093128957e+04 6.256113916494308796e+03 1.536419283717588041e+04 3.187526410879383911e+05 3.578111037425798713e+04
3.165461846139869067e+03 3.310332973802638207e+03 1.249095049307340560e+03 8.052108490534711564e+03 2.056185563014156651e+05 1.817308547011181872e+04
3.098552856037769288e+03 5.174464345462816709e+03 1.071309508255120591e+03 9.380239809003909613e+03 2.289146843726494990e+05 2.035611417740123943e+04
6.179576546389070245e+03 3.268996929251957044e+04 3.057803007828844784e+03 1.427482431539357094e+04 3.294910646920565050e+05 3.155168340803807587e+04
1.409295920829857096e+04 1.176938335475399363e+05 6.609798125693909242e+03 2.052171915987198008e+04 3.741713275324207498e+05 4.311811942890180217e+04
3.404928541481669527e+03 2.885501385951845441e+04 1.926884482027059448e+03 1.546359041832836920e+04 3.355557877739180694e+05 3.181989020090526537e+04
8.442204278918970886e+03 3.842226431533063442e+04 3.919360119228657823e+03 1.998896023148063978e+04 3.767562778439781978e+05 3.796955268793450523e+04
7.522410199391310925e+03 6.519958490314189839e+04 3.784930427177501770e+03 7.255674356084994542e+03 2.040933624353359628e+05 2.186530806902044787e+04
1.978398392606544121e+03 1.997010698294572876e+03 1.485011038303769055e+03 3.184157821592588334e+03 1.295012465412352758e+05 1.088898629962659834e+04
1.207116265348908928e+04 8.929882734144572169e+04 6.596039036916091391e+03 1.183547076841851958e+04 3.428250913956465665e+05 3.567131835333288473e+04
6.036176441753807012e+03 1.770047768050696686e+04 2.892415387900757196e+03 7.515500735087515750e+03 2.412120613548692781e+05 2.174476352322864477e+04
3.090328655489629909e+03 2.289224720130441710e+04 2.124059569863144588e+03 6.648055329164918476e+03 1.931813037938858324e+05 1.804761021501818686e+04
1.067719180477030932e+04 3.970885112745239167e+04 7.899356170651489265e+03 1.088220738150148645e+04 1.995794226424622466e+05 2.371415206490932178e+04
1.591831223854623386e+04 1.379210310992713785e+05 8.400279874575335270e+03 3.177211725790898709e+04 4.930955244548358605e+05 5.797668559815574554e+04
1.045325837775360742e+04 4.905243193190384045e+04 8.613382121418546376e+03 1.192879043956254645e+04 3.846320348840340157e+05 3.740401309741714795e+04
6.781526692823606027e+03 3.688898963287184597e+04 3.609683206955691276e+03 1.302332508127824804e+04 3.581875529398292420e+05 3.336153082144070504e+04
9.430059874913213207e+03 5.509906144022715307e+04 5.695412974461760314e+03 2.367702303915662560e+04 4.253904897864959785e+05 4.449901415192921559e+04
2.859178655178154713e+03 6.991671222141585531e+03 4.139375726404672605e+03 3.789788284564498099e+03 1.792206001472174830e+05 1.589829771508150952e+04
1.417510886960851394e+03 1.255993705116655065e+03 1.610427125186363355e+03 2.094696666415728487e+03 8.907704365620970202e+04 7.694840013990260559e+03
2.695030572134529848e+03 1.651987989802769516e+04 1.430704983386539652e+03 9.974772675871048705e+03 2.234148905274621211e+05 2.097124786478002352e+04
1.752636390890990015e+03 8.159992935025344195e+03 1.579680424373091910e+03 4.010951132367767059e+03 1.841207952774331789e+05 1.528224221578684592e+04
2.462067628407170105e+03 5.113954688052290294e+03 3.045069994418685383e+03 4.089317142869266263e+03 1.788745004970829177e+05 1.544582831528345741e+04
1.551270161091425871e+04 1.082972561977717996e+05 1.397421683134671002e+04 1.512999394247970122e+04 4.096397691605600994e+05 4.577548527498001931e+04
5.323727712735540081e+03 3.879115953958797036e+04 4.101524541373350075e+03 4.369346983958062992e+03 2.028367271665808221e+05 1.930564059287577766e+04
3.628947162958717399e+03 5.372463273893025871e+03 2.296311436933500318e+03 1.488475785964706847e+04 3.690505539022782468e+05 3.280852310679749644e+04
6.197547244382618373e+03 1.457433083628040094e+03 2.069830377736604532e+03 1.433535623396078336e+04 3.349937270822089049e+05 2.997812788316136721e+04
2.316631372029533395e+03 5.064394062720483589e+02 2.199915707816565373e+03 5.491607406508857821e+03 1.413468238337324874e+05 1.296354897387397796e+04
3.547650687654330341e+03 8.539533095964605309e+03 2.544564229085958686e+03 2.231767232889345541e+04 3.575028614585184259e+05 3.565657116234865680e+04
1.188384980579043440e+04 5.894618453834747197e+04 1.181716559055769903e+04 2.155738894048580187e+04 4.199755979664566694e+05 4.600566658828736399e+04
7.081759797225998227e+03 2.509783091031180447e+04 6.266097348953278015e+03 4.613527925117917221e+03 2.338049110352588468e+05 2.175464175388239164e+04
1.059651504933249726e+03 4.598313104493156970e+03 8.055244016825295148e+02 4.756735253703897797e+03 1.551580282838180137e+05 1.316151964037211110e+04
8.422983085030837174e+03 1.282774998909537317e+04 8.517964166351559470e+03 1.888659336245190570e+04 2.450589880042944569e+05 2.932935362187541250e+04
3.227699481266714884e+03 8.288676228809559689e+03 2.018440340335559767e+03 4.464719572411369882e+03 1.898686697177662572e+05 1.606953751066341283e+04
4.411389503014456750e+03 9.542945426298727398e+03 2.908460854394886610e+03 8.880367431028105784e+03 2.026171285051020968e+05 1.936940265376547904e+04
1.034638286053643606e+04 5.483009939040160680e+04 4.945660325584128259e+03 1.817314561572673847e+04 3.471046141406269162e+05 3.640826214853158308e+04
5.227354438277051486e+03 3.582646587231718149e+04 4.750413482171175929e+03 5.903507517555630329e+03 2.192413889811953704e+05 2.123579073001290453e+04
3.197899263790946407e+03 2.291231168679091752e+03 1.480581816674383617e+03 5.122467996337919431e+03 1.165193993695566314e+05 1.090495095454720104e+04
1.056995622497488330e+04 4.515988562533376535e+04 1.059698664976327927e+04 5.360825475066264516e+03 2.484799145890088112e+05 2.593908160291860986e+04
2.023826721825927279e+03 1.073302348126878860e+04 1.340351676434383535e+03 7.100747595189141975e+03 2.053140543074498419e+05 1.812896916610004337e+04
2.103943930727624320e+04 1.667752409630146285e+05 1.619533349558266673e+04 1.502096290975390548e+04 3.897848459740341641e+05 4.824125778226220427e+04
1.278436488710306185e+04 6.405754853706106951e+04 8.491298038990269561e+03 1.446619815323148941e+04 5.384415566054453375e+05 4.958625587288337556e+04
2.976083377932128860e+04 1.870117654951075674e+05 1.506514124399485991e+04 4.160625173680297303e+04 7.095378020031971391e+05 8.228307278464862611e+04
1.075152566684324302e+04 6.686228083293596865e+04 8.532619687586306100e+03 1.333492725988747770e+04 3.399032197325836751e+05 3.587767551139951684e+04
2.430119116669596679e+03 9.749899561169930166e+03 3.028901797525237725e+03 8.678354872908113975e+03 2.365837606706880906e+05 2.162479628579032578e+04
2.125822626524588941e+03 1.388961350636221368e+03 1.110096191860086265e+03 1.059084139583530305e+04 3.569046869874940021e+05 2.934152750732597997e+04
2.074085090596138252e+04 9.635272446653468069e+04 1.399529929815760806e+04 2.997387819867524740e+04 4.502079985303716385e+05 5.463441801957911957e+04
1.655870528657564500e+04 1.304597205928725889e+05 8.700077351887981422e+03 1.405653910670082405e+04 3.936375234234558302e+05 4.303660019944085798e+04
1.175638065961169741e+04 5.633496806771455158e+04 1.131306336681052744e+04 2.287594152331743317e+04 3.945753726123435190e+05 4.454699296880818292e+04
4.396956710032572119e+03 2.410296376050897743e+04 3.896345516154634879e+03 6.324297939889903319e+03 2.615685442631781334e+05 2.332481225990015810e+04
2.993357782679601314e+03 1.523898201825930664e+04 3.010685936382307318e+03 5.022667677387456934e+03 1.642120929574574402e+05 1.536776880387652091e+04
1.830688414634169021e+03 2.307484693663314829e+03 2.809465637920963673e+03 1.765444073342837783e+03 1.181203147620880045e+05 1.006830252335144178e+04
5.908921357146907212e+03 8.885916820510839898e+03 8.872941775241932191e+03 5.404075786995317685e+03 2.574173189702142554e+05 2.402201194047899480e+04
7.261081564734705353e+03 3.970066005376860994e+04 7.565050243553327164e+03 9.709777715487101887e+03 2.685779294875597698e+05 2.768029032714692949e+04
2.244157718010033477e+03 7.051737112191371125e+03 2.796210815548939536e+03 4.297839256610614939e+03 1.976381575541860948e+05 1.679074085495122199e+04
2.461539608527712699e+04 9.433927275024248229e+04 1.567840868233225046e+04 3.325680869468411402e+04 5.039030873163014767e+05 6.035636860511897248e+04
1.082773809485423953e+04 8.210887357739977597e+04 8.200409714391340458e+03 1.303621504151069530e+04 2.450465219599708507e+05 2.997364792544387456e+04
2.981848251177001657e+03 2.381884338532536276e+03 1.537476814611953159e+03 9.232538198327512873e+03 2.550901676074672723e+05 2.211268152600897520e+04
2.718793306754964215e+04 1.369081951434255461e+05 1.375116660284118734e+04 3.907269523675647361e+04 7.094903293821356492e+05 7.808909222580457572e+04
5.579246579848032525e+03 5.275791161396240204e+04 2.895397960498347402e+03 1.008350056879246949e+04 2.301459518669669633e+05 2.389731357885656325e+04
1.102882608367103785e+04 7.561636802423393237e+04 7.061389604242628593e+03 1.081369288882713772e+04 3.438087739937845035e+05 3.479915718159356038e+04
7.949318855088999953e+03 4.442147547400621988e+04 7.260441720115134558e+03 6.076253783807592299e+03 2.386900960211078054e+05 2.412926272635328132e+04
7.723448497802647580e+03 1.724043365618701137e+04 5.582540689761983231e+03 1.125844609233144001e+04 4.382046385935674189e+05 3.782381482771800074e+04
8.889499842259278012e+03 3.912542935620668140e+04 7.603984714614291988e+03 1.028375996758527981e+04 2.471800483470890031e+05 2.648894929407710151e+04
1.532086243910642452e+03 2.814377973494944399e+03 1.457309083952527317e+03 5.646073696001584722e+03 1.221182013300980034e+05 1.153413853972073230e+04
4.219831046388080722e+04 2.504280921955111553e+05 2.661854219850950176e+04 4.013558597488959640e+04 6.902134287588251755e+05 8.843613695033488329e+04
8.412710761189600817e+03 6.481551249311496940e+04 4.409029228604659693e+03 1.725499752315915975e+04 4.696781279252831591e+05 4.449999884981439391e+04
1.593568764322832976e+04 4.300929150019044027e+04 1.585382458907751789e+04 1.298183499006725651e+04 4.949327410192855750e+05 4.812124217589462933e+04
1.036987338312053544e+04 6.177238546934097394e+04 8.461983542012407270e+03 1.409143521841067741e+04 3.282763399915608461e+05 3.515547973864414234e+04
4.785887522717525826e+03 2.941807618013142928e+04 3.864581397081082741e+03 1.166567062273356896e+04 3.071840363839093479e+05 2.905742845516840680e+04
7.821598065634068007e+03 4.585232463859249947e+03 1.120377756746934210e+04 1.230826689550615629e+04 2.703890475439428119e+05 2.880847198058495269e+04
2.620666013219127308e+03 7.170679372558951400e+03 2.052630397705784162e+03 5.693118379762634504e+03 2.108652125428747386e+05 1.799664749483039486e+04
6.221167080558538146e+03 3.229683763605485365e+04 3.440741060904203550e+03 8.508680640038601268e+03 2.470858542130048736e+05 2.354741706894829258e+04
1.203987977043090177e+04 8.071539508798926545e+04 7.555767429265264582e+03 1.243329073456227889e+04 3.246576101106650895e+05 3.470879087119256292e+04
1.558868846028365806e+04 4.044215302907814475e+03 1.123185808272016038e+04 2.100291596968974409e+04 4.260092601556384470e+05 4.319234110725693608e+04
4.590816738111612722e+03 5.118468408483458916e+03 2.415167066162749961e+03 1.130044349604415765e+04 4.594548679198418395e+05 3.730698315863103198e+04
1.379493981890918076e+04 8.787575334894015396e+04 1.075406134845314591e+04 1.995973747061826725e+04 4.643879866192096379e+05 4.924330719005206629e+04
5.822313285119638749e+03 4.492581696586463659e+04 3.367263141795287083e+03 4.629586919121532446e+03 1.893380315975843405e+05 1.850236445840270972e+04
5.537853347209432286e+03 3.303703741648757568e+04 4.368596616240444746e+03 1.500983092744843088e+04 2.995577011603025021e+05 3.045296906392274104e+04
6.058806758320589324e+03 1.140692390170387807e+04 8.864372859112285369e+03 2.051246556829109977e+03 1.963723479461697571e+05 1.852108306206144698e+04
2.182977370963156773e+03 1.291145279188316636e+04 1.562954925163894586e+03 6.463591332026380769e+03 1.435714491529912048e+05 1.389180732323386110e+04
6.632625936051572353e+03 4.488804869923622755e+04 5.358105095769725267e+03 5.817686687857994912e+03 2.757713935938593349e+05 2.570942946446048882e+04
5.571133245797948803e+03 3.425680715639773553e+04 3.359508803092812286e+03 1.268414741919637163e+04 3.189957287429936114e+05 3.033406872317776288e+04
2.139489365355288555e+03 2.142199971127767640e+03 1.170563458969779049e+03 5.186082309398434518e+03 2.180787793004493578e+05 1.762354133415798788e+04
4.699919874754685225e+03 1.764246555802158400e+04 4.143775610404347390e+03 1.201235533407901312e+04 2.738402573452395736e+05 2.650929896725030267e+04
1.282531716241322829e+04 7.961346092672635859e+04 8.197696434443587350e+03 1.013859488472640078e+04 3.489828980864241603e+05 3.552948698658006469e+04
8.290931609018300151e+03 3.192825444334090935e+04 5.009439374072069768e+03 1.329255261946012070e+04 2.773858767080339603e+05 2.840658017733411907e+04
3.786726528894867442e+03 2.433589334490969122e+04 3.081968455897655986e+03 3.731280701803906595e+03 1.840166459425982612e+05 1.659664144657724319e+04
1.957606760713845006e+03 5.665173611752303259e+03 2.037549469348563662e+03 5.451832149273948744e+03 1.756808707354878134e+05 1.544007602721708281e+04
3.423602894854677288e+03 2.218804212997781724e+04 2.203734450607671079e+03 8.554199577567727829e+03 2.843125931956848945e+05 2.503849867540947525e+04
5.632807209080735447e+03 3.602460558694040810e+04 4.111518389483942883e+03 8.720402924318601436e+03 2.773386092314310372e+05 2.615152410889932071e+04
6.194381136606259133e+03 4.905603430915651552e+04 4.619697672703850913e+03 4.216235979336083801e+03 2.321221630863922182e+05 2.193733243922577458e+04
6.459043396146142186e+03 3.910172844953047752e+04 1.862870426235087280e+03 3.245356896517764835e+04 4.771876871148150531e+05 4.950791239240433060e+04
1.622285154381879875e+04 1.915145772039639996e+04 2.012462981462608514e+04 6.996989337504848663e+03 3.165967092719909851e+05 3.408097150178498123e+04
1.585733757514568424e+03 1.062736774089479695e+04 1.334736326134102683e+03 3.714864609121133526e+03 1.780983631127080880e+05 1.475976452871199581e+04
1.532517221010206185e+03 4.042753836737391794e+03 1.822725984190507688e+03 5.730418511529556781e+03 2.289147926931167312e+05 1.897366851235815921e+04
1.438588893080215166e+04 9.676124107893859036e+04 1.224934339212507075e+04 1.073281753264750841e+04 2.966497771186139435e+05 3.487321804658801557e+04
1.406901186069619143e+04 4.008589263283213950e+04 1.850800597473132802e+04 2.508867375201176037e+04 5.401474903732183157e+05 5.763643284146365477e+04
1.411662046952146511e+03 9.505000563365461858e+03 1.109711332383353238e+03 2.696227381518197035e+03 1.033304272942345560e+05 9.117762330046967691e+03
1.881304126893366993e+04 1.088708988630453969e+05 1.320706118668657837e+04 1.762091888388539883e+04 2.988008801200572634e+05 3.914453260492127447e+04
5.368497545690472180e+03 4.035580959352935315e+04 4.178276131080903724e+03 7.636235033810344248e+03 2.249507189677123097e+05 2.238074448928609127e+04
7.054911507066407648e+04 3.478242979761002935e+05 4.938663847405977867e+04 5.657770221751734789e+04 6.190688808532304829e+05 1.057191995092643047e+05
5.017473604370580688e+03 4.872852997643070557e+04 2.293038409166967540e+03 7.625658251707137424e+03 2.210079923884066520e+05 2.171229281853406064e+04
1.058118417318229876e+04 5.993739795467093063e+04 1.037288702461003413e+04 1.427117491974158838e+04 3.171728517210573773e+05 3.522292026217642706e+04
1.763254048780374069e+04 9.923480303648996050e+04 1.157552722800990887e+04 1.823501493959319487e+04 4.260304659334601020e+05 4.679958050461181119e+04
4.091042707244247595e+03 8.477633863671978816e+02 3.252711833818621017e+03 4.587031151855644566e+03 2.221107403473415179e+05 1.845739268048751910e+04
1.688217045949609383e+04 1.009065314165909804e+05 1.074054939734728032e+04 1.853298410195363249e+04 3.397710981279182015e+05 4.085530498349618574e+04
9.243761564997957976e+03 5.052718211082250491e+04 8.071440298298593007e+03 7.435414343036643004e+03 4.042470251314339112e+05 3.653081410373196559e+04
8.705251360346224828e+03 3.066158531955721264e+04 9.958555346354636640e+03 6.094210553203374729e+03 1.949172857891965250e+05 2.167562896203803029e+04
5.433558432275681298e+03 2.453851187048879001e+04 3.492712880130887697e+03 1.040056362005363735e+04 3.010171453144522384e+05 2.766887690570743507e+04
5.775980046991210656e+03 3.467400294083008339e+04 3.411521974470691475e+03 1.185600820296069105e+04 3.145651269717746763e+05 2.970465887077436491e+04
1.833317026492401419e+04 1.396764021033651079e+05 9.912603332207494532e+03 1.310591930756037073e+04 3.692321914830853930e+05 4.194392156142443127e+04
4.926644201731016437e+03 4.398814801955702023e+03 3.759921250652630079e+03 1.935605719204547495e+04 2.329368478403892950e+05 2.625819125040886138e+04
2.314296388791379286e+04 1.397381625119711098e+05 1.458461088087579083e+04 3.083282141117209540e+04 4.317737353480006568e+05 5.618334171307164797e+04
2.686356445190134764e+03 9.885264250631449613e+03 2.102126923422434174e+03 4.325601673654029582e+03 2.065108870061367343e+05 1.724104167752299691e+04
2.239280675848241117e+03 2.139845854182132098e+04 1.293812950532698551e+03 4.656108419832276923e+03 1.591407582488998014e+05 1.442552402721657018e+04
1.950979158103809823e+04 6.990376153489371063e+04 1.032605321190349969e+04 4.592514095859466761e+04 6.734062396323651774e+05 7.396930158801277867e+04
8.212948071840201010e+03 3.046453740084360834e+04 1.005808804400470763e+04 9.752181509600817662e+03 2.565095410148717347e+05 2.750553188834213870e+04
1.892484510711805342e+04 1.986813139242421603e+05 9.194539346031757304e+03 1.821075099364952985e+04 3.978178154306219658e+05 4.878444030715725239e+04
6.025921179387136362e+03 2.658747790065097797e+04 3.136114305782498832e+03 5.847693921450001653e+03 2.066826572308365430e+05 1.921288707869053178e+04
5.092868388136394969e+03 1.973959557389892143e+04 3.798670476003132535e+03 6.361423221864100924e+03 1.453608186936172133e+05 1.526754540886380528e+04
1.047811629431214897e+04 5.563615952743148227e+04 1.076723788361192055e+04 1.927855764616576562e+04 5.408007055189112434e+05 5.248550220008326869e+04
8.030194052117783031e+03 1.148769723094627989e+04 7.725437944475082986e+03 1.145733940698774859e+04 4.188136090072130901e+05 3.724869009387934057e+04
1.067891443865418751e+03 5.093153703371166557e+03 1.016434069358259194e+03 6.066098251473224991e+03 1.795512642790594255e+05 1.550967182136376869e+04
1.837666993491129688e+04 1.543132628544773979e+04 8.737360010616554064e+03 2.600308814549768431e+04 3.648543893368383870e+05 4.082808743988451170e+04
5.656108173795858420e+03 1.786074788541911767e+04 5.357131950221610168e+03 3.185006116932002442e+03 2.086161337741596508e+05 1.866462712413800182e+04
1.920109796737263423e+03 9.358781583619014782e+03 1.678829409166617097e+03 6.630894655599015096e+03 1.887809440498620679e+05 1.688242541374678331e+04
1.326680675914191625e+03 2.637419692120949549e+03 7.700218979920676929e+02 7.878521649291648828e+03 2.507888812886813248e+05 2.089291831438466397e+04
6.345808543530055431e+03 2.118311701696093587e+04 5.086113299690815438e+03 1.042692270347402336e+04 3.728637913200484472e+05 3.303406488562761660e+04
2.346100112683134284e+03 1.474630695460655261e+04 1.938582363922700551e+03 5.818530022840385755e+03 2.179946195302242704e+05 1.885849408984296315e+04
9.952834978485412648e+03 3.310066465718056861e+04 1.210472788530227626e+04 8.567358621211535137e+03 2.354848867122753290e+05 2.656835460587689158e+04
7.352326541096375877e+03 5.445201249210374226e+04 3.421480869495903789e+03 1.019160058180908345e+04 2.825778760188294691e+05 2.778334111028801635e+04
2.942752505376061526e+04 1.094254270483687142e+05 2.110815279580461720e+04 3.319952021507740574e+04 4.784268531143270666e+05 6.170396441822184715e+04
1.684971453374208068e+04 1.269597012169145601e+05 1.093319716016123493e+04 1.596327854677620235e+04 3.237670350472806604e+05 3.998884767674807517e+04
1.958711229011672913e+03 4.539098233237912609e+03 1.862577836291498670e+03 3.054402272521516352e+03 2.070626564520226966e+05 1.633558680742448269e+04
1.024286139011882005e+04 1.397964500134520131e+04 9.082316441277846025e+03 7.384846066089327906e+03 2.680018068897621124e+05 2.597184689052250906e+04
2.319399879797910671e+03 1.347627420295800948e+04 2.415960279636630275e+03 4.854324532072352667e+03 1.965136658995348262e+05 1.712065550793632792e+04
4.456120301255535196e+03 2.398823687112816333e+04 2.516692663188402094e+03 9.004362215716917490e+03 2.100886152946500515e+05 2.047375127574906219e+04
6.872866993177098630e+04 5.207365995966877672e+05 4.080987721930334374e+04 5.313896127499001886e+04 8.599451488424387062e+05 1.252224889168913796e+05
7.089832599930166907e+03 5.606673264432637370e+04 5.022934252910661598e+03 1.309880422828477094e+04 2.486903092873796122e+05 2.758891278565160610e+04
3.530380032886656863e+03 4.160735389141623273e+03 4.999612978349976402e+03 4.901508791616466624e+03 2.081341824470450520e+05 1.857649856681083475e+04
5.983929626434651254e+03 4.995333910007224040e+04 3.126533017948580891e+03 1.407135354305286273e+04 2.453564896496827423e+05 2.668450102349286317e+04
1.102772076990865025e+04 8.132035700260855083e+04 5.932227135646009629e+03 1.203484817400454085e+04 2.180313908105329319e+05 2.668703098490110278e+04
9.126380429812294096e+03 2.097469565906689968e+04 4.033377384210921264e+03 1.522474616571480510e+04 3.855724737678536330e+05 3.559421317773414921e+04
4.216722066810751130e+03 3.140920437703443531e+04 2.731051878992733236e+03 6.846038270690512036e+03 2.296273669285244832e+05 2.127149757678993774e+04
2.257803627422955469e+04 9.725717723412043415e+04 2.368497275593229278e+04 1.860138377866453811e+04 3.456362891848862055e+05 4.668032916997349821e+04
4.251426127838936736e+03 1.628760889278908689e+04 2.951312118796482991e+03 6.009497008734214432e+03 2.219069047578913742e+05 1.972080859162547131e+04
7.643089097543604112e+03 5.491186082825723133e+04 4.957838660334411543e+03 1.197478703454371498e+04 2.055275047159575624e+05 2.409234270180440581e+04
1.390526278271149204e+04 1.088712334698016493e+05 9.815410008519695111e+03 2.292391593548573292e+04 4.477358158947420307e+05 5.009769042085562978e+04
2.985240007766660710e+03 1.825497373269256786e+04 2.866507954494740716e+03 2.036497529335067838e+03 1.119180772105054348e+05 1.058725162770768475e+04
5.326067905965989667e+03 3.651502432901738212e+04 4.926960576632794982e+03 5.329767928405360180e+03 1.731393093699223245e+05 1.798571928479965209e+04
8.030000484730130665e+03 6.513771443325364817e+04 5.124531208228118885e+03 6.976459370931534067e+03 1.831798986095888249e+05 2.090684145184609224e+04
2.189862643680328256e+04 8.711668106724938843e+04 1.183171746525316667e+04 2.909021255818467034e+04 5.160088270106870332e+05 5.727096326361725369e+04
1.737619243718306097e+04 1.146506508205842401e+05 1.404849177093747312e+04 2.104018647822754065e+04 3.492328676475109532e+05 4.473136755275272299e+04
6.557720344590225977e+03 8.166831811292582643e+03 4.398370756661360247e+03 9.580727256380545441e+03 3.554740437892282498e+05 3.054138576735930110e+04
6.781810174503762937e+03 5.543613494734512642e+04 3.930870906817689956e+03 1.136151015122669560e+04 3.288780466366705950e+05 3.169476224195503892e+04
6.067764944626771467e+03 1.434493097920782748e+04 3.451708863050957007e+03 1.799821105599919611e+04 2.622184746167731355e+05 2.797285351997847829e+04
2.104163547588978327e+04 9.540652361862295948e+04 1.328998349609641446e+04 4.328307623116184550e+04 7.101246791588411434e+05 7.778364675844561134e+04
2.107562000625156725e+04 1.998195495295215223e+05 1.109846209267834092e+04 2.553875003787978858e+04 4.850753279555878835e+05 5.884400871820486645e+04
5.123500545047290507e+04 4.121589764482365572e+05 3.075674777789416112e+04 3.821043256257224857e+04 6.553500518722124398e+05 9.500577442763789441e+04
1.671016535380903224e+04 6.572094993347584386e+04 9.884558195763378535e+03 1.944036139177044242e+04 3.980725461581726559e+05 4.307723407495735592e+04
8.598367528016568031e+03 2.637487286528322875e+04 9.452460574813969288e+03 7.195992588012636588e+03 3.146118035483879503e+05 2.979419901911679335e+04
6.110813982964199568e+03 2.614709725652150155e+04 3.634823901188469790e+03 1.715911570014212703e+04 3.730826830410760595e+05 3.571292347239715309e+04
6.169698296242567267e+03 4.443639072090954141e+04 3.659166704639079853e+03 1.216837762650972945e+04 2.947730523174581467e+05 2.910442045429721111e+04
2.902744690788840217e+03 9.363839126723247318e+03 7.875222164112407199e+02 1.413398484059081784e+04 2.993097684461541357e+05 2.732534415573162187e+04
1.792653708279720740e+04 2.412084014812125679e+04 2.634779577160595727e+04 1.339654536159950476e+04 4.830498406222221674e+05 5.109887262811797700e+04
8.400550199908127979e+03 1.976381883468188607e+04 1.103203316247647490e+04 4.208531148727718573e+03 2.600717135025025927e+05 2.512884219898008450e+04
1.616412426101177289e+03 1.080036643734809877e+04 1.299582061658008570e+03 8.242310089785290984e+03 2.309130578212954570e+05 2.035269987190791653e+04
7.034615910631161569e+03 6.491965869815420774e+03 6.086015657225599170e+03 3.158122743869666374e+04 4.912948657415568014e+05 5.026956310542237770e+04
3.077404782431861167e+04 1.568507130902974750e+05 2.234875801482309180e+04 2.266741797734555439e+04 3.346576922701197327e+05 5.015269242830262374e+04
5.121697037466084112e+03 3.921916791270890826e+04 2.797269649265909266e+03 7.049447403904201565e+03 2.193219719185021822e+05 2.108525866158429926e+04
5.271099697892411496e+04 2.168350674456282868e+05 3.630427608591724857e+04 4.340713404313078354e+04 4.399661100519909523e+05 7.559740734050891479e+04
5.884953144243057068e+03 1.660341895354505323e+04 7.620011336198211211e+03 3.838590391534295577e+03 1.542864424415023532e+05 1.621926513055453506e+04
4.838546702388334779e+03 1.846965898110780836e+04 4.648779755600612589e+03 1.028527803452063563e+04 3.063550991148230969e+05 2.817390032678419448e+04
2.658882329174336064e+03 5.715819021017183331e+03 3.489919103510090281e+03 1.283897733426844388e+04 3.341284227213967242e+05 3.006613921857165769e+04
2.526863240138151377e+04 5.460204215815450880e+04 2.028197160319450995e+04 3.091251079665917132e+04 7.605692368011221988e+05 7.657822411820995330e+04
2.059272448795371929e+03 1.294445320455313322e+03 2.710281091209999886e+03 7.098457174177397064e+03 2.817819785301914671e+05 2.339474579827643902e+04
5.238227844842794184e+03 4.866775740859528742e+04 2.447504406629186178e+03 1.050572017851220153e+04 2.780432453295003506e+05 2.691435866002972762e+04
1.633693409866203729e+04 1.276157536292289878e+05 1.322216138824231894e+04 8.940889638655193266e+03 3.572022166221846710e+05 4.008146919601888658e+04
3.268383030646032694e+03 1.636171319355780906e+04 2.209687190567212838e+03 3.001256627262073380e+03 1.227144194966752839e+05 1.137284865785355760e+04
3.009846251758814560e+03 1.074352296882803330e+03 2.476847078892526042e+03 1.209154847339570551e+04 2.181992477655297844e+05 2.126447317793787806e+04
2.329099515585628524e+03 8.204836846536018129e+03 1.915965816218157443e+03 3.265845127466650865e+03 1.460889710196479573e+05 1.253449870833452587e+04
5.322813251263537495e+03 4.277314542105887995e+03 1.756882487925794976e+03 1.044437791033067151e+04 3.313886433913077926e+05 2.798081272295809686e+04
2.516116831674311925e+03 6.266643975517788022e+03 2.405829271690956375e+03 5.611175263139773961e+03 2.726887631277911714e+05 2.222535506362676460e+04
1.832305058326125845e+03 1.739787174198027969e+03 1.865540542590934137e+03 3.287202318317029494e+03 1.026811388803457085e+05 9.282987094872494708e+03
3.327633031542482513e+03 7.195929558467638344e+03 3.507478409401223871e+03 1.465023803742222299e+04 3.026844790153176873e+05 2.885104835821403685e+04
9.312722979216699969e+03 5.179039693541673478e+04 5.134233423436479825e+03 1.785058022139954119e+04 4.332822075517773628e+05 4.198958392019604798e+04
7.864170052327662233e+03 7.653726128870838147e+04 3.500875880694051830e+03 5.442726827003384642e+03 2.124888992157971952e+05 2.204864837835710568e+04
1.806551354682675083e+04 1.194303842161135253e+05 1.191222585076626820e+04 1.817616711733266857e+04 5.239576699880863307e+05 5.450377398941865977e+04
1.065864666959327405e+04 9.679906338586236234e+04 6.389292078801207936e+03 1.685764595744948747e+04 3.207505244365351973e+05 3.673946297056955518e+04
1.200207566476441752e+04 5.955680323201299325e+04 5.960639245632264647e+03 1.398022081595587952e+04 3.378391977367457584e+05 3.456048344840879872e+04
1.634439200186296148e+03 6.343892895024816880e+02 1.334542508987301062e+03 2.981587413570779063e+03 1.358114456061503734e+05 1.108953245910016267e+04
5.948823672564776643e+03 3.118716204881992235e+04 4.757976587330605071e+03 7.962397015260078661e+03 3.375903853192550014e+05 2.990063663806148543e+04
2.373975711831959416e+03 5.807912941869690258e+03 1.890906604868494014e+03 3.427284469175847335e+03 1.606991139021379931e+05 1.346078803548099677e+04
3.068113451351329786e+03 2.853673891478647784e+04 1.446495802831279889e+03 3.787055425174604352e+03 1.467798029950779164e+05 1.362012351819989817e+04
5.877960515976124043e+03 3.914970634538058221e+04 3.593752000970685003e+03 7.712369353392460653e+03 2.670317870350750745e+05 2.493387873834643688e+04
5.478714156772766728e+03 3.331942745024223768e+03 4.256955329879374403e+03 1.072207627290901291e+04 2.218595200586352730e+05 2.177047382836934048e+04
8.887477199780734736e+03 6.472346635085121670e+04 5.422244880562974686e+03 7.031448519243700503e+03 2.345088361689663143e+05 2.449191608138937954e+04
1.375471642571796838e+04 4.750856931100679503e+04 8.165755172823782232e+03 1.389255050199190555e+04 2.782394680045842542e+05 3.086672983403168837e+04
3.605678486225777760e+03 1.174721678609008814e+04 1.837318854050575055e+03 1.292376867597765340e+04 2.680498835035963566e+05 2.524603900178921322e+04
4.057938846957817077e+03 5.595364835265651891e+03 3.041672698169237265e+03 1.267821888689551270e+04 3.889247097775551374e+05 3.347983126263926533e+04
9.188762391955453495e+03 5.814922588079209527e+04 8.331316078364059649e+03 7.416676338578911782e+03 2.970353979972912930e+05 2.980043687205283277e+04
1.673207998009929725e+03 5.320868788523892363e+03 1.027150335247107478e+03 1.392481452768250529e+04 2.833334402669880074e+05 2.605948602769032004e+04
1.613128633557171088e+04 2.643307077740739260e+04 2.360632782775103624e+04 1.022230919610714409e+04 3.737415287616972346e+05 4.124408812155778287e+04
5.597073699836288142e+03 2.485209452122104631e+04 3.421161393490420778e+03 1.299406618752358372e+04 3.222746122516661417e+05 3.025605348886922366e+04
8.361193250134459959e+03 6.174853338351409184e+04 4.839772302873769149e+03 1.194437184099543083e+04 3.641044252969488734e+05 3.503173465575336013e+04
7.710519829788059724e+03 3.939173966518216912e+04 4.390624080830910316e+03 1.300989971234534460e+04 3.320285966317849234e+05 3.205648712537426036e+04
8.966132081450383339e+03 3.010336930974298411e+03 8.496219376537928838e+03 9.385062308921904332e+03 2.781370486195308040e+05 2.676267364812561209e+04
5.889701317579357237e+03 2.902070636469284000e+04 6.467993415565478244e+03 7.950934602496319712e+03 3.434856609984780662e+05 3.092195100281967098e+04
2.525468611898975269e+03 1.121034306343272692e+04 2.934553196886486603e+03 3.740043936218323324e+03 1.637479790419455967e+05 1.452444705973341843e+04
1.934086587926608991e+04 1.292138104561610962e+05 1.230337596861186830e+04 1.449753109708648117e+04 2.713034896344892331e+05 3.649956273766163940e+04
1.570419053911275114e+04 7.078067766365865828e+04 8.685156085263235582e+03 1.654120471556582561e+04 3.976201330897184089e+05 4.146912422825863905e+04
1.112014521185590274e+04 3.802957412348571233e+04 1.025227182073369295e+04 1.976151018999883308e+04 2.727233074784944183e+05 3.358008407320471451e+04
4.455055382659767020e+03 2.308125630845254636e+04 4.139190488494206875e+03 1.102050615957734590e+04 2.124976189780694258e+05 2.220201130558964360e+04
8.193399573806036642e+03 2.106288930206330406e+04 1.035329608415430448e+04 1.263308633300048314e+04 4.517585875354179298e+05 4.160274241452221759e+04
3.104789598820760602e+03 9.946795175625525189e+02 4.205652851250941239e+03 4.113592119973117406e+03 1.746814679450283584e+05 1.547130465384235504e+04
2.225164371024280172e+03 1.996062618236292110e+03 2.581464588617951904e+03 3.857519516863754689e+03 2.254566866067862429e+05 1.812001049032303854e+04
3.062301366833508382e+03 2.420449716960169553e+03 2.825158499060160011e+03 9.142142004875957355e+03 2.011550570134183508e+05 1.900116050868923048e+04
2.962947001409966106e+03 4.785694207424200613e+03 3.098724615080793228e+03 6.238701286114555842e+03 2.950500695877987309e+05 2.423855558034739443e+04
1.361436592466168577e+03 9.232022227407832133e+02 8.622113618868639833e+02 6.022425333908535322e+03 1.040245237880739878e+05 1.013724752527327291e+04
4.473380441559778774e+03 1.595531760808751278e+04 2.712040432020898606e+03 8.599579590938290494e+03 2.816977788322870620e+05 2.479392555506324061e+04
7.529515946307271406e+03 6.752897021098375262e+04 5.093886668753649246e+03 6.525255911455617024e+03 2.085545551107357023e+05 2.251459324401946651e+04
1.839856426523898335e+03 2.183574046223938240e+03 2.215335684094284261e+03 4.532459018206137443e+03 1.925336276917648502e+05 1.606225957963088877e+04
5.307101316584115011e+03 2.837082434832636136e+04 3.817371515445869136e+03 6.972307428639331192e+03 2.197575415143292048e+05 2.098273547425990546e+04
3.006119211532975896e+03 2.235900607912031774e+03 4.861314342498093538e+03 4.639863910531317742e+03 1.990668598323511542e+05 1.769347891275996517e+04
3.269127100597807384e+03 4.556309448083243296e+03 4.841762193155650493e+03 1.701475571380997508e+03 1.566990211530431116e+05 1.362151095943540349e+04
8.915051141588519386e+03 7.992711792388116010e+04 5.764901579403109281e+03 7.463160008232631299e+03 2.720989332610853598e+05 2.811529149635495924e+04
5.980220525958658982e+03 2.111463473894138588e+04 6.219307875659841557e+03 4.781481261142426774e+03 2.432842377299648069e+05 2.225093648000586472e+04
5.076282994619256897e+03 1.697694033988236333e+04 4.159969366652950157e+03 1.021410745992341253e+04 2.103903442059242807e+05 2.140260177944574389e+04
6.620364938172778238e+03 4.311790182510052546e+04 4.051617050495399326e+03 6.045813154028466670e+03 2.239948779776327137e+05 2.167933754235116066e+04
1.517664467743625755e+04 1.132928881664274522e+05 7.913586103733326127e+03 2.012350563923782829e+04 3.829791753954626038e+05 4.387478606096502335e+04
1.828098796816527829e+04 1.116370053401601945e+04 6.305198814448695884e+03 2.834793186219139170e+04 4.342609385227785097e+05 4.529704765905654494e+04
7.507477648948685783e+03 3.070102407449248858e+04 4.690271262019519781e+03 1.102555929178567931e+04 3.113996309993743780e+05 2.947093209479896541e+04
4.461820064015214484e+03 2.609396108913451826e+03 4.237088381570350066e+03 4.495527833534508318e+03 1.975764488914799294e+05 1.727735124670379446e+04
6.799884120913303377e+03 1.921535615990672159e+04 3.422983406709189694e+03 1.001885917494271052e+04 2.446851265768299927e+05 2.341400190456650307e+04
7.371935962710732383e+03 1.754000784424144877e+04 1.047979951108402383e+04 5.805880699359098799e+03 2.310079658695006219e+05 2.354824595994967240e+04
2.185449907866874491e+04 8.203300241636148712e+04 1.465846469529703245e+04 1.879430686696672274e+04 2.635646184323364287e+05 3.660309854783902119e+04
8.947647785256607676e+03 1.574633535226218009e+04 5.350577091825407479e+03 1.766604438783289879e+04 3.692931641362758819e+05 3.591235633867036086e+04
6.249997170252088836e+03 1.204532282873362965e+04 7.354250569186953726e+03 5.710185157217654705e+03 2.442372195525663556e+05 2.277555860066673631e+04
7.447480724742737948e+03 2.844327942410746255e+04 5.206266372836086703e+03 1.292906651321851132e+04 2.512078823193824501e+05 2.639393729436699505e+04
4.182970861247927132e+03 6.833505870152562238e+03 1.657612344564513023e+03 1.967659601648327225e+04 3.336854111065993784e+05 3.239361584809390115e+04
7.133018187296832366e+03 8.603612778468212127e+03 4.139617594803372413e+03 1.829571750534395323e+04 4.465488927259286866e+05 4.051788212628225301e+04
3.136585464694767779e+03 1.879359650073703597e+04 2.798148721709406800e+03 7.335998883330312310e+03 3.018824929730399745e+05 2.575770576598999833e+04
1.637413071622578855e+03 5.806923673203718863e+03 1.113264209155715207e+03 9.673021525699658014e+03 1.584410202515001874e+05 1.579785062797489445e+04
1.668515134113404929e+04 1.455747376623797172e+05 9.870871636658634088e+03 1.063486402895509491e+04 3.341396597947383998e+05 3.874005377822630544e+04
1.666046905624954206e+03 6.052469633352502569e+03 8.877923851981738608e+02 1.015087772132920145e+04 2.755538844704122166e+05 2.380584257428460114e+04
4.624598428868433075e+03 2.172194966791685147e+04 4.219159646300317036e+03 5.501407830232578817e+03 2.204960113403497089e+05 2.021156011006794506e+04
9.586706351208404158e+03 6.608375930311357661e+04 8.612777254041062406e+03 9.894235919425587781e+03 2.643296479995212867e+05 2.923484372084593997e+04
2.525276831926043542e+03 1.314291875531758706e+04 2.669238001264584909e+03 3.914663463089673769e+03 1.593622372316854890e+05 1.428965883293804836e+04
1.013575044205649283e+04 8.263340015202677023e+03 7.675508718066867914e+03 9.413678571362930597e+03 2.306755164364168595e+05 2.348945055763126948e+04
2.163900806246196225e+04 9.907430392430096981e+04 1.777064666299016972e+04 2.202381186651598182e+04 5.627127142201489769e+05 6.036868626946477161e+04
3.190366099767708874e+04 1.690351380749640230e+05 2.087581800046742137e+04 3.123863386857885416e+04 3.958921486686563585e+05 5.811488486495213874e+04
6.091017009138859976e+03 1.988546169597782500e+04 4.033520490582273396e+03 7.930052528219697706e+03 2.185602070212889812e+05 2.100867117366742241e+04
4.013964419364077912e+03 4.989556158502501603e+03 1.571410196189744966e+03 8.958372690375423190e+03 2.322217382023582468e+05 2.059422194718969695e+04
2.456041914634146451e+03 2.162965974869097772e+04 1.476497687106831108e+03 5.797256875969894281e+03 1.615168338662900205e+05 1.519153711041604220e+04
2.639117332132409047e+03 1.809816257046309329e+04 1.923429303795710211e+03 1.096780998123685276e+04 2.730350653345305473e+05 2.504820228889579084e+04
7.514946047504235139e+03 5.176190344815245044e+04 7.028262692558667368e+03 4.697862052782509636e+03 2.087408307413730363e+05 2.175465758986691435e+04
3.757846138353314018e+03 4.385293036330012001e+03 5.275005747874623012e+03 1.488391916727533044e+03 1.319502111288943561e+05 1.203886747866441874e+04
6.722171760369225922e+03 2.279019432502659765e+04 4.270488434744604092e+03 1.499918544299416135e+04 3.207850789758083993e+05 3.132667600437396686e+04
1.707048550881134724e+04 8.486951412735519989e+04 9.158000487015515318e+03 1.807340053166816870e+04 3.428625410878222901e+05 3.937982292230344319e+04
4.338371259195931634e+04 3.519220687033939757e+05 2.904948814209141347e+04 3.011708093850554724e+04 5.727746495540249161e+05 8.207609612952817406e+04
1.448027401808905597e+04 6.941173652625594696e+04 6.996618904559935800e+03 1.856723739268462305e+04 4.604543288940249477e+05 4.581583812953666347e+04
1.178276547478353859e+04 9.753421849399367056e+04 6.730039548186756292e+03 8.026483208723886491e+03 2.174114447765656514e+05 2.597887264342904746e+04
7.353779008313937993e+03 2.076413762313365805e+04 9.133748281249605498e+03 1.260361799876471196e+04 2.843810798839840572e+05 2.979116655789907600e+04
5.574411745360705936e+03 1.235098551070016401e+04 4.732103197547338823e+03 1.911452574560117864e+04 2.950837750710917753e+05 3.114145361775032870e+04
7.788783700376427987e+03 1.335582450196723039e+04 1.022257971578881734e+04 1.046057610410782945e+04 4.308838240158683620e+05 3.877870769947290682e+04
3.058635219728553784e+04 2.140480400528908649e+05 1.752029833086368308e+04 3.853489754983215244e+04 5.747442087044937070e+05 7.422401290969594265e+04
5.308094556514039141e+03 4.480386578070558608e+04 2.712439087903486779e+03 3.453978433898517778e+03 1.528246294125771674e+05 1.522657925931442878e+04
7.611239941840242864e+03 2.816790219717726723e+04 7.690390945103136801e+03 8.227511201072467884e+03 4.200425960795484716e+05 3.668096959610355407e+04
2.536324508152199542e+03 1.190200277998784259e+04 2.377951675212133068e+03 6.018851299446113444e+03 2.118550074840408925e+05 1.858482055935322933e+04
4.862643880227901718e+03 1.533424829064009373e+03 2.473607523819921425e+03 9.960059985803150994e+03 1.865923253860920086e+05 1.819609512337972774e+04
5.971420560611799146e+02 1.094039642423568694e+03 5.193367297743091058e+02 5.110470300310997118e+03 1.785660267477633024e+05 1.459915082871604682e+04
1.092236498273525967e+03 4.707871961014577096e+02 1.109615225517726913e+03 4.757637026681632960e+03 1.650967467946808320e+05 1.375729381527776241e+04
6.085135381643262917e+02 1.992373673566938351e+03 6.418733056186323438e+02 2.000636959288715843e+03 7.134102800459405989e+04 6.078291867408290273e+03
7.810875006341309927e+03 4.643954549077998308e+03 8.664065645430579025e+03 8.135054426020497885e+03 2.978648790445287013e+05 2.767750054732537683e+04
1.935408679846547238e+04 4.684361146610399010e+04 2.090502289114524683e+04 2.818269703770746855e+04 3.994559775099807885e+05 5.094028128688471770e+04
5.565445902687094531e+03 4.998792334733312600e+03 2.698770757014396168e+03 7.326716873174354077e+03 2.251755406856765330e+05 1.986893462652816015e+04
1.446328737852087443e+03 6.509276740240481558e+03 1.233976079995041118e+03 1.482500413682578710e+03 9.566214447957012453e+04 7.958533771231793253e+03
3.485613310601270769e+03 1.127830259301001024e+04 2.429599047569553022e+03 1.346222760903026574e+04 3.723686912701365072e+05 3.273808634855338096e+04
1.360765158950857767e+04 1.335936753454018035e+05 6.413963107426145143e+03 9.967746837696184230e+03 3.428909305349028436e+05 3.694405392472747917e+04
2.058852634128210411e+04 1.364652429165917565e+05 1.477198027212435954e+04 2.260837588785551998e+04 4.955907475650453125e+05 5.667554278920788784e+04
3.839043979725426198e+03 3.276201771004510010e+04 2.703194244231218818e+03 4.350729702087925034e+03 1.591310737070081232e+05 1.545652556158784682e+04
1.765870015560589536e+03 4.100422864391666167e+02 8.333664140049339721e+02 1.368040773526381236e+04 3.174476424056432443e+05 2.791699110955050492e+04
3.170418386014006319e+04 1.489269738834511372e+05 2.255647946825298641e+04 2.878679204166783165e+04 3.629655103026835714e+05 5.452128813319406618e+04
2.568599189726342502e+03 1.486689027932972294e+03 4.083249114757079951e+03 2.335038497161038777e+03 1.584528908363159862e+05 1.354711871272229655e+04
6.208746350527942013e+03 2.548983722763095284e+04 3.593162130478381641e+03 1.174969597034676008e+04 2.752519697414796683e+05 2.663634337116245297e+04
7.457700680305325477e+03 1.260751653454082953e+04 3.841027171187625299e+03 1.038383863625134472e+04 2.348744776120639581e+05 2.277248919275628214e+04
2.909874694020025709e+04 1.456597333380185300e+05 1.949790668413125604e+04 2.699366673623066163e+04 4.980262197555988678e+05 6.131445285783628788e+04
6.719850692090470147e+03 3.484017283781855076e+04 4.807089998455780005e+03 6.696449363355130117e+03 1.920233583655231923e+05 1.973931105535743700e+04
8.279725893105189243e+03 5.409555739085518871e+04 7.009655775124459069e+03 1.311368204979530856e+04 2.984011909736333182e+05 3.169810151945410689e+04
2.963776785845485847e+03 6.124679272723425129e+03 1.481543476739285097e+03 8.247099368918761684e+03 2.349687200131621212e+05 2.047477322872859440e+04
6.471407359436468141e+03 2.224581342358980692e+04 3.121235781487177064e+03 1.224345815845475954e+04 2.377261309919701598e+05 2.397171362663926266e+04
5.710084093287304313e+03 3.888989466169939078e+03 3.264947791788453287e+03 9.108718094363262935e+03 2.013672284127830644e+05 1.926255533528270462e+04
5.536847345227170990e+03 8.952750186630686585e+03 4.806403827740052293e+03 6.133743265714313566e+03 2.370443358620939835e+05 2.123196048477409568e+04
1.608232613082550415e+03 5.921276629816049535e+03 1.086400062840330065e+03 4.566532437623239275e+03 1.657916263691284694e+05 1.397725528840997504e+04
4.305005688805902537e+03 2.255823026283063882e+03 5.738604423357702217e+03 2.293962621015879631e+04 4.931515260012404760e+05 4.612751707213092595e+04
2.913119753341373780e+03 1.036768090384192692e+04 9.018110657551185341e+02 3.353725961906447083e+03 1.402959682366394554e+05 1.185441528162554823e+04
5.144112946263926460e+03 2.276198527426420333e+04 6.012532309441304278e+03 7.514645136994881796e+03 2.508381331713712134e+05 2.398726004772318993e+04
5.343775914847850800e+03 1.540777102410232328e+04 7.095504572011343953e+03 2.528987454735661231e+03 1.627439225968947576e+05 1.591067285055487264e+04
6.033189516873488174e+03 1.435378304568929343e+04 7.373493474919646360e+03 3.213507959596844557e+03 2.010085672928425774e+05 1.886156005432576058e+04
6.864632561350164906e+03 3.060708405282271997e+04 3.811931268214432748e+03 9.681408211664142073e+03 2.329499115180054796e+05 2.320334667068774434e+04
1.105526558215524419e+05 7.214766074888460571e+05 7.098025952190186945e+04 8.351167818524464383e+04 9.993040799907618202e+05 1.712667488735277147e+05
3.550063093659669903e+03 1.423518960210713431e+03 1.261244208064042823e+03 6.054232429214860531e+03 1.280831154624421761e+05 1.196656981367190565e+04
3.755301864658863906e+03 2.872469534284594556e+04 2.126198912738528179e+03 3.029541048211330690e+03 1.375744039315396221e+05 1.296074488850974376e+04
2.796418716197990307e+03 1.887872004002442918e+04 1.765605933341219952e+03 3.666677687675562083e+03 1.467545242971357075e+05 1.322375317534149872e+04
6.001221995068299293e+02 8.214204198260500789e+02 6.554493815459413781e+02 2.214331804550840843e+03 1.125705702805853216e+05 8.895926350949008338e+03
5.065108167290146412e+03 3.244301043969720195e+04 3.714137468313207137e+03 5.660438121752725237e+03 2.307585701302933157e+05 2.128641061181558325e+04
2.240542472752353569e+04 2.081462379023162066e+05 1.088525488338226751e+04 2.168336367043212522e+04 4.716904652153770439e+05 5.652043280024742853e+04
2.871787528303408180e+03 2.991733795482439746e+03 1.315419691297052850e+03 4.954956011973040404e+03 1.544171146860238223e+05 1.334164584646991898e+04
1.921508435576348575e+03 2.382624171611507336e+03 1.277933202414681546e+03 8.778692397876047835e+03 2.264865729087540240e+05 1.987174515794541730e+04
5.457809320364134692e+03 7.274642931563790626e+03 7.108460322670313872e+03 3.977240666628805229e+03 2.696011825472310884e+05 2.335594804468147049e+04
1.273650052639035857e+04 7.811581904942290566e+04 6.920296679756571393e+03 1.552598630767782561e+04 3.416168611716961022e+05 3.684538146399032848e+04
5.999349754836759530e+03 2.995695440260860778e+04 3.307909188479933164e+03 9.648966343884592789e+03 2.005756768964168441e+05 2.076175981930287890e+04
1.529004677166394140e+04 1.005403749878896779e+05 9.716998768086870768e+03 1.176867954751613979e+04 3.598856619635748211e+05 3.869014302274068905e+04
8.217851579263516442e+02 6.033182140201432958e+03 4.433629016846457489e+02 2.296458521314391874e+03 1.104019335471336090e+05 8.953609720403352185e+03
2.731116288016803082e+03 8.551276735025850940e+03 3.072082377469948369e+03 8.060919380730681041e+03 2.460535759075664100e+05 2.194185427198383331e+04
3.136283717689115656e+04 1.628647884879490593e+05 2.202505297593365685e+04 2.035526724128777278e+04 3.433591833647873718e+05 4.985041805870559620e+04
1.821352798501524740e+04 1.560595508060840657e+05 1.042030885640943598e+04 1.588935693180799535e+04 4.228639789396222332e+05 4.783916851256657537e+04
2.204778913399543853e+03 1.821327198369717735e+04 1.644938418784687656e+03 4.576924666254180011e+03 2.013547858234434098e+05 1.722280412142027126e+04
3.909603209795457587e+03 1.505856283855128822e+04 4.269566026417698595e+03 7.087125319344308082e+03 2.853694477640530095e+05 2.498403503051054940e+04
1.031714496827668336e+04 8.370856503855959454e+04 5.088510153102140066e+03 1.047698669234585759e+04 3.083491033666354488e+05 3.181175938910084733e+04
7.688429323149957781e+03 6.244032360903122026e+04 4.635401048878810798e+03 1.098260298483732004e+04 2.472489715242131788e+05 2.668331163760281197e+04
3.793230402266046440e+03 1.744607386496272056e+03 5.524110030669909975e+03 7.248515849630914090e+03 2.347909017849107913e+05 2.153726888211452751e+04
1.640853762080095976e+03 7.692123711820788230e+03 8.954210469962919205e+02 4.228152840112176818e+03 1.117525313699375984e+05 1.019487733690956338e+04
6.806620726058275068e+03 3.391757606571350334e+04 3.576976433345175792e+03 1.038808150632509023e+04 2.347118026263301144e+05 2.370388776390773273e+04
2.708574748831346005e+04 3.108631262358723325e+04 3.644669605915890861e+04 1.470614882982304880e+04 6.414829340289339889e+05 6.704527713722393673e+04
2.797070532392155656e+03 3.172472683134671115e+03 6.860802929583293235e+02 5.528362888770293466e+03 2.006516259052605019e+05 1.644828803919078564e+04
6.062006465661423135e+03 9.723697772326004269e+03 5.459426054032574029e+03 1.757478976477145625e+04 3.477862039083948475e+05 3.417351484074835753e+04
1.180499694653947472e+03 3.310402122363146646e+03 6.433180379280453280e+02 1.247161246250942713e+04 2.690766629131006193e+05 2.417854094161688045e+04
8.724557192141268388e+03 5.166750109227553912e+04 6.665840299846737253e+03 7.886837979063197054e+03 3.330104793719767476e+05 3.139408057192955675e+04
2.788612235306927687e+03 1.291736071747517599e+04 2.483634566072312282e+03 6.520562372059144764e+03 2.280647746420262847e+05 1.999773836174177995e+04
6.005023529640836387e+03 3.917251814833933895e+04 2.926977853117063660e+03 9.902004257369500920e+03 2.700892257121501025e+05 2.584333008739783691e+04
2.101667728678873755e+04 8.095314433256877237e+04 1.169091784049652597e+04 2.152449313521211297e+04 3.632451849370576092e+05 4.320943065234148526e+04
2.634698318450511465e+02 3.274368755361403487e+02 3.656069353004445475e+02 2.575816322226231478e+03 8.594769399833660282e+04 7.119354997929965066e+03
3.300623201422648435e+03 1.233632053103584803e+04 3.183049003046648977e+03 2.655351762623884952e+03 1.333805208966891223e+05 1.215429136730585196e+04
1.208504302365055628e+04 7.785438417406115332e+04 6.384486856934251591e+03 2.128756046826785678e+04 5.427623300167609705e+05 5.273571910072776518e+04
1.195036991601180489e+04 1.187864510638282372e+05 6.536236909707682571e+03 7.015926832212143381e+03 2.398760866292348364e+05 2.800072174374575843e+04
5.558117297586140921e+03 1.676247698469012903e+04 7.333093811979487327e+03 1.040192897174986138e+04 2.829126918549101101e+05 2.772263092221977786e+04
5.141637036828368764e+03 3.475528952522292821e+04 3.633217901756091578e+03 7.986309132846996363e+03 2.795469464684269042e+05 2.569912716636807818e+04
2.961757161301899760e+04 2.092623529556689609e+05 1.948413895978948494e+04 2.761682062314287396e+04 5.857740495418705977e+05 7.063872497734161152e+04
3.746256005050101521e+03 3.099525315780062374e+04 2.288001894917576010e+03 8.284186178633435702e+03 2.409880473693299573e+05 2.247444805223600633e+04
4.679095718266616132e+03 1.447301159011702111e+04 5.408673655241250344e+03 2.808348176310887084e+03 1.540369347811343614e+05 1.467795510793725771e+04
5.412345122905218886e+03 7.346339737488693572e+03 3.478767879169925436e+03 2.348737936819025344e+04 2.978096838658482884e+05 3.251424642531136487e+04
4.916733818352432536e+03 2.316930298213175047e+04 2.984848920670937787e+03 6.908127790703916617e+03 1.951481760304356285e+05 1.868228149474557722e+04
2.813212391852890960e+03 1.043413714214545507e+04 2.266505893000566630e+03 5.502474502490991654e+03 2.168533569094735140e+05 1.856684963050323131e+04
8.867439740620849989e+03 1.194009280225546900e+04 3.924460392036906342e+03 1.282226529985307752e+04 2.773601502657416859e+05 2.673562266646457283e+04
2.731403558068062193e+04 1.351183776408894046e+05 1.706239732640898728e+04 2.816134751645056167e+04 3.620231568332995521e+05 5.112353642241119815e+04
2.420947036586919694e+03 5.537311149276320066e+03 2.933556085408878062e+03 9.125154452946555466e+03 2.308254652431939321e+05 2.119002417705289918e+04
9.378504758704839332e+03 3.425893767144510639e+04 4.618064473264820663e+03 2.250884807453846588e+04 5.227047189336131560e+05 4.902066984192549717e+04
7.347399697120865312e+03 7.627483697624861634e+03 4.724146153473619961e+03 8.827627233476654510e+03 2.499519121095516311e+05 2.321722537403133174e+04
6.018236702503123524e+03 6.302634040508153703e+03 7.127375482436483253e+03 8.496332876787299028e+03 3.046531299531602417e+05 2.771705387641011475e+04
5.202303692454675911e+03 4.365847153785060800e+04 3.224685414163218411e+03 1.253445673211497706e+04 3.025999543391557527e+05 2.957060615381291063e+04
7.166777676554446771e+03 2.746649223474063183e+04 4.529491994058117598e+03 1.397896611416979431e+04 2.737540740659381263e+05 2.804506150780493044e+04
7.431931079139380017e+03 2.724615485269388046e+03 4.626691757751918885e+03 1.669341751228127032e+04 3.332342475938685238e+05 3.209097689960185380e+04
1.758044228020557421e+04 9.378292970182986755e+04 1.102133749540948702e+04 2.453088599588513898e+04 4.884821977539021755e+05 5.333833042947427020e+04
3.025377128063004420e+03 3.188361500586714101e+03 1.811786939748136092e+03 1.249632282079094875e+04 2.116520276887122600e+05 2.082502891089847981e+04
1.087713185502949818e+04 9.277192278637543495e+04 5.868723885797773619e+03 1.477424317306476769e+04 3.567355777614153340e+05 3.779408279286687321e+04
2.301365480692349138e+03 1.521499924442307702e+03 2.635553535960220415e+03 7.529370669999466372e+03 1.999620694408457784e+05 1.806544329418935013e+04
1.759453733244304385e+04 1.747691299270758755e+05 8.825669525908486321e+03 1.447519871880380015e+04 3.957956740883662715e+05 4.561728036942009203e+04
3.150782056039617601e+03 1.407670881152081347e+04 2.744490010650417844e+03 1.079931173437679172e+04 2.401619324260902067e+05 2.291597453208491061e+04
9.298574223831765266e+02 1.836725917472288074e+03 1.135206803610099769e+03 7.158806112708955879e+03 2.528525310207940638e+05 2.082408881125618427e+04
1.856035502141443658e+03 9.968265914999205052e+03 1.943462416740060462e+03 8.800376350852435280e+03 2.549406164899345022e+05 2.245753346484272333e+04
7.133525158674329759e+03 4.026128041477884108e+04 4.973053221339751872e+03 7.708901558690591628e+03 2.504517392656611919e+05 2.446673108377502649e+04
4.888767305974987721e+03 4.389485000147050596e+04 2.780973796438703630e+03 1.094828169391698066e+04 3.170785212988739950e+05 2.964760300126271250e+04
1.869967499410493474e+03 4.548399237666095360e+03 1.695781319562549697e+03 3.031595723552451545e+03 1.187203724939752719e+05 1.031196506143713850e+04
2.093661909443463446e+04 6.459725957594993088e+04 1.177121033374480976e+04 2.723017060836798919e+04 6.788063373978924938e+05 6.623941345538523456e+04
5.660601867265489091e+03 3.650060663008455595e+04 2.701349487087125908e+03 1.428827981496441134e+04 3.061934788284219103e+05 3.002563957730833499e+04
3.790095815825179670e+03 1.853059042290184516e+04 2.165693290623099074e+03 5.384904191509264820e+03 1.442582586208138673e+05 1.398805818617047589e+04
1.816740941118850969e+04 8.025030007875368756e+04 9.637590017045913555e+03 2.186710459770582020e+04 3.967355585941756726e+05 4.469697304786524182e+04
2.634789555872804613e+03 1.176215235466536251e+04 2.784098612347319431e+03 1.663741059123025479e+03 1.505159865449797944e+05 1.265803895135204039e+04
8.679223124068499601e+03 4.421558906567461963e+04 8.030737644456086855e+03 1.347335784442533259e+04 4.324224471890738350e+05 4.082634744776857406e+04
2.566586548201459300e+04 1.621296002665933338e+05 1.636646735223940232e+04 3.186788093855399347e+04 5.179328760641669505e+05 6.432228602354460600e+04
1.165845737922071748e+04 4.463391621943676910e+03 4.298840748177968635e+03 1.884186535614126115e+04 4.188693428058254649e+05 3.876694005340744479e+04
6.189708149972047977e+03 3.590256461253875750e+04 4.243336229052426461e+03 6.395500213301255826e+03 1.636706371394936577e+05 1.750576726096411221e+04
5.634793589924293883e+03 5.661010896836276515e+03 4.222631228585048120e+03 1.590162861843464816e+04 3.330609766064569703e+05 3.169237357107863136e+04
3.600729930023086126e+03 5.677202806408617107e+03 2.137350920904557370e+03 1.274617299655084935e+04 3.339738204437374952e+05 2.942879401832140502e+04
5.619208308783843677e+03 1.315120669583352355e+04 6.347260114884580616e+03 4.628465729759325768e+03 2.276091226276249508e+05 2.078863570274581798e+04
8.593129004324175185e+03 1.542205203061453540e+04 7.013076268142516710e+03 2.099956260656019367e+04 2.226796408897528308e+05 2.825918868193002709e+04
7.328652546239245567e+03 3.861555554771635798e+04 5.904337055751234402e+03 1.159366155048158544e+04 2.752714367692361702e+05 2.821276368451661619e+04
1.629021323797904734e+04 1.107627984610086423e+05 8.956696073273871662e+03 1.215659683286916697e+04 3.139074001213287702e+05 3.595104188698069629e+04
3.229672639216828611e+04 2.119532770588839194e+05 2.023798958073361064e+04 2.971331457779883931e+04 5.068572577450264362e+05 6.673691301812956226e+04
3.741646540918021856e+03 2.920778808150246732e+03 5.638254927304017656e+03 1.213054341540819951e+04 3.522708920412046718e+05 3.175389110912767865e+04
2.753135695587724967e+03 1.245960170683239448e+04 2.219895763000591614e+03 7.216630633529504848e+03 2.646418681939906674e+05 2.263630924828278876e+04
1.399165243781041499e+04 8.278499883994215634e+04 8.891447262689258423e+03 2.028477902061668283e+04 3.903548238562892075e+05 4.335605135370384960e+04
1.748048933877570016e+04 1.231345961569728825e+05 1.254825744057838347e+04 1.127560528807823175e+04 3.113370841704828781e+05 3.754011807201747433e+04
7.250089734607637183e+03 2.769718989514604255e+04 8.338045891056610344e+03 1.286999118476614240e+04 3.188672049117080169e+05 3.223111492490531964e+04
9.709110368810754153e+03 1.460858492419384129e+04 6.858003873993080560e+03 2.241667475056867988e+04 3.232918848894085386e+05 3.556002854625110922e+04
1.444417366474781738e+04 1.160611034031352574e+04 8.648919335508298900e+03 1.810284583234685488e+04 2.954961260713043739e+05 3.236335292606036819e+04
1.124957721341697470e+04 5.084255677790550544e+04 6.149901378075041976e+03 2.284892901726366472e+04 4.039224439320801757e+05 4.266597726717683690e+04
6.905288076441531302e+03 4.200570506288024626e+04 5.185597028172145656e+03 6.560323692840554031e+03 3.042311254532095627e+05 2.774246687744225346e+04
5.982700880216321821e+03 4.916245522580177931e+04 3.966486183294248349e+03 5.088871216772533444e+03 1.898253514272150351e+05 1.921073287786046785e+04
6.536878586388543226e+03 1.421175757687950318e+04 8.824293725308831199e+03 4.864028723063303914e+03 2.503600194984000991e+05 2.354564863166005671e+04
3.727602401420666865e+04 3.426438778191822348e+05 2.039502283137610357e+04 3.195973092321979493e+04 5.388326481842503417e+05 7.643656801825517323e+04
7.579667895366578705e+03 6.084485246852460841e+04 5.505542222840384056e+03 7.404021891925015552e+03 2.316836605251955043e+05 2.431439321350408864e+04
3.288370566849668194e+03 2.499562548705997688e+04 2.369700793142977091e+03 5.959810833337250187e+03 1.348823935385184013e+05 1.402518701718870943e+04
3.192388969596231163e+03 6.857861446838073789e+03 2.621933469717533171e+03 5.070320965026566228e+03 2.423426617542583845e+05 2.006213124595526097e+04
1.600626650499908465e+04 4.372614605514990399e+04 1.191719308990513309e+04 4.706513916225489811e+04 7.295349217346104560e+05 7.765084136701603711e+04
4.399739750910123803e+03 2.860311924600269413e+04 2.293619950376124052e+03 6.946372176119984033e+03 2.096171506852481689e+05 1.964359527413895557e+04
2.140814015356788786e+03 1.631448323595437250e+04 1.077002597814421279e+03 1.048239499560119657e+04 1.950536431505050277e+05 1.913058339961043748e+04
1.138363979986038430e+04 8.777615121229550277e+04 8.235214237542177216e+03 1.137937170238680483e+04 2.939218711998795043e+05 3.280716128552286682e+04
3.604209041289986999e+03 7.484051506696967408e+03 4.806855157824647904e+03 8.183850320209937308e+03 2.372250523539688147e+05 2.209867539422815389e+04
2.685958505202941524e+04 1.715307546967097442e+05 1.543135535811305635e+04 2.725981032311767922e+04 4.572367626304622390e+05 5.821817704102847347e+04
4.846321968903534071e+03 7.115089054067891084e+03 3.440447215468389459e+03 6.512238452185601091e+03 3.125325595071329153e+05 2.580066078474024107e+04
5.152229008368922223e+03 1.103222872874679888e+04 4.987510385966174908e+03 1.295054461607646772e+04 2.039911035677970503e+05 2.227220756336726117e+04
1.142069329229367031e+04 5.108214669369948388e+04 8.841777047887213485e+03 1.275063943858448329e+04 2.766054052261825418e+05 3.070868456540739135e+04
7.627456344644876481e+03 4.053363254553862498e+04 4.507427744204484043e+03 1.385743139352784965e+04 3.193699593343621236e+05 3.169515625103282946e+04
2.862996065327073666e+04 1.475605620256594266e+05 3.113057827590870875e+04 1.646082370501073819e+04 4.622929492247113958e+05 5.925697543593927548e+04
1.128987767992186309e+04 2.255437136838123843e+04 5.587191938986305104e+03 1.596015122137024446e+04 3.688795885440112907e+05 3.555197025889002543e+04
6.336576786314766650e+03 4.246956812992988489e+03 9.105282820885331603e+03 1.643099762797619769e+04 4.375016667934707948e+05 4.099126472334204300e+04
2.172339382859419493e+04 9.762254907718591858e+04 1.090686110391844886e+04 2.327313997268916501e+04 4.370265962016349076e+05 4.944932004531799612e+04
1.008776116142956198e+04 4.660062576419812831e+04 9.278438858668894682e+03 1.255780820449811654e+04 4.282373535213141586e+05 4.078672073493582866e+04
9.106930646981834798e+03 2.779765739442217455e+04 6.464156822413037844e+03 1.492477332863667471e+04 3.505710781756484066e+05 3.448980825724451279e+04
3.453393885536173912e+03 1.847044656516919713e+04 2.838001660173893015e+03 1.571687169664311295e+04 3.557617480817296309e+05 3.317248868752806447e+04
1.097258833176276858e+04 8.419331378569356457e+04 5.936710322755324341e+03 1.322709608553120961e+04 2.845636665376035380e+05 3.184514278299820216e+04
2.561033400783076559e+03 1.142042428007039462e+03 2.361843517702446206e+03 9.157664273661232073e+03 1.967549886796272767e+05 1.844925927895748100e+04
1.540642326980244206e+03 2.295448839249561388e+03 1.944060232617256133e+03 3.730561708722120329e+03 1.773553662679480622e+05 1.456736306331782544e+04
1.572316879038677871e+04 7.084538650367758237e+04 9.055738261837333994e+03 2.196649900721609447e+04 4.949000594184196088e+05 5.062831480528482643e+04
2.270121873369709647e+03 1.542493552137877123e+04 2.019874286417295480e+03 7.068761181801937710e+03 2.125686805746256141e+05 1.912749847649900403e+04
3.284069800694780497e+03 6.472864604890746705e+03 2.985311029572420011e+03 1.582723345297569722e+04 4.731554438784739468e+05 4.058820347552475141e+04
5.657444640571156924e+03 1.641514057868469536e+04 3.620052765136303606e+03 1.026062594973598061e+04 2.312619248491783219e+05 2.256690740365308011e+04
4.801186356139821328e+03 3.627104514318398287e+04 3.113254527608938588e+03 6.943289782951618690e+03 2.277933371925076062e+05 2.159740345450073437e+04
1.312651418826561712e+04 4.366044833457064669e+04 6.982495925235268260e+03 1.492048801975530114e+04 2.464200361737703497e+05 2.849092528341026627e+04
9.642589493491497706e+03 1.645662880765076625e+04 7.633665751509018264e+03 8.679343162415520055e+03 2.428893831988578604e+05 2.436619571330498002e+04
1.978744312135569771e+03 1.095033107830760400e+03 1.387228517903892225e+03 6.596192601474189360e+03 2.080535459229386179e+05 1.762847267572555575e+04
3.945821486771517812e+03 9.153274817917259497e+03 3.458901642311390788e+03 5.015268886670517531e+03 2.731601160498379613e+05 2.258436975207611977e+04
2.076517181139186141e+04 1.451291152251143358e+05 1.319450190346337513e+04 1.988439717903282144e+04 3.484810699083411600e+05 4.529785928080612939e+04
3.304651443176642260e+03 1.385859905052378417e+04 2.710273375027863949e+03 1.231037625370766000e+04 2.840171422561763902e+05 2.652339591458524956e+04
1.665302305389846197e+03 1.564190621634790659e+03 1.942168634184662551e+03 7.944629758342594869e+03 1.919328194891432067e+05 1.741637683652709165e+04
6.226678444134825440e+03 3.954897473445870128e+04 4.781096740641432916e+03 6.867814450628720806e+03 2.617015171264014789e+05 2.472507204613984868e+04
1.848559443310832876e+03 6.190992530359879311e+03 1.863870629891044928e+03 5.317936605013482222e+03 2.203378377177333168e+05 1.833428284205123055e+04
1.675929045169768142e+04 8.713818130942410789e+03 1.072882560470016324e+04 2.671444187996350229e+04 5.607182953019146807e+05 5.484963830762798898e+04
1.364595107567331979e+04 7.932945728335503372e+04 1.134604443879223436e+04 1.010103748834609905e+04 3.804218483412140049e+05 3.897023003250735201e+04
7.260562254999488687e+03 3.273539073409693810e+04 6.626066595688452253e+03 1.509968251807637898e+04 3.407408443804458366e+05 3.422179789073725988e+04
1.559205030667226674e+04 3.080729599308489560e+04 1.554344423095253660e+04 1.954752291563878316e+04 7.081777040434492519e+05 6.469545053927546542e+04
6.398145601268662176e+03 2.245658375439357405e+04 3.824332122998826435e+03 8.958902898130714675e+03 2.054687995795663737e+05 2.063039818252212717e+04
2.557104054868816547e+03 5.708212044649467316e+03 1.889472020168255995e+03 7.054041277874380285e+03 2.784080806244013365e+05 2.301225384418976682e+04
4.013298307958275473e+03 1.358758874453796125e+04 5.202496401377928123e+03 5.904137348606459454e+03 2.391283747748457827e+05 2.166835197876640814e+04
7.403228519682686601e+04 6.272511043493853649e+05 4.321685548007873149e+04 4.707826971737944405e+04 7.961522887823369820e+05 1.244983520070086670e+05
7.087059086625034979e+03 9.187192123910364899e+03 3.488202231617255165e+03 1.403529595091299961e+04 2.685466951063250890e+05 2.636709025958252460e+04
5.605888427397837404e+03 1.571622318097649622e+04 3.396772081688104208e+03 7.865159384561230581e+03 2.392334658401915221e+05 2.188904955838556634e+04
2.676021589337803107e+03 1.663790508909406981e+03 1.745879967296247514e+03 8.351999989847887264e+03 2.124485061493047979e+05 1.890076994161354378e+04
7.638345086662429821e+02 2.653774801721459880e+03 2.724131709121622293e+02 3.325637099974388093e+03 1.492456886937848176e+05 1.179072274390537132e+04
6.758275481779243819e+03 4.926758188266284560e+04 3.777609465694009486e+03 1.283720427954647857e+04 2.853954086632647086e+05 2.906618367220787331e+04
1.285345548506393425e+04 7.340043849752424285e+04 1.067578946811279820e+04 2.099757265324745094e+04 5.481307494776261738e+05 5.459523945114617527e+04
2.039713578801360200e+04 1.866622171832117601e+05 1.213207814588228939e+04 2.206528375729245818e+04 4.577840238273065188e+05 5.523241998803721799e+04
1.932876055853943035e+04 1.473804234170499258e+05 1.168051481226134638e+04 1.511576100063735612e+04 4.039398788249239442e+05 4.633041649442628113e+04
1.625837234164386791e+04 6.975096075412213395e+04 1.621033822802631585e+04 1.653458839432079913e+04 7.047267531708824681e+05 6.531504755853612005e+04
3.042733839573587375e+03 2.351597333996345697e+03 3.239350064426633253e+03 4.613159035009743093e+03 2.309984726273954147e+05 1.913563000728864426e+04
5.871193733652460651e+03 1.479962917379620922e+04 7.865491133785273632e+03 8.991232799779983907e+03 3.515421009799137246e+05 3.183312564677500995e+04
5.853140997600416995e+03 3.957916038614072022e+04 5.118640301408227970e+03 4.676367614915873673e+03 1.787757844250878843e+05 1.830358832544092729e+04
3.797761128857258154e+04 2.312806150718711724e+05 3.284033565661348985e+04 2.583772755845677602e+04 3.255987857869380387e+05 5.918190743655915139e+04
6.401049821311397864e+03 4.125348583148665057e+04 3.407765430393956194e+03 1.214065171589002603e+04 2.843501388881399180e+05 2.812500264925284137e+04
1.739713890802342212e+04 4.642897096413870895e+04 1.640184546309290090e+04 3.468846814107757382e+04 4.017375383695233031e+05 5.207377634840248356e+04
2.026328633025920499e+04 1.947695230987243413e+05 9.858177868713706630e+03 2.835566486173703379e+04 4.868869258933926467e+05 5.945511640762051684e+04
1.667693166854901165e+03 2.292761627741711891e+03 2.229412398841489903e+03 1.430846315434607732e+03 8.485977984295034548e+04 7.429132446380689544e+03
7.542605509819361032e+03 3.663759074814570340e+04 7.645935522562114784e+03 9.623604985189160288e+03 2.797908577124144067e+05 2.827883384612806549e+04
3.639751484996500221e+04 9.284186855309986277e+04 2.457656451382353407e+04 5.009745045544135064e+04 5.864666624372021761e+05 7.728640370806881401e+04
1.766913861467954348e+03 1.477075888362593469e+04 8.984861304385973426e+02 1.073055358481985422e+04 2.250894290077972109e+05 2.110966447387349035e+04
1.310099151533317354e+03 2.787969170722265972e+03 1.124367557902857243e+03 5.740540355614277360e+03 2.317059170142447401e+05 1.880284693989364678e+04
6.714028570103164384e+03 3.202799770438010819e+04 3.715257102957311417e+03 1.755774954490610253e+04 3.721259725482492358e+05 3.615444423093709338e+04
2.631054882108818219e+03 1.781442540924468631e+04 1.893772129500090159e+03 5.174083707753177805e+03 1.737131087435815134e+05 1.572119855777109842e+04
3.110232764218339071e+03 2.018481353531035347e+04 1.737310884975176577e+03 5.913494180738416617e+03 1.639477818787228898e+05 1.544855557445085469e+04
6.728447683120973124e+03 1.263398387901454771e+04 9.176091932406496198e+03 3.741159483212639316e+03 2.085651277865600132e+05 2.030039773297778447e+04
2.072060438929705469e+03 3.748425232400062669e+03 2.013906668590743720e+03 2.695563302477440629e+03 1.448875105882683711e+05 1.201757042806360732e+04
1.972115894611563635e+04 4.108967154162404768e+04 9.689870167875298648e+03 3.415820785780905135e+04 5.606740551465275930e+05 5.936642956137839792e+04
4.619347101191106958e+03 2.494210372107934381e+04 4.200968566566629306e+03 1.300697554249406494e+04 2.856449124405696057e+05 2.813880835799850684e+04
2.584212530758818048e+03 9.331062131753118592e+03 2.360175072464096047e+03 5.069679618173205199e+03 2.157624085991176253e+05 1.828357826602450223e+04
4.995480717968105637e+03 2.073785053837147643e+04 2.918116359542895680e+03 8.041051728525304497e+03 2.205077103381826601e+05 2.075118692464003107e+04
2.157134815815681577e+04 8.355890388253497076e+04 1.260058311861972834e+04 2.850819427616463508e+04 6.307557151760290144e+05 6.488104890021005849e+04
1.835019793683533635e+03 1.038252909144220666e+03 1.329709548724138585e+03 7.507329512334193168e+03 2.066137328413315699e+05 1.791602802419368527e+04
5.651870041332509572e+03 2.800547865914466456e+04 5.627001527366945993e+03 1.992372412884818186e+04 4.111179161745072925e+05 4.047200356956971518e+04
5.815180566890382579e+03 2.930548256175953065e+04 4.498849942688320880e+03 8.233620862105472042e+03 2.959091089317455771e+05 2.701501821582713092e+04
9.291651539249958660e+03 3.262480487375353187e+04 6.151919934986892258e+03 1.348491895802954969e+04 4.384913340100390487e+05 3.985641766191807255e+04
7.038637865026896179e+03 4.103591102979252901e+04 5.759061456767871277e+03 9.804429798790788482e+03 3.498504592108075740e+05 3.247697034217757755e+04
3.097115019899468098e+04 1.639730137470803165e+05 1.747451735839033427e+04 2.449010910142641296e+04 4.107386510882437578e+05 5.434519994583883818e+04
6.840023114039227949e+03 3.193272423661793800e+04 4.615553071995929713e+03 1.125214260054158331e+04 3.364628581781237153e+05 3.128785640210813654e+04
1.636315785497798242e+04 1.262720033254116570e+05 1.166971953233113345e+04 1.715682218575431034e+04 3.844837677931092912e+05 4.489581292440310062e+04
7.189882037143212074e+03 1.351930814205825300e+04 1.016521143828895947e+04 4.576104437155511732e+03 2.583289632339840755e+05 2.449523441537586405e+04
3.581807005874693004e+03 1.210637842710422228e+04 3.190929082716402718e+03 1.050736677157274607e+04 2.512920271939590166e+05 2.362754449423337428e+04
2.373658755265300897e+03 1.144329653357982897e+04 1.725231916718563070e+03 8.019215740015315532e+03 2.383308797965347476e+05 2.096603813045503557e+04
2.081047797432251627e+03 1.595277605337359319e+03 2.228532509822705833e+03 1.329349116583389150e+04 3.049841272918991162e+05 2.756381377293778496e+04
8.417184850043324332e+03 4.544289919538536196e+04 4.665275487180523669e+03 1.527032689636465329e+04 3.804659132883449784e+05 3.675424982338055270e+04
1.552782565458812132e+04 1.105250041011553985e+05 9.767621808707659511e+03 3.567921043175637169e+04 6.220134020121606300e+05 6.764847860821297218e+04
1.768640384420916598e+04 1.163022092921076837e+05 1.194905364613955862e+04 1.964206247461469684e+04 3.159706476703748922e+05 4.103862531958230102e+04
1.272171444964123839e+04 5.876291312306916370e+04 1.471181981975660347e+04 1.578373356932967727e+04 5.412073402904743562e+05 5.278768632957448426e+04
4.156739531185493433e+03 2.796597576686840694e+04 3.682046555097742839e+03 7.649275836578357485e+03 2.580095679319737246e+05 2.378329986319165619e+04
1.790965526255459554e+04 3.976758714204381249e+04 2.538318926264580659e+04 9.160473576326836337e+03 3.229925049370317720e+05 3.877624734973076556e+04
1.194773123350352216e+04 9.874063911559438566e+04 6.651413456301586848e+03 1.007104055611635158e+04 2.639903211575251189e+05 3.006205344564969710e+04
6.327197777737252181e+03 2.509865840162354289e+04 3.023036791651612930e+03 2.206392023868195611e+04 3.115563973540966981e+05 3.347696251022331126e+04
9.861706995711844002e+02 6.681370306607142084e+03 5.597471205575378690e+02 3.639931788769795730e+03 1.626030882054595568e+05 1.315437308463373483e+04
1.108042912821567825e+03 7.439406905182813716e+02 1.007862052317797861e+03 4.889508152751157468e+03 1.761882041700652044e+05 1.453257981195876891e+04
7.296192359950916398e+03 3.012497408405370152e+04 5.781104785453707336e+03 5.728772394965322746e+03 2.429699775674213015e+05 2.291500512473421259e+04
1.256465226545930636e+04 1.170694372863534081e+05 5.359369290928134433e+03 6.979249294054427082e+03 2.348456374482553219e+05 2.705351699683021434e+04
1.698841495337259630e+03 1.517017778139776783e+04 1.010103051644985271e+03 4.291649407619936937e+03 1.362885464713463443e+05 1.229326316385572500e+04
1.985611904265314706e+03 6.021507608807501128e+03 2.134697709735998160e+03 9.906212035248447137e+03 2.759304784807281103e+05 2.425652860653725293e+04
7.284146879326417547e+03 6.260244787439100764e+04 3.439007997114626050e+03 1.140342420581839178e+04 3.130543597782014403e+05 3.079191707928006872e+04
5.272259530056825497e+03 3.721026348185494044e+03 6.630753572370152142e+03 4.713037131379141101e+03 2.211589856174602464e+05 2.004872447416219075e+04
1.287685954452998703e+04 1.080854627094869065e+05 6.193584417577244494e+03 7.998237067305533856e+03 2.471182105310062470e+05 2.825489775257180372e+04
1.486164508675096477e+04 3.960796418635228474e+04 2.056981795278668142e+04 1.025632483071217575e+04 3.576140942779949983e+05 3.951753870976231701e+04
1.610521743539546151e+04 1.347680661907346221e+05 9.126155010469137778e+03 1.272362381171604102e+04 2.748068085225839168e+05 3.483819056328669103e+04
1.143996847950510710e+04 8.616625927270452667e+04 7.386980579995971311e+03 1.155361750292263059e+04 3.565843801837218343e+05 3.665530179113520717e+04
5.103848621219497545e+03 1.058585066894214651e+04 6.338242184740141965e+03 5.328441483344670814e+03 2.508364765033559815e+05 2.253661492182302391e+04
1.803946002639495782e+04 9.031311855207894405e+04 2.001632111685767450e+04 9.183893159560024287e+03 3.863784959921590635e+05 4.323716219408775214e+04
1.293581733953515686e+04 8.476906320673592563e+04 1.078662075428247772e+04 1.945125890011565207e+04 4.232474600819289335e+05 4.610662854150539351e+04
2.662013849277472673e+03 2.108511841787008234e+04 2.013871245044592797e+03 4.596998876129798191e+03 1.770677968452109781e+05 1.589946560806991874e+04
7.229747683867222804e+03 3.479363614462324767e+04 5.586784381904091788e+03 1.892397721425698546e+04 3.131475006175382296e+05 3.374897080044615723e+04
5.282144549539684704e+03 3.173433675652643160e+03 4.517659221494044687e+03 2.122626860639282313e+04 4.037457642097438220e+05 3.885843505086797813e+04
3.326590297606842796e+03 3.132238177222441209e+03 1.398396616405816303e+03 7.047214540570580539e+03 2.478525368824033940e+05 2.061488002337620856e+04
7.061493728011715575e+03 3.531936413659909158e+04 5.407906455613228900e+03 1.849023122645482363e+04 5.177529603139547980e+05 4.726341424311024457e+04
1.776576346921766162e+04 4.599316510566518991e+04 1.324381404252009452e+04 1.772196214032089119e+04 4.982009293247911264e+05 4.950694882660065923e+04
3.129634158333863070e+03 1.638845725900716616e+03 4.951720982746333902e+03 2.674416934153749935e+03 1.693141616182365688e+05 1.481301725992543470e+04
1.880319910592114684e+04 8.651089771146119165e+04 1.247796798511546331e+04 1.945561515584832523e+04 3.698204659360766527e+05 4.333040685482891422e+04
1.649382874274179267e+04 1.105752275409238609e+04 1.077364791245291053e+04 4.013294442286382400e+04 5.855371044444540748e+05 6.272183779097012302e+04
1.877070512074120188e+03 1.141065125932421506e+04 1.536227779653737798e+03 3.517442057025585655e+03 1.255334775277517620e+05 1.126061117215736522e+04
8.004868718478464871e+03 4.582247488360191346e+04 7.929936828428519220e+03 1.060042732028597675e+04 3.297689195106351399e+05 3.265886336852447857e+04
2.946935370964303274e+03 5.256254206725004224e+03 2.017198381639388799e+03 9.188480592792464449e+03 1.802395014865478734e+05 1.740733572222392104e+04
1.393459741894663057e+04 6.045421721811312455e+04 8.164361331142020390e+03 2.229647024872922339e+04 4.254932172914238181e+05 4.521091643008100800e+04
6.950102281180279533e+03 2.576705813893602317e+04 4.188025835789972916e+03 7.645376009580958453e+03 2.669135119658478652e+05 2.448974736105866759e+04
3.997267325420142879e+04 2.798507237403796753e+05 2.401790466897157967e+04 3.845489221195493155e+04 6.290016607132077916e+05 8.389357526439531648e+04
8.325745408972208679e+03 7.350687466059447615e+04 4.116119819378780448e+03 1.142774497128607436e+04 2.618127250806819065e+05 2.818777895519779122e+04
1.149205119335479503e+04 1.196031689270121424e+05 5.700325501608335799e+03 1.460764330278095440e+04 3.180642724682231201e+05 3.637253247913160158e+04
1.846085847034817789e+03 2.628390790123342413e+03 2.464434224141821232e+03 5.041074166712351143e+03 1.748063121818217624e+05 1.522930361632426320e+04
2.762443279448846170e+03 1.993654073817991957e+04 1.978235403138546872e+03 1.267112570726902413e+04 2.580284594063034456e+05 2.492364977813424775e+04
2.214674153786538682e+03 8.077421916664640776e+03 2.490313795620176279e+03 2.580454048999485622e+03 1.552902512691427255e+05 1.308473969710327219e+04
1.186129399141966678e+04 1.057778029910329496e+05 5.982602010015822088e+03 1.663265702246284127e+04 4.635533326392330928e+05 4.651146242957343202e+04
3.581742219733824186e+03 7.800391567480422054e+03 5.083982234790386428e+03 4.295865116803372075e+03 2.024975012782289414e+05 1.813994669552494815e+04
1.282604351436433899e+04 2.966265031528471081e+04 1.559256882290572139e+04 1.206364119142214622e+04 2.067181260400913015e+05 2.754794605501287515e+04
8.950584397026572333e+03 3.584437077655705070e+04 1.025103390751510233e+04 1.372116803319567771e+04 3.262794820796505082e+05 3.434226681735990132e+04
3.184507283276261205e+03 6.790930320775260952e+03 4.038598409754027216e+03 5.647044075157391489e+03 2.291868747777774115e+05 2.004545478514928618e+04
1.985237697656853197e+04 3.288446701231163024e+04 1.031053186838065267e+04 3.283108505192603479e+04 4.042392078600795357e+05 4.810621349498484778e+04
5.924240023060142448e+03 3.654875095449470246e+04 3.546437920688288159e+03 1.243812046375766477e+04 3.295937870032312931e+05 3.112960960530408920e+04
1.236375990251470466e+04 4.493180885027923068e+04 7.499638648541763359e+03 2.558059332981775151e+04 5.543826438202807913e+05 5.431051745547877363e+04
1.345347847186365107e+04 9.682696779302412324e+03 8.008742011373787136e+03 2.226115267852814577e+04 4.546573059729717206e+05 4.457766082947899849e+04
1.033200266442362590e+04 5.893487406649660443e+03 5.282563641872470726e+03 2.316646427918251720e+04 4.748398999212949420e+05 4.498182707542485150e+04
6.230494936017432337e+03 5.736185881293317652e+04 2.750480395527602923e+03 2.416608911069725946e+04 4.330611209901734837e+05 4.407851434300204710e+04
1.238941796031197737e+04 2.984399443850254102e+04 8.697779431791293973e+03 9.586923556779132923e+03 2.071840987517482426e+05 2.349608805924957414e+04
8.696562938113560449e+03 4.653604678711746237e+04 8.747231248010672061e+03 1.059857323139275832e+04 2.440251460215380939e+05 2.727855909242357302e+04
1.584623342064996723e+04 7.326099545568662870e+04 1.858915370725807225e+04 1.403186362974437543e+04 5.453684707064860268e+05 5.466410351656884450e+04
2.874381176374112329e+03 1.421741263752394480e+04 2.329426827176349889e+03 1.216102852189926489e+04 3.548207007094802102e+05 3.107165554766100831e+04
4.463005736594679183e+04 2.319769219718981185e+05 3.049223721591449066e+04 3.622362377333871700e+04 4.342085768795992481e+05 7.020550715015425521e+04
1.523467419163157865e+04 4.536538389357095730e+04 9.890879232730072545e+03 1.872408621472273808e+04 3.302960471404683194e+05 3.719042253095679916e+04
4.221303726732297037e+03 1.534278336190706978e+04 4.739593446600209973e+03 6.462769971642846940e+03 2.137940180689302215e+05 2.010426047531599761e+04
3.522555425321568327e+04 2.352763539781476720e+05 1.978683400038809850e+04 2.248069310735543695e+04 3.637727398733253940e+05 5.480198564241988788e+04
3.268719701902623638e+04 1.103169326684383996e+05 2.221326842979997309e+04 3.640806179808096931e+04 5.959641951063452289e+05 7.158083072167263890e+04
2.095494545719888629e+04 1.075766331537557999e+05 1.489553807357782898e+04 2.317491573804660948e+04 2.795897201376711018e+05 4.102767121664915612e+04
6.099523369564216409e+03 3.428583266808441294e+03 9.288638494515633283e+03 1.438067656463014646e+04 4.420086431874127011e+05 4.040583588408004289e+04
2.893458183138207460e+03 2.080867837675740157e+04 2.127557384938965697e+03 7.157613919360089312e+03 2.323600352376650844e+05 2.081159930026895745e+04
1.129308398679894026e+03 5.065988521963161475e+03 1.126168692036018911e+03 3.230041416328364903e+03 1.213995195861623943e+05 1.036195202795512705e+04
6.692783852741477858e+03 5.754874931478783765e+03 4.354424507175460349e+03 1.399729027705391672e+04 4.124218140332201729e+05 3.623049801089660468e+04
4.809925321829463428e+03 1.524105817492690949e+04 1.765291721670382685e+03 1.080983851315103493e+04 3.049065779094216996e+05 2.691091782115133537e+04
3.649535247489611720e+03 2.713416571938528432e+04 2.826560261255680416e+03 5.286252885221708311e+03 2.078713701495656569e+05 1.893256662374086591e+04
1.046987148560116293e+04 6.032122558995996951e+04 6.475518061142455736e+03 1.961009608045751156e+04 4.570769826907054521e+05 4.538587900221992459e+04
3.381624710827604304e+03 6.738488955558125781e+03 3.174723899327394520e+03 7.504337803454777713e+03 2.127246217358532595e+05 1.940305056318398056e+04
1.543742825355216155e+04 4.828428436340486223e+04 2.004200646304591282e+04 1.039978801803187525e+04 3.012953074799048482e+05 3.599613471658646449e+04
1.253949782068450440e+04 5.674958893253190035e+04 7.515129914076481327e+03 1.129306015199331523e+04 3.101100206034098519e+05 3.201157954026595326e+04
6.826812135230921740e+03 2.408179070744887213e+04 5.116287734021006145e+03 7.873234197163764293e+03 1.836283731821621768e+05 1.930784316160039452e+04
3.698266512102863999e+03 2.152902001635101988e+04 3.252245136392154564e+03 5.828113400947241644e+03 2.398563652720235405e+05 2.123509362260418129e+04
3.906568107908924048e+03 1.601763407207109412e+04 3.800107420962821834e+03 1.654988232283106845e+04 3.984587615607777261e+05 3.671434987868194003e+04
2.194692429317471397e+04 1.427970227623724786e+05 1.085643198396150910e+04 2.892590958453087660e+04 6.128316430702030193e+05 6.604311400986746594e+04
3.555348971323144269e+03 3.111936947385708481e+04 2.064573734169393902e+03 3.506422175754273667e+03 1.494309648969731934e+05 1.406575359217085497e+04
1.041348991057115381e+04 9.258246469733125195e+03 1.590194755769377844e+04 1.077020586043416188e+04 3.409865688845580444e+05 3.511783932730166271e+04
2.017490361959817847e+03 1.204460593387449626e+04 8.683433319436404645e+02 8.541978847464828505e+03 1.976475023770835251e+05 1.812643202428857330e+04
7.255890567559029478e+03 1.181983467246246983e+04 4.194195658053450643e+03 1.564079079251123949e+04 2.987867238098302041e+05 2.956158558631815322e+04
2.934581543982836138e+03 1.289252122604298893e+04 2.823954679009927531e+03 6.770852666281006350e+03 2.265682867769881268e+05 2.015574036816411899e+04
4.486513715699391469e+03 1.541350261482013047e+04 2.519260380485546193e+03 5.062310662705795039e+03 1.841285026022781676e+05 1.652205197432666318e+04
1.051756180066281922e+04 9.726637086645159798e+03 5.033524567039228714e+03 1.492154270996563719e+04 2.644309397699499968e+05 2.718386497904983480e+04
2.940398271608591585e+03 2.632458761002586834e+04 2.051052498202763672e+03 6.794779917554044914e+03 2.215035740347854153e+05 2.015723316943708414e+04
3.322903876134476832e+03 2.360649314426271667e+04 2.773371440893046838e+03 4.748173823641369381e+03 1.404411403929844091e+05 1.395647691704394674e+04
1.930917828530715269e+04 1.630074037029517349e+05 1.329642651185260911e+04 1.866352927526738858e+04 4.215663757651618216e+05 5.058990201982440340e+04
1.714208355641854723e+04 8.010782875040122599e+04 1.026885418879481949e+04 2.965778718156024479e+04 5.824401587131835986e+05 6.097528706878803496e+04
9.185580983475596440e+03 2.688610648917933577e+04 7.035328936220493233e+03 2.183464783686977535e+04 4.379268848001767183e+05 4.369098328838730231e+04
1.055350264876416804e+04 4.297985035496043565e+04 6.228187191045844884e+03 1.320105968101434701e+04 3.008814721593298018e+05 3.101764018297645089e+04
1.406363259241114974e+04 3.589326117600584985e+04 1.945617589692034744e+04 1.566967177932655613e+04 4.430454721601549536e+05 4.704759697596385377e+04
8.642386205246679310e+03 7.724286292330466677e+04 5.589989273201090327e+03 1.025115027612733502e+04 2.324274271731745102e+05 2.649948846703480012e+04
1.070877087092652073e+04 7.571978199328923074e+04 9.686430730698368279e+03 1.380504563169004177e+04 3.935648497363171773e+05 4.063510265544831054e+04
1.787239235369806192e+04 1.058320133059008658e+05 1.088371086776098855e+04 2.542632796853459513e+04 4.420098832834015484e+05 5.115428849666599126e+04
9.468310527196592375e+03 6.134758183048123465e+04 6.057198278105135614e+03 1.929765310277646859e+04 3.381443723623128026e+05 3.711568345113984833e+04
4.986849083890399925e+04 3.271289228625407559e+05 3.003167579632798515e+04 3.484482806483160675e+04 5.519426823573131114e+05 8.200959780156207853e+04
7.076929639356613734e+03 1.140120148001822963e+04 6.171389852888966743e+03 7.663278130172393503e+03 2.467068317002136027e+05 2.328304100998646754e+04
3.976520060093409029e+03 2.542415009846564499e+04 2.222149556142549955e+03 1.212017252747358907e+04 2.557390477029287722e+05 2.489716322051045427e+04
1.303005439336755262e+04 4.816141672114238463e+04 1.559513396756063958e+04 9.066122143219306963e+03 2.712414110377877369e+05 3.144860216025976479e+04
5.422314391182813779e+03 3.242062072011404598e+04 4.762454654040713649e+03 3.037709874177860456e+03 1.711354158471252304e+05 1.654103310878768752e+04
2.765077941435014873e+04 1.644900361666490498e+05 1.504452596629433356e+04 2.028700068471300256e+04 3.454830685478832456e+05 4.703360515458714508e+04
2.599466810673064629e+03 2.121091804944855539e+04 1.909138701172308856e+03 5.668643462361503225e+03 1.744924636456531880e+05 1.617190479696702278e+04
3.125840388445825374e+04 1.932272709561473748e+05 1.884663237778188341e+04 3.877243180685934931e+04 6.038829475757577457e+05 7.583300054552419169e+04
2.256471603438071907e+04 1.633332340377624205e+05 1.440670694728443414e+04 1.561483908179935861e+04 4.420522396589080454e+05 5.108394965934901120e+04
2.041799701361679763e+04 1.218270322554725863e+05 1.672034835775322790e+04 2.911547934834566331e+04 3.871125163293448859e+05 5.243747855535281997e+04
7.317747119874466989e+03 9.567107853524226812e+03 9.048132919650550321e+03 4.542003079194974816e+03 2.926864840070260689e+05 2.611360842135904386e+04
8.227645335782344773e+03 7.234669760015359498e+04 4.720591298303089388e+03 8.281255426025660199e+03 2.884051459788747597e+05 2.875676559715153053e+04
4.649321781434781769e+03 6.514551487917206032e+03 5.875622959175225333e+03 8.736073991017767185e+03 4.065119283137340681e+05 3.414731413063975924e+04
8.345002721838938669e+03 2.876044546442279170e+04 8.675421766517907599e+03 9.080916781487287153e+03 3.364671742748173419e+05 3.189956326531535524e+04
3.610019237684062773e+03 2.680318924823610723e+04 2.808643591736557482e+03 5.481732875284046713e+03 1.626522593479939678e+05 1.595544302739295927e+04
5.958938154453520838e+03 2.041692289182166132e+04 4.578363737662514723e+03 1.527316870643369657e+04 2.812262189449034049e+05 2.880516416253234638e+04
1.324993063097233062e+04 1.102615746049010340e+05 7.571452133137786404e+03 9.910261109912322354e+03 3.195086100753226783e+05 3.469006655867407972e+04
1.251664079435949498e+04 4.768859714457440714e+04 1.041436978864267257e+04 1.076210261198422450e+04 1.812464615918328927e+05 2.390573301675699986e+04
1.263773150908036951e+04 4.765967139366117772e+04 6.759486626319928291e+03 1.495775637407739305e+04 3.555888122977609746e+05 3.595213773981214763e+04
2.469051612428155568e+04 9.882245797613551258e+04 1.677780782079380515e+04 2.094734169697728794e+04 3.359740694437641650e+05 4.419111901142231363e+04
4.971985836080878471e+03 1.703689696801184982e+04 2.443401935093104385e+03 8.529768652444598047e+03 2.439584447709165688e+05 2.216172793048038511e+04
3.608091539560258298e+03 4.652643873136950788e+03 5.583589760931686214e+03 5.132175305445965023e+03 2.207699495404181071e+05 1.980675790288360804e+04
1.995731553127299048e+04 1.269723424232613761e+05 1.267284699686134263e+04 1.611314656534678943e+04 4.157927834539998439e+05 4.699679165175795060e+04
2.834257149911478791e+03 1.286470984542673250e+04 3.051487529380372962e+03 5.477993587598501108e+03 2.172592630987910670e+05 1.904171968220510826e+04
9.817822386282787193e+03 9.519693354718867340e+04 5.578750561813674722e+03 1.061358905232910001e+04 2.866450690780075383e+05 3.119341129604313392e+04
4.906540728464898166e+03 1.047186461562019758e+04 4.647486006182169149e+03 1.693658464744735466e+04 4.484159780162250972e+05 4.034024434339754225e+04
3.110604070719580704e+03 4.362714091402864142e+03 1.890069025690816488e+03 9.557402945280462518e+03 2.855112191262292326e+05 2.455568008905339593e+04
8.241910710573511096e+03 2.819750410631408886e+04 3.427252156755444048e+03 1.163543540549380486e+04 2.694524163520791335e+05 2.625703326384975298e+04
3.456543564597030581e+03 2.448073183716272069e+03 1.298958729239765489e+03 4.795921652036464366e+03 1.204629911071305978e+05 1.095200072088309571e+04
9.124316361140643494e+03 5.942602565145645349e+04 5.032693167869731042e+03 1.081760711194175747e+04 2.694997144450109918e+05 2.812742251859198223e+04
5.212799226237456423e+03 1.726032885241533950e+04 6.574339271068093694e+03 7.857810987050704171e+03 2.861951383417317411e+05 2.649054057427623775e+04
5.292785898060979889e+03 1.238980770228166148e+04 1.276983167922018538e+03 9.298770062951880391e+03 2.070406638421895623e+05 1.929365702979550406e+04
4.376171476641537993e+03 1.062409210498678112e+04 1.979676943145920859e+03 7.397554499831446265e+03 2.840936088129649288e+05 2.383207522393120234e+04
3.190707964963177346e+03 1.521985338928428973e+04 3.412378206419763956e+03 5.608334860160046446e+03 2.558275002766728285e+05 2.196682964501673996e+04
3.925161003050249292e+03 8.932104235299137144e+03 3.440712883766320829e+03 1.200554169041511886e+04 1.897754298432532232e+05 2.011805414198954168e+04
3.932836214901711628e+03 4.745378968622427237e+03 5.002088670060089498e+03 4.745952772021004421e+03 2.511761228599381575e+05 2.143113257207564675e+04
6.732102537966507043e+03 5.655375241489434120e+04 3.841203693905586988e+03 1.054111350551786381e+04 3.009181762126457761e+05 2.945985946170494572e+04
2.281968265432571934e+04 1.150057826036698389e+05 1.263632558837208671e+04 3.385627608513450832e+04 6.731439270974234678e+05 7.172152326669309696e+04
1.341835271808258403e+04 4.913872146991475165e+04 9.299215887919717716e+03 1.239907706970405889e+04 1.995546366099074367e+05 2.546836079921866985e+04
3.238524693560214928e+03 6.291274990100258947e+03 2.747172442568366932e+03 4.802523150853780862e+03 1.584387919301672955e+05 1.432365619804753987e+04
3.050858673753791663e+03 1.879518648707704415e+04 1.752043887724116530e+03 1.070973817086213057e+04 1.750143632484768459e+05 1.829927580180551013e+04
5.890092433221921965e+03 2.661319470532760079e+03 8.393445166525376408e+03 5.932281875155568741e+03 2.285338106563414913e+05 2.180351860591355216e+04
6.771346701862050395e+03 2.838473383859205569e+04 5.797510396016157756e+03 7.244806761021213788e+03 3.345914849548019702e+05 2.968393506998769953e+04
6.634920395887246741e+03 4.400709169426515291e+04 4.555235485451422392e+03 1.089188223433827261e+04 3.322294752702460391e+05 3.141155722791917287e+04
2.527544171365072089e+03 2.269536409733918845e+03 2.236931222769984288e+03 1.242719412357853980e+04 2.854882470375433331e+05 2.589778101331109065e+04
2.549276322021022497e+04 1.528671838216778997e+05 1.534221832017113047e+04 2.423087228877151574e+04 5.276782561165518127e+05 6.062465833408211620e+04
2.246894867718715977e+04 4.223570589829794335e+04 1.224693761350636123e+04 2.826902065811146167e+04 3.976660813912149169e+05 4.689859608165202371e+04
7.906043189159517169e+03 3.709341972106580215e+04 8.191394750392713831e+03 5.320273206400113850e+03 2.377445439965555270e+05 2.376260999254489434e+04
8.986846367549936986e+03 7.264463646201432857e+04 6.936494517353914489e+03 6.558635226591375613e+03 1.853968447130215063e+05 2.201951101255220783e+04
1.039241247754234792e+05 5.891264302902430063e+05 7.234411173367142328e+04 7.903696701401096652e+04 1.176634417816406116e+06 1.752108409692489658e+05
6.244635111471577147e+03 5.203968476788871340e+04 4.032424486027142393e+03 5.157732446236255782e+03 2.155279578516831098e+05 2.114138463278241761e+04
3.428339230354189931e+04 2.245328416961534822e+05 1.830971311072917888e+04 3.015291041119190777e+04 5.747478378109743353e+05 7.129306802414328558e+04
2.371734858692586840e+03 1.792229395633518652e+04 1.318426912993769065e+03 1.008063605876916517e+04 2.745061585851781419e+05 2.447647397371713305e+04
1.160235011609895992e+04 6.436279204222436238e+04 8.841497422372989604e+03 4.330876445383980899e+04 6.710825003424418392e+05 7.171583328616424114e+04
1.968130177790908419e+04 1.757072045113195782e+05 1.378101482768738788e+04 1.506083938978427614e+04 4.297391650865799165e+05 5.034770552631058672e+04
9.472565633368667477e+03 3.797263459247795981e+04 1.082408922030756730e+04 1.213679721731170321e+04 3.543410139986133436e+05 3.586557221115766879e+04
6.731245241799247196e+03 5.839904108153246489e+04 2.984636504519492064e+03 1.790548411256634427e+04 3.933301988808059832e+05 3.872753852701047435e+04
1.604855957363413836e+03 1.149012391516677553e+03 1.240142242162658704e+03 1.607809618636789310e+04 4.833228453070475953e+05 4.036979760699221515e+04
4.604715129203308607e+03 1.819724909200192997e+04 3.668279772532578136e+03 1.242027852047584747e+04 2.403683416819403064e+05 2.426491500682561309e+04
5.802619904498817959e+03 2.985090746655356998e+04 4.624374811496389157e+03 5.128217507625842700e+03 1.707592131599614222e+05 1.727437033358968256e+04
6.569483713417198487e+03 5.597863316882606159e+04 3.280367115751409983e+03 6.750150600618935641e+03 2.708991548255039379e+05 2.545636074974271105e+04
7.757468822554608050e+04 3.056410727250933414e+05 6.262109117120886367e+04 6.218372359006316401e+04 6.582211671514336485e+05 1.145058040769171494e+05
2.540431421096580834e+03 5.923826702622725406e+02 2.936283543928903327e+03 3.401832966328658131e+03 1.604417766349970188e+05 1.362459473736495238e+04
1.801117378486309099e+04 1.199211417039716616e+05 1.420872986756208047e+04 2.342355478522572957e+04 5.839145720989636611e+05 6.192350009170998237e+04
2.872582647020381773e+04 1.473032881694789685e+05 1.840546515706527134e+04 3.875503806711437210e+04 6.831442930487430422e+05 7.869409234629718412e+04
3.744142744459100413e+03 1.039576269467761631e+04 3.321316063582309198e+03 1.152581007761231558e+04 3.390825941876924480e+05 2.996440567522175115e+04
1.935179041767895615e+04 4.582869555438732641e+04 1.467949678230561767e+04 2.155986758194730646e+04 4.889932163865396287e+05 5.123384423931365745e+04
4.041652457982928809e+03 5.692587818714894183e+02 1.247204873032312889e+03 1.600031686006103882e+04 3.001398070274603087e+05 2.798817433107782927e+04
1.151640330806074644e+03 4.971290628093410305e+03 9.399348632174916247e+02 4.380042182509837403e+03 1.317724188439004647e+05 1.149467297555005825e+04
5.166049307114494695e+03 1.555304345042077330e+04 5.467098747376199753e+03 1.289023112349195617e+04 2.540699481352264702e+05 2.604361399421781971e+04
4.443680282181348957e+03 6.320695828033450198e+03 5.083423263535113620e+03 2.696272126753025077e+03 1.675978526323039550e+05 1.499585660059808470e+04
1.163238359569917338e+04 6.921953495157757425e+04 6.221508974467078588e+03 1.596512947558785527e+04 3.639269141222559847e+05 3.780316663688318658e+04
1.982701266905170996e+04 1.659272424795551924e+05 1.329193867632785987e+04 1.797482600511373312e+04 3.167678033978069434e+05 4.337228824457164592e+04
1.013495618268660473e+04 6.314345031707271119e+04 8.059905198665647731e+03 1.493181591468509760e+04 2.716058407987769460e+05 3.161835096913508823e+04
2.055984312132013201e+03 6.167506342906236569e+03 1.874913973630964847e+03 5.579778453163598897e+03 1.852188070088283275e+05 1.609419058340203446e+04
3.177035374796170436e+04 1.221137368892110098e+05 1.965774449347572590e+04 4.678457249470754323e+04 6.713905187627990963e+05 8.082802510591872851e+04
1.129817035224365827e+04 6.030274816141868359e+04 6.847172181466110487e+03 1.091527324132651665e+04 1.999796615962964133e+05 2.432126300891962819e+04
1.454461329397395457e+04 6.725532537313629291e+04 6.664719086659835739e+03 1.428218133918398962e+04 2.879322847400504397e+05 3.202468552067927885e+04
8.979423769671519040e+03 8.602311238204220717e+04 4.321045034787741315e+03 5.668498047583992047e+03 1.746669922580299026e+05 2.042969839131472327e+04
6.382494405289711722e+03 7.343304834301806295e+03 8.803601727620340171e+03 1.346440863950868697e+04 3.246650403463801485e+05 3.208360890546435621e+04
1.586780144194501190e+04 1.015572353614173917e+05 9.563530012651521247e+03 2.134975502781808973e+04 3.422780809150371351e+05 4.182241754688152287e+04
1.947852122521691626e+03 2.040413019570964025e+04 8.953529820455024719e+02 2.825136724686844445e+03 1.365240743982694985e+05 1.185543839257346372e+04
6.873819213436119753e+03 5.941445564813480451e+04 4.173510495202282073e+03 1.195785564658170188e+04 2.972473168124855729e+05 3.013836347485755687e+04
9.506195664101482180e+03 8.506795570437796414e+03 6.960828117043300153e+03 1.690184358370777773e+04 4.149460068899509497e+05 3.897338957056107756e+04
8.249128287354882559e+03 5.392550956149760168e+04 4.225703265366094456e+03 1.020084402739690995e+04 2.968254234930826933e+05 2.906644602910567846e+04
1.234914563704107422e+04 7.533486892585377791e+04 6.058755404812184679e+03 1.708113715714009231e+04 3.403948412973312079e+05 3.695742623279006511e+04
5.425550690489125373e+03 1.084879501902397897e+04 7.289057448257205579e+03 7.638737107361701419e+03 3.404503932944994303e+05 3.003157834561455456e+04
1.831241815062817068e+03 6.383519670986912388e+03 8.048944727089306070e+02 1.122799601745243308e+04 2.709282664690995589e+05 2.396242228561762022e+04
9.361653530787336422e+03 4.149049387818268588e+04 7.288158746780134607e+03 6.873147184549116901e+03 2.117429387470460206e+05 2.254409721724159317e+04
8.860199617983142161e+03 6.642751184940515668e+04 7.171623104125937061e+03 1.013156522719216809e+04 2.570289218992908718e+05 2.824686264074760402e+04
1.313877334817868723e+04 1.154758609422561312e+04 1.638115609259141092e+04 3.243162632651862805e+04 5.093670709864062956e+05 5.655781931906903628e+04
2.265917242234786681e+04 1.101973099009995494e+05 1.462190650189583721e+04 2.297989526375092464e+04 3.202384871036907425e+05 4.368519700181896769e+04
2.152924800291454812e+04 1.488523208699390234e+05 1.587409943579201718e+04 1.492324687495550643e+04 4.715896328312825062e+05 5.267406793372391985e+04
2.503177290102034476e+03 6.319950825885967788e+03 1.061657832471099255e+03 1.234938918676818139e+04 2.587732357201331761e+05 2.375949744668888161e+04
3.759824423013511023e+03 2.912959532903129457e+03 1.899431474973040849e+03 6.399056582792462905e+03 1.971719847686800640e+05 1.711818095245423683e+04
2.687627241840740226e+03 3.122780399410767131e+03 2.172169542309579356e+03 9.635629428825050127e+03 2.221226320406979066e+05 2.038782988560399826e+04
6.423755470076437632e+03 5.596438437493177389e+02 7.644158033978872481e+03 2.093184509328553395e+04 3.593420186298109475e+05 3.695720105390131357e+04
4.597086193107532381e+03 2.239728896696310403e+04 2.532791116341976249e+03 6.835765802645376425e+03 2.405920674559745821e+05 2.147302972686930661e+04
2.663714276717112443e+04 1.386176329639884352e+05 1.642622479524111623e+04 2.369027540119644254e+04 3.636172032048485707e+05 4.910787639161170227e+04
2.935471615780161301e+03 6.581305474035423686e+03 1.866290179405031495e+03 6.335186357547527223e+03 2.343250275425851287e+05 1.975539169642389606e+04
1.947621841024669993e+04 1.278764177849739062e+05 1.161975376936838256e+04 2.016532670479435183e+04 4.471453563779003453e+05 5.052863599331204023e+04
3.052607750302342083e+03 6.040954630715409621e+03 2.261174199707616481e+03 5.021085066580998500e+03 2.095571681564783503e+05 1.763879694322004434e+04
8.583551953522452095e+03 1.781769313211649205e+04 1.179809669489056614e+04 4.025439803571936409e+03 2.362502194453041593e+05 2.367778721973230495e+04
5.261673542992244620e+03 8.022080840472802947e+02 1.750046872305844772e+03 1.928227180472251348e+04 4.529779097085859976e+05 3.998034048544725374e+04
1.120826223401129391e+04 7.166232133749284912e+03 2.633416405768707136e+03 1.784312387780282734e+04 2.603900659842269379e+05 2.707185004236220993e+04
3.254440132403584812e+03 1.359524219070559957e+04 2.561083342158190590e+03 1.174236166373342530e+04 2.557532532805061492e+05 2.428818914652068270e+04
1.092385831122858508e+04 1.890838828974355056e+04 1.176577145911655498e+04 1.603861567500681122e+04 5.922440648552264320e+05 5.309397180912801559e+04
1.840649549328636340e+03 7.541244625963122417e+03 2.212460630934217534e+03 8.466566486776961028e+03 2.613414015858195489e+05 2.273299593068358081e+04
6.599651141424646084e+03 1.356355579363969991e+04 6.156727286710606677e+03 1.021219540321060776e+04 3.413279188677540515e+05 3.090045002732553257e+04
7.202916771731333029e+03 5.378290789717441658e+04 4.123227378589995169e+03 2.213632297574830955e+04 3.740108767806434189e+05 3.960370511713742599e+04
1.720134436456026378e+04 7.535349053098392324e+04 9.186704098504602371e+03 1.748511019340147323e+04 4.592854906506081461e+05 4.648596502843519556e+04
4.267179146337653037e+03 4.096447807489777188e+04 1.827148131960321507e+03 6.733858009811709962e+03 1.715204926062953309e+05 1.739558561698986887e+04
3.009135387077079486e+03 1.233587752938223639e+04 3.212678781738945418e+03 6.767373764850971384e+03 2.646709494806030998e+05 2.285697153322995655e+04
2.807819549566635033e+03 3.492752007544584103e+02 9.545894474200578088e+02 6.968058474903690694e+03 2.360437955505556311e+05 1.945583875628303576e+04
3.364088781307049067e+04 6.965291639157661120e+04 1.943844752230067024e+04 4.427358845834405656e+04 5.381010344255169621e+05 6.803772982825560030e+04
7.035363260564253324e+03 2.479670529643935151e+04 7.128348455358647698e+03 7.887983347468701140e+03 3.387534468076383928e+05 3.065089829244592329e+04
4.549935541695408574e+03 1.414137481174896720e+03 2.180066331930415799e+03 2.115673340954453306e+04 4.335909263736001449e+05 3.973962897280809557e+04
1.480071111398336325e+04 1.195512942089305725e+05 8.091314950642183248e+03 1.098152885360690198e+04 3.325259998444929370e+05 3.673370589356948039e+04
1.894345680452599117e+04 2.156812732448251700e+04 1.043372118547390164e+04 3.335789950615658745e+04 5.711285936666906346e+05 5.906260569283422956e+04
2.588413774054672558e+03 2.054816919011428763e+04 1.507147857431243438e+03 3.047811433332796696e+03 1.431147063804979553e+05 1.267027284907817375e+04
4.269491791247955007e+03 7.671740257910851142e+03 5.908534515291839853e+03 4.836415581694551292e+03 2.385462910967000644e+05 2.115808892022926011e+04
3.941819026219318857e+03 1.547316630181161418e+04 4.784793300764731612e+03 6.886749633326022376e+03 2.051392921328895900e+05 1.973979908785008229e+04
6.286067774845420900e+03 1.145549887935316656e+04 4.673990070731781088e+03 7.229608392724619080e+03 2.386782682071344752e+05 2.190412457638761043e+04
1.871175969581613799e+03 2.658541913176156868e+03 1.394602612608201525e+03 5.494003568961098608e+03 1.467261077303750499e+05 1.308575126221094615e+04
7.855557220205366320e+03 3.169677595073275734e+04 9.282590041919447685e+03 9.175504389639481815e+03 2.950896327538755140e+05 2.956630480574011017e+04
5.284947167131256720e+03 1.230352764807871790e+04 7.607296949098364166e+03 6.618656355955307845e+03 2.439414121956755116e+05 2.328831685582993305e+04
1.093403490735499327e+04 5.488067028588826361e+04 5.902761846634809444e+03 1.051695962595498895e+04 2.818792049359745579e+05 2.897432005161078268e+04
7.959575183509840826e+03 4.110027828379740822e+04 8.750540202624701124e+03 7.938189512560416915e+03 2.898153971810674411e+05 2.888791915131741916e+04
2.443965788543465806e+03 1.272351715503642663e+04 2.627453914788034126e+03 8.010122872896508852e+03 2.526071802829753724e+05 2.237441383121204490e+04
7.982223899476332008e+03 4.480901516906342295e+04 4.094676829566286415e+03 6.669597599937068480e+03 2.001049165421364014e+05 2.045679871808748067e+04
1.348296553745840356e+04 4.673977265534748585e+04 8.926398330180332778e+03 2.048828265325609755e+04 4.030266792762505938e+05 4.253221615363356977e+04
2.382737293073113960e+03 5.264036090704710659e+03 2.997082934348309209e+03 8.214471224829567291e+03 2.639618766166366404e+05 2.302083557546126031e+04
5.877552120046438176e+03 3.056675070696028342e+04 6.137557401610493798e+03 4.511465193167297912e+03 1.637619233938789112e+05 1.721257450597850038e+04
3.962642593089421553e+03 7.559179656544250975e+03 3.030199342610567783e+03 4.790487141110819721e+03 2.032943056272540998e+05 1.751991141974421771e+04
2.774835179552911723e+04 2.485526382188457064e+05 1.302498705680381863e+04 3.311253509740284062e+04 6.747592549070582027e+05 7.826822869631707727e+04
7.740712569502712540e+03 6.612293210415695285e+03 3.576694127282391946e+03 1.457151486778767867e+04 2.865945844736870495e+05 2.773421557728322296e+04
9.154707579180581888e+03 5.826220748231109610e+04 7.947896374825709245e+03 8.863787855373002458e+03 2.246180109430298326e+05 2.542433628145216790e+04
6.666598131490957257e+02 1.496077887669924621e+03 6.046202772201788775e+02 3.973278572811986123e+03 1.781274199542775750e+05 1.411208492289533751e+04
1.620825619072113295e+04 4.808575691043730330e+04 2.172694135906796873e+04 1.504380391435421188e+04 4.869901878346641315e+05 5.130237223662441829e+04
9.098274454982030875e+03 3.848678010562714189e+04 1.125347462598118364e+04 5.179034127055881072e+03 2.345925466366123583e+05 2.487569052157752230e+04
8.662463714551316798e+02 2.607548667620196738e+03 1.063227956554193725e+03 3.436685286974779046e+03 1.154621113200499094e+05 9.907288798406025307e+03
1.396988849824823956e+04 1.260117699736483191e+05 8.217293952961741525e+03 1.295043789633174310e+04 2.564371214699294651e+05 3.288022745160623890e+04
4.259412695338022786e+03 2.386560161308053648e+04 3.107492220784932670e+03 1.285955773747585226e+04 2.296005038424716331e+05 2.377798681714590930e+04
5.379123579029304892e+03 2.248014251888822037e+04 3.551660296166568969e+03 8.165730192961222201e+03 3.113003318209098652e+05 2.727354461440189698e+04
7.276361278818141727e+03 1.745918110035917198e+04 4.393939952559791891e+03 1.515401942044159114e+04 3.278931313676870195e+05 3.166425664584635524e+04
2.463239831252601289e+04 1.892621885226719605e+05 1.677408900570763581e+04 1.835167611805500928e+04 5.208473590654808795e+05 5.992452781049747864e+04
7.798409457485558050e+03 8.684831325752293196e+03 4.381465941882546758e+03 9.342096509865859844e+03 2.163545953109707043e+05 2.109470300313396729e+04
8.386171616689880466e+03 2.201265242611631402e+04 1.074184979739216396e+04 1.174901066050748523e+04 3.083644619013559422e+05 3.177283423375970960e+04
7.674241030585078079e+03 4.347834140673471120e+04 7.231138146614773177e+03 1.343352540117115132e+04 3.842570064243204542e+05 3.718757981713708432e+04
2.525176112482339704e+03 1.642595690969342832e+04 1.323413726590161559e+03 8.838015719389366495e+03 2.357489781037637149e+05 2.123591247889445731e+04
2.720632144326248181e+03 2.882964104654835410e+03 1.248383747781992042e+03 9.501188655313921117e+03 2.726966512386298273e+05 2.331853143517592616e+04
3.889716473030042107e+04 1.839937725391346321e+05 2.773516158212582741e+04 3.354488594249221205e+04 4.369702609729685937e+05 6.561762299013369193e+04
2.310233600089888114e+03 1.814436295008226352e+03 1.624885553246622521e+03 8.958124947341362713e+03 3.005913637672683690e+05 2.505859592826878361e+04
2.809112832033159066e+03 4.612237026902417711e+03 3.663609771143447233e+03 6.149204380647834114e+03 2.375724903772580146e+05 2.056710040260921232e+04
3.772934054900579213e+03 2.097779941278273691e+04 3.491302312657395760e+03 8.816943524373744367e+03 2.766458667206886457e+05 2.513682430935028970e+04
6.424103049728677433e+03 3.443251426315085700e+04 6.450510785253930408e+03 1.385158712617847050e+04 4.577512908865707577e+05 4.153578464319760678e+04
5.629064655825259251e+03 2.229122671884993542e+04 2.755376820528758799e+03 1.676944737847048600e+04 4.045071807955377735e+05 3.708044694623415126e+04
1.148474818058170058e+04 5.437187262047246804e+03 1.723602626690584293e+04 4.604097241201987345e+03 2.085127538715614355e+05 2.380555782480783819e+04
3.019241348128619848e+03 2.670568278597800600e+04 1.336948263711266009e+03 5.468670838951178666e+03 2.197994205508897430e+05 1.915398170357448907e+04
6.069475845400990693e+03 1.634422843727418876e+04 3.385240837899763847e+03 1.721260021352922195e+04 3.473089215787175926e+05 3.341101738365451456e+04
1.155856000966887768e+04 1.845632538526844655e+04 5.685636252115990828e+03 1.461654353208617795e+04 3.315278673356953077e+05 3.227185110910151707e+04
2.046379150688612981e+03 1.242142084642309783e+04 9.558791434508342491e+02 6.207945674557773600e+03 2.049735643702803063e+05 1.762014554422060610e+04
2.116986658657695443e+04 1.105984457207884698e+05 1.408856075731513556e+04 1.777132919871402555e+04 4.351841875193255255e+05 4.885109705268029938e+04
6.913147414055149966e+03 5.363335894264032686e+04 5.466959208010192015e+03 1.011992998996075039e+04 2.285385448289741762e+05 2.495754407653065937e+04
7.995273680302245339e+03 7.987996346035094757e+04 4.006111994672118271e+03 8.911886717491843228e+03 2.766104860312000965e+05 2.831330671384723973e+04
1.197277454974247803e+03 3.788784619819567979e+03 1.210049988623222134e+03 2.629046701346261671e+03 8.648936327333042573e+04 7.715123539034216265e+03
6.324793254060786239e+03 6.311184388316399236e+03 4.959574803563155001e+03 1.473677727666404098e+04 3.254922197826403426e+05 3.100642599905370662e+04
2.271645607155501784e+04 9.842781448295009614e+04 2.476587493177591750e+04 2.321091198578317926e+04 4.311346920993583044e+05 5.503914390901142178e+04
3.153622399298204527e+03 2.851755366546876758e+04 1.862443037432894016e+03 1.122080520212354349e+04 2.449013568117812101e+05 2.375951803325493165e+04
