1.395932186811903557e+04 7.897351474335178500e+04 4.823941238245350178e+03 1.752692314637313029e+04 3.924391896711817244e+05 4.030718591646016284e+04
1.080342577451448960e+04 1.661480534692019501e+04 5.790725223040301898e+03 2.221012287131250923e+04 4.314883072470146581e+05 4.238303993807370716e+04
6.310238586173000840e+03 1.174523269846813855e+04 2.170411769310816453e+03 9.740059806618834045e+03 3.980441835513506667e+05 3.269327437812612334e+04
3.336875502509289799e+04 2.457731469179599299e+04 1.436409131327183241e+04 4.732285622274335765e+04 6.419044156881237868e+05 7.198087621552372002e+04
6.008183441068023967e+03 5.241808009774237689e+03 5.822311251805697793e+03 6.924701216236216169e+03 2.903025055477534188e+05 2.542609614941727341e+04
4.304451984211916715e+04 2.412002536211510596e+04 3.211681637008533653e+04 4.442281754030466982e+04 9.215771894727643812e+05 9.711051042531481653e+04
9.129533789620450989e+03 1.086542068543975074e+04 6.970131098568847847e+03 8.337988267485005053e+03 2.169882645627707534e+05 2.190709443432260377e+04
2.020814061106816007e+04 1.592401368686181377e+04 1.632699986868770065e+04 1.745980933759128675e+04 4.428040895104558440e+05 4.550397485071248957e+04
8.976923236963177260e+03 1.934690753251485876e+04 4.106828936895483821e+03 1.621935295200668406e+04 4.860714547196504427e+05 4.275461220980237704e+04
1.022787309520412236e+05 3.698896407690643100e+05 5.441396630187862320e+04 9.664336248509619327e+04 1.023470954261223204e+06 1.542949711984914611e+05
4.406076226738266996e+04 1.767222486531381728e+05 2.820720939623938102e+04 3.298514113071696192e+04 7.558958329615285620e+05 8.665907471581277787e+04
2.062004788855105744e+03 6.375063399308617136e+02 9.833611289263235449e+02 7.936268430596966027e+03 2.963168258538317168e+05 2.397424903213598373e+04
1.984831198294126807e+04 5.584862673734599412e+03 8.017986304096444655e+03 3.832415375936978671e+04 6.451786883434675401e+05 6.445673360613815748e+04
1.155321347684682842e+05 3.906515068905032240e+05 7.289583809161040699e+04 9.707674452556837059e+04 1.040498832451834343e+06 1.646306126311651897e+05
6.181664448483473825e+04 8.316388040281352005e+04 3.816972295459004818e+04 7.288157924036207260e+04 9.649187469902968733e+05 1.184245609842913545e+05
5.375473721871650196e+04 1.533137807903841895e+05 2.661044348595325573e+04 5.909138933518143313e+04 8.027650108143959660e+05 9.976988992349083128e+04
8.856441703329532174e+03 4.232182964940338934e+02 7.479459905003976928e+03 9.810596730404246046e+03 2.773979664319775184e+05 2.633908358400905126e+04
3.915745056806404318e+04 1.286311322697356991e+04 7.463239732793205803e+03 8.497172708447166951e+04 1.093797941229420481e+06 1.158448738741546113e+05
3.323760234716136620e+04 7.271950518430613738e+04 1.994266058971575694e+04 3.663405910529338144e+04 5.985706626895470545e+05 6.901949096292280592e+04
9.662774162914004410e+04 5.098193793954856228e+05 5.063925027005351876e+04 7.134994807064214547e+04 1.294520179080710514e+06 1.663837344441491587e+05
4.733938879538024048e+04 2.190746256522765034e+05 2.360479949401367048e+04 3.945172813192808098e+04 6.660052185478991596e+05 8.364837800157329184e+04
1.771323119258331280e+04 4.952289362585964409e+04 7.367220297158656649e+03 2.279304024938073781e+04 5.326009187797703780e+05 5.175504807268697186e+04
9.268898751994145277e+04 2.704178109948950587e+05 6.213969867441400856e+04 7.891010601654952916e+04 8.751670927570189815e+05 1.347108098831400275e+05
3.352024261542155728e+04 1.933137366956004116e+05 1.240874699868373318e+04 3.448406540182202298e+04 6.850149677875050111e+05 7.657978045702014060e+04
6.395493899613229587e+03 3.809190979231147139e+03 4.011800739882723065e+03 8.926967498464349774e+03 2.342738699587585870e+05 2.171166710172936655e+04
4.676079968980909143e+03 3.028218137261005722e+03 3.483279215847671367e+03 1.594670178328681141e+04 5.183165400082705310e+05 4.372399509659221803e+04
8.378519352550954864e+03 2.312993924888210677e+04 8.755698437843317151e+03 3.986267703646786231e+03 2.914229713799755555e+05 2.632224600468756762e+04
1.250226673873557775e+04 9.915749889601388713e+04 5.844683261389078325e+03 5.738485775533416017e+03 3.486097721370710642e+05 3.346726636068348307e+04
2.108937930263812814e+04 3.909160587664304330e+03 1.760116610250006488e+04 2.514961405881464452e+04 6.138369939147415571e+05 6.043965707172802649e+04
4.584311141632156068e+04 2.515938819355797896e+05 3.017247043584760468e+04 2.735038210411082036e+04 7.407662981692681788e+05 8.764476124886483012e+04
4.862463911316486337e+04 9.010810888365421852e+04 1.538869747995233229e+04 7.040748182652446849e+04 9.439888008826832520e+05 1.064210638234877697e+05
2.040367133728610643e+05 7.855961948803666746e+05 1.367379286863567249e+05 1.530220467144762224e+05 1.301235417169293389e+06 2.545252318432590982e+05
4.504552938519126474e+04 4.018848019992720947e+04 2.528991308760847460e+04 6.595680871504878451e+04 8.145524261310516158e+05 9.750134916340187192e+04
2.895779958245098896e+04 1.596730358922675077e+05 9.694946089292918259e+03 3.083308191705191712e+04 5.832395619204540271e+05 6.524934476459500002e+04
2.559429049302922795e+04 8.663614709669850708e+04 1.708550203737213815e+04 2.414800344577855867e+04 6.007190809406494955e+05 6.297480835595536337e+04
1.260176753924948571e+04 2.475508891298111848e+04 1.134495118218309290e+04 8.563849676863326749e+03 4.282189534875570680e+05 3.878958199046091613e+04
1.839609866784338374e+05 4.538734786311948556e+05 1.338414830554959481e+05 1.571097774384352961e+05 1.267805058933250606e+06 2.364655479512480088e+05
3.405697615668418439e+04 1.672492375112095324e+05 2.217494187363577657e+04 2.286034362378826336e+04 5.021164856893118122e+05 6.194264535394141421e+04
2.737656379052430930e+04 1.074842527608879900e+05 1.614286483372059411e+04 2.034441333306426532e+04 3.200763659434898873e+05 4.300401306753036624e+04
2.679272378313372246e+04 5.353959233353704622e+04 2.210874180132344554e+04 2.399911113759020009e+04 4.893687978906119824e+05 5.594619978364989947e+04
2.384815442867387901e+04 1.088554745242978606e+04 2.572719395862768943e+04 1.901043519157426636e+04 4.872667284345002845e+05 5.299870016075985041e+04
9.211676682941952095e+03 1.140296681305492530e+04 1.222374529059721317e+04 4.909401011001295046e+03 3.112979384195512393e+05 2.899132047953079382e+04
2.099613021270615354e+04 9.948021743350447650e+03 1.383079565237658062e+04 2.620758642388149383e+04 6.293687527533016400e+05 6.063611894040514017e+04
1.319677171012970211e+04 4.017923482925083931e+02 3.958152640972725749e+03 4.073763958035228279e+04 6.530670412998209940e+05 6.407209028203014168e+04
4.680094517605739384e+03 3.488929533914537387e+03 1.378230035212643088e+03 7.500897918084219782e+03 1.933268715442827670e+05 1.716160708517420790e+04
5.157165599734626994e+03 2.824040300429875515e+03 5.697657365266825764e+03 5.247338524149579825e+03 2.752018589527278091e+05 2.347860893274261980e+04
1.766277610338935847e+04 1.858133308068610204e+05 6.065178106505994037e+03 8.255345086326680757e+03 3.290410036906340974e+05 3.767124469249728281e+04
1.821954239444405539e+04 5.739987564793149068e+04 5.475536110628581810e+03 2.661696927728527589e+04 4.161576957579377922e+05 4.522645582080348686e+04
7.475452047892591509e+03 1.238211834388138595e+04 1.261495595154570992e+03 1.668280283134570345e+04 4.230976504853414372e+05 3.715744272985618591e+04
1.647211090566391476e+03 2.448587774236356836e+03 7.529313793695508821e+02 4.082223840212764117e+03 1.893920089328001195e+05 1.503005698262758051e+04
6.078549317782441904e+03 2.504839625429418084e+04 6.908672184639117404e+03 3.486243671386793267e+03 2.915350730684882146e+05 2.540236792382975182e+04
9.794692878781906620e+04 2.894669747331610415e+05 5.206131350525174639e+04 1.043615618158426514e+05 1.004049045241569635e+06 1.514858472757968120e+05
7.062382899380914751e+03 9.658906389587151352e+03 1.919863806732288140e+03 1.418092674561816420e+04 3.848869960111276014e+05 3.360519252847163443e+04
4.017682590295431146e+04 4.176860094469891010e+03 2.177770174144762132e+04 6.389213467253474664e+04 1.064155828802794451e+06 1.100603340904022916e+05
3.607768882970800769e+04 3.732822193025856541e+04 3.121407440736139688e+04 3.250665066058548837e+04 5.870949826762712328e+05 6.948935609590844251e+04
1.562411444180076614e+04 1.924602724642801331e+04 3.892305267309715873e+03 2.811092520740981126e+04 5.268909952619870892e+05 5.077982301059589372e+04
2.714846823870558874e+05 7.662134962702129269e+05 1.863931452171532146e+05 2.337165169958788611e+05 2.832521750351234805e+06 4.144543504919721745e+05
2.097577081960236319e+04 7.348705187574829324e+04 7.122327771812115316e+03 2.925038632076650538e+04 6.419714742549840594e+05 6.311115630250988761e+04
1.642717208565558030e+04 6.860248508776980088e+03 8.962797285245156672e+03 3.527564723663379846e+04 5.909952709003376076e+05 5.990428411210432387e+04
2.831486252176353082e+04 2.795171711261691144e+03 1.478442503513722113e+04 3.864369149429494428e+04 5.743191012260779971e+05 6.261413470200698794e+04
1.651476413194007910e+04 1.733879639338364723e+04 7.274644234930998209e+03 1.988228594039468589e+04 3.221795067454438540e+05 3.465387758349234355e+04
1.867736245147584486e+04 3.007062938514558846e+04 8.147539311622088462e+03 3.499528667601539200e+04 6.604692849753524642e+05 6.524712019711109315e+04
1.105076751277243056e+04 1.024733426380916535e+04 6.681293478512061483e+03 2.141627494531771663e+04 5.122399324409036199e+05 4.752429545522123954e+04
1.036932552601073403e+05 2.465865186882763810e+05 4.623438806812807888e+04 1.261906068895820645e+05 1.225629115017778706e+06 1.716266894627148868e+05
6.014445643994684360e+04 2.094604630178828083e+05 5.089987738791289303e+04 3.470296523570985300e+04 8.991500540348793147e+05 1.084731553207124089e+05
3.286750967363343079e+04 2.106089695407509498e+04 3.316019170691116597e+04 2.857505390981864548e+04 7.027047971346928971e+05 7.552158689464245981e+04
4.753841086317429472e+03 9.218320911090685286e+02 2.305134833835460086e+03 8.929823844679063768e+03 3.535499070930082817e+05 2.885685480369500146e+04
1.261995721572348521e+04 8.922032075126779091e+04 7.673594547183371105e+03 6.091637005587371277e+03 2.619356702419751964e+05 2.809409575136447529e+04
3.194902645885868696e+04 2.502252107200392638e+05 1.456967581670049185e+04 1.534073106416244627e+04 4.533733212206758326e+05 5.609042090226182336e+04
1.261388235977515578e+05 5.971735505516378907e+05 8.590861898814706365e+04 7.557930542400910053e+04 1.130645243337871972e+06 1.767996907284922199e+05
2.629873085828307740e+04 8.237757809354361962e+04 1.088509751822649378e+04 2.976563380156079438e+04 5.855014291674311971e+05 6.160789539464104018e+04
8.925827748267243442e+04 3.434851423990468611e+05 3.997947704715456348e+04 9.330994841001018358e+04 1.245960283710153308e+06 1.602234252290269651e+05
2.208213640615719487e+04 2.220322930362155603e+04 6.863913693876809702e+03 4.092340348749332043e+04 6.445313757239739643e+05 6.591317311959988729e+04
2.167224641096224877e+04 2.286546174161287126e+04 3.037984232128928124e+04 1.540983837237515399e+04 6.711699627436378505e+05 6.633818106478106347e+04
6.214721289838765369e+04 2.856678142503316049e+05 2.903156712871533819e+04 6.422462846629106934e+04 1.170141562320823316e+06 1.343921713375782128e+05
2.181086047914476512e+04 9.891647882662990014e+04 3.754705587379329700e+03 2.600170256940816398e+04 5.686134505973061314e+05 5.651443607951056038e+04
3.238057140416329275e+03 1.218282986854453611e+03 2.535883468045001337e+03 5.770979193615386066e+03 1.838304265429780644e+05 1.612735285476953686e+04
2.653941628213146396e+04 7.991550568290757656e+04 1.969951814822440065e+04 2.100234642236584841e+04 6.456949185849159257e+05 6.537182991451158159e+04
4.341413148667258793e+04 1.379237604481119160e+04 1.975097299962661782e+04 8.785844013025240565e+04 1.136301774835192598e+06 1.253520170149003970e+05
1.013725656693265955e+04 7.995026492659213545e+04 5.957979806373809879e+03 7.522897629241417235e+03 3.493062252924470231e+05 3.341961280419164541e+04
7.565457152452919217e+03 3.252355538141054785e+04 5.140381572424151273e+03 6.926642096759021115e+03 2.172587216567622963e+05 2.156979001396640160e+04
6.051451273992531787e+04 1.147709364349604293e+05 4.145681394253259350e+04 5.887416096033669601e+04 5.872996640025948873e+05 8.967280923319404246e+04
3.525047267699994700e+04 1.010920394394539180e+05 2.749960941816150807e+04 3.498829223773234116e+04 4.637516530860685743e+05 6.386876144334633864e+04
5.996139794118054124e+04 1.101025331388546765e+05 5.048590933263317129e+04 5.104619088261175784e+04 1.233571555352963507e+06 1.332624627332109085e+05
2.959903910483594882e+04 1.023555445051538118e+05 1.764479308003586993e+04 2.624363156925487056e+04 4.701815438471383532e+05 5.616128679845214356e+04
2.141707035815164636e+04 6.860606563335357350e+04 7.008058659898079895e+03 2.751450313757079493e+04 5.229067619673823356e+05 5.402724333291537187e+04
3.728079380299208424e+03 7.373668044165931860e+03 1.041038858869377009e+03 1.301516825814497133e+04 4.139785519097485230e+05 3.454283844400038652e+04
8.178258985030466283e+04 2.322036165920895291e+05 6.213842070004394918e+04 6.256434587979506614e+04 8.745683335905858548e+05 1.253881721083237207e+05
9.179381731531147670e+04 3.190013775937436149e+05 5.998675988309816603e+04 6.982586306722996233e+04 9.858049409323852742e+05 1.395199437481917848e+05
9.140003312471049139e+04 3.105286420647929772e+05 5.076747714630058181e+04 9.156103697351914889e+04 1.059255213265216211e+06 1.498950120404663030e+05
1.482934617394476663e+04 6.154918220404492604e+04 1.182215399295565294e+04 9.611281517713603535e+03 4.367254851355883875e+05 4.186134899336136732e+04
5.966012746933609014e+04 2.960103826297011110e+05 2.316942772609823805e+04 5.168327985291576624e+04 9.059500320726431673e+05 1.089363526545010100e+05
1.459423978658412125e+04 6.281109200338221854e+04 9.214755562853080846e+03 1.619343825756584556e+04 4.745496538732573972e+05 4.632014941718984483e+04
3.751474197933703545e+05 1.353480954871459631e+06 2.578004985286206356e+05 2.881684486511041177e+05 2.151106762921600137e+06 4.530808136579171405e+05
1.937737807431135298e+04 3.452549481228941204e+03 1.344739357144112364e+04 2.098927057444135789e+04 4.932144514988235896e+05 4.863217741605533229e+04
1.969584093707229113e+04 9.667033577214317120e+03 7.258236833269901581e+03 3.334462386664673977e+04 6.227828261678626295e+05 6.057317173393554549e+04
6.385369011408924962e+03 2.335853660769505950e+03 4.728241757103118289e+03 8.607470719725490198e+03 2.685067885303915828e+05 2.410564597299746674e+04
3.872741611386449949e+04 1.750453691413781198e+05 2.674680507269341251e+04 2.434971956991041952e+04 4.602324924899713951e+05 6.215556735729292268e+04
9.761421711243070604e+04 3.828307227369346656e+05 7.034299479428176710e+04 6.062256404447698151e+04 9.377453187879008474e+05 1.397480695856450184e+05
2.142153381583638838e+04 9.403392840549891844e+03 1.177482434350377662e+04 3.350945539098115114e+04 5.687786652435909491e+05 5.894939797816184728e+04
3.302032725259864674e+04 5.411582333397900948e+04 1.389211435606653140e+04 4.295591436287221586e+04 7.602449027857680339e+05 7.922361407649173634e+04
1.973158666482063709e+05 6.681364897099371301e+05 1.475424034029248869e+05 1.460837548906232696e+05 1.251696237781043630e+06 2.469025527832293883e+05
2.264803402007375189e+04 7.116797944408218427e+03 5.874510061177051284e+03 4.452736730405675189e+04 6.478671625362314517e+05 6.659431829214374011e+04
7.653625955693260767e+04 4.211496452388470061e+05 6.320206791079903633e+04 2.951522309899135871e+04 1.141532311628418509e+06 1.382058348728829587e+05
1.095967233789087368e+04 2.285666293533673070e+03 4.411810003187959410e+03 2.409799716182859629e+04 3.552281852376244497e+05 3.680416163917843369e+04
2.590619899310454275e+04 1.446248048643697402e+05 1.821203698385220196e+04 1.200096949229497477e+04 4.056964777654267382e+05 4.771942168536286772e+04
7.144625051361651458e+03 4.899654811920326210e+03 2.283922286799829180e+03 1.187539453342285742e+04 2.820862246378426207e+05 2.556982182892356650e+04
3.829419018616102676e+03 1.774187607610936084e+03 2.549620812966811172e+03 1.986870045180171292e+04 5.138000387475532480e+05 4.472915522299537406e+04
9.907144605686209616e+03 1.910346773838863328e+03 7.909696555415745024e+03 1.704720262710993848e+04 5.858213752255035797e+05 5.061482932655110926e+04
6.976172163566209201e+04 1.636296157271470584e+05 5.282685457560051873e+04 6.022045887722227053e+04 7.456608468130072579e+05 1.082514768268870394e+05
5.410083071394427861e+03 6.614183785831956811e+03 1.424276690429559721e+03 8.335635480278520845e+03 2.559996394279107335e+05 2.192886868182419494e+04
2.499614327864497318e+04 9.691282774974743370e+04 1.507069033685176873e+04 2.037701134757639375e+04 4.822072915442219237e+05 5.293842571674642386e+04
4.860708855421197950e+04 4.803336887156204466e+04 3.007214263607603425e+04 5.557841179114705301e+04 7.968657002760759788e+05 9.406845501684947521e+04
7.241297471003344981e+04 1.008013732598675961e+04 3.176530897519040809e+04 1.184544601440673141e+05 1.357510386833778350e+06 1.590609827374802262e+05
4.222912141875864472e+04 1.250050129475932335e+05 1.752615196890334119e+04 4.944132446082936076e+04 8.162848531804481754e+05 9.099903779519940144e+04
4.435405614562137634e+04 9.077345960761704191e+04 2.835801214339673970e+04 4.462705308174078527e+04 7.018395203063939698e+05 8.410050742316762626e+04
7.659132593778853334e+03 8.235923286966416345e+04 1.185183981879001749e+03 9.496519751345762415e+03 4.357095682139885612e+05 3.818520182533759362e+04
1.136978934483393532e+05 1.183945891520261357e+05 4.825806604237417923e+04 1.707012931270080153e+05 2.011222363802336855e+06 2.391228455213057750e+05
4.832735259570119524e+04 3.097645092552137794e+05 2.421771741747302076e+04 3.483804047979898314e+04 7.357972240719624097e+05 9.100714881490280095e+04
8.723644177385560397e+03 2.209413764885761339e+03 4.888557218370239752e+03 1.364969208574479126e+04 3.609480887758183526e+05 3.266607395654591164e+04
1.868311621522108908e+04 1.539725243942325733e+03 6.594484298155834949e+03 3.815443857961684262e+04 6.082466115901749581e+05 6.108218394787318539e+04
1.335899281854050969e+04 2.277776566330299829e+04 2.241831917633459852e+03 2.534399528631416615e+04 5.696856855430336436e+05 5.187024374514735246e+04
4.612772848451104437e+03 2.801623842399581554e+04 1.693176859784647377e+03 4.420721463969586694e+03 2.211481411895948404e+05 1.898923105620467686e+04
7.886117575487844988e+03 2.294438866749738281e+03 4.862066415287972632e+03 2.434028518605233694e+04 5.538328435129505815e+05 5.046632066053186281e+04
4.060462627392917511e+03 2.911837602514278842e+04 1.443035947521069374e+03 6.101492532322934494e+03 2.365799804308399616e+05 2.073388023484397854e+04
3.225620981999694413e+04 1.573249179993157304e+04 1.822272621570477349e+04 4.972312486763961351e+04 1.051807587385750841e+06 1.018619857765128545e+05
5.505439147014236369e+03 4.306648239618075604e+04 1.007841710736236109e+03 1.123160471133987085e+04 3.716966962849291740e+05 3.264396162542621460e+04
5.061059600216720719e+04 2.539090022886382358e+05 2.870472590586761362e+04 3.636715791979563073e+04 5.362631014429135248e+05 7.744900949350588780e+04
5.522944598272006260e+04 3.385882635384062887e+05 1.906002897178092462e+04 4.741057474702283071e+04 8.217638994060264667e+05 1.016768910397352738e+05
4.185577147668982070e+04 1.395486459552540909e+05 3.725604804224992404e+04 2.098639358099192032e+04 3.792619823106602416e+05 5.796296770700311026e+04
1.177374046773411101e+05 1.956835391395656334e+05 6.991484096823226719e+04 1.340942162789096474e+05 1.470410712933165021e+06 1.993544982756556128e+05
4.624692876775647164e+04 1.599001393566326587e+05 2.580409452170241275e+04 4.675359618155268981e+04 9.506672132502621971e+05 1.041170185149565077e+05
1.578786634502915513e+04 1.016512527925037284e+05 7.569620388481709597e+03 9.908608870856267458e+03 4.720714620986297377e+05 4.452387524970680533e+04
3.705984439669342100e+04 1.870686744690593623e+05 2.098111005797496910e+04 2.600827951024103459e+04 6.114380723474440165e+05 7.118487821148691000e+04
1.374419870433498545e+04 4.885756506425991392e+04 5.979003949652313167e+03 1.678055708080302065e+04 4.277486110888521071e+05 4.135262453653191915e+04
9.337536053843627087e+03 8.304171575785734376e+02 5.938318595916574850e+03 1.347420989585626194e+04 3.555903240132080391e+05 3.261067737258810666e+04
3.379403146705161635e+04 9.375151991798832023e+04 1.649874169190090106e+04 3.778017880950521067e+04 7.826025185569458408e+05 8.147152738432439219e+04
1.495866370667395822e+05 5.485926410897228634e+05 1.102050097556287510e+05 1.000497329603875260e+05 9.920009766312411521e+05 1.866100758591638878e+05
3.018622885043589122e+04 1.145881556870563800e+05 2.108197667956531950e+04 2.272203342567529762e+04 4.304380464437634801e+05 5.398263534544612048e+04
7.670495771346650145e+04 3.547376565989911323e+05 4.220991602734226763e+04 5.937203125010754593e+04 8.685000335169497412e+05 1.210076266278270341e+05
1.495485417365892317e+04 4.784247485724311264e+04 6.021067816141956428e+03 2.040405435628146006e+04 6.458976353948508622e+05 5.763163884581296588e+04
7.049376295626285719e+04 9.046047596579503443e+04 4.651852646286649542e+04 7.806688568336021854e+04 1.013703287196582649e+06 1.280105192629985249e+05
2.973340260129407397e+04 1.003672418944848032e+05 2.108082503955241555e+04 1.933497021628455695e+04 4.550759586400479311e+05 5.340416426104342827e+04
4.188260391342702860e+03 4.871671375905392779e+03 1.472410502580604998e+03 6.414148281555725589e+03 2.320449175503036240e+05 1.938336325247664354e+04
2.217193447094292424e+04 5.107392958490963792e+04 3.557780774767562889e+03 4.368313005538089783e+04 8.214119624402739573e+05 7.906105702570320864e+04
1.523841697878872765e+04 1.636889354413934234e+04 4.876521895209169088e+03 3.183762315859541195e+04 5.609898658462509047e+05 5.504039427016290574e+04
1.151150164493245939e+04 2.614870630309872286e+04 1.127745400060868997e+04 1.518044013872002870e+04 4.784079064532393822e+05 4.519703194041892857e+04
8.468998331638982563e+03 1.373094557661714134e+04 7.499494777996196717e+03 1.113712455336558014e+04 2.567804863664745644e+05 2.621919014963481459e+04
1.042798324316424623e+04 3.872704525689989055e+02 5.311853538526528610e+03 1.759499097892974896e+04 3.110892399799223640e+05 3.118891945094233597e+04
7.450504945437889546e+04 2.171638624535634008e+05 5.241015248738149967e+04 6.145189055934632052e+04 8.072528967624591896e+05 1.154197744561519503e+05
4.918698897081872019e+03 2.317063079085931895e+04 4.525652776574767813e+03 3.673164058482754172e+03 2.581875154936676845e+05 2.212376693026372232e+04
2.993925266437199025e+04 5.684888705249906343e+04 3.390078705952646123e+04 1.340311145140886765e+04 3.721311430626872461e+05 4.851659570594308752e+04
4.569557891793092131e+04 8.371544952246676257e+04 2.989374782268697527e+04 5.204620812650610605e+04 6.518244190917811356e+05 8.440419158578483621e+04
1.357165727712225089e+04 1.777878987254677486e+04 1.186211640540117514e+04 1.001437534656305979e+04 3.613776818049393478e+05 3.482758061015925341e+04
1.902874037450071410e+04 4.692506125841831818e+03 8.938422492581170445e+03 2.958421968475361791e+04 5.635773972661081934e+05 5.536884901040971454e+04
3.469561614727784672e+03 8.056399821885964229e+03 3.694296139607699388e+03 7.606533029341652764e+03 2.644691301522296271e+05 2.321875525074901452e+04
7.395831388543785579e+03 2.690973212003936715e+04 6.600169985721076955e+03 9.683539049407816492e+03 2.922183233143067337e+05 2.820973162766567475e+04
7.400655093024560483e+04 2.522944506427659944e+05 6.139038088630240964e+04 4.180867048722351319e+04 6.532628739228018094e+05 1.017893455678576138e+05
1.027323602532818950e+04 3.665655261804653037e+03 7.707186116857160414e+03 1.229016620343878458e+04 3.704541038440414704e+05 3.397780069676324638e+04
7.917015337021395680e+04 2.476816523874890117e+05 5.632139506495757087e+04 6.243602932022871391e+04 9.497462306425967254e+05 1.286446803677976422e+05
6.842711659235125990e+04 3.932563646131487330e+05 4.117622875491776358e+04 4.075725977282212989e+04 7.516409437029693509e+05 1.061904257680154988e+05
8.235222210714100220e+04 2.174259210755311942e+05 6.442483143289448344e+04 6.556612125254345301e+04 8.726600660357938614e+05 1.268717324126657331e+05
4.776892656008034828e+04 7.300638981257143314e+04 2.090717273134496645e+04 6.715928991560614668e+04 7.116450200331404340e+05 9.085781381325898110e+04
1.574311909299241961e+05 6.389349636253973003e+05 1.208933100367776351e+05 9.694492015801255184e+04 1.123290293959087692e+06 2.031135695359837264e+05
1.774493685370204548e+04 2.288838267842433197e+04 5.642048650938627361e+03 2.965551768246526262e+04 6.011749903869122500e+05 5.740905562241846201e+04
1.624783902227866383e+04 9.501495980219180638e+04 4.353679117116583257e+03 1.938517310874760369e+04 4.363939936821604497e+05 4.469471644811667647e+04
7.783351260691836615e+03 2.554859526909650958e+04 6.104269598514557401e+03 6.955220991866802251e+03 2.618147620075209124e+05 2.464998669435410557e+04
5.017305264262221499e+03 2.269256129807933030e+04 1.109677677215278663e+03 1.064015693976309194e+04 2.572341053986425104e+05 2.371377463379066467e+04
2.443349359277002441e+04 1.377212090471949195e+05 6.318116549395529546e+03 3.236698074578259548e+04 6.949710453698746860e+05 7.091626289330664440e+04
1.257437749428264033e+04 3.126710486407038115e+04 8.875389101842296441e+03 9.056989632122913463e+03 2.378272676869376737e+05 2.546447642897831247e+04
1.311418477114550478e+04 2.225947294205167509e+03 3.089299898878526164e+03 2.679727515879885686e+04 3.751623231397010968e+05 3.879242426843017165e+04
2.911169409786913093e+04 6.132542004272037593e+04 2.381002416965064549e+04 2.341028636217287567e+04 4.462355115056614741e+05 5.389739280221334047e+04
1.936511794291797560e+04 4.580388018818365708e+03 9.883235608930948729e+03 2.512524074189308885e+04 4.482727901515376871e+05 4.599897936865987140e+04
7.317481605975228013e+04 2.240317714107574138e+05 7.122766039646483841e+04 3.391559756558369554e+04 7.058600545049833599e+05 1.046003854015942779e+05
2.387664759060335928e+04 1.031158101991568401e+05 9.871618756739577293e+03 2.121839385948009294e+04 4.068900452357974718e+05 4.631871042731060879e+04
8.297763625080334896e+04 2.037470495846416452e+05 5.323943563728091976e+04 7.357538168959456380e+04 8.454432884874064475e+05 1.231642241718019795e+05
6.838538103828203930e+03 8.917106683742038513e+03 1.557563674291019424e+03 2.223362996803771603e+04 4.795417484573307447e+05 4.342005220034355443e+04
5.526704084817160765e+04 4.159584588539936522e+04 2.763729772829723152e+04 7.674532669084588997e+04 7.425851434194982285e+05 9.862079735225126205e+04
2.413535533558153929e+03 6.981753930372046852e+03 1.380724496485149075e+03 1.006502747156818077e+04 2.437288892217194953e+05 2.188495547783837537e+04
1.204191458324744599e+04 8.321502210360017489e+04 4.147961119586658242e+03 1.044074704765991191e+04 4.228725985361562343e+05 3.906830260228298721e+04
7.866843000739942363e+04 1.063305053517571214e+05 3.145117065217313211e+04 1.221990532840020460e+05 1.618221480557088275e+06 1.829158183422568545e+05
1.655524612885689930e+04 9.639910148180555552e+04 7.384333254932967975e+03 1.417184157735207009e+04 3.911902697692859219e+05 4.067189489642636909e+04
1.192755533290517633e+05 4.107520176033105236e+05 7.637438658581701748e+04 1.005475710606174398e+05 1.090152476642165333e+06 1.720337078571733728e+05
1.180378402726935747e+04 6.910371052076504384e+03 9.902543990582640618e+03 1.366470159376788979e+04 3.762235745377296698e+05 3.609430322355627140e+04
4.858587329698413960e+05 2.361208349507917650e+06 3.371810196289088926e+05 3.041731690663674963e+05 2.638925926146857906e+06 5.772023626113391947e+05
1.052944274171927646e+04 2.057379542710733222e+04 1.113747565605943601e+04 6.123921988808756396e+03 3.048763470916852821e+05 2.909401751840967700e+04
1.129810986023856676e+05 4.575650472195632756e+05 6.264468566663848469e+04 9.654140684296755353e+04 1.174552490468947683e+06 1.722961606715641683e+05
2.724835931589619940e+04 8.510566976247171988e+04 1.566994693158776681e+04 2.549092347089139002e+04 4.130215754037759034e+05 5.027165767924362444e+04
2.721722592872782479e+04 4.258916734907415957e+04 2.422029847435074043e+04 3.571492486546502914e+04 5.475579134745029733e+05 6.552619610190939420e+04
8.881100736669573234e+04 1.326911102046449378e+05 4.821962081338255666e+04 1.096969373751437670e+05 1.252214794252534397e+06 1.611778427404982795e+05
3.551155011390492436e+05 1.141892833034009906e+06 2.359369026695893554e+05 2.941499666566624655e+05 2.185573304592383094e+06 4.382110252480252529e+05
8.048749461516908195e+04 3.092909464951505652e+05 5.783720161351480783e+04 5.030407207554659544e+04 1.042395641001475626e+06 1.330917414034418762e+05
2.380111952056779046e+04 5.450903619693311339e+04 1.532199382561356833e+04 2.499797666738451517e+04 4.105789827330584521e+05 4.822079563819392206e+04
2.447712179932215440e+04 5.099624345124152569e+03 9.699615076445923478e+03 5.602287451348828472e+04 7.627959975838111714e+05 8.107161577098167618e+04
2.075196987635770711e+04 3.857668138649828325e+04 1.752884981415644870e+04 2.878348593873436766e+04 4.986869888126847218e+05 5.602178702529994916e+04
1.433239748132549867e+05 6.127184974453410832e+05 1.001687915010944125e+05 9.615373013113475463e+04 9.634035449618987041e+05 1.817708836173617747e+05
5.607975521351494535e+03 3.562951166491660115e+04 4.364970720212776541e+03 1.109157091075022981e+04 3.466066987324340153e+05 3.197238400139915393e+04
7.563307401315104471e+03 3.927956003808892274e+04 1.091406481910913044e+03 1.406929681181233354e+04 3.555693495632391423e+05 3.269107790355924226e+04
1.282308262780363293e+04 2.901085415795880908e+04 1.315091983604219968e+04 5.616746181910639280e+03 2.566608335460843227e+05 2.690708824593573809e+04
1.405257626692800659e+04 5.501412221566379594e+04 7.850643644737294380e+03 1.188574597806437487e+04 3.873725593794332235e+05 3.753500693882652558e+04
1.102301921256213536e+05 2.978811655672458000e+05 9.573103189509776712e+04 7.218925190621784714e+04 9.127992145295219962e+05 1.500422519789982762e+05
5.065446626621782343e+04 4.369172978469271038e+04 2.230956547207832045e+04 7.094989226513198810e+04 1.025308022403463605e+06 1.128230040810996725e+05
2.217480236550461632e+04 5.047673759848868940e+03 1.481734720083419234e+04 3.340253221534663317e+04 7.945319752212091116e+05 7.518122362457901181e+04
1.384623995994301185e+04 1.092259372686834686e+05 5.259610183465119007e+03 9.162009914122250848e+03 3.406876023869172786e+05 3.472837485800339346e+04
1.742483174695522757e+04 1.190782977204642157e+04 4.566875004543932846e+03 5.203492539823165134e+04 1.009847934619490523e+06 9.400911064951479784e+04
5.145993794525991689e+03 1.823776495648889249e+04 1.798123442660687715e+03 1.082051091792938496e+04 3.685758738153063459e+05 3.136052048376235325e+04
2.413257070488186218e+04 3.070428751010194173e+04 1.342606227348145512e+04 3.377546673549340630e+04 8.106699249171065167e+05 7.710481062675887370e+04
1.134839970122395789e+04 4.858456683821828483e+04 1.160015820228237317e+04 6.498853601173832431e+03 4.362298397308217827e+05 3.968353967001950514e+04
5.573947127729438944e+04 2.733155529463612475e+05 2.453463209190133057e+04 5.265188334083023074e+04 7.628509507814104436e+05 9.921531588571869361e+04
2.240971424100705190e+05 7.261712792215314694e+05 1.586308937674029439e+05 1.745154367603791179e+05 1.741183331904183608e+06 3.003327671875886736e+05
4.688119158068005163e+03 1.724930321677788379e+04 8.115351055496529398e+02 2.075975191657906180e+04 4.346600534149674932e+05 3.982547256655215460e+04
6.291931079127884004e+03 2.802463119288852613e+04 4.832234578010570658e+03 1.157323848095597896e+04 3.399210266093632672e+05 3.156571289998779685e+04
1.035077168909291322e+04 1.106713303633638861e+04 4.422902553307369089e+03 1.744336396799326030e+04 3.894733216756664915e+05 3.653757736625857069e+04
2.002763218589177268e+04 5.724095824277416978e+04 4.107033899407184435e+03 2.774260271322092740e+04 4.426339961878212052e+05 4.691843130995543470e+04
1.140641289349437284e+04 2.147621948122554750e+04 7.333209125602411405e+03 1.572377218264996009e+04 5.208837264311344479e+05 4.636816268412552017e+04
5.577645528372361878e+04 2.091461342362703581e+05 3.087142706410188839e+04 4.846798905387317063e+04 9.542386294195821974e+05 1.097531956478228531e+05
1.179537395977363667e+04 1.069465634601743841e+04 6.401427744566003639e+03 1.363085800499315883e+04 2.253296953494574991e+05 2.460787706826342765e+04
1.694012436638720465e+04 5.763787151778693806e+04 1.148871148339775755e+04 2.113599022807539950e+04 3.261914864224954508e+05 3.930091986732788064e+04
7.054966188283568772e+04 1.856353425023772870e+05 5.011323868052913895e+04 6.033836274843283172e+04 7.269469817358759465e+05 1.069649711155455298e+05
4.138591679936370201e+04 1.317376808907027007e+05 2.360054681294532566e+04 3.787450007149652083e+04 3.976071461868558545e+05 6.056027701181787415e+04
1.348109733880662498e+04 1.727287890040646380e+04 6.614500276210745142e+03 2.134954868591508421e+04 4.580086141460687504e+05 4.416532047863451589e+04
2.109991008675110788e+04 8.088025605125342554e+04 5.247431463858465577e+03 3.876200736902292556e+04 8.408074326551101403e+05 8.034329673515877221e+04
2.686116829457279891e+04 4.874120880845438660e+04 9.063284876618965427e+03 3.775342438652116107e+04 5.678182351765695494e+05 6.158106698336056434e+04
1.323325330940257845e+04 2.166691507966340214e+04 9.402569837884104345e+03 2.222170663072296884e+04 4.873511652638562955e+05 4.795254000158022245e+04
2.954013907317206395e+04 5.621971753218538652e+04 2.425266115008060297e+04 2.144713964577395745e+04 5.667015440768147819e+05 6.105041101116133359e+04
2.935663429060483759e+04 1.448545830343305715e+05 2.166525157718044647e+04 1.439308124107504409e+04 3.280487801058946061e+05 4.507853935935193294e+04
1.129064150188836938e+05 2.543073583723372431e+05 8.005528113775889506e+04 1.022105063816216716e+05 1.021707531960999710e+06 1.620292400578125089e+05
3.640221676872991520e+04 1.269458276625640719e+05 2.045931169202056117e+04 2.914207419323609065e+04 5.591796424061115831e+05 6.588771568302231026e+04
8.520972432403134007e+03 4.619086955022319307e+04 6.742358615261804516e+03 8.471882271867210875e+03 3.710129289973697742e+05 3.397670349914662074e+04
7.528820133591437298e+03 1.627168953990578120e+04 8.136739956809602518e+03 3.749909175659726316e+03 2.311905071979378990e+05 2.155804330389628740e+04
1.394054887941854577e+04 8.004737132755055791e+04 8.606520531519137876e+03 8.154197346654403191e+03 3.149442686412313487e+05 3.254045502210435006e+04
3.547545906161309176e+03 2.391365849873104526e+04 2.352253258603807353e+03 1.582093500923900592e+03 1.861423253304627433e+05 1.543232860041666572e+04
8.383220833283009415e+04 3.425754085074832547e+05 6.063317056696729560e+04 5.639327348688697384e+04 8.109776381016379455e+05 1.231320452181482397e+05
2.732231226984619934e+04 7.144287177893039370e+03 1.150741916758951447e+04 4.698487304489436792e+04 6.084908728091415251e+05 6.748675094177942083e+04
6.462842356992833629e+03 6.570023639973818774e+01 3.117654187438060035e+03 2.338093992862842060e+04 5.864660338133990299e+05 5.136516568519214343e+04
7.459037391890044091e+04 1.522520685437732318e+05 4.328940525875563617e+04 8.207480107134737773e+04 1.199415304737716215e+06 1.439786707148719870e+05
7.169069084358269174e+04 5.205304478849200532e+05 2.349123888388888372e+04 5.451979772774202866e+04 9.353870998227602104e+05 1.234450732046584017e+05
9.895689332139016187e+04 3.012849971721799229e+05 7.555808868602101575e+04 6.927821027871535625e+04 8.433875268666335614e+05 1.355294683918188093e+05
8.820927155539752857e+04 1.958671724101705477e+05 3.441467792174509668e+04 1.079495084012457228e+05 1.423041514887195779e+06 1.690517584443615342e+05
1.191886301038193051e+04 3.347705360083192500e+04 6.752349482700193221e+03 1.848828211979043772e+04 4.188255563865717850e+05 4.109714280272553879e+04
6.264166427064276832e+03 5.973829896059272141e+04 2.174479947873478523e+03 5.672827800821741221e+03 2.967869310562699684e+05 2.641968090710670731e+04
2.038330143274533111e+04 2.346848596656389782e+04 4.782650680787943202e+03 3.284620713789571892e+04 5.460743086844583740e+05 5.480400923483794759e+04
1.308044344683974487e+04 9.030666524066127022e+04 6.486874481496652152e+03 7.584474576259839523e+03 4.296692426923401072e+05 3.959298998210706486e+04
1.300188490729316300e+03 1.037437702990032221e+03 1.231346736543097450e+03 9.579667521780716925e+03 2.402716739348507253e+05 2.107448150691053888e+04
6.183769239066163573e+04 1.910385281308647827e+05 2.503610293376974005e+04 7.235843717413298145e+04 1.001534968642915832e+06 1.203258585773842351e+05
5.644699704520520754e+04 1.801779459389568947e+05 4.880120223527997587e+04 3.038460008511127307e+04 5.687677955386162503e+05 8.194571688142411585e+04
4.930232578031336743e+04 4.068334681574283168e+05 2.166887859806922279e+04 1.974223671723683947e+04 5.674867001165959518e+05 7.656400006597024912e+04
1.529747860337662132e+04 2.771231803406332256e+04 1.163448975025370783e+04 1.651967851474951021e+04 5.878275854367539287e+05 5.339340377246731077e+04
6.378256778372669942e+04 2.395275032390226261e+05 5.124949557442466175e+04 3.586560339343556552e+04 8.537454246516078711e+05 1.075831741218683455e+05
3.983838698782717256e+04 1.411198971769614727e+05 1.655741258505616497e+04 3.989939178823977272e+04 6.643260974372370401e+05 7.684327442930408870e+04
3.984186421460326073e+03 9.649958623096561496e+03 3.415099186882114282e+03 4.556531590015497386e+03 2.291251597782753233e+05 1.942085255398304071e+04
2.886659492558176862e+04 4.493431805163516401e+04 1.455675099091799893e+04 4.135596854492766579e+04 7.195969754285067320e+05 7.559846997315651970e+04
9.123134980556076334e+04 3.581215799443608266e+05 5.959987408799347031e+04 6.961632559046044480e+04 7.280225329795973375e+05 1.238554268645077682e+05
2.416595986298595017e+04 4.135806829794817168e+04 9.040728919150689762e+03 2.844849837864732763e+04 4.766418074471072759e+05 5.086606128775784600e+04
7.611453477583759195e+03 4.179434391802872597e+03 4.272337970522808064e+03 1.787125444727573267e+04 3.966845349900221918e+05 3.681043181189299503e+04
6.987948950273344963e+03 2.168099015493576007e+04 1.985854739922124054e+03 8.564632336337170273e+03 2.532234022989290825e+05 2.283316051753778083e+04
3.466955822914171586e+04 1.761562622890880812e+04 2.031979327270562499e+04 4.310419328466341540e+04 6.459718875601697946e+05 7.256984743260608229e+04
2.828494467952875493e+04 2.803448485800868366e+04 1.361536579481580156e+04 3.630078588972539728e+04 5.423820679635554552e+05 6.015131323038106348e+04
1.239926487826200355e+04 1.388038594367793849e+04 7.453602595485352140e+03 2.103912771109103051e+04 4.874947514355533058e+05 4.620206982492666430e+04
7.516768121307551337e+04 3.289843944951349986e+05 4.686783737502463191e+04 5.487004537097501452e+04 8.025000970719914185e+05 1.152666697985558421e+05
2.722403136641311357e+04 4.807431290676444405e+03 1.011613751314867113e+04 4.540347791485906055e+04 5.403009038850808283e+05 6.146987148162996891e+04
5.935516269958160592e+03 1.770846905189970812e+03 2.162261242500433127e+03 1.424160916156613166e+04 3.678076795249571442e+05 3.219814067291811079e+04
1.886100352339147867e+04 3.580921686014637817e+04 1.154668647873944792e+04 2.232543037136295970e+04 3.167028554170554271e+05 3.814565026848363050e+04
1.315479768687636351e+04 7.470680038027760020e+03 1.239244947279446387e+04 2.221824497491946750e+04 3.287391296440907172e+05 3.786937120745004358e+04
2.085723932102925392e+04 6.609149286269935146e+02 1.199345271860219327e+04 2.909026418665628080e+04 4.779236943962089135e+05 5.050198436715468415e+04
7.608203391306240519e+03 3.162846839818736839e+02 3.209029107775708326e+03 1.124114703198666939e+04 2.596253481125250692e+05 2.394436759929031905e+04
3.396276910658122506e+04 1.915052114914614358e+05 2.448091105469643662e+04 1.532733473676153335e+04 5.404191459704660811e+05 6.330662172751662001e+04
3.039080509265704313e+04 8.055483390138721734e+04 3.199003721287553344e+04 1.518960388773053091e+04 5.201514661850045086e+05 5.962928787515332806e+04
1.426882589576699684e+04 7.734121938702957777e+03 5.185701914333149944e+03 2.340888124843088735e+04 4.398255696564557147e+05 4.278569871650308050e+04
2.475888283970014527e+04 1.682497728613047802e+05 1.110511183835280281e+04 1.396558706339472155e+04 2.902752614012042177e+05 3.894969073734967242e+04
3.054661644807979883e+03 6.849602738375780064e+03 2.589336748967874883e+03 2.909611141548090018e+03 1.174606766721389286e+05 1.067112222468472100e+04
4.935955541140077003e+03 8.539329970326680268e+03 3.684691610696440875e+03 6.020658809969773756e+03 2.420936050833024783e+05 2.101643144417187432e+04
4.988556328383483196e+04 2.536011798494201212e+05 3.005737487083083761e+04 4.216215174829347234e+04 9.758596224712213734e+05 1.102043697944807936e+05
2.149193595263552197e+04 1.029325012517499545e+03 9.271606555322230633e+03 3.249497075050166313e+04 5.889217283362965100e+05 5.835209816490163939e+04
2.047866126380651986e+04 1.274575869110841595e+05 1.221689762077342493e+04 1.109247470046895978e+04 4.071439216264856514e+05 4.397226038375255303e+04
6.487350475812451805e+03 1.939891270594274374e+03 4.776073698324490579e+03 7.987827715705581795e+03 2.601885246285380272e+05 2.326700116412007628e+04
8.271132819776928955e+03 1.656266123358030745e+04 5.706996596335906361e+03 8.688789239456347786e+03 2.972454929603666533e+05 2.720112433975744352e+04
3.617690332383707573e+04 2.673858464094719238e+04 1.736596636958490490e+04 5.488777948098984052e+04 7.665645577658400871e+05 8.518718547409292660e+04
5.645467404803065438e+04 3.266404994478901499e+05 3.958225527948306262e+04 2.511509633319326531e+04 6.311716133579296293e+05 8.703182518180557236e+04
1.194149816298355145e+05 1.197296579596173542e+05 4.552780308550380141e+04 1.837465636267611408e+05 1.773267796799719334e+06 2.279060499399737455e+05
6.948943932540150854e+03 5.144830298602757466e+03 1.838813860795643905e+03 1.051221170011926552e+04 3.481097351860104245e+05 2.921437686032222700e+04
2.217387221435661559e+04 6.552369138432423642e+04 2.286983231715175862e+04 1.293570442706572248e+04 4.998392274588791188e+05 5.256871661019221938e+04
2.483555362339043131e+04 8.644322912780215120e+03 2.179279435134730738e+04 2.444551269344962930e+04 5.539423717464789515e+05 5.813399151802810957e+04
1.516351254448668624e+04 8.185114442221650279e+03 8.011874266221248035e+03 2.427273295393420631e+04 4.287753949045031331e+05 4.367371972807050042e+04
1.035957413452642941e+05 2.423912087210958707e+05 7.953479999948227487e+04 7.792621502368601796e+04 1.151103358535203384e+06 1.589375053882207430e+05
1.150154691821686138e+05 4.133143996449786937e+05 7.726568873465323122e+04 8.691119485442785663e+04 8.566386462943422375e+05 1.506725108668683679e+05
1.318381178720011485e+04 7.754326885231029883e+04 4.060435744235283437e+03 1.695530195346158871e+04 4.513428562877600780e+05 4.361065187563923246e+04
5.018244643631844519e+04 2.826219566785482457e+05 2.697227440980289975e+04 3.229177209181907892e+04 5.649929653080593562e+05 7.821219727211775898e+04
3.080477655534332371e+04 2.829392494929521126e+04 1.871704886675980742e+04 4.376316063950204261e+04 7.746475198320600903e+05 8.135984891045033874e+04
4.327695744295741315e+04 1.682270323459240899e+05 3.584757875043619424e+04 2.219432701022713809e+04 4.712002702659687493e+05 6.550451209456622746e+04
7.827592829160200381e+03 2.575797034901657298e+03 1.831953136481914271e+03 1.568477821804666564e+04 3.015124518897148664e+05 2.828915991524498895e+04
3.055529407187147808e+04 8.517124854856185266e+04 1.348065760813094130e+04 3.894418630909419880e+04 6.765017390994041925e+05 7.313604470428866625e+04
1.513708961327454199e+04 3.876149434118199861e+04 1.526060794571545375e+04 8.385649783052171188e+03 2.882401812903262908e+05 3.167499261179067616e+04
5.951568527998698301e+03 5.483831123143640434e+04 2.226577636285156586e+03 6.243821948994719605e+03 2.832715311927379807e+05 2.554888154260945885e+04
9.897388314209878445e+03 7.515565724927155316e+03 7.970509456022116865e+03 1.150879857135517705e+04 3.795568526541463216e+05 3.454070341620760883e+04
7.293894373796324544e+03 2.553111642176192981e+04 3.617705561391584069e+03 9.972030502850957419e+03 3.582701841885077883e+05 3.142890561952113057e+04
1.962762053251445468e+05 5.992610463832864771e+05 1.318703474851966603e+05 1.647050880971839069e+05 1.636015769197464455e+06 2.710086004390981398e+05
2.957459242743936557e+04 6.894765438983744389e+03 1.146095168826750887e+04 5.174661489016350970e+04 9.057882542269725818e+05 8.960365634433973173e+04
1.498782420078451833e+04 8.342257734227295441e+04 1.124719089658343364e+04 5.358178935265690598e+03 2.879296439855744247e+05 3.076447983677052616e+04
4.357024739930167561e+04 5.707987753431525925e+04 2.574624925870070365e+04 5.620607325386285811e+04 8.588037438319918001e+05 9.710092156154189433e+04
9.959659123942485166e+03 6.408335589648909081e+04 4.597775729472513376e+03 6.792443831091607535e+03 3.588012444227887900e+05 3.235661464766739300e+04
6.730293672053053160e+04 7.883446776156588749e+04 6.380763050852974266e+04 5.521486382381236763e+04 1.116357927757454570e+06 1.314596289988256467e+05
4.383658927445529116e+03 1.900621897767656628e+04 2.653581742104703153e+03 8.481089746996811300e+03 2.708835264109862037e+05 2.413871753937110043e+04
1.284847389020057017e+04 5.287301295685752848e+03 6.582330847220348005e+03 2.554605316032177143e+04 5.573263491592743667e+05 5.213616358446950471e+04
1.755316527534746856e+05 5.685299759540654486e+05 9.795104896261486283e+04 1.711378237945920264e+05 1.371100153299810831e+06 2.399568405078946089e+05
2.874951735553448088e+04 1.068748964149220992e+05 1.795696242964505291e+04 2.386948042181596247e+04 6.644585666745310882e+05 6.851287977165571647e+04
1.868443015470381069e+05 4.474529993300369242e+05 1.257698253798519581e+05 1.744084757903761638e+05 1.419367816893515876e+06 2.506845812992659339e+05
1.323692892619634804e+05 4.196110743606184260e+05 1.015232115132609179e+05 9.797420615947050101e+04 8.803984356439857511e+05 1.680416568086289335e+05
1.902251212719647447e+04 4.421033503565960564e+04 1.350412306220004393e+04 1.705979020548679910e+04 3.642011128218352096e+05 4.021876823984619114e+04
1.947975486156932675e+04 1.115544776258571655e+05 5.704788956219046668e+03 1.659309831804162968e+04 4.891678357735301834e+05 4.838241780553512217e+04
2.227381534825086419e+04 1.037999678936034798e+04 1.043089416389347934e+04 2.989785560904545127e+04 3.274494332235381007e+05 4.055355340793239884e+04
1.974078172721065494e+04 3.403277069810441753e+04 6.842592779352989055e+03 2.774843788002137080e+04 6.482728472345754271e+05 6.078335868701731670e+04
3.029697817727102665e+04 6.213141778676835384e+04 1.366519112885721188e+04 5.100041696811000293e+04 7.901510746043934487e+05 8.517140678246690368e+04
1.274263476388278104e+04 7.783772815451068163e+04 9.045303773689642185e+03 1.255845219510326751e+04 3.744576467692035367e+05 3.861466967862260935e+04
7.360296700384922588e+03 3.063196616480607190e+03 8.520259562727989760e+03 4.733226185553763571e+03 2.329752914323555597e+05 2.163460686474950126e+04
5.228942006042499997e+03 1.047995193202846622e+03 5.509977259786365721e+03 6.776842900412028939e+03 3.015716079677572125e+05 2.577507376564465449e+04
1.013589611382205294e+04 2.979323437367906445e+04 7.085775855446286187e+03 1.691955700572871137e+04 3.795649555092182127e+05 3.770862859435432620e+04
2.413680618369164586e+04 3.299075306100786838e+04 7.894288965204949818e+03 3.865544128301957244e+04 6.948227594945693854e+05 6.924807440259809664e+04
3.396772356988197862e+04 1.313934639598486247e+05 2.781948221514983015e+04 1.830052194875562054e+04 6.284199638990666717e+05 6.903531049978715600e+04
2.953894990235516525e+04 1.124149843680490303e+05 1.568210317693623256e+04 3.248680290249478639e+04 5.856352242901899153e+05 6.640128748728508072e+04
8.803730604193023464e+04 2.891683663582953159e+05 6.377584025866015872e+04 6.553505874163688713e+04 7.513172522604691330e+05 1.219656855774473370e+05
1.259889655221476096e+04 1.215207090794589567e+04 5.748486916771650613e+03 2.373061903875542703e+04 4.061549341847613105e+05 4.112768274082369317e+04
1.503646835382668542e+04 2.295004922356399766e+04 1.454150671653312429e+03 3.162353069430920004e+04 5.127611601174924872e+05 5.054999222763446596e+04
1.396664631184835343e+04 6.852784050187721732e+03 5.003274596573375675e+03 2.134291357382913702e+04 2.818109387847161270e+05 3.110125979767667013e+04
3.050175420737918103e+03 5.774191098487696763e+03 1.351877659432064320e+03 6.691835682280691799e+03 2.597664937734873965e+05 2.136616025963491120e+04
3.679901606362906023e+03 3.571071940683174034e+03 3.949911671776377261e+03 8.692367687783274960e+03 2.363301622152799682e+05 2.170543063639150205e+04
1.105482022923804470e+05 3.164732150980978622e+05 6.991659818850213196e+04 9.740618862931749027e+04 1.052074148499442730e+06 1.606040843895441212e+05
1.441607439103119250e+05 4.078330313718155958e+05 8.805668398405748303e+04 1.288543842346432066e+05 1.486085644870099146e+06 2.163555404908587225e+05
1.269111343272205522e+04 3.665223528400375471e+03 3.188386474900186840e+03 2.200909145140180044e+04 5.010080813170154579e+05 4.520553854997219605e+04
4.914755425357620879e+03 2.036014898197212915e+03 5.484345160804313309e+03 5.122585585287275535e+03 2.872149211025430704e+05 2.409925051522886133e+04
6.921133927851328917e+04 6.253078494253014214e+05 2.383358041319025870e+04 3.834525811264602817e+04 9.855200108496926259e+05 1.248342490449588659e+05
3.053745037000812590e+04 7.396737734196866222e+04 1.046291127600256004e+04 3.865162958977765811e+04 6.458279372449141229e+05 6.908546611525975459e+04
1.617468883163749888e+04 5.663369687553199765e+04 1.169976500109589142e+04 1.571696783786501328e+04 4.294860860520129791e+05 4.383938262276715977e+04
2.383131043442900045e+04 4.733681928763056203e+04 7.541193106588245428e+03 4.090063604024457891e+04 7.329973672650607768e+05 7.338843634653158369e+04
2.710598658392476409e+03 1.065209411750103936e+04 5.486251513344151363e+02 8.039667659848975745e+03 2.684731420142025454e+05 2.245628261199706685e+04
3.944936889603348391e+04 8.757314294414329925e+04 2.550135514582142423e+04 3.496285240760928718e+04 6.666670626653414220e+05 7.597504185611901630e+04
4.786214118584264725e+03 4.601030010516004040e+03 4.981569726974939840e+03 1.890299350913010130e+04 6.503284261498339474e+05 5.466354731749375787e+04
4.952256204987275851e+04 7.928242827152651444e+04 2.395452651713900559e+04 7.521454309875448234e+04 8.267748589601834537e+05 1.038680086802810401e+05
1.245292031254516769e+04 1.528630158616364497e+04 8.730403246752011910e+03 1.193004147326603379e+04 2.848276216299899388e+05 2.907174545250600568e+04
2.560937931858496449e+04 1.330239125076576020e+05 1.727168473798939158e+04 2.398260223093313471e+04 4.000960604397667339e+05 5.178134758212549787e+04
1.154297331420534756e+05 4.569081927183187217e+05 7.942611553651199210e+04 7.926411001656355802e+04 8.006272223268115195e+05 1.465353155457030516e+05
6.083419577874075003e+03 2.461147159399592965e+03 2.508883466639823382e+03 8.465021019509593316e+03 2.486985798872741871e+05 2.175840729176938476e+04
6.413220036012656783e+04 2.292753849241137214e+05 3.537753602164560289e+04 6.052887094562047423e+04 1.121373961808286607e+06 1.293867306534940290e+05
1.417281882016436975e+04 4.990908480859690462e+04 2.633621539851424131e+03 2.176488901659838302e+04 4.527268078754166490e+05 4.389635786022229149e+04
6.542118971000015154e+04 2.059678488042665995e+05 5.057986909929965623e+04 4.570879755009537621e+04 5.809367518821512349e+05 9.173617928721888165e+04
3.801438606255484046e+04 2.177903669078758103e+05 1.255092815398550010e+04 3.527213599879489630e+04 7.413642857574877562e+05 8.199836325929846498e+04
1.350690018123197478e+04 3.282509218383094412e+04 4.089825461976931365e+03 1.861516542282982846e+04 4.383723534559941036e+05 4.128919923757216748e+04
1.373640802018575232e+04 2.369960372344880398e+03 8.770262430909910108e+03 1.838425654769550601e+04 3.897211487178071984e+05 3.842351752103125182e+04
6.325306206900735560e+03 3.308503853353635350e+04 2.172245051079985842e+03 2.563389591549412944e+04 5.158269467144046212e+05 4.885873825966184813e+04
4.121110219893208705e+04 1.878563911603574525e+05 2.565009125387782115e+04 2.850437438185429710e+04 5.104449777212631307e+05 6.757251444943642127e+04
1.887115588732264223e+04 1.045115284353911420e+03 9.623391896377530429e+03 2.853479325363652970e+04 5.617522524315310875e+05 5.488639359339320799e+04
7.271582192595167726e+03 2.563357549004440443e+04 2.507790318791786831e+03 1.596670977642193429e+04 4.234799852445688448e+05 3.805218683324638550e+04
1.293452873583473411e+04 4.222323743128396018e+03 4.551778596804947483e+03 2.112900705323281727e+04 3.434464414950345526e+05 3.482534629106024659e+04
1.119775970654626326e+04 4.103261917504069424e+04 7.044371959277698807e+03 9.756504101149537746e+03 3.104836839918096666e+05 3.036142109257456104e+04
3.897857995200530422e+04 5.148710622986019735e+04 1.876908003072762222e+04 4.933147580609495344e+04 8.961831713136679027e+05 9.322202889500050514e+04
3.290951362613967649e+04 7.534434358903192333e+04 2.132917013749036414e+04 3.054469146422559425e+04 4.922446605434378143e+05 5.984209473992148560e+04
2.814243177463951288e+05 1.075650239300813060e+06 1.856674886866629531e+05 2.156231809427337721e+05 2.155300706232480239e+06 3.757188447804144816e+05
2.937492902204071288e+04 2.124138279494391099e+03 1.096905981587035967e+04 6.010885964109012275e+04 1.040705266776832170e+06 1.020113297667517036e+05
7.933507597118154990e+03 1.160636494171040977e+04 5.920384199682604958e+03 1.067604525166594976e+04 2.702420171832876513e+05 2.613027687609411078e+04
7.954267241896413907e+03 2.615248738960558330e+04 1.842072401003259529e+03 1.336980622360902089e+04 3.716569887015489512e+05 3.313100684814486158e+04
3.936562725698170252e+05 1.326066189349645982e+06 2.749226734246767010e+05 3.135377886953029083e+05 2.395609322299437597e+06 4.870224041597075411e+05
7.225739773703483479e+03 1.425292973636434908e+04 2.012344401493674923e+03 1.364829971529911745e+04 3.965852235441686935e+05 3.441830747506212356e+04
1.876321758510419386e+04 2.037783084177938008e+03 1.008358036265317969e+04 2.577102170400531759e+04 4.795925233740037074e+05 4.835812132645505335e+04
1.392855976549709885e+04 4.080723862393008858e+03 8.676543555484653552e+03 1.961613284870994175e+04 3.973108107446921058e+05 3.953526330636881175e+04
2.048451445079363839e+04 1.006372216627762682e+05 1.340036112752116060e+04 2.253179041803429936e+04 4.904383038112894283e+05 5.393059525177184696e+04
1.385118926060899685e+04 5.132715224038124870e+04 7.524742632790358584e+03 1.310310900651173324e+04 4.255580336686611408e+05 4.033092531276175578e+04
2.269650487808336493e+03 5.336539123304040004e+03 8.159865441225697396e+02 3.568564237575320021e+03 1.840859662734581507e+05 1.461096093980344449e+04
3.857142860678573197e+04 1.232904751876301016e+05 3.165033767031008392e+04 3.503301389178039244e+04 4.295711212050248869e+05 6.447753096353487490e+04
3.153656126663400792e+05 1.031194000351821072e+06 2.049345802948163473e+05 2.732792634798536310e+05 2.760107565208134241e+06 4.485754563157215016e+05
5.487814568935641000e+04 7.240077715573876048e+03 2.997823862572132930e+04 8.315357785558848991e+04 1.188152390079350211e+06 1.307966712762889656e+05
5.373469510370828175e+03 2.977617460159025359e+04 2.985541739831563973e+03 8.692200910397446933e+03 2.549394360482252378e+05 2.383769900086594498e+04
6.566915781184132356e+03 2.569373086785045962e+04 4.155165994791227604e+03 2.087298513633735638e+04 4.330562509429168422e+05 4.162795453098508005e+04
1.380154428663926228e+04 3.867232268831906549e+04 1.229293228655298117e+04 1.282583384266922985e+04 3.205943583135666559e+05 3.457516805348253547e+04
2.667909179426670016e+04 2.816116762279437171e+04 1.412871043316997384e+04 3.731949483733523812e+04 5.962494442239700584e+05 6.446261663280190987e+04
2.946843317301190473e+04 5.240085723967682134e+04 1.585067516953300037e+04 3.580496863136054890e+04 4.125251426022627857e+05 5.336204893392597296e+04
1.949577801102387093e+04 5.130710127810659469e+04 9.969143635477095813e+03 2.496289221443368660e+04 4.818397739994843141e+05 5.053196383858476474e+04
3.175608426637904995e+04 2.297134635075020196e+04 1.394830297959028758e+04 5.517821431007675710e+04 8.401121754575872328e+05 8.860562228674627841e+04
1.017502292543072144e+04 7.714732584918282555e+03 6.386400427189352740e+03 2.322607417060487933e+04 4.595567401482875575e+05 4.454679051409206295e+04
2.290752301254168851e+05 7.429045078434947645e+05 1.743807396002180467e+05 1.688122604135216388e+05 1.457515395707827061e+06 2.862918412143762689e+05
5.349745134568957292e+04 1.289279288687632506e+05 3.014377627503736221e+04 5.842872121038386831e+04 7.325379000985799357e+05 9.506354690612567356e+04
4.485409813791223314e+03 8.793871975263042486e+02 1.293416267100444202e+03 8.326158357081892973e+03 2.033949157253628946e+05 1.804628780527542403e+04
4.552190956220423686e+04 1.635859271826847398e+05 1.379300604734530498e+04 5.258983540722000907e+04 7.819818797971670283e+05 9.041490840063292126e+04
7.448441603693905927e+04 2.637772805127325701e+05 3.728977744723777869e+04 7.359154923558660084e+04 9.643019003228979418e+05 1.272600709927919961e+05
1.844257334610447651e+04 8.675551840772588912e+04 9.898536926116310497e+03 1.647717567318878719e+04 4.739042984971343540e+05 4.788438925428994844e+04
3.797519061680605955e+04 2.569813762085543931e+04 1.814035219004995815e+04 5.157241035288217245e+04 6.247273949950035894e+05 7.443047380260573118e+04
6.826356751001988596e+04 5.185751186695328215e+04 3.803108670588747191e+04 8.714887279898590350e+04 9.653807053585620597e+05 1.232985178449178056e+05
1.087564994139327318e+05 3.094173971051724511e+05 1.024268613538186473e+05 5.833132825139764464e+04 9.765519241538570495e+05 1.515210976860195515e+05
6.061961389202276223e+03 3.227274854796811996e+04 4.223194550880744828e+03 7.779792485408398534e+03 1.964871443502531329e+05 2.015068952473781246e+04
2.394717686585752745e+04 1.158627964260583030e+04 1.728569410350892576e+04 3.187254062658042312e+04 6.028547335493514547e+05 6.298479857049798011e+04
1.155887513356944874e+04 4.022603378044318561e+03 3.275122029502251735e+03 1.996658716983928389e+04 3.506132028483955655e+05 3.422152460610226262e+04
6.511640773222213465e+04 1.432350103844582045e+05 3.470875074365066394e+04 7.243660199605040543e+04 1.032516042834502761e+06 1.242497777535094792e+05
1.350460198688006494e+04 1.695176908655014631e+04 7.558042022586044368e+03 1.526677422534820107e+04 4.719945923053994775e+05 4.274634142655035248e+04
2.835000199675624390e+04 5.986295796170436370e+04 1.525729791003848914e+04 3.697386863841048762e+04 5.696918488388832193e+05 6.457494290891779383e+04
6.930276752159142234e+03 1.720192378502508745e+03 2.683843140971483535e+03 1.672221320198203466e+04 4.627561490790348616e+05 3.992836423780730547e+04
4.329788553484970180e+04 3.506045235123682651e+05 2.260744141024485361e+04 2.431720566861125553e+04 8.075967533715307945e+05 9.240527530099630530e+04
4.841280016078960034e+04 1.605839160485553148e+05 3.061502811148045657e+04 3.855657303185550700e+04 6.703288985965907341e+05 8.366276784615134238e+04
2.000583725984439661e+04 4.611245860500900017e+04 1.147149062248082737e+04 1.821095433296075134e+04 3.584449393782097031e+05 3.957001252546328760e+04
1.188718015688910418e+04 3.939578956619516248e+04 4.814597755559637335e+03 1.713530530292782714e+04 4.578388807057641097e+05 4.256684482970320096e+04
1.273832958178733861e+04 3.225996676327323439e+04 6.278386682453156027e+03 1.644250986685269527e+04 4.003520659360480495e+05 3.866502894086218294e+04
3.829347899141791277e+04 2.175473825390592392e+05 1.794393592116752916e+04 2.807104899631466833e+04 5.451591311423151055e+05 6.785829504076193552e+04
2.812191119279171471e+04 6.967713859864980623e+04 1.183039109815811753e+04 3.278284533468863810e+04 5.357738585148387356e+05 5.940675955252593121e+04
1.863064381494701083e+05 3.940656995148149435e+05 1.276120934870033670e+05 1.823790280615638476e+05 1.531236552509509725e+06 2.599659806911355408e+05
6.644383493129037379e+04 3.100717996267401031e+05 3.613571885808678780e+04 5.251497985722971498e+04 8.749156835601965431e+05 1.135102937557259429e+05
3.536243998166446108e+05 1.654460660546790808e+06 2.134852788839658024e+05 2.567016769664601597e+05 2.211550600577953737e+06 4.387039085416931193e+05
9.281530223403684431e+03 7.521154811151431204e+03 1.838221888920848869e+03 2.315529272342168770e+04 5.344545297474290710e+05 4.758215114635745704e+04
3.638765438494637783e+04 2.444294785984762711e+05 8.173220644699581499e+03 6.114283742429425911e+04 1.161880024986571399e+06 1.214111105104524468e+05
9.110067884516043705e+03 1.453037127103992316e+04 6.609318719652058462e+03 1.485003591683849118e+04 4.454991077652027598e+05 4.024705231222626753e+04
6.496323438726423774e+04 2.749473482592677465e+05 4.105084531900093134e+04 5.052227292076354206e+04 8.482656611633782741e+05 1.111979171715885896e+05
3.766049701735458802e+04 1.372626429625894816e+05 2.789943158594158376e+04 3.088657704875417039e+04 3.883394422984531848e+05 5.890362564321180253e+04
7.783535054713065620e+04 3.629553466387145454e+05 2.408388025919676875e+04 8.235530750161918695e+04 1.303841656566516263e+06 1.532738706794159953e+05
4.559240460712555796e+04 5.030045475180831272e+04 2.241721453739595381e+04 6.168065262128424365e+04 9.383968089877802413e+05 1.031593457247056067e+05
3.359092665068860515e+04 1.496408166796999285e+05 2.054270244675319918e+04 2.386521186724398649e+04 5.610259131504563848e+05 6.478449786805796612e+04
7.265447090214649506e+04 2.710907542100526625e+05 5.526603964915814868e+04 4.399732927770553943e+04 6.233651022177290870e+05 9.905788781940162880e+04
6.194615869384337566e+04 3.277743166504575638e+05 3.860534673184106214e+04 3.742467217600102595e+04 6.447078332079260144e+05 9.314341569283284480e+04
1.056520180481953867e+04 4.505172049201551272e+04 9.991850598814891782e+03 5.799840046921832254e+03 3.191124271729120519e+05 3.062209439335297793e+04
4.768537254540722643e+03 3.702805890689821808e+02 5.141690073414341896e+03 1.815852636519428779e+04 4.132225653549559647e+05 3.823899094493212760e+04
3.525845909335759643e+04 1.748241330182751335e+04 2.916774031845574791e+04 3.705652404196868883e+04 6.375617020548335277e+05 7.307715088248619577e+04
3.982043266446173220e+04 1.589013606747057929e+05 3.184736811287742239e+04 2.083221832513982736e+04 4.148491539927828708e+05 5.891264668571595394e+04
5.272355956124401928e+03 1.728686049792109088e+03 2.306132597483663176e+03 8.729112501015137241e+03 2.844550491423701169e+05 2.415915144398173652e+04
3.820048675438678401e+03 3.423047669567140110e+04 1.532405142421332357e+03 5.302287074599170410e+03 2.575100246889416885e+05 2.207166999111219047e+04
3.042251401314857139e+04 1.546139235014032465e+03 9.013318643889067971e+03 5.870714666782578570e+04 8.351047100807377137e+05 8.667720409550881595e+04
6.171503273850604455e+04 5.644030313983340602e+04 3.602927136811232776e+04 7.926151082659422536e+04 1.011817486724597635e+06 1.222190681233354990e+05
9.439056782374556860e+03 5.294324815042466798e+04 3.749578986256649841e+03 1.971503457895207248e+04 5.126834465286165359e+05 4.763328445313175325e+04
5.010901517105684434e+03 9.456765263857378159e+03 1.736410168321161791e+03 6.648876016755245473e+03 2.916583298146760208e+05 2.383971657582751868e+04
2.503323879067100279e+04 7.258654865943684126e+04 7.116771938864570075e+03 3.893768870734990924e+04 8.046409452062522760e+05 7.838573260368971387e+04
1.144313826785793935e+04 1.195585893433557612e+04 6.494861671147174093e+03 1.414549645123863593e+04 3.303739078199223732e+05 3.200849073332704575e+04
4.990713748054203279e+03 2.266239642650026326e+03 4.088049187672196240e+03 1.573444775906918585e+04 3.796676908911007340e+05 3.452556339460836170e+04
2.662139819044276373e+04 1.468173415654641030e+04 1.245211526420678274e+04 4.452210396893600409e+04 5.825431404308780329e+05 6.540802959624670621e+04
1.285905651028754073e+04 3.483230732094100858e+03 6.016655801509151388e+03 2.145239449696530210e+04 5.370600788317027036e+05 4.858887245706374233e+04
1.037775375908374372e+04 6.572828971045138132e+03 4.766946178278445586e+03 1.728854728375987179e+04 3.385610335072429734e+05 3.296920235554816463e+04
1.661386951449612970e+05 4.202118344203026500e+05 7.189236875507848163e+04 2.091895835346892127e+05 2.126047900086601730e+06 2.893696094597143820e+05
1.138533272777439561e+04 7.637827229135201196e+04 1.495528587282750777e+03 1.915798832949738789e+04 5.445965542214624584e+05 4.971554856589768315e+04
1.854975659809614808e+04 6.815693407223752729e+02 1.042846666582139187e+04 2.756489232768963484e+04 5.244650401470896322e+05 5.226896798446232424e+04
4.301706688600161579e+04 1.419623157586960297e+05 1.258256628753965015e+04 6.601302490876722732e+04 1.155137291013719980e+06 1.199913699651308998e+05
3.175076333695357607e+04 1.589762704652192497e+03 1.528319213517856042e+04 4.945599836124265858e+04 8.597718734513116069e+05 8.685809563170539332e+04
1.065414912990693556e+05 2.586583708217092499e+05 7.366257650051268865e+04 1.022308112864813302e+05 1.314006933548655827e+06 1.791578137679619831e+05
3.458315232588529034e+04 2.382931487745550112e+04 1.977773676892183721e+04 4.619618856183958997e+04 6.258545681354342960e+05 7.268864515596101410e+04
1.094045533592292340e+05 4.402982915101644467e+05 6.551777790566624026e+04 9.405328081266753725e+04 1.457089213150692638e+06 1.905587015571717639e+05
1.772595338696037652e+05 5.881585567938688910e+05 1.421779705029597098e+05 1.135339375209241116e+05 1.459182541137550958e+06 2.398703140786062868e+05
9.590295340533186391e+03 7.299259870263285120e+04 2.083235192183251002e+03 1.387967500047048452e+04 3.700924398797027534e+05 3.567756252457359369e+04
2.386936222912634184e+04 1.964263426981808152e+04 6.864003632650540567e+03 4.948158078362463857e+04 8.010144647458164254e+05 8.018138993162030238e+04
4.606222068481640235e+03 8.985838308501441134e+03 6.818641820314142024e+02 2.236846018717909101e+04 5.557690101546196966e+05 4.823393395366556797e+04
5.154194665511928179e+04 3.953040931634153822e+04 3.266754200977830988e+04 5.983520061837883986e+04 9.585742491579549387e+05 1.075679352171642386e+05
1.875297579405366923e+04 1.149672272200113948e+05 9.840193856387539199e+03 1.035023218488978091e+04 3.217059023310811608e+05 3.624762120771923946e+04
3.982055823098004112e+03 2.208144343237151043e+04 1.007801526457291288e+03 1.326736871426626749e+04 3.941984964414793649e+05 3.403977486559584941e+04
2.776059463676547239e+04 1.965702695585495530e+04 8.305322454883928003e+03 4.743924900977832294e+04 6.134066427013734356e+05 6.726149884783253947e+04
7.177833070581834363e+03 2.429614429841562378e+04 3.637994194053294450e+03 8.889229401868564310e+03 3.484623966647919733e+05 3.022726263528009440e+04
4.999856448449864729e+03 2.360131522286382278e+03 1.963899429364763364e+03 8.941060994826442766e+03 2.979779232806434738e+05 2.504824130920342941e+04
1.624991074185427169e+04 1.136994411410971952e+04 1.537711256837990004e+04 1.293173162030721505e+04 3.159105422401018441e+05 3.428686391452318639e+04
1.514084566903670020e+04 4.057230883780433032e+03 6.472572532143027274e+03 2.296237331105984777e+04 4.411073119555400335e+05 4.304285218677283410e+04
9.167893124067481040e+03 1.249370070281438166e+04 7.033493726784702631e+03 1.318855021881026914e+04 2.814382031156910234e+05 2.854318417836892695e+04
7.014240499399031251e+03 2.374140355866609389e+04 5.259537924721425952e+03 8.358861049302355241e+03 1.823660732453686360e+05 1.948744726804065067e+04
1.679379375464285113e+04 3.770440258591612655e+04 2.063914140187218072e+04 5.709873469550166192e+03 3.817611434530001134e+05 3.902153998939233861e+04
1.904620451157032585e+04 1.825532216781416764e+03 7.410871098035508112e+03 3.817532695929612964e+04 6.053689026786022587e+05 6.126414724311616737e+04
1.655361397876509363e+04 5.647600144240969530e+04 1.156307651080516189e+04 1.133373270934245193e+04 2.869111512128899340e+05 3.220109827462211251e+04
4.159668831032890739e+04 1.058288822091197508e+05 3.018295084041841255e+04 3.319838837979898381e+04 5.170686235437222058e+05 6.803656244655401679e+04
5.103341156894765845e+03 1.780213108789525450e+03 2.246515127862644022e+03 1.922311316121624986e+04 3.809554642775937100e+05 3.537179361785428046e+04
8.941557474449188157e+04 3.217341780649645370e+05 5.707309772837641503e+04 6.993737520819224301e+04 1.077833497690166347e+06 1.446393317838922376e+05
1.471224262058672139e+04 9.483478129009665281e+03 1.345065824076616991e+04 3.482964548868590646e+04 5.989412572077632649e+05 6.230147845015955681e+04
8.525404654550124178e+03 3.178612069643002542e+03 6.024235251492229509e+03 1.125496541044066726e+04 3.597761562788498122e+05 3.204191587208049168e+04
6.878882426972523717e+03 1.510743226278774091e+04 5.087106438874673586e+03 1.590094846747349766e+04 4.740646865725040552e+05 4.201591243031631166e+04
7.498552895501736202e+04 5.148688409199749585e+05 4.489903563728481095e+04 3.670813251195618068e+04 8.778595190926626092e+05 1.204701358335517725e+05
6.540548765913442912e+04 2.806430931104710908e+05 4.426543743232460110e+04 5.092703624838926771e+04 1.125477268262835685e+06 1.316936247240506636e+05
2.136689890812597514e+04 6.877851662176518585e+04 5.280964685179295884e+03 3.358468892144299025e+04 5.676626095912940800e+05 5.904634907180489245e+04
6.059323060348977015e+04 3.982528227715287358e+05 2.169912787474405923e+04 4.570266223105597601e+04 1.017922775097340345e+06 1.181875627720639459e+05
8.610326194251223569e+03 2.390685834319454443e+04 1.011759418396124602e+04 5.456190932435408286e+03 3.600655348372326116e+05 3.222932011852977666e+04
6.207608129915020982e+03 4.649758598557237565e+04 2.929112966136992782e+03 7.827789631777903196e+03 2.396500819481316721e+05 2.322138561262103030e+04
2.398640601524820158e+04 3.486230373195401626e+04 6.883148943383007463e+03 3.892573963206607004e+04 7.015975359921345953e+05 6.948266960732717416e+04
2.510932683952097796e+04 2.981044485784442804e+04 1.240222802771391616e+04 3.181444230784878528e+04 4.059332568790899240e+05 4.851006614808325685e+04
6.644831951605589711e+04 2.440936832649682765e+05 3.119169119915541523e+04 6.774033936702981009e+04 6.452417008918179199e+05 9.955181376214539341e+04
1.163487741283698415e+04 8.415753897817590041e+04 4.780711352369757151e+03 1.524406564089401036e+04 4.288104821778094629e+05 4.195906129300251632e+04
5.486948183290415182e+04 1.273109008806062193e+05 3.839764662706181844e+04 7.024774433087586658e+04 9.490130392511985265e+05 1.184460653797919949e+05
4.318068919508915133e+04 3.453124385512148729e+04 1.020399184371369665e+04 8.428955105555169575e+04 9.895560897928709164e+05 1.107786020323584962e+05
9.342241054460748273e+04 4.565940422696469468e+05 5.719603937770272023e+04 6.626450020133750513e+04 9.903665206804026384e+05 1.438203009402595926e+05
2.712591515305693611e+05 9.362167037730794400e+05 1.769444456654705282e+05 2.292561414159684209e+05 1.584937715974387014e+06 3.328626478815320297e+05
4.455001414385770659e+03 2.436430695493293024e+04 1.499836476692342785e+03 1.028691020687907258e+04 3.099470006067141658e+05 2.735038594589609056e+04
1.049343839620991457e+04 5.643496552448796137e+04 5.318537423409575240e+03 1.007472894740344054e+04 3.963924133227579296e+05 3.630150555019768944e+04
6.941258157300321909e+04 3.788015729988272597e+03 2.502387298282770280e+04 1.306256645088404766e+05 1.304468699861145345e+06 1.577796251546893618e+05
3.830283284449362691e+04 1.145355144442409073e+05 1.191308059679440339e+04 4.933639203412309143e+04 7.277141702064202400e+05 8.205670486869080923e+04
4.302366170989456441e+04 1.935635780113403744e+05 2.008983803812069527e+04 3.761136551677039824e+04 6.196335932158344658e+05 7.691993228307180107e+04
4.591433063789772132e+04 1.137710628043259785e+05 2.937218801604901819e+04 4.368499765141188254e+04 7.169987907278849743e+05 8.626906337685242761e+04
1.618948486711736587e+04 5.359484981381062244e+04 1.107788206177018583e+04 1.078630646563123992e+04 2.397396707596629567e+05 2.842913061282220588e+04
2.002197084105146350e+05 4.087940647350465879e+05 9.895066675812428002e+04 2.372617154213754693e+05 2.015568180892800447e+06 3.057321107728080824e+05
3.405962154966768867e+04 1.790092925753803283e+05 1.916055287874632995e+04 3.236746212581767759e+04 9.550582904175375588e+05 9.598862297426410078e+04
3.383850266643834857e+03 6.141758466359841577e+02 3.787172506880704532e+03 1.191522705635892635e+04 2.784933759646928520e+05 2.578219745320377115e+04
1.690107414018509371e+04 1.950843404125401139e+04 9.495116016766531175e+03 2.165119568392313522e+04 4.063706491262013442e+05 4.218095914142128458e+04
1.635283266942389309e+04 3.897253413378306504e+03 1.315839685357060807e+04 1.725616041098692585e+04 4.515993775835180422e+05 4.404253171587472752e+04
5.051314533930194011e+04 1.762796565692590084e+05 2.971288206033965980e+04 4.244685420008945948e+04 6.681495706059625372e+05 8.566290551775385393e+04
1.867420193471248058e+04 1.273140646378727251e+05 7.462699229038417798e+03 1.393366268419186599e+04 3.402176459725545137e+05 3.869900184205301048e+04
1.674479770389801342e+04 7.709172765410847205e+04 1.007626587131201086e+04 1.308172617708201506e+04 3.328119397235201905e+05 3.645773855742422893e+04
2.495037362003732414e+04 1.966497030986536993e+04 1.272905304860826072e+04 3.135484115891997862e+04 4.985428984013670706e+05 5.417010157179258385e+04
1.146602175384432667e+04 1.844741586513572838e+04 9.922790552001235483e+03 1.253570277712484312e+04 2.457393537899210642e+05 2.738696130716336120e+04
4.939644141898803355e+03 2.108645203936322287e+04 1.456545473323996475e+03 9.327053013364904473e+03 3.868099318452342413e+05 3.190529950104143427e+04
4.375039552094502869e+04 6.422125557604961068e+04 1.903273566404874146e+04 5.652577464908553520e+04 6.501921662607928738e+05 8.067355991697026184e+04
1.107221806771949923e+04 2.630490132622820602e+04 1.300510069210574329e+03 2.181576173348744851e+04 4.209313355263544363e+05 4.003838258908451098e+04
7.205393791435140884e+03 3.729719325991050573e+04 4.091205158866037436e+03 1.196054363459612250e+04 2.937241193023966043e+05 2.877294590617119684e+04
6.419375580439427722e+03 3.541471046934819606e+04 4.091615702048046842e+03 1.628071429805733715e+04 3.861158618236027542e+05 3.684773374974222679e+04
3.620203005357532675e+04 1.741919789376996050e+05 2.025977498873227887e+04 2.236980164385567696e+04 4.848795617577565718e+05 6.007935321993871912e+04
9.498176016237090516e+04 1.476699367297957942e+05 5.784477732383307011e+04 1.026264209603149211e+05 1.133897815076474333e+06 1.549130107325050049e+05
2.107600358125053754e+04 1.211985225868200359e+05 7.598790044166219559e+03 3.427337335346721375e+04 5.695417169863330200e+05 6.307664714645287313e+04
2.863697367909095192e+04 2.627641816452794956e+04 9.170163422754005296e+03 4.970738873481971677e+04 8.136787810166664422e+05 8.245762999463742017e+04
2.516119239216347341e+04 1.087909509501367720e+05 1.917823391727831040e+04 2.464757080570737890e+04 5.020565225352648995e+05 5.856288738568828558e+04
1.432091342927699043e+04 1.891238177840166099e+04 1.199630139260654323e+04 2.456560363335013608e+04 6.149458759030775400e+05 5.857622592616362090e+04
2.424879835605289827e+03 2.441992846090423427e+03 2.316190308922086842e+03 9.161549005884835424e+03 3.150144915563015966e+05 2.644973205625524497e+04
3.931873538831390761e+04 1.210068889852633001e+05 2.985601345516372021e+04 2.613413888845760448e+04 5.167813573065784876e+05 6.543285078068986331e+04
3.080841615426881253e+04 1.336064423140780673e+04 1.309454974323792885e+04 4.810036439990430517e+04 6.799364000328335678e+05 7.378827778286531975e+04
1.457669603926105628e+04 4.298908726610537997e+04 1.099534575096282424e+04 1.129125764663561313e+04 4.593402768204759923e+05 4.286744000268462696e+04
8.413377836018244125e+03 2.866999282675114227e+04 5.940287778198264277e+03 7.712061954442134265e+03 2.030667099802545272e+05 2.112457942530381115e+04
3.665869269908530259e+04 1.660321398826454533e+05 1.509988059754821370e+04 3.821481239502306562e+04 5.371214894884148380e+05 6.812994234158549807e+04
5.292394992436431494e+03 1.093225547736110093e+04 1.749515927892173750e+03 1.461706129627230439e+04 3.727500446461778483e+05 3.297563970319812506e+04
2.124165084402005959e+04 1.044117417607060052e+05 1.193596546075643892e+04 1.408207214117309923e+04 3.257049910132192308e+05 3.858533032315812306e+04
4.854896056950421189e+05 1.948718830539633054e+06 3.567730639747972600e+05 3.269045325813813834e+05 3.008664800512016751e+06 6.003887789999934612e+05
4.566879062832117779e+04 1.404186597350594238e+05 3.743522245280901552e+04 3.109072991563786491e+04 4.753537704017010983e+05 6.911535766309186874e+04
9.082130921594771280e+03 4.815984878369443322e+03 9.937286163405411571e+03 1.296509585848304232e+04 3.616374565742471023e+05 3.470826019119797274e+04
9.430740886654975839e+03 6.908774353550796150e+03 2.217635007807591592e+03 2.061261402328413897e+04 4.192599295473279781e+05 3.881771573110510508e+04
6.446516189996792673e+04 2.217520092358166003e+05 5.263324600641741563e+04 4.196760000465330813e+04 7.983901684699150501e+05 1.063363510718662146e+05
8.628438557486151694e+03 1.904411507244678069e+04 8.132239715774030628e+03 7.106852134932107219e+03 2.960584676901189960e+05 2.757420744777893196e+04
2.432313465297506264e+04 3.076116206241753389e+03 2.160273883843812291e+04 3.465744830586964963e+04 8.296798891228802968e+05 8.094025333506792958e+04
7.672020794257398848e+03 8.625547219266141474e+04 2.514633064263252891e+03 4.861895879288272226e+03 2.854957484112548409e+05 2.675204106531639263e+04
5.673101162562626268e+04 2.677010415754124988e+05 3.717223956816860300e+04 3.909471424121713790e+04 6.043481523600202054e+05 8.759427416913765774e+04
3.654858421638199798e+04 8.201387877420068253e+04 2.664243081280777187e+04 2.959605297917825737e+04 4.976206901649689535e+05 6.239514664182993147e+04
1.413599319958331762e+04 3.404532206941694312e+04 8.421145313395772973e+03 1.819882290535771608e+04 3.046607677540928125e+05 3.403508336268299900e+04
5.604078499601891963e+04 1.251421626322217344e+05 4.410597991793163965e+04 4.335475228361361224e+04 7.006661872721590335e+05 9.193527284496667562e+04
1.259103253656547713e+04 6.524430055752155022e+04 9.391076255994936218e+03 6.706169148649589260e+03 2.707346798216014868e+05 2.851803530896949815e+04
1.825251584891896709e+04 4.198516599934617989e+04 4.919584801525540570e+03 3.164271409850522832e+04 6.923409524391376181e+05 6.507272982031129504e+04
3.259904350418764352e+03 5.773843675264864032e+03 1.639353404270659667e+03 7.394071990650122643e+03 1.656271055181922857e+05 1.547583273065378307e+04
5.752816085602084786e+04 2.043978982756209443e+05 3.387046287115565065e+04 4.747750216535708751e+04 4.997020481715385104e+05 7.979130484325691941e+04
9.718146462638229423e+03 3.443055991484795231e+04 5.817203219289386652e+03 1.102884584317427107e+04 2.957799582427111454e+05 2.909215611732022080e+04
9.318089544662473782e+04 2.275727305663796869e+04 2.980332301935304349e+04 1.689485884841934603e+05 1.820995758175041992e+06 2.128488147488622344e+05
3.560807394150962864e+03 2.732039861958208712e+04 7.646410994338615410e+02 1.316946974100946863e+04 3.198468924897936522e+05 2.914900669150918475e+04
2.846333238017970871e+04 7.965574686142492283e+04 2.278071364445048675e+04 2.001014149030667977e+04 5.682901068835572805e+05 6.103236135095037753e+04
6.456058936141766026e+03 5.709436249561133081e+03 2.517440390545214996e+03 1.057424285640135895e+04 2.500140678877745231e+05 2.296502988352143075e+04
8.292368339231061327e+03 8.367529754162665995e+03 2.091353334297460151e+03 1.808805080175709008e+04 3.690081560656571528e+05 3.431396535518354358e+04
5.037893858250305129e+03 4.224269100831085234e+04 2.666814503702445563e+03 1.173782570228431723e+04 3.443245198453463963e+05 3.170622867043102451e+04
2.038572527446534878e+04 7.004901083715594723e+04 1.446250772033937028e+04 1.358020388472023114e+04 4.789576888427265221e+05 4.805527074016057304e+04
1.446939882232646596e+04 4.192831936734756164e+04 1.368185320541919464e+04 7.401769997008458631e+03 3.057500333362400997e+05 3.188389539474382764e+04
4.338406515078921075e+04 2.261166086187836481e+05 3.154474681709923243e+04 2.188582065400971260e+04 5.231751074319528998e+05 6.986983994698726747e+04
7.680592972063118395e+03 4.353918611414193947e+03 1.690771257699002490e+03 1.866911602357225274e+04 2.681370195200205198e+05 2.742091640460828421e+04
5.178817659883783563e+03 1.514415394144681704e+04 3.479705790581988822e+03 1.329350578147618035e+04 2.952078368472626898e+05 2.811592204120189854e+04
6.001476672582145693e+04 1.344582583650123270e+05 2.445367496825015769e+04 7.647303253865064471e+04 8.584030410778191872e+05 1.095092055767967831e+05
6.994106620425191068e+04 2.302580371505514777e+05 6.318100494072530273e+04 4.289470840400160523e+04 7.868235141107558738e+05 1.109453949030114454e+05
1.538413002372613118e+04 3.799115218264304985e+03 5.310661723446750329e+03 3.262045188472399968e+04 6.613808225026319269e+05 6.171193096938337112e+04
7.494029725559035433e+04 1.497750686899215798e+05 6.006232504638735554e+04 6.302393216938083788e+04 8.803276096629709937e+05 1.210104833221083099e+05
3.876979154607486271e+04 9.548828353368566604e+04 2.967312215700519664e+04 4.786765116933789977e+04 5.090832836021849653e+05 7.340132301893220574e+04
9.344144579488825912e+03 2.387711712452974825e+04 1.964546650504341869e+03 1.586930823947946192e+04 3.663837905662418343e+05 3.384679737113966257e+04
7.592799717352277185e+03 2.185700766971114354e+04 2.460160198558009597e+03 1.056989244687199789e+04 2.341477287213821546e+05 2.267005813333870174e+04
2.004165071185449779e+05 1.023212836882014060e+06 1.350000655211360136e+05 1.102719206944156758e+05 1.463924414331709268e+06 2.571429080703883374e+05
3.238791129808059122e+04 7.018437826247797057e+04 2.445872468025771377e+04 2.469034796431103314e+04 6.162037693860281724e+05 6.662612550993375771e+04
7.301426352254019548e+03 8.398024103530295179e+03 4.315719368993894932e+03 2.069534834796578434e+04 3.773015516378900502e+05 3.701115210551516066e+04
3.022723594825248801e+04 9.991967268489951675e+04 1.459939806746497561e+04 2.934887946929888494e+04 5.769863315196795156e+05 6.331574402792306500e+04
2.239014567069219265e+04 6.104123941947489220e+04 1.824622222686572059e+04 1.829295214595649668e+04 5.766536709327069111e+05 5.794276008039113367e+04
1.175611593557981105e+05 3.779977410342508228e+05 5.992393292446757550e+04 1.166698826054388337e+05 1.782152142101729987e+06 2.171556064488214906e+05
2.929873906800346231e+04 7.807164284205131116e+04 2.203070709733193507e+04 2.107646968358608137e+04 5.069517163572105928e+05 5.698725739006973163e+04
1.074003940554831934e+04 1.553584011030191323e+04 1.007513499798431985e+04 7.948087551951339265e+03 3.434318338416129700e+05 3.180490508340023371e+04
1.437406338552927082e+04 7.247574747482071689e+04 9.014580992458872061e+03 8.527697970889596036e+03 2.867541955733195646e+05 3.061461901946877697e+04
6.121298268028353777e+04 3.521490039743799716e+05 2.956701543615476476e+04 4.216371725361722929e+04 6.589374214631293435e+05 9.355298521709215129e+04
3.839147516042010011e+03 2.465128470426512285e+04 3.127226328176903735e+03 1.047368663869863667e+04 3.298021746490329970e+05 2.948603453029495722e+04
1.638015765074622868e+04 6.989473761153141095e+04 1.022030922289029513e+04 1.101410411477103298e+04 3.391098562648844090e+05 3.565243497859076888e+04
4.395425038414056326e+04 2.119555803731545748e+05 2.707196695964252649e+04 3.470716156966683047e+04 7.892604609379553003e+05 9.093551029726445267e+04
1.575900815830807551e+05 3.039718553473162465e+05 1.210627302958445944e+05 1.415101325828958943e+05 1.725937534372929251e+06 2.473007966595011530e+05
1.039032699138761818e+05 4.187952842000687378e+05 7.467822043383726850e+04 6.682762354337498255e+04 7.820534557098947698e+05 1.357302115202182031e+05
7.498296453768265201e+04 1.708544391446523659e+05 4.738146657900691935e+04 6.944266395256611577e+04 8.759895446861113887e+05 1.191974628276449657e+05
2.820313895914731256e+04 1.590678903298611294e+04 1.522431658728001821e+04 3.601126734555212897e+04 5.588970829059387324e+05 6.122480466356359102e+04
4.854116276611293870e+04 1.126945293227037037e+05 3.212178758790149004e+04 4.642180103671327379e+04 7.810582546985598747e+05 9.294726680110645248e+04
4.459866499853285495e+04 1.672024599826592312e+05 3.454793908060112881e+04 2.710742507163331538e+04 5.596906569974083686e+05 7.306701888748243800e+04
4.241845091909923940e+04 1.062254059640678315e+05 3.269231238205465343e+04 3.342898941021732753e+04 5.502200446338967886e+05 7.147195201778101909e+04
1.819582968173783956e+04 5.197495132795643440e+04 1.719355663347995232e+03 3.096770273285472649e+04 5.991614080437660450e+05 5.761492646949153277e+04
1.246919556823992025e+04 2.449954801187651537e+04 1.336700033452121897e+04 6.102464047595597549e+03 2.605560143448606250e+05 2.725867617683249409e+04
2.663379900244617238e+04 1.361444534648783156e+04 1.164808978005524659e+04 4.854619909398825985e+04 9.257448081575365504e+05 8.991185834635283391e+04
6.430399962077429518e+04 9.853100813499305514e+04 3.050993491050711600e+04 8.017913386405352503e+04 8.813549545432995073e+05 1.135621518139728432e+05
2.173875304201574763e+05 8.194468393417116022e+05 1.619171486092639389e+05 1.521401437987511163e+05 1.196873904522658093e+06 2.596361751405355171e+05
2.820688786165582769e+03 6.528435685162753543e+03 2.618887273935530629e+03 5.907715971214349338e+03 2.210984712452092499e+05 1.899430152232444743e+04
2.896952610931587406e+05 7.232449044217140181e+05 2.110847314914340386e+05 2.497975100249649258e+05 2.039138325968040386e+06 3.768816994893680094e+05
5.303843819367803371e+04 5.156098792238277383e+04 2.146873419228406419e+04 7.986287912735989084e+04 1.223041757515224162e+06 1.301796379769123014e+05
2.400108694161506355e+04 2.016724940195047020e+04 2.741115796450825292e+04 1.378643869957141942e+04 5.127387871370452340e+05 5.353484993775998009e+04
3.239849268301131451e+04 8.878684180331650714e+04 9.201889418589695197e+03 5.208741189269899769e+04 8.470765848089809297e+05 8.888634780644188868e+04
1.105512742106683581e+05 4.593182441697980976e+05 6.675183951834515028e+04 7.884803544122393942e+04 9.558208424391937442e+05 1.514409735994989460e+05
2.235305236226223133e+04 1.448471014819065749e+05 4.377591763688427818e+03 2.495243286618931234e+04 5.634972208133949898e+05 5.823665132769745105e+04
8.885413481479302573e+04 3.118868328943835804e+05 4.198928439929588058e+04 8.619688057615612342e+04 9.213939850535820005e+05 1.344799851180786791e+05
2.864201094651250241e+04 1.786295457449687456e+04 1.074299399081895535e+04 4.125767089853279322e+04 6.280499565120793413e+05 6.641328099679648585e+04
3.123186081791962715e+04 5.027432354715345718e+04 2.270223420076740877e+04 3.972921555709595123e+04 9.058401231226685923e+05 9.116509150324772054e+04
2.278341732742659224e+04 5.987538804106176394e+04 2.010773597362279907e+04 2.584137150133031901e+04 4.041508170367675484e+05 5.049835403936199873e+04
3.466001582607065939e+04 1.415052292894984712e+05 1.805128338405215982e+04 3.053572159406693390e+04 4.574104669129505055e+05 5.935516437974907603e+04
1.532815064537978469e+04 1.208215248171210987e+04 1.707942155467583143e+04 1.060354025744894898e+04 4.073101120119168772e+05 4.015066542159194069e+04
1.408614313083838897e+04 4.471428221066491824e+04 1.075598299456353925e+04 1.598215337438278766e+04 2.831062724244897254e+05 3.311732253053441673e+04
4.537146741045674571e+04 7.534145240770416422e+03 2.269689014984750247e+04 6.630520352088710933e+04 8.762800628350860206e+05 9.907737710943841375e+04
3.795909691166812991e+04 8.688088898081672960e+04 2.932001499447932656e+04 2.949506271862301583e+04 6.097743436312873382e+05 7.128793554709294403e+04
6.712070145373534615e+03 3.907369792194277125e+03 3.106196190391679920e+03 1.118103021776815876e+04 2.741184802712541423e+05 2.502531406005671670e+04
1.132889495968267693e+04 4.490788298744081112e+04 7.197327188119928906e+03 7.818826367254776414e+03 2.999298968685118598e+05 2.903304508168829489e+04
7.267741654112836113e+04 3.134828212364278734e+05 4.573391786028679053e+04 5.355244167300289701e+04 6.498469157515460392e+05 1.031477725417165784e+05
5.294072370171230432e+03 1.463031853397455779e+04 4.850636150126136272e+03 4.191136089282733337e+03 2.534746196765138593e+05 2.175858765279596992e+04
5.792417247532871443e+03 1.725146673569338964e+04 6.942747633707807836e+03 2.261895232237472101e+03 2.397870513928880682e+05 2.099714725608567096e+04
1.967644519128076718e+04 9.564916578369828812e+02 9.481659365450956102e+03 3.088558066588410657e+04 4.567139544789564097e+05 4.881906526035926800e+04
1.661977770085651355e+04 7.511575947967574757e+04 2.817282225391651082e+03 2.520113355251046596e+04 4.924429202242534957e+05 4.944765682447734434e+04
2.825336367508661351e+04 4.464591400344781141e+04 1.688652148468673477e+04 4.016347787884897843e+04 5.456779795152707957e+05 6.435158606167971448e+04
6.486864425145106361e+04 2.358629456595521187e+05 3.288648087132690125e+04 6.344298485659092694e+04 1.043071728258368443e+06 1.246899122701485612e+05
3.433922020094034815e+04 5.993824959370702709e+04 1.654002065885155753e+04 3.989440638572254102e+04 6.614234578878358006e+05 7.262207968034315854e+04
6.616335617587366869e+03 2.451116492383940931e+04 4.678130850690441548e+03 1.169879269118117736e+04 4.843814439276034827e+05 4.109858496073364950e+04
1.563980294251464948e+05 4.184415234366058721e+05 1.007127911221473914e+05 1.465689535569367290e+05 1.477790236492233817e+06 2.297885114854510757e+05
1.122596498303008593e+04 3.510582821128703654e+04 7.842643146859970329e+03 1.000535708199968758e+04 3.120944692839896888e+05 3.063320194592238840e+04
3.389745892689951870e+04 1.072345264742371073e+05 1.763770266806974541e+04 3.914435139815449656e+04 8.579231180511269486e+05 8.831243559563157032e+04
2.415337109998197047e+04 9.899591308251601004e+04 1.744351898012616221e+04 2.280662957044379073e+04 8.089335695537951542e+05 7.713847910105012124e+04
1.051246373775704114e+03 3.023311045311549606e+03 9.753255846377658145e+02 5.268103242935707385e+03 2.144634209852910717e+05 1.737688851018145579e+04
4.846255300317255751e+04 2.053866748192503001e+05 2.038659510853151005e+04 5.283933238416604581e+04 9.860509472266976954e+05 1.091636885562654206e+05
1.661628725478399792e+04 1.445302429819199606e+05 5.093236051613774180e+03 1.149205364383694359e+04 4.382951703554150299e+05 4.402187801792598475e+04
1.115969800074483101e+04 2.681434124066426011e+04 9.785189889421089902e+03 6.618572086711093107e+03 2.930409500637235469e+05 2.824742813170056979e+04
3.810753499890807871e+04 1.406191784787621000e+05 1.267154346716226064e+04 4.505955991602221184e+04 6.324363020511908690e+05 7.533181235474201094e+04
3.078257334092792007e+04 1.041503772934971494e+05 2.962126114580425565e+04 1.333667009586852510e+04 6.030528284345387947e+05 6.451350661803070398e+04
9.768876412017353869e+04 2.608243484279047407e+05 7.786773124166348134e+04 7.135088727999126422e+04 1.119477036769503495e+06 1.540303514633036975e+05
5.883719845808966966e+03 2.683225810117679430e+03 2.309362408216497442e+03 9.342208205504028228e+03 2.467978683461558830e+05 2.195219202179160129e+04
4.582138452221613989e+04 1.751014757784860849e+05 4.245965228141529224e+04 1.882505626410557670e+04 4.575925426449328661e+05 6.625618987782917975e+04
4.189117339013132005e+04 1.412652520226567576e+05 1.587489460729891471e+04 4.798159213527731481e+04 8.279206108004566049e+05 9.121418035330758721e+04
5.080865306465574395e+04 2.530971472508719016e+05 3.200466883323375077e+04 2.900460841662047096e+04 6.067405759600343881e+05 8.024246277798715164e+04
4.012524155015857104e+04 2.137446241951641859e+05 4.730397284668891189e+03 5.925180811264061049e+04 1.242410849093117286e+06 1.229703001345557859e+05
1.848217598149434198e+05 8.572558379246268887e+05 1.284183365762769390e+05 1.162094830861265364e+05 1.221584430833881488e+06 2.324805921042092668e+05
9.786159728642832488e+04 4.800908254843152245e+05 7.431217316792203928e+04 4.978203511816793616e+04 1.157238161104330327e+06 1.561318561589439632e+05
5.164037613216663158e+04 1.442450660960993555e+05 2.661132797513404876e+04 5.236945832602828159e+04 8.710535709929806180e+05 1.008751379128140543e+05
2.628091459202153146e+03 1.513456872538671450e+04 1.228207057907792432e+03 3.226247448722554054e+03 1.484126667809778301e+05 1.271922890720656687e+04
5.128690056927729893e+04 2.832292553478959599e+05 2.722135789344042496e+04 3.415663648453513451e+04 6.801138216607953655e+05 8.693586017150703992e+04
7.329965330195351271e+04 6.940733057242038194e+04 4.466146201761440170e+04 9.390459048611472826e+04 1.275683813376538455e+06 1.509506799389839580e+05
7.994967534467442601e+04 1.729733250489231141e+05 4.899265455058845691e+04 8.259041038088603818e+04 1.134395689173414139e+06 1.433223332710456743e+05
6.524135251405704366e+03 1.107948563745385218e+04 5.758553046597676257e+03 4.389417590859474331e+03 1.409995685951546184e+05 1.449894432217022950e+04
9.081743166397784080e+04 1.514339680307796807e+05 4.370374772568608751e+04 1.160474510885333148e+05 1.479615876105363714e+06 1.783248648252392595e+05
2.024450817597581408e+04 1.671165539731754689e+04 9.708450257943155520e+03 2.703696587410896609e+04 4.551722902885393705e+05 4.785229753570724279e+04
1.592760905163068674e+04 1.670706034813099177e+04 9.563773112650720577e+03 1.972007627103109553e+04 4.020486375988533837e+05 4.090804957254467445e+04
1.996642523542407434e+04 4.599012043015445670e+03 9.291039058504224158e+03 2.839492652732416536e+04 4.503593892715031980e+05 4.736345584117976978e+04
9.656238776895337651e+03 1.416230160050430095e+04 3.096388225887233602e+03 1.290227560965998055e+04 2.334016756190675660e+05 2.356814065631491758e+04
1.159153605554473506e+04 1.339066459122291917e+03 4.560177370453230651e+03 1.772486810597625299e+04 4.002457602078247583e+05 3.696732958614624658e+04
8.810930303902694504e+03 7.278843284324207343e+04 4.093770465724084261e+03 3.710590553373915100e+03 2.591373790151840367e+05 2.447308844460868931e+04
1.587205615927208237e+04 7.368806897542010120e+04 2.622980730000683707e+03 1.874007992305380321e+04 3.650489800789816072e+05 3.780321928437734459e+04
7.923914124017446011e+04 8.902590406641407753e+03 3.411254542621297151e+04 1.159446239594426879e+05 1.570306807689205278e+06 1.731922783452080330e+05
1.096006322282947258e+04 2.794904700222378779e+03 5.688117724841153176e+03 2.457064784189565762e+04 5.929038235128443921e+05 5.357924216093167342e+04
2.783952453127423723e+04 9.749802030296216253e+04 1.627222682547231125e+04 2.387549092222608670e+04 4.395965679290263797e+05 5.220131588201029808e+04
3.901257567860635754e+04 1.618443747059473026e+04 2.026237785400799112e+04 5.354842852908711211e+04 5.824144573662880575e+05 7.292215812238065701e+04
8.791496691429959901e+04 3.023038400715350144e+04 4.007830626585135178e+04 1.280410180313024903e+05 1.306703517176720547e+06 1.645590968701294041e+05
5.302209635429424088e+04 2.627964701752801193e+05 3.809653031344964256e+04 3.019556026426530661e+04 5.564303187085611280e+05 8.050309806942717114e+04
9.951170842825644286e+03 1.418737904361414076e+04 5.470756713033590131e+03 3.126173429112603117e+04 5.936953575510585215e+05 5.712798660474315693e+04
8.554515141105726070e+04 4.868100561234766246e+03 4.495653901166072319e+04 1.189868346522982029e+05 1.312544899657234782e+06 1.617060439304028696e+05
2.521918896910870899e+04 7.981250389294112392e+04 1.136403311702555584e+04 3.186143504550732177e+04 7.633734957566402154e+05 7.459874710638610122e+04
3.109840042337984196e+05 1.357000151629892411e+06 2.294750841567959578e+05 1.927278591512349667e+05 2.096133827773280442e+06 3.941901308555456926e+05
1.971533237171750443e+04 3.926729557058114733e+04 3.404090112067575774e+03 3.775739834099623113e+04 9.185020365304567385e+05 8.226142609562617145e+04
4.778519003559630619e+03 6.365003983200376751e+03 3.002045208189310415e+03 1.071381125629521739e+04 3.353877272593738162e+05 2.901167564806020164e+04
1.663524742037311444e+04 6.089071318010209325e+03 5.863139502395507407e+03 2.253463340405000417e+04 4.211480184215257759e+05 4.134478304202516301e+04
1.032564847795388050e+04 2.992645021956493292e+04 6.484464623138107527e+03 1.452439808895062561e+04 2.945400267549183918e+05 3.065420954246422116e+04
8.240383022518324651e+03 2.091990035877551782e+04 5.420422334243134173e+03 7.462983343256966691e+03 2.758937739272491890e+05 2.530275036956694385e+04
4.242827602921495563e+05 1.395662961901050992e+06 3.325955925597414025e+05 2.847739899565906380e+05 2.850813899336617906e+06 5.329377688826841768e+05
1.590833923766243388e+05 6.036892363614408532e+05 1.052154232887480757e+05 1.271122900354287849e+05 1.364634932443241589e+06 2.244853264654383820e+05
3.351986877519200789e+04 1.419475811878414243e+05 1.520977190197037089e+04 2.980675638922370490e+04 4.009566671502203098e+05 5.402543027634095779e+04
5.754607407936512573e+03 5.311688608335203753e+04 1.236945811691467043e+03 4.649421161079285412e+03 2.311909268591121945e+05 2.081322208877806770e+04
1.803914996471484119e+04 1.247274929923971940e+05 8.351323796238761133e+03 1.126852405281317624e+04 4.552708307570224861e+05 4.548740967385903787e+04
3.597400361076605623e+04 4.365656516223290964e+04 1.651186976810655324e+04 5.033342724438069854e+04 6.761176944859302603e+05 7.751314026109232509e+04
1.525938636260480853e+05 8.473396792440923164e+05 1.086343704633872985e+05 7.199037130311389046e+04 1.471208563928054180e+06 2.202559112659228849e+05
8.646698089160980089e+03 5.964630827685296390e+04 1.400634806675570644e+03 1.256856426377257412e+04 4.055995095754838549e+05 3.651836521682815510e+04
3.861747131900354361e+03 1.931519191162038260e+04 2.613878259771302055e+03 3.405541903953757355e+03 2.178331723622830177e+05 1.827366296989238981e+04
2.003249332140972838e+05 8.183720626756267156e+05 1.262931406639034394e+05 1.484958890296660829e+05 1.532682730128671275e+06 2.651645238135308027e+05
4.415567549054293340e+04 1.259677031967936200e+05 2.735206248935840267e+04 3.917334845657842379e+04 5.914711061390056275e+05 7.551857492234582605e+04
2.785952637902107017e+04 4.086696465399444423e+04 2.103499841856488274e+04 2.340166436126432382e+04 3.537735639232439571e+05 4.546615061352524936e+04
8.490841915203634926e+03 7.597882461459385922e+03 8.520537709213214839e+03 1.233450769487312391e+04 5.431596555849926081e+05 4.615911400157345633e+04
2.476458008966680791e+04 1.047950802389544697e+04 1.688082629929939867e+04 2.697093107257327210e+04 5.901124254764509387e+05 5.968204220201560383e+04
4.142543372353923769e+04 7.369619407788182434e+04 2.370112630271979287e+04 4.463361963109827775e+04 7.445281007011492038e+05 8.412233471467060735e+04
3.175058953183910489e+03 3.640710802394913480e+04 5.390765817151999499e+02 2.661293416092355528e+03 2.279209547843880428e+05 1.856678052532667061e+04
1.089392056968432917e+04 2.872348940260774543e+04 6.150826752877674153e+03 1.075625201722194470e+04 3.139184287067417172e+05 3.005035999776897734e+04
6.125649542862264934e+04 9.260210436782598845e+04 2.135587017470998398e+04 9.422908521608547017e+04 1.384741108383658575e+06 1.495333618063438335e+05
8.162495450223227090e+04 6.736070504954984062e+04 5.652364216124140512e+04 8.695510118221321318e+04 1.140693697572183097e+06 1.437412112128439476e+05
2.103878723735144740e+04 7.473276358249437180e+04 1.295301665854529165e+04 3.006632240606275082e+04 4.442234208462975803e+05 5.275480608453781315e+04
1.188900800945873743e+04 2.512306018052300351e+04 2.628050129745267895e+03 2.978129137605536744e+04 6.044133776887918357e+05 5.649500562876259937e+04
1.785996433596690986e+04 8.183360748552460109e+02 5.922301046354576101e+03 3.753384520823316416e+04 6.141367413832377642e+05 6.087227295832372329e+04
1.887098346467407464e+04 4.268078874124438153e+04 5.727861863959296898e+03 2.619474056162634224e+04 5.017890565267700586e+05 5.017565321965901967e+04
4.167932308256286342e+04 1.549433460527374409e+05 1.427240366843194352e+04 4.925863224521160737e+04 9.588365688624189934e+05 1.005828625114503375e+05
3.692077477580022969e+04 1.156643870360897999e+05 1.251495771293026883e+04 4.858160536849267373e+04 6.583349742389059393e+05 7.736429416553721239e+04
1.107917125824613868e+04 4.998986739600677538e+03 1.199991476066539872e+04 9.754580609195058059e+03 3.619425580145046697e+05 3.417526030867915688e+04
1.317563225333808259e+04 9.155098651759508357e+03 4.619368690470931142e+03 2.017750936027404168e+04 5.077349018284117337e+05 4.571823985978882411e+04
7.600468767316387675e+04 3.209356870529826483e+04 5.355244841548227851e+04 8.317112216903718945e+04 1.013051591327436152e+06 1.304194324321735912e+05
4.295649693381255493e+05 1.655173834621414309e+06 2.797410211092763348e+05 3.343710206553175231e+05 2.336947655731721316e+06 5.108559972739793593e+05
8.693936660905395911e+03 5.336251598122551513e+04 1.233487042099490054e+03 1.479218153492366218e+04 4.517619929606487858e+05 4.024579192289971252e+04
7.862185049850759242e+03 1.324118282029599641e+03 1.224436871488130419e+04 2.887891693422126082e+03 2.747211014008522616e+05 2.512735447624282824e+04
1.158952301748628270e+04 6.430309612245496828e+04 6.246588557765334372e+03 1.183112114336606282e+04 3.889160490932792309e+05 3.738218052465699293e+04
1.294553351671301607e+04 1.615043948721043125e+04 7.820924058791584685e+03 1.421534590772046431e+04 2.705594979889643146e+05 2.879614235048418777e+04
2.627032792961785162e+04 7.619826455053381505e+04 1.434693819878290924e+04 4.608752960975909082e+04 6.893121340250720968e+05 7.715729892579183797e+04
2.296256734752994453e+04 1.411424645833211571e+03 9.748187990371103297e+03 4.894931135805838130e+04 8.028572079392047599e+05 8.040604374656872824e+04
9.511029123966927000e+04 2.076979132409970043e+05 5.073590908636646054e+04 1.032183302718664781e+05 8.654097169967470691e+05 1.370274375302609697e+05
2.982663927490619244e+04 1.393717039494647470e+05 1.463042395276075513e+04 2.347674019168199447e+04 3.907012811258994043e+05 5.009614596248847374e+04
1.631137778073230402e+04 6.798203650271761580e+04 8.852623718821327202e+03 1.143445570416496957e+04 3.625591208062858204e+05 3.673548540239063004e+04
6.548921677439942869e+04 4.208196023281382804e+04 2.363978070914363343e+04 1.078415135556754103e+05 1.290730673925281735e+06 1.478508058304835868e+05
7.088087543555688171e+04 1.333089617036434938e+05 2.268635650145428372e+04 1.036763286168061022e+05 1.329151702683488140e+06 1.526537290648472845e+05
1.759188679008034887e+04 3.856782947508939105e+04 1.655037815795804272e+04 1.363749525872867343e+04 5.032529856230733567e+05 4.905788324626984104e+04
5.566600035891370499e+04 1.222420921791620640e+05 3.497083689409719227e+04 5.558248766790798254e+04 6.847888922986004036e+05 9.231505977832002100e+04
3.486754676264598384e+05 1.162175249000140000e+06 2.241164449416391144e+05 3.095330561007529614e+05 2.364214679197055753e+06 4.530901409849550109e+05
1.876358154471177477e+04 7.378704198594755144e+04 1.263182776822274354e+04 1.302306776928939689e+04 3.241050008173866081e+05 3.678376398480388889e+04
1.801876203772559238e+05 6.709984083735632012e+05 1.125964930642265972e+05 1.413216830033894221e+05 1.486551292170935776e+06 2.456224073008604173e+05
5.656220748688997446e+03 3.142001553564688584e+04 1.756499115534743623e+03 1.374936522353091641e+04 4.109091677039218484e+05 3.616642804464314395e+04
9.172584174456909750e+03 9.700528402104633642e+03 4.403575704489137024e+03 1.216258175350622150e+04 3.137547853526758845e+05 2.898095656891937324e+04
1.463574208644830833e+04 2.854647444174269549e+04 3.543734123307187929e+03 2.209381113411393380e+04 3.939976391582966899e+05 3.943047755335250258e+04
9.697923309207432612e+04 5.416088710723350523e+05 5.024146039087129611e+04 6.933081268665933749e+04 1.237168838083055802e+06 1.630144932003525901e+05
3.447930919671213633e+04 3.622485496087483625e+04 1.599466124310395026e+04 4.519804845968829613e+04 5.118789404209021013e+05 6.355375334145498346e+04
1.411823196866825856e+04 1.287353063471424102e+05 3.263329307257123219e+03 1.177868878938980561e+04 4.930529938778079813e+05 4.626422730000065349e+04
1.007863009454302846e+04 7.414809024782385904e+02 4.467201924894196054e+03 1.773561231529547513e+04 3.871740143095253152e+05 3.602334367000334896e+04
1.312455855084718678e+04 4.408809813053996913e+04 1.182238705616447078e+04 1.253133085868879061e+04 3.661996856302464148e+05 3.757447811194801761e+04
3.865039238853142251e+03 1.309730714452102620e+04 2.687074136434490356e+03 5.647359499910065097e+03 2.933524759857988101e+05 2.409071630094454667e+04
9.031244047981859694e+03 4.739274330631958583e+04 5.778107554759938466e+03 9.585804812245887661e+03 5.448981190781237092e+05 4.581963231964483566e+04
5.883338282703003642e+04 2.194708007991331688e+05 2.610472135927493218e+04 6.222689486609473533e+04 8.088291229725192534e+05 1.046504900135480711e+05
9.133037441420643518e+03 2.655605807699902653e+04 5.433766510195082446e+03 1.284091684548617923e+04 3.654436034381504869e+05 3.404223246292574913e+04
2.073822613437127802e+04 1.418401642000095671e+04 6.642769970212118096e+03 2.918144531566607475e+04 5.093459832985633984e+05 5.101908067371528887e+04
1.369267168011418289e+04 2.609661616521684118e+04 5.647052307145145278e+03 2.021510643150151009e+04 3.360154918388376827e+05 3.546661217841240432e+04
7.198172142019192688e+04 8.338518290228127444e+04 4.853181819750839350e+04 7.554971722692933690e+04 1.042925700196601800e+06 1.293556556840249250e+05
5.282918254494099529e+04 8.375582487669220427e+04 2.864131759925092047e+04 6.399982162153426179e+04 8.940889894336744910e+05 1.055661286234509462e+05
1.271869515111615510e+04 8.040082923865455086e+04 8.083416732891140782e+03 6.613719399154834719e+03 3.539706243925779709e+05 3.426075689825832524e+04
4.691564260424170061e+04 1.388099494820347172e+05 4.201640897984343610e+04 2.775840101337304441e+04 5.822147873377482174e+05 7.669125548591386178e+04
1.408022785763569991e+05 2.517936502738842973e+05 1.271130279453561234e+05 9.957305181741768320e+04 1.348711722460055025e+06 2.029923189834489604e+05
3.532463189126145153e+04 9.858406995343581002e+03 1.882289054252444839e+04 4.865468198810065951e+04 6.049213611213921104e+05 7.128958913570654113e+04
2.153493304409803386e+04 3.315452290286178322e+04 7.499809165137225136e+03 3.051443664459732099e+04 6.796349746137472102e+05 6.438336918827076443e+04
2.918893029406857750e+04 5.604257263666595099e+04 6.563373945195591659e+03 4.989897676719752053e+04 8.461510857490382623e+05 8.507717835955652117e+04
5.578610072786031196e+03 2.371989520639696639e+04 1.919029500702789164e+03 6.622429424318378551e+03 2.279493793370778149e+05 2.032706904054512779e+04
5.742473076879503787e+04 9.008364371196580760e+04 3.711561874298918701e+04 7.402132462343115185e+04 8.741316390448992606e+05 1.127215572657401644e+05
4.084631693922628619e+04 8.033956927902773714e+03 1.919876255863537517e+04 5.434339800217752781e+04 8.326778238780087559e+05 8.925251290017791325e+04
6.388539753227649635e+04 1.064093316827458329e+05 3.850123468928285729e+04 7.942385171614731371e+04 8.411285659527381649e+05 1.143496996545913862e+05
3.444775857575235568e+04 2.126277413044721179e+05 2.100014059402112252e+04 1.827197492211164354e+04 4.461636195787616307e+05 5.784301655790761288e+04
2.641487492716563793e+04 3.251160502924579851e+04 2.255251566797274427e+04 2.148196262098158695e+04 4.065551144418921322e+05 4.838898133590170619e+04
5.400347057998870150e+04 1.129913134529863601e+04 1.767791278819974104e+04 8.793801112813934742e+04 9.263619233128979104e+05 1.102505191155971843e+05
6.412841418092564709e+04 1.300955232536883850e+05 2.773344519706456413e+04 8.001027607365063159e+04 1.072588732960063498e+06 1.267127570680423960e+05
8.018047606789323618e+04 1.940019423777421471e+05 4.045910648243684409e+04 9.438652875421062345e+04 1.096026978679464431e+06 1.434373235448117193e+05
9.276575268494737975e+04 4.188567583837767597e+05 7.620427370674935810e+04 4.740790396339866129e+04 8.614917546715110075e+05 1.329528198712442245e+05
5.204926298524937010e+03 1.386647166510912484e+03 1.781723419688265494e+03 2.003098394554736660e+04 3.980765020811039722e+05 3.666881835190730635e+04
2.347524143122276655e+04 1.502858040321001899e+05 1.112268603719517159e+04 2.439881287078569585e+04 6.372546917825320270e+05 6.612398188360611675e+04
1.982642605049568010e+04 3.158974624069403581e+04 1.276714307451456625e+04 2.377388662246410604e+04 6.854804224130412331e+05 6.392182093169624568e+04
7.113526684191096138e+03 1.788236797053449118e+04 7.061728733188235310e+03 5.959328963284553538e+03 3.553150367700732895e+05 3.052193377961010628e+04
7.093149443661905934e+03 7.629715850381423661e+04 2.277434950290678898e+03 1.121528285871787011e+04 4.405466030899100006e+05 3.945868565930656041e+04
9.096161794334377191e+03 3.267740821594601221e+04 7.100767691314725198e+03 1.871527046232436987e+04 4.591416734010796063e+05 4.402206647836465709e+04
1.598876178462857933e+04 1.169464707568732138e+03 5.170419721340558681e+03 3.846127166292611219e+04 5.418204945330537157e+05 5.612092531223944388e+04
5.392460216507462064e+03 2.716512477306453729e+04 1.931560572751341851e+03 5.105154823811287315e+03 2.330426799455087748e+05 2.015939976159857906e+04
4.433405508482169353e+03 2.086261509882009705e+03 1.909288759317572158e+03 2.010714710907096378e+04 4.317600702899358002e+05 3.905840378819553007e+04
2.549593909813651771e+04 4.442760230516491720e+04 2.426522582828350642e+04 1.717446536838753673e+04 4.811750640128685045e+05 5.278793966495771747e+04
6.046099958875246375e+04 1.999385500673842034e+05 4.596507168460855610e+04 4.475077037223350635e+04 7.454177522659407696e+05 1.000782490966547339e+05
1.065974502642007428e+05 5.428857443534620106e+05 6.846582255849457579e+04 6.493284372080871981e+04 8.376400330898845568e+05 1.420730770944549004e+05
1.282051305312615841e+04 1.171648489527329366e+04 3.842457885543429711e+03 1.914493680707377644e+04 3.180949815349124838e+05 3.228802666793338358e+04
3.507998156642005779e+05 1.400485307087796507e+06 2.573670068839565502e+05 2.392916638711938867e+05 2.486264524959928822e+06 4.556606306615708745e+05
1.853157717547271750e+04 3.915804626760694373e+04 1.029324345524364253e+04 2.092985504554156796e+04 4.800192593920034706e+05 4.812452085816054023e+04
6.912275478959108295e+04 1.585759622538541444e+05 2.991151211824849452e+04 8.680698344929590530e+04 1.005972995471900795e+06 1.276534835485087242e+05
3.909440060876110238e+03 7.726718618135359065e+03 1.568691299455345870e+03 8.736860558621532618e+03 3.678293205193534377e+05 2.974920863112744701e+04
1.141750953688158370e+04 1.138096651674806526e+04 6.715300364827012345e+03 1.217434976195698255e+04 3.069169680111521157e+05 2.960605315682556466e+04
3.151268746093544542e+04 1.166815932739968275e+03 1.861924163105348998e+04 4.952452500112857524e+04 9.151565372471823357e+05 9.203142847288349003e+04
8.477630928487107667e+03 5.842289980855803879e+04 4.288456278109576488e+03 1.814888066575997436e+04 4.524292914688310702e+05 4.337581644583886373e+04
5.746948814680708892e+04 6.328707251680657646e+04 5.399883946640804788e+04 5.143032053721648845e+04 1.129806213702280074e+06 1.256552656047431228e+05
2.464255366959762341e+03 6.997841153970240384e+02 5.721814814749043308e+02 5.790240239892289537e+03 2.198049885802633944e+05 1.768352324877680076e+04
3.718773367165333912e+04 1.028617310380347626e+05 1.157440317406324903e+04 4.536409270704276423e+04 8.317815284482272109e+05 8.653650066923495615e+04
2.287822073395016196e+04 2.962532215610640196e+04 2.048193245304697484e+04 2.130083052641637187e+04 4.756508524748594500e+05 5.191904018808983528e+04
3.039251703536762216e+04 1.420121630776522943e+04 2.208595090275543043e+04 3.840932598328546737e+04 9.508128958869476337e+05 9.154283267362260085e+04
1.353663447313216420e+04 4.162980140549146745e+04 7.727506697980229546e+03 1.403413862733653696e+04 3.656927025769012398e+05 3.633306596659247589e+04
9.037203847071215932e+03 5.062774955237351969e+04 3.513365426931247384e+03 1.911318906426075046e+04 4.739977659320455277e+05 4.454277654145397537e+04
2.254797499238484306e+04 7.148607574899494648e+04 1.347186555188099192e+04 2.529165935772454759e+04 5.840248886401773198e+05 6.006181898306986841e+04
1.255790197849481228e+04 2.601508226211288638e+04 4.474665429195830257e+03 1.808776165583722832e+04 3.878391490577303339e+05 3.748086772809942340e+04
2.784322631285670923e+03 3.698527151019227404e+03 2.604625065077362706e+03 6.998432962585639871e+03 3.020679749130972777e+05 2.478733211212959213e+04
1.570119363268627203e+05 4.474371842552450835e+05 9.970254255815550277e+04 1.489972069511159207e+05 1.767045712356624193e+06 2.513407005555943178e+05
6.241329543812292286e+03 2.499444833936305440e+04 4.088532792975590382e+03 5.542321669388415103e+03 3.153287367842448875e+05 2.671405634170253325e+04
3.726607037977642904e+04 1.480976445835949562e+05 1.426323655071759094e+04 3.655385384282129235e+04 5.098709676417958108e+05 6.429810655810873141e+04
2.640145592878262687e+04 7.079888329783144582e+04 1.990276193898064957e+04 1.830993970894237282e+04 4.714040138051222893e+05 5.206823162413423415e+04
1.618495677833539230e+04 1.385432656653372578e+04 6.123265557704071398e+03 2.327517225723236334e+04 4.071885757324654260e+05 4.123703475837095903e+04
1.270723712170323961e+04 2.712610831293939191e+04 8.759668490496249433e+03 1.190210114153457835e+04 3.704951846482736873e+05 3.541943022302223108e+04
1.634955500839540218e+04 1.403312426725227269e+05 6.161671927078886256e+03 1.443879652135795368e+04 4.802247234883099445e+05 4.842736522560555750e+04
7.745422300391403951e+03 2.528802462112186913e+04 4.093825909679272172e+03 8.150473558166652765e+03 2.690459110748980311e+05 2.479726159946474581e+04
2.193836995690799449e+04 7.454177215350252482e+03 6.847761988902580924e+03 3.979651362384225649e+04 4.610778241305754636e+05 5.232797477483948023e+04
9.679766956670262516e+03 2.219103447863395195e+04 6.326053155542464083e+03 2.603096341917342579e+04 3.371790133687666967e+05 3.827419564750106656e+04
7.792252432518896239e+04 3.642901773616666324e+05 3.396810037817359262e+04 7.585676527558766247e+04 1.145730947631585179e+06 1.440278497399581247e+05
1.346835658585090823e+04 5.941380125066546043e+02 9.179611937569707152e+03 2.153523264244538586e+04 4.970972977529490017e+05 4.715902387668158190e+04
4.485906161902817075e+03 4.370093056710722522e+03 2.315570879853264614e+03 1.010630999297516973e+04 4.308316164572755806e+05 3.476186947079682432e+04
4.929818506578173401e+04 2.284578414873426373e+05 3.082771782153184904e+04 3.114907548506949024e+04 7.557903273610807955e+05 8.951086081486618787e+04
1.189259338833837974e+05 3.573141195070627728e+05 7.830535612928209594e+04 1.093072095042683504e+05 1.712019878832592163e+06 2.160099542597938562e+05
1.866461865172323596e+05 7.768127301636066986e+05 9.394580841392627917e+04 1.639193511946911749e+05 2.010107733888929244e+06 2.882497035491096321e+05
2.509914692664136601e+04 9.895518544388098235e+04 1.361149919127650537e+04 2.512899311682139887e+04 5.277803551471489482e+05 5.762442358104223968e+04
3.499305186515709647e+04 1.146965540034505684e+05 2.424463728053000523e+04 2.567838805356942612e+04 4.556762150615327409e+05 5.838569711112832738e+04
1.444116489596248539e+04 1.292626850391450262e+03 7.317942456124977980e+03 4.242308165418418503e+04 6.125586885876912856e+05 6.360207030519149703e+04
2.583728535806155924e+04 1.637681113457824977e+05 8.216631974442789215e+03 2.101699601125613481e+04 4.370209813206382096e+05 5.054138253408077435e+04
1.267329177274711401e+04 4.697712594477616221e+03 5.881114723372170374e+03 2.300202373646745400e+04 4.154463299714204040e+05 4.111155171140874154e+04
1.238834995671243632e+04 2.627378328991306989e+04 6.800050910174515593e+03 1.152999431821163671e+04 2.999923254414402763e+05 2.962224863264200394e+04
1.179451207999825237e+04 1.536966843657354366e+04 3.685412855720011976e+03 2.667014792188394131e+04 5.494716269627711736e+05 5.136613201297549676e+04
1.673022277968074923e+04 2.758290231140850210e+03 6.156998705922227600e+03 3.301375785977944906e+04 4.012684977621494327e+05 4.470808097263852687e+04
6.534821029738315701e+03 1.356342428583081073e+03 4.609583425045481818e+03 1.096184882445604853e+04 3.177252763942023739e+05 2.838106226437174701e+04
5.767055291094739914e+03 1.677215342374019747e+04 6.129934506209987376e+03 5.879269455109090813e+03 2.771872662717832136e+05 2.477428361611377477e+04
2.645277414371581472e+04 1.997955834512397705e+05 7.042196068286743866e+03 2.276093826696686665e+04 5.625332770004326012e+05 6.104793697169869120e+04
5.392252278220138578e+03 1.170997251054156322e+03 2.660150307583964604e+03 9.071518721504726273e+03 2.307023302982350579e+05 2.082361790498314440e+04
2.255769176640085061e+04 8.966978619902592618e+04 1.173756782656695577e+04 2.439812911014684505e+04 6.579143488839478232e+05 6.477950765952863730e+04
4.854590926184415730e+04 2.916413951877232175e+05 2.001353315300349641e+04 3.408761953397605976e+04 7.197088228247195948e+05 8.687677582950326905e+04
5.014916692109776704e+03 3.563177912034975634e+02 4.173549461520610748e+03 7.867525828247444224e+03 2.335282022070539242e+05 2.108135877945041284e+04
3.836722887845918740e+04 1.266352774277937715e+05 1.737862518846449893e+04 4.813026494077574898e+04 6.922332773123857332e+05 8.207959598002170969e+04
1.448185211028058438e+04 3.078686873413025751e+03 5.561396802261012454e+03 2.307969797783324248e+04 4.599466007061429555e+05 4.392182274651908665e+04
3.982982557267365337e+04 4.840250051566299589e+03 3.170654836403032095e+04 3.724227885185744526e+04 7.593468590693091974e+05 8.182137529487318534e+04
1.879333848176429819e+04 5.694994734573906317e+04 1.267221087496927976e+04 2.651165657863346860e+04 4.296356290327581810e+05 4.916547427038463502e+04
1.219165753997701358e+04 8.431801921349180020e+02 9.055483752861277026e+03 1.467014266064297954e+04 3.469843788879587664e+05 3.391702041436832224e+04
1.607486963262860081e+05 5.777300326916310005e+05 9.139413808547974622e+04 1.467737868628334254e+05 1.744668386536142090e+06 2.516944276852532930e+05
3.747049712423665915e+04 8.909513540303558693e+04 1.826878556482843851e+04 4.592046478926423879e+04 7.867859606423776131e+05 8.596648662683115981e+04
4.619870959068949560e+03 9.588767390776591128e+03 3.047009796331473808e+03 1.215870667619223786e+04 3.850022908116894541e+05 3.318095814437395165e+04
3.904111558022822919e+03 2.407098834747046567e+04 3.344078451015126120e+03 5.606987065756995435e+03 2.606981190794894355e+05 2.270225573852155867e+04
1.318349325039591349e+05 4.575104459645381430e+05 1.012298945880164538e+05 8.944960606767243007e+04 1.208128436833539046e+06 1.879784680483047850e+05
2.753717340624755889e+04 1.682468578221569260e+04 1.625614441115803129e+04 3.430995404944405891e+04 4.802324441838238272e+05 5.565476294987473375e+04
1.879364744908984358e+04 2.160434322800365408e+04 1.509959430685476946e+04 2.173025571235467214e+04 5.293475493708355352e+05 5.300777905208580341e+04
3.414029076262371291e+03 1.449991402095937701e+04 2.321449521299416119e+03 5.806301691139986360e+03 1.836796641010384192e+05 1.669781356173083259e+04
1.401731318028996793e+04 4.675191706608687673e+04 7.202177773445701860e+03 1.453619519238939392e+04 5.247559423029776663e+05 4.728555536999826290e+04
2.325827755955930043e+05 4.497677780763652408e+05 1.488551642015192192e+05 2.443071342679451627e+05 2.438112301952829584e+06 3.608782004660564708e+05
2.315223942460628678e+04 2.831141905457326357e+04 1.169086013034587995e+04 3.940383845950351679e+04 5.979874913626188645e+05 6.447853578635553276e+04
3.744827041019615717e+04 1.722381631112729374e+05 1.393180601744998967e+04 3.412340089295980579e+04 6.382906405796541367e+05 7.288795329454942839e+04
6.236861208448683465e+04 7.790730342324711091e+04 3.385200878866184212e+04 7.751652617104619276e+04 9.256831447552799946e+05 1.157600831967223494e+05
1.280954069931373624e+03 1.448152573610863556e+03 5.279993629362006686e+02 8.611617812539214356e+03 2.501714777582847164e+05 2.101971847443811930e+04
9.029187288620410982e+03 4.125318502209768485e+04 1.795022281638168351e+03 1.316163443389760687e+04 3.713347990628817934e+05 3.374198268001682300e+04
1.994011192714738718e+05 4.315177853260288830e+05 1.387181881890408404e+05 1.908523750834306120e+05 1.959519555764812278e+06 2.992441243357049534e+05
4.027264043271103583e+04 6.498153791925655241e+04 2.084006961537930329e+04 4.921823777305022668e+04 8.264363669437259668e+05 9.004005100817247876e+04
1.054854342802853171e+04 4.072271551612333860e+04 1.200417742290388014e+04 6.408488065661782457e+03 3.603427486146981246e+05 3.432376895294224232e+04
4.031540235958858102e+04 2.551442451192040753e+05 2.154338340500170671e+04 2.274160330976089244e+04 5.060106253257786739e+05 6.622695141559329932e+04
3.309357499919932889e+04 1.109293451395006996e+05 3.629791876673931984e+04 1.019144233198537586e+04 4.373466685966027435e+05 5.515953284010968491e+04
6.597370610601757653e+04 2.722629837621046463e+05 4.424664949220071139e+04 4.538283049939773628e+04 6.557609793979953974e+05 9.717102206476256833e+04
2.789982391897988691e+03 5.724629231073089386e+02 1.431941104484063089e+03 1.271086377931320203e+04 3.351449174994864152e+05 2.893496243925225644e+04
1.453517753835636313e+03 2.977662980267148782e+02 1.633742433950833629e+03 6.166798763316843178e+03 2.251429986903105455e+05 1.865056348361492928e+04
8.299882332728254551e+04 1.691891932231536193e+05 5.222025294983021013e+04 8.273276611993736879e+04 9.783584384634859161e+05 1.340958634804756148e+05
3.660006723598402459e+04 5.914858741854130494e+04 2.807288625525181124e+04 3.050896763437314803e+04 5.725127425075748470e+05 6.733061796103196684e+04
1.206930148147557156e+04 4.640724353887679172e+04 5.964134362030819830e+03 1.258541231270095523e+04 3.196667436145950924e+05 3.205847473968670965e+04
6.006558094995427382e+04 1.830163607416958839e+05 3.851243427477926161e+04 5.180289732870736771e+04 6.554740830258933129e+05 9.316763838233305432e+04
4.322964516150278359e+04 2.817287016191622824e+05 2.554344814524390313e+04 1.774041628352703992e+04 3.984611974882284412e+05 5.977131816692454595e+04
2.786873283154055025e+04 1.135784958549390867e+05 1.447626823801436694e+04 2.072508602470315600e+04 6.078900101344605209e+05 6.211742369718247210e+04
2.411787495076589494e+03 2.342264893032822511e+04 1.233634152244634379e+03 2.693805393735794041e+03 1.448354640903932741e+05 1.265023301317849109e+04
8.540442870445065637e+03 4.403855506749707274e+04 4.058621186699779628e+03 7.168391524786431546e+03 2.901139212768621510e+05 2.668265459478795674e+04
9.390745135530979314e+04 5.736178737169731176e+05 4.717360608861310902e+04 5.897737679023468081e+04 1.037548786186129786e+06 1.451675181979460467e+05
1.175929741705844754e+04 4.973222962045305030e+04 3.244438580340207409e+03 1.512483501438805615e+04 4.439575098938276060e+05 4.055857958962002158e+04
2.892498582630799501e+05 1.057481646329686744e+06 1.696919965790634742e+05 2.510504360830138612e+05 2.684862435146972071e+06 4.195709441101184348e+05
1.786389993304685049e+05 5.129701636797144311e+05 1.167370067849253246e+05 1.610179856258347863e+05 1.471768950833496638e+06 2.475014489171441237e+05
8.257513314375818300e+04 1.308241458516664716e+05 5.950160948951883620e+04 8.257987903136761452e+04 9.716542393694325583e+05 1.348166986100467038e+05
1.281749224999693251e+04 1.437873053000580512e+03 4.307122315290854203e+03 2.389838563909717413e+04 4.049634057241049595e+05 3.997199980760511971e+04
1.271916254534605396e+05 4.063282125458652154e+05 9.051884031325997785e+04 1.084212306805787521e+05 1.421316605346555589e+06 2.037466166911769833e+05
2.633310664200705287e+04 5.924238944034813176e+04 1.647829130052969049e+04 2.616602218726330830e+04 4.539084211811172427e+05 5.239591734920869931e+04
2.308077639512464521e+04 1.446597738073957589e+04 1.508357583656063071e+04 3.127457617180910529e+04 5.633841857032128610e+05 5.925280034504293872e+04
3.119873367324318315e+04 1.092973971198483050e+05 1.298662493523424746e+04 3.322458118231377739e+04 7.080215859300043667e+05 7.365034209057425323e+04
5.719312476728333422e+04 1.799051903352860536e+05 2.395569505638460760e+04 6.333337181350807077e+04 8.441553883832736174e+05 1.046430510052342870e+05
4.367240959200026737e+03 2.049965694890267332e+04 4.421992405344673898e+03 5.279735976803906851e+03 2.420285657444254321e+05 2.158656344321028155e+04
6.828686649884754843e+03 1.996803077843429128e+04 4.114200052219430290e+03 1.522802225247962269e+04 3.842159755936455331e+05 3.548949683824412205e+04
1.215320299872788746e+04 6.765321213934059779e+04 4.096619684183087884e+03 1.986348974324989103e+04 6.021427328642858192e+05 5.459474253494089498e+04
2.848152653535401259e+04 1.651637429517772762e+04 1.480301821515606389e+04 3.990036121191197162e+04 6.269792534394096583e+05 6.741110991193733935e+04
4.756721372856239759e+04 1.814281930007627816e+05 3.443618795602841419e+04 3.876144736734736944e+04 5.616400045893694041e+05 7.912348918797988154e+04
3.843520188131515897e+04 3.483951673304597498e+05 8.285646902679214691e+03 3.093657232040585586e+04 8.077444135148732457e+05 8.912516568226809613e+04
1.603545911954867734e+04 3.845311041220934567e+04 1.416025248999346695e+04 1.102389494862856009e+04 3.053176278739368427e+05 3.352698288958898775e+04
1.465428023042807472e+05 6.505685577200461412e+05 8.405164459805737715e+04 1.156591867288618378e+05 1.257992095053903991e+06 2.053294930021316686e+05
1.094754029996309509e+04 3.428111363506639464e+04 2.746224750632242376e+03 1.664249623503885232e+04 4.085490312078858260e+05 3.788411243083096633e+04
6.595415879993415729e+04 1.785114671323903021e+05 5.032491802402799658e+04 4.875044589151418040e+04 7.778814433044245234e+05 1.048897560020624514e+05
8.666321005825941029e+03 7.467876019487146550e+03 7.626275800614556829e+03 8.046798351202870435e+03 2.625723505909325904e+05 2.495616097954276484e+04
1.610662396750826338e+04 6.402222750642876053e+04 9.328725770358621958e+03 1.128881145577537063e+04 2.639166817962898640e+05 3.004431859780489322e+04
2.587536036173594402e+04 7.935128462403632875e+04 9.603192454883670507e+03 2.778515203242211646e+04 4.588822386601918843e+05 5.149367287996265804e+04
3.116574599686268266e+04 1.134826119122065866e+05 2.239503101264942597e+04 2.397149918679868642e+04 6.416591841090261005e+05 6.926561459706201276e+04
4.525275236736992156e+03 3.059424146608125284e+03 2.085905814961626675e+03 1.381157372724576817e+04 3.799750555594123434e+05 3.285289114047397743e+04
5.325292980129158241e+04 2.642372856425168575e+05 2.942177098733970706e+04 4.098491956423263036e+04 9.140885996975798625e+05 1.057695405683671561e+05
2.026697058263084045e+03 4.248410665699850142e+03 1.296821467160936436e+03 5.305334604742087322e+03 1.916298869537837745e+05 1.605714987086633300e+04
5.034830629198266979e+04 7.968679187296019336e+03 2.009183958701302254e+04 8.058572183366846002e+04 1.044280177485913271e+06 1.157329112070595147e+05
4.410323036590628908e+05 1.473669471350183943e+06 2.616053893198654405e+05 4.051321387739423662e+05 3.485499168897333555e+06 6.033067490598831791e+05
1.963543428828911055e+04 2.868958236447714080e+04 1.383854511757719956e+04 3.089382936776749557e+04 6.448261047880037222e+05 6.472533811409930058e+04
1.636022564686483565e+04 6.894324707850062623e+03 7.431993952689790603e+03 2.109007375528817647e+04 3.891673080776868737e+05 3.925671431265984575e+04
9.166326883056281076e+03 3.986009726215896990e+03 3.460025410009102870e+03 1.420529994950247419e+04 4.173889650756246410e+05 3.618557400567643344e+04
5.289110044160674079e+03 1.902011392683076338e+04 6.741207904884602158e+02 1.373487011572422489e+04 3.722694729470502352e+05 3.248093963573397559e+04
9.337417256217051545e+03 4.164513532396218216e+04 6.563552001343387019e+03 1.531077412212448689e+04 3.904592617633743794e+05 3.807512350796789542e+04
6.439663058377033849e+03 1.256731391886020720e+04 2.917382750710990877e+03 2.109859605455547717e+04 6.679095352781821275e+05 5.634312857792431896e+04
1.150161182342813700e+05 5.719718774004810257e+05 7.550155357809255656e+04 7.387936753912061977e+04 8.175056156845678343e+05 1.492362601932553807e+05
1.217963966363857617e+04 1.201777096292558781e+03 6.500735268715746315e+03 3.183584076891298173e+04 6.076275711719676619e+05 5.812624850512330886e+04
9.843388441854873963e+04 3.938856514723978471e+05 4.768269480021476920e+04 8.950173842245381093e+04 1.010043317871672683e+06 1.484478881697806355e+05
5.503072706486428069e+04 2.012586101042898372e+05 3.816297901065046608e+04 4.150091228026706813e+04 6.855699105272745946e+05 9.128531705867346318e+04
1.599584760701281812e+04 4.825621198642189120e+04 1.000170985460289376e+04 3.093407185278227553e+04 6.284682570164017379e+05 6.295731022199761355e+04
1.076640594877783587e+04 7.282164879310900869e+04 3.717285402028807766e+03 8.602820380455455961e+03 3.857196882499598432e+05 3.503849482646511751e+04
1.583272865441680733e+04 1.197682178908704009e+04 4.677608819286730068e+03 3.185770865924104874e+04 6.452052158984123962e+05 6.041073372614560503e+04
3.821703817028881895e+04 6.176385137482134451e+04 1.807682789150040117e+04 5.080398592685476615e+04 8.314886933846377069e+05 8.974654082009744889e+04
2.757008579111558720e+04 4.744317625230545673e+04 1.444197846743715854e+04 2.925676475975554058e+04 4.016780904952314449e+05 4.881895637929227814e+04
7.639539176826096991e+03 2.763863410113468854e+04 7.513399274186292132e+03 4.685687796233150038e+03 2.239234737475967268e+05 2.178604129579724395e+04
1.670441801353064147e+04 1.183294846950498904e+05 5.114041109589014923e+03 2.075266001383445473e+04 4.913145228693606332e+05 5.048819887856963032e+04
5.686651699945936707e+04 9.868610182981869730e+04 3.672804007507353526e+04 5.689944611084811186e+04 6.514945877449082909e+05 9.026334900748374639e+04
4.428526868813338224e+05 1.719364377698927186e+06 3.502134672899782890e+05 2.702727065199852223e+05 2.638891247125008609e+06 5.357356287980563939e+05
6.646114882608527523e+02 2.361870168675676268e+03 5.546278467467498103e+02 6.194880563251058447e+03 2.058404390171527048e+05 1.700190460371263907e+04
1.127726909707368577e+04 7.646041354603201034e+04 1.897586443018114096e+03 1.392619987438975477e+04 4.391187120294777560e+05 4.043280810099960945e+04
3.065139467127204989e+05 1.131745628244190244e+06 1.858368344977989327e+05 2.631105559139398392e+05 2.230500419251798186e+06 4.050979082075003535e+05
1.449878887270643645e+04 1.050338255970466162e+04 4.664329119802955574e+03 2.313699231225405310e+04 3.060577449902918306e+05 3.357783086996013299e+04
1.518228449738961353e+04 7.713248958166434022e+04 4.834349959674226739e+03 3.456026836742274463e+04 8.664595997337285662e+05 7.980521104662740254e+04
3.122739209982525790e+04 1.746508656813203997e+05 1.652366130883754522e+04 2.218618865551191266e+04 5.153623283008600120e+05 6.045870466119222692e+04
2.299951211822349796e+04 8.701197105356591055e+04 1.853404593177371498e+04 1.432071955749745575e+04 3.626073357202170882e+05 4.315881182493070810e+04
9.094781062588149507e+04 1.878868576703389990e+05 6.077046706108081707e+04 9.242785600976264686e+04 7.885042542608806398e+05 1.303211873644556035e+05
3.243175688374162200e+04 1.619118540386897512e+05 2.266613121949036577e+04 1.579948671746763648e+04 4.114532735104887979e+05 5.259956494988718623e+04
3.381338224889290723e+04 1.247681644725949591e+05 1.273987298888599071e+04 3.715480238023273705e+04 5.963013166683580494e+05 6.857226197153382236e+04
1.039948856516692176e+05 3.575584201300880522e+05 6.535870116865282762e+04 8.301667451832749066e+04 1.074856955174634932e+06 1.556974681444528978e+05
2.444232148485480866e+04 1.740146602494897088e+05 7.934179215937769186e+03 1.651136571228848334e+04 5.053781469722287147e+05 5.348684067453413445e+04
3.647530749540205579e+04 1.075995402510421554e+05 2.464599666336165319e+04 3.084387521936044141e+04 5.722446663139918819e+05 6.838370877682893479e+04
2.291624925815793904e+04 5.788854085041704093e+04 1.864723771036171456e+04 2.259894318723340984e+04 3.652972600841830135e+05 4.569101498851157521e+04
1.788755396701602513e+04 1.038311321145566035e+05 1.392923160520254169e+04 1.011806903944478108e+04 4.281637278469637968e+05 4.451474864895253268e+04
1.289963236462641589e+03 1.969396641010115445e+03 1.164495810050696036e+03 4.911986150741543497e+03 1.799983836918574525e+05 1.492716321605309713e+04
4.762750114694816875e+04 1.678151216885419562e+05 3.023486704384594486e+04 4.141651385935901635e+04 6.065717537456457503e+05 8.086156684909071191e+04
9.139000435687774370e+03 5.549810721413070132e+04 3.536226010291522016e+03 9.024322683831374889e+03 2.634865450811740593e+05 2.607265934198029208e+04
4.891107080570530343e+03 3.587565489978597725e+03 4.418321180177321367e+03 1.064872125819076791e+04 3.695080418847229448e+05 3.175029126701687710e+04
3.346494716906769318e+05 1.249436123898360645e+06 2.239772902358448191e+05 2.579761606412745023e+05 2.541956474955470301e+06 4.459887747841564706e+05
4.196406262685897673e+03 2.325557628863707941e+04 4.400988117306376353e+02 5.848285375572805606e+03 2.456311748976460949e+05 2.050576867886723267e+04
7.395736921304819589e+03 2.416931355485986569e+04 6.345012233165350153e+03 8.478861901795196900e+03 3.467372811510448810e+05 3.108635061479505384e+04
9.666106618335308667e+03 2.679383786731062719e+04 9.457415422243562716e+03 9.512991171700939958e+03 4.488101372959435685e+05 3.989089547242875415e+04
1.417039180569842028e+04 3.885794190909557074e+04 8.137922936983855834e+03 1.206617554574332280e+04 3.921970500391237438e+05 3.726565184492628032e+04
7.556728423786691565e+04 4.538067428662996972e+05 5.309169175290237035e+04 2.809128980086475713e+04 6.607633254554077284e+05 1.024828106265487004e+05
9.245325252081713188e+03 3.786362050230385648e+04 5.836219677437719838e+03 8.116817033228527180e+03 3.406109724979586317e+05 3.096873786254778315e+04
1.012697833825729867e+04 4.106076465948609984e+04 2.021568010953315024e+03 1.608506578380024257e+04 4.923863209161403356e+05 4.329392699039183935e+04
3.014538005596427320e+04 9.848174973080820928e+04 1.034470546576002744e+04 3.913865777589974459e+04 5.134999083384834230e+05 6.156718002985424391e+04
1.065116620636049192e+05 3.362106369952079258e+05 6.181753438590867154e+04 1.130327253457958868e+05 1.809768329520180356e+06 2.161174113191204378e+05
2.326857956425098018e+04 5.829060304699138214e+03 8.279507052613918859e+03 4.021029364724637708e+04 6.588681615280497354e+05 6.635518203450895089e+04
4.682951368896150234e+04 3.071034754149855580e+05 2.377168011922522419e+04 2.571069131649268820e+04 5.556299379742887104e+05 7.443800724874685693e+04
8.532328972927181894e+03 1.741896517440351818e+04 2.814539376492211431e+03 1.225388921502254743e+04 3.296740510801357450e+05 2.978980398568655437e+04
1.940107625125113918e+04 6.878147912415830069e+04 1.092406873458545670e+04 1.736921251146705617e+04 5.245406102880176622e+05 5.124641205210686894e+04
4.564998512439254409e+04 1.635372056703293492e+04 3.700296572877750441e+04 4.695038212170648330e+04 7.673147027644657064e+05 8.959993331994843902e+04
5.512547455661163985e+04 7.413878514618387271e+03 1.898411900447624794e+04 9.383984780936742027e+04 1.163282950275165727e+06 1.292253184912313154e+05
1.332211443156902533e+03 3.101012359171398657e+03 1.230259555988189732e+03 1.044996052727153619e+04 2.693357039996032254e+05 2.352446878931303218e+04
1.036379805591508630e+05 3.802682288722676458e+05 4.397657379502567346e+04 1.052383457062380330e+05 1.195572120888128178e+06 1.657709819718302460e+05
7.083849390069429319e+03 1.336688974548004262e+04 5.976873282991184169e+03 1.211641221825293906e+04 3.523427455543320393e+05 3.241509656250134503e+04
9.264327473198478401e+04 2.651201482235571602e+05 5.282109972456135438e+04 9.414205702353792731e+04 8.987079350586455548e+05 1.389026029568133235e+05
3.363106595086057496e+04 1.098661437132134779e+03 9.679007730491959592e+03 5.594243492319963116e+04 7.713617983701474732e+05 8.140455567729703034e+04
2.314988708054970484e+05 6.986747073899990646e+05 1.671556669664793590e+05 1.819778348404708959e+05 1.891130803763414500e+06 3.161071389018950867e+05
2.859450130225946850e+04 1.168579462895869365e+05 1.760529115415814158e+04 2.361989506642984998e+04 4.576306742104819859e+05 5.483114295912198577e+04
1.062702264839351665e+04 5.234539186139503727e+03 4.271612801691781897e+03 2.179785755992909981e+04 4.837895714372482034e+05 4.449651172343990766e+04
2.368013786623401393e+04 6.038450289106606942e+04 2.030078200460868175e+04 2.387445902926916460e+04 8.068436972535012756e+05 7.680231207667605486e+04
2.810009190490255423e+04 8.827468767633933749e+04 1.280893813114433033e+04 3.176567246652239555e+04 6.733725099872738356e+05 6.954353281960682943e+04
3.391600395727463911e+04 1.869890732809413166e+05 2.137323055987719272e+04 2.301267191504485527e+04 7.103222381365990732e+05 7.664632109826960368e+04
8.471085336269905383e+03 1.187482271011964258e+04 3.073007610740631208e+03 1.271410950232528921e+04 3.200445579987787060e+05 2.918737463512578688e+04
1.102226544204777456e+05 1.784406107053750311e+05 5.970627266888999293e+04 1.191615880169911543e+05 1.421382532778064022e+06 1.840507930480194918e+05
4.907238876889617131e+03 3.551309319382101421e+03 5.120400641996203376e+03 8.672730454336327966e+03 3.599820729879209539e+05 3.051693006272162165e+04
1.455916903452473525e+04 2.347519361251469036e+03 1.164478103672667930e+04 1.730819354691868648e+04 3.650981079293497605e+05 3.751885520120710862e+04
6.756265416060121788e+04 3.008690226736483746e+05 2.962987479339180936e+04 6.448849920555816789e+04 8.016243275681876112e+05 1.107351262256571499e+05
3.007629382630597320e+04 2.557990846134019739e+04 2.605772723051853609e+04 2.415599986641246505e+04 5.586436495499029988e+05 6.099566875082108163e+04
3.212197318942821221e+04 5.071796224016315682e+04 1.767129262953756552e+04 3.845901525503237644e+04 7.324926489075339632e+05 7.678463275139678444e+04
1.307617953225167548e+04 2.578194391758051643e+04 1.097379851183838400e+04 9.841059186574051637e+03 3.812809757727828110e+05 3.610088830273460189e+04
2.591257423209223271e+04 1.127800564109930128e+05 6.313264038059035556e+03 3.206066273338376413e+04 6.013668904004835058e+05 6.324599517876056780e+04
1.421817644376276294e+05 4.446052166261025704e+05 1.013937952993794024e+05 1.155240529760843783e+05 1.497004764821846737e+06 2.186308168357194227e+05
1.889572178555567007e+03 3.213591335575937137e+03 9.472886761450454287e+02 3.898847000065744851e+03 1.926250719106154284e+05 1.528622216322502754e+04
1.201139006794009474e+05 3.482543424339387566e+05 7.099624761397871771e+04 1.139894463438141975e+05 9.602133279858725145e+05 1.639619347714252071e+05
8.308614649379793264e+04 3.065284148140553734e+05 5.067138495585305645e+04 6.994966322266822681e+04 8.050976934585006675e+05 1.227888501787489367e+05
1.659036516452265278e+04 2.779729344859060438e+04 6.137615023219492286e+03 2.471541667219591545e+04 6.032908421304373769e+05 5.577401873879337654e+04
2.145303772158572974e+04 3.253319505311799367e+04 4.088714384544169206e+03 5.759988314908448956e+04 9.618243802755465731e+05 9.410969755482398614e+04
9.731581603468359390e+03 2.607201446715642305e+03 8.121929422677945695e+03 1.066781413376746059e+04 3.133760846859111916e+05 2.953158142544842849e+04
4.102275338796785945e+03 4.379969349176521791e+04 8.984791570857431680e+02 8.812668883033267775e+03 3.053794774212960619e+05 2.707881847692320662e+04
7.790070196143245266e+04 2.161333151521830878e+05 3.637903322246955213e+04 9.129551538394806266e+04 1.324785428291986929e+06 1.567618410119822656e+05
1.711926872436544727e+04 4.686386338528290798e+04 1.337547361607053972e+04 1.083367019418085511e+04 2.912062902354168473e+05 3.256963347409726339e+04
2.617160459541891396e+04 1.671735016825876528e+03 1.502463345329542972e+04 3.590480897904944868e+04 6.327651135895611951e+05 6.535468333524391346e+04
2.100942111445681803e+04 1.088529264887712270e+04 5.615094115844732187e+03 3.461863489100047445e+04 5.707628470302114729e+05 5.700235186627739313e+04
5.000377968431831505e+03 1.298474853180812715e+04 2.571430194612291416e+03 6.681741994764247465e+03 1.961590181110062695e+05 1.796583425695143887e+04
5.468516968311829260e+03 1.531754608493028854e+03 5.063379709124649708e+03 7.895125666406516757e+03 2.684773105183622683e+05 2.388624511731427265e+04
8.456940957165319560e+03 1.231509167209265615e+04 1.830164201751136034e+03 2.720264837227844691e+04 5.346382051576185040e+05 4.965834468141086109e+04
3.190327396149335618e+04 2.083937916594883063e+04 2.660891140704236386e+04 3.156735178824092509e+04 6.265110862585699651e+05 6.891478045569811366e+04
4.479433876431822864e+04 2.820697676466693520e+05 3.348561486048846564e+04 1.716174993642411209e+04 5.665703273486190010e+05 7.425722686176330899e+04
3.166944282656126961e+04 1.208645866076293751e+05 2.177685042492236971e+04 3.893074563774446870e+04 5.907010555061242776e+05 7.270122995719555183e+04
2.792905637779914832e+04 1.634272070215751592e+05 1.044481556640449344e+04 2.124984428971763555e+04 4.930728657802370144e+05 5.536037046741958329e+04
2.163262703153805705e+04 3.668125966272172082e+04 2.849529150408686837e+04 8.209679377962485887e+03 5.022712739351357450e+05 5.159342372162323591e+04
3.960499377250280668e+04 6.692604635954767582e+04 2.316278941268291965e+04 4.375389776940653246e+04 5.534632787445253925e+05 7.030659642290089687e+04
1.914633124652497281e+04 1.291587986926900776e+05 7.123743297289675866e+03 1.432398573062712603e+04 4.683918199824275798e+05 4.744158551678099320e+04
3.413655821715653929e+03 2.969795579959216411e+04 1.512655083912832424e+03 7.541085184800935167e+03 3.531818987013951410e+05 2.928612216897400140e+04
2.492776898658350183e+04 2.249158172830219701e+04 1.330447883882804308e+04 3.767355079516338446e+04 7.287006171218990348e+05 7.289552720672728901e+04
1.209052105226246749e+04 8.045846279551240150e+04 6.773327664670245213e+03 8.249054200941018280e+03 3.771095501399268978e+05 3.599463475410495448e+04
1.470376535495537792e+04 9.354830185937058559e+03 8.248759426576560145e+03 2.406264024786237133e+04 5.373515263497800333e+05 5.104149089696852025e+04
7.196777574697181990e+03 5.768140543480516499e+04 1.916478848725397484e+03 8.610582719034469847e+03 2.760688979358879151e+05 2.614162025161956626e+04
5.644965612441992562e+03 2.587614125551169127e+04 4.084208063255776779e+03 1.448570681668042562e+04 2.583858945108127373e+05 2.696991100578609621e+04
1.260625542953645199e+05 2.555127719471658347e+05 9.319358207475348900e+04 1.125250686938546132e+05 1.278144871524668066e+06 1.896645430039429048e+05
3.872672989851544116e+04 2.167916972260500552e+04 2.050815870297065339e+04 5.699313982924830634e+04 6.862566187187177129e+05 8.184196854749969498e+04
5.887952934305605595e+03 5.413205281570410443e+04 2.270322100926568964e+03 7.968998497291402600e+03 2.811794040446803556e+05 2.617218008416478551e+04
2.349779774570226891e+03 5.279476975088924746e+02 9.101551144296571465e+02 7.200774782052962109e+03 2.247133616175435600e+05 1.878867323188402588e+04
2.511201913767274891e+04 2.682735321909596678e+04 1.453488318933940172e+04 2.817652426765492783e+04 4.243113904276006506e+05 4.887294107945389260e+04
5.556314114836333465e+04 3.030974446147968411e+05 3.050141355307425692e+04 3.349824393004489684e+04 5.423861547466082266e+05 7.977153968796497793e+04
1.279200954613619251e+04 2.814684356961168305e+04 5.744905818063612060e+03 1.676249665615478079e+04 3.777192169160329504e+05 3.685398592988035671e+04
2.477096947800353155e+04 1.049000639473373121e+04 6.390127529424505155e+03 4.400822115839736944e+04 7.152568804514758522e+05 7.128132765051352908e+04
5.593327629022081237e+04 8.146062151233280019e+04 3.715118565642157773e+04 5.663493003284576116e+04 7.029766207275816705e+05 9.293663346368016209e+04
6.677149635428894544e+04 1.180373580930722092e+05 4.493247706657821254e+04 6.817050430614435754e+04 9.304032851062006084e+05 1.186133736646636971e+05
2.818570910234129042e+04 3.951000793910363427e+04 8.903835578800440999e+03 4.677384473460407753e+04 6.986260270913460990e+05 7.393260990997703630e+04
3.770561836601324467e+04 1.061003568759310001e+05 3.127758839717295996e+04 4.041829513475092972e+04 6.026583926979349926e+05 7.754333061728543544e+04
1.572489722373970726e+05 2.057806523389135255e+05 1.051267905325865722e+05 1.679525930956430384e+05 1.963965642211816972e+06 2.635398653258435079e+05
7.558965976318508910e+04 1.511329042540495575e+05 5.098983293770760065e+04 7.549971570237349079e+04 9.337409824082852574e+05 1.264005500549485150e+05
1.232734025720720674e+05 5.420270591400739504e+05 6.584757530889683403e+04 9.753932779862763709e+04 1.257565928027114365e+06 1.838900697753001587e+05
1.269353049945222847e+04 5.112188652848682977e+04 1.076326421246360951e+04 9.813792755247859532e+03 3.906406453751399531e+05 3.788094408123274479e+04
1.137016711268154359e+04 1.317301364235826259e+04 9.106498080568409932e+03 1.302465936241438976e+04 3.571793822075271746e+05 3.449064373173753847e+04
3.533466376708263851e+04 1.581511742267170339e+05 1.547182113273687537e+04 3.725071686300383590e+04 8.838612348953933688e+05 9.078601817162857333e+04
1.317845911867310060e+05 6.532900018823598512e+05 8.134539469177214778e+04 8.505583123246204923e+04 1.070329642714260612e+06 1.778370698692881269e+05
2.812074076014110233e+03 1.402939446540193103e+03 2.351967379987312597e+03 5.567077315553075096e+03 2.236563300158678612e+05 1.864367752114838004e+04
9.576499338214512682e+04 4.171241092039393261e+05 8.192879411792437895e+04 4.404685391908140446e+04 1.038122692694136989e+06 1.456951691135424771e+05
6.579330159260880464e+03 5.122132026994470652e+04 3.456137442035192635e+03 8.203700915795177934e+03 1.734633907665782608e+05 1.940056143738166429e+04
4.825161794099237341e+03 5.052024223201814311e+04 7.125297984715588200e+02 9.617614514963614056e+03 3.553942756775750313e+05 3.105909499957214575e+04
4.062628221546582063e+04 3.216749363596106996e+05 1.851877607440551583e+04 1.972362213522204547e+04 5.593155730597566580e+05 7.043507780916037154e+04
8.939414211428294948e+04 4.176237542039911496e+05 5.477089523945482506e+04 6.097047451577694301e+04 6.279996531183690531e+05 1.140804045976317720e+05
1.562883207700250750e+04 2.453072598511630713e+04 1.304845550341346279e+04 2.102133399433655359e+04 5.032253793713817722e+05 5.019080873745477584e+04
1.824464603508856453e+04 3.390326225893022638e+04 9.043512294655432925e+03 2.045810801471290324e+04 4.773989299050024129e+05 4.693625779264396988e+04
4.561564170675246714e+04 2.158109888117611117e+05 2.658201748317173042e+04 3.118508083720963623e+04 5.672858050367456162e+05 7.439248378376764595e+04
3.063365724788652733e+04 1.929655534634134528e+04 1.321840864708466324e+04 4.823729382244356384e+04 7.346249318895438919e+05 7.787557785255640920e+04
3.719566357426613831e+04 6.399290615633274138e+04 2.253943981702138626e+04 4.157963869790639001e+04 6.703735653657659423e+05 7.677294522683943796e+04
1.281907485325767311e+03 2.962778199450286252e+02 1.534588805433054858e+03 6.719901175304301432e+03 2.004486078133066185e+05 1.719691548242077261e+04
5.055647220678928534e+03 5.645885879082282190e+04 1.686475439588254631e+03 6.640270797005449822e+03 3.149653804993357044e+05 2.770720619857325073e+04
9.985239720149268396e+04 3.609760294290613383e+05 6.988887398615699203e+04 7.689719224056310486e+04 1.172087302468721755e+06 1.615919765267840121e+05
4.828766415660773055e+04 1.333006353056589433e+05 3.420333868192398950e+04 3.643511104711074586e+04 5.177431550771517796e+05 7.263773310299374862e+04
2.182280584387200724e+04 1.124325496851258504e+05 1.952719283634261956e+04 8.391118012789675049e+03 4.188257267080190359e+05 4.594450478132833086e+04
8.130256769906426780e+04 1.836331828902620182e+05 5.921473976056378160e+04 7.502335266029991908e+04 9.064703155937894480e+05 1.295044171338063607e+05
1.937773853505256920e+04 2.019706645531901449e+04 7.300262413133880727e+03 3.379947959842982527e+04 5.545707408405314200e+05 5.672999086477047240e+04
2.428745491044161827e+04 1.611242884609498433e+05 8.371271991688356138e+03 1.842043757110106526e+04 4.517978741537051392e+05 5.029701708161506394e+04
1.006048623959733231e+04 2.390563983102830025e+04 3.586638017837009102e+03 1.085790756902539761e+04 1.699033772552108858e+05 1.906620253793227312e+04
2.222275367932882091e+03 7.313026374042142379e+03 1.741692839700713648e+03 7.867393769265879200e+03 2.299928228269248211e+05 2.013933606680726371e+04
1.163895824127814121e+05 1.939469972917777195e+05 7.691723681239376310e+04 1.185967553790462553e+05 1.432003542212028988e+06 1.926962670336078445e+05
1.241837537772322867e+04 8.579156064936747498e+03 5.178687354276175029e+03 2.093372151407354613e+04 4.512920961537650437e+05 4.247648753105896321e+04
2.560891836431426054e+04 7.542002054654379026e+04 2.270173397805732384e+04 1.582994957366167728e+04 5.212033675282956683e+05 5.573151591136235220e+04
8.266800161570959608e+04 3.309855421539872186e+05 2.778028429185196728e+04 9.393734942601146759e+04 1.434998078354579629e+06 1.673444630742471491e+05
6.324127518020839489e+03 5.202553890886457521e+04 1.177444381959410975e+03 1.137823860076343226e+04 3.893279950274033472e+05 3.441247592034989066e+04
7.266442088550246262e+04 1.980128101597123896e+05 3.961942930633312790e+04 7.343188521143680555e+04 1.054721433337287977e+06 1.310202366376500722e+05
5.559232579248137881e+03 9.452992910810655303e+03 7.673738484841755962e+03 6.393087634486397292e+03 2.942502623744063894e+05 2.645769143833277121e+04
1.362832667852955456e+04 9.149204264579887968e+04 8.740960009625765451e+03 8.858508230275219830e+03 4.044688023745495011e+05 3.950446095847478864e+04
1.772927298730542825e+05 7.074898384686022764e+05 1.142377833008599264e+05 1.358259640140488627e+05 1.258780951002984308e+06 2.303304306922645774e+05
