1.0000000000e+00 0.0000000000e+00 1.5228464683e+04 5.5392450990e+04 9.0352827914e+03 1.4136094058e+04 3.3568306644e+05 3.5605360083e+04 -3.4916460509e+01 2.3339579038e+02 -5.7043720321e+00 -9.2518374962e+01 4.8688701626e+02 -1.2207039435e-13 2.6812364553e+02
1.0000000000e+00 0.0000000000e+00 4.5870046469e+04 1.8712399831e+05 2.0009234697e+04 4.5919956025e+04 5.1305969060e+05 7.3155498484e+04 -6.5535621443e+01 4.1918299783e+02 -8.8710513606e+00 -1.3290090455e+02 6.4201989588e+02 -1.5284964404e-13 6.6633327785e+02
1.0000000000e+00 0.0000000000e+00 2.2854372982e+03 6.8258154088e+02 1.8392142929e+03 2.0255283102e+03 8.5563182279e+04 7.4974812304e+03 -1.2373697103e+01 -5.1776114494e+00 1.3626672507e+01 -3.6946236507e+01 1.6485941026e+02 -7.6040533314e-14 -8.8621833743e+01
1.0000000000e+00 0.0000000000e+00 1.2563603232e+04 4.9172048129e+04 5.9647471517e+03 1.8159848653e+04 3.8679169751e+05 3.9230984598e+04 -3.0224774691e+01 2.2067755406e+02 -4.2232715369e-01 -1.0363608719e+02 5.3713164587e+02 -1.1772610442e-13 1.8851454887e+02
1.0000000000e+00 0.0000000000e+00 4.9763868661e+04 1.4491978433e+05 4.0351549294e+04 3.5036226305e+04 4.9979694463e+05 7.4023347998e+04 -6.3389031840e+01 3.8060568611e+02 -2.0933776412e+01 -1.1582374349e+02 6.3289911867e+02 -1.3845258675e-13 4.0090693853e+02
1.0000000000e+00 0.0000000000e+00 4.6282021266e+04 1.2151852832e+05 2.8397209556e+04 4.6082488811e+04 7.6126738333e+05 9.0293640476e+04 -6.4136928342e+01 3.4807296292e+02 2.4359008311e+00 -1.5717001545e+02 7.8501494752e+02 -1.4732775459e-13 3.5658166823e+02
1.0000000000e+00 0.0000000000e+00 2.2808552911e+04 9.3990057049e+04 1.7370052272e+04 1.4425149225e+04 4.0418459505e+05 4.5845941872e+04 -4.0779676972e+01 3.0462633118e+02 -2.1820177350e+01 -9.1235396623e+01 5.2915944305e+02 -1.3561265894e-13 3.9083469600e+02
1.0000000000e+00 0.0000000000e+00 5.2490671596e+03 4.8376023702e+03 4.5332558333e+03 1.4611372468e+04 2.2487072255e+05 2.3925278879e+04 1.9950236117e+00 -6.9090362082e+01 4.4643785516e+01 -8.8358725232e+01 3.5871671749e+02 -8.9010888799e-14 -8.6870933616e+01
1.0000000000e+00 0.0000000000e+00 2.9913790153e+04 2.2771246408e+05 1.5631516069e+04 1.4027307722e+04 3.6465855437e+05 4.8873587962e+04 -4.0256375491e+01 4.6863523638e+02 -4.4224601664e+01 -8.3423143493e+01 4.9959933066e+02 -1.5112913654e-13 7.4650834678e+02
1.0000000000e+00 0.0000000000e+00 3.6941680202e+04 6.9283401626e+04 1.7301994785e+04 4.6857580540e+04 6.2992067311e+05 7.4442646712e+04 -5.8947299938e+01 2.5923997253e+02 2.3400045983e+01 -1.5520397829e+02 7.0277245175e+02 -1.4861064905e-13 3.6752085903e+02
1.0000000000e+00 0.0000000000e+00 1.0147921060e+04 5.7087336633e+03 1.4733116008e+04 8.4750780676e+03 3.6308562698e+05 3.4886926881e+04 -1.4606129166e+01 -1.9033850297e+01 1.1477343096e+01 -7.7487271177e+01 4.6138262230e+02 -1.1002247235e-13 -1.1362209089e+02
1.0000000000e+00 0.0000000000e+00 3.9922691223e+04 1.0459817959e+05 2.4415696972e+04 3.9161601302e+04 6.5997574442e+05 7.7797842507e+04 -5.9157011581e+01 3.2269669807e+02 3.0222317109e+00 -1.4458173336e+02 7.1529164988e+02 -1.4110385288e-13 2.8399487746e+02
1.0000000000e+00 0.0000000000e+00 1.3335950770e+05 5.8771926375e+05 8.1112226225e+04 9.5742892217e+04 1.0645857782e+06 1.7893882732e+05 -1.0691616176e+02 7.6428683054e+02 -4.9151377842e+01 -1.7703409930e+02 9.4305644447e+02 -1.9594214064e-13 9.1921452436e+02
1.0000000000e+00 0.0000000000e+00 3.9299246605e+04 1.6146211229e+05 1.0873952811e+04 5.0790595171e+04 8.5510340902e+05 9.3156016510e+04 -5.7759606159e+01 3.8705949040e+02 1.0576107697e+01 -1.7357724650e+02 8.1447129718e+02 -1.7696980873e-13 6.9105942619e+02
1.0000000000e+00 0.0000000000e+00 2.4944547376e+04 3.9523180730e+04 1.4088261814e+04 3.1605779600e+04 5.0214634425e+05 5.6094296429e+04 -4.7368248750e+01 1.9812173483e+02 1.9187935279e+01 -1.3125179107e+02 6.1369412103e+02 -1.3794961610e-13 2.6007550912e+02
1.0000000000e+00 0.0000000000e+00 9.3741954033e+03 5.4923387705e+04 3.4768595365e+03 7.7522255516e+03 2.7913483844e+05 2.6495911184e+04 -2.5521588280e+01 2.1709810304e+02 -5.5592651684e+00 -7.7684697495e+01 3.9821830539e+02 -1.2665316448e-13 3.9774809604e+02
1.0000000000e+00 0.0000000000e+00 1.0576609501e+04 3.1494760436e+04 9.5667323591e+03 2.6356607051e+04 3.6550991943e+05 4.2184252528e+04 1.2640649552e+01 1.0065588489e+02 1.6785417036e+01 -9.3592074900e+01 4.4759745956e+02 -1.3668607252e-13 4.7656727616e+02
1.0000000000e+00 0.0000000000e+00 6.0093746642e+03 2.6792272666e+04 4.6672463309e+03 8.9802239690e+03 2.7716993413e+05 2.6040490503e+04 -5.8001562545e+00 -1.5102177031e+02 4.4780187314e+01 -8.2977050983e+01 3.8192529255e+02 -1.0214880570e-13 -1.6787352313e+02
1.0000000000e+00 0.0000000000e+00 3.4118259565e+04 1.4219367717e+03 1.4020905239e+04 5.5501769285e+04 8.3805700374e+05 8.7578905415e+04 -4.3567236675e+01 -3.3655285179e+01 9.0100059665e+01 -1.9689831192e+02 7.7101877506e+02 -1.4229323776e-13 -5.8899915343e+01
1.0000000000e+00 0.0000000000e+00 2.1042833252e+04 1.8218894567e+05 5.8698911963e+03 1.5173110048e+04 4.1984087918e+05 4.6643016271e+04 -3.1865848503e+01 4.1572316686e+02 -2.7445045771e+01 -9.4051826217e+01 5.0242963738e+02 -1.6414495715e-13 6.8154508973e+02
1.0000000000e+00 0.0000000000e+00 1.4625534369e+04 3.5914083552e+04 4.6050576255e+03 1.8082197247e+04 4.2583463873e+05 4.0579845392e+04 -3.5803352085e+01 1.8873546301e+02 1.6992290074e+01 -1.1516022145e+02 5.2648755966e+02 -1.3086508404e-13 2.6224937089e+02
1.0000000000e+00 0.0000000000e+00 4.3403365551e+04 6.2639460551e+04 3.5417875673e+04 3.6186816551e+04 6.4607017751e+05 7.8184505074e+04 -6.0759712073e+01 2.5005476907e+02 7.2422671033e+00 -1.3770188062e+02 6.9542216028e+02 -1.4757634132e-13 2.2370654845e+02
1.0000000000e+00 0.0000000000e+00 2.4118935451e+04 1.6401148162e+05 7.2838829878e+03 2.1399799380e+04 4.2510942420e+05 4.9523259516e+04 -3.8913947883e+01 4.0005119568e+02 -1.8895485277e+01 -1.0867690754e+02 5.5748436418e+02 -1.3675446036e-13 4.3996563252e+02
1.0000000000e+00 0.0000000000e+00 2.0207206065e+04 7.4618677168e+04 1.0125467399e+04 1.7574718371e+04 3.9810158067e+05 4.2779613792e+04 -4.1354852572e+01 2.7105369171e+02 -2.8473611400e+00 -1.0255319943e+02 5.0834060908e+02 -1.3849495207e-13 3.4387894684e+02
1.0000000000e+00 0.0000000000e+00 2.3282433873e+04 1.0059003022e+05 1.3555378199e+04 2.5216059823e+04 7.7126006767e+05 7.4096825042e+04 -3.9219184532e+01 3.1596436198e+02 -1.1227825225e+01 -1.3238977453e+02 7.2960993472e+02 -1.6059284842e-13 3.7590555029e+02
1.0000000000e+00 0.0000000000e+00 1.0865589497e+05 4.1745648103e+05 8.9776842120e+04 5.9896781455e+04 9.3962501339e+05 1.4963695094e+05 -9.0596215890e+01 6.3983623091e+02 -5.4479181934e+01 -1.4695046109e+02 8.6649069521e+02 -1.9319151144e-13 8.9672031851e+02
1.0000000000e+00 0.0000000000e+00 9.0636813771e+03 5.8728563980e+03 2.5166747195e+03 1.6447207129e+04 4.1335307307e+05 3.6614556950e+04 -2.3147802748e+01 5.9517151698e+01 3.9945139910e+01 -1.1841365261e+02 4.9629410610e+02 -1.3042573657e-13 1.8703933688e+02
1.0000000000e+00 0.0000000000e+00 7.0344101643e+04 2.9272792501e+05 4.6568473015e+04 4.9349994129e+04 8.1405118435e+05 1.1162478561e+05 -7.6264730476e+01 5.3793955402e+02 -3.2672581720e+01 -1.4773536915e+02 8.0695200226e+02 -1.7798448345e-13 7.4605270147e+02
1.0000000000e+00 0.0000000000e+00 6.8324514361e+04 2.5523556701e+05 3.1741667008e+04 7.0421623994e+04 8.6292138812e+05 1.1619358966e+05 -7.9218593398e+01 5.0381976809e+02 -6.1477645034e+00 -1.7456089003e+02 8.4239058488e+02 -1.6877621106e-13 6.0146954498e+02
1.0000000000e+00 0.0000000000e+00 1.6320810798e+05 6.9583200583e+05 1.0826424066e+05 1.1221979477e+05 9.9125304423e+05 1.9851045175e+05 -1.1533483178e+02 8.2838925656e+02 -6.2457474643e+01 -1.6920452907e+02 9.2855120070e+02 -1.9442792360e-13 1.0333912870e+03
1.0000000000e+00 0.0000000000e+00 1.2912541400e+04 9.9272869135e+03 7.3028545115e+03 1.8197549658e+04 3.4142913085e+05 3.4832288620e+04 -2.1807155698e+01 -9.3709463187e+01 6.3878629930e+01 -1.1563094817e+02 4.3689375979e+02 -1.0897669259e-13 -1.8460246611e+02
1.0000000000e+00 0.0000000000e+00 1.4521801217e+04 4.9937088010e+03 4.6480263897e+03 2.2124021285e+04 4.2451012226e+05 4.0807238107e+04 -3.4418625103e+01 5.9517872972e+01 4.2822553125e+01 -1.2434295822e+02 5.1771394771e+02 -1.1757198877e-13 -2.8040670284e+01
1.0000000000e+00 0.0000000000e+00 1.2318134073e+04 4.8195897627e+04 7.8662302372e+03 9.0848906059e+03 3.5246378214e+05 3.3589964499e+04 -2.8762994002e+01 2.1478211059e+02 -6.3328803516e+00 -8.5087952653e+01 4.5465190938e+02 -1.3719601530e-13 3.7926649720e+02
1.0000000000e+00 0.0000000000e+00 2.9480314696e+04 1.0983753804e+05 1.9110473400e+04 1.9306226438e+04 4.6866771477e+05 5.3924467733e+04 -4.8065164011e+01 3.2545972643e+02 -1.4810992594e+01 -1.0478501143e+02 5.6000548004e+02 -1.5290370194e-13 5.5379948016e+02
1.0000000000e+00 0.0000000000e+00 4.5781321131e+04 2.1646439624e+05 2.8189252081e+04 3.1266526297e+04 5.6912531955e+05 7.5278216939e+04 -5.9921515102e+01 4.6455194978e+02 -2.9364484390e+01 -1.1767991176e+02 6.3766715298e+02 -1.5660908100e-13 4.2679333895e+02
1.0000000000e+00 0.0000000000e+00 4.3558731178e+04 1.2749774720e+05 3.6976090863e+04 2.8744801047e+04 6.3936684573e+05 7.8248871931e+04 -5.6547951704e+01 3.5676978389e+02 -1.8901399960e+01 -1.2453093469e+02 6.9594336913e+02 -1.5424352349e-13 4.0206017484e+02
1.0000000000e+00 0.0000000000e+00 3.9763932199e+04 1.7709449552e+05 1.9340001145e+04 3.5671463937e+04 7.3813786431e+05 8.2875288506e+04 -5.6245821151e+01 4.1950753738e+02 -1.1585415061e+01 -1.4546518858e+02 7.4364746865e+02 -1.5763831557e-13 4.7006378432e+02
1.0000000000e+00 0.0000000000e+00 1.4554807246e+05 5.6541813821e+05 6.9322095192e+04 1.3391399917e+05 1.3900055470e+06 2.1190094870e+05 -1.1556958535e+02 7.4387600911e+02 -2.0003184178e+01 -2.2204363933e+02 1.0738480990e+03 -2.1259778657e-13 9.5977222206e+02
1.0000000000e+00 0.0000000000e+00 3.9091316345e+04 6.0826376417e+04 3.8682455795e+04 2.7350198305e+04 6.3230492738e+05 7.4580500535e+04 -5.2603288781e+01 2.4218086716e+02 -2.6725297741e+00 -1.2494562213e+02 6.7900049111e+02 -1.4316841425e-13 1.9215735006e+02
1.0000000000e+00 0.0000000000e+00 4.1032695172e+04 1.0696032372e+05 2.1983369302e+04 4.0444650186e+04 4.5107225020e+05 6.3395573217e+04 -6.2601291797e+01 3.2459166698e+02 2.2628970449e+00 -1.2284373712e+02 5.7262090729e+02 -1.3553785040e-13 2.6165284112e+02
1.0000000000e+00 0.0000000000e+00 7.8093414128e+03 2.1922433679e+04 4.7499030958e+03 8.0925995277e+03 2.6589095562e+05 2.4675213587e+04 -2.4201978764e+01 1.4489328987e+02 3.8610847308e+00 -7.8798940025e+01 3.9844107133e+02 -1.0995170269e-13 8.2894382792e+01
1.0000000000e+00 0.0000000000e+00 2.9688513580e+05 1.1960483288e+06 1.8355332468e+05 2.3666964880e+05 1.9140309960e+06 3.7405295248e+05 -1.6326428194e+02 1.0843814190e+03 -6.6003726288e+01 -2.5048014623e+02 1.3094011445e+03 -2.4595948425e-13 1.3470780757e+03
1.0000000000e+00 0.0000000000e+00 1.9455174183e+04 9.2734534255e+04 8.9421751274e+03 1.7816465936e+04 4.0165558864e+05 4.3514096172e+04 -3.9542743938e+01 2.9642889049e+02 -8.5613351502e+00 -1.0337465034e+02 5.3182119301e+02 -1.4103212935e-13 4.7081929138e+02
1.0000000000e+00 0.0000000000e+00 1.8221842757e+05 4.8507345539e+05 1.2745011771e+05 1.6343554092e+05 1.5807656882e+06 2.5916385969e+05 -1.2838923967e+02 6.9422447155e+02 -1.8507185551e+01 -2.3105378391e+02 1.1613552436e+03 -2.1670233098e-13 7.6830982413e+02
1.0000000000e+00 0.0000000000e+00 2.1897116905e+04 1.9584002355e+04 1.0961320797e+04 2.8324142007e+04 4.7747201777e+05 5.0616402064e+04 -4.3781820761e+01 1.3085405100e+02 3.2942635469e+01 -1.3269340743e+02 5.8470634378e+02 -1.3273952418e-13 2.6347099420e+02
1.0000000000e+00 0.0000000000e+00 3.9390919518e+04 1.2913360880e+05 2.4602611905e+04 3.1805749274e+04 5.6567960494e+05 6.9423718515e+04 -5.7283787009e+01 3.5779207906e+02 -9.1310483657e+00 -1.2605597144e+02 6.4282337166e+02 -1.4930225789e-13 3.9993880612e+02
1.0000000000e+00 0.0000000000e+00 2.8751272645e+04 8.0173839726e+03 1.6826392891e+04 3.8221376746e+04 4.7745621073e+05 5.7046827115e+04 -4.5626277223e+01 -5.3941979276e+01 6.8168471315e+01 -1.4862267880e+02 6.0195066583e+02 -1.1391754853e-13 -5.6107990389e+01
1.0000000000e+00 0.0000000000e+00 1.0506692744e+04 2.3311613446e+04 1.7348821985e+03 3.2864585553e+04 6.8714433077e+05 6.2979023605e+04 -1.6658387983e+01 1.3166347295e+02 3.1568761830e+01 -1.4710768243e+02 6.8982312170e+02 -1.4745537008e-13 3.5179523042e+02
1.0000000000e+00 0.0000000000e+00 5.1559808337e+03 7.9608522296e+03 1.6892234528e+03 7.1560925697e+03 1.9426536706e+05 1.7424113786e+04 -1.9955528461e+01 8.8460746210e+01 1.6669966444e+01 -7.1498717029e+01 3.0877460561e+02 -1.0336389563e-13 5.6856322271e+01
1.0000000000e+00 0.0000000000e+00 1.3015413350e+03 6.2247729006e+03 5.0802722651e+02 5.5786272351e+03 1.3605053933e+05 1.2200221436e+04 3.8253406327e+00 7.7907125182e+01 -3.2564590714e+00 -4.0771627017e+01 2.3767400173e+02 -8.6748119947e-14 4.3366809800e+01
1.0000000000e+00 0.0000000000e+00 4.5901868104e+04 5.5816114807e+04 7.7540765337e+03 8.0329383569e+04 1.0209256776e+06 1.1109466698e+05 -6.3293172347e+01 2.3525437813e+02 5.7326529684e+01 -2.1341903451e+02 8.9434830432e+02 -1.5549001106e-13 2.0546987299e+02
1.0000000000e+00 0.0000000000e+00 3.3573002666e+04 4.3234060633e+04 1.8760385065e+04 4.9407484594e+04 7.3877085371e+05 8.2256868737e+04 -3.3827335857e+01 -1.9344631069e+02 1.0292902825e+02 -1.8636841154e+02 7.3553457898e+02 -1.1964990020e-13 -3.2029071423e+02
1.0000000000e+00 0.0000000000e+00 8.7609686685e+03 2.3519419793e+04 6.1052182682e+03 6.9582807247e+03 2.4490123836e+05 2.3413795344e+04 -2.6306454979e+01 1.5315265511e+02 -5.2056447861e-01 -7.2278478219e+01 3.7661236388e+02 -1.1253512270e-13 1.6985532186e+02
1.0000000000e+00 0.0000000000e+00 2.2842986960e+04 2.3490825245e+04 1.5750505471e+04 3.4718366034e+04 4.9532758813e+05 5.6966546798e+04 -1.3847333092e+01 -1.5210433839e+02 9.2610737911e+01 -1.5516915234e+02 5.6150732581e+02 -1.1422891510e-13 -1.7260998536e+02
1.0000000000e+00 0.0000000000e+00 5.6369062725e+04 2.3083663876e+05 3.5874590824e+04 4.7768022201e+04 8.5015670369e+05 1.0566603396e+05 -6.7494920111e+01 4.7977614896e+02 -2.3992018261e+01 -1.5235136637e+02 8.2513044219e+02 -1.6214409032e-13 4.6274343274e+02
1.0000000000e+00 0.0000000000e+00 2.3764131985e+04 3.0744085943e+03 1.2885959052e+04 3.7080736272e+04 6.5634388392e+05 6.6619759528e+04 -3.7615810210e+01 -2.6173496650e+01 6.8245102398e+01 -1.6427538005e+02 6.8626726678e+02 -1.3036148027e-13 -5.4008354346e+01
1.0000000000e+00 0.0000000000e+00 2.7461835983e+04 6.5389873141e+04 2.5602962782e+04 1.8055389378e+04 5.3946159522e+05 5.8720329317e+04 -4.3607789594e+01 2.5025901050e+02 -9.1191364574e+00 -1.0860035816e+02 6.0448818670e+02 -1.3599078168e-13 1.5916638485e+02
1.0000000000e+00 0.0000000000e+00 1.9160804279e+04 1.4413629912e+04 1.3621459586e+04 3.3915554472e+04 5.1819700364e+05 5.6774850198e+04 -1.1164312483e+01 -1.1301826042e+02 8.1316917137e+01 -1.5049633173e+02 5.7372802043e+02 -1.1335503416e-13 -2.6324869721e+02
1.0000000000e+00 0.0000000000e+00 1.7233716092e+04 1.4610068605e+05 9.4357312573e+03 8.1153158711e+03 2.9479430114e+05 3.4792840026e+04 -2.0294296518e+01 3.7071950395e+02 -4.0338778924e+01 -6.4701324094e+01 4.2084864119e+02 -1.3476079032e-13 6.0450993497e+02
1.0000000000e+00 0.0000000000e+00 1.9098767775e+03 6.6015124623e+03 2.4156995146e+03 8.5656718453e+03 2.4824367365e+05 2.1937984803e+04 5.2032201699e+00 -7.5139319973e+01 2.5524193895e+01 -6.3625709314e+01 3.1942947693e+02 -1.1031660831e-13 6.4632365324e+01
1.0000000000e+00 0.0000000000e+00 1.8616630204e+04 4.6555578732e+04 1.2221632202e+04 1.7454102156e+04 2.9107960220e+05 3.5042108217e+04 -4.2124635264e+01 2.1502549233e+02 -1.8700991352e+00 -8.4840475473e+01 4.2420594257e+02 -1.2654131883e-13 2.9683838418e+02
1.0000000000e+00 0.0000000000e+00 4.3831854973e+04 2.5110094906e+05 3.2278621090e+04 2.0428614149e+04 5.7018392389e+05 7.3925094341e+04 -5.0060892160e+01 4.9850116064e+02 -4.7416594227e+01 -1.0575933476e+02 6.4825552126e+02 -1.5582524841e-13 5.7119407405e+02
1.0000000000e+00 0.0000000000e+00 1.4658992681e+04 2.8520464076e+03 7.5494789724e+03 1.9944928044e+04 3.6325812748e+05 3.6846924085e+04 -3.3334212093e+01 2.2469032109e+00 4.6388091010e+01 -1.1363078946e+02 4.6496888575e+02 -1.2479688532e-13 5.2176686294e+01
1.0000000000e+00 0.0000000000e+00 1.1045162878e+05 2.0359536458e+05 5.7243870577e+04 1.3007303726e+05 1.4007945645e+06 1.8778298304e+05 -1.0433556767e+02 4.5071165075e+02 2.8869799853e+01 -2.3924682757e+02 1.0918975890e+03 -1.8790439511e-13 5.2870619493e+02
1.0000000000e+00 0.0000000000e+00 2.7898972744e+04 4.9255670476e+04 3.7596873493e+03 5.5030988304e+04 1.0175191005e+06 9.7379543943e+04 -4.3649021093e+01 2.1598073685e+02 4.4848548444e+01 -1.9698409178e+02 8.7800805762e+02 -1.6426303562e-13 4.0951672592e+02
1.0000000000e+00 0.0000000000e+00 4.3153335811e+04 1.1159101058e+05 2.7017957379e+04 3.8493911105e+04 5.4307722103e+05 7.1101121312e+04 -6.2731059778e+01 3.3372952383e+02 -1.8540014493e+00 -1.2758645849e+02 6.2417112031e+02 -1.4853757405e-13 3.4062679280e+02
1.0000000000e+00 0.0000000000e+00 7.0872698659e+03 2.4498783308e+04 5.7465843190e+03 2.1860553000e+04 3.6194218056e+05 3.7918333422e+04 7.0461987629e+00 -1.5402104647e+02 5.5606951931e+01 -1.0526087378e+02 4.6455298531e+02 -1.0578962431e-13 -1.4653414206e+02
1.0000000000e+00 0.0000000000e+00 1.7998096537e+04 8.3704678630e+03 6.9903634212e+03 2.4886636030e+04 4.1150282059e+05 4.2358382296e+04 -3.8422760850e+01 7.8367853411e+01 4.3705196513e+01 -1.2756927946e+02 5.1988241828e+02 -1.2638458204e-13 1.5899357357e+02
1.0000000000e+00 0.0000000000e+00 1.7492598442e+04 4.5241370351e+04 1.2547879925e+04 2.5377231349e+04 3.4709330655e+05 4.2467900048e+04 -4.3209623040e+00 -2.0807914667e+02 8.2897254933e+01 -1.2551094039e+02 4.6554421091e+02 -1.0004828793e-13 -1.9200822897e+02
1.0000000000e+00 0.0000000000e+00 2.7218424407e+03 1.5043037398e+04 5.0686474940e+02 9.2613039746e+03 3.3104324899e+05 2.7416352331e+04 -8.7036382294e+00 1.1733662931e+02 5.0495909554e+00 -7.8854416122e+01 4.1146552602e+02 -1.2424553175e-13 1.8179585629e+02
1.0000000000e+00 0.0000000000e+00 1.3268512916e+04 1.7833805900e+04 6.0006328164e+03 1.8126665073e+04 3.6607866962e+05 3.6287936269e+04 -3.4196638055e+01 1.2615670896e+02 1.9268455640e+01 -1.0414119270e+02 4.8384749836e+02 -1.2416933225e-13 2.2834957192e+02
1.0000000000e+00 0.0000000000e+00 1.6623920226e+04 4.5932765893e+04 1.7864410031e+04 5.8556240610e+03 2.6357075304e+05 3.0348937230e+04 -3.1847922103e+01 2.0732018778e+02 -2.0936386059e+01 -5.9284360028e+01 3.8026169624e+02 -1.1063526210e-13 8.4089090823e-01
1.0000000000e+00 0.0000000000e+00 2.8592237929e+03 4.1341211133e+03 1.8949826740e+03 8.7202173992e+03 2.9131262248e+05 2.4558127782e+04 -2.1636348600e+00 6.3557507097e+01 1.8148227993e+01 -7.7623859615e+01 3.5879638179e+02 -1.1881017819e-13 1.2531786187e+02
1.0000000000e+00 0.0000000000e+00 3.2853673625e+03 1.1023521559e+04 1.9911174772e+03 9.5887649207e+03 2.5476232147e+05 2.2874786705e+04 -7.9538920096e-01 -9.7982033532e+01 3.9492681108e+01 -8.0587380166e+01 3.6073598599e+02 -9.4216269138e-14 -1.7170979561e+02
1.0000000000e+00 0.0000000000e+00 3.7417310518e+04 1.8468502079e+05 2.5998118500e+04 2.1708762425e+04 6.0500943077e+05 7.0853151862e+04 -5.0405753480e+01 4.2790617867e+02 -3.1997564351e+01 -1.1433184357e+02 6.5898866937e+02 -1.5112568403e-13 4.1045532899e+02
1.0000000000e+00 0.0000000000e+00 1.6399795929e+04 9.9144576994e+02 5.4225601300e+03 4.1690424166e+04 6.8708126027e+05 6.7451161445e+04 -2.6862386135e+01 2.8400826121e+00 5.8138470778e+01 -1.6309643055e+02 7.2177680231e+02 -1.3448810834e-13 1.0481394717e+02
1.0000000000e+00 0.0000000000e+00 2.9841355358e+04 1.1679089591e+05 2.2501605677e+04 1.6210935516e+04 4.5430600225e+05 5.3364726952e+04 -4.4969411391e+01 3.3719012596e+02 -2.3966934735e+01 -9.3290700361e+01 5.3278443637e+02 -1.5077005299e-13 4.7986181519e+02
1.0000000000e+00 0.0000000000e+00 2.5126562697e+04 8.7435932057e+04 2.2267059938e+04 1.3088306729e+04 3.4903523195e+05 4.3318900913e+04 -4.2047005158e+01 2.9360557805e+02 -2.3281674586e+01 -8.1919579182e+01 4.8400286916e+02 -1.3385318177e-13 4.0567079777e+02
1.0000000000e+00 0.0000000000e+00 2.8177166468e+03 2.5536579940e+03 1.2161051440e+03 5.1806963124e+03 1.4619204788e+05 1.2826021843e+04 -7.2686231751e+00 -4.1665812969e+01 2.9521726493e+01 -5.7629463657e+01 2.2887467433e+02 -9.0905581884e-14 -8.6010721592e+01
1.0000000000e+00 0.0000000000e+00 6.4498903594e+04 2.8958251622e+05 4.0227014741e+04 4.5415963602e+04 6.4123194031e+05 9.5332814020e+04 -7.3721737652e+01 5.3644651402e+02 -3.5240154331e+01 -1.3137492764e+02 7.1451584328e+02 -1.6153521319e-13 6.7236222608e+02
1.0000000000e+00 0.0000000000e+00 2.9436743982e+04 1.4080970357e+04 2.8087390613e+04 2.9039549587e+04 6.6089534137e+05 7.0387419128e+04 -4.5774102020e+01 1.1547100079e+02 2.2909166733e+01 -1.4008853513e+02 7.1004551834e+02 -1.4380849796e-13 2.6156185519e+02
1.0000000000e+00 0.0000000000e+00 2.6214013279e+03 3.4183431360e+03 1.4725407423e+03 6.6049050543e+03 1.6302983298e+05 1.4755851330e+04 5.3067209240e+00 3.2268862145e+01 2.6006228555e+00 -3.6955483765e+01 2.0804723762e+02 -1.0773384065e-13 2.2725316058e+02
1.0000000000e+00 0.0000000000e+00 2.2866224083e+04 2.9612565919e+04 2.5452399777e+04 1.8342014298e+04 6.6967015762e+05 6.5772832920e+04 -2.9166982022e+01 -7.8235625306e+01 4.0616105508e+01 -1.2314398709e+02 6.2511785157e+02 -1.2325355860e-13 -4.0771447249e+02
1.0000000000e+00 0.0000000000e+00 4.1838119948e+04 4.1110018998e+04 2.6963672625e+04 5.2932800886e+04 5.7146299698e+05 7.6029134145e+04 -3.6444823535e+01 -2.0163584007e+02 1.1516150965e+02 -1.8527056730e+02 6.5577623871e+02 -1.1704312312e-13 -2.1162351933e+02
1.0000000000e+00 0.0000000000e+00 1.7349435427e+04 3.2666003507e+04 1.3947911653e+04 1.4714622364e+04 4.2226689270e+05 4.2683992478e+04 -3.3942114247e+01 1.7852193312e+02 4.6164819135e+00 -1.0144377571e+02 5.2110475876e+02 -1.3019311241e-13 1.5002758946e+02
1.0000000000e+00 0.0000000000e+00 9.5713405514e+03 7.8351143780e+03 5.9739638610e+03 1.1882567213e+04 2.7373101857e+05 2.6747041460e+04 -2.9523921294e+01 8.2960582610e+01 1.4808220945e+01 -7.8708072874e+01 3.7322082966e+02 -1.1314575978e-13 6.6959693884e+01
1.0000000000e+00 0.0000000000e+00 1.6473687466e+04 1.8471702791e+03 6.3919198937e+03 3.5388110460e+04 5.7390779860e+05 5.7449568750e+04 -2.7242198335e+01 3.4441125750e+00 6.4466032219e+01 -1.5527806133e+02 6.2821487198e+02 -1.3568543274e-13 1.3573778158e+02
1.0000000000e+00 0.0000000000e+00 1.5286648209e+03 1.5406948462e+03 2.3613677513e+03 2.3789495451e+03 1.2264207111e+05 1.0418748310e+04 -1.4466366627e+00 1.3558830483e+01 -4.0366101057e+00 -2.6360194044e+01 1.9311726085e+02 -8.2503535450e-14 -8.3506175816e+01
1.0000000000e+00 0.0000000000e+00 1.0790747568e+04 2.0015927121e+04 3.1999608748e+03 1.6450505904e+04 2.7232064108e+05 2.8124504559e+04 -3.1650236330e+01 1.3734583884e+02 1.9412767266e+01 -9.6556727309e+01 4.2370247905e+02 -1.1655523575e-13 2.5478346339e+02
1.0000000000e+00 0.0000000000e+00 2.3601846143e+04 5.9617953817e+04 1.1340791318e+04 2.6405291053e+04 5.8069577667e+05 5.8835657500e+04 -4.3034967004e+01 2.3146047301e+02 1.7087094274e+01 -1.3728054553e+02 6.4316817896e+02 -1.4914080635e-13 4.4824618699e+02
1.0000000000e+00 0.0000000000e+00 6.6901486995e+03 8.4447816836e+02 3.7382408338e+03 1.2736919417e+04 3.1020535934e+05 2.8276988016e+04 -1.6470398893e+01 -1.2642491987e+01 4.0618370572e+01 -1.0163200522e+02 4.3223292743e+02 -1.1151495663e-13 4.9685000577e+01
1.0000000000e+00 0.0000000000e+00 7.7090936485e+03 4.9165972499e+03 7.8201858730e+03 5.6822288689e+03 2.2782492136e+05 2.1507218661e+04 -2.1619928632e+01 6.7794310430e+01 6.7829968656e+00 -6.4950120253e+01 3.4331783650e+02 -1.0843607470e-13 9.9108683276e+01
1.0000000000e+00 0.0000000000e+00 1.0741837593e+04 4.5289698897e+04 8.1179390027e+03 6.2440966886e+03 2.5512016209e+05 2.5722844824e+04 -2.6616275800e+01 2.1255543549e+02 -1.2959895167e+01 -6.7977842315e+01 3.8373343425e+02 -1.1370388351e-13 2.6085070261e+02
1.0000000000e+00 0.0000000000e+00 1.0375356076e+04 1.7156674521e+04 1.9186694802e+03 1.9416493927e+04 3.2902347032e+05 3.2585686579e+04 -2.8401951179e+01 1.2728625608e+02 2.7514681287e+01 -1.1200375847e+02 4.8302410944e+02 -1.1805598821e-13 2.5149509517e+02
1.0000000000e+00 0.0000000000e+00 3.4035932811e+03 8.5992866700e+03 2.2596692086e+03 8.6165011989e+03 2.8100978231e+05 2.4196375431e+04 -6.4454764002e+00 6.2934254658e+01 1.6355454304e+01 -7.8717731180e+01 3.7809923428e+02 -1.0439590082e-13 -6.4859867599e+01
1.0000000000e+00 0.0000000000e+00 3.1437720933e+03 4.7929171450e+03 3.8939769834e+03 2.3395737434e+03 1.6837811044e+05 1.4298708792e+04 -1.0439926257e+01 6.0523749444e+01 -2.1672467578e+00 -4.3884110554e+01 2.6440417077e+02 -1.0595251995e-13 2.0466097284e+02
1.0000000000e+00 0.0000000000e+00 2.9124468280e+04 1.3007852395e+05 1.6651886476e+04 2.2763809442e+04 3.6533598078e+05 4.8479381097e+04 -4.9471725453e+01 3.5827727571e+02 -1.8398797363e+01 -9.9847679190e+01 5.2566866985e+02 -1.3439471259e-13 4.9244074867e+02
1.0000000000e+00 0.0000000000e+00 7.6987380069e+04 2.5427799003e+05 3.9379295519e+04 7.8686606108e+04 1.2875156215e+06 1.5173400551e+05 -8.3047236744e+01 5.0359818536e+02 -3.9829474422e-01 -2.0647389472e+02 1.0202535514e+03 -1.7730064621e-13 4.5227617279e+02
1.0000000000e+00 0.0000000000e+00 1.3314989331e+04 4.6296661520e+04 9.6108328239e+03 1.0161171589e+04 4.3302797329e+05 4.0153468394e+04 -2.8751654688e+01 2.1489745205e+02 -4.8441227912e+00 -9.2307747116e+01 4.9356361934e+02 -1.3658623773e-13 2.3494806488e+02
1.0000000000e+00 0.0000000000e+00 1.8803956746e+04 4.7701213165e+04 1.0551601642e+04 1.6871032332e+04 3.2844150493e+05 3.6628151631e+04 -3.9973788912e+01 2.1736354335e+02 3.3145421282e+00 -9.4791974908e+01 4.5615999572e+02 -1.2667681956e-13 2.9252951580e+02
1.0000000000e+00 0.0000000000e+00 6.8043942542e+03 3.9739642249e+03 1.6639982335e+03 1.3317904605e+04 2.7155651332e+05 2.5200841587e+04 -1.9880373816e+01 5.2693369607e+01 3.3269115427e+01 -1.0017768596e+02 4.2150200212e+02 -1.0953688755e-13 1.3551405009e+02
1.0000000000e+00 0.0000000000e+00 9.2919980141e+03 4.2238628265e+04 4.3306023219e+03 6.9296444329e+03 2.2854234834e+05 2.2461619512e+04 -2.6730340072e+01 2.0167201107e+02 -4.9708199338e+00 -6.6140789314e+01 3.2818401928e+02 -1.1727461764e-13 2.3489477144e+02
1.0000000000e+00 0.0000000000e+00 4.1030692708e+04 1.5859658036e+05 3.6831465893e+04 2.0627535561e+04 6.9065607483e+05 7.9504243679e+04 -4.9355806926e+01 3.9670349407e+02 -3.2231417909e+01 -1.1862932847e+02 7.1233005890e+02 -1.5711935249e-13 4.6510961388e+02
1.0000000000e+00 0.0000000000e+00 1.7685737429e+04 3.5123968494e+04 1.1197097309e+04 1.6158362707e+04 2.3451911073e+05 2.9644755386e+04 -3.9485302221e+01 1.8625016651e+02 5.4004048349e+00 -8.4915335661e+01 3.9927592196e+02 -1.1170295073e-13 2.1159815200e+02
1.0000000000e+00 0.0000000000e+00 1.2583645753e+05 3.4733659720e+05 9.4579664916e+04 1.0115024819e+05 8.5245781939e+05 1.6102972081e+05 -1.0622963934e+02 5.8928727450e+02 -2.8733738823e+01 -1.6422322365e+02 8.5478594026e+02 -1.7038844183e-13 6.4562229825e+02
1.0000000000e+00 0.0000000000e+00 9.3336050885e+03 5.9609605743e+03 2.0572582403e+03 2.4858744063e+04 5.6131965730e+05 5.0176598775e+04 -2.1935646375e+01 7.5731883023e+01 3.5871139401e+01 -1.3616717491e+02 6.2983517878e+02 -1.3003493866e-13 1.1518110330e+02
1.0000000000e+00 0.0000000000e+00 2.2386537110e+04 7.2013460973e+04 9.9869881943e+03 2.2353798608e+04 3.4297465421e+05 4.1044239736e+04 -4.7564740548e+01 2.6515571954e+02 -6.1157472400e-01 -1.0019688545e+02 4.8250762025e+02 -1.2526104132e-13 3.0041160292e+02
1.0000000000e+00 0.0000000000e+00 9.1160036793e+03 6.4079216816e+02 3.1216467851e+03 1.6199920614e+04 4.4148736223e+05 3.8396992763e+04 -2.2869818087e+01 1.8365192847e+01 4.5153351467e+01 -1.2070822457e+02 5.0860838482e+02 -1.2208383746e-13 -8.2896256386e+00
1.0000000000e+00 0.0000000000e+00 2.0411186302e+04 7.8288234463e+04 8.8011299539e+03 2.9959862048e+04 6.7150029872e+05 6.6379296183e+04 -3.8440623683e+01 2.7847467270e+02 3.3548286263e+00 -1.3923142052e+02 7.0971694543e+02 -1.4944710355e-13 3.8932008019e+02
1.0000000000e+00 0.0000000000e+00 2.3584220295e+04 1.1854130677e+05 1.0990791861e+04 1.7437527235e+04 2.9183026660e+05 3.8115778840e+04 -4.4362529874e+01 3.4285519165e+02 -1.6833453061e+01 -8.7457224982e+01 4.4367892958e+02 -1.2507327129e-13 3.9520669059e+02
1.0000000000e+00 0.0000000000e+00 1.1411524159e+05 2.3173011103e+05 6.0550790282e+04 1.3594865382e+05 1.4421454390e+06 1.9603852656e+05 -1.0737308267e+02 4.8017992321e+02 2.0908988921e+01 -2.3841650402e+02 1.1156633346e+03 -1.9154949784e-13 5.3962253783e+02
1.0000000000e+00 0.0000000000e+00 3.3368010489e+04 1.7293321415e+05 2.1606360830e+04 2.1086973765e+04 4.8668237769e+05 6.0138755428e+04 -4.8893874130e+01 4.0940852243e+02 -3.1278307389e+01 -1.0253012398e+02 5.8864196921e+02 -1.4940771329e-13 5.3122913596e+02
1.0000000000e+00 0.0000000000e+00 7.4321340494e+04 8.5011789264e+04 2.1394430754e+04 1.1540012034e+05 1.1966923951e+06 1.4609959293e+05 -8.4228282862e+01 2.8591450458e+02 6.6391495626e+01 -2.4279062744e+02 9.9645015780e+02 -1.7712855419e-13 4.3674241456e+02
1.0000000000e+00 0.0000000000e+00 9.4083462928e+03 2.4726643176e+04 2.6796901119e+03 1.3373970503e+04 2.7572548171e+05 2.6971121236e+04 -2.7786879963e+01 1.3683810747e+02 1.4426788023e+01 -8.7589661152e+01 3.9574718580e+02 -1.2861134284e-13 3.7252944026e+02
1.0000000000e+00 0.0000000000e+00 1.7338147479e+03 2.6347386749e+03 8.3934041112e+02 1.0963751372e+04 2.5782737815e+05 2.2791164527e+04 2.5003962556e+00 4.2396135402e+01 9.2908062543e+00 -6.7972403007e+01 3.6624460005e+02 -1.0035665132e-13 -3.3517347022e+01
1.0000000000e+00 0.0000000000e+00 2.6791779788e+04 3.4583153938e+04 1.8902209896e+04 3.6584673652e+04 5.0271928484e+05 6.0215034003e+04 -2.0048716637e+01 -1.8436402390e+02 9.6837334754e+01 -1.5814306595e+02 5.7813962828e+02 -1.1684411974e-13 -1.7119363103e+02
1.0000000000e+00 0.0000000000e+00 1.2698728231e+04 6.6639090652e+03 8.2196622809e+03 1.5478692382e+04 3.1097586118e+05 3.1788367932e+04 -2.6465644431e+01 -5.7057138092e+01 5.0148477677e+01 -1.0790934295e+02 4.4602281669e+02 -1.0030957910e-13 -1.5086224334e+02
1.0000000000e+00 0.0000000000e+00 4.8375072367e+04 2.5087828260e+05 3.1737511721e+04 2.8254928848e+04 3.4329870200e+05 6.1959538987e+04 -6.0262184556e+01 4.9805826986e+02 -4.2664250814e+01 -8.8485388340e+01 5.0199016025e+02 -1.4242633195e-13 6.1623957266e+02
1.0000000000e+00 0.0000000000e+00 5.2375474767e+04 2.6214596066e+05 2.0345619687e+04 5.5186959152e+04 8.4393003459e+05 1.0345658022e+05 -6.5849021739e+01 5.0268158824e+02 -1.5092890223e+01 -1.6454770388e+02 8.3324122581e+02 -1.7241936815e-13 7.6570325106e+02
1.0000000000e+00 0.0000000000e+00 4.3156428310e+03 1.4396970411e+04 1.5923056240e+03 4.3775618997e+03 1.5950533765e+05 1.4106389876e+04 -1.8915386819e+01 1.1786661906e+02 3.8652831453e+00 -5.5163868052e+01 2.5939561407e+02 -9.9575566875e-14 4.2898467028e+01
1.0000000000e+00 0.0000000000e+00 1.4966625319e+04 1.3070538162e+04 7.7324437421e+03 2.9346025919e+04 4.3365762045e+05 4.6417389145e+04 -1.7107694218e+01 -9.5913907810e+01 7.4109725128e+01 -1.4352989261e+02 5.6050487514e+02 -9.8527216183e-14 -2.5979072357e+02
1.0000000000e+00 0.0000000000e+00 2.6183761212e+04 4.7473224285e+04 1.2255415554e+04 3.3670106365e+04 4.4170950729e+05 5.2565986017e+04 -5.0350424005e+01 2.1674858145e+02 1.8815391761e+01 -1.2976709826e+02 5.9239958271e+02 -1.2533847933e-13 2.1170066454e+02
1.0000000000e+00 0.0000000000e+00 1.1428404886e+04 6.8255430489e+03 4.5944745965e+03 2.1115591635e+04 3.2506611626e+05 3.3730218824e+04 -1.9459308260e+01 -7.2659772882e+01 6.1493078553e+01 -1.2139424657e+02 4.7544700431e+02 -9.7630564174e-14 -8.1472546002e+01
1.0000000000e+00 0.0000000000e+00 4.6095477311e+03 4.9578987238e+03 1.2427501026e+03 1.5850820030e+04 3.8701822746e+05 3.3979175237e+04 -7.6610602192e+00 6.9867442444e+01 2.0850550930e+01 -9.8201380923e+01 4.7517714732e+02 -1.1948158054e-13 1.2546614598e+02
1.0000000000e+00 0.0000000000e+00 1.7985459669e+05 5.5119507934e+05 1.2167533845e+05 1.5343002593e+05 1.4706306427e+06 2.4801363628e+05 -1.2831223303e+02 7.4159941060e+02 -2.9634708340e+01 -2.2165662740e+02 1.1346517973e+03 -2.0330507830e-13 8.0039119037e+02
1.0000000000e+00 0.0000000000e+00 4.7362366907e+03 1.8583323052e+03 3.4983192363e+03 1.1864629387e+04 2.7225492728e+05 2.5276753066e+04 -4.6240230885e+00 -1.2540635738e+01 3.7022988685e+01 -9.2856520093e+01 3.9620453732e+02 -1.0586101397e-13 3.8372865580e+01
1.0000000000e+00 0.0000000000e+00 2.4712096103e+03 1.2185580714e+04 1.5618496227e+03 3.8409332841e+03 1.5596079576e+05 1.3502799952e+04 -5.0238983852e+00 1.0968874264e+02 -8.4098711432e+00 -4.2830091210e+01 2.6116602571e+02 -9.8008754142e-14 8.2972281939e+01
1.0000000000e+00 0.0000000000e+00 6.9811616165e+03 1.3635315378e+04 2.8963313823e+03 1.1992858010e+04 4.0240424314e+05 3.4411647600e+04 -2.2220897652e+01 1.1512915017e+02 1.3878353360e+01 -9.6908705731e+01 4.7788157164e+02 -1.2948315287e-13 1.6729150978e+02
1.0000000000e+00 0.0000000000e+00 3.6680051971e+04 2.0485089431e+04 1.7116046845e+04 6.0288778084e+04 9.0536328996e+05 9.6547865099e+04 -5.4841813878e+01 1.4181167743e+02 5.4180329670e+01 -1.9381728896e+02 8.5146195887e+02 -1.4950425839e-13 1.0432761022e+02
1.0000000000e+00 0.0000000000e+00 1.9011851199e+04 7.3821053715e+04 1.4388355357e+04 1.2220471153e+04 3.8759874613e+05 4.1450301266e+04 -3.5589202603e+01 2.7025019186e+02 -1.5011237691e+01 -8.9807695324e+01 5.0120565702e+02 -1.3593944176e-13 3.6989335294e+02
1.0000000000e+00 0.0000000000e+00 7.9101082914e+04 2.6236215868e+05 4.9186594170e+04 7.1607996580e+04 8.3575190181e+05 1.2277545003e+05 -8.4563286258e+01 5.1109854367e+02 -1.5462600097e+01 -1.6568327639e+02 8.3705422238e+02 -1.6376585452e-13 5.8777798740e+02
1.0000000000e+00 0.0000000000e+00 1.9258499076e+04 4.7593370986e+04 1.2024492918e+04 1.9133889423e+04 4.5720671785e+05 4.6941679754e+04 -3.9820021144e+01 2.1235161707e+02 5.8387849691e+00 -1.1321062194e+02 5.6749574719e+02 -1.2395582484e-13 1.1821270811e+02
1.0000000000e+00 0.0000000000e+00 2.9736582004e+04 1.0429660684e+05 2.2730312893e+04 2.9810942099e+04 3.7292595099e+05 5.3521313755e+04 -4.7344986177e+00 -3.1716349573e+02 1.1187089010e+02 -1.4261364026e+02 4.7506073400e+02 -9.3535845104e-14 -4.2648673893e+02
1.0000000000e+00 0.0000000000e+00 7.9450139307e+04 2.3734289844e+05 4.4518057627e+04 7.7683916242e+04 9.2902227212e+05 1.2854592140e+05 -8.6249771265e+01 4.7417865461e+02 -2.8623377334e+00 -1.7653295946e+02 8.5639368417e+02 -1.9004856294e-13 8.0074748168e+02
1.0000000000e+00 0.0000000000e+00 4.1346071802e+04 1.6315253264e+03 1.7831943407e+04 6.8249467972e+04 6.8025390975e+05 8.4382684195e+04 -5.2403647396e+01 -3.1396107734e+01 8.9619096767e+01 -1.9201372837e+02 7.3960082187e+02 -1.2292671189e-13 -3.3082967212e+01
1.0000000000e+00 0.0000000000e+00 4.2363060928e+04 1.3049347438e+05 8.9854818348e+03 6.4484015642e+04 1.0820218085e+06 1.1226422534e+05 -5.9268487329e+01 3.6017982541e+02 2.5274876576e+01 -1.9861866354e+02 9.0838638105e+02 -1.7159960835e-13 3.6975735434e+02
1.0000000000e+00 0.0000000000e+00 1.6435264185e+04 1.0103457159e+05 5.7033682211e+03 1.4252474679e+04 3.8896234649e+05 4.0063193692e+04 -3.4526171544e+01 3.0949013129e+02 -1.2915982886e+01 -9.7454703585e+01 5.1032470712e+02 -1.4091852810e-13 5.1886224265e+02
1.0000000000e+00 0.0000000000e+00 1.4847645072e+04 8.5215868235e+04 4.7827325410e+03 1.1450274251e+04 2.9223142786e+05 3.1110548927e+04 -3.4944123365e+01 2.7614770721e+02 -9.9379321291e+00 -8.4043008002e+01 4.2559585984e+02 -1.2953415307e-13 5.0401701725e+02
1.0000000000e+00 0.0000000000e+00 1.3001107399e+04 5.3406553304e+04 7.3551901343e+03 1.0891744875e+04 2.8437341880e+05 2.9864744061e+04 -3.2552568180e+01 2.3037005557e+02 -7.7426057411e+00 -8.0284724331e+01 4.1992978991e+02 -1.2448612607e-13 2.6645394259e+02
1.0000000000e+00 0.0000000000e+00 1.3139728314e+04 2.6316482943e+04 7.0195179126e+03 1.3299201419e+04 3.2391459901e+05 3.2127978689e+04 -3.2728075411e+01 1.6195625899e+02 1.0824859974e+01 -9.4085787824e+01 4.4403078867e+02 -1.1830476261e-13 1.3876371833e+02
1.0000000000e+00 0.0000000000e+00 1.1684386457e+04 5.6958074608e+03 6.4163850562e+03 1.5314501824e+04 3.6405095071e+05 3.4458672939e+04 -3.0350140196e+01 7.1655689712e+01 2.8880717739e+01 -1.0516517785e+02 4.6921165149e+02 -1.1753659251e-13 3.2198525133e+01
1.0000000000e+00 0.0000000000e+00 4.4394581283e+04 2.6359896903e+05 2.5574679876e+04 2.6980261938e+04 4.0736987078e+05 6.3665169222e+04 -5.6467827624e+01 5.0928299150e+02 -4.1892761750e+01 -1.0123837269e+02 5.7452709612e+02 -1.4056034824e-13 6.5715732131e+02
1.0000000000e+00 0.0000000000e+00 1.2275366565e+04 1.2245631371e+04 4.8465740480e+03 1.5995397466e+04 2.8110459954e+05 2.8834935949e+04 -3.4252491606e+01 1.0275092024e+02 2.4194358549e+01 -9.6581439806e+01 4.1866795851e+02 -1.0879017390e-13 7.3407155094e+01
1.0000000000e+00 0.0000000000e+00 4.9205701802e+04 1.0744820393e+05 3.4933519946e+04 4.5284688295e+04 7.1501128740e+05 8.8943340693e+04 -6.6079372354e+01 3.2681473823e+02 1.8094986811e+00 -1.4965099861e+02 7.5411588518e+02 -1.5563541102e-13 4.5507284615e+02
1.0000000000e+00 0.0000000000e+00 6.9889765755e+04 3.2926468603e+05 4.0588171994e+04 5.2097389026e+04 5.3079405140e+05 9.3044880951e+04 -7.6808074396e+01 5.6940829915e+02 -3.8136212666e+01 -1.2323453004e+02 6.5410526852e+02 -1.6104453541e-13 7.6204125025e+02
1.0000000000e+00 0.0000000000e+00 5.4555119487e+04 1.8478474011e+05 2.9997922677e+04 5.2134385482e+04 5.6275213551e+05 8.3498099743e+04 -7.1435435008e+01 4.2950582630e+02 -9.9866194710e+00 -1.3693513559e+02 6.6869902759e+02 -1.4857244034e-13 4.8080199368e+02
1.0000000000e+00 0.0000000000e+00 2.3998304987e+04 1.1362485060e+05 1.5164499384e+04 2.1683248911e+04 3.0428417052e+05 4.2429264654e+04 -8.2390075528e+00 -3.1239781959e+02 1.0018084369e+02 -1.2490199993e+02 4.2740539961e+02 -7.8364979491e-14 -5.8758194680e+02
1.0000000000e+00 0.0000000000e+00 1.5382941693e+05 8.2603094321e+05 8.9109068045e+04 1.0142933147e+05 1.1350817811e+06 2.0148873011e+05 -1.1074777373e+02 8.9533494201e+02 -6.9820041622e+01 -1.7617047639e+02 9.7333063412e+02 -2.1203358735e-13 1.1989736132e+03
1.0000000000e+00 0.0000000000e+00 6.9927695116e+04 1.6169618172e+05 3.9970398822e+04 8.2330505422e+04 1.1524666784e+06 1.3997299573e+05 -7.9714095103e+01 3.9886719479e+02 1.4166748945e+01 -2.0386984102e+02 9.8642883641e+02 -1.8177413763e-13 5.8781135242e+02
1.0000000000e+00 0.0000000000e+00 9.4458035387e+03 1.1288075354e+04 1.9205113419e+03 2.0072854030e+04 4.4247172353e+05 4.0223427777e+04 -2.5381112705e+01 1.0483020863e+02 3.0791424405e+01 -1.2298895107e+02 5.5239285795e+02 -1.2469690221e-13 1.7527014213e+02
1.0000000000e+00 0.0000000000e+00 4.8062144101e+03 1.8657024106e+04 2.2986648002e+03 1.0931391260e+04 3.8413135977e+05 3.2693431714e+04 -1.5018973499e+01 1.3594710287e+02 4.6064728801e+00 -9.1913132800e+01 4.8841013863e+02 -1.1932065218e-13 1.9575368976e+02
1.0000000000e+00 0.0000000000e+00 4.8529198982e+04 3.0786180143e+05 2.7439225515e+04 2.8618467819e+04 6.3880764166e+05 8.2965893458e+04 -5.6736468935e+01 5.4696427674e+02 -4.6227824510e+01 -1.1749031152e+02 6.8385685128e+02 -1.7121280999e-13 7.9073773007e+02
1.0000000000e+00 0.0000000000e+00 1.3998715937e+04 1.2566253560e+04 1.0381263989e+04 1.9807948150e+04 3.0150509226e+05 3.4332820553e+04 -1.1594837108e+01 -1.1061216810e+02 7.3094580524e+01 -1.2285343070e+02 4.3881527881e+02 -9.5736991219e-14 -1.5681783238e+02
1.0000000000e+00 0.0000000000e+00 6.7209308645e+03 3.4682745807e+04 1.4721345037e+03 1.9739309413e+04 3.9599618304e+05 3.7910769630e+04 -3.9897608371e+00 1.7659539001e+02 1.4417281446e-01 -9.2700697889e+01 4.9240666841e+02 -1.2473858054e-13 2.9313211752e+02
1.0000000000e+00 0.0000000000e+00 4.2247577242e+03 6.1144882989e+03 2.1855435533e+03 6.6956517716e+03 2.3127503832e+05 1.9827778181e+04 -1.7087586201e+01 7.2951995384e+01 1.2426133005e+01 -7.1639071222e+01 3.4832533995e+02 -1.0795117664e-13 1.4758629673e+01
1.0000000000e+00 0.0000000000e+00 3.8743938072e+04 1.5752138401e+05 1.6140537312e+04 4.1448982200e+04 7.8853703209e+05 8.6530054733e+04 -5.6639566706e+01 3.9565606480e+02 -5.3074230064e-01 -1.5913861296e+02 7.8226462868e+02 -1.6263101080e-13 5.1062057936e+02
1.0000000000e+00 0.0000000000e+00 7.9214527055e+03 3.5947664126e+03 3.6794985714e+03 1.3484458813e+04 2.4114254522e+05 2.4080615764e+04 -2.2190098187e+01 -8.2170233713e+00 3.8054811280e+01 -9.3146932204e+01 3.8836355907e+02 -1.1621336044e-13 2.4080270162e+02
1.0000000000e+00 0.0000000000e+00 8.5633564695e+04 3.3175898633e+05 5.2077116742e+04 7.2998388665e+04 1.0809314185e+06 1.4457409147e+05 -8.5876617698e+01 5.7190885538e+02 -2.3550676624e+01 -1.8178405681e+02 9.5240956592e+02 -1.7593155399e-13 6.2561286902e+02
1.0000000000e+00 0.0000000000e+00 2.9704127569e+04 1.2664246121e+05 1.1665637369e+04 2.8987282392e+04 5.5709272147e+05 6.1871527737e+04 -5.0523726786e+01 3.5466298430e+02 -3.6484953071e+00 -1.2941408507e+02 6.3256224023e+02 -1.4762685876e-13 4.7279133342e+02
1.0000000000e+00 0.0000000000e+00 2.8473680608e+04 4.7090263873e+04 1.8077589004e+04 2.8673705453e+04 4.6678888954e+05 5.4484429570e+04 -5.2568694124e+01 2.1664273971e+02 1.0353809152e+01 -1.1566062232e+02 5.5187271386e+02 -1.4053763084e-13 2.8277561957e+02
1.0000000000e+00 0.0000000000e+00 5.5966777152e+03 3.5116834239e+04 3.7337301418e+03 1.5228931537e+04 4.5923453057e+05 4.1121050852e+04 -4.7379114057e+00 1.8526166342e+02 -1.1047940823e+01 -8.7692906294e+01 5.2409839516e+02 -1.2456101689e-13 1.3496232074e+02
1.0000000000e+00 0.0000000000e+00 2.0377248662e+04 8.9398278783e+04 6.6725439356e+03 2.0247576204e+04 4.2030417192e+05 4.4724245715e+04 -4.1801495954e+01 2.9622950856e+02 -1.5522072426e-02 -1.1224161250e+02 5.3680766193e+02 -1.3952274869e-13 4.9978373797e+02
1.0000000000e+00 0.0000000000e+00 9.0145169022e+04 2.9086241950e+05 6.0546259578e+04 6.9301051968e+04 7.9504391675e+05 1.2530122808e+05 -8.8311519504e+01 5.3880681131e+02 -2.4356972471e+01 -1.5568501845e+02 8.0646229818e+02 -1.6274311597e-13 5.0003055644e+02
1.0000000000e+00 0.0000000000e+00 4.3340146366e+04 1.8895020783e+05 2.1018910733e+04 4.0232603441e+04 5.7379748133e+05 7.5194571924e+04 -6.0805879151e+01 4.3182045749e+02 -1.3363659489e+01 -1.3613141607e+02 6.8323751744e+02 -1.5039584972e-13 6.0765347391e+02
1.0000000000e+00 0.0000000000e+00 7.2907855833e+04 3.6065858481e+05 4.5274620426e+04 4.8943988726e+04 7.0887070196e+05 1.0716970112e+05 -7.5001089114e+01 5.9528770405e+02 -4.2292396475e+01 -1.3646014922e+02 7.5062343273e+02 -1.7402406837e-13 7.6277207918e+02
1.0000000000e+00 0.0000000000e+00 4.1672402716e+04 1.5554236770e+04 1.7178867094e+04 6.3675112455e+04 6.7170550039e+05 8.2146525218e+04 -6.2694747316e+01 1.1724013327e+02 5.7868573907e+01 -1.7685958895e+02 7.3189033130e+02 -1.3096995863e-13 -3.5687484493e+01
1.0000000000e+00 0.0000000000e+00 6.8695642374e+03 2.0887932467e+04 5.8994969921e+03 4.6273745907e+03 1.7628208794e+05 1.7525633901e+04 -2.1687779364e+01 1.4416328028e+02 -7.0538238084e+00 -5.2879900839e+01 2.9468192671e+02 -1.0940099935e-13 1.8681156411e+02
1.0000000000e+00 0.0000000000e+00 7.7419114282e+03 6.9676921304e+04 1.0508281904e+03 7.2390817724e+03 2.7774114849e+05 2.5854197296e+04 -1.8634306634e+01 2.5575373593e+02 -1.0521370841e+01 -7.7042988315e+01 3.9727494036e+02 -1.2351148329e-13 3.7646461079e+02
1.0000000000e+00 0.0000000000e+00 2.8032227836e+05 6.4207347181e+05 1.6664506932e+05 3.0116176628e+05 2.5005866309e+06 4.0797162305e+05 -1.6761009413e+02 8.0023612019e+02 7.2074046040e+00 -3.1701193048e+02 1.4964612524e+03 -2.4285979795e-13 9.2051987971e+02
1.0000000000e+00 0.0000000000e+00 1.0615586106e+04 3.0781322029e+04 7.5759094005e+03 7.7277438907e+03 2.5536465744e+05 2.5458752257e+04 -2.7798636492e+01 1.7120979114e+02 -3.4266571021e+00 -6.9938463498e+01 3.6622477388e+02 -1.1210175714e-13 1.0814234512e+01
1.0000000000e+00 0.0000000000e+00 9.0281873228e+04 2.5724106715e+05 6.5520379617e+04 7.4160067856e+04 8.8474751150e+05 1.3401277707e+05 -8.8688993890e+01 5.0632103810e+02 -1.8857816406e+01 -1.6283472185e+02 8.4317839296e+02 -1.7205257371e-13 4.8605711803e+02
1.0000000000e+00 0.0000000000e+00 1.5667940737e+05 4.9845123017e+05 1.1517843215e+05 1.1445731770e+05 1.1572287091e+06 2.0390147361e+05 -1.1764981251e+02 7.0506726972e+02 -4.0571349125e+01 -1.8358482443e+02 9.7566318115e+02 -1.8375183923e-13 5.8694411187e+02
1.0000000000e+00 0.0000000000e+00 2.1851153259e+03 4.4208120294e+03 1.5282036600e+03 1.0853809314e+04 3.0743851303e+05 2.6463594084e+04 2.3357076777e+00 -4.8364373571e+01 1.8952337322e+01 -6.7695824273e+01 3.6921953776e+02 -1.0604230767e-13 -1.6400887020e+02
1.0000000000e+00 0.0000000000e+00 1.8269914421e+04 1.6513895112e+04 1.0132149084e+04 2.7363740590e+04 5.1667075910e+05 5.2309287994e+04 -3.7946052808e+01 1.2200972351e+02 3.0857738067e+01 -1.3208503402e+02 6.0048427572e+02 -1.3432597673e-13 1.0551161132e+02
1.0000000000e+00 0.0000000000e+00 6.8971529673e+03 1.4846878846e+04 3.5660534952e+03 8.1950677161e+03 3.2906368981e+05 2.8110139126e+04 -2.2416119183e+01 1.2069665919e+02 1.1454363365e+01 -8.4078429029e+01 4.0306501728e+02 -1.2321988169e-13 8.7353302321e+01
1.0000000000e+00 0.0000000000e+00 7.1657268476e+03 7.2292211157e+03 3.9965445700e+03 1.3793221219e+04 3.4494040989e+05 3.1518111964e+04 -1.5236671552e+01 -6.4419687671e+01 4.3048702158e+01 -1.0318133038e+02 4.6515638130e+02 -1.0386701569e-13 -1.0578075176e+02
1.0000000000e+00 0.0000000000e+00 4.3758024480e+04 1.9047300188e+05 3.0353604401e+04 3.4419482245e+04 5.9554166284e+05 7.8127859446e+04 -5.7067803747e+01 4.3035940165e+02 -2.7091503147e+01 -1.2241114218e+02 6.8005677081e+02 -1.6284794931e-13 6.6419397741e+02
1.0000000000e+00 0.0000000000e+00 8.4558538995e+03 1.1667467045e+04 5.2958874423e+03 1.1529373761e+04 3.4349048528e+05 3.1176611595e+04 -2.3933139316e+01 9.0153140770e+01 1.8243962996e+01 -9.7218299463e+01 4.7035336993e+02 -1.2291386901e-13 2.4209925167e+02
1.0000000000e+00 0.0000000000e+00 9.6559836355e+03 6.6976139509e+04 7.7274903417e+02 1.4237872704e+04 4.5728971946e+05 4.0841810195e+04 -2.2433829737e+01 2.3897009429e+02 1.5293410901e+00 -1.0859420231e+02 5.4450124814e+02 -1.4777429421e-13 4.5461408018e+02
1.0000000000e+00 0.0000000000e+00 4.1183631197e+04 1.5424385366e+05 1.6632865203e+04 4.2014007157e+04 7.2657350860e+05 8.2667998012e+04 -5.9231138379e+01 3.8351639474e+02 3.2646879196e+00 -1.5812044577e+02 7.6002277093e+02 -1.6090673750e-13 5.7053992179e+02
1.0000000000e+00 0.0000000000e+00 4.1525324187e+03 8.9619063590e+01 3.6655541282e+03 1.3218389488e+04 3.2043254638e+05 2.9113898803e+04 2.0995266161e+00 -1.4066069908e+00 3.1310362135e+01 -8.7461811243e+01 3.8836039483e+02 -1.1295644346e-13 1.9973515107e+01
1.0000000000e+00 0.0000000000e+00 1.9805259246e+04 1.5721734852e+04 6.4740800056e+03 3.2474088927e+04 4.0925549600e+05 4.5779269312e+04 -4.2811172223e+01 1.2471714957e+02 3.7797633385e+01 -1.3423853958e+02 5.6849113251e+02 -1.1492646328e-13 8.3393096275e+01
1.0000000000e+00 0.0000000000e+00 5.9517502450e+04 1.8896684546e+05 4.2965383569e+04 4.5457939645e+04 5.2224011129e+05 8.3551271524e+04 -7.2804796918e+01 4.3432029356e+02 -2.2223713116e+01 -1.2162054384e+02 6.4062924363e+02 -1.4335887973e-13 4.8325467378e+02
1.0000000000e+00 0.0000000000e+00 4.4093642748e+04 1.3233825509e+04 2.0849571643e+04 6.0460527322e+04 6.9192542366e+05 8.3520516283e+04 -6.3610570391e+01 1.0619535380e+02 6.0484479930e+01 -1.7637947985e+02 7.2002037384e+02 -1.3635498942e-13 1.7347549995e+01
1.0000000000e+00 0.0000000000e+00 1.0220001016e+05 3.2845121982e+05 8.0622837690e+04 6.6971192877e+04 9.3928216802e+05 1.4446340924e+05 -9.1106521682e+01 5.7126215615e+02 -3.5965185260e+01 -1.5931578956e+02 8.8139989130e+02 -1.7242057412e-13 6.6763812396e+02
1.0000000000e+00 0.0000000000e+00 4.9330065516e+03 2.5033627936e+04 1.1005930505e+03 1.2064750410e+04 2.9366269698e+05 2.6920025359e+04 -9.6341521727e+00 1.5651019049e+02 6.8165812417e+00 -8.5930879337e+01 4.1890158365e+02 -1.1625791459e-13 2.0326989752e+02
1.0000000000e+00 0.0000000000e+00 1.9460240436e+04 4.7744130752e+02 9.1256489731e+03 3.0753705887e+04 4.7029980573e+05 4.9496042172e+04 -3.7768763629e+01 5.4386413248e+00 5.6111656822e+01 -1.3944681716e+02 5.7386043277e+02 -1.3039746932e-13 7.9086470378e+01
1.0000000000e+00 0.0000000000e+00 3.0536752841e+04 9.0434938091e+03 1.5741714740e+04 4.8866987851e+04 7.4637344778e+05 7.9531035892e+04 -4.8731782197e+01 9.0450639310e+01 5.4723498964e+01 -1.7476998830e+02 7.5770433190e+02 -1.5014496869e-13 2.4395803366e+02
1.0000000000e+00 0.0000000000e+00 7.4385815775e+03 8.2799458818e+03 1.4533957853e+03 1.2469204966e+04 2.1081599189e+05 2.0853928729e+04 -2.4134843271e+01 8.7084462182e+01 2.1880672807e+01 -8.2804201383e+01 3.5239642003e+02 -1.0055514166e-13 4.3230356652e+01
1.0000000000e+00 0.0000000000e+00 2.5090311286e+04 7.4574478766e+04 1.4437515302e+04 2.6263528987e+04 5.5452813888e+05 5.9086409499e+04 -4.6083227007e+01 2.7280175416e+02 1.2629409510e+00 -1.2572886199e+02 6.3651988547e+02 -1.4382045410e-13 3.2478686298e+02
1.0000000000e+00 0.0000000000e+00 9.2570605417e+03 1.8741192009e+04 9.1140660581e+03 8.4768769657e+03 3.1265151104e+05 2.9718015783e+04 -2.3215887344e+01 1.3657425586e+02 -3.0924272823e+00 -7.7325608195e+01 4.3922181552e+02 -1.1500622086e-13 1.2965108126e+02
1.0000000000e+00 0.0000000000e+00 2.7661609517e+03 3.8671471946e+03 9.3454504734e+02 8.8320508109e+03 2.8113125462e+05 2.3496664547e+04 -8.8147179504e+00 1.2124274100e+01 2.4266492278e+01 -8.2123513504e+01 3.8766482616e+02 -1.0359118210e-13 -7.4973910170e+01
1.0000000000e+00 0.0000000000e+00 1.8523713269e+04 1.0110632558e+04 9.9621020192e+03 2.5524348717e+04 5.0779953921e+05 5.0490784087e+04 -3.9724426909e+01 9.9730925207e+01 3.3418599911e+01 -1.3320723279e+02 6.0800240340e+02 -1.2482708706e-13 1.2530653631e+02
1.0000000000e+00 0.0000000000e+00 8.8776688629e+03 5.3838127702e+04 4.6405009472e+03 6.2030085376e+03 2.4177278604e+05 2.3730362698e+04 -2.2885895321e+01 2.2312976006e+02 -1.2793434244e+01 -7.0354853109e+01 3.9086928338e+02 -1.1656453191e-13 3.2099112704e+02
1.0000000000e+00 0.0000000000e+00 7.2442195740e+03 8.6650052728e+03 5.6716822487e+03 6.0152874413e+03 1.7049485061e+05 1.7061078851e+04 -2.3375874305e+01 8.0329415711e+01 8.9904597015e+00 -6.2088882785e+01 3.0071358616e+02 -9.6337180184e-14 -8.2866476838e+00
1.0000000000e+00 0.0000000000e+00 8.3560025420e+04 2.2189023496e+05 5.4156488987e+04 7.6779706639e+04 6.6658651196e+05 1.1387624036e+05 -9.0590445124e+01 4.7073839326e+02 -1.1433711310e+01 -1.5198844406e+02 7.4884855147e+02 -1.5075726950e-13 5.0747599428e+02
1.0000000000e+00 0.0000000000e+00 4.0226825558e+03 5.3705364444e+02 1.6081866772e+03 1.1191634404e+04 2.3810173006e+05 2.1795131999e+04 -9.6181771414e+00 -1.7592466861e+01 3.5773679540e+01 -8.7501131334e+01 3.7192343655e+02 -9.7126371178e-14 -5.8709195375e+01
1.0000000000e+00 0.0000000000e+00 6.8553261274e+04 1.7397517408e+05 5.0917984903e+04 5.2797351613e+04 7.5780276133e+05 1.0540045951e+05 -7.6402170829e+01 4.1677643130e+02 -1.2065849014e+01 -1.4770233820e+02 7.6377579971e+02 -1.6345162438e-13 4.8518813594e+02
1.0000000000e+00 0.0000000000e+00 9.8410293244e+03 6.9431366301e+04 1.3192181544e+03 1.0215901564e+04 3.0007085168e+05 2.8805703813e+04 -2.5573987210e+01 2.5365501027e+02 -6.1834697421e+00 -8.7488002744e+01 4.4123727645e+02 -1.2378449224e-13 3.4830389794e+02
1.0000000000e+00 0.0000000000e+00 1.6042605091e+04 2.8833227928e+04 5.2575274480e+03 2.8038322240e+04 5.0105059948e+05 5.0071802703e+04 -3.6212836507e+01 1.6870781731e+02 2.3631242354e+01 -1.3121084423e+02 6.0657551126e+02 -1.3088703937e-13 2.0585727214e+02
1.0000000000e+00 0.0000000000e+00 2.5492989857e+04 1.5589491573e+05 7.9722333228e+03 2.3481598406e+04 6.0844311116e+05 6.2690758520e+04 -4.2716591306e+01 3.9302430531e+02 -1.3227698865e+01 -1.2752926739e+02 6.5307021070e+02 -1.5267779357e-13 4.8419840781e+02
1.0000000000e+00 0.0000000000e+00 3.8137286612e+04 2.1865714627e+05 1.3093737828e+04 3.4685285992e+04 7.3014284408e+05 8.1255128051e+04 -5.4378037110e+01 4.5891242294e+02 -1.6358486748e+01 -1.4344463000e+02 7.3167147961e+02 -1.7382625139e-13 7.0829913805e+02
1.0000000000e+00 0.0000000000e+00 2.5563180031e+04 2.1362976615e+05 1.1714984921e+04 8.8432704591e+03 4.1042842799e+05 4.7222858603e+04 -3.4921745801e+01 4.5054238233e+02 -4.4027541156e+01 -7.9877115500e+01 4.8780447530e+02 -1.6044334957e-13 6.8978926186e+02
1.0000000000e+00 0.0000000000e+00 6.8136963366e+03 1.5802953370e+04 1.5416174116e+03 1.2121667651e+04 4.2138264674e+05 3.5269613347e+04 -2.1005819849e+01 1.1591158280e+02 2.0862444452e+01 -1.0462939432e+02 4.8444902508e+02 -1.3568508596e-13 2.0689429255e+02
1.0000000000e+00 0.0000000000e+00 1.9448007634e+04 5.6042503729e+04 1.2417293723e+04 1.7701275670e+04 5.1989519557e+05 5.1097601918e+04 -3.6904026956e+01 2.3652880579e+02 1.0036984138e+00 -1.1262957721e+02 5.7679556115e+02 -1.4142533505e-13 2.6676452321e+02
1.0000000000e+00 0.0000000000e+00 8.9476129301e+03 5.8466782007e+03 5.0488924069e+03 1.3096162895e+04 2.6817997890e+05 2.6425292787e+04 -2.7574657940e+01 7.3053216657e+01 1.9959650191e+01 -8.8716436817e+01 4.1477700507e+02 -1.0607996415e-13 5.4148634619e+01
1.0000000000e+00 0.0000000000e+00 1.0379078239e+05 2.2714580420e+05 6.0469889101e+04 1.1261206877e+05 9.1761778492e+05 1.4994492151e+05 -1.0294518558e+02 4.7416153785e+02 7.1307569444e+00 -1.9152454193e+02 8.9314565555e+02 -1.6903924832e-13 6.2340150024e+02
1.0000000000e+00 0.0000000000e+00 1.4080799500e+03 2.4494109983e+03 1.3837840908e+03 4.4825569073e+03 2.3924288559e+05 1.8836022282e+04 -3.3024341604e+00 3.9711581873e+01 -6.6343438833e-01 -4.6981098832e+01 2.9089488588e+02 -1.0814131368e-13 4.4314601618e+01
1.0000000000e+00 0.0000000000e+00 4.4096186642e+02 8.1852589562e+02 4.9071491827e+02 2.4823663786e+03 1.1441555361e+05 9.0700622747e+03 1.3179795463e+00 2.6108061740e+01 -4.1042097252e-01 -2.8820602338e+01 1.7718683760e+02 -8.7643393126e-14 -2.6397832624e+01
1.0000000000e+00 0.0000000000e+00 1.1258409654e+04 4.5246101593e+04 4.4325356457e+03 1.1983209876e+04 2.9242892365e+05 2.9236471122e+04 -3.0739718078e+01 2.1235228971e+02 -5.0315441107e-01 -8.5298734000e+01 4.2049191858e+02 -1.2116140004e-13 2.4687570755e+02
1.0000000000e+00 0.0000000000e+00 3.1532563368e+03 9.4061145680e+03 2.1022529611e+03 6.0167042186e+03 2.7746612504e+05 2.2754500511e+04 -1.2011447065e+01 9.6581454034e+01 2.8700287527e+00 -7.0084462660e+01 3.8174107641e+02 -1.1232977491e-13 7.9281790991e+01
1.0000000000e+00 0.0000000000e+00 3.9679062538e+03 6.1902534758e+03 1.0297914491e+03 9.4487718543e+03 2.6194011291e+05 2.2640735223e+04 -1.2815629868e+01 6.8356398779e+01 2.3157649653e+01 -8.6311336236e+01 3.8156544868e+02 -1.0970594201e-13 1.0492276301e+02
1.0000000000e+00 0.0000000000e+00 4.1732171454e+04 6.4844560659e+04 2.7704306645e+04 4.9275674964e+04 5.6388802820e+05 7.5359422183e+04 -3.3737638751e+01 -2.5010387823e+02 1.1738128428e+02 -1.8182153500e+02 6.5401143767e+02 -1.1082363530e-13 -3.0436557340e+02
1.0000000000e+00 0.0000000000e+00 1.3939311230e+04 1.5191271001e+04 1.4634408784e+04 8.5806800703e+03 2.4669840474e+05 2.7533089902e+04 -3.0008741631e+01 1.0292818694e+02 3.0589669608e+00 -7.1558572808e+01 3.8577224750e+02 -1.0664136483e-13 -1.8891249208e+01
1.0000000000e+00 0.0000000000e+00 3.8873271416e+03 2.4455577634e+03 3.7230802695e+03 5.3599831708e+03 2.3213825901e+05 1.9763170379e+04 -1.0147434888e+01 -4.4963050831e+01 2.3530521345e+01 -6.6727149455e+01 3.3086255643e+02 -1.0850149827e-13 1.3049653692e+01
1.0000000000e+00 0.0000000000e+00 2.1383431614e+04 1.5093797594e+03 9.2119845552e+03 4.0208579896e+04 6.8928247469e+05 6.8588335323e+04 -3.1738610668e+01 1.4711162995e+00 7.3117347775e+01 -1.7176892738e+02 6.8508491576e+02 -1.3606168781e-13 3.1220826629e+01
1.0000000000e+00 0.0000000000e+00 6.8906240450e+03 8.5297878566e+03 3.4026860445e+03 9.6728907395e+03 3.7825752679e+05 3.1704199786e+04 -2.1293630218e+01 8.7416696247e+01 2.1409684849e+01 -9.4662399816e+01 4.3489294569e+02 -1.3047428374e-13 1.4053140243e+02
1.0000000000e+00 0.0000000000e+00 1.2495054303e+04 1.9464769960e+04 8.4949752839e+03 1.3602101678e+04 2.1453508661e+05 2.5205204118e+04 -1.6819038894e+01 -1.3243023627e+02 6.6324702753e+01 -1.0211871936e+02 3.5885459760e+02 -8.9364245007e-14 -1.9201053070e+02
1.0000000000e+00 0.0000000000e+00 1.8724511083e+04 7.8684296644e+04 1.0684819724e+04 1.7581217158e+04 4.7800155225e+05 4.8598854029e+04 -3.7599372138e+01 2.7066686458e+02 -7.2445202276e+00 -1.0737757640e+02 5.6924181473e+02 -1.4666300561e-13 4.4105975025e+02
1.0000000000e+00 0.0000000000e+00 5.0063260171e+03 1.2972607311e+03 3.9816673643e+03 7.9197362301e+03 2.4752600190e+05 2.2010286507e+04 -1.7381587051e+01 3.4861788850e+01 1.7786752420e+01 -7.5575836262e+01 3.6845116303e+02 -1.0745018343e-13 5.6928083092e+01
1.0000000000e+00 0.0000000000e+00 4.1709277496e+04 1.3574189643e+05 2.5897669812e+04 3.8328373400e+04 7.3890446891e+05 8.4909379890e+04 -5.8719825125e+01 3.6214149221e+02 -4.9409192985e+00 -1.4778756908e+02 7.5886923289e+02 -1.6098698365e-13 4.6953996856e+02
1.0000000000e+00 0.0000000000e+00 3.7084958298e+04 1.5652177432e+05 2.9679999173e+04 1.9668257436e+04 3.7606475542e+05 5.4725657254e+04 -5.0361802712e+01 3.9293653736e+02 -3.4630600506e+01 -8.8297163176e+01 5.2655583735e+02 -1.4004861971e-13 4.8226387758e+02
1.0000000000e+00 0.0000000000e+00 1.0732233634e+04 5.1939788103e+04 7.7932831688e+03 6.9745541824e+03 3.3500589648e+05 3.1615265876e+04 -2.4567486240e+01 2.2762327140e+02 -1.3769841322e+01 -7.6672895513e+01 4.3629814899e+02 -1.2230967855e-13 2.0001235835e+02
1.0000000000e+00 0.0000000000e+00 4.7743826567e+04 1.9987200149e+05 3.7139286530e+04 2.6489153351e+04 5.6843732102e+05 7.6109059524e+04 -5.9890959723e+01 4.4533526973e+02 -3.6429418006e+01 -1.0899544179e+02 6.3869745094e+02 -1.5312485411e-13 4.8335141888e+02
1.0000000000e+00 0.0000000000e+00 2.8425928992e+03 1.2710817917e+03 4.2939133924e+03 4.4983076802e+03 2.1675203493e+05 1.8526637689e+04 -3.5588793123e+00 -3.3281254600e+01 1.1530623289e+01 -5.2415776519e+01 3.0296594702e+02 -1.0392615432e-13 -5.4910499121e+01
1.0000000000e+00 0.0000000000e+00 6.3689455199e+04 2.1317454729e+05 3.4297349037e+04 6.2396144416e+04 6.4763854331e+05 9.7105639937e+04 -7.8764638327e+01 4.6060475356e+02 -1.0218331423e+01 -1.4734749401e+02 7.1731159540e+02 -1.5811208637e-13 4.6626470326e+02
1.0000000000e+00 0.0000000000e+00 5.6118156430e+04 4.1714717121e+04 3.3164433267e+04 8.0704750105e+04 1.2507292338e+06 1.3697729155e+05 -6.9172715079e+01 2.0321910298e+02 4.9247257746e+01 -2.1921508299e+02 1.0086602867e+03 -1.6477016767e-13 1.8972378332e+02
1.0000000000e+00 0.0000000000e+00 1.0820430165e+04 1.4307264687e+04 9.4714535515e+03 1.5646615976e+04 2.7718592804e+05 3.0509363062e+04 -3.7071336189e+00 -1.1747550935e+02 6.4592774449e+01 -1.0828552717e+02 4.0041444553e+02 -1.0157534570e-13 -5.4568349683e+01
1.0000000000e+00 0.0000000000e+00 2.1708660743e+04 1.2022058112e+03 1.1058508865e+04 3.2365016778e+04 5.3121813608e+05 5.5191074550e+04 -3.9522454288e+01 -1.8276431461e+01 5.8722910933e+01 -1.4612046348e+02 6.1943418215e+02 -1.2476892673e-13 -8.7678516736e+01
1.0000000000e+00 0.0000000000e+00 1.3444595564e+04 4.9431598274e+04 8.7484494431e+03 9.6430258134e+03 3.2087771635e+05 3.2159322152e+04 -3.2321705209e+01 2.2220664822e+02 -7.5631462169e+00 -8.2621794594e+01 4.4049610753e+02 -1.2342392565e-13 2.2662075640e+02
1.0000000000e+00 0.0000000000e+00 1.1918554913e+04 6.0989007861e+04 3.8649315122e+03 1.3272499349e+04 3.5371463694e+05 3.4475664922e+04 -2.8325176778e+01 2.4368532973e+02 -5.8331800206e-01 -9.6108740133e+01 4.7063434344e+02 -1.3232983290e-13 3.5196296619e+02
1.0000000000e+00 0.0000000000e+00 3.4053496302e+04 6.5203788616e+04 1.2458529594e+04 4.9545961948e+04 6.6423589314e+05 7.5676545329e+04 -5.7320041180e+01 2.5466176337e+02 2.6483055968e+01 -1.5985388831e+02 7.1764121481e+02 -1.4460479422e-13 2.4570411534e+02
1.0000000000e+00 0.0000000000e+00 2.9114397110e+04 1.1071529380e+05 2.4319026316e+04 1.5230303246e+04 3.6036372444e+05 4.7085672968e+04 -4.5652143427e+01 3.3241850399e+02 -2.6323404420e+01 -8.6222180115e+01 5.0387600610e+02 -1.2638032012e-13 3.1019314436e+02
1.0000000000e+00 0.0000000000e+00 4.2105196167e+03 7.6106799054e+03 2.7392530892e+03 7.6732987655e+03 2.2475995631e+05 2.0144367677e+04 -7.4143102383e+00 -6.7394767990e+01 3.7114896494e+01 -7.8057562292e+01 3.3646991169e+02 -9.1663153514e-14 -1.7104792688e+02
1.0000000000e+00 0.0000000000e+00 3.7690002676e+04 5.9552723479e+04 1.5810499092e+04 4.7141164138e+04 6.1885492107e+05 7.2702243971e+04 -6.0872936150e+01 2.4356216375e+02 2.8787160685e+01 -1.5677804110e+02 6.9035895203e+02 -1.4556443599e-13 3.2347039142e+02
1.0000000000e+00 0.0000000000e+00 1.2029218150e+05 5.2869691698e+05 9.0145714509e+04 7.0405571663e+04 7.2896608943e+05 1.4588231519e+05 -9.5764502388e+01 7.1957664991e+02 -6.5378653425e+01 -1.3320357184e+02 7.8527650822e+02 -1.7935671507e-13 9.2028088964e+02
1.0000000000e+00 0.0000000000e+00 1.1098321494e+05 3.0242888972e+05 7.9163374571e+04 9.1705171722e+04 1.0470733592e+06 1.6098117266e+05 -1.0026304350e+02 5.4889198299e+02 -1.7692381418e+01 -1.8156070710e+02 9.3029036273e+02 -1.7966091581e-13 5.4553084087e+02
1.0000000000e+00 0.0000000000e+00 3.7599185229e+04 1.1792775111e+05 2.3482794880e+04 3.1463868442e+04 5.1773960737e+05 6.5007589508e+04 -5.8303571095e+01 3.4308212327e+02 -8.2441152575e+00 -1.2244440849e+02 6.2367809993e+02 -1.3644733898e-13 3.5941895137e+02
1.0000000000e+00 0.0000000000e+00 1.3858049223e+04 1.1445770214e+04 1.0366537451e+04 1.9348883310e+04 4.3157604609e+05 4.2811976952e+04 -2.1708607728e+01 -1.0283110607e+02 6.1853871493e+01 -1.2643480620e+02 5.2921420894e+02 -1.2123924671e-13 -8.1331301390e+01
1.0000000000e+00 0.0000000000e+00 1.0620595793e+04 4.0202683121e+04 5.3923819309e+03 8.5664732696e+03 1.7077744809e+05 1.9673518242e+04 -3.0600938966e+01 1.9837121326e+02 -5.7728218891e+00 -5.9292747830e+01 2.8971300947e+02 -1.0086573009e-13 6.9924883809e+01
1.0000000000e+00 0.0000000000e+00 5.2768267905e+03 9.4791661224e+03 9.2820332220e+02 1.2421639500e+04 3.0601906013e+05 2.7068664821e+04 -1.6638953400e+01 9.5854675639e+01 2.2220545974e+01 -9.6382708021e+01 4.3505503511e+02 -1.0773725290e-13 1.2260982939e+02
1.0000000000e+00 0.0000000000e+00 8.0786611926e+04 3.5090583786e+05 5.7622656055e+04 4.6534221271e+04 7.5249614462e+05 1.1385483741e+05 -7.8212012887e+01 5.8150848634e+02 -4.5605587853e+01 -1.3265006854e+02 7.5637867456e+02 -1.8550532919e-13 8.8207819651e+02
1.0000000000e+00 0.0000000000e+00 3.2385488258e+03 1.6427309076e+04 3.4499175168e+03 3.5613421928e+03 1.0543437923e+05 1.1001751464e+04 6.5619076547e+00 1.2250091194e+02 -1.0591824158e+01 -2.6455043184e+01 1.5563811408e+02 -9.3607038931e-14 2.1169884684e+02
1.0000000000e+00 0.0000000000e+00 7.1292858702e+04 5.0873723860e+04 4.8412161138e+04 8.4659601645e+04 1.0160029113e+06 1.3000419337e+05 -8.0295386102e+01 2.2359558871e+02 4.2642001895e+01 -2.0263578324e+02 9.2454550609e+02 -1.5945045879e-13 2.2953173232e+02
1.0000000000e+00 0.0000000000e+00 1.2721665568e+04 2.3501372385e+04 9.6696073937e+03 1.1991592090e+04 3.7514286694e+05 3.5985435989e+04 -3.1076668813e+01 1.5291917959e+02 5.6619084679e+00 -9.4396038404e+01 4.8585445091e+02 -1.2331020265e-13 1.7209781478e+02
1.0000000000e+00 0.0000000000e+00 1.4291903288e+04 1.8790984871e+04 5.0732164749e+03 2.3255642579e+04 4.1210372099e+05 4.1350360129e+04 -3.5138266907e+01 1.2935603975e+02 2.3726661452e+01 -1.1572669154e+02 5.3080928386e+02 -1.1665783683e-13 1.7993962080e+01
1.0000000000e+00 0.0000000000e+00 4.1052174669e+03 3.4126211834e+03 1.2015788804e+03 7.0373799150e+03 1.8807657517e+05 1.6518952308e+04 -1.6431270281e+01 4.6504285477e+01 2.2301908491e+01 -7.1618213438e+01 3.0434187377e+02 -9.6686629623e-14 -1.1804850869e+01
1.0000000000e+00 0.0000000000e+00 3.1285864420e+04 9.6949752418e+02 1.6896729623e+04 4.5799183899e+04 6.5851686317e+05 7.2333100802e+04 -4.7726639588e+01 2.8170207658e+01 6.6020523090e+01 -1.6917719150e+02 6.9350806910e+02 -1.4047744719e-13 9.0881878834e+01
1.0000000000e+00 0.0000000000e+00 9.5013053573e+03 9.8896363732e+03 5.2302851038e+03 1.2639172758e+04 3.2806608838e+05 3.0524773020e+04 -2.1342356581e+01 9.3678886206e+01 3.0520550587e+01 -1.0444285791e+02 4.3764651056e+02 -1.2290048873e-13 1.3877541893e+02
1.0000000000e+00 0.0000000000e+00 6.4666447431e+03 1.7276944826e+04 4.5428486124e+03 9.8985635769e+03 2.8368529991e+05 2.6369601837e+04 -8.5846384855e+00 -1.2075427133e+02 4.4107803426e+01 -8.4263207785e+01 3.7261869363e+02 -9.5486710400e-14 -2.4133640994e+02
1.0000000000e+00 0.0000000000e+00 1.4625638446e+04 1.0994593055e+05 3.1530827198e+03 1.1860487583e+04 3.1802877465e+05 3.3552086082e+04 -3.0675697957e+01 3.2181684169e+02 -1.2829670923e+01 -8.9932422691e+01 4.5013275448e+02 -1.3648361858e-13 4.5685697431e+02
1.0000000000e+00 0.0000000000e+00 1.6715148085e+04 5.9028533347e+03 9.0234809269e+03 2.6857278343e+04 4.1547355284e+05 4.4270912820e+04 -2.6200734261e+01 -6.5780457980e+01 6.6110417481e+01 -1.3454298527e+02 5.2919169828e+02 -1.1695936337e-13 -7.7713150447e+01
1.0000000000e+00 0.0000000000e+00 4.9171449204e+03 1.1237200551e+04 3.7816775042e+03 6.0562567648e+03 2.0111267684e+05 1.8451445893e+04 -1.0763323186e+01 -1.0107367583e+02 3.8597532076e+01 -7.3029814323e+01 3.1793803462e+02 -9.5263714685e-14 -1.5938171914e+02
1.0000000000e+00 0.0000000000e+00 1.1991124420e+04 2.0882233749e+04 9.7381936478e+03 1.8833065280e+04 4.1555428615e+05 4.1697086053e+04 -6.0263528801e+00 -1.4417662425e+02 6.8567918376e+01 -1.2045944137e+02 4.7642108854e+02 -1.1453670428e-13 -1.4243603244e+02
1.0000000000e+00 0.0000000000e+00 6.9682198542e+03 1.2921916333e+04 1.5496514161e+03 1.2450533043e+04 3.4398898500e+05 3.0073787908e+04 -2.1185644125e+01 1.1312134030e+02 2.4144794770e+01 -1.0303432412e+02 4.5474028694e+02 -1.1763864979e-13 8.6405443150e+01
1.0000000000e+00 0.0000000000e+00 1.7422837446e+04 7.4186125107e+04 5.8010483647e+03 2.3554196453e+04 4.9386096669e+05 5.0038581771e+04 -3.6995992028e+01 2.7054043068e+02 2.7249659442e+00 -1.2184310790e+02 6.0268888595e+02 -1.3844642348e-13 3.6167431503e+02
1.0000000000e+00 0.0000000000e+00 1.2228063215e+04 5.8519498297e+04 1.0471696801e+04 4.5629812559e+03 2.7089091380e+05 2.7692579368e+04 -2.5380265277e+01 2.4132723925e+02 -2.5219567820e+01 -5.5911034996e+01 3.6002158170e+02 -1.2661752114e-13 2.5906687229e+02
1.0000000000e+00 0.0000000000e+00 5.2021365989e+04 1.1066609949e+05 4.5531039719e+04 3.6768693514e+04 5.1487407461e+05 7.6359026981e+04 -6.5465374002e+01 3.2511276754e+02 -1.2140106863e+01 -1.1760268429e+02 6.2931496896e+02 -1.3477487597e-13 1.4537714651e+02
1.0000000000e+00 0.0000000000e+00 3.5239767026e+03 1.8426028785e+03 2.4097939957e+03 5.6880731785e+03 1.5557945522e+05 1.4166246448e+04 -7.5251554358e+00 -3.9448305837e+01 3.6452503993e+01 -6.9217478295e+01 2.6072816099e+02 -9.1438692740e-14 -2.0110419388e+01
1.0000000000e+00 0.0000000000e+00 5.2393251198e+03 9.2263209626e+03 3.9618695548e+03 7.2825743291e+03 2.9694972561e+05 2.5430123039e+04 -1.6808547963e+01 6.4620173044e+01 8.4373291247e+00 -7.3204645046e+01 3.9054431926e+02 -1.0459724848e-13 -1.0624216441e+02
1.0000000000e+00 0.0000000000e+00 2.0821622562e+04 2.0257349841e+04 1.2153982143e+04 2.3725614800e+04 5.1934996094e+05 5.1901166786e+04 -4.2091585666e+01 1.4125186858e+02 2.6264240611e+01 -1.2770109228e+02 5.8629885929e+02 -1.3372320306e-13 7.5903080251e+01
1.0000000000e+00 0.0000000000e+00 8.4193409779e+04 3.1129892243e+04 2.9252632972e+04 1.3751392460e+05 1.3147522407e+06 1.6476166000e+05 -8.8553208108e+01 1.7446240137e+02 8.8267274248e+01 -2.6125604335e+02 1.0623618200e+03 -1.5855043737e-13 1.0620760075e+02
1.0000000000e+00 0.0000000000e+00 1.6661018819e+04 1.4856670197e+04 1.4032105216e+04 3.9250825943e+04 5.6502846366e+05 6.2536178375e+04 1.8157513750e+00 -1.1492728984e+02 7.5440421908e+01 -1.4830095419e+02 5.9803679094e+02 -1.2930604949e-13 -1.6728498946e+01
1.0000000000e+00 0.0000000000e+00 1.2009813240e+04 8.9604676966e+03 6.8876150967e+03 2.0333369168e+04 3.6861707141e+05 3.7399887027e+04 -1.5654600050e+01 -9.0745480112e+01 6.6716436767e+01 -1.2414552798e+02 4.7376855799e+02 -1.1043583095e-13 -1.4537859877e+02
1.0000000000e+00 0.0000000000e+00 3.0145642394e+04 6.3183181933e+04 9.0254248629e+03 4.3683253134e+04 6.6796859489e+05 7.1696661677e+04 -5.2878342391e+01 2.5046802909e+02 2.7942220947e+01 -1.6240675267e+02 7.2853648750e+02 -1.3787563243e-13 2.6748341291e+02
1.0000000000e+00 0.0000000000e+00 3.2037389938e+04 6.3674976250e+04 2.2029567652e+04 3.5585020060e+04 4.3466642760e+05 5.7973185074e+04 -1.9087722780e+01 -2.4887860187e+02 1.1505866033e+02 -1.5902609703e+02 5.1474368278e+02 -1.0738942192e-13 -2.9642014692e+02
1.0000000000e+00 0.0000000000e+00 4.7358106577e+04 1.7758962079e+05 3.0803207914e+04 3.6355366125e+04 6.4953344154e+05 8.2191150779e+04 -6.2905375666e+01 4.2022814250e+02 -1.8548190053e+01 -1.3387953744e+02 7.0985386140e+02 -1.5225558329e-13 5.0327694515e+02
1.0000000000e+00 0.0000000000e+00 1.1307410367e+05 3.5898396624e+05 5.3693023609e+04 1.1796652652e+05 1.1409755155e+06 1.7098995247e+05 -1.0704767992e+02 5.9176953720e+02 -3.3770091593e+00 -2.0586998769e+02 9.7043158533e+02 -1.9548537514e-13 7.5695842792e+02
1.0000000000e+00 0.0000000000e+00 5.3978857963e+03 1.8606039712e+03 2.1412796900e+03 1.0600871165e+04 2.2164035299e+05 2.0716100027e+04 -1.7174732545e+01 2.1507714494e+01 3.0798214018e+01 -8.5277059191e+01 3.6010055179e+02 -1.0229184138e-13 2.2926540078e+01
1.0000000000e+00 0.0000000000e+00 1.2183481919e+04 1.9212392052e+04 8.0512087323e+03 2.0388581901e+04 3.8442522263e+05 3.9496893166e+04 -1.3375326398e+01 -1.2674385655e+02 6.7420822097e+01 -1.2526783120e+02 5.0327730760e+02 -1.1081883548e-13 -1.0099575647e+02
1.0000000000e+00 0.0000000000e+00 5.1348323209e+04 1.7281779214e+05 3.2045043169e+04 4.8156735602e+04 6.6844111054e+05 8.9098523387e+04 -6.7046677919e+01 4.1486716369e+02 -1.1351748839e+01 -1.4496664458e+02 7.4221131417e+02 -1.5483080963e-13 5.1886191617e+02
1.0000000000e+00 0.0000000000e+00 5.1043821170e+04 1.2729083496e+05 3.6079633781e+04 4.7794827116e+04 8.2453807302e+05 9.8920836428e+04 -6.6695170214e+01 3.5674601209e+02 -2.7908137105e+00 -1.5623209316e+02 8.0582940842e+02 -1.5631209217e-13 3.6245781068e+02
1.0000000000e+00 0.0000000000e+00 8.6922630153e+03 1.9345271571e+04 2.3097664209e+03 1.3951303342e+04 3.2733371785e+05 3.0277635068e+04 -2.3955107083e+01 1.3757153796e+02 2.2587532303e+01 -1.0515327093e+02 4.6098277030e+02 -1.1693472626e-13 1.5503754421e+02
1.0000000000e+00 0.0000000000e+00 5.4745045349e+03 9.5475657746e+03 2.5935085644e+03 1.9951097785e+04 3.5784019239e+05 3.4680102190e+04 1.6699787660e+00 8.9029314758e+01 1.4714566937e+01 -9.1233656295e+01 4.5356631569e+02 -1.1607684631e-13 1.2159630201e+02
1.0000000000e+00 0.0000000000e+00 3.6324321137e+04 7.0457203068e+04 8.3757096299e+03 5.5779317687e+04 7.9197787984e+05 8.5586894625e+04 -5.8132439637e+01 2.6355265807e+02 3.6234295295e+01 -1.7808943365e+02 7.7120016506e+02 -1.6109501246e-13 4.0117185489e+02
1.0000000000e+00 0.0000000000e+00 1.5248527347e+04 6.4707033570e+04 6.5926486690e+03 1.4728638783e+04 3.2325334526e+05 3.4445108878e+04 -3.5289788296e+01 2.4598347515e+02 -1.4762953545e+00 -9.1398675352e+01 4.4300172282e+02 -1.3566791227e-13 4.6369171705e+02
1.0000000000e+00 0.0000000000e+00 2.7964889074e+04 1.1093266329e+05 1.6926781071e+04 2.9861724650e+04 7.9201407784e+05 7.9558455493e+04 -4.4196899085e+01 3.2823694094e+02 -7.6739601041e+00 -1.4287055818e+02 7.6826721538e+02 -1.6592977109e-13 4.9972176929e+02
1.0000000000e+00 0.0000000000e+00 6.9359204972e+04 2.0234415976e+05 5.9638404860e+04 4.2888674790e+04 8.2714357734e+05 1.1074646277e+05 -7.2459200160e+01 4.4970342472e+02 -2.7029686455e+01 -1.4456558380e+02 8.1437577225e+02 -1.6357798229e-13 4.4156560432e+02
1.0000000000e+00 0.0000000000e+00 6.9436049469e+03 1.5618601674e+03 2.2177248660e+03 1.2382349945e+04 2.5681513888e+05 2.3905672072e+04 -2.1056164726e+01 2.3664460933e+01 3.4962651581e+01 -9.4644037520e+01 3.9479700979e+02 -1.0620167230e-13 9.7042798329e+01
1.0000000000e+00 0.0000000000e+00 4.6682112048e+04 2.5561006294e+05 2.6351178103e+04 3.5153445963e+04 7.8294882049e+05 9.2561744716e+04 -5.6810598385e+01 4.9813575536e+02 -3.1614301578e+01 -1.4127276439e+02 7.8599853243e+02 -1.6648205873e-13 7.0901649990e+02
1.0000000000e+00 0.0000000000e+00 5.1668339535e+04 1.0974100498e+05 6.4343538886e+04 2.0093462165e+04 9.5709115293e+05 1.0662611742e+05 -4.7999795408e+01 3.1521424720e+02 -3.2642354227e+01 -1.2540363394e+02 8.2044562476e+02 -1.5693865588e-13 1.4099836387e+02
1.0000000000e+00 0.0000000000e+00 5.7572876220e+04 1.9478325360e+05 2.0800711493e+04 7.0684426648e+04 7.5722985556e+05 1.0149648263e+05 -7.5070104563e+01 4.3969991141e+02 7.1508631572e+00 -1.7279984674e+02 7.9247919949e+02 -1.6088043420e-13 5.0033782992e+02
1.0000000000e+00 0.0000000000e+00 8.1602102078e+03 1.1143218555e+04 3.2629455013e+03 1.3382490125e+04 2.6308632705e+05 2.5704303691e+04 -2.6027356428e+01 1.0275767672e+02 1.7833263213e+01 -9.0919734745e+01 4.2136954516e+02 -9.8281289376e-14 4.2028755358e+00
1.0000000000e+00 0.0000000000e+00 1.7961264173e+04 3.5062042629e+04 7.7158507177e+03 2.2943389333e+04 4.6017805737e+05 4.6386784707e+04 -4.0114832163e+01 1.8605804978e+02 1.8932672690e+01 -1.2315065980e+02 5.6973986638e+02 -1.2917302843e-13 1.5684611364e+02
1.0000000000e+00 0.0000000000e+00 2.8559926472e+04 3.3968799904e+04 1.5834322147e+04 3.5527468741e+04 6.4913492487e+05 6.8231925693e+04 -5.0572445894e+01 1.8400364943e+02 2.7172066592e+01 -1.4744422886e+02 6.8176717210e+02 -1.4977900630e-13 2.3927731061e+02
1.0000000000e+00 0.0000000000e+00 2.4653136413e+04 2.6185377580e+04 4.3324575632e+03 5.4775703929e+04 7.7592843674e+05 8.0120400558e+04 -3.5780956694e+01 1.5657286975e+02 5.6394609422e+01 -1.8605357299e+02 7.7421747489e+02 -1.4136060325e-13 2.0041651915e+02
1.0000000000e+00 0.0000000000e+00 8.0070698864e+03 4.3622420346e+04 3.5034127794e+03 1.0331080498e+04 3.0907905408e+05 2.9128428772e+04 -2.1635692823e+01 2.0166956139e+02 -5.3494430194e+00 -8.3944936147e+01 4.5030910578e+02 -1.2173087072e-13 3.2038317527e+02
1.0000000000e+00 0.0000000000e+00 5.8695326480e+03 1.2393692905e+04 6.7029332853e+02 1.1508246367e+04 2.1312735456e+05 2.0440791682e+04 -1.9280917558e+01 9.9450165079e+01 2.0341127652e+01 -8.2423443271e+01 3.5060852470e+02 -1.0583875714e-13 2.5362665706e+02
1.0000000000e+00 0.0000000000e+00 2.5476101703e+05 8.7785489389e+05 1.6277254724e+05 2.1917157634e+05 2.2418515979e+06 3.6348976795e+05 -1.5284831458e+02 9.3341077160e+02 -3.9810379525e+01 -2.7359347371e+02 1.4079554333e+03 -2.4079280967e-13 1.0739591262e+03
1.0000000000e+00 0.0000000000e+00 2.5654025887e+04 2.0591683648e+04 1.1832052556e+04 4.3168252023e+04 7.8335286063e+05 7.8327296070e+04 -4.5695019591e+01 1.4173989732e+02 3.6849432478e+01 -1.6391242466e+02 7.6154392006e+02 -1.4988797152e-13 2.4534301616e+02
1.0000000000e+00 0.0000000000e+00 2.2947205121e+04 1.4443021156e+05 1.6022376166e+04 7.9331583899e+03 3.0932991532e+05 3.8444892285e+04 -3.6730549723e+01 3.7356356707e+02 -4.0208814405e+01 -6.5974870271e+01 4.2648575070e+02 -1.3825143743e-13 5.1449756154e+02
1.0000000000e+00 0.0000000000e+00 1.3842245790e+04 1.3353495659e+04 2.9814561753e+03 2.8378632160e+04 5.9979075451e+05 5.5119915347e+04 -3.0331289150e+01 1.1379362892e+02 4.0271299290e+01 -1.4631687715e+02 6.4187358870e+02 -1.3237464895e-13 7.1027716508e+01
1.0000000000e+00 0.0000000000e+00 9.5142347171e+03 6.1986436966e+03 5.6184380939e+03 3.1540776869e+04 7.3117005743e+05 6.6169101911e+04 -1.2202711614e+01 -6.8971486521e+01 4.7923405518e+01 -1.4124005765e+02 6.9312845098e+02 -1.3123875773e-13 -1.1207171412e+02
1.0000000000e+00 0.0000000000e+00 8.3054612212e+03 7.3817328229e+04 1.8752044139e+03 7.6795979472e+03 3.3849069818e+05 3.0699591253e+04 -1.4437528192e+01 2.6238959053e+02 -1.3560941537e+01 -7.6692658511e+01 4.0952019900e+02 -1.3363794734e-13 4.1533609727e+02
1.0000000000e+00 0.0000000000e+00 1.3775046749e+04 6.2591752289e+04 7.6334221823e+03 1.5705148479e+04 4.6316723235e+05 4.4641235724e+04 -2.8967924479e+01 2.4870696903e+02 -5.3225218899e+00 -1.0562450539e+02 5.6128969952e+02 -1.3412748896e-13 3.1086822824e+02
1.0000000000e+00 0.0000000000e+00 1.3488232050e+04 2.2513053937e+04 9.3088795933e+03 1.2939077989e+04 2.4108223111e+05 2.7192612031e+04 -3.4327943460e+01 1.3772594344e+02 8.5798277143e+00 -8.1742004980e+01 3.9325533327e+02 -1.0328781440e-13 -1.8926193109e+01
1.0000000000e+00 0.0000000000e+00 2.2116825814e+04 1.1348862679e+05 5.7458494017e+03 2.9484476411e+04 6.0854921904e+05 6.2354616915e+04 -3.8988047759e+01 3.3319665658e+02 8.8604955470e-01 -1.3740759860e+02 6.7302847966e+02 -1.5987832456e-13 4.9753710887e+02
1.0000000000e+00 0.0000000000e+00 6.0490191267e+03 5.2561262267e+04 1.3080421285e+03 7.8221857351e+03 2.4830551801e+05 2.3402175321e+04 -1.4129702662e+01 2.2616525696e+02 -1.0328977217e+01 -7.3337873135e+01 3.9289591899e+02 -1.1178502821e-13 2.2790902185e+02
1.0000000000e+00 0.0000000000e+00 3.4087806664e+03 4.7918589807e+03 4.5475187643e+03 3.5735118835e+03 2.1510146632e+05 1.8280948712e+04 -9.2021038685e+00 6.5169730534e+01 -2.5316661830e+00 -5.2311527591e+01 3.1997973859e+02 -1.0095401370e-13 4.1288254002e+01
1.0000000000e+00 0.0000000000e+00 7.6588363488e+03 3.2511141772e+04 1.7419519810e+03 1.8766077833e+04 3.9299887409e+05 3.7277973299e+04 -1.6385124812e+01 1.7850928647e+02 2.8289168606e+00 -9.7789348771e+01 5.0800247819e+02 -1.2139643403e-13 1.2589565203e+02
1.0000000000e+00 0.0000000000e+00 1.7565442318e+04 7.0309184122e+04 9.3687733547e+03 1.8791908565e+04 3.6595974150e+05 4.0628762057e+04 -1.4948893295e+01 -2.3761593748e+02 8.6993156777e+01 -1.2520913543e+02 4.5898885405e+02 -9.2591135479e-14 -4.7003602457e+02
1.0000000000e+00 0.0000000000e+00 3.7446713554e+04 8.5426791997e+04 2.2155810201e+04 3.4668076351e+04 4.2085646181e+05 5.7760231084e+04 -6.0987645925e+01 2.9190762681e+02 1.1099952724e+00 -1.1151725909e+02 5.2790302198e+02 -1.4023125582e-13 3.2674712518e+02
1.0000000000e+00 0.0000000000e+00 1.8128371818e+05 7.4800230719e+05 1.0771508918e+05 1.5401118745e+05 1.6102623359e+06 2.6138637899e+05 -1.2621594963e+02 8.6160735211e+02 -4.3909197748e+01 -2.3025759899e+02 1.1956945516e+03 -2.1106590084e-13 9.6805976848e+02
1.0000000000e+00 0.0000000000e+00 4.0016959540e+04 1.1832005422e+04 2.1699441206e+04 5.3780329118e+04 6.9784501679e+05 8.1195004789e+04 -5.9001003026e+01 1.0079607617e+02 5.5338206672e+01 -1.7379037070e+02 7.3956911940e+02 -1.3319067082e-13 1.6286997235e+01
1.0000000000e+00 0.0000000000e+00 4.7224648119e+04 2.8867953218e+05 2.8888381889e+04 2.4970285786e+04 5.2721186048e+05 7.3486084583e+04 -5.6295855011e+01 5.2813504769e+02 -4.6700190875e+01 -1.0823474661e+02 6.3850917013e+02 -1.5337911059e-13 7.3542179924e+02
1.0000000000e+00 0.0000000000e+00 1.9011029709e+04 2.1115404458e+04 1.5505357549e+04 1.9372311752e+04 3.1938496889e+05 3.7970288323e+04 -2.4040747230e+01 -1.3894892691e+02 7.0647906228e+01 -1.1985173134e+02 4.5515910750e+02 -9.8230768438e-14 -2.1765896067e+02
1.0000000000e+00 0.0000000000e+00 2.0534542517e+04 2.6975546991e+04 9.6798350636e+03 2.8940655121e+04 5.3363006021e+05 5.4485590861e+04 -4.2787050483e+01 1.6274319419e+02 2.5964365330e+01 -1.3743510215e+02 6.3785454168e+02 -1.2911888491e-13 2.3310445663e+02
1.0000000000e+00 0.0000000000e+00 4.4638054815e+03 1.6227460132e+03 2.2712476007e+03 1.0490700131e+04 2.2891497848e+05 2.1199830720e+04 -6.5215032458e+00 -3.8885794809e+01 3.9249959075e+01 -8.5817386435e+01 3.5398530454e+02 -1.0002176095e-13 1.9499974093e+01
1.0000000000e+00 0.0000000000e+00 1.8178981809e+04 3.7205797613e+04 7.1148262844e+03 2.3692837795e+04 3.3744045344e+05 3.8317355403e+04 -4.2372110429e+01 1.9128288666e+02 1.5977986903e+01 -1.0883182123e+02 4.8856918937e+02 -1.1743668774e-13 1.3483080102e+02
1.0000000000e+00 0.0000000000e+00 4.0300385276e+04 1.3292831621e+05 2.1466444373e+04 3.3352773010e+04 5.2265651105e+05 6.6065318761e+04 -6.1774618782e+01 3.6221597285e+02 -7.7235446870e+00 -1.2070996822e+02 5.9460738996e+02 -1.4946418435e-13 4.4728210352e+02
1.0000000000e+00 0.0000000000e+00 1.4295818676e+04 2.5409733481e+04 8.5007404952e+03 1.6488710291e+04 2.9802448806e+05 3.2422538098e+04 -1.9809085323e+01 -1.4754218588e+02 7.1508137554e+01 -1.1485755510e+02 4.2239066133e+02 -9.8385739883e-14 -2.1969627216e+02
1.0000000000e+00 0.0000000000e+00 2.1809557555e+04 2.7031096139e+04 1.2811023822e+04 2.6032435743e+04 4.4681334527e+05 4.8683841480e+04 -4.4918522145e+01 1.6393259799e+02 2.0117862148e+01 -1.1980139550e+02 5.5590078578e+02 -1.2553091396e-13 1.4675755549e+02
1.0000000000e+00 0.0000000000e+00 4.9126733386e+03 2.9214444796e+04 1.2375828623e+03 7.0960310733e+03 2.1560758252e+05 1.9689184384e+04 -1.6662267818e+01 1.6017810363e+02 1.7219206561e+00 -7.2020648570e+01 3.5533881318e+02 -1.1684282735e-13 3.6349247528e+02
1.0000000000e+00 0.0000000000e+00 1.3194076563e+04 1.9914937214e+04 1.5847204467e+04 7.0952882725e+03 3.4740662582e+05 3.4391520380e+04 -2.6386138998e+01 1.3627680687e+02 -7.7226800959e+00 -7.7018591704e+01 4.6705308214e+02 -1.1502597258e-13 5.6470849612e+01
1.0000000000e+00 0.0000000000e+00 7.4746868280e+03 3.6967049477e+04 4.3822519979e+03 4.7240171662e+03 1.6113402396e+05 1.6691885088e+04 -2.2881147789e+01 1.8524127580e+02 -1.0876558030e+01 -5.1730104157e+01 2.8123843176e+02 -1.1706210822e-13 3.7879072865e+02
1.0000000000e+00 0.0000000000e+00 1.7467814060e+04 4.9873603348e+04 9.3070261002e+03 1.6370799200e+04 3.2831234655e+05 3.5964221905e+04 -3.9831505906e+01 2.1335494942e+02 3.6095770266e+00 -9.4835136092e+01 4.5750767819e+02 -1.2995592254e-13 3.4144413725e+02
1.0000000000e+00 0.0000000000e+00 1.3210125889e+04 3.6418022624e+03 7.8232499482e+03 1.7176632551e+04 3.4101252862e+05 3.4256005710e+04 -3.1801657026e+01 4.5252663261e+01 3.5073508179e+01 -1.0925525016e+02 4.7643818876e+02 -1.0994011441e-13 -5.8898268343e+00
1.0000000000e+00 0.0000000000e+00 1.2946849051e+05 5.1353242527e+05 9.2011760312e+04 8.7288586059e+04 8.6230828363e+05 1.6253928603e+05 -1.0324306307e+02 7.1264538361e+02 -5.3360581664e+01 -1.5462498500e+02 8.5736296999e+02 -1.8312099998e-13 9.2596643312e+02
1.0000000000e+00 0.0000000000e+00 1.1550904264e+04 6.5104137078e+04 6.4183648983e+03 6.7662337879e+03 2.0881229308e+05 2.3091896207e+04 -2.9200553276e+01 2.5441300218e+02 -1.8405717313e+01 -6.1029203041e+01 3.4113395162e+02 -1.1251601866e-13 2.6623053242e+02
1.0000000000e+00 0.0000000000e+00 1.7211594472e+04 1.0808806816e+05 5.9126335375e+03 1.3564853710e+04 2.6993569240e+05 3.2185740169e+04 -3.6803613237e+01 3.2105023107e+02 -1.6402755059e+01 -8.2059506049e+01 4.2066817458e+02 -1.3035236573e-13 4.7524788775e+02
1.0000000000e+00 0.0000000000e+00 6.8496191920e+04 1.9749385831e+05 4.5369365748e+04 6.1798683925e+04 5.3621210512e+05 9.3338206800e+04 -8.0303435120e+01 4.4232516156e+02 -1.4840644376e+01 -1.3181447793e+02 6.5595470496e+02 -1.5021828765e-13 5.2604635050e+02
1.0000000000e+00 0.0000000000e+00 3.3496734748e+03 8.7239511522e+03 3.5788772442e+03 4.7262063322e+03 2.0795391764e+05 1.8098398521e+04 -1.0417824386e+01 9.2569711806e+01 -2.5777907468e+00 -5.8343925111e+01 3.4067723215e+02 -1.0103074725e-13 7.6892543210e+01
1.0000000000e+00 0.0000000000e+00 5.4811927564e+03 3.2961510406e+04 9.1865523088e+02 9.2025902570e+03 3.2135755105e+05 2.7802324965e+04 -1.6543386047e+01 1.7837793655e+02 -7.3693519602e-01 -8.1571914892e+01 4.2192442310e+02 -1.1578023571e-13 1.1644295970e+02
1.0000000000e+00 0.0000000000e+00 3.6857864705e+04 2.3070025259e+05 1.7171966142e+04 2.5966470081e+04 4.9142914535e+05 6.3610695577e+04 -5.1967632849e+01 4.7401665512e+02 -3.1886098667e+01 -1.0967948822e+02 5.9308068122e+02 -1.6043434241e-13 6.8852680150e+02
1.0000000000e+00 0.0000000000e+00 1.4363157748e+04 9.3119750083e+03 6.8440633331e+03 2.2902761795e+04 5.5453905945e+05 5.1065375910e+04 -3.3163491863e+01 8.8393328894e+01 3.4545589394e+01 -1.3300193272e+02 6.0773822257e+02 -1.3858488423e-13 1.8772276645e+02
1.0000000000e+00 0.0000000000e+00 4.6383316147e+03 3.0969732558e+04 3.8461986433e+03 5.0082934218e+03 2.0242124209e+05 1.9069608124e+04 -2.2794021438e+00 1.7418000005e+02 -2.3934403437e+01 -4.0294177440e+01 2.9618238126e+02 -1.0594241322e-13 1.2693857517e+02
1.0000000000e+00 0.0000000000e+00 5.3917439109e+04 2.2567369724e+05 2.8923342000e+04 4.3785612678e+04 6.0614672699e+05 8.4201244069e+04 -6.9638539027e+01 4.6081183591e+02 -1.9214280317e+01 -1.3258273673e+02 6.7555385740e+02 -1.6526138044e-13 7.0831581207e+02
1.0000000000e+00 0.0000000000e+00 4.8140202740e+04 1.6816293094e+05 3.0264275918e+04 4.3813919287e+04 5.6991675118e+05 7.9510118385e+04 -6.6066824856e+01 4.0830580537e+02 -1.5750081665e+01 -1.2803399612e+02 6.6139000383e+02 -1.4059386362e-13 3.1070257770e+02
1.0000000000e+00 0.0000000000e+00 5.5714075829e+04 1.3808122716e+05 3.0427280573e+04 5.7281390051e+04 6.0289556346e+05 8.6400098076e+04 -7.4357163751e+01 3.7004932932e+02 4.5876768613e+00 -1.4898982292e+02 7.0006408221e+02 -1.4610054669e-13 4.5931331652e+02
1.0000000000e+00 0.0000000000e+00 2.7052292037e+03 1.0493818692e+04 6.4728476672e+02 9.2963910959e+03 2.6918479000e+05 2.3107117968e+04 -8.9677198953e+00 9.8364652900e+01 8.4204779394e+00 -7.6315921111e+01 3.8674899120e+02 -1.1522440712e-13 1.9305631941e+02
1.0000000000e+00 0.0000000000e+00 6.7319597841e+03 2.8510879223e+04 3.1975263659e+03 1.1909262820e+04 2.7284984205e+05 2.6525834941e+04 -8.7492947045e+00 1.6687324580e+02 -3.4824438718e+00 -7.4866837513e+01 4.0290528363e+02 -1.1260687734e-13 1.4377067223e+02
1.0000000000e+00 0.0000000000e+00 9.8056944070e+02 2.6483303183e+02 1.3453945806e+03 4.2323251646e+03 1.9504263619e+05 1.5625356575e+04 -1.0185407362e+00 -3.6332251309e+00 9.8203412461e+00 -4.8502560155e+01 2.6581197712e+02 -1.0635043451e-13 8.7988099617e+01
1.0000000000e+00 0.0000000000e+00 6.4682780348e+03 4.2720839776e+02 1.5418792877e+03 1.5076551023e+04 3.8068968947e+05 3.3108216709e+04 -1.6434312076e+01 9.9025662378e+00 3.5604386427e+01 -1.0323248609e+02 4.5854614887e+02 -1.2092086785e-13 1.6688528443e+01
1.0000000000e+00 0.0000000000e+00 7.4218001921e+03 4.5820123703e+03 5.2023123580e+03 1.3519011134e+04 3.8981345348e+05 3.4801086857e+04 -1.6536183261e+01 -5.7121692534e+01 4.2486360535e+01 -1.0478787575e+02 4.7419337597e+02 -1.2012867329e-13 -1.9168981272e+01
1.0000000000e+00 0.0000000000e+00 1.9875570118e+04 9.4612088336e+03 9.4328573556e+03 2.6222797852e+04 3.3548737960e+05 3.8956688736e+04 -4.3631123939e+01 9.6037260636e+01 3.4319256142e+01 -1.1370736826e+02 4.7384985072e+02 -1.2086291905e-13 1.7649365482e+02
1.0000000000e+00 0.0000000000e+00 1.9328661183e+04 6.0584737085e+03 8.5947216125e+03 2.6130559074e+04 4.8034203517e+05 4.8128196905e+04 -3.7526920092e+01 -3.4176619580e+01 5.7187452536e+01 -1.3261457186e+02 5.5017094548e+02 -1.1884073452e-13 -1.7432573102e+02
1.0000000000e+00 0.0000000000e+00 4.5165065531e+04 1.7499518012e+05 3.1461805086e+04 3.2434878957e+04 4.9238641540e+05 7.0004285742e+04 -6.1307289546e+01 4.1675516877e+02 -2.5243614651e+01 -1.1143445359e+02 6.0442372257e+02 -1.4854580705e-13 4.6452220424e+02
1.0000000000e+00 0.0000000000e+00 3.5035568587e+04 2.8037129572e+03 1.8569838550e+04 5.3950537202e+04 7.8081599403e+05 8.5056792457e+04 -4.5518686440e+01 -3.3888736519e+01 8.5364182034e+01 -1.9131819433e+02 7.6402909330e+02 -1.3462816625e-13 -6.5285618896e+01
1.0000000000e+00 0.0000000000e+00 7.1248501440e+03 1.3543500284e+04 3.3396041531e+03 1.3670009522e+04 4.4660089617e+05 3.8329222632e+04 -2.0550551161e+01 1.1226035312e+02 1.7238301391e+01 -1.0631046986e+02 5.2166455821e+02 -1.2776761206e-13 1.2542576264e+02
1.0000000000e+00 0.0000000000e+00 8.7578414435e+03 8.4490625249e+03 4.2738298869e+03 1.9810093121e+04 4.6595827332e+05 4.2558335889e+04 -1.5002861952e+01 -8.3725519808e+01 5.5567327471e+01 -1.2164275098e+02 5.2323669854e+02 -1.1837407304e-13 -1.2062010535e+02
1.0000000000e+00 0.0000000000e+00 8.6480026415e+03 1.0433303454e+03 3.3528428965e+03 2.5243726365e+04 4.7943428798e+05 4.5158327507e+04 -1.1160508073e+01 -1.0226058484e+00 4.7263440636e+01 -1.2834857461e+02 5.6071047625e+02 -1.2337224996e-13 8.1154746881e+01
1.0000000000e+00 0.0000000000e+00 2.8153045342e+04 3.1628312917e+04 1.4886023834e+04 4.6527269357e+04 6.5480555955e+05 7.3062674214e+04 -3.1861216049e+01 -1.5243063000e+02 9.0655143354e+01 -1.7508333176e+02 7.0816351352e+02 -1.0882163531e-13 -3.1025053972e+02
1.0000000000e+00 0.0000000000e+00 3.3316029954e+04 1.6032563387e+05 2.0410714203e+04 2.1053036177e+04 4.7061680521e+05 5.7903699110e+04 -5.2322889705e+01 3.7825723730e+02 -2.5550434021e+01 -9.7760319738e+01 5.4277620091e+02 -1.6321240224e-13 6.7513588343e+02
1.0000000000e+00 0.0000000000e+00 8.7754601677e+04 4.1510742316e+05 6.9776517086e+04 4.0546191082e+04 7.3878102263e+05 1.1864019692e+05 -7.6012522428e+01 6.4180266663e+02 -6.4702201082e+01 -1.2231707360e+02 7.6495709498e+02 -1.7021319545e-13 6.7840757758e+02
1.0000000000e+00 0.0000000000e+00 6.4146268727e+03 4.8914326992e+04 4.3290411345e+03 7.2752162456e+03 2.1179111520e+05 2.1820787055e+04 1.8910734096e+00 2.1928029853e+02 -2.7498600512e+01 -4.2760832684e+01 3.0243656414e+02 -1.1670898224e-13 2.5602735410e+02
1.0000000000e+00 0.0000000000e+00 4.9048798523e+03 2.2170371972e+04 3.8800282438e+03 2.9020513836e+03 1.8090681767e+05 1.6249410769e+04 -1.5262662564e+01 1.3193096813e+02 -6.5267348502e+00 -5.0954571605e+01 2.8735707803e+02 -9.6894420603e-14 1.3298660544e+01
1.0000000000e+00 0.0000000000e+00 1.0095070279e+04 5.9547692689e+04 3.0688847161e+03 1.2836815833e+04 3.4098355531e+05 3.3007900286e+04 -2.3426962303e+01 2.4238579508e+02 -6.1844150731e+00 -8.9739905033e+01 4.6467171375e+02 -1.2249196529e-13 2.6459333480e+02
1.0000000000e+00 0.0000000000e+00 7.4263860944e+03 1.3103982123e+04 3.0575917562e+03 1.0521918535e+04 3.2227236115e+05 2.8400106301e+04 -2.3329210372e+01 1.1413128440e+02 1.6826551708e+01 -9.3235097819e+01 4.3502221579e+02 -1.2195081348e-13 1.5150720338e+02
1.0000000000e+00 0.0000000000e+00 5.7318413406e+04 2.8939464609e+05 3.5138333178e+04 3.8401093877e+04 4.5422148505e+05 7.7379610687e+04 -6.7298441053e+01 5.3510008478e+02 -4.1461465787e+01 -1.0768720575e+02 5.9612862536e+02 -1.4668671002e-13 5.7433998121e+02
1.0000000000e+00 0.0000000000e+00 1.8488143563e+04 4.2056823004e+04 3.7710155421e+03 2.6222064166e+04 5.0440382986e+05 4.9489441429e+04 -3.9529549105e+01 1.9832953390e+02 2.8804385482e+01 -1.3542249394e+02 5.7994632185e+02 -1.4087273145e-13 2.8790599767e+02
1.0000000000e+00 0.0000000000e+00 1.3008183317e+04 1.0827526660e+05 4.7165444641e+03 9.8720028837e+03 3.0468567206e+05 3.2346808076e+04 -2.3590479082e+01 3.1918218204e+02 -2.3175443139e+01 -7.8576899870e+01 4.4203675662e+02 -1.3095838650e-13 4.9517468746e+02
1.0000000000e+00 0.0000000000e+00 6.5059765884e+04 2.2791389485e+05 4.0527895266e+04 5.4930352177e+04 6.8997847506e+05 9.9992575766e+04 -7.5912877472e+01 4.7593909991e+02 -1.7889860893e+01 -1.4773033823e+02 7.5777536607e+02 -1.5436979378e-13 5.0127078686e+02
1.0000000000e+00 0.0000000000e+00 7.5843031593e+03 4.4510325731e+04 5.0331705521e+03 3.4942593269e+03 2.2433723029e+05 2.1040611997e+04 -2.0298865124e+01 2.1077783975e+02 -1.6501578323e+01 -5.5095683432e+01 3.2113427329e+02 -1.1439309429e-13 1.7081971418e+02
1.0000000000e+00 0.0000000000e+00 1.0165644745e+05 2.7630454277e+05 5.9323063143e+04 9.8414202978e+04 8.5930496675e+05 1.4154038156e+05 -9.9729102575e+01 5.2549486112e+02 -6.0363299079e+00 -1.7891493896e+02 8.5500563516e+02 -1.5814056598e-13 4.8486398239e+02
1.0000000000e+00 0.0000000000e+00 1.9094974702e+04 5.8412290867e+04 1.0214506761e+04 1.8828640862e+04 3.4353476890e+05 3.8913097996e+04 -4.1835410159e+01 2.4106126552e+02 2.4388032356e-01 -9.8707105891e+01 4.8473141458e+02 -1.2285664507e-13 2.1357228719e+02
1.0000000000e+00 0.0000000000e+00 9.3351217343e+03 5.8770001554e+03 3.5860602130e+03 1.6489621721e+04 3.4107646285e+05 3.2233641980e+04 -2.5512050531e+01 7.1342072362e+01 2.6074892177e+01 -1.0367979901e+02 4.7743947886e+02 -1.1938849432e-13 1.2890094507e+02
1.0000000000e+00 0.0000000000e+00 8.2072265430e+04 4.3431325810e+05 5.5040182142e+04 4.8697179749e+04 6.7894642706e+05 1.1289902851e+05 -7.8627628612e+01 6.4791778663e+02 -5.7611270957e+01 -1.2430287476e+02 7.2836197310e+02 -1.7358063196e-13 8.8753593293e+02
1.0000000000e+00 0.0000000000e+00 3.0805266086e+04 5.6519612363e+04 1.4300660924e+04 3.9286719756e+04 6.6648142807e+05 7.1553010040e+04 -5.3153525837e+01 2.3594573872e+02 2.3154009190e+01 -1.5241136970e+02 7.0270854432e+02 -1.5398219209e-13 2.7611486612e+02
1.0000000000e+00 0.0000000000e+00 3.0154930460e+04 1.6329016544e+05 2.1790358837e+04 1.4832459320e+04 3.6017479126e+05 4.8403976886e+04 -4.2957748750e+01 4.0320298183e+02 -3.6961945948e+01 -8.2607421411e+01 4.9569479601e+02 -1.3421882537e-13 4.2337600830e+02
1.0000000000e+00 0.0000000000e+00 8.0340930504e+03 2.1697613929e+04 1.8084264811e+03 1.9820038836e+04 4.2193097781e+05 3.9194208647e+04 -2.1766004635e+01 1.4235770181e+02 1.7807729194e+01 -1.1263782682e+02 5.3841579707e+02 -1.2325867480e-13 1.5071677971e+02
1.0000000000e+00 0.0000000000e+00 1.7070532290e+05 7.8359288518e+05 1.2050158160e+05 9.8245353143e+04 1.1787471699e+06 2.1441924886e+05 -1.1516694280e+02 8.7603835317e+02 -7.6116606467e+01 -1.6977565578e+02 9.8488824846e+02 -2.1223805254e-13 1.0971646280e+03
1.0000000000e+00 0.0000000000e+00 9.4546376468e+03 2.2742188342e+04 4.6211917770e+03 2.0359718411e+04 3.2800844890e+05 3.4385269948e+04 -8.6322048789e+00 -1.3412345542e+02 6.3759183093e+01 -1.1462741997e+02 4.6063864005e+02 -9.6518547230e-14 -2.0063294093e+02
1.0000000000e+00 0.0000000000e+00 1.6515775272e+04 2.7201068801e+04 9.7827166487e+03 2.1556428860e+04 4.9799970272e+05 4.8805589356e+04 -3.6603301511e+01 1.6065081721e+02 1.6627080293e+01 -1.2139159769e+02 5.9137888954e+02 -1.3753176617e-13 2.5383351893e+02
1.0000000000e+00 0.0000000000e+00 1.5117817809e+04 9.7526148531e+02 8.3994499416e+03 3.1351690938e+04 4.8065645880e+05 5.0174600130e+04 -1.6789619617e+01 1.4374307707e+01 5.8849935949e+01 -1.3986244115e+02 5.5253177077e+02 -1.2253969560e-13 -7.1563421928e+01
1.0000000000e+00 0.0000000000e+00 9.6542089348e+03 8.4405136868e+04 7.7115210464e+02 8.0766561360e+03 3.0032107640e+05 2.8359720450e+04 -2.3040637008e+01 2.6431213645e+02 -8.6283194509e+00 -8.1465139271e+01 4.0857678942e+02 -1.3626828135e-13 5.1811977825e+02
1.0000000000e+00 0.0000000000e+00 1.9261107716e+03 3.9969130075e+03 1.9365897054e+03 4.5418658353e+03 1.8076720755e+05 1.5244654808e+04 -2.7094620210e+00 6.1799966421e+01 -3.8472079567e+00 -4.2531068621e+01 2.6513634280e+02 -1.0378627144e-13 7.5564791546e+01
1.0000000000e+00 0.0000000000e+00 1.6486230027e+05 4.6074470202e+05 1.4252854075e+05 1.1012395899e+05 1.3217578591e+06 2.2293296650e+05 -1.1490415122e+02 6.7853017336e+02 -4.4860444829e+01 -1.8898589923e+02 1.0589833920e+03 -2.0107155764e-13 7.0495508926e+02
1.0000000000e+00 0.0000000000e+00 3.5379949116e+03 6.5122557758e+03 2.4852272725e+03 3.5292755176e+03 2.0925845801e+05 1.7064036079e+04 -1.6174814266e+01 8.0353629293e+01 5.2493037044e+00 -5.6206062148e+01 2.8512388170e+02 -1.1373711230e-13 1.1085780010e+02
1.0000000000e+00 0.0000000000e+00 1.2457078483e+04 7.0230346783e+03 2.9023107614e+03 2.1047929122e+04 4.0167316393e+05 3.8132485504e+04 -3.1052701543e+01 7.6553155356e+01 4.0034848112e+01 -1.2152140410e+02 5.0408182021e+02 -1.2194247010e-13 3.7464476909e+01
1.0000000000e+00 0.0000000000e+00 3.7836732009e+04 1.3841696399e+05 2.3863443604e+04 2.7647623082e+04 6.1283860770e+05 7.0855998381e+04 -5.3697316406e+01 3.6989165186e+02 -1.3549636722e+01 -1.2505855887e+02 6.5553804703e+02 -1.6000801531e-13 4.5636429633e+02
1.0000000000e+00 0.0000000000e+00 1.3768231899e+05 7.7078468284e+05 7.7421320121e+04 9.0738920890e+04 1.6562561573e+06 2.2393712543e+05 -1.0056002095e+02 8.7140001095e+02 -6.0662744993e+01 -2.1116476591e+02 1.1675093248e+03 -2.2643696621e-13 1.0657641607e+03
1.0000000000e+00 0.0000000000e+00 4.9249102505e+04 1.6696236989e+05 4.5158044637e+04 2.7432206593e+04 6.2220213260e+05 8.1980354291e+04 -5.8957792128e+01 4.0053021439e+02 -3.3443993257e+01 -1.1222088037e+02 6.7420333951e+02 -1.4009627805e-13 1.6040477134e+02
1.0000000000e+00 0.0000000000e+00 1.8410016019e+04 1.0147231401e+05 1.3100465347e+04 9.3552060563e+03 3.9924947206e+05 4.1751069682e+04 -3.2629590996e+01 3.1739457531e+02 -2.6490063281e+01 -8.3750959575e+01 4.9938090646e+02 -1.3906818562e-13 3.9355231488e+02
1.0000000000e+00 0.0000000000e+00 3.2696521429e+04 5.8111572956e+04 1.7568970058e+04 4.1145125351e+04 4.7379511795e+05 6.0921024633e+04 -5.5370932364e+01 2.3333090590e+02 1.8572216387e+01 -1.2989439874e+02 5.8261707923e+02 -1.4925990622e-13 3.8232393184e+02
1.0000000000e+00 0.0000000000e+00 1.5981252223e+04 5.3363772229e+04 5.4833992354e+03 1.7939269117e+04 3.9021487930e+05 3.9361354815e+04 -3.5961962826e+01 2.2996838587e+02 1.0202218900e+01 -1.0609948450e+02 4.7876363058e+02 -1.3131021094e-13 1.7158458401e+02
1.0000000000e+00 0.0000000000e+00 3.6486553556e+04 4.2578016153e+04 6.9023917219e+03 8.0468235530e+04 1.2030751124e+06 1.2238668690e+05 -5.0986767117e+01 2.0450429044e+02 5.7440045224e+01 -2.2284581276e+02 9.7961444934e+02 -1.7405315140e-13 3.5796351505e+02
1.0000000000e+00 0.0000000000e+00 9.3988600634e+04 3.0517012780e+05 4.0272042150e+04 1.0051848249e+05 1.1849395032e+06 1.5760937624e+05 -9.5082272254e+01 5.3582134473e+02 5.3697928043e+00 -2.0873405008e+02 9.7477792382e+02 -2.0285143805e-13 7.7812417361e+02
1.0000000000e+00 0.0000000000e+00 5.8158680187e+04 2.9441201717e+05 2.6375634826e+04 5.0099922945e+04 8.6923717152e+05 1.0705416592e+05 -6.8874509324e+01 5.3278754183e+02 -2.2423012950e+01 -1.6127793033e+02 8.3609535457e+02 -1.7150155003e-13 6.5435084365e+02
1.0000000000e+00 0.0000000000e+00 3.1282450315e+04 1.4541422985e+05 1.1991205110e+04 4.1191392822e+04 8.1378628419e+05 8.5724152696e+04 -4.7691638972e+01 3.7453764051e+02 -4.5314772947e+00 -1.5336778177e+02 7.8464273332e+02 -1.6885696686e-13 5.0546081253e+02
1.0000000000e+00 0.0000000000e+00 1.8954502751e+04 2.7857321940e+04 7.1873043116e+03 2.4614916892e+04 3.9332855308e+05 4.2062072100e+04 -4.2329840415e+01 1.6209492407e+02 2.5044752886e+01 -1.1540744113e+02 4.9613430454e+02 -1.3340333249e-13 2.3011214429e+02
1.0000000000e+00 0.0000000000e+00 6.6475965402e+04 2.9956870453e+05 4.7163242086e+04 4.3650250498e+04 5.7771445682e+05 9.3746366450e+04 -7.0933796855e+01 5.4659478339e+02 -4.2314552319e+01 -1.2151100748e+02 6.8607839082e+02 -1.6039305200e-13 6.0967306665e+02
1.0000000000e+00 0.0000000000e+00 2.4838250147e+04 1.1780688613e+05 1.5628494950e+04 1.7193795478e+04 3.2993985691e+05 4.2531713192e+04 -4.4267753657e+01 3.3842690995e+02 -2.2413935163e+01 -8.7145920043e+01 4.8061002256e+02 -1.3424069524e-13 4.6551072818e+02
1.0000000000e+00 0.0000000000e+00 1.1559644867e+04 3.5733596553e+04 6.9628146746e+03 1.0973636116e+04 2.5704355332e+05 2.7020116039e+04 -3.0957942615e+01 1.8705737922e+02 -3.8204096803e-01 -8.1143469309e+01 4.1038533420e+02 -1.1843221045e-13 3.0471431523e+02
1.0000000000e+00 0.0000000000e+00 3.6550353191e+04 4.2413034441e+04 2.4258275595e+04 4.3916933449e+04 6.5618486891e+05 7.6548871936e+04 -5.8022970893e+01 2.0519800859e+02 2.1839853545e+01 -1.4779767664e+02 7.0272974303e+02 -1.5227081736e-13 2.9732424458e+02
1.0000000000e+00 0.0000000000e+00 2.3204052430e+04 1.4426387871e+05 7.3934537847e+03 2.3928885260e+04 5.1120469165e+05 5.5527885256e+04 -3.9647176276e+01 3.7733158816e+02 -1.1817814676e+01 -1.1936400013e+02 6.0068168458e+02 -1.4630875450e-13 4.2529116540e+02
1.0000000000e+00 0.0000000000e+00 2.0706775351e+05 6.1304360261e+05 1.4286340141e+05 1.7194586575e+05 1.6678320140e+06 2.8184349788e+05 -1.3705533284e+02 7.8189740922e+02 -3.0935458235e+01 -2.3583360784e+02 1.2086592666e+03 -2.1423374793e-13 8.5217705645e+02
1.0000000000e+00 0.0000000000e+00 1.5012798129e+04 2.8192283223e+03 8.2645870827e+03 2.4261862364e+04 5.3182448219e+05 5.0443323387e+04 -3.3014024692e+01 4.3244114880e+01 3.9845335266e+01 -1.3515539764e+02 6.2145730577e+02 -1.2621339136e-13 5.6868562737e+01
1.0000000000e+00 0.0000000000e+00 9.8513993138e+03 1.4267521827e+04 7.4544413592e+03 1.3090681473e+04 4.9455747961e+05 4.3102462922e+04 -2.4688832485e+01 1.0671847534e+02 1.5594934183e+01 -1.0734546983e+02 5.4323186461e+02 -1.3926927186e-13 2.0239132202e+02
1.0000000000e+00 0.0000000000e+00 2.2602696142e+04 1.1147709512e+04 1.3203772898e+04 3.1910153586e+04 5.8564335320e+05 6.0062824737e+04 -3.1226024329e+01 -9.7941701227e+01 7.9168148088e+01 -1.5501621680e+02 6.0679770368e+02 -1.3518266090e-13 -4.5033492026e+01
1.0000000000e+00 0.0000000000e+00 6.5654949649e+04 1.6415348844e+05 4.3413461314e+04 6.3698569078e+04 6.3149121433e+05 9.8113164162e+04 -7.8768285380e+01 4.0492976558e+02 -4.8090116161e+00 -1.4629157849e+02 7.1649394796e+02 -1.5212148291e-13 4.1128275614e+02
1.0000000000e+00 0.0000000000e+00 2.1094130028e+04 6.7687505806e+04 1.7616078747e+04 1.5362474181e+04 5.4849170707e+05 5.4780642190e+04 -3.7472281792e+01 2.5798871381e+02 -1.0971129304e+01 -1.0818564976e+02 6.0788455667e+02 -1.4174756037e-13 2.4629691145e+02
1.0000000000e+00 0.0000000000e+00 4.7105063700e+03 3.8138579517e+03 2.7180111169e+03 6.9000461722e+03 2.2120968180e+05 1.9358932334e+04 -1.1115348096e+01 3.8334571115e+01 2.9784332889e+01 -7.9108363339e+01 3.1275010875e+02 -1.0943125928e-13 8.7327508693e+01
1.0000000000e+00 0.0000000000e+00 1.4201980665e+04 6.9369896101e+03 9.5854745832e+03 1.6653950753e+04 2.8822452481e+05 3.1391845825e+04 -2.4936666340e+01 -8.1029781913e+01 5.9352763879e+01 -1.0988598480e+02 4.1795171601e+02 -1.0596628831e-13 -1.0962911858e+02
1.0000000000e+00 0.0000000000e+00 1.7500587266e+04 4.6778695188e+04 1.3240827093e+03 3.1572112149e+04 6.4946104963e+05 6.0843898689e+04 -3.3225143027e+01 1.9961019311e+02 3.0757694849e+01 -1.5073264131e+02 6.6941458723e+02 -1.4688806130e-13 3.7911010767e+02
1.0000000000e+00 0.0000000000e+00 2.0904143362e+04 2.8635099735e+04 8.1560840534e+03 3.2865672700e+04 5.9605253513e+05 5.9884164675e+04 -4.2675964908e+01 1.6175022450e+02 2.9949580632e+01 -1.4367745194e+02 6.5500966073e+02 -1.2904085488e-13 7.0162217228e+01
1.0000000000e+00 0.0000000000e+00 6.2383222276e+02 9.3958326829e+02 4.7392905328e+02 1.6435185330e+03 1.2465720663e+05 9.3783512149e+03 -3.0664296629e+00 2.6813923290e+00 1.0884213008e+01 -3.6142183607e+01 1.7125036849e+02 -9.7688090303e-14 1.1375076553e+02
1.0000000000e+00 0.0000000000e+00 3.8534484057e+04 2.1209586779e+05 1.6434566891e+04 3.5378016149e+04 8.9143374638e+05 9.3532310814e+04 -5.1838366187e+01 4.5944960354e+02 -1.7077406221e+01 -1.5361628034e+02 8.0426772226e+02 -1.6473065993e-13 4.5874122571e+02
1.0000000000e+00 0.0000000000e+00 2.0721358262e+04 1.5262492903e+04 7.9583078744e+03 3.6924957825e+04 5.7183496971e+05 5.9344016371e+04 -3.5653179668e+01 8.5211340920e+01 5.5202920769e+01 -1.6010600156e+02 6.5989987398e+02 -1.4132258726e-13 3.6560899323e+02
1.0000000000e+00 0.0000000000e+00 1.1324750164e+05 3.6636136529e+05 6.1697957489e+04 1.1361099050e+05 1.4309684943e+06 1.9234103913e+05 -1.0285986982e+02 6.0303474533e+02 -7.6422159381e+00 -2.2327324246e+02 1.1064838740e+03 -1.9539748615e-13 7.6605208823e+02
1.0000000000e+00 0.0000000000e+00 1.8482055127e+04 1.9265105501e+04 1.2694004930e+04 1.9355799667e+04 3.7313940272e+05 4.0274853464e+04 -3.9411606279e+01 1.2668614009e+02 2.0392638249e+01 -1.0851321367e+02 5.0564581891e+02 -1.2823869264e-13 2.8897171857e+02
1.0000000000e+00 0.0000000000e+00 9.8331060871e+03 5.7764761686e+04 5.9321765090e+02 2.2570962697e+04 4.7620466951e+05 4.5349010691e+04 -1.6080335308e+01 2.3244848469e+02 2.3416857761e+00 -1.1191557866e+02 5.6642108195e+02 -1.3578498612e-13 3.7201631691e+02
1.0000000000e+00 0.0000000000e+00 1.7178207054e+04 2.2324931254e+04 3.7446125940e+03 2.8460547761e+04 5.1275209780e+05 5.0075591409e+04 -3.8379522383e+01 1.4764597662e+02 3.0270607499e+01 -1.3303405169e+02 5.9177114555e+02 -1.3335626350e-13 2.1872831685e+02
1.0000000000e+00 0.0000000000e+00 3.2077082158e+04 1.4812561226e+05 1.7699592277e+04 2.3856641961e+04 4.0848236414e+05 5.3220024438e+04 -5.0914570107e+01 3.8418012180e+02 -1.9177950721e+01 -1.0314428979e+02 5.3377295260e+02 -1.4670573402e-13 4.4257732490e+02
1.0000000000e+00 0.0000000000e+00 4.9363888271e+03 4.9106170375e+03 1.7709611427e+03 1.0102241086e+04 2.1107764765e+05 1.9771435769e+04 -1.4779173826e+01 4.7519470241e+01 2.8868987761e+01 -8.6165147244e+01 3.5930345203e+02 -1.0525681937e-13 1.7356232043e+02
1.0000000000e+00 0.0000000000e+00 7.2737087119e+03 2.0714177394e+02 4.1081790259e+03 1.2044393013e+04 2.4873688112e+05 2.3957438874e+04 -1.7908776507e+01 -1.0302425831e+01 4.2900165373e+01 -9.8720171874e+01 3.9631093975e+02 -1.0329118857e-13 1.2567485554e+01
1.0000000000e+00 0.0000000000e+00 2.5617458148e+04 3.3157510088e+04 1.1506303672e+04 3.0764794855e+04 4.6172625318e+05 5.1567413093e+04 -5.0085495891e+01 1.8067755218e+02 2.5909658698e+01 -1.2829204821e+02 5.6354538780e+02 -1.3018722333e-13 1.2579486777e+02
1.0000000000e+00 0.0000000000e+00 9.0212011011e+03 4.8037874802e+04 6.0889474235e+03 5.0837764086e+03 2.4691686218e+05 2.3907706410e+04 -2.0187149934e+01 2.1852828810e+02 -1.5393718852e+01 -6.0921635677e+01 3.4750060995e+02 -1.1551918080e-13 1.9015749289e+02
1.0000000000e+00 0.0000000000e+00 1.5211786978e+03 1.3671891661e+03 1.2577562728e+03 2.6637368349e+03 1.7593511325e+05 1.3647658659e+04 -5.0381250930e+00 -2.4633574434e+01 2.0409918788e+01 -4.8487489938e+01 2.1328573392e+02 -1.0414599021e-13 1.8826238754e+01
1.0000000000e+00 0.0000000000e+00 1.7925920087e+04 5.6895817346e+04 1.3244105369e+04 1.4890425766e+04 3.5403406455e+05 3.9069471315e+04 -3.7227349811e+01 2.3725025926e+02 -7.9425638064e+00 -9.1089190654e+01 4.8878873653e+02 -1.1952779839e-13 1.3411870193e+02
1.0000000000e+00 0.0000000000e+00 3.3665294738e+04 8.1334260249e+04 1.3818659964e+04 4.6138937125e+04 5.9703937784e+05 7.1000671789e+04 -5.7016639185e+01 2.8498733303e+02 1.4731530536e+01 -1.4931893023e+02 6.9982821967e+02 -1.3609638402e-13 3.0609093445e+02
1.0000000000e+00 0.0000000000e+00 1.2264010171e+04 6.6485500988e+04 7.7592612688e+03 1.1654938571e+04 4.1079379264e+05 3.9534059804e+04 -2.4633927352e+01 2.5720271426e+02 -1.3715891762e+01 -9.1917648399e+01 5.1668547236e+02 -1.2694359798e-13 2.2288150464e+02
1.0000000000e+00 0.0000000000e+00 9.3719590462e+03 1.2516521293e+04 2.7114892127e+03 1.2922745123e+04 2.5699822130e+05 2.4917146519e+04 -2.9005026235e+01 1.1123550604e+02 2.2759295492e+01 -9.0313310799e+01 3.7948454949e+02 -1.1320302649e-13 1.0366981687e+02
1.0000000000e+00 0.0000000000e+00 1.1314587840e+04 1.6602270850e+04 7.9171292745e+03 1.6398543028e+04 4.9613339345e+05 4.5019181287e+04 -2.7746041896e+01 1.2769946633e+02 1.4029973222e+01 -1.1216784282e+02 5.7025044933e+02 -1.3765149404e-13 1.4894514313e+02
1.0000000000e+00 0.0000000000e+00 4.2678289845e+04 4.2156897513e+04 2.8566812700e+04 4.6491816752e+04 5.8428415137e+05 7.4721852875e+04 -6.3330125465e+01 2.0411938087e+02 2.4913275590e+01 -1.4405613479e+02 6.5867048082e+02 -1.4877690501e-13 2.9634764021e+02
1.0000000000e+00 0.0000000000e+00 9.1247199033e+03 3.1223489562e+04 6.5251938100e+03 1.2746382908e+04 5.0054578955e+05 4.3787807880e+04 -2.1448445911e+01 1.7346350101e+02 -1.7484374137e+00 -9.7473490315e+01 5.3892783766e+02 -1.3601175135e-13 9.0162996593e+01
1.0000000000e+00 0.0000000000e+00 6.4640127650e+03 8.9409256289e+03 4.6424842391e+03 6.7672095298e+03 2.6249297292e+05 2.3158820160e+04 -2.1340910100e+01 9.2909081515e+01 1.0675288253e+01 -7.6677820725e+01 3.7874311514e+02 -1.1212035715e-13 1.5243462546e+02
1.0000000000e+00 0.0000000000e+00 2.0802647320e+03 3.7210609702e+03 1.6288450993e+03 9.6053103632e+03 2.9108619785e+05 2.4807960310e+04 -1.8231143208e+00 -5.3499778511e+01 2.5784068476e+01 -7.7036188797e+01 3.9200531517e+02 -1.0489455862e-13 -5.0448451451e+01
1.0000000000e+00 0.0000000000e+00 2.2641641018e+04 5.2783317187e+04 1.4098936367e+04 3.1335201769e+04 5.1085712763e+05 5.7218435445e+04 -1.7921023502e+01 -2.1549041280e+02 9.5725438025e+01 -1.5545707666e+02 5.9010288997e+02 -1.0527007238e-13 -3.4725254212e+02
1.0000000000e+00 0.0000000000e+00 1.1394444630e+04 3.4873666492e+04 6.6685837740e+03 9.4016151192e+03 2.8548043764e+05 2.8052546176e+04 -2.9663192357e+01 1.7611638031e+02 2.0069285411e+00 -7.9243907071e+01 3.9035061143e+02 -1.2814955174e-13 2.9817743919e+02
1.0000000000e+00 0.0000000000e+00 1.5790643949e+04 1.4147406953e+04 5.1702317793e+03 2.4235331103e+04 4.3426759695e+05 4.3096187467e+04 -3.7024923453e+01 1.1782875675e+02 3.5401892417e+01 -1.2491483535e+02 5.2622985197e+02 -1.3214572718e-13 1.7932546647e+02
1.0000000000e+00 0.0000000000e+00 7.7734791988e+03 3.7712410080e+04 4.5273752229e+03 9.7145394887e+03 4.0493638174e+05 3.5445998590e+04 -1.9500660767e+01 1.8923594028e+02 -1.9510840843e+00 -9.2429370016e+01 4.9471401462e+02 -1.2215231715e-13 6.3722974563e+01
1.0000000000e+00 0.0000000000e+00 1.3907024853e+04 1.2504758133e+04 7.7142685388e+03 1.9216273320e+04 4.2703422732e+05 4.1355569169e+04 -3.2301811683e+01 1.0988929477e+02 2.7765643337e+01 -1.1903424392e+02 5.4147741824e+02 -1.2086635651e-13 3.9179451257e+01
1.0000000000e+00 0.0000000000e+00 3.2007761366e+03 5.7066620504e+03 1.4595036007e+03 1.0613268477e+04 3.0003734456e+05 2.5891023840e+04 -3.8173042340e+00 7.5289352469e+01 1.8113521398e+01 -8.4017591983e+01 3.9337443129e+02 -1.1029270100e-13 5.1182637796e+01
1.0000000000e+00 0.0000000000e+00 3.8151581566e+04 7.5089731297e+04 3.9902586314e+04 2.2108958156e+04 5.2960023641e+05 6.6534237929e+04 -5.0760622959e+01 2.7105196361e+02 -1.6175724796e+01 -1.0591823544e+02 6.1638997153e+02 -1.3447391708e-13 1.9507774975e+02
1.0000000000e+00 0.0000000000e+00 1.1427697364e+04 2.8055455032e+04 1.2538488901e+04 5.5984431185e+03 3.0806850007e+05 3.0045195250e+04 -2.5110564744e+01 1.6616762302e+02 -1.2862144111e+01 -6.7352612306e+01 4.1302348551e+02 -1.2179098606e-13 2.1694576913e+02
1.0000000000e+00 0.0000000000e+00 1.4452902493e+04 1.5133334542e+02 5.8773589787e+03 3.0406711024e+04 4.7971393187e+05 4.8555905136e+04 -2.3511248713e+01 -4.9428645594e+00 6.2799710852e+01 -1.4322293179e+02 5.6401754240e+02 -1.2723815603e-13 3.7740789234e+01
1.0000000000e+00 0.0000000000e+00 1.9397827020e+04 4.7774394476e+04 9.6482938665e+03 2.2761875390e+04 3.5229525472e+05 4.0510505744e+04 -2.2801484144e+01 -1.8797076272e+02 8.6327661172e+01 -1.3143050298e+02 4.6856433508e+02 -9.4131003587e-14 -3.8378139783e+02
1.0000000000e+00 0.0000000000e+00 1.1132700449e+04 3.0967987768e+04 6.4058517503e+02 2.3238958531e+04 3.9353578480e+05 3.8785523602e+04 -2.5041003465e+01 1.6514141119e+02 2.3157465525e+01 -1.1808348017e+02 5.2398054115e+02 -1.2460479483e-13 2.7018280538e+02
1.0000000000e+00 0.0000000000e+00 3.7299721981e+03 2.4020101215e+03 2.1236635140e+03 7.9044796315e+03 3.3836304944e+05 2.7366746887e+04 -1.3597915957e+01 4.8400943799e+01 2.0213806022e+01 -8.5525959608e+01 4.0983126093e+02 -1.2147759984e-13 5.8351932043e+01
1.0000000000e+00 0.0000000000e+00 2.6133966080e+04 6.5605852843e+04 1.8463968063e+04 2.5797520192e+04 5.6790305174e+05 6.1067326795e+04 -4.5858510589e+01 2.5567082625e+02 1.1515350888e+00 -1.2711454857e+02 6.5915026731e+02 -1.3713632944e-13 2.8035374549e+02
1.0000000000e+00 0.0000000000e+00 5.9750992021e+04 3.8333370750e+05 2.7240760802e+04 3.6832361323e+04 6.4002952139e+05 9.0410450148e+04 -6.5973215735e+01 6.1259366192e+02 -4.3781598137e+01 -1.3033975072e+02 7.0629175190e+02 -1.6883580291e-13 7.4275980972e+02
1.0000000000e+00 0.0000000000e+00 1.5684278002e+04 8.4046598706e+04 9.6030213981e+03 8.6884458066e+03 1.9289823128e+05 2.5200693095e+04 -3.3457719966e+01 2.8637877169e+02 -2.2600971952e+01 -5.8984233525e+01 3.3076220967e+02 -1.2179231006e-13 3.9160146375e+02
1.0000000000e+00 0.0000000000e+00 1.5193803063e+04 2.1134099433e+04 6.3311718254e+03 2.3970154497e+04 3.6185880488e+05 3.8952202242e+04 -1.9734076441e+01 -1.3858219737e+02 7.2669097513e+01 -1.2504545068e+02 4.7685217627e+02 -1.0444805943e-13 -1.8336850466e+02
1.0000000000e+00 0.0000000000e+00 2.0935832820e+04 3.4008193105e+04 1.1387032462e+04 2.9867095474e+04 4.5045004703e+05 5.0393724082e+04 -2.5365194925e+01 -1.6054261995e+02 8.3564269620e+01 -1.4638562824e+02 5.6664396503e+02 -9.8109454022e-14 -3.3523997397e+02
1.0000000000e+00 0.0000000000e+00 1.0118164075e+04 1.1031445478e+04 8.8886812848e+03 1.8101171490e+04 3.4535320297e+05 3.5790890273e+04 -1.5135110944e+00 6.7611778795e+01 3.6598069499e+01 -1.0546343637e+02 4.2472868544e+02 -1.2931997899e-13 3.3345137671e+02
1.0000000000e+00 0.0000000000e+00 1.6915969175e+04 9.2340945062e+04 4.9043995854e+03 2.1577843340e+04 4.5538597930e+05 4.7068717708e+04 -3.3692512685e+01 2.9655682698e+02 -8.5874088523e-01 -1.1538523804e+02 5.6310579664e+02 -1.4734939471e-13 4.5627827547e+02
1.0000000000e+00 0.0000000000e+00 2.7772181177e+03 2.3436969871e+03 1.0617187690e+03 8.9251892416e+03 2.4841014952e+05 2.1317426796e+04 -3.4843411824e+00 4.2165446772e+01 1.9184044152e+01 -7.1813080221e+01 3.2882656805e+02 -1.0915166662e-13 6.6034401797e+01
1.0000000000e+00 0.0000000000e+00 4.4479151549e+04 3.9143582535e+04 1.6510340994e+04 7.1619441305e+04 8.6808957142e+05 9.9826351212e+04 -6.4594852263e+01 1.9741602355e+02 4.9265722900e+01 -1.9566851699e+02 8.5450767153e+02 -1.4433104828e-13 2.2175577180e+02
1.0000000000e+00 0.0000000000e+00 3.3453240626e+04 1.0605249728e+04 2.0811532084e+04 5.2353000786e+04 6.5928566180e+05 7.7512649800e+04 -4.2223379024e+01 -9.9190833369e+01 8.6916569341e+01 -1.7807275234e+02 7.1306295276e+02 -1.2682031258e-13 -1.3189897622e+02
1.0000000000e+00 0.0000000000e+00 3.0831406475e+04 6.4691900248e+04 3.2694504314e+04 1.5965327607e+04 5.0860126949e+05 5.8722111133e+04 -4.1995199287e+01 2.5308103056e+02 -1.7110129162e+01 -9.7861033395e+01 5.8142885517e+02 -1.4107629992e-13 3.0450930394e+02
1.0000000000e+00 0.0000000000e+00 7.6197080650e+03 4.1573539210e+04 3.2233943698e+03 5.4136470979e+03 1.9071680870e+05 1.8721776294e+04 -2.3285347719e+01 2.0002230517e+02 -7.3274195999e+00 -6.2037619145e+01 3.1691607001e+02 -1.1128119865e-13 3.0547386619e+02
1.0000000000e+00 0.0000000000e+00 4.3000596494e+04 1.6869234296e+04 3.1344429180e+04 4.8042484014e+04 7.6078717273e+05 8.7240918793e+04 -6.0493469361e+01 1.1700960537e+02 4.1704959930e+01 -1.6585967949e+02 7.6170490025e+02 -1.3997684400e-13 3.6439191526e+01
1.0000000000e+00 0.0000000000e+00 3.5335463147e+03 1.2666788222e+03 1.6292605398e+03 8.5452986194e+03 3.0024339001e+05 2.4823305434e+04 -1.0551693025e+01 2.9576482713e+01 1.7853650167e+01 -7.6635933021e+01 3.7903692581e+02 -1.1068080442e-13 -4.0987089963e+01
1.0000000000e+00 0.0000000000e+00 1.7369516289e+05 4.4505264994e+05 1.0888283925e+05 1.7647110205e+05 1.3186737790e+06 2.3744615315e+05 -1.3044833782e+02 6.6495226146e+02 -8.7866489911e+00 -2.2678106845e+02 1.0918591967e+03 -1.9373824327e-13 8.6206804655e+02
1.0000000000e+00 0.0000000000e+00 1.2475386327e+04 2.0911838076e+04 1.1434318992e+04 1.0623970152e+04 2.7680558169e+05 2.9385525658e+04 -3.0127567042e+01 1.4054704241e+02 1.1875756425e+00 -8.1801811681e+01 4.3896132972e+02 -1.0584886912e-13 1.0102633840e+02
1.0000000000e+00 0.0000000000e+00 5.2584725327e+03 7.7013665864e+03 3.7680404827e+03 6.5562924586e+03 2.2770269018e+05 2.0285183952e+04 -1.3329393971e+01 -6.4853772105e+01 3.6566248558e+01 -7.8630812892e+01 3.4197128913e+02 -9.3846638819e-14 -1.6773391786e+02
1.0000000000e+00 0.0000000000e+00 1.3199364974e+04 1.2478130050e+03 4.7750799481e+03 2.1294952422e+04 3.9689883212e+05 3.8444676925e+04 -2.8506524131e+01 -2.4909863417e+01 5.5265170295e+01 -1.2587801460e+02 5.1038571556e+02 -1.2113589262e-13 7.6279132047e+01
1.0000000000e+00 0.0000000000e+00 5.0671407567e+04 1.1272093371e+05 3.7312301764e+04 4.1662922671e+04 7.1544902562e+05 8.8621388763e+04 -6.5375651574e+01 3.3234191910e+02 -1.2711568165e+00 -1.4488832405e+02 7.3777591594e+02 -1.5759792879e-13 4.3777289579e+02
1.0000000000e+00 0.0000000000e+00 1.6554473787e+04 4.0225764452e+03 9.6651836204e+03 2.2238403562e+04 5.2135360987e+05 4.9487389884e+04 -3.1195766140e+01 -5.0932495817e+01 5.7800352299e+01 -1.3401045121e+02 5.6795171793e+02 -1.2805785788e-13 -6.9704040395e+00
1.0000000000e+00 0.0000000000e+00 3.1296380548e+04 3.9880529879e+04 9.9642169190e+03 5.3860573885e+04 7.3397075810e+05 7.9989829477e+04 -5.2671062168e+01 1.9873740715e+02 4.1804410217e+01 -1.7595321720e+02 7.6881212038e+02 -1.3922918143e-13 1.9693314404e+02
1.0000000000e+00 0.0000000000e+00 1.9832421503e+04 9.9814217654e+04 1.0827509139e+04 1.4838389985e+04 3.1982381872e+05 3.7826472469e+04 -3.8499778732e+01 3.0986047089e+02 -1.5732158102e+01 -8.8240446032e+01 4.6615484140e+02 -1.3580418011e-13 5.5093799801e+02
1.0000000000e+00 0.0000000000e+00 1.3643739259e+04 9.7247002889e+04 5.6574722160e+03 1.3099399720e+04 3.9856326908e+05 3.9980382808e+04 -1.7468860532e+01 3.0789527804e+02 -1.9417749558e+01 -8.6842565256e+01 4.8182436751e+02 -1.3769759947e-13 4.2513963233e+02
1.0000000000e+00 0.0000000000e+00 9.7842434511e+03 1.9582437600e+04 7.3656775998e+03 8.0960045167e+03 2.9158148896e+05 2.7416544699e+04 -2.6729506547e+01 1.3964161834e+02 3.1689418767e+00 -7.8677353072e+01 4.0592257732e+02 -1.1680368097e-13 1.4246779563e+02
1.0000000000e+00 0.0000000000e+00 6.7816081352e+03 5.3369810134e+03 3.4287312145e+03 1.6150204455e+04 2.9289477840e+05 2.8744944841e+04 -9.7361081490e+00 -6.6236155652e+01 4.7501374621e+01 -1.0271429998e+02 4.3481425250e+02 -1.0147724127e-13 3.0207866133e+00
1.0000000000e+00 0.0000000000e+00 5.8889077361e+03 2.0873219854e+03 6.5350375580e+03 6.6587978087e+03 2.6891800899e+05 2.4018733575e+04 -1.5985661392e+01 2.0521507096e+01 1.5024375414e+01 -7.6015368943e+01 3.9965875555e+02 -9.7648675183e-14 -8.1824790751e+01
1.0000000000e+00 0.0000000000e+00 1.0949460572e+04 5.2128317321e+04 9.3746944069e+03 5.5746253813e+03 2.8985258194e+05 2.8636297051e+04 -2.3831724282e+01 2.2823649779e+02 -2.0173118389e+01 -6.6591631616e+01 4.0911148636e+02 -1.2120257644e-13 2.4204512044e+02
1.0000000000e+00 0.0000000000e+00 9.4630889772e+03 2.5108655597e+04 3.4034472567e+03 1.3500317213e+04 3.7039504933e+05 3.3726588979e+04 -2.7835640490e+01 1.5235703228e+02 1.1625859889e+01 -9.8568320568e+01 4.7609344533e+02 -1.3155188753e-13 2.8109624864e+02
1.0000000000e+00 0.0000000000e+00 9.2349855160e+04 4.9193843967e+05 5.2708943706e+04 6.0766317733e+04 7.0439439943e+05 1.2191398216e+05 -8.6502371235e+01 6.9552721998e+02 -5.2911041184e+01 -1.3854486185e+02 7.5896674678e+02 -1.7275396541e-13 8.1353699338e+02
1.0000000000e+00 0.0000000000e+00 9.6665427517e+03 1.2385019776e+04 2.5722724804e+03 1.7895638517e+04 3.5730249685e+05 3.3845711806e+04 -2.3715012801e+01 8.6942018070e+01 3.2774336553e+01 -1.1345075569e+02 4.8871635082e+02 -1.2340793106e-13 2.4397643914e+02
1.0000000000e+00 0.0000000000e+00 1.1396481863e+04 4.3631199557e+03 2.5368858706e+03 3.2344400756e+04 7.2176297172e+05 6.4480553259e+04 -2.1569514318e+01 6.2412129859e+01 4.2948218970e+01 -1.5172908987e+02 6.9889558610e+02 -1.3908593816e-13 1.2337354044e+02
1.0000000000e+00 0.0000000000e+00 6.0940345082e+04 1.3256609079e+05 2.8340935343e+04 7.5216444977e+04 8.6278002147e+05 1.1081752119e+05 -7.8879670857e+01 3.6370599099e+02 1.7093121815e+01 -1.7944299702e+02 8.2931457226e+02 -1.6375287320e-13 4.5078715031e+02
1.0000000000e+00 0.0000000000e+00 3.3169824627e+04 9.8909481905e+04 1.4185180188e+04 3.4831395121e+04 5.0916482119e+05 6.1004661651e+04 -5.6619514685e+01 3.1405375524e+02 6.4277911515e+00 -1.3133746498e+02 6.1078100344e+02 -1.3717915891e-13 3.3190354405e+02
1.0000000000e+00 0.0000000000e+00 3.2539886572e+04 2.6670924507e+04 1.5486229432e+04 5.5404973198e+04 6.4366868266e+05 7.6341452529e+04 -3.4330111192e+01 -1.4913946022e+02 1.0071946637e+02 -1.8649513379e+02 7.1795887071e+02 -1.1303669524e-13 -2.3972214290e+02
1.0000000000e+00 0.0000000000e+00 4.1890892367e+03 1.9483601184e+03 3.6185884801e+03 7.7445939411e+03 2.5689187524e+05 2.2436728149e+04 -1.4151266747e+01 2.6645805089e+01 1.7192679522e+01 -7.8794290205e+01 3.9993943913e+02 -9.6693348542e-14 -6.4475735054e+01
1.0000000000e+00 0.0000000000e+00 2.1551219535e+04 3.5717999114e+02 7.4982682088e+03 4.2784674677e+04 6.3378678952e+05 6.5224827422e+04 -3.6469333815e+01 7.5604561963e+00 6.6952676550e+01 -1.6883747408e+02 7.0040897732e+02 -1.2506942881e-13 -1.0603185455e+01
1.0000000000e+00 0.0000000000e+00 5.2323940395e+03 1.1493907420e+04 2.5630067164e+03 1.0873531385e+04 2.8106174091e+05 2.5494428864e+04 -1.4933915463e+00 -1.0390076172e+02 4.3124315969e+01 -8.0504285183e+01 3.4125465695e+02 -1.0317425284e-13 -1.2042621783e+02
1.0000000000e+00 0.0000000000e+00 3.4258646572e+04 1.0508014301e+05 1.7628254464e+04 3.3244491996e+04 4.6142188218e+05 5.8865451422e+04 -5.6982485435e+01 3.2200448992e+02 -3.2244131624e-01 -1.2387848327e+02 5.9805056273e+02 -1.3692394226e-13 4.0245459185e+02
1.0000000000e+00 0.0000000000e+00 1.6454101087e+04 3.7340264010e+04 1.6091879187e+04 1.2525081327e+04 2.3091544758e+05 2.9979175118e+04 -6.5015742393e+00 -1.9173806285e+02 7.7244213234e+01 -1.0353596280e+02 3.4201968821e+02 -9.8796017165e-14 -9.1007177172e+01
1.0000000000e+00 0.0000000000e+00 5.8553717927e+03 3.0323213231e+03 4.9176404149e+03 6.1456887715e+03 1.6665893850e+05 1.6258326548e+04 -2.1066203119e+01 5.4058723922e+01 1.2185082897e+01 -6.1491160814e+01 2.9554299190e+02 -9.4627962062e-14 3.4738059314e+01
1.0000000000e+00 0.0000000000e+00 4.3688270848e+04 1.4721483842e+04 2.3358458193e+04 5.7662420388e+04 6.1667500342e+05 7.8349086298e+04 -4.9344582664e+01 -1.0352857657e+02 1.0202701882e+02 -1.8805947600e+02 6.8654692432e+02 -1.1563412797e-13 -2.5225637450e+02
1.0000000000e+00 0.0000000000e+00 4.6424516375e+03 8.0736842461e+03 1.8837932422e+03 7.8435016225e+03 2.6570358762e+05 2.2629312328e+04 -1.8238157789e+01 8.8762092235e+01 1.3030897649e+01 -8.0519636994e+01 3.9252402410e+02 -1.0331246452e-13 5.7967040442e+01
1.0000000000e+00 0.0000000000e+00 2.9752859823e+04 1.3173450616e+05 1.9180761845e+04 1.8993636834e+04 4.1215175509e+05 5.1095465175e+04 -4.7873635701e+01 3.6233153672e+02 -2.1354889084e+01 -9.9352497541e+01 5.3830391394e+02 -1.3288793754e-13 4.3826377700e+02
1.0000000000e+00 0.0000000000e+00 1.1109357592e+04 2.3639227565e+03 3.3953360961e+03 2.0509615572e+04 3.6205764777e+05 3.5206586139e+04 -2.8459982881e+01 4.3839795714e+01 4.0533725547e+01 -1.1942691798e+02 5.1086512378e+02 -1.0831186756e-13 8.5776468545e+01
1.0000000000e+00 0.0000000000e+00 1.4499055369e+04 9.4524119703e+04 1.1647782664e+04 7.3123274986e+03 3.4045555454e+05 3.5902888675e+04 -2.0068393809e+01 2.9896552129e+02 -3.1685277719e+01 -7.0052353216e+01 4.5413849661e+02 -1.3300392490e-13 4.3005178832e+02
1.0000000000e+00 0.0000000000e+00 5.8244961847e+03 1.5688951379e+04 4.4662887528e+03 1.5931066233e+04 2.6468168514e+05 2.7707660394e+04 1.2567804553e+01 1.1898856093e+02 -1.3738816931e+01 -4.7851045586e+01 3.2223599844e+02 -1.1818534111e-13 2.5509609094e+02
1.0000000000e+00 0.0000000000e+00 4.4824271963e+04 6.1335492610e+04 3.0537895131e+04 4.4271273789e+04 7.2469645416e+05 8.4960339424e+04 -6.2309629567e+01 2.4646558872e+02 1.9245153470e+01 -1.5491687188e+02 7.3686810998e+02 -1.5007255963e-13 3.0263186751e+02
1.0000000000e+00 0.0000000000e+00 4.4795145176e+03 5.4989758824e+03 3.3236824886e+03 6.4749837850e+03 2.0437317016e+05 1.8378771054e+04 -9.9544531726e+00 -7.0692329959e+01 3.4426312943e+01 -7.1047322169e+01 3.0899767801e+02 -1.0020923573e-13 -3.9878075319e+01
1.0000000000e+00 0.0000000000e+00 1.2614298089e+04 6.0969424635e+03 7.4446933389e+03 1.7044831681e+04 3.4841222404e+05 3.4652378478e+04 -2.8748153717e+01 1.3438929373e+00 4.2615282639e+01 -1.1107860435e+02 4.7265579071e+02 -1.0465382628e-13 -1.6275934409e+02
1.0000000000e+00 0.0000000000e+00 4.8863216049e+04 2.6279169927e+05 1.8254619228e+04 4.7787915240e+04 7.4871210446e+05 9.2837082343e+04 -6.3137525012e+01 5.0190689888e+02 -1.6989896201e+01 -1.5500663340e+02 7.8182521673e+02 -1.6993160214e-13 7.6683927825e+02
1.0000000000e+00 0.0000000000e+00 9.9675702416e+03 4.4223148089e+04 6.0988632246e+03 6.7545993059e+03 2.1917214300e+05 2.2612679387e+04 -2.7676281849e+01 2.0689015707e+02 -1.0605374090e+01 -6.2840896627e+01 3.3827420911e+02 -1.0825816131e-13 5.5950663057e+01
1.0000000000e+00 0.0000000000e+00 7.9010451788e+03 4.1967368350e+03 5.6545144271e+03 1.4190161661e+04 3.3762119080e+05 3.1770017151e+04 -1.2309201219e+01 -6.2706376083e+01 4.8013366051e+01 -1.0540306385e+02 4.4701293184e+02 -1.1088200705e-13 2.8249508321e+00
1.0000000000e+00 0.0000000000e+00 2.0222690136e+04 1.3618181906e+05 9.6334841604e+03 1.1365408489e+04 4.0636118879e+05 4.3360964382e+04 -3.5902926143e+01 3.6697189553e+02 -2.6366549926e+01 -8.9578859335e+01 5.0130405669e+02 -1.4140852104e-13 4.6372915246e+02
1.0000000000e+00 0.0000000000e+00 9.0270405335e+04 4.1945788150e+05 5.4517213399e+04 6.4392305103e+04 6.5415149200e+05 1.1736804160e+05 -8.7244785745e+01 6.3901342475e+02 -4.5701615553e+01 -1.3271404583e+02 7.1512723805e+02 -1.8274898739e-13 8.8267485902e+02
1.0000000000e+00 0.0000000000e+00 5.0322751113e+04 1.0274835541e+05 4.2145366938e+04 3.9533983104e+04 7.1451550643e+05 8.9186027739e+04 -6.2871098059e+01 3.2017685066e+02 -4.5795662147e+00 -1.4086056453e+02 7.4084979552e+02 -1.5075551215e-13 2.9895529884e+02
1.0000000000e+00 0.0000000000e+00 2.3975218704e+03 9.3563478541e+03 1.0663353806e+03 4.3679053183e+03 1.9624699163e+05 1.6097144721e+04 -1.0545159145e+01 9.5390105763e+01 5.2935703050e+00 -6.1981676234e+01 3.1260950640e+02 -1.0248357821e-13 1.1505741196e+02
1.0000000000e+00 0.0000000000e+00 7.2986121951e+04 2.6329602920e+05 3.3109081809e+04 7.8150016211e+04 1.2450949409e+06 1.4638131629e+05 -8.0736322446e+01 5.0722243281e+02 4.3455305951e-01 -2.0617353516e+02 1.0102305303e+03 -1.8977147786e-13 6.6542999717e+02
1.0000000000e+00 0.0000000000e+00 8.6987165120e+04 3.6344497975e+05 4.8131810119e+04 7.1652217430e+04 9.3837575490e+05 1.3424394479e+05 -8.7282193518e+01 5.9733638277e+02 -2.5703735666e+01 -1.7012791042e+02 8.6914239216e+02 -1.8406952718e-13 8.0124122108e+02
1.0000000000e+00 0.0000000000e+00 3.7245075780e+03 9.3924495364e+02 1.6720026210e+03 5.6990311932e+03 1.6915647121e+05 1.4721644426e+04 -1.3467182263e+01 -2.7245672675e+01 3.0300568291e+01 -6.3776417327e+01 2.5460204781e+02 -9.8263886714e-14 -2.8225986640e+01
1.0000000000e+00 0.0000000000e+00 4.9586565179e+03 1.2406829285e+04 5.2907889868e+03 6.9117183320e+03 3.2848268909e+05 2.8113545151e+04 -1.1421477456e+01 1.0849962433e+02 -3.3956961654e+00 -6.9734789291e+01 4.1078270298e+02 -1.2056013245e-13 1.2694773261e+02
1.0000000000e+00 0.0000000000e+00 1.8357820865e+04 2.6961571616e+04 6.7841015457e+03 2.2583032915e+04 4.2394140117e+05 4.2984165946e+04 -4.0581333887e+01 1.6210027072e+02 2.6401664418e+01 -1.1863399883e+02 5.0912558105e+02 -1.2382379364e-13 6.0354008860e+01
1.0000000000e+00 0.0000000000e+00 2.0425889048e+04 8.9053064891e+04 1.2286533884e+04 1.3487528468e+04 2.8776098286e+05 3.5155690422e+04 -4.0758227338e+01 2.9794788861e+02 -1.6881028885e+01 -7.7948954593e+01 4.1309111522e+02 -1.1780174621e-13 2.0103463909e+02
1.0000000000e+00 0.0000000000e+00 9.5979111665e+03 3.1236705095e+04 5.8464550424e+03 8.7701008951e+03 3.7628958172e+05 3.3340436715e+04 -2.5360336868e+01 1.7566432239e+02 9.8520439285e-01 -8.8315340400e+01 4.5821851666e+02 -1.2276123867e-13 1.6064772197e+02
1.0000000000e+00 0.0000000000e+00 9.0801987912e+03 6.8932446590e+03 4.2535713894e+03 1.3899619923e+04 3.3619734557e+05 3.1072347776e+04 -2.5783973107e+01 8.2108214235e+01 2.6915303809e+01 -1.0430414354e+02 4.6833159985e+02 -1.1520034520e-13 8.0151379994e+01
1.0000000000e+00 0.0000000000e+00 4.2236060462e+03 2.9201045302e+03 5.3194390623e+03 5.9485282978e+03 3.3821667132e+05 2.7875734098e+04 -1.0769193952e+01 5.1807616828e+01 6.3030838584e+00 -7.0436265389e+01 3.9503567682e+02 -1.2381467614e-13 1.0638496044e+02
1.0000000000e+00 0.0000000000e+00 6.0704898376e+03 3.5567466440e+04 2.8858878446e+03 8.1676940551e+03 2.3333675049e+05 2.2391084949e+04 -8.0363381238e+00 1.8427602620e+02 -7.1779033030e+00 -6.6708936475e+01 3.5894483824e+02 -1.1562733750e-13 3.2476094825e+02
1.0000000000e+00 0.0000000000e+00 4.6544374602e+03 5.4233673148e+03 4.4332581112e+03 4.3270458183e+03 1.8735923634e+05 1.6737739317e+04 -1.7124554552e+01 6.4470082901e+01 4.9946753581e+00 -5.7095652787e+01 3.0441948596e+02 -9.3701128608e-14 -1.0710536110e+01
1.0000000000e+00 0.0000000000e+00 1.8260908278e+04 1.3227974388e+05 1.0904823966e+04 6.0288668231e+03 4.0122613738e+05 4.0957498501e+04 -3.1264436037e+01 3.5675450483e+02 -3.6046693918e+01 -7.0644153565e+01 4.4356469601e+02 -1.5523793862e-13 5.8153816167e+02
1.0000000000e+00 0.0000000000e+00 8.7827415866e+03 2.6733101350e+02 3.3986352167e+03 2.2655718187e+04 4.0769433014e+05 3.9144222792e+04 -1.9193489969e+01 -1.4350774620e+00 4.3924691576e+01 -1.1712006161e+02 5.0692395326e+02 -1.2205385700e-13 1.5760039188e+00
1.0000000000e+00 0.0000000000e+00 3.2111852317e+03 1.1298232723e+04 3.8245961262e+03 4.1962851427e+03 2.2734585623e+05 1.9396351033e+04 -2.8378814477e+00 8.9805933500e+01 -1.4895397993e+01 -3.7764230111e+01 2.8330047857e+02 -1.0538333813e-13 -5.5730916210e+01
1.0000000000e+00 0.0000000000e+00 5.4762240412e+03 2.2089879457e+03 6.1329942457e+03 7.7929965317e+03 2.8925185579e+05 2.5731950064e+04 -1.3833886343e+01 -1.6903655039e+01 1.8947989432e+01 -7.7548028296e+01 4.1234286067e+02 -1.0277189766e-13 -1.0784437021e+02
1.0000000000e+00 0.0000000000e+00 1.6544718636e+04 5.6287534111e+04 1.0991752481e+04 1.2537755055e+04 2.7892140431e+05 3.1952537348e+04 -3.7516460826e+01 2.3672172858e+02 -8.8762908768e+00 -7.9172588301e+01 4.1504714535e+02 -1.1736729748e-13 1.8158711202e+02
1.0000000000e+00 0.0000000000e+00 9.5503507928e+04 4.2479899696e+05 6.7173961069e+04 6.3086409598e+04 8.8515326282e+05 1.3803498903e+05 -8.7794492815e+01 6.4937914326e+02 -5.0539379187e+01 -1.4769267093e+02 8.3921011545e+02 -1.8273859958e-13 6.8900264151e+02
1.0000000000e+00 0.0000000000e+00 8.6798900863e+03 2.1373304462e+03 4.2646185496e+03 1.9114037018e+04 3.2367743781e+05 3.2357615836e+04 -1.2790346555e+01 -2.4600102342e+01 4.8025595981e+01 -1.1196677130e+02 4.6303351541e+02 -1.1858067168e-13 1.8813143119e+02
1.0000000000e+00 0.0000000000e+00 8.2835034383e+04 3.6068172510e+05 4.6617411101e+04 6.3157014951e+04 8.5997387938e+05 1.2433973759e+05 -8.3934786017e+01 5.9744540336e+02 -2.9885232686e+01 -1.6185439357e+02 8.4024001592e+02 -1.6975470319e-13 6.9024195990e+02
1.0000000000e+00 0.0000000000e+00 3.9263239974e+03 2.9867617482e+04 1.0178667739e+03 6.2415586879e+03 2.2544112056e+05 1.9901803137e+04 -1.0509564296e+01 1.6757539497e+02 -4.3286152574e+00 -6.6751540313e+01 3.5325334036e+02 -1.1092307344e-13 2.3636500270e+02
1.0000000000e+00 0.0000000000e+00 5.7587068747e+04 1.7381468766e+05 2.7853448145e+04 6.3855601130e+04 7.5431438701e+05 1.0021547926e+05 -7.4479453784e+01 4.1440699969e+02 3.3757904904e+00 -1.6590949690e+02 7.8895498369e+02 -1.5905508886e-13 5.8977153770e+02
1.0000000000e+00 0.0000000000e+00 3.6267215630e+04 1.0597392995e+05 1.6642000792e+04 3.9089156337e+04 4.8620831972e+05 6.2794496691e+04 -5.8931732424e+01 3.2513310000e+02 4.9972135026e+00 -1.2972352428e+02 6.0095023156e+02 -1.3582035335e-13 3.1198666113e+02
1.0000000000e+00 0.0000000000e+00 6.5185057287e+04 1.2822560677e+05 3.5114568006e+04 7.6391351112e+04 8.6414659018e+05 1.1414598786e+05 -8.0368121920e+01 3.5552248961e+02 1.8082954163e+01 -1.8005147627e+02 8.3308052117e+02 -1.4948278525e-13 1.8796003347e+02
1.0000000000e+00 0.0000000000e+00 8.9482484232e+03 9.3103821683e+02 5.7911892104e+03 1.4583499310e+04 3.4041005797e+05 3.2032814067e+04 -1.5777281700e+01 1.8445353341e+00 4.8923342488e+01 -1.1467143332e+02 4.5601193856e+02 -1.1842888497e-13 6.5088165055e+01
1.0000000000e+00 0.0000000000e+00 1.3256048909e+04 3.1860635196e+04 6.9473105985e+03 1.5099983283e+04 3.2225870273e+05 3.3074040236e+04 -3.4698629154e+01 1.6577987103e+02 5.4818589898e+00 -8.7706106178e+01 4.3257276557e+02 -1.1104993620e-13 -3.5789763931e+01
1.0000000000e+00 0.0000000000e+00 4.4105730054e+03 1.8045456993e+04 4.4897802014e+02 9.3718093748e+03 2.5330000735e+05 2.2360924002e+04 -1.3872167119e+01 1.3226329003e+02 7.9388614834e+00 -7.9013136361e+01 3.8303536621e+02 -1.0738899476e-13 6.5300970377e+01
1.0000000000e+00 0.0000000000e+00 1.3489797687e+04 8.4598903771e+03 8.6022146129e+03 1.8981867769e+04 3.5352929632e+05 3.6488336119e+04 -1.9201613364e+01 -8.7497468815e+01 6.4932681892e+01 -1.1971937322e+02 4.5305522561e+02 -1.1102807614e-13 -6.8617016823e+01
1.0000000000e+00 0.0000000000e+00 2.8127257255e+04 1.4583160365e+05 1.7286897550e+04 1.6166267563e+04 3.2667875121e+05 4.3949090415e+04 -4.4099189078e+01 3.7533791064e+02 -2.8059118616e+01 -8.3909609233e+01 4.6788452363e+02 -1.4074022469e-13 5.2890129277e+02
1.0000000000e+00 0.0000000000e+00 3.2843176821e+04 1.2662375204e+05 1.6269176939e+04 3.2169435703e+04 4.8692286259e+05 6.0574440168e+04 -5.4352601488e+01 3.5049104860e+02 -7.0974246119e+00 -1.2229444519e+02 6.0987091205e+02 -1.4638542806e-13 5.1451769962e+02
1.0000000000e+00 0.0000000000e+00 2.5461681863e+04 8.1775474201e+04 1.9894222109e+04 1.7193659762e+04 4.5614709362e+05 5.1076645696e+04 -4.3828197087e+01 2.8574784714e+02 -1.2586597636e+01 -1.0132660167e+02 5.5170754131e+02 -1.3654868794e-13 3.2542302441e+02
1.0000000000e+00 0.0000000000e+00 2.4531985323e+04 7.6799022863e+04 1.7459858760e+04 1.6853313242e+04 3.7634106900e+05 4.4259414308e+04 -4.6303381336e+01 2.7601914548e+02 -1.2060977146e+01 -9.2505351477e+01 4.9618959729e+02 -1.3206415077e-13 2.4902711698e+02
1.0000000000e+00 0.0000000000e+00 2.4583338863e+04 1.5323867766e+04 8.2500861691e+03 3.7826718404e+04 5.3414106412e+05 5.7345318676e+04 -4.6353357186e+01 1.1556507678e+02 4.6716773685e+01 -1.5050432154e+02 6.2741186127e+02 -1.3515563255e-13 2.6484518405e+02
1.0000000000e+00 0.0000000000e+00 2.4777597868e+03 2.4832190056e+04 1.0005884082e+03 1.1774511876e+04 3.1026359383e+05 2.7852277738e+04 6.0822353626e+00 1.4587556847e+02 -6.7260154701e+00 -6.4535944848e+01 3.6968459353e+02 -1.2398628325e-13 2.4103765166e+02
1.0000000000e+00 0.0000000000e+00 7.8147776385e+04 2.1145459773e+05 4.6896822157e+04 7.5348100291e+04 7.7079661115e+05 1.1659221612e+05 -8.7049945957e+01 4.5817678679e+02 -4.7294322213e+00 -1.6437345927e+02 7.9838251927e+02 -1.5949126429e-13 5.2529857786e+02
1.0000000000e+00 0.0000000000e+00 1.8811756243e+04 7.3911622643e+03 1.0884434672e+04 2.7075326880e+04 3.7576120785e+05 4.2574333344e+04 -2.7681172477e+01 -8.2297756723e+01 7.2806093820e+01 -1.3453555233e+02 4.9837641507e+02 -1.1546181947e-13 -1.5373829474e+01
1.0000000000e+00 0.0000000000e+00 7.0383379368e+04 2.6923542867e+05 5.1025595314e+04 4.5761050196e+04 7.9283484934e+05 1.0933410099e+05 -7.5351615214e+01 5.1878231988e+02 -3.2453659474e+01 -1.4318989761e+02 7.8908070011e+02 -1.5800149554e-13 4.8962768548e+02
1.0000000000e+00 0.0000000000e+00 7.4440452650e+03 1.0278791451e+04 5.3855638161e+03 8.0173952570e+03 2.8651320214e+05 2.5726241555e+04 -2.2704904809e+01 8.6293673895e+01 1.3181594572e+01 -8.2649497735e+01 4.0769275123e+02 -1.2179042752e-13 2.7057221057e+02
1.0000000000e+00 0.0000000000e+00 1.2314800897e+04 8.3972633148e+03 7.0676505279e+03 1.7329804343e+04 3.3747579993e+05 3.3996922908e+04 -3.1943470225e+01 6.9611054180e+01 2.6534518922e+01 -1.0466283380e+02 4.8237573979e+02 -1.0774371555e-13 -3.9525245735e+01
1.0000000000e+00 0.0000000000e+00 2.2685829216e+04 1.5978793471e+04 1.0040311407e+04 3.7047907878e+04 5.0965059166e+05 5.6150073699e+04 -4.4881509289e+01 1.2202498932e+02 3.7949097272e+01 -1.4287555589e+02 6.2756686839e+02 -1.2817957928e-13 9.9432859497e+01
1.0000000000e+00 0.0000000000e+00 1.6122077518e+05 6.1959875238e+05 1.0605022532e+05 1.2798578666e+05 1.2396673229e+06 2.1762198228e+05 -1.1888063388e+02 7.8651900229e+02 -4.5552203595e+01 -1.9767091661e+02 1.0423762953e+03 -1.8915055092e-13 8.1042966816e+02
1.0000000000e+00 0.0000000000e+00 8.0142221918e+03 2.3119331223e+04 5.4376745770e+03 1.2423416109e+04 2.8409247454e+05 2.8213465212e+04 -5.3634763263e+00 -1.3454147940e+02 5.8920803204e+01 -9.9607166745e+01 3.9097601819e+02 -9.4368357971e-14 -2.8914839592e+02
1.0000000000e+00 0.0000000000e+00 7.4810642856e+04 1.1567768860e+05 4.2072958781e+04 8.5109283018e+04 1.2435395529e+06 1.4598479566e+05 -8.4116916869e+01 3.3619077647e+02 2.9894376725e+01 -2.1519334906e+02 1.0078545600e+03 -1.6698913999e-13 2.1276415358e+02
1.0000000000e+00 0.0000000000e+00 3.1913831584e+04 5.0061843417e+04 1.4491803521e+04 4.5160381022e+04 6.1694746586e+05 7.0640269809e+04 -5.5326529577e+01 2.2071998047e+02 2.5211081051e+01 -1.5143369898e+02 6.9415048398e+02 -1.4725640836e-13 3.0646864085e+02
1.0000000000e+00 0.0000000000e+00 2.9993928652e+04 4.8959746727e+03 1.4378593749e+04 5.1372641955e+04 6.4018124182e+05 7.2728800868e+04 -3.8202404143e+01 -6.4950896153e+01 8.9842394333e+01 -1.7952104129e+02 6.7886259268e+02 -1.3232502803e-13 -4.7814296789e+01
1.0000000000e+00 0.0000000000e+00 1.4421976452e+04 5.9799439092e+04 1.0428698850e+04 1.1031914888e+04 4.5586690452e+05 4.3103919485e+04 -2.8794178841e+01 2.4144223089e+02 -8.9404013537e+00 -9.7232478873e+01 5.3340188390e+02 -1.3361017992e-13 2.3905664617e+02
1.0000000000e+00 0.0000000000e+00 3.2274708680e+03 1.1500614083e+04 2.9816729835e+03 4.7426728213e+03 2.5071151455e+05 2.0861623919e+04 -1.0264026574e+01 9.1747353843e+01 -2.0388077588e+00 -5.9248541651e+01 3.4390932120e+02 -1.0899864325e-13 -3.7594307630e+01
1.0000000000e+00 0.0000000000e+00 3.9835308096e+04 1.4673145788e+04 1.6039355312e+04 5.8457538562e+04 6.5853069143e+05 7.8366276069e+04 -6.1418087037e+01 1.1349914618e+02 5.8056572076e+01 -1.7416504649e+02 7.1532173118e+02 -1.3002447638e-13 -1.9945243572e+01
1.0000000000e+00 0.0000000000e+00 2.8680999427e+03 1.0333112269e+03 7.5398444892e+02 6.5583332256e+03 2.3691589933e+05 1.9276587859e+04 -1.2093280863e+01 2.7411953484e+01 2.2889006831e+01 -7.4986235165e+01 3.3726520118e+02 -1.0403414492e-13 -1.9051571248e+01
1.0000000000e+00 0.0000000000e+00 3.3530517713e+04 1.3495183677e+05 1.6713018399e+04 2.8920397924e+04 6.5116937866e+05 7.0755771439e+04 -5.3567664545e+01 3.5944666309e+02 -7.0105054187e+00 -1.3100649145e+02 6.6129738421e+02 -1.6944748652e-13 5.3773892184e+02
1.0000000000e+00 0.0000000000e+00 3.0166377357e+03 1.5578434240e+04 2.5903133562e+03 6.7338087113e+03 3.2239328019e+05 2.6616297395e+04 -7.0208094206e+00 1.1405525389e+02 -5.1830338716e+00 -6.6034068508e+01 3.9327205932e+02 -1.3065056898e-13 2.9308763266e+02
1.0000000000e+00 0.0000000000e+00 4.0745828503e+04 9.7944413113e+04 3.4648328917e+04 2.8266251866e+04 6.0770777027e+05 7.3437580020e+04 -5.4250842815e+01 3.1032482058e+02 -1.0422311687e+01 -1.2438463498e+02 6.7477703118e+02 -1.5226106991e-13 3.6927207244e+02
1.0000000000e+00 0.0000000000e+00 4.7488020953e+04 1.2949682290e+05 4.3062111170e+04 2.5875473001e+04 4.9405630749e+05 6.9900371298e+04 -6.0431262330e+01 3.5953835011e+02 -2.5630110068e+01 -1.0241639773e+02 5.8835793526e+02 -1.4839151153e-13 4.0959533660e+02
1.0000000000e+00 0.0000000000e+00 4.8782722273e+03 1.2646524333e+03 2.2640774203e+03 7.0267231205e+03 1.8933424709e+05 1.6950486877e+04 -1.7850137142e+01 1.8728150598e+01 2.6783648593e+01 -7.3964992183e+01 3.1182487258e+02 -9.8096531164e-14 -2.7312115785e+00
1.0000000000e+00 0.0000000000e+00 6.0520564430e+03 2.8910717729e+02 3.0521480821e+03 1.4404154310e+04 3.4466153599e+05 3.1025153072e+04 -1.4149249582e+01 1.2333712669e+01 3.8720177293e+01 -1.0537972057e+02 4.5122377841e+02 -1.1687036288e-13 2.0146758373e+01
1.0000000000e+00 0.0000000000e+00 1.1677524353e+04 1.5949124210e+04 2.7029959558e+03 2.1920356743e+04 4.8602969910e+05 4.4556438089e+04 -2.9336072733e+01 1.2520849402e+02 3.0801218845e+01 -1.2616331278e+02 5.5868220638e+02 -1.3103814010e-13 9.7015728653e+01
1.0000000000e+00 0.0000000000e+00 2.7193831713e+04 1.2768691125e+05 1.3695847918e+04 2.2759675771e+04 4.2419179744e+05 5.1043508709e+04 -4.7951626643e+01 3.4952054871e+02 -1.4754744922e+01 -1.0540926934e+02 5.4614420556e+02 -1.4651093352e-13 4.9978458717e+02
1.0000000000e+00 0.0000000000e+00 5.7639352380e+04 1.8277088545e+05 1.9167213081e+04 7.3202473162e+04 9.4851844845e+05 1.1420264254e+05 -7.4090531045e+01 4.2032095274e+02 1.5461933664e+01 -1.9344723821e+02 8.9227685716e+02 -1.6856829560e-13 5.6208857718e+02
1.0000000000e+00 0.0000000000e+00 1.5785248266e+04 1.1492931160e+03 8.9972670417e+03 2.4747269216e+04 4.8982366544e+05 4.8071091085e+04 -3.2432315309e+01 1.2713512095e+01 4.8122164249e+01 -1.3560880255e+02 5.9391348909e+02 -1.2165689241e-13 -8.8947591525e+00
1.0000000000e+00 0.0000000000e+00 1.5443038244e+04 4.6139377021e+04 6.5956635063e+03 1.8687337032e+04 3.3774814952e+05 3.6292803742e+04 -3.7366106015e+01 2.1258174717e+02 5.4122812201e+00 -1.0132644649e+02 4.9016320620e+02 -1.1579921916e-13 1.2724507252e+02
1.0000000000e+00 0.0000000000e+00 2.0139202125e+04 8.1455326545e+04 1.3709493179e+04 1.3447152575e+04 2.3830388531e+05 3.2048510539e+04 -4.0587314575e+01 2.8442662996e+02 -1.7383448997e+01 -7.5721759552e+01 4.1128330444e+02 -1.1546465426e-13 3.6434807005e+02
1.0000000000e+00 0.0000000000e+00 1.0130850798e+05 3.2896540071e+05 6.9175682322e+04 8.1403766557e+04 1.1694670890e+06 1.6156246735e+05 -9.4406781783e+01 5.6906655738e+02 -2.2609015563e+01 -1.8539670410e+02 9.7275250878e+02 -1.9109020004e-13 7.0771241833e+02
1.0000000000e+00 0.0000000000e+00 1.1161149888e+03 3.4065395029e+03 5.0358468829e+02 3.0318227551e+03 1.4722421880e+05 1.1658796751e+04 -5.7899121345e+00 5.6655585280e+01 7.0877106624e+00 -4.9787466900e+01 2.4761986101e+02 -9.7045321880e-14 1.1408013516e+02
1.0000000000e+00 0.0000000000e+00 1.3120360521e+04 5.4372602108e+04 1.1249966810e+04 6.3565925817e+03 2.7673166380e+05 2.9026812919e+04 -2.8258222591e+01 2.3006267815e+02 -1.8419944437e+01 -6.7356354883e+01 4.0167290186e+02 -1.1548019004e-13 1.0016135122e+02
1.0000000000e+00 0.0000000000e+00 2.0103438756e+04 4.8466127485e+04 1.2185777954e+04 2.3618051453e+04 4.6335695004e+05 4.9495710857e+04 -2.5030603662e+01 -1.9377355468e+02 7.7651048540e+01 -1.3467089488e+02 5.5022828863e+02 -1.0226301430e-13 -3.9103367472e+02
1.0000000000e+00 0.0000000000e+00 4.7299923797e+03 1.1180458755e+03 3.3005869431e+03 6.1278257918e+03 2.0770603050e+05 1.8219269520e+04 -1.3495743639e+01 2.8975191985e+01 2.3569720631e+01 -7.1452511334e+01 3.0799541446e+02 -1.0846936405e-13 6.2879705949e+01
1.0000000000e+00 0.0000000000e+00 8.6364825504e+04 3.2007202265e+05 6.0234931838e+04 5.9598681331e+04 8.4930179702e+05 1.2587418464e+05 -8.4366481636e+01 5.6286660779e+02 -3.3395893294e+01 -1.5168108552e+02 8.1978002429e+02 -1.7528482212e-13 6.3861071812e+02
1.0000000000e+00 0.0000000000e+00 3.0902291250e+03 6.1973144924e+03 3.4903309346e+03 5.8881726158e+03 2.3957638334e+05 2.0587566089e+04 -6.6173738852e+00 7.5681657220e+01 -5.1362696022e+00 -5.6409320989e+01 3.5649073857e+02 -1.0810232380e-13 1.9925118842e+02
1.0000000000e+00 0.0000000000e+00 2.1108698653e+04 1.0325935044e+05 1.0203261121e+04 2.2802521501e+04 5.5165629892e+05 5.6922012863e+04 -3.7933418360e+01 3.1822728181e+02 -8.3415535659e+00 -1.2250933468e+02 6.4302076487e+02 -1.4674095561e-13 4.2125430210e+02
1.0000000000e+00 0.0000000000e+00 2.5056008519e+04 2.6314577423e+04 2.1816981872e+04 2.5251084621e+04 5.9008202577e+05 6.1813604645e+04 -4.3371106424e+01 1.5069995989e+02 1.5399517828e+01 -1.2846670319e+02 6.5413155398e+02 -1.3261006639e-13 6.5665991196e+01
1.0000000000e+00 0.0000000000e+00 5.6879864053e+04 1.9416388958e+05 2.3117537819e+04 6.6032365238e+04 8.4482868632e+05 1.0625286575e+05 -7.3346194685e+01 4.3518259016e+02 4.8589235762e+00 -1.7596927784e+02 8.3179947956e+02 -1.6507974981e-13 5.9265443019e+02
1.0000000000e+00 0.0000000000e+00 2.3481638955e+03 1.3332338811e+03 1.5992910203e+03 3.9728278038e+03 1.4868945540e+05 1.2552627019e+04 -6.9546752506e+00 -2.8207823785e+01 2.6601348161e+01 -5.9462464406e+01 2.5001650962e+02 -9.9509235296e-14 1.0546249353e+02
1.0000000000e+00 0.0000000000e+00 1.5405719507e+03 1.0665904655e+04 3.8059576275e+02 1.7334478557e+03 1.1786748910e+05 9.4032874807e+03 -8.7406615370e+00 9.7905133667e+01 -1.3618240308e+00 -3.9312557743e+01 2.0101222869e+02 -1.0343152332e-13 2.0179666607e+02
1.0000000000e+00 0.0000000000e+00 4.4587989253e+03 2.2278799954e+03 2.6049125399e+03 8.0637721807e+03 2.5301957754e+05 2.1897454177e+04 -1.1224666475e+01 4.2234262468e+01 2.8303831448e+01 -8.4700128971e+01 3.5696389757e+02 -1.1237792238e-13 8.1385324477e+01
1.0000000000e+00 0.0000000000e+00 4.7359017147e+03 2.5942741749e+04 3.0206715606e+03 3.3629755706e+03 2.1988321114e+05 1.8895540053e+04 -1.5436861193e+01 1.6034568342e+02 -8.1260188599e+00 -5.5878833091e+01 3.0981286019e+02 -1.1399285285e-13 2.2207523450e+02
1.0000000000e+00 0.0000000000e+00 3.1730079131e+04 5.1460714167e+04 1.8323294788e+04 3.8658875535e+04 3.9018455790e+05 5.4169318541e+04 -5.6134489460e+01 2.2586696445e+02 1.5273399145e+01 -1.2124478809e+02 5.5109910095e+02 -1.2198766724e-13 1.8240928919e+02
1.0000000000e+00 0.0000000000e+00 1.8809772019e+04 7.4504593843e+04 8.4273613945e+03 1.6937431007e+04 3.0547442991e+05 3.5523707089e+04 -4.0656087490e+01 2.5867942295e+02 -3.4535367538e+00 -9.1308173222e+01 4.4572761329e+02 -1.3160563494e-13 4.6651821546e+02
1.0000000000e+00 0.0000000000e+00 1.2534541103e+04 1.1953990427e+04 4.9854509942e+03 1.8363273515e+04 3.3961760345e+05 3.3886650951e+04 -3.3197872519e+01 1.0592458031e+02 2.6914410008e+01 -1.0898342349e+02 4.8227812264e+02 -1.1025171491e-13 3.6073323143e+01
1.0000000000e+00 0.0000000000e+00 1.4897672632e+04 1.9924362876e+03 5.0362111152e+03 2.8042491155e+04 4.4058385551e+05 4.4583447630e+04 -3.0766776942e+01 3.8634076669e+01 4.9853875571e+01 -1.3533918073e+02 5.6193628695e+02 -1.1718496004e-13 6.0348276187e+01
1.0000000000e+00 0.0000000000e+00 1.0819831778e+03 4.8516386333e+03 5.2162513124e+02 5.3879296315e+03 1.7885483466e+05 1.4930920654e+04 2.5281993583e+00 -6.1675784340e+01 1.9155209988e+01 -4.9280320959e+01 2.5390359685e+02 -9.3323025392e-14 -7.8260765642e+01
1.0000000000e+00 0.0000000000e+00 3.5051494966e+04 6.0947823845e+04 3.0153526271e+04 3.1443344622e+04 4.9454244663e+05 6.3494822036e+04 -2.1214266837e+01 -2.4531440533e+02 1.1158214568e+02 -1.6373380911e+02 5.6605377093e+02 -1.1839327932e-13 -1.7646767876e+02
1.0000000000e+00 0.0000000000e+00 2.9834003270e+05 7.6075598713e+05 2.1204800506e+05 2.6041668025e+05 2.6050585327e+06 4.2201807272e+05 -1.6621639329e+02 8.7184630595e+02 -2.3173862432e+01 -2.9706396289e+02 1.5044016390e+03 -2.5656868063e-13 9.7716640826e+02
1.0000000000e+00 0.0000000000e+00 1.1033900602e+04 2.3009747203e+04 8.0952166510e+03 1.0645449851e+04 3.0532053266e+05 2.9977493368e+04 -2.7946351981e+01 1.5078133096e+02 5.4067842379e+00 -8.6006508242e+01 4.3265959312e+02 -1.1791878198e-13 2.0657535369e+02
1.0000000000e+00 0.0000000000e+00 2.1007107096e+04 2.5443944526e+04 8.8832780314e+03 3.0091369437e+04 4.1565034747e+05 4.6651503030e+04 -4.4850110794e+01 1.5771593750e+02 2.7205710094e+01 -1.2639654842e+02 5.5938439428e+02 -1.1732166112e-13 1.1797883547e+02
1.0000000000e+00 0.0000000000e+00 1.3486337094e+03 2.4578604898e+03 7.2813076571e+02 3.5540283797e+03 1.3219109216e+05 1.0933673095e+04 -1.6190458429e+00 -1.1655750242e+01 2.0149025117e+01 -5.0385280823e+01 2.1817097397e+02 -7.8985604449e-14 -1.6373494442e+02
1.0000000000e+00 0.0000000000e+00 1.6296797317e+03 1.3806496730e+02 1.9993731268e+03 1.7096242352e+03 1.1548634892e+05 9.4093582353e+03 -3.1746344351e+00 -2.4638285493e+00 1.6512751713e+01 -3.8814575032e+01 1.5692642760e+02 -9.2493431006e-14 2.7221095946e+01
1.0000000000e+00 0.0000000000e+00 1.6805399795e+04 2.1597302940e+03 9.4007872651e+03 2.2706624654e+04 3.8529481217e+05 4.0341717152e+04 -3.1428147554e+01 -4.0507127098e+01 5.9595798790e+01 -1.2733863114e+02 5.0392158278e+02 -1.1428544262e-13 -4.0569647852e+01
1.0000000000e+00 0.0000000000e+00 4.8064402511e+04 1.5982186767e+05 2.4726029732e+04 4.7160822255e+04 6.0528670039e+05 8.0602398556e+04 -6.7859747938e+01 3.9936595946e+02 -5.4430910724e+00 -1.4149635527e+02 6.9241222163e+02 -1.4604791541e-13 4.2849538958e+02
1.0000000000e+00 0.0000000000e+00 1.0453951001e+04 4.9680206236e+03 1.1700889826e+04 7.6294575962e+03 2.4548831727e+05 2.5251213122e+04 -2.4576519228e+01 4.9466646712e+01 1.0597626911e+01 -7.5336678960e+01 4.0217795015e+02 -9.2966161905e-14 -5.4009241673e+01
1.0000000000e+00 0.0000000000e+00 2.9576295694e+04 1.8024627261e+05 9.8269280204e+03 2.8378516438e+04 5.6384380427e+05 6.3909572948e+04 -4.6003834984e+01 4.1879188591e+02 -1.7131350358e+01 -1.2618833766e+02 6.5012173590e+02 -1.4790178502e-13 5.3565457252e+02
1.0000000000e+00 0.0000000000e+00 9.3075857923e+02 1.2111040935e+02 1.1793244311e+03 4.5378571231e+03 1.9025141419e+05 1.5362556929e+04 2.3966788445e-01 -6.5558904701e+00 1.5967441618e+01 -5.3759572122e+01 2.6390596551e+02 -1.0053697309e-13 3.9536947855e+01
1.0000000000e+00 0.0000000000e+00 3.9202414695e+04 3.8163649861e+04 2.7978396174e+04 3.8268250068e+04 5.7206439307e+05 6.9730183841e+04 -5.9723908100e+01 1.9270887338e+02 2.1938132608e+01 -1.3910361906e+02 6.5283625826e+02 -1.3702953374e-13 1.4409005227e+02
1.0000000000e+00 0.0000000000e+00 6.6948917371e+03 6.3603512010e+02 6.0073656775e+03 7.1236875616e+03 2.5990767061e+05 2.3323648113e+04 -1.9651534895e+01 -2.9511396594e+00 2.4731615451e+01 -7.8895753137e+01 3.7407214605e+02 -1.1173521027e-13 6.4647526833e+01
1.0000000000e+00 0.0000000000e+00 6.7410805686e+04 6.8729414688e+04 3.3044873122e+04 8.9133065467e+04 1.0142577574e+06 1.2616839192e+05 -8.1389053854e+01 2.6058499553e+02 4.5656226672e+01 -2.0708859616e+02 9.0795552858e+02 -1.5837663001e-13 2.1515729972e+02
1.0000000000e+00 0.0000000000e+00 3.4452703669e+04 1.0995248584e+05 1.5907651774e+04 4.1055797961e+04 8.0002816022e+05 8.4671433239e+04 -5.4455197781e+01 3.2967182418e+02 6.7120280401e+00 -1.5974668822e+02 7.8846568523e+02 -1.5824244336e-13 4.7542375475e+02
1.0000000000e+00 0.0000000000e+00 2.0824691013e+04 8.0991391176e+04 7.6051260615e+03 2.5475032665e+04 3.4572142917e+05 4.2057728308e+04 -4.2782387380e+01 2.8228990224e+02 2.5959219369e+00 -1.0905126441e+02 5.0887472415e+02 -1.3394717735e-13 4.2101053429e+02
1.0000000000e+00 0.0000000000e+00 2.0533786497e+04 1.9040483962e+04 2.0397855677e+04 1.5634498405e+04 4.3316860875e+05 4.5939582905e+04 -3.8946255465e+01 1.3252845793e+02 7.5810995310e+00 -1.0199591797e+02 5.3964566560e+02 -1.2308718346e-13 7.7872185092e+01
1.0000000000e+00 0.0000000000e+00 1.2596712005e+04 2.9559780965e+04 2.0664048999e+03 2.5828402660e+04 5.0082936523e+05 4.7717932477e+04 -2.8239075466e+01 1.7063361213e+02 2.8750180308e+01 -1.3325800359e+02 5.8611333346e+02 -1.3142245225e-13 1.6686269726e+02
1.0000000000e+00 0.0000000000e+00 1.1948149372e+04 5.6337840415e+03 6.1589607682e+03 2.2787259459e+04 3.2866653799e+05 3.5343750204e+04 -1.5829695548e+01 -7.4582310496e+01 6.4439514848e+01 -1.2405393248e+02 4.7585756062e+02 -9.8634001965e-14 -5.6627032365e+01
1.0000000000e+00 0.0000000000e+00 5.5747383403e+04 6.8163551022e+04 3.7545034256e+04 6.4818827143e+04 8.6814324421e+05 1.0725824713e+05 -7.1696615168e+01 2.5550544618e+02 2.5246203430e+01 -1.7680145644e+02 8.3888581866e+02 -1.4256160687e-13 8.8670561571e+01
1.0000000000e+00 0.0000000000e+00 3.5438395581e+03 4.7789722527e+03 2.2545755049e+03 5.7996657444e+03 1.8244541072e+05 1.6102055404e+04 -7.2607742374e+00 -6.7639398157e+01 3.3540399213e+01 -6.6598315306e+01 2.8251969350e+02 -9.9447393070e-14 -5.7449451598e+00
1.0000000000e+00 0.0000000000e+00 3.5212830323e+04 7.4923183292e+04 1.9033951862e+04 4.5639337251e+04 8.0997607343e+05 8.7027860629e+04 -5.5385974911e+01 2.7290981836e+02 1.6596594450e+01 -1.6491968935e+02 8.0164127921e+02 -1.4753026410e-13 2.0978914110e+02
1.0000000000e+00 0.0000000000e+00 1.3200325510e+03 2.0492900148e+02 7.1268979512e+02 3.9567741744e+03 1.4506678311e+05 1.1863688579e+04 -1.9988499113e+00 -3.5301563472e+00 1.9234991731e+01 -5.1240851765e+01 2.2380455466e+02 -9.3794176311e-14 -1.0345967896e+00
1.0000000000e+00 0.0000000000e+00 1.9758158494e+04 3.0682337789e+04 7.5814388206e+03 3.1867186942e+04 5.3850689378e+05 5.5415729566e+04 -4.1602011658e+01 1.7324432361e+02 2.6420502473e+01 -1.3964879344e+02 6.4208962472e+02 -1.3458243523e-13 2.7594609653e+02
1.0000000000e+00 0.0000000000e+00 1.6604527290e+04 4.4616817700e+04 1.0151324370e+04 1.7118350159e+04 3.0956113118e+05 3.5144954051e+04 -3.8891518763e+01 2.1044045429e+02 -5.2188005798e-01 -9.1243887321e+01 4.6198719700e+02 -1.2398597437e-13 3.1012805582e+02
1.0000000000e+00 0.0000000000e+00 4.5567852158e+03 1.9246546107e+04 2.9541009324e+03 4.3134382748e+03 1.5914685872e+05 1.4880250314e+04 -5.5913721648e+00 -1.2182286178e+02 4.4700362393e+01 -6.3253517647e+01 2.2835948109e+02 -8.0777828878e-14 -2.3496286005e+02
1.0000000000e+00 0.0000000000e+00 8.7584947333e+04 1.4741542863e+05 5.0544025634e+04 1.0377911801e+05 1.0793835241e+06 1.4860779796e+05 -9.3810386144e+01 3.8339857719e+02 2.2517718895e+01 -2.0439366922e+02 9.4780463308e+02 -1.7366055566e-13 4.8560375077e+02
1.0000000000e+00 0.0000000000e+00 8.7565741170e+04 2.4708864322e+05 6.0437369565e+04 7.1269061267e+04 9.5065953831e+05 1.3444525833e+05 -8.8987771076e+01 4.9696669550e+02 -1.4890324283e+01 -1.6892063648e+02 8.6554549792e+02 -1.7394533253e-13 4.9073491765e+02
1.0000000000e+00 0.0000000000e+00 9.1240726591e+03 4.0582546602e+04 7.1655523171e+03 1.3582565012e+04 2.1405368922e+05 2.5635634367e+04 1.0677936503e+01 1.7483432722e+02 -1.1719626281e+01 -5.1903754304e+01 2.9546402495e+02 -1.1852618984e-13 4.2290327989e+02
1.0000000000e+00 0.0000000000e+00 3.5672007268e+04 1.9665712548e+05 2.2022826900e+04 2.1689908774e+04 4.2381623501e+05 5.7536241734e+04 -5.0687394376e+01 4.3630469518e+02 -3.4214465166e+01 -9.7135489084e+01 5.5140954200e+02 -1.4905296102e-13 5.9420447183e+02
1.0000000000e+00 0.0000000000e+00 5.4687524248e+04 2.0921158187e+05 3.7796228008e+04 4.2354358898e+04 6.1808064173e+05 8.7367279204e+04 -6.6629574873e+01 4.5626372795e+02 -2.4410585965e+01 -1.3000105777e+02 6.9484716002e+02 -1.5324538796e-13 4.7940468323e+02
1.0000000000e+00 0.0000000000e+00 2.6623386989e+04 1.6249974569e+04 1.0143516792e+04 4.7147268420e+04 8.2444310810e+05 8.1947560206e+04 -3.8978124579e+01 1.0690178126e+02 6.5781654694e+01 -1.9034996371e+02 7.7947276521e+02 -1.5487750424e-13 3.0980102669e+02
1.0000000000e+00 0.0000000000e+00 2.9745939033e+04 1.3440073645e+05 1.9783111352e+04 1.9069771021e+04 4.5102013724e+05 5.4135730523e+04 -4.6380437935e+01 3.6212103775e+02 -2.2206823329e+01 -1.0320712645e+02 5.6983354091e+02 -1.4018720783e-13 4.3749555063e+02
1.0000000000e+00 0.0000000000e+00 4.7553392983e+03 3.2040316065e+03 1.2345322112e+03 1.3840069833e+04 3.6353648340e+05 3.1400264730e+04 -1.4250914160e+01 4.4810729701e+01 2.6479146543e+01 -9.9811274369e+01 4.6835535186e+02 -1.1234138188e-13 -6.1242412092e+01
1.0000000000e+00 0.0000000000e+00 3.6808423975e+04 1.6077962982e+05 2.6855863761e+04 2.2473955009e+04 5.7974948057e+05 6.8687300754e+04 -5.1753030794e+01 3.9579612853e+02 -2.7897727951e+01 -1.1380793297e+02 6.5280761521e+02 -1.5290710701e-13 4.9573214535e+02
1.0000000000e+00 0.0000000000e+00 2.4110140126e+04 1.1746735511e+05 9.8442504092e+03 2.3958141120e+04 5.0054735175e+05 5.4555131644e+04 -4.3972159922e+01 3.3801593761e+02 -7.5807409935e+00 -1.2165607814e+02 6.1785280863e+02 -1.4440846929e-13 5.3983195188e+02
1.0000000000e+00 0.0000000000e+00 1.0402218299e+05 4.6253284621e+05 4.0004266760e+04 1.0737941371e+05 1.4197768555e+06 1.8417644382e+05 -9.6349142126e+01 6.7271949229e+02 -1.0786644934e+01 -2.2572691615e+02 1.0918775992e+03 -2.0902959064e-13 8.6032906891e+02
1.0000000000e+00 0.0000000000e+00 3.6493765454e+04 1.3202698755e+05 6.0949103561e+03 5.9624570717e+04 9.1804372946e+05 9.7867550081e+04 -5.4219147008e+01 3.5656098612e+02 2.1356760525e+01 -1.8541885756e+02 8.4741865430e+02 -1.6821475636e-13 4.6507807315e+02
1.0000000000e+00 0.0000000000e+00 1.7137271952e+05 6.7726235341e+05 1.0999204599e+05 1.3883585371e+05 1.4880375026e+06 2.4378546965e+05 -1.2166762940e+02 8.2079198939e+02 -4.5120130812e+01 -2.1769176175e+02 1.1489973309e+03 -2.0693197436e-13 9.5139768192e+02
1.0000000000e+00 0.0000000000e+00 3.8896403531e+04 5.9559431193e+04 2.6797169826e+04 4.1992648494e+04 7.9024867732e+05 8.6638562688e+04 -5.7946565026e+01 2.4361453926e+02 1.6649172272e+01 -1.5987669767e+02 7.8894822401e+02 -1.4716753632e-13 2.2645763035e+02
1.0000000000e+00 0.0000000000e+00 7.4349173247e+03 2.9237980310e+04 3.4748545049e+03 6.0859722069e+03 1.6268660221e+05 1.6638627294e+04 -2.5628642129e+01 1.6645473721e+02 -2.9339610439e+00 -5.7784102230e+01 2.8485117241e+02 -1.1173744382e-13 3.0761929162e+02
1.0000000000e+00 0.0000000000e+00 1.2626437491e+04 2.3998470504e+04 7.0977361059e+03 1.5240211893e+04 3.7921910716e+05 3.6644472396e+04 -3.2882721418e+01 1.4558078935e+02 1.1469653269e+01 -1.0016984360e+02 4.9284577156e+02 -1.2283062042e-13 1.1238528657e+02
1.0000000000e+00 0.0000000000e+00 5.6533826205e+04 2.5137715231e+05 3.6952009894e+04 4.0633824594e+04 4.2651290875e+05 7.5426597322e+04 -6.9334222416e+01 4.9757453493e+02 -3.6335232996e+01 -1.0875258406e+02 5.9803714832e+02 -1.4314269114e-13 6.1894705510e+02
1.0000000000e+00 0.0000000000e+00 5.4892619419e+03 8.1406272405e+03 4.3553935849e+03 7.0709960973e+03 2.9813614470e+05 2.5530179791e+04 -1.7768618904e+01 8.1640753449e+01 1.0575129477e+01 -7.8086328796e+01 3.9714267917e+02 -1.1131876760e-13 -7.7595881402e+01
1.0000000000e+00 0.0000000000e+00 3.4146009547e+03 1.4506365813e+04 1.0198560981e+03 3.1755796301e+03 9.6208070630e+04 9.0641627284e+03 -1.3727198744e+01 1.1538450216e+02 -3.2102302927e-02 -3.9595500753e+01 1.8153517201e+02 -9.2843004086e-14 1.2897243937e+02
1.0000000000e+00 0.0000000000e+00 3.1936811375e+04 1.2370820660e+05 2.6946931051e+04 1.6234646236e+04 4.9137704161e+05 5.8127356680e+04 -4.7530611199e+01 3.5133993154e+02 -2.8377734440e+01 -9.5370737759e+01 5.6463074616e+02 -1.4149459759e-13 3.4598146970e+02
1.0000000000e+00 0.0000000000e+00 1.5867455548e+04 4.0388419854e+04 1.4991203053e+04 1.1888659081e+04 4.4841972770e+05 4.3996957136e+04 -3.0924170783e+01 1.9953036139e+02 -6.7302485229e+00 -9.8028231633e+01 5.5541397063e+02 -1.2313201023e-13 1.6779179889e+02
1.0000000000e+00 0.0000000000e+00 9.7525739835e+04 3.9707597455e+05 6.6882548254e+04 6.1967136915e+04 1.1969882387e+06 1.5700562944e+05 -8.7264672090e+01 6.2971250400e+02 -3.8292942895e+01 -1.7609036079e+02 9.6610150473e+02 -1.9767284632e-13 7.2873094823e+02
1.0000000000e+00 0.0000000000e+00 4.6138289831e+04 8.0068640092e+04 2.1755020033e+04 6.6598312758e+04 1.0813078902e+06 1.1618239903e+05 -6.3812001624e+01 2.8127493129e+02 3.1561323106e+01 -2.0130040854e+02 9.4416159759e+02 -1.6016522147e-13 3.2105484561e+02
1.0000000000e+00 0.0000000000e+00 1.2717820680e+04 4.8903802037e+04 7.6124396323e+03 8.7354165666e+03 2.6309354161e+05 2.7346548558e+04 -3.1409223344e+01 2.2101772502e+02 -8.5361403466e+00 -7.0764298714e+01 3.6788930332e+02 -1.2058338182e-13 2.3041340078e+02
1.0000000000e+00 0.0000000000e+00 2.4004264346e+04 3.0757813642e+04 1.2808910695e+04 3.7757448550e+04 4.5299190558e+05 5.4584724369e+04 -2.3363735808e+01 -1.6499749400e+02 9.1944727621e+01 -1.5357464235e+02 5.6453953252e+02 -1.0070307460e-13 -2.6628613102e+02
1.0000000000e+00 0.0000000000e+00 5.1640505907e+04 1.2018361549e+05 3.0422521764e+04 5.2553176416e+04 5.2643768171e+05 7.8232070916e+04 -7.0860332651e+01 3.4626407676e+02 3.6999764816e+00 -1.3882450173e+02 6.5490747258e+02 -1.3921408073e-13 4.0661760353e+02
1.0000000000e+00 0.0000000000e+00 4.9008158850e+03 1.5277024100e+03 6.0685191986e+03 4.4231587340e+03 2.2624921970e+05 1.9909134563e+04 -1.2328530063e+01 1.8612872702e+01 7.3263178718e+00 -5.6984371206e+01 3.2245690067e+02 -1.0316365984e-13 -6.9581605956e+01
1.0000000000e+00 0.0000000000e+00 2.2712967773e+04 1.3728461581e+05 1.2932356197e+04 1.4552024888e+04 4.8558824811e+05 5.1607330824e+04 -3.6968048716e+01 3.6648724415e+02 -2.4359135446e+01 -1.0424882500e+02 5.8742008264e+02 -1.4449270630e-13 5.1194363071e+02
1.0000000000e+00 0.0000000000e+00 2.5604836846e+04 1.2655951478e+05 1.3744863253e+04 1.8927170781e+04 2.8338288723e+05 3.9805118719e+04 -4.6941900496e+01 3.5161919462e+02 -2.2133717881e+01 -7.9887483663e+01 4.2031243268e+02 -1.3297866034e-13 4.6276386794e+02
1.0000000000e+00 0.0000000000e+00 8.8014162321e+03 6.5683938537e+02 6.1588408983e+03 1.1128179957e+04 2.8821345609e+05 2.7104577292e+04 -2.4681700837e+01 8.0712082111e+00 3.0800996121e+01 -9.0883928260e+01 4.0766053338e+02 -1.1068214831e-13 4.1192567927e+01
1.0000000000e+00 0.0000000000e+00 5.1860961095e+03 2.6749273194e+04 3.1373433860e+02 1.2915240904e+04 2.8193947522e+05 2.6261777524e+04 -1.1986442015e+01 1.6185013152e+02 3.2508047239e+00 -8.5422092742e+01 4.3440733140e+02 -1.1212711225e-13 2.0382358261e+02
1.0000000000e+00 0.0000000000e+00 9.2585121459e+04 3.8479973496e+05 6.5233739530e+04 5.9867535207e+04 7.9735329911e+05 1.2785883656e+05 -8.6801123833e+01 6.1814734828e+02 -4.5375416284e+01 -1.4417951198e+02 8.0546619722e+02 -1.7264440024e-13 7.1926242728e+02
1.0000000000e+00 0.0000000000e+00 2.4134729438e+04 6.9882543454e+04 1.8191950347e+04 1.6649593815e+04 2.7543756554e+05 3.7353989625e+04 -4.5518368599e+01 2.6385208486e+02 -1.2632966606e+01 -7.8808102554e+01 4.1671888593e+02 -1.2124033753e-13 2.7233351471e+02
1.0000000000e+00 0.0000000000e+00 5.0114401340e+04 7.3083569803e+04 1.9056062843e+04 7.5258072087e+04 9.2813984902e+05 1.0828713619e+05 -6.9411422354e+01 2.6993416846e+02 3.9267463771e+01 -1.9513300418e+02 8.6164919228e+02 -1.6056788742e-13 3.1512011059e+02
1.0000000000e+00 0.0000000000e+00 2.9285767038e+04 1.5070383670e+04 1.2987060047e+04 4.2474242434e+04 8.2066175837e+05 8.0747614341e+04 -4.8847128777e+01 1.2133523311e+02 5.1134889332e+01 -1.7511110624e+02 7.6028125626e+02 -1.5897157938e-13 1.9006527177e+02
1.0000000000e+00 0.0000000000e+00 5.9515571529e+03 1.3137326859e+04 2.9367395860e+03 7.0371374430e+03 2.0820697215e+05 1.9101906383e+04 -2.1094340599e+01 1.1126956253e+02 1.0043055266e+01 -7.3563892840e+01 3.4835563452e+02 -1.1417999250e-13 2.7046552423e+02
1.0000000000e+00 0.0000000000e+00 1.7081652608e+04 5.7042057621e+04 1.2990618452e+04 2.0860383619e+04 3.8718019801e+05 4.3896344060e+04 -9.1098484718e+00 -2.3185097141e+02 8.2235035429e+01 -1.2463595937e+02 4.8139115251e+02 -1.0416041425e-13 -2.9575973059e+02
1.0000000000e+00 0.0000000000e+00 4.8540643312e+04 1.5575078700e+05 2.6100819669e+04 4.6446908250e+04 6.6383266482e+05 8.4608602782e+04 -6.7947196661e+01 3.9371980703e+02 -4.9376734668e+00 -1.4276980041e+02 7.0188714085e+02 -1.5643544472e-13 3.6933115909e+02
1.0000000000e+00 0.0000000000e+00 2.3507026874e+03 3.4464341505e+03 2.4359453993e+03 3.0617836102e+03 1.8672849239e+05 1.5164370906e+04 -9.7117888866e+00 5.7899113496e+01 3.0015943495e+00 -5.0134733351e+01 2.7522888246e+02 -1.0335127031e-13 1.3107980756e+01
1.0000000000e+00 0.0000000000e+00 2.0554187143e+04 7.9500136706e+04 1.9415574130e+04 9.0646105383e+03 3.7463202557e+05 4.1599249767e+04 -3.4711332870e+01 2.8184397190e+02 -2.6280162869e+01 -7.7276831617e+01 4.8065907837e+02 -1.3391421155e-13 3.3961628671e+02
1.0000000000e+00 0.0000000000e+00 8.4188650621e+03 1.0479558236e+03 4.2499508707e+03 1.2711904409e+04 2.6049073928e+05 2.5152548637e+04 -2.5207321349e+01 1.4229141351e+01 3.2372918390e+01 -9.4528378040e+01 4.1755776404e+02 -1.0513019256e-13 2.1708646882e+00
1.0000000000e+00 0.0000000000e+00 1.9217191721e+04 1.5603527108e+05 1.1119329363e+04 1.1088357216e+04 4.2049933574e+05 4.5809326259e+04 -2.2719548681e+01 3.9419341027e+02 -4.0457052976e+01 -8.2155357067e+01 5.2168354556e+02 -1.3778192487e-13 4.2645969662e+02
1.0000000000e+00 0.0000000000e+00 1.5830971233e+04 9.3762524273e+04 4.9924748214e+03 1.3704316120e+04 4.0888380011e+05 4.0489016552e+04 -3.4178350987e+01 2.9594506681e+02 -8.8083220027e+00 -9.8770257221e+01 5.0280491290e+02 -1.4321233800e-13 4.3516653418e+02
1.0000000000e+00 0.0000000000e+00 3.1614965232e+03 5.5534592345e+03 1.9477640476e+03 8.6013973363e+03 3.0069684414e+05 2.5228548834e+04 -1.1741113420e+01 7.1282263560e+01 1.1397691078e+01 -8.1446343444e+01 4.2207896194e+02 -1.0958438463e-13 8.5896553019e+00
1.0000000000e+00 0.0000000000e+00 1.0619078359e+03 1.8366831911e+03 4.3229436447e+02 5.3873304973e+03 1.5201831954e+05 1.2937971963e+04 -1.2431767904e+00 -9.9382354358e+00 1.5229641998e+01 -5.3807964417e+01 2.7144790272e+02 -8.3938183140e-14 -9.0364596927e+01
1.0000000000e+00 0.0000000000e+00 6.2182929233e+03 1.3312712736e+04 2.6752236428e+03 9.7025410211e+03 2.3964201162e+05 2.2317407100e+04 -2.2235614675e+01 1.1430625482e+02 1.2243274242e+01 -7.8598942290e+01 3.6587067801e+02 -1.1344974615e-13 1.7608560405e+02
1.0000000000e+00 0.0000000000e+00 4.7952163302e+04 2.9420136879e+05 2.4327726375e+04 2.9714942996e+04 5.4987562149e+05 7.5463042262e+04 -5.8090820663e+01 5.2928418704e+02 -3.8662700494e+01 -1.1794991955e+02 6.5146421713e+02 -1.6365468644e-13 7.7040052289e+02
1.0000000000e+00 0.0000000000e+00 1.3319478509e+04 1.6374935384e+04 2.4586374950e+03 2.4457130512e+04 5.2400700496e+05 4.8173590015e+04 -2.8597773274e+01 1.1798693488e+02 3.9160724110e+01 -1.3498711417e+02 5.6973767670e+02 -1.3634051249e-13 1.9887414016e+02
1.0000000000e+00 0.0000000000e+00 1.2208903324e+03 2.6127112099e+03 1.2487297724e+03 2.1304530077e+03 1.3959653214e+05 1.1020125631e+04 -5.7515342132e+00 4.6450558706e+01 1.0668388738e+00 -4.0021706511e+01 2.2806060479e+02 -9.2474749491e-14 8.8102015308e+01
1.0000000000e+00 0.0000000000e+00 8.1985704315e+04 2.0645363142e+05 6.5685003230e+04 6.1070623510e+04 7.4862187307e+05 1.1649660490e+05 -8.4153796996e+01 4.5364556926e+02 -2.0041238234e+01 -1.4508005662e+02 7.7014410559e+02 -1.6809787768e-13 5.6610090863e+02
1.0000000000e+00 0.0000000000e+00 1.8068879757e+04 6.1662599184e+04 1.4002047204e+04 1.1755157903e+04 3.7110573407e+05 3.9362547236e+04 -3.6996941315e+01 2.4738598159e+02 -1.2681172967e+01 -8.6623262476e+01 4.8168030117e+02 -1.2849822147e-13 1.9571171515e+02
1.0000000000e+00 0.0000000000e+00 1.4157888820e+05 3.9063200993e+05 9.5450212807e+04 1.2576145134e+05 1.1982447417e+06 1.9793317701e+05 -1.1501988008e+02 6.2273910906e+02 -1.7522790317e+01 -2.0141249999e+02 1.0083489317e+03 -1.9732439114e-13 8.2124255640e+02
1.0000000000e+00 0.0000000000e+00 6.5576475787e+04 1.3281279343e+05 3.2073964374e+04 8.0587338289e+04 1.1994919783e+06 1.3751471602e+05 -7.8671846190e+01 3.6252333196e+02 2.5068482931e+01 -2.1121299559e+02 9.9265668219e+02 -1.7476381694e-13 4.5206025223e+02
1.0000000000e+00 0.0000000000e+00 1.9645805630e+03 1.8787115624e+04 7.8331640525e+02 2.0352002486e+03 1.6412438072e+05 1.3226333219e+04 -6.0969349481e+00 1.3179248379e+02 -1.0405110495e+01 -3.8635679777e+01 2.2949706535e+02 -1.0681829061e-13 1.7659969451e+02
1.0000000000e+00 0.0000000000e+00 2.1941490207e+04 1.5321482599e+05 1.1412889502e+04 1.3442707337e+04 5.7383608242e+05 5.7174307759e+04 -3.3633740466e+01 3.8801303169e+02 -2.7356244480e+01 -1.0513757409e+02 5.9677137283e+02 -1.5605337620e-13 5.0119761742e+02
1.0000000000e+00 0.0000000000e+00 8.0864448532e+03 3.6864301238e+02 3.5236120724e+03 1.7187019135e+04 4.3925151382e+05 3.8852777696e+04 -1.5514475644e+01 5.5605751770e+00 4.3802041822e+01 -1.1412747473e+02 4.8244544076e+02 -1.2975810524e-13 6.2387265394e+01
1.0000000000e+00 0.0000000000e+00 5.4162029397e+04 1.0485637237e+05 4.0467805996e+04 4.7254650649e+04 6.2577729504e+05 8.6089807888e+04 -7.0735681176e+01 3.2167541334e+02 -7.8399856226e-02 -1.3569763476e+02 6.7618817909e+02 -1.6126209858e-13 4.8766562889e+02
1.0000000000e+00 0.0000000000e+00 8.1852571789e+03 2.1140787579e+04 9.2409590642e+03 3.0310879621e+03 2.0394470815e+05 2.0117358740e+04 -2.1252685311e+01 1.4416302974e+02 -1.5451517518e+01 -4.4804971882e+01 2.9421776628e+02 -1.0744916575e-13 8.2784806419e+01
1.0000000000e+00 0.0000000000e+00 2.3104116508e+04 6.0902324883e+03 2.3530227061e+04 1.8242131070e+04 5.3309520927e+05 5.4549377709e+04 -3.9443206287e+01 7.3982790857e+01 2.1666763788e+01 -1.1816878677e+02 6.0115891991e+02 -1.3370468150e-13 1.3208137100e+02
1.0000000000e+00 0.0000000000e+00 1.8816432901e+04 8.4784343378e+04 1.5184115719e+04 1.0933054324e+04 3.1225041911e+05 3.6685670357e+04 -3.5090507416e+01 2.9004487641e+02 -2.4792768462e+01 -7.4853882970e+01 4.4880450578e+02 -1.2558024184e-13 3.4782465703e+02
1.0000000000e+00 0.0000000000e+00 7.8234565871e+03 5.0824174036e+04 5.0708713479e+03 6.1396222171e+03 1.9708459925e+05 2.0732411454e+04 -6.5367659988e+00 -1.8543943984e+02 4.7785062433e+01 -7.0921843346e+01 3.0693501941e+02 -7.9391949575e-14 -3.8588353703e+02
1.0000000000e+00 0.0000000000e+00 6.0573001780e+04 2.3727339267e+05 4.3491831051e+04 4.3211499669e+04 5.8017230921e+05 8.9048725630e+04 -6.9957968351e+01 4.8613756811e+02 -3.1547674048e+01 -1.2442807540e+02 6.8115042232e+02 -1.4471837221e-13 4.1930196127e+02
1.0000000000e+00 0.0000000000e+00 9.6477237028e+03 2.2065401202e+04 6.8743047819e+03 1.2715291902e+04 3.8126174963e+05 3.5448181745e+04 -2.5402075259e+01 1.3773141956e+02 5.9109939238e+00 -9.2812666006e+01 4.8478420617e+02 -1.1112881240e-13 -7.3973427464e+01
1.0000000000e+00 0.0000000000e+00 2.0256855425e+03 8.0570243117e+02 6.8537218239e+02 4.7238365745e+03 1.4896646047e+05 1.2490777522e+04 -8.2799727087e+00 1.0194199839e+01 1.9359313031e+01 -6.0100300914e+01 2.7247470365e+02 -8.4979896864e-14 -1.9099230657e+01
1.0000000000e+00 0.0000000000e+00 1.8423388643e+04 4.4132872401e+04 1.8546556211e+04 9.9142403999e+03 4.2589082611e+05 4.3306777025e+04 -3.2778852849e+01 2.0816042490e+02 -1.2132338269e+01 -8.7022883096e+01 5.0970116089e+02 -1.4414615683e-13 3.0078081615e+02
1.0000000000e+00 0.0000000000e+00 3.8209224983e+04 1.7676759626e+05 2.1886835732e+04 2.7999669327e+04 6.6217496172e+05 7.5378724774e+04 -5.3884946047e+01 4.1997588328e+02 -1.9644379835e+01 -1.2852398134e+02 6.8105998860e+02 -1.5976950814e-13 4.0213860881e+02
1.0000000000e+00 0.0000000000e+00 7.0697394937e+04 1.7025158835e+05 3.1025604996e+04 8.5315967178e+04 8.1078780817e+05 1.1490907937e+05 -8.5605076331e+01 4.1124570577e+02 1.5503317166e+01 -1.7966845198e+02 8.0605255666e+02 -1.6653002331e-13 3.9973724142e+02
1.0000000000e+00 0.0000000000e+00 8.5277182252e+04 1.1669058902e+05 7.5307174189e+04 7.3385610007e+04 1.2568119189e+06 1.5595311486e+05 -8.2094075744e+01 3.3742329521e+02 9.2018452173e+00 -1.9474474387e+02 1.0020968462e+03 -1.7760732157e-13 2.7035532739e+02
1.0000000000e+00 0.0000000000e+00 1.4494863080e+04 1.3984226140e+04 9.0639698270e+03 1.5965987062e+04 3.3136872167e+05 3.4106448428e+04 -3.6142137978e+01 1.1067226532e+02 1.9612630667e+01 -9.7554424003e+01 4.4874838190e+02 -1.1853408376e-13 1.8081189301e+01
1.0000000000e+00 0.0000000000e+00 2.4746347549e+04 1.2695221605e+05 3.6612575394e+03 3.2531175445e+04 6.4080121184e+05 6.5668973712e+04 -4.2498117350e+01 3.3098519200e+02 1.2413586898e+01 -1.4780273142e+02 6.7065806540e+02 -1.7066750913e-13 6.6820135939e+02
1.0000000000e+00 0.0000000000e+00 8.3569596900e+03 1.2596479598e+03 2.5109916687e+03 2.0945630279e+04 5.1158412909e+05 4.5024976348e+04 -1.9370088276e+01 3.0707488674e+01 4.0355860293e+01 -1.2276427529e+02 5.4410133388e+02 -1.4077106725e-13 9.0373833301e+01
1.0000000000e+00 0.0000000000e+00 7.8688987458e+03 2.3820031263e+04 3.6522183233e+03 1.2707514430e+04 3.4361408643e+05 3.1610310729e+04 -2.3541803920e+01 1.4899596841e+02 6.6938611563e+00 -9.4244367486e+01 4.8110637726e+02 -1.2721710334e-13 3.4121630638e+02
1.0000000000e+00 0.0000000000e+00 5.5035243657e+03 1.6242195805e+04 4.8021448768e+03 3.7896179023e+03 2.2216898028e+05 1.9530262108e+04 -1.7623317820e+01 1.1916390926e+02 -2.3602382307e+00 -5.9639236736e+01 3.2843018770e+02 -1.0964859759e-13 5.4657086464e+01
1.0000000000e+00 0.0000000000e+00 7.6242398664e+04 3.0441351925e+05 6.3376999641e+04 3.7908348749e+04 5.9093547953e+05 9.9268401302e+04 -7.3493173231e+01 5.4806943148e+02 -5.1702978078e+01 -1.0969164229e+02 6.6570555787e+02 -1.6710558944e-13 7.3529763851e+02
1.0000000000e+00 0.0000000000e+00 3.2509890476e+04 1.8802582440e+05 1.9560779510e+04 2.0094774008e+04 6.4583524514e+05 7.0259496725e+04 -4.5413772946e+01 4.3099486945e+02 -3.0405246269e+01 -1.1914271564e+02 6.7885453134e+02 -1.5792766550e-13 5.7483675777e+02
1.0000000000e+00 0.0000000000e+00 2.2182116944e+04 4.3954180623e+04 1.1175562547e+04 2.5856740484e+04 5.8184726750e+05 5.7818916030e+04 -4.5038959131e+01 2.0911999482e+02 1.5052391092e+01 -1.2967855336e+02 6.2153349631e+02 -1.3866057663e-13 1.9115430726e+02
1.0000000000e+00 0.0000000000e+00 3.7892110902e+03 2.1825667001e+04 1.3800885384e+03 6.7656009977e+03 2.8940538745e+05 2.4199274280e+04 -9.3637714551e+00 1.4243311408e+02 -1.6448351995e+00 -6.7750191178e+01 3.6125924216e+02 -1.0965340115e-13 2.7795261191e+01
1.0000000000e+00 0.0000000000e+00 1.1441357665e+04 2.1087539672e+04 5.2587685661e+03 1.7067469658e+04 2.9824734301e+05 3.1087840370e+04 -1.2543538573e+01 -1.2622282409e+02 6.5214780726e+01 -1.0799096214e+02 4.0088146526e+02 -9.9131164837e-14 -2.9312701160e+02
1.0000000000e+00 0.0000000000e+00 6.4196476522e+04 8.2067697542e+04 2.6210932446e+04 9.5338549306e+04 9.7122088402e+05 1.2379362960e+05 -7.9734653479e+01 2.8604404451e+02 4.5450411919e+01 -2.1129968750e+02 9.1885957695e+02 -1.5851326014e-13 3.8336571468e+02
1.0000000000e+00 0.0000000000e+00 1.3591404264e+04 1.6257768595e+04 2.6899313330e+03 2.2651217049e+04 4.0285483844e+05 3.9302251489e+04 -3.3423196221e+01 1.2721917932e+02 3.4830632615e+01 -1.2452646481e+02 5.2037320537e+02 -1.2276577356e-13 1.5425167893e+02
1.0000000000e+00 0.0000000000e+00 8.4998989720e+04 1.9110830926e+05 7.7102194015e+04 5.6541935199e+04 9.8537111045e+05 1.3453507831e+05 -8.0668029635e+01 4.3684674075e+02 -1.9889830507e+01 -1.6015411000e+02 8.8287213048e+02 -1.7045530352e-13 4.2467596719e+02
1.0000000000e+00 0.0000000000e+00 1.4534463572e+04 7.6452813296e+04 5.0615354730e+03 1.1991740801e+04 3.5445630845e+05 3.5227273592e+04 -3.4200973635e+01 2.7109006368e+02 -7.2271145520e+00 -9.1058494486e+01 4.5910642510e+02 -1.3845080718e-13 4.8626557506e+02
1.0000000000e+00 0.0000000000e+00 6.1520681336e+04 3.8908316209e+04 2.1602169367e+04 9.3615825468e+04 1.0879322594e+06 1.2674265530e+05 -7.2198873400e+01 1.6871462108e+02 7.6433466386e+01 -2.3043196442e+02 9.3520651504e+02 -1.7252172527e-13 4.4795261187e+02
1.0000000000e+00 0.0000000000e+00 4.4356302599e+04 1.9191007157e+05 2.5714064768e+04 3.5483153009e+04 5.5939106410e+05 7.4248418730e+04 -6.1216476406e+01 4.3767332873e+02 -2.1534249476e+01 -1.2140087242e+02 6.3226716028e+02 -1.5119157072e-13 4.2860032498e+02
1.0000000000e+00 0.0000000000e+00 7.4068675796e+03 3.5080988142e+03 3.0807176501e+03 2.5043096125e+04 5.5495915255e+05 5.0152004898e+04 -1.4224230356e+01 -3.4324370409e+00 3.9698468686e+01 -1.2743768214e+02 6.0484505200e+02 -1.1774577738e-13 -1.3173718064e+02
1.0000000000e+00 0.0000000000e+00 5.0693601678e+04 1.4294037170e+05 1.6523613135e+04 6.6492974224e+04 9.7051542665e+05 1.0953811655e+05 -6.9436116893e+01 3.7705838332e+02 1.9281279338e+01 -1.9026980827e+02 8.7825712923e+02 -1.6380476453e-13 4.1398781381e+02
1.0000000000e+00 0.0000000000e+00 2.1949916273e+04 1.5790721120e+04 1.4438228631e+04 2.4411698163e+04 4.9079303818e+05 5.1054406943e+04 -4.3048912526e+01 1.1025921628e+02 2.9280356360e+01 -1.2602913825e+02 5.7852352466e+02 -1.2382046529e-13 -2.4068915674e+01
1.0000000000e+00 0.0000000000e+00 9.5312565221e+03 4.6839938516e+04 4.9274205026e+03 6.8625564883e+03 1.8894266268e+05 2.0252739864e+04 -2.7139179778e+01 2.1278730035e+02 -9.6524662071e+00 -6.3478871194e+01 3.3211827494e+02 -1.1325989214e-13 3.4833098880e+02
1.0000000000e+00 0.0000000000e+00 1.0802352293e+05 3.8359292477e+05 5.4835223645e+04 9.7899789687e+04 1.1367861670e+06 1.6334416713e+05 -1.0030330777e+02 6.1407936105e+02 -1.3187417720e+01 -1.9721699684e+02 9.5872571918e+02 -1.9732773122e-13 7.8265358770e+02
1.0000000000e+00 0.0000000000e+00 9.1489304248e+03 7.0221269183e+04 3.3790849678e+03 9.1444478399e+03 3.4999482191e+05 3.2606131176e+04 -2.0953354940e+01 2.5796751378e+02 -1.5008769913e+01 -8.3353574914e+01 4.6683340629e+02 -1.3255062604e-13 3.6978434066e+02
1.0000000000e+00 0.0000000000e+00 2.3203235431e+03 2.8804334796e+03 1.8114062912e+03 3.0187814518e+03 1.1425470134e+05 9.9731381470e+03 -4.1159829996e+00 -1.3803621164e+01 2.5118183140e+01 -5.0969382109e+01 1.9182902630e+02 -8.1497180759e-14 -1.3088866575e+02
1.0000000000e+00 0.0000000000e+00 3.5270639855e+04 4.6699652916e+04 2.7799798879e+04 3.5205188471e+04 6.0198050399e+05 7.0702564879e+04 -5.5301876963e+01 2.0204639710e+02 1.3276643840e+01 -1.3282284492e+02 6.5925658453e+02 -1.3549705822e-13 5.5500090349e+01
1.0000000000e+00 0.0000000000e+00 1.3401790149e+04 3.1842608694e+04 7.8447467469e+03 1.5352827034e+04 3.7613121728e+05 3.7197794554e+04 -3.3586561018e+01 1.7825214135e+02 5.3025909111e+00 -1.0006120686e+02 5.0761078603e+02 -1.2315719196e-13 2.2535080225e+02
1.0000000000e+00 0.0000000000e+00 3.4494775726e+04 9.7378712996e+04 2.3027597531e+04 3.1471379700e+04 4.9723130852e+05 6.2418776983e+04 -5.5516735994e+01 3.1168728695e+02 -5.5189870782e+00 -1.2007331500e+02 6.1336331718e+02 -1.3378240065e-13 2.6878806585e+02
1.0000000000e+00 0.0000000000e+00 3.1656304947e+04 1.1491490453e+05 2.2428019137e+04 2.8307428225e+04 8.2709121131e+05 8.3783411431e+04 -4.6956696064e+01 3.3809389203e+02 -1.0341718381e+01 -1.4031529813e+02 7.6093653110e+02 -1.6706491901e-13 3.8641498344e+02
1.0000000000e+00 0.0000000000e+00 1.7222495451e+04 2.2112549686e+04 6.7185212162e+03 2.4710715196e+04 5.9656324998e+05 5.5288582367e+04 -3.5954380447e+01 1.2078757866e+02 3.6057542659e+01 -1.4007601859e+02 6.2177933424e+02 -1.5715812815e-13 3.5735598208e+02
1.0000000000e+00 0.0000000000e+00 2.5059188765e+03 2.2202724667e+04 4.8572708066e+02 7.5190493369e+03 2.8128135799e+05 2.3626660448e+04 -4.9863375165e+00 1.3595316001e+02 -2.3983157197e+00 -6.8757322978e+01 3.7762565761e+02 -1.1942896725e-13 2.3782841132e+02
1.0000000000e+00 0.0000000000e+00 1.4143098334e+04 6.5734941988e+04 5.6467663245e+03 2.4587911304e+04 8.1170772904e+05 7.1399648181e+04 -2.8396354536e+01 2.5488590552e+02 3.1117559208e+00 -1.4203302976e+02 7.4746038963e+02 -1.5740555085e-13 3.3333303547e+02
1.0000000000e+00 0.0000000000e+00 3.2790856960e+04 1.0568881023e+05 2.7626915106e+04 2.1819448457e+04 4.7265365373e+05 5.8795061836e+04 -4.9706083234e+01 3.2490167736e+02 -1.9917227792e+01 -1.0412642406e+02 5.8871553009e+02 -1.3639247312e-13 3.0002162684e+02
1.0000000000e+00 0.0000000000e+00 4.4508865673e+03 7.7860237530e+02 1.6215209321e+03 8.1913432231e+03 2.3494688727e+05 2.0243954182e+04 -1.5571741801e+01 -1.1614278290e-02 3.2958591511e+01 -8.3179195004e+01 3.4797851577e+02 -1.0049628473e-13 -1.0040541037e+02
1.0000000000e+00 0.0000000000e+00 1.9204853294e+04 3.5483561915e+04 1.6938317746e+04 2.4317900118e+04 8.0552122350e+05 7.4232474732e+04 -3.3882875782e+01 1.7998197398e+02 7.5996638516e+00 -1.3384521765e+02 7.1874445954e+02 -1.5301250820e-13 6.1822277332e+01
1.0000000000e+00 0.0000000000e+00 1.5815327067e+04 1.4777730664e+04 1.1150131742e+04 1.6710261017e+04 3.6240326613e+05 3.7468936662e+04 -3.6234705784e+01 1.1725224305e+02 1.8964866056e+01 -1.0356772889e+02 4.8848747697e+02 -1.2176756806e-13 1.8235832554e+02
1.0000000000e+00 0.0000000000e+00 1.1551669550e+04 4.7043989189e+04 4.3943951867e+03 1.3025933261e+04 4.2747464588e+05 3.8863596456e+04 -2.8777541037e+01 2.1654082115e+02 3.4218135733e+00 -1.0077992892e+02 4.9633438884e+02 -1.4272753578e-13 3.0378429207e+02
1.0000000000e+00 0.0000000000e+00 1.1130160083e+05 1.7187334093e+05 6.9110234742e+04 1.1778972871e+05 1.1946109812e+06 1.7190690987e+05 -1.0541330514e+02 4.0498722956e+02 2.3741157254e+01 -2.1475033427e+02 9.9371148575e+02 -1.6808541688e-13 2.1618122341e+02
1.0000000000e+00 0.0000000000e+00 3.5346347273e+04 8.0925480194e+04 3.0316688910e+04 2.7248843791e+04 5.5037863172e+05 6.6412326534e+04 -5.2510445987e+01 2.8202569573e+02 -7.1635981158e+00 -1.2070584278e+02 6.4997373693e+02 -1.2927565413e-13 1.4473146941e+02
1.0000000000e+00 0.0000000000e+00 1.5321000236e+04 1.2002029566e+05 8.0631309235e+03 1.3827093731e+04 4.5630514823e+05 4.6356810966e+04 -1.9598818133e+01 3.4004476046e+02 -3.0181662695e+01 -9.0376864262e+01 5.5092701095e+02 -1.4034326329e-13 4.5876837168e+02
1.0000000000e+00 0.0000000000e+00 1.4789825924e+04 2.0471634469e+04 1.0171586799e+04 1.9462118909e+04 5.2715439460e+05 4.9654227274e+04 -3.3331328995e+01 1.4023527067e+02 1.6272841834e+01 -1.2196041921e+02 6.1248985822e+02 -1.3608298431e-13 2.5371639476e+02
1.0000000000e+00 0.0000000000e+00 1.5649866357e+03 1.0513950101e+04 8.6087993874e+02 3.7889444086e+03 1.9340974326e+05 1.5613216015e+04 -5.6567664118e+00 1.0081876695e+02 -1.8501415414e+00 -5.3747768454e+01 2.9904626236e+02 -9.7239074808e-14 1.9809106729e+01
1.0000000000e+00 0.0000000000e+00 5.2053198207e+03 1.2472316191e+04 1.7615804268e+03 9.6280516624e+03 2.3700814092e+05 2.1671137357e+04 -1.9593679710e+01 1.0930956243e+02 1.1630773019e+01 -8.2247635393e+01 3.9800163885e+02 -1.0866434761e-13 1.7984974353e+02
1.0000000000e+00 0.0000000000e+00 2.4497109383e+04 9.6629654599e+04 1.9582092198e+04 1.2774161193e+04 4.1198573408e+05 4.6708256517e+04 -4.2553673066e+01 3.0930520580e+02 -2.3461055386e+01 -8.9227197286e+01 5.2273374152e+02 -1.4058521904e-13 4.0884665612e+02
1.0000000000e+00 0.0000000000e+00 3.0811361802e+04 6.8382141158e+04 1.0902696720e+04 3.9647938255e+04 5.4980352818e+05 6.2990690748e+04 -5.5613598293e+01 2.5922669283e+02 2.0197782608e+01 -1.4354036200e+02 6.4489235208e+02 -1.3968477879e-13 2.3257355291e+02
1.0000000000e+00 0.0000000000e+00 4.0820995612e+03 2.5308611594e+03 2.9848153362e+03 1.0544002441e+04 3.2725596046e+05 2.8190841618e+04 -6.2653452401e+00 -4.7720401031e+01 3.6255662008e+01 -8.9888272271e+01 4.0704315239e+02 -1.0942726824e-13 -1.0336780276e+02
1.0000000000e+00 0.0000000000e+00 1.4904113072e+04 2.7044806795e+04 6.4114594569e+03 1.9181132828e+04 3.3954348838e+05 3.5612791055e+04 -3.7361295362e+01 1.6401920459e+02 1.7214657671e+01 -1.0390495411e+02 4.6757334817e+02 -1.2173839533e-13 1.5956133187e+02
1.0000000000e+00 0.0000000000e+00 3.0265319733e+03 1.2358740780e+04 1.3437812733e+03 1.0055277569e+04 2.1220091251e+05 2.0010072233e+04 4.6003279560e+00 1.0806503850e+02 -7.9541270594e+00 -5.0337971196e+01 3.0991451874e+02 -1.1118163953e-13 1.9354032427e+02
1.0000000000e+00 0.0000000000e+00 3.1954005896e+03 2.5788924285e+03 3.0763523854e+03 5.1782016650e+03 2.0937677302e+05 1.7877845287e+04 -8.7286157555e-01 2.3532684512e+01 2.2219470947e+01 -5.9907845196e+01 2.4303835467e+02 -1.1272731502e-13 1.2415283634e+02
1.0000000000e+00 0.0000000000e+00 1.3258091143e+03 3.2949464862e+03 1.0331986216e+03 8.6344160071e+03 2.8965111954e+05 2.3994560131e+04 1.5627324181e+00 5.7131919759e+01 -3.0225971939e+00 -5.6275778340e+01 3.5568986054e+02 -1.1250266084e-13 4.8770762850e+01
1.0000000000e+00 0.0000000000e+00 1.2891532500e+04 3.4624074357e+03 6.2005358655e+03 2.0221770702e+04 4.1795180624e+05 4.0099468886e+04 -2.6277460397e+01 4.3595210672e+01 4.8026164582e+01 -1.2731548152e+02 5.1605846430e+02 -1.2879872682e-13 1.1592062743e+02
1.0000000000e+00 0.0000000000e+00 9.4708083961e+04 1.7445554811e+05 4.2612915292e+04 1.2490030141e+05 1.3293867867e+06 1.7289231240e+05 -9.7143378081e+01 4.1730445191e+02 3.5359524099e+01 -2.3719674294e+02 1.0610927900e+03 -1.7715605201e-13 3.9840017851e+02
1.0000000000e+00 0.0000000000e+00 1.3826124569e+04 3.8005138481e+03 5.7814239255e+03 2.0794130044e+04 3.4292834214e+05 3.5148287014e+04 -3.3069526305e+01 5.5308842718e+01 4.1098258666e+01 -1.1737197395e+02 4.8499565899e+02 -1.1432325649e-13 6.1905195498e+01
1.0000000000e+00 0.0000000000e+00 6.9272182965e+03 1.5356521421e+03 2.6225978781e+03 1.0454262497e+04 2.3398006876e+05 2.1671183200e+04 -2.0826298263e+01 -1.6725091694e+01 3.8683273823e+01 -8.9323002879e+01 3.6488544525e+02 -9.1901782887e-14 -9.0474783986e+01
1.0000000000e+00 0.0000000000e+00 1.9284506880e+04 6.4944838098e+04 1.4256865055e+04 1.4189108800e+04 3.6084586056e+05 4.0045291856e+04 -3.8657801741e+01 2.5386250027e+02 -1.0421796916e+01 -9.2896217669e+01 5.0460846292e+02 -1.1712414486e-13 1.9931748804e+02
1.0000000000e+00 0.0000000000e+00 4.4657534603e+03 4.1319106379e+04 1.9127564157e+03 9.3044955978e+03 2.2374174798e+05 2.2124814514e+04 3.9209898680e+00 1.8258067964e+02 -1.6290821218e+01 -5.3916659215e+01 3.3259699998e+02 -1.1403223449e-13 3.4167407202e+02
1.0000000000e+00 0.0000000000e+00 7.3043507004e+03 3.7884058197e+04 6.6117811888e+03 3.3142590735e+03 2.1578248425e+05 2.0736531080e+04 -1.6865827941e+01 1.9349837505e+02 -1.9006246539e+01 -5.2943020935e+01 3.3542479149e+02 -1.1622606992e-13 3.2136782199e+02
1.0000000000e+00 0.0000000000e+00 2.8036005047e+04 1.4357109703e+05 2.1455468953e+04 1.5348861853e+04 3.3408521138e+05 4.5762804915e+04 -4.1776748689e+01 3.7707060615e+02 -3.3662936025e+01 -8.3050684821e+01 4.9675192661e+02 -1.2703383110e-13 4.3040261427e+02
1.0000000000e+00 0.0000000000e+00 1.5859744300e+04 1.5684415479e+04 9.8413567717e+03 2.3334916437e+04 4.2328999935e+05 4.4040376170e+04 -1.7385424334e+01 -1.2363042787e+02 7.5762809643e+01 -1.3306033643e+02 4.9990992181e+02 -1.1342174269e-13 -1.6029562964e+02
1.0000000000e+00 0.0000000000e+00 3.9998965838e+03 1.6600297551e+03 2.6122216909e+03 8.9636270329e+03 2.0807255273e+05 1.9256293602e+04 -1.2657596930e+00 -3.9390809275e+01 3.3359540081e+01 -7.3670920681e+01 3.1044983183e+02 -9.4555168296e-14 -7.2395628018e+01
1.0000000000e+00 0.0000000000e+00 3.0581895191e+03 9.0516935014e+03 2.1059489985e+03 3.2132129692e+03 1.6882286840e+05 1.4163566406e+04 -9.0625868437e+00 8.8059243906e+01 1.4842860536e+00 -4.6800243474e+01 2.4035217806e+02 -1.0752024583e-13 1.3291985324e+02
1.0000000000e+00 0.0000000000e+00 5.8277278490e+03 1.7263112263e+04 3.3064801144e+03 1.5219732238e+04 3.4645626519e+05 3.2464032249e+04 -3.7017823426e+00 -1.0911565909e+02 4.8882301562e+01 -1.0130537192e+02 4.4803081938e+02 -9.4082724183e-14 -3.4500761340e+02
1.0000000000e+00 0.0000000000e+00 1.6884571792e+04 2.2762835091e+04 8.3535538033e+03 2.3292289318e+04 3.4160232655e+05 3.8235635318e+04 -2.2365107515e+01 -1.3342669214e+02 7.8606389456e+01 -1.2900204203e+02 4.6160641143e+02 -9.7216876888e-14 -2.7384109650e+02
1.0000000000e+00 0.0000000000e+00 2.6213681617e+04 9.2690854527e+04 1.6112882432e+04 2.0557417776e+04 5.8977420052e+05 6.0495312694e+04 -4.2391851679e+01 3.0149752165e+02 -1.7605655556e+00 -1.2092978133e+02 6.0252751898e+02 -1.5010982663e-13 1.8819622555e+02
1.0000000000e+00 0.0000000000e+00 9.8704449941e+03 2.0462555634e+04 7.8281886216e+03 1.3925996758e+04 2.3430370164e+05 2.6443213808e+04 -4.4866666428e+00 -1.4084921307e+02 6.4021732225e+01 -9.7961085941e+01 3.5185582084e+02 -9.5743401008e-14 -1.4669338654e+02
1.0000000000e+00 0.0000000000e+00 2.9304734204e+04 2.8729613091e+04 2.4634202191e+04 3.0622992890e+04 7.6558669246e+05 7.7381002716e+04 -4.6443593463e+01 1.6890070307e+02 1.9314982527e+01 -1.4759933799e+02 7.4427691890e+02 -1.5295100033e-13 2.2010094538e+02
1.0000000000e+00 0.0000000000e+00 1.1594908716e+04 7.0372607667e+04 6.8763849919e+03 5.2541048161e+03 2.3176067677e+05 2.4409722074e+04 -2.6870686374e+01 2.6257475679e+02 -2.0646828609e+01 -6.1018573649e+01 3.4942310460e+02 -1.2068978497e-13 3.4564117200e+02
1.0000000000e+00 0.0000000000e+00 1.1830200370e+04 3.3521054417e+04 1.0922797105e+04 5.7533869453e+03 2.1324863569e+05 2.3311606667e+04 -2.7013874200e+01 1.7875925694e+02 -1.3378729289e+01 -5.7823400586e+01 3.4300828459e+02 -1.1692840233e-13 3.1660525533e+02
1.0000000000e+00 0.0000000000e+00 1.8183787406e+03 6.7579549633e+03 1.1858609402e+03 9.4654760844e+03 2.2633725949e+05 2.0349019812e+04 7.1431092555e+00 2.6986939903e+01 1.1167603482e+01 -5.8745006701e+01 3.0351430909e+02 -1.1666841880e-13 2.5582688308e+02
1.0000000000e+00 0.0000000000e+00 1.2608277838e+05 2.4876849478e+05 6.5915678247e+04 1.4065282178e+05 1.3664639886e+06 1.9623101475e+05 -1.1409011252e+02 4.9755784633e+02 2.0938647918e+01 -2.3359600266e+02 1.0702830901e+03 -1.9438203921e-13 6.2880086154e+02
1.0000000000e+00 0.0000000000e+00 1.1887012283e+04 2.2683934528e+04 7.1397611443e+03 1.1987388835e+04 1.6066807744e+05 2.0427030524e+04 -3.4194189886e+01 1.4764468305e+02 5.0882455442e+00 -6.7967777685e+01 3.1573463067e+02 -9.2391690620e-14 4.2664075349e+01
1.0000000000e+00 0.0000000000e+00 1.8963655298e+04 2.6776974775e+03 9.2845441018e+03 3.4853158531e+04 7.2509836990e+05 6.8664742247e+04 -3.3124126046e+01 4.8004228885e+01 5.5342154957e+01 -1.6389373522e+02 7.1183948522e+02 -1.4009070420e-13 -1.6958958159e+01
1.0000000000e+00 0.0000000000e+00 2.2797705581e+04 3.0608892946e+04 1.5471104989e+04 2.7876269076e+04 6.0539849044e+05 6.1507685594e+04 -4.1725124262e+01 1.5037915739e+02 2.3532782373e+01 -1.3620600804e+02 6.5427027104e+02 -1.2763900009e-13 -7.6166524863e+01
1.0000000000e+00 0.0000000000e+00 6.8071768251e+04 2.8968620866e+05 4.4806706810e+04 4.5002696634e+04 7.2102328884e+05 1.0249204064e+05 -7.4637980252e+01 5.3769616220e+02 -3.4788152574e+01 -1.3723174373e+02 7.5007482604e+02 -1.6506060133e-13 5.9834907384e+02
1.0000000000e+00 0.0000000000e+00 1.8242329440e+04 2.5815267316e+03 6.7903364586e+03 3.1748231897e+04 5.2558590595e+05 5.2761646125e+04 -3.3993705946e+01 -1.2342882313e+00 6.2892070897e+01 -1.5059352395e+02 6.1024999063e+02 -1.1744431004e-13 -1.3300142252e+02
1.0000000000e+00 0.0000000000e+00 3.6926972703e+03 9.6056885800e+03 9.5500405300e+02 4.6323047214e+03 1.6453577293e+05 1.4048160383e+04 -1.7878684240e+01 9.6899042668e+01 8.9584049463e+00 -5.8203272420e+01 2.6260864948e+02 -1.0186619863e-13 1.5603738360e+02
1.0000000000e+00 0.0000000000e+00 7.7809375014e+03 3.3535052799e+03 3.5457491210e+03 1.8174450002e+04 2.9750820385e+05 2.9922890857e+04 -9.6833503167e+00 -4.6596736250e+01 4.9862221024e+01 -1.0567349038e+02 4.2513194843e+02 -1.0924324709e-13 9.9682508726e+01
1.0000000000e+00 0.0000000000e+00 4.8762010900e+04 2.4778670512e+05 3.0906827160e+04 2.9397865887e+04 5.7191771487e+05 7.7342135279e+04 -6.0846790265e+01 4.9333836648e+02 -3.6813978252e+01 -1.1574816859e+02 6.5125245837e+02 -1.6241684446e-13 6.4700102950e+02
1.0000000000e+00 0.0000000000e+00 8.0885780460e+03 3.0648332583e+04 3.6830182066e+03 9.3984346270e+03 2.9874571064e+05 2.7447257213e+04 -2.4807529342e+01 1.7025707532e+02 2.3182459618e+00 -8.2564217016e+01 4.1498734534e+02 -1.1917392596e-13 1.4740700667e+02
1.0000000000e+00 0.0000000000e+00 1.5975431663e+03 1.6965430201e+03 1.4900471446e+03 2.9735502639e+03 1.3141243242e+05 1.0909604866e+04 -1.3410252227e+00 -2.1222522013e+01 2.2612980377e+01 -4.9047265256e+01 2.0042010853e+02 -8.4858928006e-14 -1.3514369347e+02
1.0000000000e+00 0.0000000000e+00 4.0070681767e+04 1.7998470954e+05 2.3404517608e+04 3.0732142044e+04 5.1015500445e+05 6.7202910842e+04 -5.7225136133e+01 4.2334751802e+02 -2.1928597878e+01 -1.1736771872e+02 6.1821707681e+02 -1.4154627997e-13 3.8480529108e+02
1.0000000000e+00 0.0000000000e+00 4.1574127143e+03 4.4750488609e+02 2.5630405299e+03 6.1667072360e+03 1.8509962579e+05 1.6365235524e+04 -1.6231947638e+01 -7.9451265792e+00 2.5292546016e+01 -7.0110181782e+01 3.1508519890e+02 -9.4556243321e-14 -2.6639464915e+01
1.0000000000e+00 0.0000000000e+00 3.5595039760e+03 2.9601406414e+04 5.5535367781e+02 1.1187031503e+04 2.8171513875e+05 2.5710479773e+04 -2.9462085926e+00 1.4838185118e+02 1.8626171854e+00 -7.7628046017e+01 4.0081194850e+02 -1.2686089304e-13 4.3434452959e+02
1.0000000000e+00 0.0000000000e+00 9.1891613889e+03 4.6424496647e+04 6.9006599249e+03 4.9858678044e+03 2.4473355330e+05 2.3986685348e+04 -2.2879780861e+01 2.1499316602e+02 -1.6529980424e+01 -6.2094988807e+01 3.6527183871e+02 -1.1340121127e-13 2.0643785114e+02
1.0000000000e+00 0.0000000000e+00 1.4293174896e+04 3.3539969283e+04 1.1880997527e+04 1.2360265095e+04 2.4012372081e+05 2.8520737253e+04 -1.0200272455e+01 -1.8027320163e+02 7.5714292728e+01 -1.0295277753e+02 3.3947179853e+02 -9.8329938975e-14 -1.9367360558e+02
1.0000000000e+00 0.0000000000e+00 8.0369342253e+03 1.4325212779e+04 6.0490505465e+03 7.7678722436e+03 2.8321564347e+05 2.5877822268e+04 -2.4657234232e+01 1.0166398965e+02 7.2818560738e+00 -7.6607514350e+01 3.9358031161e+02 -1.0254877012e-13 -8.6042355116e+01
1.0000000000e+00 0.0000000000e+00 3.7975887891e+03 5.4038419597e+03 3.3235632463e+03 7.4974406955e+03 3.1474366338e+05 2.6259825412e+04 -1.1775600620e+01 4.5027287910e+01 1.2104170513e+01 -7.5820265368e+01 3.9903855114e+02 -1.1018426427e-13 -8.3835622521e+01
1.0000000000e+00 0.0000000000e+00 1.3218184041e+04 8.4542019963e+02 9.3348642292e+03 1.8611117668e+04 3.8483491424e+05 3.8365423635e+04 -2.5697581967e+01 -2.7222692383e+01 4.9453489562e+01 -1.1862141520e+02 5.0054968424e+02 -1.1280039484e-13 -4.3120119823e+01
1.0000000000e+00 0.0000000000e+00 3.0995043278e+04 7.8341410679e+04 1.8878264683e+04 2.8819640780e+04 4.8564094775e+05 5.7709614505e+04 -5.4134430879e+01 2.7867927801e+02 1.0273648165e+00 -1.1863588459e+02 5.8602080789e+02 -1.3769313800e-13 2.1237360254e+02
1.0000000000e+00 0.0000000000e+00 7.6682689373e+04 3.3111712408e+05 4.0268776135e+04 6.5215655509e+04 8.5063401810e+05 1.2044300746e+05 -8.0951849868e+01 5.5744723981e+02 -2.1257038312e+01 -1.6323309550e+02 8.2362868246e+02 -1.8917194819e-13 9.5814373844e+02
1.0000000000e+00 0.0000000000e+00 3.3850420990e+03 6.6791282696e+02 1.8333167456e+03 7.9470016715e+03 2.1776014244e+05 1.9063319500e+04 -1.1912904910e+01 -1.3432398586e+01 2.6743402978e+01 -7.6169183583e+01 3.5055679067e+02 -1.0105513455e-13 5.3605201429e+01
1.0000000000e+00 0.0000000000e+00 1.0124911418e+04 2.6759811100e+04 6.1455258452e+03 9.5637872856e+03 1.9165137300e+05 2.1188083035e+04 -3.0286611469e+01 1.6339366052e+02 4.7623582468e-01 -6.6477109094e+01 3.2368858189e+02 -1.1069628590e-13 2.0735809618e+02
1.0000000000e+00 0.0000000000e+00 2.0419148098e+04 4.9785389725e+03 8.5984072839e+03 2.6156263327e+04 4.1479337629e+05 4.3679206495e+04 -4.1009005272e+01 6.3538227418e+01 4.5671992945e+01 -1.2360258042e+02 4.9151646636e+02 -1.3174584877e-13 5.0530122601e+01
1.0000000000e+00 0.0000000000e+00 1.3396164957e+03 2.0834126050e+02 3.3177905801e+02 3.7913836095e+03 1.4266030572e+05 1.1463006949e+04 -6.2375738140e+00 1.0842020942e+01 1.4684616404e+01 -4.8903429058e+01 2.2668346714e+02 -9.4604251377e-14 1.7951681793e+01
1.0000000000e+00 0.0000000000e+00 2.3321347549e+03 8.6148602773e+03 2.0301163894e+03 7.8884209042e+03 1.8741553013e+05 1.7473852266e+04 2.5140005417e+00 9.1898170287e+01 -1.0322876051e+01 -4.4264460650e+01 2.9615582880e+02 -1.0135028665e-13 7.3216144579e+01
1.0000000000e+00 0.0000000000e+00 1.3348802717e+04 1.3040916556e+05 4.0406523968e+03 1.0254774704e+04 4.3378859127e+05 4.2006940279e+04 -2.0355156395e+01 3.4863735475e+02 -2.7774098641e+01 -8.6589691631e+01 5.0371509519e+02 -1.4694979894e-13 5.3179343690e+02
1.0000000000e+00 0.0000000000e+00 8.1304107883e+03 1.3962575772e+04 2.4416212580e+03 1.1802326916e+04 3.0839952384e+05 2.7822945355e+04 -2.6170447099e+01 1.1683855710e+02 1.9347294478e+01 -9.4011024859e+01 4.2209132163e+02 -1.2147911651e-13 1.6354556825e+02
1.0000000000e+00 0.0000000000e+00 1.0561983222e+04 4.5844741045e+03 4.6189708601e+03 1.7524257245e+04 3.0896654521e+05 3.0923115752e+04 -2.1808569468e+01 -6.4924707719e+01 5.3255501300e+01 -1.0693157116e+02 4.2532243084e+02 -1.1099147007e-13 -5.8392601061e+01
1.0000000000e+00 0.0000000000e+00 1.0339168172e+05 3.9425282540e+05 6.6792037145e+04 7.5357795236e+04 8.7891713630e+05 1.4148864940e+05 -9.4238579996e+01 6.2450673221e+02 -3.5606680687e+01 -1.6008550859e+02 8.4511356387e+02 -1.8149786806e-13 7.9025167049e+02
1.0000000000e+00 0.0000000000e+00 1.6484586367e+04 2.6014237781e+04 8.9236137098e+03 1.6892154330e+04 3.2552793162e+05 3.4667039420e+04 -3.9822364652e+01 1.5034941397e+02 1.4351327197e+01 -9.6923802257e+01 4.4904583397e+02 -1.1394505899e-13 -5.0464101578e+01
1.0000000000e+00 0.0000000000e+00 4.0464557743e+03 2.1818073612e+04 2.9748202001e+03 6.5210199944e+03 2.3037637259e+05 2.0805500555e+04 -8.1689005310e+00 1.4685606360e+02 -9.7542433494e+00 -5.8467891834e+01 3.4757684936e+02 -1.1286054791e-13 2.1130399491e+02
1.0000000000e+00 0.0000000000e+00 9.6150548308e+03 1.7308751585e+04 5.0250763612e+03 1.2534937296e+04 3.0838643238e+05 2.9432569440e+04 -2.8111304891e+01 1.3067255079e+02 1.3623823495e+01 -9.5994990708e+01 4.6193730254e+02 -1.0542503168e-13 5.1857687096e+01
1.0000000000e+00 0.0000000000e+00 1.6502776213e+04 3.9450216537e+03 7.6823224615e+03 2.9553078713e+04 6.0691596897e+05 5.7691236846e+04 -2.8551948170e+01 -4.8357481714e+01 6.3778008722e+01 -1.5082273943e+02 6.4077364369e+02 -1.3651095259e-13 1.0662028867e+02
1.0000000000e+00 0.0000000000e+00 4.0431198221e+03 5.6508516941e+02 1.6825497648e+03 7.3726081874e+03 1.8148701474e+05 1.6293792089e+04 -1.4228856239e+01 -9.6709452322e+00 3.2557449422e+01 -7.8003341748e+01 3.2285728077e+02 -9.9300280335e-14 6.0429630604e+01
1.0000000000e+00 0.0000000000e+00 4.6440905516e+03 7.3010230161e+02 4.9261663104e+03 1.4698281503e+04 4.7997462234e+05 4.1088932900e+04 -1.0120913610e+01 2.1032931156e+01 1.7299929255e+01 -9.8903802585e+01 5.3857599405e+02 -1.3068944073e-13 1.1232303197e+02
1.0000000000e+00 0.0000000000e+00 3.4685166039e+04 5.6848137041e+03 1.1551551219e+04 5.3386814565e+04 6.7752545024e+05 7.4971662877e+04 -5.4184461642e+01 6.2303148756e+01 6.9445863230e+01 -1.7786667173e+02 7.0486712850e+02 -1.3452811673e-13 -1.6803310897e+01
1.0000000000e+00 0.0000000000e+00 2.1355155607e+04 2.3122631231e+03 6.9078753332e+03 4.2039098223e+04 5.1366015363e+05 5.6650234150e+04 -3.3156427327e+01 -3.0317582794e+01 7.2988772663e+01 -1.6027125141e+02 6.3199233026e+02 -1.1781295011e-13 -8.7025223761e+01
1.0000000000e+00 0.0000000000e+00 3.2005949592e+04 1.9191649471e+04 1.4849343124e+04 5.7253235671e+04 7.1313037416e+05 8.1204605083e+04 -3.0593519787e+01 -1.2313403661e+02 1.0263369465e+02 -1.9362459161e+02 7.3449317581e+02 -1.1981293582e-13 -2.5102959046e+02
1.0000000000e+00 0.0000000000e+00 2.5396905009e+04 6.4179965542e+04 2.3965237330e+04 1.5294850840e+04 4.0840415230e+05 4.7891334216e+04 -4.1272375263e+01 2.5226148384e+02 -1.3991163526e+01 -9.4605157624e+01 5.4015224227e+02 -1.3446447792e-13 3.6174008472e+02
1.0000000000e+00 0.0000000000e+00 7.2738009324e+03 6.9588306375e+03 5.0486804773e+03 8.2626531050e+03 2.6549432545e+05 2.4113951951e+04 -2.2746884228e+01 8.2007660468e+01 1.5678266338e+01 -8.1895909294e+01 3.8977708356e+02 -1.1363645781e-13 1.4644670026e+02
1.0000000000e+00 0.0000000000e+00 2.3730688844e+04 6.0304672283e+04 1.1250574356e+04 3.0479652120e+04 6.7773227728e+05 6.7199733988e+04 -4.4562248028e+01 2.4300178322e+02 1.1298845909e+01 -1.4191836253e+02 7.0295742768e+02 -1.4352686200e-13 1.9846924217e+02
1.0000000000e+00 0.0000000000e+00 1.1030233082e+03 6.7176629955e+02 6.5181360271e+02 4.9200220133e+03 2.0272252749e+05 1.6174007640e+04 -4.1865456717e+00 1.6018454187e+01 1.5835167585e+01 -6.1722978432e+01 3.0168714652e+02 -9.9046330513e-14 -4.4502643925e+01
1.0000000000e+00 0.0000000000e+00 4.0597653910e+04 2.0288170643e+05 2.6457745681e+04 2.2005656897e+04 5.0676814571e+05 6.5478097717e+04 -5.3490096189e+01 4.3982098882e+02 -3.3550179707e+01 -1.0337943158e+02 5.8654337485e+02 -1.5211248471e-13 5.6774307888e+02
1.0000000000e+00 0.0000000000e+00 4.6055279962e+03 4.4670430701e+03 1.6179723487e+03 8.8613443669e+03 2.3673582685e+05 2.0848185586e+04 -1.4081812909e+01 5.5680505723e+01 2.7037461795e+01 -8.5940955106e+01 3.6353221684e+02 -1.0785829795e-13 1.4406893361e+02
1.0000000000e+00 0.0000000000e+00 3.7137607776e+03 1.9843335514e+03 2.2101759647e+03 6.7706049288e+03 2.2844139223e+05 1.9477372838e+04 -9.3662052127e+00 -4.0581873798e+01 3.7859029992e+01 -7.8901086138e+01 3.1764965614e+02 -1.0413594126e-13 -2.4756110745e+01
1.0000000000e+00 0.0000000000e+00 1.2503221910e+04 7.2757840251e+04 6.2938865283e+03 9.9603069791e+03 3.0718113700e+05 3.1477434415e+04 -2.9226300823e+01 2.6618664133e+02 -1.5794586743e+01 -8.0329552680e+01 4.4549406086e+02 -1.2905911236e-13 3.7816424230e+02
1.0000000000e+00 0.0000000000e+00 1.0560070844e+04 2.3485431481e+04 6.1730258271e+03 1.1009667599e+04 2.6976866880e+05 2.6945888534e+04 -2.8271735983e+01 1.2945542813e+02 1.1775731368e+01 -8.6543750734e+01 4.1113714458e+02 -1.2697383957e-13 3.8459149099e+02
1.0000000000e+00 0.0000000000e+00 5.3860247859e+03 3.2684118430e+03 1.8911044083e+03 8.7638303821e+03 2.4250294476e+05 2.1250429843e+04 -1.7109098608e+01 5.2346761023e+01 2.7826915672e+01 -8.2823831865e+01 3.3996818841e+02 -1.1359891879e-13 1.3373356793e+02
1.0000000000e+00 0.0000000000e+00 2.4233178628e+04 1.2603901888e+05 6.6889574621e+03 2.4845649066e+04 4.3102999012e+05 4.9344596684e+04 -4.4391619203e+01 3.4559145256e+02 -2.6786868906e+00 -1.1899438445e+02 5.6296768275e+02 -1.3984552674e-13 5.6023714280e+02
1.0000000000e+00 0.0000000000e+00 2.2738235048e+04 6.7586001016e+04 9.3070852083e+03 2.3304514306e+04 2.9329766224e+05 3.7620752854e+04 -4.6961087140e+01 2.5847263569e+02 4.2967906790e+00 -9.8312871213e+01 4.4329808198e+02 -1.2182949859e-13 3.1911448081e+02
1.0000000000e+00 0.0000000000e+00 5.2816985734e+04 5.1451999177e+04 2.9850837798e+04 6.9478687877e+04 9.9810019754e+05 1.1396260647e+05 -6.9177695417e+01 2.2563711747e+02 4.0681839587e+01 -1.9722703492e+02 8.9924429108e+02 -1.6094558725e-13 2.4582831705e+02
1.0000000000e+00 0.0000000000e+00 3.7768711803e+04 7.2559270226e+04 2.4718510353e+04 6.9867503185e+04 9.2247363377e+05 1.0788355944e+05 -1.0696126043e+01 -2.4958579031e+02 1.2471304062e+02 -2.1237991559e+02 8.1208196138e+02 -1.2176208558e-13 -4.9990717019e+02
1.0000000000e+00 0.0000000000e+00 1.4030327115e+04 4.1205271679e+03 6.3623295653e+03 2.1544967893e+04 3.9538087201e+05 3.9281990473e+04 -3.1236265493e+01 5.7324639206e+01 4.3415685559e+01 -1.2532650884e+02 5.2213797918e+02 -1.2105152954e-13 9.5475185129e+01
1.0000000000e+00 0.0000000000e+00 1.7622762526e+05 1.0404031888e+06 1.0456657040e+05 1.0277065106e+05 1.1926414065e+06 2.2323559364e+05 -1.1610255273e+02 1.0030085992e+03 -9.1121908031e+01 -1.7206444893e+02 1.0030574113e+03 -2.2445770694e-13 1.4023314174e+03
1.0000000000e+00 0.0000000000e+00 3.0720729055e+03 6.4045092627e+02 2.2567135991e+03 5.8151460700e+03 2.4475703541e+05 2.0096290666e+04 -1.0909889757e+01 1.5032928611e+01 2.2339001911e+01 -7.3523157543e+01 3.4005935057e+02 -1.1000403050e-13 5.6705193537e+00
1.0000000000e+00 0.0000000000e+00 3.1405068123e+03 8.2782018595e+03 3.1247329371e+03 4.7647809281e+03 2.4875629103e+05 2.0642365348e+04 -1.0622011906e+01 8.8492752804e+01 -2.0692835714e+00 -5.7968422313e+01 3.3789233648e+02 -1.1745663710e-13 1.6871236944e+02
1.0000000000e+00 0.0000000000e+00 4.3864337658e+03 1.1465784248e+04 3.9336198122e+03 4.2597980668e+03 2.3850070031e+05 2.0230628320e+04 -1.5820857208e+01 1.0658914899e+02 -1.4361931867e+00 -6.2706036443e+01 3.5237491230e+02 -1.1073878103e-13 9.0915380550e+01
1.0000000000e+00 0.0000000000e+00 4.4189778958e+04 4.9482592897e+04 2.8496387268e+04 4.9054773509e+04 6.2137631528e+05 7.8707640516e+04 -6.6339869962e+01 2.2237040133e+02 2.1676057226e+01 -1.4864041454e+02 6.9681431855e+02 -1.3850063545e-13 2.3238725611e+02
1.0000000000e+00 0.0000000000e+00 4.1571579619e+03 3.3098478712e+04 4.2199942607e+02 1.0168544532e+04 3.6353027769e+05 3.0868309169e+04 -9.9914552667e+00 1.6784803431e+02 2.9574508290e-01 -8.6257567669e+01 4.5455229223e+02 -1.3524202994e-13 4.4566914185e+02
1.0000000000e+00 0.0000000000e+00 8.8420455083e+04 2.9907602775e+05 5.9635503858e+04 7.0624897500e+04 8.2748151108e+05 1.2809531859e+05 -8.9419257208e+01 5.4399103362e+02 -2.5987456029e+01 -1.5594820217e+02 8.1486869361e+02 -1.7716394455e-13 6.9687452626e+02
1.0000000000e+00 0.0000000000e+00 2.1162073744e+04 1.4755996371e+04 9.1988498405e+03 3.2772019691e+04 4.9039612903e+05 5.2498304459e+04 -4.3571043293e+01 1.1942725012e+02 3.7005476709e+01 -1.3710300801e+02 5.9671690640e+02 -1.3364558937e-13 1.7394308875e+02
1.0000000000e+00 0.0000000000e+00 1.3334234879e+04 5.7586399960e+04 4.5859206936e+03 1.2335109219e+04 2.5867991865e+05 2.7802270379e+04 -3.4056768339e+01 2.3511991156e+02 -1.7046894558e+00 -8.0656903544e+01 3.8023960314e+02 -1.2506523601e-13 3.1658077312e+02
1.0000000000e+00 0.0000000000e+00 2.3096827405e+04 5.3997253842e+04 7.8400519753e+03 3.3798915100e+04 4.6829625165e+05 5.2831804538e+04 -4.6316192099e+01 2.3181231382e+02 1.9596675243e+01 -1.3273158782e+02 5.9624233835e+02 -1.2781831471e-13 1.7428987034e+02
1.0000000000e+00 0.0000000000e+00 3.7438729752e+04 2.0838162123e+05 1.8434523804e+04 2.9470358422e+04 4.8130556125e+05 6.3954312097e+04 -5.4289645450e+01 4.5413226351e+02 -2.7412014735e+01 -1.1235002105e+02 5.9698466599e+02 -1.4870574070e-13 5.5912390657e+02
1.0000000000e+00 0.0000000000e+00 7.2952164807e+04 2.5328388749e+04 3.4848416896e+04 1.0842620554e+05 8.9051713847e+05 1.2520003831e+05 -8.4312611750e+01 1.5656430486e+02 6.9576220595e+01 -2.1348285055e+02 8.7414523252e+02 -1.4540746095e-13 1.5994383572e+02
1.0000000000e+00 0.0000000000e+00 3.5640787561e+03 2.2879408530e+03 2.2326626734e+03 5.0570755411e+03 1.5283689599e+05 1.3642129353e+04 -9.9050078343e+00 8.5823992886e+00 2.9148908073e+01 -6.4847036569e+01 2.4282820159e+02 -1.0302883586e-13 1.7316236123e+02
1.0000000000e+00 0.0000000000e+00 6.3262366093e+04 2.2695911967e+05 4.8208098208e+04 4.3093007643e+04 4.9815787626e+05 8.5001732950e+04 -7.3316781994e+01 4.7454579850e+02 -3.4331330107e+01 -1.1357961829e+02 6.3458404868e+02 -1.4161163626e-13 4.8671693979e+02
1.0000000000e+00 0.0000000000e+00 2.5661295623e+04 4.4119243787e+04 5.4753566497e+03 4.2726199698e+04 6.4475640371e+05 6.7229144848e+04 -4.7470790088e+01 2.0943901867e+02 3.3779128988e+01 -1.5954537238e+02 7.0206758079e+02 -1.3667694468e-13 1.9758653380e+02
1.0000000000e+00 0.0000000000e+00 4.7335871111e+03 3.8553288325e+03 1.7341528838e+03 9.7869781672e+03 2.7976514288e+05 2.4180697095e+04 -1.1191890059e+01 -3.2220054387e+01 3.8930524273e+01 -8.9899059753e+01 3.7857067958e+02 -1.0052164106e-13 -1.5985586892e+02
1.0000000000e+00 0.0000000000e+00 6.5398762863e+04 1.9589293868e+05 4.7243449952e+04 5.0604016222e+04 7.3012021404e+05 1.0204703009e+05 -7.4757954744e+01 4.4198101275e+02 -1.7229367746e+01 -1.4483142678e+02 7.5903025401e+02 -1.6064680992e-13 3.8106634067e+02
1.0000000000e+00 0.0000000000e+00 2.5371707248e+03 1.0979064706e+03 3.0213396892e+03 2.8841821057e+03 1.4404447083e+05 1.2349321120e+04 -1.0102120239e+01 2.5437911701e+01 6.8627075131e+00 -4.9099283044e+01 2.6739709360e+02 -9.3906414251e-14 6.1273804742e+01
1.0000000000e+00 0.0000000000e+00 1.3667067888e+05 4.5514045086e+05 9.1793361639e+04 1.1191973815e+05 1.2142243250e+06 1.9436390526e+05 -1.1068927511e+02 6.7010979417e+02 -3.0372400270e+01 -1.9575801705e+02 1.0178477854e+03 -1.9560396432e-13 7.8392274230e+02
1.0000000000e+00 0.0000000000e+00 6.6094843407e+03 1.2289302398e+03 2.8959852321e+03 1.5234720080e+04 3.5783557554e+05 3.2265977188e+04 -1.2551501039e+01 -3.0650736997e+01 4.3581035516e+01 -1.0499550047e+02 4.4910278877e+02 -1.1314476913e-13 2.9714632359e+00
1.0000000000e+00 0.0000000000e+00 1.4298333578e+04 2.0587245664e+04 5.2802624041e+03 2.1708628778e+04 4.2500627184e+05 4.1696764979e+04 -3.3869076610e+01 1.3460011109e+02 2.9133715573e+01 -1.2070990347e+02 5.2579874314e+02 -1.2350670001e-13 1.9401587313e+01
1.0000000000e+00 0.0000000000e+00 1.5577231407e+04 2.5078322365e+04 1.2042837018e+04 1.4339385459e+04 2.9784071271e+05 3.2948836722e+04 -3.5910232184e+01 1.5709730624e+02 5.6845106762e+00 -8.4598815820e+01 4.1677007318e+02 -1.1664236655e-13 8.4669965788e+01
1.0000000000e+00 0.0000000000e+00 6.0547096436e+03 5.3446721908e+03 3.5680313931e+03 9.1521922647e+03 3.0692082742e+05 2.6584375484e+04 -1.9210494195e+01 6.2369389499e+01 2.1824243572e+01 -9.0541546922e+01 4.2295481861e+02 -1.1640266596e-13 1.2997300383e+02
1.0000000000e+00 0.0000000000e+00 4.2893494933e+03 6.3788227480e+02 2.6671950140e+03 1.0207024967e+04 2.6265015988e+05 2.3462535723e+04 -9.3000036006e+00 -9.6714697024e+00 3.5296945446e+01 -9.0031542165e+01 3.8616461986e+02 -1.0784595959e-13 6.2785521215e+01
1.0000000000e+00 0.0000000000e+00 3.2970953447e+03 1.9888033951e+04 1.0288862314e+03 2.6291889964e+03 1.0347046241e+05 9.5756935856e+03 -1.5194841878e+01 1.3320022467e+02 -3.8776725340e+00 -4.3807539213e+01 2.2139571535e+02 -9.6175463861e-14 2.7561629830e+02
1.0000000000e+00 0.0000000000e+00 4.1262604893e+03 2.6048610086e+04 3.1416062005e+03 4.5101835667e+03 2.3700993454e+05 2.0623595671e+04 -1.0768536241e+01 1.4627359261e+02 -1.0832114663e+01 -5.8841151242e+01 3.5742305549e+02 -1.1969169583e-13 3.0724672213e+02
1.0000000000e+00 0.0000000000e+00 2.8252357995e+04 7.7944958396e+03 1.2416205971e+04 5.3155452335e+04 6.9132848640e+05 7.6272540842e+04 -2.1645983802e+01 -8.6754416782e+01 8.8590384501e+01 -1.7704004770e+02 6.8624473895e+02 -1.2471052591e-13 -1.5304772692e+02
1.0000000000e+00 0.0000000000e+00 2.5470265029e+04 1.6491003674e+05 4.9381993931e+03 2.7834909017e+04 5.9254591909e+05 6.2728084846e+04 -3.9917647250e+01 4.0166503532e+02 -6.5865346388e+00 -1.3416101259e+02 6.4873458105e+02 -1.4783254793e-13 4.5163441811e+02
1.0000000000e+00 0.0000000000e+00 1.1737909511e+04 1.5818490253e+04 6.7469922828e+03 1.1982390894e+04 2.5675026434e+05 2.6378255417e+04 -3.2662579670e+01 1.1751099742e+02 1.4227424282e+01 -8.3907442859e+01 3.8648535969e+02 -1.0725448584e-13 9.0699110094e+01
1.0000000000e+00 0.0000000000e+00 7.6945576392e+03 1.0844795147e+04 2.8681198033e+03 1.1005681088e+04 2.6824111530e+05 2.4791291591e+04 -2.4489915682e+01 9.1562839096e+01 2.1294900732e+01 -9.0142617214e+01 4.0219266314e+02 -1.0519446175e-13 -5.2495233591e+01
1.0000000000e+00 0.0000000000e+00 2.8067020808e+04 1.1756994713e+05 1.0981167505e+04 3.2316648737e+04 7.7974042064e+05 7.7608305875e+04 -4.7306527988e+01 3.3941189012e+02 -3.7442325552e-01 -1.4879282342e+02 7.5307807902e+02 -1.5696723558e-13 3.2701783946e+02
1.0000000000e+00 0.0000000000e+00 6.4415537016e+04 3.1788279038e+05 4.2017554679e+04 4.1571516882e+04 8.5394535026e+05 1.1007337857e+05 -6.9196863095e+01 5.6051006561e+02 -4.0064401119e+01 -1.4415540916e+02 8.1365878815e+02 -1.7583157417e-13 6.4131736380e+02
1.0000000000e+00 0.0000000000e+00 7.4982342723e+03 3.0020865543e+03 3.0568132424e+03 1.3382086623e+04 3.2875430676e+05 2.9629304534e+04 -1.9341498219e+01 -1.6554050703e+01 4.2419905026e+01 -1.0298428371e+02 4.3265481883e+02 -1.0492359114e-13 -1.7763752995e+02
1.0000000000e+00 0.0000000000e+00 4.2394025512e+04 1.9540148956e+03 2.2630968238e+04 5.8325241545e+04 8.6364092658e+05 9.4314388322e+04 -5.6497462067e+01 -9.1949877425e+00 7.9875797029e+01 -1.9570908840e+02 8.1056227576e+02 -1.4451733450e-13 -5.6236286190e+01
1.0000000000e+00 0.0000000000e+00 1.9908247122e+04 5.6715259666e+04 8.5091352110e+03 2.3605098581e+04 4.2882248196e+05 4.5990235038e+04 -4.2843944250e+01 2.3411602414e+02 8.6510516585e+00 -1.1876757151e+02 5.7082179494e+02 -1.2890182425e-13 3.2033312427e+02
1.0000000000e+00 0.0000000000e+00 1.5567284991e+04 1.2667287015e+05 4.9640240800e+03 1.1982600257e+04 3.0559781505e+05 3.4379385611e+04 -2.8879500883e+01 3.4570075429e+02 -2.1975397588e+01 -8.6514207069e+01 4.6820215192e+02 -1.3014457543e-13 4.6137756110e+02
1.0000000000e+00 0.0000000000e+00 5.3009931559e+03 2.1069733334e+04 9.6414236030e+02 1.0675097018e+04 2.3424675271e+05 2.2040431573e+04 -1.3957718860e+01 1.4380443467e+02 7.6759732950e+00 -7.7293061628e+01 3.6466735099e+02 -1.0740498642e-13 1.1890024325e+02
1.0000000000e+00 0.0000000000e+00 2.3780773879e+04 3.1194989935e+04 2.0032798741e+04 1.9040077976e+04 3.9383760552e+05 4.5278079364e+04 -4.4863093312e+01 1.7353846816e+02 5.9272115203e+00 -9.9236983994e+01 5.0153328736e+02 -1.2875712287e-13 1.4537693261e+02
1.0000000000e+00 0.0000000000e+00 4.5174101216e+03 1.7547637801e+04 4.5864365316e+02 1.6221843058e+04 4.6321660076e+05 3.9556839249e+04 -1.0325313952e+01 1.3026443126e+02 1.1865189356e+01 -1.0219806545e+02 5.1521208146e+02 -1.2889105616e-13 1.7603308102e+02
1.0000000000e+00 0.0000000000e+00 1.3179058387e+04 7.1533513795e+03 7.0334182761e+03 2.1153413060e+04 4.0402556904e+05 4.0125710428e+04 -2.3480589760e+01 3.5522743863e+01 5.1077063767e+01 -1.3018473247e+02 5.2173188894e+02 -1.2394991802e-13 1.6542522840e+02
1.0000000000e+00 0.0000000000e+00 1.2264232175e+04 5.6697894055e+04 9.6423317425e+03 5.4701512631e+03 1.8170069240e+05 2.1656244149e+04 -2.8463997936e+01 2.3470329952e+02 -2.1938761366e+01 -5.1817878199e+01 3.1634802640e+02 -1.1524471631e-13 2.9345549990e+02
1.0000000000e+00 0.0000000000e+00 1.0657148361e+04 2.4096255168e+03 4.6707406627e+03 2.0516352593e+04 4.1234494902e+05 3.9144004338e+04 -2.4130964072e+01 2.5750938122e+01 4.4966774208e+01 -1.2232751148e+02 5.1525812154e+02 -1.3104163087e-13 1.8248263469e+02
1.0000000000e+00 0.0000000000e+00 9.3106569583e+03 5.1198456968e+04 2.4708368631e+03 1.1513563514e+04 2.9772583952e+05 2.8829188934e+04 -2.3481891513e+01 2.2331699814e+02 -2.2638855680e-01 -8.7825812797e+01 4.2764255308e+02 -1.2503074163e-13 3.1720935397e+02
1.0000000000e+00 0.0000000000e+00 3.9616781119e+03 5.9249615957e+03 9.5683780703e+02 9.3011947062e+03 2.4296258833e+05 2.1253009047e+04 -1.0554541851e+01 7.2728584217e+01 9.6495074501e+00 -7.1215929233e+01 3.6344104368e+02 -1.0215941715e-13 -9.6574622968e+00
1.0000000000e+00 0.0000000000e+00 2.1438529314e+04 1.1117620715e+05 9.7479184930e+03 1.9067549487e+04 4.9941408343e+05 5.1914700697e+04 -4.0083254342e+01 3.2759564693e+02 -1.1483237902e+01 -1.1253101598e+02 5.8918203925e+02 -1.4777108530e-13 4.7827561292e+02
1.0000000000e+00 0.0000000000e+00 1.5508375729e+04 1.8059829668e+04 1.0744948837e+04 1.6385397107e+04 2.8664177624e+05 3.2214055427e+04 -3.8029398381e+01 1.2871593925e+02 1.3006546061e+01 -8.9904496829e+01 4.2638660745e+02 -1.1598523285e-13 5.1247764394e+01
1.0000000000e+00 0.0000000000e+00 1.0926953687e+04 6.4608336448e+03 8.5421326040e+03 2.1741984839e+04 3.8748099827e+05 3.9895195660e+04 -6.4660927756e+00 -7.8308652581e+01 6.5445001795e+01 -1.2470729122e+02 4.7654649159e+02 -1.1726161309e-13 -2.6159454794e+01
1.0000000000e+00 0.0000000000e+00 3.8293159745e+04 1.6669704418e+04 1.4643244581e+04 5.7046636932e+04 5.9847518134e+05 7.3185911962e+04 -6.0394628024e+01 1.2858066585e+02 5.5649969036e+01 -1.6774425028e+02 6.7648651860e+02 -1.3643039508e-13 1.6389607535e+02
1.0000000000e+00 0.0000000000e+00 6.6524086582e+03 2.1142935585e+03 2.9554314144e+03 1.2147110708e+04 2.8697647297e+05 2.6173283758e+04 -1.8408070732e+01 -2.3524543436e+01 3.9461945849e+01 -9.6969767093e+01 4.1630487392e+02 -9.9164911249e-14 -8.9476859862e+01
1.0000000000e+00 0.0000000000e+00 1.7486939390e+04 5.8160487582e+04 7.2967182961e+03 1.8554803891e+04 3.8110537378e+05 4.0045985146e+04 -3.9345186022e+01 2.3843780859e+02 4.6489240774e+00 -1.0562749848e+02 5.0495347903e+02 -1.3149477651e-13 3.5631835893e+02
1.0000000000e+00 0.0000000000e+00 1.5595698456e+03 8.7491896361e+02 6.6505386135e+02 9.5783822076e+03 2.3280708227e+05 2.0319674530e+04 2.9168447867e+00 -2.3609540330e+01 2.0575981399e+01 -6.6184248459e+01 3.3044279811e+02 -1.0011687526e-13 -1.3870933449e+01
1.0000000000e+00 0.0000000000e+00 3.6071274208e+04 1.7272605226e+05 2.5575670760e+04 1.7630482365e+04 5.3009350912e+05 6.3196462355e+04 -5.0083473912e+01 4.0109818905e+02 -3.1635256856e+01 -1.0111899215e+02 5.8755532969e+02 -1.6821994466e-13 7.2736487644e+02
1.0000000000e+00 0.0000000000e+00 2.0581656534e+05 6.9484595830e+05 1.2594097363e+05 1.8795493374e+05 1.8433257474e+06 2.9763808972e+05 -1.3769820145e+02 8.3024094794e+02 -2.8657409696e+01 -2.5390060248e+02 1.2799638698e+03 -2.2124426124e-13 9.4862491417e+02
1.0000000000e+00 0.0000000000e+00 1.4326102639e+04 2.4648066589e+04 1.0122408383e+04 1.8753039897e+04 2.5567351527e+05 3.1259317182e+04 -1.0981832595e+01 -1.5409980169e+02 7.5222289262e+01 -1.1398816753e+02 3.9756417062e+02 -9.7990496905e-14 -7.7591287961e+01
1.0000000000e+00 0.0000000000e+00 1.0488399569e+04 7.3264149962e+04 4.7009471077e+03 5.4831747255e+03 2.5052138389e+05 2.4980392963e+04 -2.4681437127e+01 2.6796828962e+02 -1.8275992701e+01 -6.3733337487e+01 3.4851188424e+02 -1.1835042364e-13 1.8330563753e+02
1.0000000000e+00 0.0000000000e+00 8.2818731554e+03 5.3062732466e+04 2.0069258480e+03 1.0261507176e+04 3.2647299441e+05 3.0088795684e+04 -2.2051125833e+01 2.2072552926e+02 -1.0574239230e+00 -9.0756589875e+01 4.5457850545e+02 -1.3209518003e-13 4.2646242509e+02
1.0000000000e+00 0.0000000000e+00 4.4787847660e+04 1.7992083692e+05 2.8545063077e+04 3.2171247884e+04 4.7656260745e+05 6.7807091636e+04 -6.2383282451e+01 4.2044354917e+02 -2.3896646836e+01 -1.1206402953e+02 5.9731031536e+02 -1.5439760363e-13 6.2335531825e+02
1.0000000000e+00 0.0000000000e+00 1.0243504738e+04 2.3594238642e+04 6.6442426994e+03 9.3362076204e+03 2.9981005926e+05 2.8418266312e+04 -2.9468064354e+01 1.5227861550e+02 3.8038282512e+00 -7.9369346911e+01 3.9721068523e+02 -1.2294461722e-13 2.1251565009e+02
1.0000000000e+00 0.0000000000e+00 3.3811874765e+04 1.0306834076e+05 2.3746040869e+04 2.3737974821e+04 4.1032712553e+05 5.3667905449e+04 -5.3583036806e+01 3.2091441236e+02 -1.2756520923e+01 -1.0346645007e+02 5.4131642660e+02 -1.2992812581e-13 2.7977181539e+02
1.0000000000e+00 0.0000000000e+00 8.9680855442e+04 2.4000322057e+05 5.1330638797e+04 8.9727167431e+04 1.0553414882e+06 1.4555627261e+05 -9.2788093199e+01 4.8956668964e+02 8.2153652295e-01 -1.9531432545e+02 9.4773065970e+02 -1.7161991413e-13 5.2139656177e+02
1.0000000000e+00 0.0000000000e+00 4.4593835841e+03 1.2639136333e+04 4.1552139652e+03 8.9111943048e+03 3.1662586924e+05 2.7742154021e+04 -1.2655097035e+01 1.0479116862e+02 6.8546937632e-01 -7.8660898004e+01 4.4736299888e+02 -1.1356545924e-13 7.2353459472e+01
1.0000000000e+00 0.0000000000e+00 4.2845603467e+04 2.6210986758e+05 2.0736831048e+04 3.4413805471e+04 7.1832144937e+05 8.5781778748e+04 -5.3411908076e+01 5.0772737495e+02 -3.1711631936e+01 -1.3796688034e+02 7.5734202615e+02 -1.6402529955e-13 6.6932296583e+02
1.0000000000e+00 0.0000000000e+00 5.2043424036e+04 1.5636587505e+05 5.0053828583e+04 2.8461797351e+04 8.5159806208e+05 9.9461263614e+04 -5.7024596133e+01 3.9481478108e+02 -2.8955798647e+01 -1.3399914012e+02 7.9605559449e+02 -1.6374140979e-13 3.6102039356e+02
1.0000000000e+00 0.0000000000e+00 3.5511626158e+04 1.2368757391e+05 1.9338855107e+04 3.4917250457e+04 4.3900515567e+05 5.9772065136e+04 -5.6686835501e+01 3.4690804365e+02 -6.6527866067e+00 -1.1564523204e+02 5.6495413883e+02 -1.4581542242e-13 5.1462319440e+02
1.0000000000e+00 0.0000000000e+00 9.8638720577e+03 3.1285937191e+04 6.2014673224e+03 1.1365940847e+04 4.4662908009e+05 3.9400714729e+04 -2.5970983442e+01 1.7000201845e+02 3.0037500108e+00 -9.9295109312e+01 5.2326250687e+02 -1.3238896830e-13 2.2400090084e+02
1.0000000000e+00 0.0000000000e+00 2.1107059884e+04 6.9230910825e+03 7.9181780791e+03 3.5237340948e+04 4.8425047042e+05 5.2260140660e+04 -4.2581274035e+01 7.9133617820e+01 4.6410025466e+01 -1.4347818140e+02 6.0893811948e+02 -1.2477535316e-13 1.4408729751e+02
1.0000000000e+00 0.0000000000e+00 8.8360986334e+03 4.0096876834e+04 6.2480226685e+03 8.9789242683e+03 3.7286570593e+05 3.3816014261e+04 -2.1869046580e+01 1.9855495835e+02 -8.9046738267e+00 -8.4437355015e+01 4.7869696021e+02 -1.3029119186e-13 3.0371172960e+02
1.0000000000e+00 0.0000000000e+00 1.0901249150e+04 5.6341985906e+04 1.1111381503e+04 8.1623196923e+03 3.9877298227e+05 3.8089469168e+04 -1.2074641238e+01 2.3448743816e+02 -3.1430661938e+01 -6.5156441869e+01 4.6701760169e+02 -1.3533700274e-13 3.1669636294e+02
1.0000000000e+00 0.0000000000e+00 1.1271619733e+04 3.1917063740e+04 6.6027670270e+03 1.0658113623e+04 3.2951521051e+05 3.1407833456e+04 -3.0626735937e+01 1.7778638453e+02 2.6400542101e+00 -8.8375940291e+01 4.4645869200e+02 -1.2512254995e-13 2.2416402872e+02
1.0000000000e+00 0.0000000000e+00 8.6864942626e+03 1.8810389577e+04 6.5781344913e+03 1.8659903710e+04 4.0874393997e+05 3.9695972289e+04 -8.4674503664e+00 -1.0965521906e+02 5.6308521258e+01 -1.1653882693e+02 5.0324496239e+02 -9.8241582030e-14 -3.4089970636e+02
1.0000000000e+00 0.0000000000e+00 3.0311833667e+04 1.2029724687e+05 2.1072248549e+04 1.9739973949e+04 3.7705188008e+05 4.9321711470e+04 -4.8713187204e+01 3.4563234069e+02 -2.1738044666e+01 -9.2205951321e+01 5.0499658896e+02 -1.3746062155e-13 3.4207896530e+02
1.0000000000e+00 0.0000000000e+00 1.5197068139e+04 7.6260105172e+04 1.1588046776e+04 6.0704761661e+03 2.2640017878e+05 2.6740718946e+04 -3.0447226604e+01 2.7178843366e+02 -2.6107170316e+01 -5.8728116853e+01 3.6224425646e+02 -1.2204714442e-13 3.0376701742e+02
1.0000000000e+00 0.0000000000e+00 2.0479485021e+03 3.1143868329e+03 7.4099639325e+02 1.1659961564e+04 3.2924475112e+05 2.7890816988e+04 -3.1009059619e+00 5.3661627089e+01 1.9388987504e+01 -8.7818184193e+01 4.2665885431e+02 -1.1314263678e-13 8.2991616132e+01
1.0000000000e+00 0.0000000000e+00 1.7028379533e+04 3.6218872274e+04 1.3870548077e+04 1.3071891829e+04 2.8548374317e+05 3.2883615301e+04 -3.7480288298e+01 1.8714839110e+02 -2.4859392137e+00 -8.1364525061e+01 4.2528899331e+02 -1.2230127336e-13 2.3234945141e+02
1.0000000000e+00 0.0000000000e+00 1.4428113046e+04 5.4701342883e+03 3.0700918595e+03 3.7963115940e+04 6.2665537840e+05 6.0908969686e+04 -2.3670246344e+01 6.9732604773e+01 5.2032430023e+01 -1.5929684588e+02 6.8616567003e+02 -1.2241832516e-13 2.0106853145e+01
1.0000000000e+00 0.0000000000e+00 1.7263510053e+04 1.0364407085e+05 1.1421561900e+04 1.0202630854e+04 4.4264639054e+05 4.4436811267e+04 -2.8210950541e+01 3.1251994334e+02 -2.5235054548e+01 -8.7039664706e+01 5.1703252613e+02 -1.5009107700e-13 4.6279906146e+02
1.0000000000e+00 0.0000000000e+00 5.0176897417e+03 1.9474598723e+04 1.3650528524e+03 9.8082449257e+03 2.9172321733e+05 2.5608210709e+04 -1.7108347484e+01 1.3727033333e+02 5.6201572479e+00 -8.4634077132e+01 4.3200306807e+02 -1.1417762454e-13 2.2801619464e+02
1.0000000000e+00 0.0000000000e+00 1.4984691511e+03 7.8851238584e+03 1.0278105817e+03 7.6158786630e+03 2.3000895708e+05 1.9747249160e+04 -8.3709139461e-01 8.5765913015e+01 8.4186562469e-01 -6.0003126478e+01 3.3491892352e+02 -1.0501243191e-13 4.1179112496e+01
1.0000000000e+00 0.0000000000e+00 6.8449942899e+04 2.3970469680e+05 4.8478093184e+04 5.0118558635e+04 7.3222070159e+05 1.0466848028e+05 -7.5877882695e+01 4.8886904580e+02 -2.5361349049e+01 -1.4437018197e+02 7.7356149706e+02 -1.6282513221e-13 5.8543777243e+02
1.0000000000e+00 0.0000000000e+00 6.4718899363e+03 7.6135377314e+02 5.3054673912e+03 8.9600169164e+03 2.5765899885e+05 2.3706383408e+04 -1.9208441347e+01 -4.6941449046e+00 2.5856043415e+01 -7.8420461528e+01 3.6495206148e+02 -1.1361625252e-13 6.8171458147e+01
1.0000000000e+00 0.0000000000e+00 3.8612772564e+03 7.5516311256e+02 1.4072501538e+03 9.6710873712e+03 2.9063342477e+05 2.4564995344e+04 -1.3023717792e+01 2.4449862515e+01 2.9907342497e+01 -9.0921863667e+01 4.0159612990e+02 -1.1218713425e-13 2.5822695975e+01
1.0000000000e+00 0.0000000000e+00 4.1189506194e+04 3.3763694148e+04 1.5120243007e+04 7.1675791275e+04 1.0120619060e+06 1.0866994806e+05 -3.8539958275e+01 -1.5981744161e+02 1.1560533025e+02 -2.2038731185e+02 8.5826119358e+02 -1.3195387423e-13 -3.2388531424e+02
1.0000000000e+00 0.0000000000e+00 1.0730580063e+04 2.1007951518e+04 6.2358057183e+03 1.1963957776e+04 4.4890536281e+05 3.9330561003e+04 -2.8432475292e+01 1.3240152224e+02 1.3561621497e+01 -1.0170834196e+02 4.9947488753e+02 -1.2234192122e-13 -2.6627169043e+01
1.0000000000e+00 0.0000000000e+00 7.2711380809e+03 2.1726935123e+02 3.0254259860e+03 1.2201493183e+04 2.4392099035e+05 2.3238304726e+04 -1.6060963220e+01 -1.3667953684e+01 4.4953788808e+01 -9.4550216139e+01 3.5758973272e+02 -1.0033333246e-13 -3.6299124710e+01
1.0000000000e+00 0.0000000000e+00 6.6990301988e+04 2.4167268120e+05 5.0754485906e+04 4.2039866944e+04 7.6585321223e+05 1.0435621569e+05 -7.3553294016e+01 4.8977791240e+02 -3.2465741030e+01 -1.3306307543e+02 7.4240972262e+02 -1.7455954249e-13 5.6559559150e+02
1.0000000000e+00 0.0000000000e+00 2.6700205324e+04 7.6152588694e+04 1.6700494951e+04 3.2337746232e+04 3.7049434011e+05 5.0508641771e+04 -1.3940953654e+01 -2.5992949359e+02 1.0310929628e+02 -1.4347446449e+02 4.9490570754e+02 -8.9320184041e-14 -5.3143202509e+02
1.0000000000e+00 0.0000000000e+00 4.4092243763e+04 2.2583311291e+05 2.6260440713e+04 2.5908668749e+04 4.0187343133e+05 6.1238195484e+04 -5.7863975765e+01 4.6655479635e+02 -3.6679023184e+01 -9.4890221376e+01 5.2986063854e+02 -1.5103108195e-13 5.9759827778e+02
1.0000000000e+00 0.0000000000e+00 4.6817385055e+03 7.0974115156e+02 3.0286281559e+03 1.0777122149e+04 2.6450423251e+05 2.4004391842e+04 -9.1048426592e+00 3.2605100485e-01 3.8704475337e+01 -9.4541651213e+01 3.8729257928e+02 -1.0230325836e-13 -1.2437116348e+02
1.0000000000e+00 0.0000000000e+00 7.7317235882e+04 3.0150633462e+05 4.5042015352e+04 6.3477814666e+04 9.0677936267e+05 1.2402626552e+05 -8.2058117130e+01 5.4379782101e+02 -2.1333995477e+01 -1.6778627511e+02 8.6477242636e+02 -1.7984228225e-13 7.3809592496e+02
1.0000000000e+00 0.0000000000e+00 9.9534466615e+03 3.4110278518e+03 3.9003111049e+03 1.7778651322e+04 3.0137079658e+05 3.0159405647e+04 -2.2904654765e+01 -4.0958254361e+01 5.2354130815e+01 -1.1045753245e+02 4.3717624083e+02 -1.0319718883e-13 -1.0048134158e+02
1.0000000000e+00 0.0000000000e+00 4.0448800347e+04 2.3412135162e+05 2.3856912875e+04 2.2131860604e+04 3.9141024304e+05 5.8200545681e+04 -5.5566971558e+01 4.7875912291e+02 -4.1572717885e+01 -9.0943259930e+01 5.2571364615e+02 -1.4648748596e-13 6.4444335722e+02
1.0000000000e+00 0.0000000000e+00 1.5611830954e+04 5.1480652317e+04 1.2840007994e+04 1.8242736201e+04 3.0628319655e+05 3.6931528446e+04 -4.0773948379e+00 -2.2071064533e+02 8.0959359584e+01 -1.1540516407e+02 4.1931490169e+02 -8.8774364097e-14 -4.1186751272e+02
1.0000000000e+00 0.0000000000e+00 1.5660698481e+04 1.7220068765e+04 9.3143725545e+03 2.2963720711e+04 4.2600074091e+05 4.3903647713e+04 -3.6172778900e+01 1.3034760107e+02 2.0710714770e+01 -1.1771582211e+02 5.6278281855e+02 -1.1690076800e-13 8.7214182234e+01
1.0000000000e+00 0.0000000000e+00 2.0267548306e+03 7.9677145234e+02 1.7066725401e+03 1.3797948767e+04 4.4715072434e+05 3.7089518482e+04 -3.4787358173e+00 2.6656472580e+00 2.0620289595e+01 -9.3706115890e+01 4.9586088200e+02 -1.2268468698e-13 4.6975258332e+01
1.0000000000e+00 0.0000000000e+00 6.2535629090e+03 8.2727292080e+03 6.8468080718e+03 4.2965472906e+03 2.1750936609e+05 1.9933242039e+04 -1.8997427468e+01 8.9924039521e+01 1.2197799671e-01 -6.1258943679e+01 3.4491723143e+02 -1.0600054048e-13 9.3017911188e+01
1.0000000000e+00 0.0000000000e+00 8.0623657916e+03 2.5768322562e+03 3.3205552621e+03 1.2881586535e+04 3.1332348300e+05 2.8457772791e+04 -2.4661085563e+01 4.3227886206e+01 3.0566168994e+01 -9.9258443672e+01 4.3960810129e+02 -1.1070123251e-13 5.4410017597e+01
1.0000000000e+00 0.0000000000e+00 2.5334566492e+03 6.2410890267e+03 6.2862126932e+02 4.4061597920e+03 1.9905008983e+05 1.5960168199e+04 -1.2645060149e+01 6.6612096848e+01 1.3126565522e+01 -6.4640012022e+01 3.0144490690e+02 -1.0656241506e-13 1.7160917269e+02
1.0000000000e+00 0.0000000000e+00 5.7955571814e+03 6.4664853644e+04 1.3643226201e+03 7.0101691659e+03 2.4333897656e+05 2.3323996891e+04 -5.8727634206e+00 2.3406939852e+02 -1.1118669558e+01 -6.9466575992e+01 3.6611690038e+02 -1.2776717554e-13 4.9547935354e+02
1.0000000000e+00 0.0000000000e+00 5.5585769986e+04 1.4756275512e+05 3.4460643638e+04 5.0566214014e+04 5.9733913787e+05 8.5197674025e+04 -7.2580930548e+01 3.8374843056e+02 -4.2536057038e+00 -1.4047937924e+02 6.8943867142e+02 -1.4670634328e-13 4.0540437793e+02
1.0000000000e+00 0.0000000000e+00 3.0916889519e+04 1.4583043722e+05 2.4151554004e+04 1.6592051363e+04 2.7476171944e+05 4.3608896583e+04 -4.4563349578e+01 3.8150947257e+02 -3.6270477346e+01 -7.1207302189e+01 4.3057681138e+02 -1.3160380025e-13 3.6486803331e+02
1.0000000000e+00 0.0000000000e+00 1.0196889936e+03 1.0957391396e+04 2.8317249715e+02 3.9124345374e+03 1.3337851321e+05 1.1404277337e+04 4.0920647391e+00 8.2867177981e+01 -6.2179709799e+00 -3.3369939844e+01 2.0324557359e+02 -1.0267016426e-13 2.5742565649e+02
1.0000000000e+00 0.0000000000e+00 1.1348471157e+04 1.4976018275e+04 6.2679496960e+03 1.3451775136e+04 3.0065219215e+05 2.9747325747e+04 -2.4696183425e+01 -8.0250364882e+01 5.0546047705e+01 -1.0090545597e+02 4.1344730391e+02 -9.3535674218e-14 -3.1534536048e+02
1.0000000000e+00 0.0000000000e+00 9.1757649061e+03 4.0568420805e+04 5.2137017229e+03 6.9231054883e+03 2.3608219410e+05 2.3263852050e+04 -2.5072640776e+01 2.0004960553e+02 -7.5471725598e+00 -7.1238673073e+01 3.8016277354e+02 -1.1115023057e-13 2.5433463633e+02
1.0000000000e+00 0.0000000000e+00 1.9684729122e+04 6.7535938073e+04 1.2289917502e+04 1.8078320577e+04 4.8003324697e+05 4.9100689578e+04 -3.8833679587e+01 2.5928557132e+02 -3.3409854132e+00 -1.1074935255e+02 5.7526268945e+02 -1.3414349577e-13 2.6464289552e+02
1.0000000000e+00 0.0000000000e+00 1.7131335859e+04 3.1793797014e+04 1.6666784794e+04 1.9063472672e+04 3.2877781221e+05 3.9491349539e+04 -1.8663915845e+00 -1.7787196427e+02 8.3359998876e+01 -1.2180061632e+02 4.1541548935e+02 -1.0827282084e-13 -1.5002813273e+02
1.0000000000e+00 0.0000000000e+00 3.2997132923e+04 1.9839538051e+05 1.2698198740e+04 4.0190457211e+04 9.0817241160e+05 9.4545772115e+04 -4.2761495693e+01 4.4167496954e+02 -1.5967505165e+01 -1.5737757775e+02 8.3551502700e+02 -1.6858147566e-13 5.5773563725e+02
1.0000000000e+00 0.0000000000e+00 5.5058214615e+03 3.5894063371e+04 1.3597082682e+03 5.9812683631e+03 2.3946270837e+05 2.1172692952e+04 -1.7252455474e+01 1.8615508217e+02 -3.0181353661e+00 -7.1487715603e+01 3.6302919196e+02 -1.1640993448e-13 2.8915426381e+02
1.0000000000e+00 0.0000000000e+00 4.6395075382e+04 2.2560111299e+05 2.5619979563e+04 3.2307970583e+04 4.7688351081e+05 6.8889431309e+04 -6.1541801100e+01 4.6377679498e+02 -2.8079450471e+01 -1.1434670199e+02 6.0759213880e+02 -1.5559777202e-13 6.8734439806e+02
1.0000000000e+00 0.0000000000e+00 3.0717373909e+04 1.4882573775e+03 1.3359519200e+04 5.2370305941e+04 6.3326158906e+05 7.2106621182e+04 -4.4078229573e+01 -2.4638858436e+01 7.9824517405e+01 -1.7516862169e+02 6.8415772290e+02 -1.3129422433e-13 -2.5115252824e+01
1.0000000000e+00 0.0000000000e+00 4.2474123128e+03 1.4154655158e+04 4.2341838982e+03 6.6204188440e+03 2.5862798592e+05 2.2914407536e+04 -1.9736550329e+00 6.6211664571e+01 4.3703879647e+00 -5.9438292176e+01 3.2288918804e+02 -8.9630117655e-14 -2.8579694408e+02
1.0000000000e+00 0.0000000000e+00 1.1416293896e+05 2.8890909348e+05 7.6786049486e+04 1.0047713945e+05 1.1423812206e+06 1.6966440086e+05 -1.0303475683e+02 5.3738505706e+02 -8.8137385609e+00 -1.9496867759e+02 9.7198977721e+02 -1.8392892140e-13 5.8428161351e+02
1.0000000000e+00 0.0000000000e+00 1.0378966788e+04 1.2945305992e+04 8.0847437044e+03 8.6969223390e+03 2.9574941890e+05 2.7950229961e+04 -2.8400772343e+01 1.1283248711e+02 8.3129045528e+00 -8.1046206279e+01 4.0859835127e+02 -1.1765136315e-13 8.2036582596e+01
1.0000000000e+00 0.0000000000e+00 3.2950628960e+04 1.4533283534e+05 2.4051308766e+04 2.0642573633e+04 4.1378701572e+05 5.4723429033e+04 -4.6975439510e+01 3.7974440522e+02 -2.7748758908e+01 -9.5759191991e+01 5.4231848793e+02 -1.3534471657e-13 3.0194463381e+02
1.0000000000e+00 0.0000000000e+00 4.5642802205e+04 2.5814580646e+05 2.4749940004e+04 2.7911440079e+04 4.9794984700e+05 6.9553293285e+04 -5.8594476244e+01 5.0376331497e+02 -3.6457382775e+01 -1.1025700419e+02 6.0438211948e+02 -1.5525792836e-13 6.4063433001e+02
1.0000000000e+00 0.0000000000e+00 7.7878360787e+04 1.9704131585e+05 3.0610024597e+04 9.6607110633e+04 1.0960225324e+06 1.4034570855e+05 -8.7027228953e+01 4.3324485851e+02 2.4928559330e+01 -2.1363562970e+02 9.5782245239e+02 -1.8236245136e-13 6.3737441223e+02
1.0000000000e+00 0.0000000000e+00 9.0709537214e+03 1.0671497158e+04 9.7075807618e+03 1.2964694756e+04 3.1851144479e+05 3.1998101967e+04 -3.4083567183e+00 -8.8278526906e+01 5.1832996521e+01 -9.8873420379e+01 3.9744261656e+02 -1.1881641450e-13 6.6117971758e+01
1.0000000000e+00 0.0000000000e+00 1.0081113175e+05 2.7166480673e+05 4.7417623176e+04 1.0987625487e+05 1.1959808705e+06 1.6400622436e+05 -1.0006673710e+02 5.1395101531e+02 1.1285027635e+01 -2.1581663608e+02 1.0005679759e+03 -1.9069501299e-13 7.3292874297e+02
1.0000000000e+00 0.0000000000e+00 3.7957917714e+04 7.9094404053e+04 2.1370951768e+04 3.8754670171e+04 4.2032394359e+05 5.8920688780e+04 -6.0596587386e+01 2.8052190579e+02 8.0458325981e+00 -1.2072370991e+02 5.5371859810e+02 -1.3741586820e-13 3.6325010050e+02
1.0000000000e+00 0.0000000000e+00 2.0412067451e+04 4.1936602684e+04 1.6310875680e+04 2.1629071860e+04 5.4114560805e+05 5.5283599130e+04 -2.4526810672e+01 -1.8360856287e+02 7.2039525876e+01 -1.3514384353e+02 5.8189693998e+02 -1.1259002399e-13 -3.5792301627e+02
1.0000000000e+00 0.0000000000e+00 3.4865277364e+04 8.5980500435e+04 1.7944397152e+04 3.3215707244e+04 6.1687461449e+05 6.8499510436e+04 -5.7977514117e+01 2.8363081895e+02 8.0807577719e+00 -1.3212719995e+02 6.2787325220e+02 -1.5950732946e-13 4.3834773219e+02
1.0000000000e+00 0.0000000000e+00 1.3379473969e+04 1.3578666820e+03 3.6570900189e+03 2.8778743270e+04 5.2797581748e+05 5.0168404538e+04 -2.2438285315e+01 -6.6115956411e+00 5.2115374651e+01 -1.3622170939e+02 5.8665480868e+02 -1.2921223647e-13 -1.9316807230e+01
1.0000000000e+00 0.0000000000e+00 4.6396666682e+03 2.2231205431e+04 2.9910193865e+03 1.0647003818e+04 2.0306235552e+05 2.0861494872e+04 7.4171058265e+00 1.2370105707e+02 -4.2103697728e+00 -5.2257592433e+01 2.8732443220e+02 -1.1281088032e-13 3.0715399124e+02
1.0000000000e+00 0.0000000000e+00 1.7828943651e+04 1.0176326601e+05 6.0896860592e+03 1.6615484378e+04 4.4248780053e+05 4.4934393644e+04 -3.6286787700e+01 3.1445475167e+02 -8.3277494737e+00 -1.0894475921e+02 5.5451301336e+02 -1.4377554547e-13 4.7630682404e+02
1.0000000000e+00 0.0000000000e+00 5.7060603026e+04 1.0974915368e+05 3.8905283980e+04 5.2719401431e+04 8.2304472432e+05 1.0139748043e+05 -7.1594638727e+01 3.3112340146e+02 8.3277910191e+00 -1.6466381864e+02 8.1009981114e+02 -1.5746963427e-13 3.2647886904e+02
1.0000000000e+00 0.0000000000e+00 1.7917703208e+03 2.1148023084e+03 2.3590364094e+03 4.6393366290e+03 1.9992888568e+05 1.6666534833e+04 -3.0403156317e+00 5.4886065461e+00 7.4370510033e+00 -5.1979013494e+01 2.9774974266e+02 -9.4569922369e-14 -8.6396480668e+01
1.0000000000e+00 0.0000000000e+00 3.2358355235e+04 5.5724485510e+04 2.7511730363e+04 2.5176176743e+04 5.0346802574e+05 5.9863995383e+04 -5.1412901655e+01 2.3479556575e+02 4.0459849510e-01 -1.1248579860e+02 5.8094359895e+02 -1.3892411418e-13 2.1117017444e+02
1.0000000000e+00 0.0000000000e+00 5.8745885869e+04 2.8303316537e+05 3.8202855232e+04 3.5799921839e+04 5.7153594954e+05 8.5100280386e+04 -6.5835236249e+01 5.2513423897e+02 -3.8655304879e+01 -1.1919300966e+02 6.6282650426e+02 -1.6725479553e-13 8.0497550686e+02
1.0000000000e+00 0.0000000000e+00 1.1412401415e+04 6.1932510676e+03 6.7632277167e+03 1.5162378878e+04 2.6603462970e+05 2.7971476127e+04 -2.4677174080e+01 -5.2407403287e+01 5.0713142491e+01 -1.0179397625e+02 3.9787030182e+02 -9.7671105310e-14 -1.3868790016e+02
1.0000000000e+00 0.0000000000e+00 1.8047431293e+04 4.1632538886e+04 1.3434491793e+04 1.5850840556e+04 3.9997356771e+05 4.1920596101e+04 -3.9023664919e+01 2.0343269277e+02 -7.9537153736e-01 -9.6873437623e+01 5.0674179484e+02 -1.3514558579e-13 3.0736435464e+02
1.0000000000e+00 0.0000000000e+00 2.3240254155e+04 9.8387984138e+03 1.3037018634e+04 3.0464716338e+04 5.3929090315e+05 5.6154935396e+04 -3.4501708335e+01 -8.7852851719e+01 7.5032048863e+01 -1.4961988610e+02 5.8960703599e+02 -1.2507321397e-13 -1.5897782209e+02
1.0000000000e+00 0.0000000000e+00 5.7744613475e+04 1.0355071637e+05 4.0033023090e+04 5.2596347673e+04 8.0016721962e+05 9.9982608612e+04 -7.1317843929e+01 3.2148096605e+02 9.2259563659e+00 -1.6044815189e+02 7.8309383288e+02 -1.5977857922e-13 3.5522053966e+02
1.0000000000e+00 0.0000000000e+00 6.3478916075e+03 8.8800383596e+03 4.9270941017e+03 1.0399803562e+04 2.7561989386e+05 2.5804009707e+04 -7.7530918489e+00 -8.3231441632e+01 4.9842051703e+01 -9.6028605840e+01 3.8736522355e+02 -1.1196641372e-13 1.0104317991e+02
1.0000000000e+00 0.0000000000e+00 1.0988542613e+04 5.1549608514e+03 6.4017901349e+03 1.3757512528e+04 3.6469577196e+05 3.3764949952e+04 -3.0299596571e+01 6.1381051786e+01 2.6131629567e+01 -1.0114419705e+02 4.6735578132e+02 -1.1479350492e-13 -2.8938389827e+00
1.0000000000e+00 0.0000000000e+00 9.0129378303e+03 1.1834519177e+04 4.5696511060e+03 1.4513799226e+04 3.3864623644e+05 3.1895492545e+04 -1.5464941733e+01 -9.3612859468e+01 6.0694809956e+01 -1.1322376247e+02 4.4104525097e+02 -1.0727061409e-13 -1.6252700751e+02
1.0000000000e+00 0.0000000000e+00 6.8973727555e+03 1.9465500369e+04 4.7165770317e+03 5.0715827244e+03 1.5714338094e+05 1.5858926601e+04 -2.3792393339e+01 1.3844048554e+02 -3.1620223642e+00 -5.2217765440e+01 2.6949613718e+02 -1.0153769576e-13 1.5718058024e+02
1.0000000000e+00 0.0000000000e+00 3.9262398289e+03 4.0901740927e+03 3.2326313436e+03 1.1250024648e+04 2.3018386669e+05 2.2165036137e+04 4.3472801171e+00 -5.9284788894e+01 3.4345925988e+01 -7.5494298598e+01 3.3101907867e+02 -9.7740317310e-14 -4.2950614103e+01
1.0000000000e+00 0.0000000000e+00 2.2594272441e+03 9.0587994113e+03 1.4006164691e+03 4.9836546793e+03 2.2348773079e+05 1.8337160622e+04 -5.4178006773e+00 5.6874408502e+01 1.3774244871e+01 -6.5243890203e+01 3.0851603635e+02 -1.2327291356e-13 3.1610410110e+02
1.0000000000e+00 0.0000000000e+00 1.6238649866e+04 5.8019222624e+04 9.8538170300e+03 1.5734383250e+04 2.8708943966e+05 3.3542502090e+04 -8.9007306516e+00 -2.2828922394e+02 8.3039790031e+01 -1.0865510692e+02 3.6617481530e+02 -9.1332969495e-14 -4.3925794328e+02
1.0000000000e+00 0.0000000000e+00 2.3575207647e+04 9.0397406293e+04 1.9557332871e+04 1.2204568497e+04 3.1901004437e+05 3.9878194679e+04 -4.1692693521e+01 2.9870205115e+02 -2.4753999483e+01 -7.3351280092e+01 4.3208641020e+02 -1.3285259416e-13 2.3660432467e+02
1.0000000000e+00 0.0000000000e+00 9.7893478737e+03 1.6903445258e+04 5.8665310982e+03 1.9759970818e+04 3.4879121954e+05 3.5759907601e+04 -9.8692766733e+00 -1.2879008213e+02 6.0962726700e+01 -1.1318201571e+02 4.6492159385e+02 -1.1210461907e-13 -4.8416217760e+01
1.0000000000e+00 0.0000000000e+00 1.8045313047e+04 4.0444300655e+04 1.0890165316e+04 2.1763410681e+04 4.3773502414e+05 4.5978378252e+04 -1.4948908319e+01 -1.9094016041e+02 8.7398741930e+01 -1.3498404269e+02 4.8777390073e+02 -1.0519169732e-13 -3.5602334703e+02
1.0000000000e+00 0.0000000000e+00 2.3503518467e+03 6.4031388582e+03 3.0895652028e+02 6.2948641705e+03 1.8832698290e+05 1.5963191859e+04 -4.2251750874e+00 7.1388642241e+01 6.6986707054e+00 -5.6245644031e+01 2.8269468570e+02 -1.0277387132e-13 9.6792164088e+01
1.0000000000e+00 0.0000000000e+00 8.1179098498e+03 7.2305361880e+03 2.4654361518e+03 1.6208878960e+04 3.6303800965e+05 3.3167697258e+04 -2.4103780846e+01 8.1151249047e+01 2.9773658010e+01 -1.0593917259e+02 4.6170775541e+02 -1.2370223644e-13 7.8041997074e+00
1.0000000000e+00 0.0000000000e+00 1.8807751668e+04 4.9014925579e+04 8.5288940400e+03 2.3155021756e+04 4.7593659184e+05 4.8583160682e+04 -4.0875142426e+01 2.1401150722e+02 5.4071455387e+00 -1.0642716933e+02 5.2343644187e+02 -1.5026122914e-13 3.5958466790e+02
1.0000000000e+00 0.0000000000e+00 3.2095575286e+04 1.0839329771e+05 2.7940937029e+04 2.4720027356e+04 3.7246600562e+05 5.3637242359e+04 -6.5853053366e+00 -3.2540903807e+02 1.1517559574e+02 -1.4169820430e+02 4.5379044500e+02 -1.0234730211e-13 -3.1395563159e+02
1.0000000000e+00 0.0000000000e+00 9.0031394132e+03 1.1052296050e+03 3.5358731761e+03 2.3123466450e+04 4.3577068490e+05 4.1344748627e+04 -2.0957093221e+01 2.7215003248e+01 4.0383451999e+01 -1.2230395618e+02 5.4339863663e+02 -1.2462386274e-13 8.0688307764e+01
1.0000000000e+00 0.0000000000e+00 1.0868048310e+04 9.9228859716e+03 7.5960274661e+03 1.1359828433e+04 2.0428412081e+05 2.2642230967e+04 -3.1246719042e+01 9.1912899532e+01 1.4417197803e+01 -7.8834306801e+01 3.6999090641e+02 -9.9184976917e-14 3.0121687585e+01
1.0000000000e+00 0.0000000000e+00 3.6949751247e+03 1.8405364376e+04 2.2916822741e+03 8.6902743799e+03 3.3488109021e+05 2.8352022390e+04 -1.0634710000e+01 1.3413085322e+02 -1.3211169317e-01 -8.0857937583e+01 4.4579327945e+02 -1.2331349386e-13 2.4123845547e+02
1.0000000000e+00 0.0000000000e+00 2.2366836283e+03 4.3446019922e+03 1.3670079428e+03 2.9439940685e+03 1.9486876698e+05 1.5242251245e+04 -1.1304500038e+01 6.2426060751e+01 8.4541920265e+00 -5.3544201629e+01 2.5987369483e+02 -1.0293434394e-13 1.5457650801e+01
1.0000000000e+00 0.0000000000e+00 3.1541240778e+04 8.9320197202e+04 2.4455641526e+04 2.4847744631e+04 5.4441538440e+05 6.2814197228e+04 -5.0846813543e+01 2.9709560156e+02 -1.0547323104e+01 -1.1531361715e+02 6.2432474553e+02 -1.4404542760e-13 2.8686631498e+02
1.0000000000e+00 0.0000000000e+00 5.3855278651e+03 1.6847617203e+04 4.2596080059e+03 6.3132182360e+03 3.3248997145e+05 2.7887609198e+04 -1.7037980089e+01 1.1887080426e+02 8.2967903085e-01 -7.4155211285e+01 4.0579106796e+02 -1.2922732570e-13 2.8561371327e+02
1.0000000000e+00 0.0000000000e+00 4.8977019523e+04 1.9401432082e+05 4.0066728557e+04 2.9099299137e+04 6.6506042065e+05 8.4760339819e+04 -5.6551732928e+01 4.4040634909e+02 -3.1158437939e+01 -1.2301752834e+02 7.0280966223e+02 -1.5697732900e-13 4.5839997586e+02
1.0000000000e+00 0.0000000000e+00 3.6792916741e+04 5.2164922323e+04 2.3091552332e+04 3.9589954930e+04 6.4136117755e+05 7.3574735772e+04 -5.7909154151e+01 2.2817946186e+02 1.9926165132e+01 -1.4771463715e+02 6.9753310444e+02 -1.4287132527e-13 2.6938796894e+02
1.0000000000e+00 0.0000000000e+00 3.4057597509e+04 1.2791739450e+05 2.5995852062e+04 1.9471189512e+04 3.6906926363e+05 5.1162738502e+04 -5.0272379773e+01 3.5400598962e+02 -2.6178306938e+01 -8.9794707538e+01 5.1108560158e+02 -1.3674797467e-13 4.6490764533e+02
1.0000000000e+00 0.0000000000e+00 9.9188802383e+03 5.0659106647e+04 3.8455244818e+03 2.0466418346e+04 3.8312539281e+05 3.9187386236e+04 -8.0611281953e+00 2.1741240903e+02 -2.3015301343e+00 -9.6601968790e+01 5.0428749675e+02 -1.2064644346e-13 3.5868469153e+02
1.0000000000e+00 0.0000000000e+00 4.3130256982e+03 1.0556408913e+04 3.7203817204e+03 6.5787415550e+03 2.8506087739e+05 2.4273922622e+04 -1.3806870709e+01 9.5598865493e+01 -4.3014565460e-01 -6.7373271262e+01 3.8538828222e+02 -1.1278968651e-13 2.1139134382e+01
1.0000000000e+00 0.0000000000e+00 5.2215835519e+04 2.2854780832e+05 2.6360287510e+04 4.6494227312e+04 5.9513108179e+05 8.3722421194e+04 -6.7835859604e+01 4.7581081223e+02 -1.8538183349e+01 -1.3927896783e+02 7.0520676563e+02 -1.4194728759e-13 5.4154043085e+02
1.0000000000e+00 0.0000000000e+00 4.1232385900e+04 1.9775078454e+05 2.7667624111e+04 2.3546504937e+04 4.4587593573e+05 6.2346982633e+04 -5.6296001669e+01 4.4423027097e+02 -3.4137744323e+01 -9.9881293620e+01 5.6354819878e+02 -1.4387224505e-13 4.7200507700e+02
1.0000000000e+00 0.0000000000e+00 1.1169268089e+04 3.7445279856e+03 1.6783209066e+04 6.0212468705e+03 3.0170415306e+05 3.0435443052e+04 -1.5755175717e+01 5.0690914006e+01 -4.1422784102e+00 -6.3813273885e+01 4.1827808887e+02 -1.1004743450e-13 -1.6755961517e+01
1.0000000000e+00 0.0000000000e+00 1.0315428469e+04 4.8849486098e+04 3.9440584430e+03 1.4860377258e+04 4.7484901494e+05 4.2774670574e+04 -2.5400789440e+01 1.9872098330e+02 2.1555788536e+00 -1.0249314945e+02 5.2907509784e+02 -1.5447470074e-13 4.7382246787e+02
1.0000000000e+00 0.0000000000e+00 2.0670339446e+04 1.7157368933e+04 9.5060150315e+03 3.1257814766e+04 5.2215329430e+05 5.4200794502e+04 -4.1973760350e+01 1.3014046614e+02 3.5426996251e+01 -1.4038888588e+02 6.2104467468e+02 -1.2828581615e-13 1.1677530925e+02
1.0000000000e+00 0.0000000000e+00 1.7710238531e+04 6.6501609376e+03 1.3153432297e+04 2.1604219855e+04 5.3254202857e+05 5.1586873797e+04 -3.5521730236e+01 4.2770177644e+01 3.5525000294e+01 -1.2769019109e+02 5.9930780536e+02 -1.2787756006e-13 -4.0081610188e+01
1.0000000000e+00 0.0000000000e+00 2.7925338864e+04 1.4165753227e+03 1.6047814531e+04 3.6392415134e+04 5.0718771887e+05 5.7557341580e+04 -4.7508209174e+01 2.7866747038e+01 5.4847139953e+01 -1.4527854944e+02 6.0467486671e+02 -1.2708210451e-13 3.8478270381e+01
1.0000000000e+00 0.0000000000e+00 1.0469715163e+04 1.7356974604e+04 1.8449908004e+03 2.2838165168e+04 4.8572771619e+05 4.4650920783e+04 -2.5011931726e+01 1.1050943526e+02 3.2224605026e+01 -1.2734153259e+02 5.6829216996e+02 -1.3956088107e-13 3.3228096424e+02
1.0000000000e+00 0.0000000000e+00 6.3602761848e+04 2.6868400612e+05 3.4748291194e+04 4.9224029051e+04 5.3069591053e+05 8.6224466363e+04 -7.4874774151e+01 5.1409491358e+02 -2.6913826996e+01 -1.2727850948e+02 6.5005053428e+02 -1.5189650281e-13 6.5592736607e+02
1.0000000000e+00 0.0000000000e+00 8.7419195617e+04 1.2646755146e+05 5.5800169712e+04 9.6324761007e+04 9.4849886665e+05 1.3766332411e+05 -9.2924085805e+01 3.4653282706e+02 2.2795996610e+01 -1.9144742615e+02 8.8610011743e+02 -1.4891523160e-13 1.2193941196e+02
1.0000000000e+00 0.0000000000e+00 1.9043733064e+04 1.9301809077e+04 7.8947129157e+03 2.3465368354e+04 3.1989329004e+05 3.6484734950e+04 -2.8243474962e+01 -1.1493737771e+02 7.8913472083e+01 -1.2500107059e+02 4.1914028207e+02 -1.0047332522e-13 -2.7841747452e+02
1.0000000000e+00 0.0000000000e+00 1.6689299720e+04 3.5526747208e+04 1.2800649160e+04 1.9944692986e+04 2.8722855491e+05 3.5613280576e+04 -9.6960882875e+00 -1.8682102337e+02 8.3952427050e+01 -1.2381373024e+02 4.3173490946e+02 -8.7633404148e-14 -2.0356922195e+02
1.0000000000e+00 0.0000000000e+00 3.1185430543e+05 1.0899334850e+06 2.1848380649e+05 2.4023952470e+05 1.8034055370e+06 3.7803486561e+05 -1.6596100933e+02 1.0421944888e+03 -6.6132042365e+01 -2.4097732919e+02 1.2773665435e+03 -2.2568616390e-13 1.1495485389e+03
1.0000000000e+00 0.0000000000e+00 7.6811464582e+03 5.1107091335e+03 2.0622934557e+03 1.3995844883e+04 2.9003232118e+05 2.6978006312e+04 -2.1394762817e+01 6.5621219831e+01 3.3576985235e+01 -1.0243873442e+02 4.2522080760e+02 -1.0918139493e-13 1.4028112417e+02
1.0000000000e+00 0.0000000000e+00 1.1057697403e+04 6.7828788402e+04 9.4679569072e+03 3.6772205743e+03 2.5100459058e+05 2.5982358438e+04 -1.9364888789e+01 2.5762554944e+02 -3.1198954146e+01 -5.3519942711e+01 3.7028185103e+02 -1.2468888410e-13 3.9383422879e+02
1.0000000000e+00 0.0000000000e+00 5.8573850131e+03 1.5548844539e+03 4.7708701483e+03 1.5838849528e+04 3.5786390120e+05 3.3365419917e+04 3.1715381713e-01 -1.7366971099e+01 4.1111144728e+01 -1.0006290277e+02 4.2200061997e+02 -1.2075109946e-13 7.1053062667e+01
1.0000000000e+00 0.0000000000e+00 4.1209614294e+04 6.5980831947e+04 1.2323016306e+04 7.2418753371e+04 1.0364810051e+06 1.1103632370e+05 -6.0067429611e+01 2.5649513951e+02 4.2433890805e+01 -2.0380267982e+02 9.0952550351e+02 -1.6021471200e-13 2.9970826387e+02
1.0000000000e+00 0.0000000000e+00 5.5261042625e+03 1.2202862241e+04 2.6448071595e+03 5.5667974753e+03 2.2347513867e+05 1.9291895941e+04 -2.1689848878e+01 1.0918634706e+02 7.0287253355e+00 -6.4312820335e+01 3.0701297143e+02 -1.1827696785e-13 2.0164935043e+02
1.0000000000e+00 0.0000000000e+00 9.4106068819e+04 4.8094547648e+05 5.6864639990e+04 6.0805909516e+04 1.2021724549e+06 1.5665984692e+05 -8.3993152356e+01 6.8608025581e+02 -4.5929915768e+01 -1.7567530121e+02 9.7079792084e+02 -2.0693632537e-13 9.1130155926e+02
1.0000000000e+00 0.0000000000e+00 2.9101384841e+04 5.4741440745e+03 1.3550055632e+04 4.3435595187e+04 5.6051461188e+05 6.3452886628e+04 -3.5902967794e+01 -6.8293739458e+01 9.0153553862e+01 -1.7020891601e+02 6.1672201649e+02 -1.2725476486e-13 -6.2407791592e+01
1.0000000000e+00 0.0000000000e+00 1.2932867576e+04 6.7687705315e+04 4.4639524328e+03 1.0995143601e+04 3.2418803015e+05 3.2049560922e+04 -3.0418515767e+01 2.5629716133e+02 -5.0574980378e+00 -8.9371088047e+01 4.4473712838e+02 -1.3041980788e-13 3.9388663555e+02
1.0000000000e+00 0.0000000000e+00 6.0800510613e+04 2.2738768812e+05 3.3774495767e+04 5.1557310116e+04 5.3133061197e+05 8.4859430559e+04 -7.4941989108e+01 4.5994284509e+02 -1.7246005049e+01 -1.3064338294e+02 6.5053962413e+02 -1.6662661247e-13 8.3838177579e+02
1.0000000000e+00 0.0000000000e+00 1.7764807792e+04 9.7128204444e+03 5.1262601983e+03 3.1130910044e+04 4.7659699182e+05 4.8822969829e+04 -3.7701984964e+01 9.3272522848e+01 4.3413361597e+01 -1.3986261544e+02 5.9343754826e+02 -1.2619827105e-13 1.8249543329e+02
1.0000000000e+00 0.0000000000e+00 1.8464513355e+04 7.6734141384e+04 8.7982992987e+03 1.9371176784e+04 4.9037540051e+05 4.9330775980e+04 -3.8123866715e+01 2.7563040898e+02 -2.9128166546e+00 -1.1382954092e+02 5.8120419085e+02 -1.3120725428e-13 1.8404571162e+02
1.0000000000e+00 0.0000000000e+00 6.8362669155e+03 2.0964588582e+03 2.7397081289e+03 1.2317518135e+04 2.7268173443e+05 2.5195003603e+04 -1.9759238737e+01 -7.4297496490e+00 3.7962191808e+01 -9.5865844374e+01 4.0665725401e+02 -1.0249243050e-13 -8.5441518438e+01
1.0000000000e+00 0.0000000000e+00 1.8416441092e+04 5.5647005596e+03 9.3865974138e+03 2.6589178002e+04 3.3409584657e+05 3.8816056151e+04 -2.9580489755e+01 -7.1287891307e+01 6.8347135670e+01 -1.2824814066e+02 4.7658689331e+02 -1.1215422794e-13 -7.2769263030e+00
1.0000000000e+00 0.0000000000e+00 6.5043295739e+03 5.3220456789e+03 3.0294919868e+03 1.2054114910e+04 3.7338120862e+05 3.2133399639e+04 -2.0090339698e+01 3.7336821225e+01 2.7948397043e+01 -9.8723412797e+01 4.5712221487e+02 -1.1235583560e-13 -1.4453931996e+02
1.0000000000e+00 0.0000000000e+00 1.7657017207e+05 8.0517978193e+05 1.1471833781e+05 1.1798505031e+05 1.0632058611e+06 2.1414883173e+05 -1.2042666794e+02 8.8894223856e+02 -7.0400818594e+01 -1.7222967488e+02 9.5526120649e+02 -2.0139903213e-13 1.0823900895e+03
1.0000000000e+00 0.0000000000e+00 3.4201163721e+04 1.8105958852e+05 1.7450985184e+04 2.9633231592e+04 6.5568533546e+05 7.3981010269e+04 -4.9505154571e+01 4.2331704515e+02 -1.9730207381e+01 -1.2999614318e+02 6.8904981857e+02 -1.6519079974e-13 5.3362801973e+02
1.0000000000e+00 0.0000000000e+00 2.7115050949e+04 9.3440193485e+04 1.4574440785e+04 2.2626825173e+04 4.1420654250e+05 4.8996328626e+04 -4.9126848775e+01 3.0517451405e+02 -5.6147679165e+00 -1.0764944490e+02 5.3524239350e+02 -1.3787053739e-13 3.9296407297e+02
1.0000000000e+00 0.0000000000e+00 1.5512981870e+04 1.4899098904e+04 5.0566821681e+03 2.8226701694e+04 6.3064385107e+05 5.8097443993e+04 -3.1661565646e+01 1.1635083956e+02 4.2818244067e+01 -1.5010826613e+02 6.4915796843e+02 -1.4554487144e-13 1.5260222256e+02
1.0000000000e+00 0.0000000000e+00 1.7963837393e+04 2.9293103286e+04 5.5887200375e+03 2.6934430152e+04 3.9352594385e+05 4.2506099735e+04 -4.1325917045e+01 1.7011539444e+02 2.4819441149e+01 -1.2254554396e+02 5.3966822189e+02 -1.1837091197e-13 1.4601047453e+02
1.0000000000e+00 0.0000000000e+00 7.4013832502e+03 3.0717268114e+04 5.8973015696e+03 3.7447643818e+03 1.2911368618e+05 1.4439334520e+04 -2.0768935399e+01 1.7376223530e+02 -1.4722466167e+01 -3.9918674904e+01 2.3492337803e+02 -1.0180611771e-13 1.8617252646e+02
1.0000000000e+00 0.0000000000e+00 1.0939706832e+04 1.5373081661e+04 4.6709219302e+03 1.5835449458e+04 3.5021966955e+05 3.3490261288e+04 -3.0336034939e+01 1.1747027166e+02 2.2131638370e+01 -1.0564851464e+02 4.8201945089e+02 -1.2536282496e-13 2.6467112035e+02
1.0000000000e+00 0.0000000000e+00 1.3858429649e+04 6.4542786214e+03 4.0520209834e+03 2.9972240028e+04 5.6405707813e+05 5.3557273045e+04 -2.8178847177e+01 7.7356685218e+01 4.7498044326e+01 -1.4798941267e+02 6.3360054496e+02 -1.3065377249e-13 1.1877765339e+02
1.0000000000e+00 0.0000000000e+00 3.4421389203e+04 1.5240307691e+05 1.7563924720e+04 3.1064277989e+04 5.1889176888e+05 6.4058420583e+04 -5.3465025498e+01 3.8590977205e+02 -1.3883247572e+01 -1.2023191113e+02 6.1344496092e+02 -1.5503111813e-13 5.1957736706e+02
1.0000000000e+00 0.0000000000e+00 1.3269597451e+04 2.2320207392e+04 8.6771235309e+03 1.8185561906e+04 3.5179157367e+05 3.6729369876e+04 -1.4821304100e+01 -1.4348024659e+02 7.2695342809e+01 -1.2147993219e+02 4.5631581827e+02 -1.0865901819e-13 -1.4878689931e+02
1.0000000000e+00 0.0000000000e+00 1.6724634817e+04 1.8140132270e+04 9.0247797030e+03 2.2448266348e+04 4.9243433036e+05 4.8059541820e+04 -3.7657710087e+01 1.2493259009e+02 2.5258975216e+01 -1.2570661027e+02 5.9133648810e+02 -1.2048288672e-13 -4.0086797820e+01
1.0000000000e+00 0.0000000000e+00 6.8301980134e+03 2.6193111346e+03 4.3664483346e+03 1.2758565510e+04 3.7991570539e+05 3.3334080392e+04 -1.8003857943e+01 2.0930495987e+01 3.3056126426e+01 -1.0552791354e+02 4.8219925304e+02 -1.1170816516e-13 -4.1308583500e+01
1.0000000000e+00 0.0000000000e+00 3.0871123522e+04 1.0477989318e+05 1.5374377917e+04 3.8381643583e+04 8.2899616348e+05 8.4924816036e+04 -4.8634813937e+01 3.2094136446e+02 4.0585328513e+00 -1.5744256504e+02 7.9640370033e+02 -1.4775128297e-13 2.4443811522e+02
1.0000000000e+00 0.0000000000e+00 9.5099029392e+03 3.4969727189e+03 4.6510580598e+03 2.4465891158e+04 3.5670275080e+05 3.7232757830e+04 1.3882742814e-01 -4.4862255650e+01 4.2782303929e+01 -1.0272716629e+02 4.4942525341e+02 -1.0443297191e-13 -1.3616931771e+02
1.0000000000e+00 0.0000000000e+00 4.1183599068e+04 1.2646717228e+05 4.0091681704e+04 4.3689398914e+04 7.4924475594e+05 9.3689016617e+04 -3.7503947035e+00 -3.4944309797e+02 1.2859466547e+02 -1.8779200987e+02 6.9534880776e+02 -1.2199327723e-13 -4.2112852305e+02
1.0000000000e+00 0.0000000000e+00 4.1120679212e+04 2.3453683835e+05 2.0938343363e+04 2.8520331162e+04 5.6915429908e+05 7.1806703123e+04 -5.4564921190e+01 4.7654833832e+02 -2.9427864688e+01 -1.2064510636e+02 6.4918447254e+02 -1.6267373925e-13 6.4228548489e+02
1.0000000000e+00 0.0000000000e+00 2.7300870633e+04 3.9368147736e+04 8.5666538485e+03 3.7571770663e+04 7.4249589394e+05 7.2569880086e+04 -4.9977646194e+01 1.9378832904e+02 3.5486664496e+01 -1.6020490986e+02 7.0706923333e+02 -1.4545264149e-13 1.1116178783e+02
1.0000000000e+00 0.0000000000e+00 1.3660743950e+04 4.8657386885e+04 3.7531025035e+03 1.6195168137e+04 3.9608526538e+05 3.7988801984e+04 -3.4535162452e+01 2.1882947574e+02 8.2636459978e+00 -1.0427736020e+02 4.8713148011e+02 -1.3910859513e-13 3.3641989792e+02
1.0000000000e+00 0.0000000000e+00 4.4502783231e+04 1.0245921536e+05 2.4646430116e+04 4.5212639758e+04 6.5473422758e+05 8.0175127475e+04 -6.5300387760e+01 3.1831789599e+02 8.3084667927e+00 -1.4455181632e+02 6.8443038117e+02 -1.5860678557e-13 3.3806181001e+02
1.0000000000e+00 0.0000000000e+00 7.0997070597e+03 5.8398754145e+03 5.6875455715e+03 7.6617181521e+03 2.7245259472e+05 2.4530277561e+04 -1.9343905237e+01 -4.4108146784e+01 3.1548855901e+01 -7.9472144328e+01 3.6452617436e+02 -1.0734242760e-13 -1.1690923370e+02
1.0000000000e+00 0.0000000000e+00 5.0892112165e+04 3.4863856903e+04 2.4391324680e+04 7.2404429069e+04 6.3439601225e+05 8.7648823789e+04 -7.2468752704e+01 1.8572100345e+02 4.5548420126e+01 -1.7151825831e+02 7.2457374176e+02 -1.3471641677e-13 1.7233534351e+02
1.0000000000e+00 0.0000000000e+00 3.8202539769e+04 6.9831161569e+03 1.4499388366e+04 7.1429135820e+04 1.0009153152e+06 1.0621617150e+05 -5.4625673318e+01 8.1862051570e+01 6.8601333033e+01 -2.0798623532e+02 8.9838630540e+02 -1.4926542527e-13 6.8294368792e+01
1.0000000000e+00 0.0000000000e+00 2.5291111471e+04 8.9561887533e+04 2.3606277480e+04 1.2072177857e+04 4.6600041793e+05 5.1408945954e+04 -3.9412374610e+01 2.9836707657e+02 -2.4182952921e+01 -9.1113628751e+01 5.4808838418e+02 -1.4079769333e-13 3.1989928780e+02
1.0000000000e+00 0.0000000000e+00 1.7397990529e+04 3.6468160247e+04 3.1635301977e+03 2.9579197291e+04 5.0421909166e+05 5.0456696879e+04 -3.7330818622e+01 1.7873190819e+02 2.9419646215e+01 -1.3710500246e+02 6.0172917143e+02 -1.3123950707e-13 2.4374808135e+02
1.0000000000e+00 0.0000000000e+00 8.0834484156e+04 1.2934233210e+05 4.5000437590e+04 9.7936079325e+04 1.0690779059e+06 1.4198865210e+05 -9.0165859784e+01 3.5878851781e+02 2.5635230791e+01 -2.0510414944e+02 9.5070180155e+02 -1.6170865405e-13 2.9287284974e+02
1.0000000000e+00 0.0000000000e+00 1.5746778692e+03 7.1434040006e+03 9.0119315054e+02 2.1561708816e+03 1.3350331029e+05 1.0696251564e+04 -7.2973688405e+00 7.5202187368e+01 1.0233843339e+00 -4.2370583136e+01 2.2298263076e+02 -1.0090602308e-13 1.8159078128e+02
1.0000000000e+00 0.0000000000e+00 4.8295938932e+03 1.3693922918e+02 3.0031520028e+03 6.3453437856e+03 1.8036712020e+05 1.6302066783e+04 -1.8476604120e+01 4.9454311844e+00 2.2564111179e+01 -6.5568094930e+01 2.9255471726e+02 -1.0276719126e-13 4.7382815282e+01
1.0000000000e+00 0.0000000000e+00 2.1146996944e+04 9.9578890746e+04 8.4073357850e+03 2.1877937516e+04 4.3459639371e+05 4.7674254373e+04 -4.2073584986e+01 3.1260880582e+02 -9.0003959853e+00 -1.0825008707e+02 5.5551169471e+02 -1.3391594445e-13 4.2499829268e+02
1.0000000000e+00 0.0000000000e+00 1.0015067616e+04 3.9178162860e+04 6.5738875519e+03 8.8711538184e+03 3.1948406172e+05 3.0271879672e+04 -2.6260191342e+01 1.9695710782e+02 -5.5639840292e+00 -7.9447958553e+01 4.2491733642e+02 -1.2588530862e-13 1.8695388919e+02
1.0000000000e+00 0.0000000000e+00 6.4947093284e+04 1.6012900957e+05 6.0678003279e+04 4.1890559558e+04 9.0934872620e+05 1.1418390619e+05 -7.0054810488e+01 3.9995593375e+02 -2.2305233537e+01 -1.4692632184e+02 8.3655775631e+02 -1.7077361381e-13 4.7420500610e+02
1.0000000000e+00 0.0000000000e+00 5.4174322085e+04 2.5987832915e+05 3.3214040305e+04 3.6281461437e+04 4.7919192800e+05 7.5810886683e+04 -6.6166253746e+01 5.0855315223e+02 -3.7016967565e+01 -1.0668994345e+02 5.8046433549e+02 -1.5576251237e-13 5.4975871506e+02
1.0000000000e+00 0.0000000000e+00 1.9307439918e+04 3.4274515030e+04 7.6321845910e+03 3.0689387287e+04 6.4020443786e+05 6.1922870533e+04 -3.6600490599e+01 1.8057240194e+02 3.2046000802e+01 -1.4991772020e+02 6.6968180667e+02 -1.5598058062e-13 3.1702588614e+02
1.0000000000e+00 0.0000000000e+00 1.0064012404e+04 1.4665769848e+04 6.3766189979e+03 1.0966204182e+04 2.4299078447e+05 2.4776605869e+04 -2.9832247905e+01 1.1947960479e+02 1.0913774098e+01 -7.9823067085e+01 3.7881635587e+02 -1.1323503697e-13 9.8789677682e+01
1.0000000000e+00 0.0000000000e+00 3.3866311653e+04 2.4610935563e+05 2.0330597026e+04 1.2215535824e+04 5.1324966509e+05 6.0984343883e+04 -4.1327168911e+01 4.8895703177e+02 -4.9053548506e+01 -9.2645955804e+01 5.7760652848e+02 -1.6111426627e-13 6.4562914900e+02
1.0000000000e+00 0.0000000000e+00 6.1772308522e+03 1.3197384320e+04 2.5173899853e+03 8.0233230428e+03 2.1943257673e+05 2.0125068769e+04 -2.3045071051e+01 1.1085675762e+02 1.0266464121e+01 -7.2982783409e+01 3.4332060404e+02 -1.0929572128e-13 1.0874159646e+02
1.0000000000e+00 0.0000000000e+00 2.6954098400e+04 6.0887081338e+04 2.4252682097e+04 1.5330924782e+04 3.3797605766e+05 4.3131689345e+04 -4.3697463382e+01 2.4577999179e+02 -1.4094897984e+01 -8.0286752071e+01 4.4932239903e+02 -1.2814444901e-13 2.1097433857e+02
1.0000000000e+00 0.0000000000e+00 1.6261954106e+04 5.4345730044e+03 7.8933278136e+03 2.5071286604e+04 4.3600933926e+05 4.4334186540e+04 -3.6749934303e+01 6.2757825738e+01 3.9135640716e+01 -1.2291213999e+02 5.2934192476e+02 -1.2784399532e-13 -1.2955911848e+01
1.0000000000e+00 0.0000000000e+00 1.3841935655e+04 2.4854689660e+04 1.0731372670e+04 1.6052987874e+04 2.9235215133e+05 3.2778125253e+04 -1.1139768394e+01 -1.5721453457e+02 7.2204986586e+01 -1.1177982868e+02 4.0434730463e+02 -1.0449833570e-13 -1.6384401267e+02
