-3.491646050882231833e+01 2.333957903818629234e+02 -5.704372032072758891e+00 -9.251837496187943088e+01 4.868870162556323180e+02 -1.220703943526189779e-13
-6.553562144322390282e+01 4.191829978286746154e+02 -8.871051360620228365e+00 -1.329009045495893133e+02 6.420198958804054428e+02 -1.528496440397806156e-13
-1.237369710259492450e+01 -5.177611449428923152e+00 1.362667250742513403e+01 -3.694623650660349057e+01 1.648594102591387980e+02 -7.604053331412299461e-14
-3.022477469088927293e+01 2.206775540626776149e+02 -4.223271536887624467e-01 -1.036360871904008718e+02 5.371316458668330824e+02 -1.177261044204976873e-13
-6.338903184016451320e+01 3.806056861099549451e+02 -2.093377641191352723e+01 -1.158237434905665708e+02 6.328991186708116174e+02 -1.384525867455627734e-13
-6.413692834206085536e+01 3.480729629222057611e+02 2.435900831054802484e+00 -1.571700154496191715e+02 7.850149475168012714e+02 -1.473277545934465055e-13
-4.077967697216690368e+01 3.046263311799574467e+02 -2.182017734996518143e+01 -9.123539662321833532e+01 5.291594430471044461e+02 -1.356126589370086836e-13
1.995023611654098694e+00 -6.909036208160217996e+01 4.464378551569448206e+01 -8.835872523205976847e+01 3.587167174916623367e+02 -8.901088879851978938e-14
-4.025637549061580245e+01 4.686352363812008548e+02 -4.422460166445621610e+01 -8.342314349335435963e+01 4.995993306642455423e+02 -1.511291365423937098e-13
-5.894729993831180082e+01 2.592399725265206598e+02 2.340004598255649881e+01 -1.552039782910207464e+02 7.027724517508752342e+02 -1.486106490536045630e-13
-1.460612916634475944e+01 -1.903385029747361656e+01 1.147734309632252625e+01 -7.748727117692315858e+01 4.613826223048583302e+02 -1.100224723493319855e-13
-5.915701158126721992e+01 3.226966980743547424e+02 3.022231710887162137e+00 -1.445817333583515847e+02 7.152916498809458972e+02 -1.411038528800347352e-13
-1.069161617583494035e+02 7.642868305422508683e+02 -4.915137784229165163e+01 -1.770340992982386297e+02 9.430564444713082821e+02 -1.959421406360966299e-13
-5.775960615914835472e+01 3.870594904012367010e+02 1.057610769741860501e+01 -1.735772465048262063e+02 8.144712971826894545e+02 -1.769698087338935685e-13
-4.736824874996991497e+01 1.981217348338637407e+02 1.918793527870477433e+01 -1.312517910669996297e+02 6.136941210340010002e+02 -1.379496161025503287e-13
-2.552158827995273782e+01 2.170981030403035561e+02 -5.559265168417561576e+00 -7.768469749508476241e+01 3.982183053925895138e+02 -1.266531644781606604e-13
1.264064955188175077e+01 1.006558848850837222e+02 1.678541703576106059e+01 -9.359207490041887922e+01 4.475974595583442124e+02 -1.366860725235655404e-13
-5.800156254472537576e+00 -1.510217703143377435e+02 4.478018731360619853e+01 -8.297705098311250538e+01 3.819252925456753474e+02 -1.021488057045802110e-13
-4.356723667474064854e+01 -3.365528517929047325e+01 9.010005966507411301e+01 -1.968983119248771629e+02 7.710187750556390256e+02 -1.422932377638040668e-13
-3.186584850329002450e+01 4.157231668559876994e+02 -2.744504577070890861e+01 -9.405182621724725323e+01 5.024296373849256270e+02 -1.641449571525159998e-13
-3.580335208483069920e+01 1.887354630061126102e+02 1.699229007422081850e+01 -1.151602214473448385e+02 5.264875596550734826e+02 -1.308650840390980197e-13
-6.075971207338515256e+01 2.500547690722171694e+02 7.242267103315603194e+00 -1.377018806159771600e+02 6.954221602754810192e+02 -1.475763413214403054e-13
-3.891394788339993482e+01 4.000511956804670035e+02 -1.889548527737866834e+01 -1.086769075416670631e+02 5.574843641750725283e+02 -1.367544603584065730e-13
-4.135485257215520960e+01 2.710536917061424447e+02 -2.847361140036168248e+00 -1.025531994280571695e+02 5.083406090753638296e+02 -1.384949520674282866e-13
-3.921918453208686373e+01 3.159643619839722533e+02 -1.122782522514099313e+01 -1.323897745328726501e+02 7.296099347165428526e+02 -1.605928484194349881e-13
-9.059621589044296286e+01 6.398362309089590099e+02 -5.447918193440678181e+01 -1.469504610927424437e+02 8.664906952056960563e+02 -1.931915114415804741e-13
-2.314780274777427849e+01 5.951715169787333792e+01 3.994513990983062257e+01 -1.184136526074772888e+02 4.962941061048887263e+02 -1.304257365730340050e-13
-7.626473047614797451e+01 5.379395540239192997e+02 -3.267258171997836058e+01 -1.477353691549549239e+02 8.069520022611061449e+02 -1.779844834537832080e-13
-7.921859339834530545e+01 5.038197680880471125e+02 -6.147764503382805223e+00 -1.745608900255298863e+02 8.423905848793519908e+02 -1.687762110603037291e-13
-1.153348317841326747e+02 8.283892565586041883e+02 -6.245747464323995501e+01 -1.692045290669154554e+02 9.285512007024157128e+02 -1.944279235976702913e-13
-2.180715569835689394e+01 -9.370946318744546488e+01 6.387862992990511657e+01 -1.156309481733605509e+02 4.368937597864558597e+02 -1.089766925869324644e-13
-3.441862510316894941e+01 5.951787297181499525e+01 4.282255312451007967e+01 -1.243429582241344917e+02 5.177139477139685368e+02 -1.175719887694434597e-13
-2.876299400163108899e+01 2.147821105907959236e+02 -6.332880351635907346e+00 -8.508795265346002168e+01 4.546519093816164627e+02 -1.371960153021730842e-13
-4.806516401142680905e+01 3.254597264295197192e+02 -1.481099259389896616e+01 -1.047850114285938901e+02 5.600054800358134344e+02 -1.529037019410651860e-13
-5.992151510224898203e+01 4.645519497823111124e+02 -2.936448438950829853e+01 -1.176799117591561696e+02 6.376671529818180488e+02 -1.566090809997826619e-13
-5.654795170437932228e+01 3.567697838916761270e+02 -1.890139995997174438e+01 -1.245309346901470775e+02 6.959433691312592600e+02 -1.542435234947000608e-13
-5.624582115087116563e+01 4.195075373799730869e+02 -1.158541506084970507e+01 -1.454651885824756903e+02 7.436474686509714047e+02 -1.576383155735127373e-13
-1.155695853481881841e+02 7.438760091081236396e+02 -2.000318417834488471e+01 -2.220436393252207097e+02 1.073848098986871264e+03 -2.125977865696664037e-13
-5.260328878132212793e+01 2.421808671581944736e+02 -2.672529774133386216e+00 -1.249456221338974160e+02 6.790004911145800861e+02 -1.431684142546514493e-13
-6.260129179679719158e+01 3.245916669849392520e+02 2.262897044906034605e+00 -1.228437371187367120e+02 5.726209072928176056e+02 -1.355378504027097731e-13
-2.420197876382975721e+01 1.448932898743062196e+02 3.861084730785752761e+00 -7.879894002539506914e+01 3.984410713272068278e+02 -1.099517026945690025e-13
-1.632642819418306317e+02 1.084381418968317575e+03 -6.600372628809897435e+01 -2.504801462305828750e+02 1.309401144524071469e+03 -2.459594842536795029e-13
-3.954274393767511242e+01 2.964288904919235961e+02 -8.561335150187630916e+00 -1.033746503379827857e+02 5.318211930144485677e+02 -1.410321293531349297e-13
-1.283892396703010945e+02 6.942244715528938741e+02 -1.850718555135116006e+01 -2.310537839087493239e+02 1.161355243599190317e+03 -2.167023309846715275e-13
-4.378182076067499651e+01 1.308540509983237428e+02 3.294263546904054607e+01 -1.326934074320134584e+02 5.847063437801514283e+02 -1.327395241773471727e-13
-5.728378700944559654e+01 3.577920790578576771e+02 -9.131048365664257815e+00 -1.260559714384567656e+02 6.428233716587078561e+02 -1.493022578871281306e-13
-4.562627722333827052e+01 -5.394197927611967458e+01 6.816847131499206114e+01 -1.486226787962318951e+02 6.019506658318779273e+02 -1.139175485273916788e-13
-1.665838798256935149e+01 1.316634729547971574e+02 3.156876183039092609e+01 -1.471076824252549216e+02 6.898231216952312934e+02 -1.474553700765065556e-13
-1.995552846093494992e+01 8.846074621018948392e+01 1.666996644388325777e+01 -7.149871702860502864e+01 3.087746056122659866e+02 -1.033638956332178030e-13
3.825340632717080691e+00 7.790712518222551353e+01 -3.256459071423704721e+00 -4.077162701691297997e+01 2.376740017267909764e+02 -8.674811994743766185e-14
-6.329317234655778890e+01 2.352543781307463746e+02 5.732652968436887875e+01 -2.134190345070767592e+02 8.943483043184465942e+02 -1.554900110627670810e-13
-3.382733585693149081e+01 -1.934463106913342472e+02 1.029290282489483559e+02 -1.863684115448213845e+02 7.355345789819808715e+02 -1.196499002030210840e-13
-2.630645497850082393e+01 1.531526551089113184e+02 -5.205644786054470785e-01 -7.227847821920012450e+01 3.766123638778948362e+02 -1.125351226957018474e-13
-1.384733309211645214e+01 -1.521043383868856722e+02 9.261073791122765897e+01 -1.551691523410089246e+02 5.615073258094205357e+02 -1.142289151042667964e-13
-6.749492011083236775e+01 4.797761489563154669e+02 -2.399201826146799021e+01 -1.523513663690609690e+02 8.251304421863256948e+02 -1.621440903223317587e-13
-3.761581021022310978e+01 -2.617349664956343958e+01 6.824510239828325098e+01 -1.642753800456383999e+02 6.862672667775387936e+02 -1.303614802725931936e-13
-4.360778959429553225e+01 2.502590104969653737e+02 -9.119136457370865756e+00 -1.086003581638341871e+02 6.044881867025978863e+02 -1.359907816793973428e-13
-1.116431248334694537e+01 -1.130182604206318899e+02 8.131691713716526237e+01 -1.504963317307525585e+02 5.737280204256836669e+02 -1.133550341593763774e-13
-2.029429651785263644e+01 3.707195039493047375e+02 -4.033877892436064627e+01 -6.470132409374825500e+01 4.208486411920134742e+02 -1.347607903184470370e-13
5.203220169860606426e+00 -7.513931997335879487e+01 2.552419389514480841e+01 -6.362570931388467699e+01 3.194294769290803515e+02 -1.103166083097695931e-13
-4.212463526411793424e+01 2.150254923269619383e+02 -1.870099135220450348e+00 -8.484047547278049706e+01 4.242059425694059200e+02 -1.265413188341397910e-13
-5.006089215986676066e+01 4.985011606353280627e+02 -4.741659422687095571e+01 -1.057593347645130137e+02 6.482555212630244341e+02 -1.558252484139505072e-13
-3.333421209303617871e+01 2.246903210861306732e+00 4.638809101012142833e+01 -1.136307894622703003e+02 4.649688857536908699e+02 -1.247968853229855368e-13
-1.043355676724927434e+02 4.507116507472762805e+02 2.886979985340453325e+01 -2.392468275745853816e+02 1.091897588950834688e+03 -1.879043951109959956e-13
-4.364902109307545430e+01 2.159807368464700801e+02 4.484854844351797709e+01 -1.969840917780741165e+02 8.780080576193344086e+02 -1.642630356204446948e-13
-6.273105977769057517e+01 3.337295238337213732e+02 -1.854001449250614941e+00 -1.275864584899459970e+02 6.241711203105812729e+02 -1.485375740498691472e-13
7.046198762906701774e+00 -1.540210464666574808e+02 5.560695193149101812e+01 -1.052608737828926309e+02 4.645529853065585257e+02 -1.057896243139250905e-13
-3.842276085003016561e+01 7.836785341077127498e+01 4.370519651257051663e+01 -1.275692794623177093e+02 5.198824182827605682e+02 -1.263845820357706473e-13
-4.320962304012028632e+00 -2.080791466686389981e+02 8.289725493264249678e+01 -1.255109403902932712e+02 4.655442109131046209e+02 -1.000482879322111054e-13
-8.703638229408467097e+00 1.173366293124319810e+02 5.049590955361733080e+00 -7.885441612195508299e+01 4.114655260190756962e+02 -1.242455317514724110e-13
-3.419663805456953298e+01 1.261567089646429451e+02 1.926845563951441775e+01 -1.041411926981861598e+02 4.838474983618039573e+02 -1.241693322483106272e-13
-3.184792210265179691e+01 2.073201877829628756e+02 -2.093638605873491088e+01 -5.928436002758710544e+01 3.802616962388628394e+02 -1.106352621039337025e-13
-2.163634860030741791e+00 6.355750709698208567e+01 1.814822799322090319e+01 -7.762385961531528267e+01 3.587963817923441638e+02 -1.188101781853105770e-13
-7.953892009591568835e-01 -9.798203353224252510e+01 3.949268110780958096e+01 -8.058738016570565321e+01 3.607359859859710696e+02 -9.421626913791336925e-14
-5.040575347980013277e+01 4.279061786737066768e+02 -3.199756435075585159e+01 -1.143318435695860842e+02 6.589886693672535785e+02 -1.511256840270774704e-13
-2.686238613528680830e+01 2.840082612110315541e+00 5.813847077798486396e+01 -1.630964305523032749e+02 7.217768023090992529e+02 -1.344881083373286137e-13
-4.496941139088542627e+01 3.371901259617418987e+02 -2.396693473513767714e+01 -9.329070036057034088e+01 5.327844363685068174e+02 -1.507700529947008308e-13
-4.204700515825419416e+01 2.936055780535908184e+02 -2.328167458609899754e+01 -8.191957918218510315e+01 4.840028691623825807e+02 -1.338531817705440919e-13
-7.268623175127078895e+00 -4.166581296914217347e+01 2.952172649258660897e+01 -5.762946365672839022e+01 2.288746743319579195e+02 -9.090558188378159207e-14
-7.372173765192742678e+01 5.364465140229547160e+02 -3.524015433093737926e+01 -1.313749276377493800e+02 7.145158432833197821e+02 -1.615352131871924858e-13
-4.577410201964625003e+01 1.154710007866257087e+02 2.290916673263988201e+01 -1.400885351321765029e+02 7.100455183353089978e+02 -1.438084979563518848e-13
5.306720923999584727e+00 3.226886214476414949e+01 2.600622855544982404e+00 -3.695548376518939193e+01 2.080472376249879574e+02 -1.077338406467226869e-13
-2.916698202157455100e+01 -7.823562530582404406e+01 4.061610550847136381e+01 -1.231439870885785837e+02 6.251178515666874773e+02 -1.232535586016225939e-13
-3.644482353481549808e+01 -2.016358400723084401e+02 1.151615096522040034e+02 -1.852705673021552855e+02 6.557762387051335509e+02 -1.170431231236274523e-13
-3.394211424653057918e+01 1.785219331228345254e+02 4.616481913497317180e+00 -1.014437757077207465e+02 5.211047587580140998e+02 -1.301931124080374512e-13
-2.952392129432550050e+01 8.296058260964744591e+01 1.480822094501368369e+01 -7.870807287404713293e+01 3.732208296560830263e+02 -1.131457597772393584e-13
-2.724219833501506116e+01 3.444112574969332208e+00 6.446603221887681912e+01 -1.552780613293589056e+02 6.282148719774435222e+02 -1.356854327390994734e-13
-1.446636662669460671e+00 1.355883048303459937e+01 -4.036610105670264126e+00 -2.636019404418065548e+01 1.931172608479834878e+02 -8.250353545034588828e-14
-3.165023633029399619e+01 1.373458388449314498e+02 1.941276726558739441e+01 -9.655672730944358761e+01 4.237024790538018806e+02 -1.165552357466313670e-13
-4.303496700445066381e+01 2.314604730052779473e+02 1.708709427398747138e+01 -1.372805455341738252e+02 6.431681789562751419e+02 -1.491408063523469346e-13
-1.647039889335950136e+01 -1.264249198659192963e+01 4.061837057161221054e+01 -1.016320052192377545e+02 4.322329274290279386e+02 -1.115149566292396092e-13
-2.161992863166100065e+01 6.779431043045656224e+01 6.782996865591168323e+00 -6.495012025303107350e+01 3.433178364950118748e+02 -1.084360746996223877e-13
-2.661627579985581349e+01 2.125554354898433758e+02 -1.295989516682397458e+01 -6.797784231530758348e+01 3.837334342510177407e+02 -1.137038835104596982e-13
-2.840195117877107478e+01 1.272862560802127803e+02 2.751468128663895030e+01 -1.120037584666359010e+02 4.830241094446382704e+02 -1.180559882122633543e-13
-6.445476400152176488e+00 6.293425465842256017e+01 1.635545430369369413e+01 -7.871773118034705874e+01 3.780992342762188514e+02 -1.043959008191420775e-13
-1.043992625668230723e+01 6.052374944444221683e+01 -2.167246757840861626e+00 -4.388411055369217451e+01 2.644041707685978508e+02 -1.059525199542171319e-13
-4.947172545342288430e+01 3.582772757091734661e+02 -1.839879736255103637e+01 -9.984767919043726181e+01 5.256686698542401928e+02 -1.343947125921167798e-13
-8.304723674412009871e+01 5.035981853604251341e+02 -3.982947442245324821e-01 -2.064738947179213255e+02 1.020253551380415274e+03 -1.773006462092604473e-13
-2.875165468776941680e+01 2.148974520539895821e+02 -4.844122791156628693e+00 -9.230774711617188188e+01 4.935636193368909517e+02 -1.365862377339412333e-13
-3.997378891237210752e+01 2.173635433515998159e+02 3.314542128242635055e+00 -9.479197490794616954e+01 4.561599957194688386e+02 -1.266768195599117811e-13
-1.988037381572079809e+01 5.269336960657869895e+01 3.326911542660969445e+01 -1.001776859558369779e+02 4.215020021168020889e+02 -1.095368875500649893e-13
-2.673034007223813902e+01 2.016720110664670926e+02 -4.970819933786264855e+00 -6.614078931369665781e+01 3.281840192817488173e+02 -1.172746176422796031e-13
-4.935580692579156903e+01 3.967034940701159940e+02 -3.223141790854934641e+01 -1.186293284709295648e+02 7.123300588963880955e+02 -1.571193524895616065e-13
-3.948530222059086014e+01 1.862501665105296524e+02 5.400404834883913097e+00 -8.491533566102768305e+01 3.992759219618216093e+02 -1.117029507319632889e-13
-1.062296393386337883e+02 5.892872745007821322e+02 -2.873373882338035301e+01 -1.642232236502283058e+02 8.547859402555695851e+02 -1.703884418347686373e-13
-2.193564637467360612e+01 7.573188302253069537e+01 3.587113940116068278e+01 -1.361671749072938837e+02 6.298351787820487289e+02 -1.300349386599891388e-13
-4.756474054826895781e+01 2.651557195412822239e+02 -6.115747239959344883e-01 -1.001968854497114734e+02 4.825076202456748433e+02 -1.252610413151912771e-13
-2.286981808692711482e+01 1.836519284678370312e+01 4.515335146670285837e+01 -1.207082245691932201e+02 5.086083848162812160e+02 -1.220838374640989677e-13
-3.844062368334994773e+01 2.784746727014317003e+02 3.354828626295392358e+00 -1.392314205198818513e+02 7.097169454336481067e+02 -1.494471035476647343e-13
-4.436252987401391579e+01 3.428551916472561061e+02 -1.683345306057300661e+01 -8.745722498186725602e+01 4.436789295846091932e+02 -1.250732712884327796e-13
-1.073730826705432122e+02 4.801799232129461075e+02 2.090898892059459513e+01 -2.384165040226397991e+02 1.115663334606063472e+03 -1.915494978351940359e-13
-4.889387413015939643e+01 4.094085224320810994e+02 -3.127830738946541089e+01 -1.025301239780683744e+02 5.886419692076478896e+02 -1.494077132861743946e-13
-8.422828286168825684e+01 2.859145045777838163e+02 6.639149562598173304e+01 -2.427906274369337893e+02 9.964501577966231025e+02 -1.771285541928720423e-13
-2.778687996278003780e+01 1.368381074748969581e+02 1.442678802304648222e+01 -8.758966115235000416e+01 3.957471857967097435e+02 -1.286113428435776027e-13
2.500396255578756222e+00 4.239613540172008044e+01 9.290806254340747472e+00 -6.797240300709115957e+01 3.662446000536533006e+02 -1.003566513230332692e-13
-2.004871663672417625e+01 -1.843640239039385733e+02 9.683733475428967097e+01 -1.581430659501130549e+02 5.781396282777236593e+02 -1.168441197424313107e-13
-2.646564443137581080e+01 -5.705713809166194750e+01 5.014847767671122369e+01 -1.079093429523342849e+02 4.460228166913212817e+02 -1.003095790960255490e-13
-6.026218455617018321e+01 4.980582698601101015e+02 -4.266425081353103366e+01 -8.848538833998159703e+01 5.019901602497696445e+02 -1.424263319545411232e-13
-6.584902173855165586e+01 5.026815882351445453e+02 -1.509289022282545112e+01 -1.645477038845952507e+02 8.332412258076553826e+02 -1.724193681539092608e-13
-1.891538681874506977e+01 1.178666190574922723e+02 3.865283145308085366e+00 -5.516386805172154340e+01 2.593956140682234377e+02 -9.957556687470048921e-14
-1.710769421794701373e+01 -9.591390781023692114e+01 7.410972512758182518e+01 -1.435298926058355562e+02 5.605048751429987988e+02 -9.852721618338103608e-14
-5.035042400464869417e+01 2.167485814530425614e+02 1.881539176053585294e+01 -1.297670982619654012e+02 5.923995827053205403e+02 -1.253384793261950966e-13
-1.945930825955373322e+01 -7.265977288214085661e+01 6.149307855347517204e+01 -1.213942465679952392e+02 4.754470043143289217e+02 -9.763056417429811872e-14
-7.661060219199439025e+00 6.986744244398197168e+01 2.085055093031632012e+01 -9.820138092267121976e+01 4.751771473191537325e+02 -1.194815805394528290e-13
-1.283122330335224888e+02 7.415994105969604107e+02 -2.963470833961520867e+01 -2.216566273966629979e+02 1.134651797295382039e+03 -2.033050782952160695e-13
-4.624023088511356683e+00 -1.254063573793689201e+01 3.702298868537319265e+01 -9.285652009257553630e+01 3.962045373158224493e+02 -1.058610139675662522e-13
-5.023898385192899774e+00 1.096887426447055134e+02 -8.409871143224139090e+00 -4.283009121028874944e+01 2.611660257127827549e+02 -9.800875414153064630e-14
-2.222089765159432773e+01 1.151291501723166846e+02 1.387835335964954098e+01 -9.690870573092806239e+01 4.778815716371753410e+02 -1.294831528687422556e-13
-5.484181387827112530e+01 1.418116774323532070e+02 5.418032967002802280e+01 -1.938172889638796050e+02 8.514619588690529781e+02 -1.495042583919751110e-13
-3.558920260255058565e+01 2.702501918594043104e+02 -1.501123769079414672e+01 -8.980769532389389553e+01 5.012056570238352720e+02 -1.359394417646396622e-13
-8.456328625754220241e+01 5.110985436650811948e+02 -1.546260009723428830e+01 -1.656832763896723861e+02 8.370542223759043736e+02 -1.637658545248274130e-13
-3.982002114392854253e+01 2.123516170711779694e+02 5.838784969124222179e+00 -1.132106219417325264e+02 5.674957471942975644e+02 -1.239558248389319173e-13
-4.734498617661098585e+00 -3.171634957270592849e+02 1.118708900961649846e+02 -1.426136402645081205e+02 4.750607339957397812e+02 -9.353584510409301905e-14
-8.624977126493324420e+01 4.741786546147701529e+02 -2.862337733444408894e+00 -1.765329594604212957e+02 8.563936841718317510e+02 -1.900485629423112159e-13
-5.240364739643542435e+01 -3.139610773368605834e+01 8.961909676694286020e+01 -1.920137283654519536e+02 7.396008218682507049e+02 -1.229267118918237676e-13
-5.926848732868727865e+01 3.601798254108192054e+02 2.527487657562834755e+01 -1.986186635409059704e+02 9.083863810475457967e+02 -1.715996083535987504e-13
-3.452617154405008648e+01 3.094901312854576645e+02 -1.291598288585661969e+01 -9.745470358515815690e+01 5.103247071232760277e+02 -1.409185280989251586e-13
-3.494412336465291702e+01 2.761477072074441708e+02 -9.937932129093045575e+00 -8.404300800187706955e+01 4.255958598368613934e+02 -1.295341530737333850e-13
-3.255256818016047049e+01 2.303700555685626341e+02 -7.742605741075625048e+00 -8.028472433080894177e+01 4.199297899057029895e+02 -1.244861260679362325e-13
-3.272807541113559182e+01 1.619562589930098682e+02 1.082485997411014189e+01 -9.408578782449154687e+01 4.440307886748980195e+02 -1.183047626115649839e-13
-3.035014019568974675e+01 7.165568971206947424e+01 2.888071773874526471e+01 -1.051651778546798539e+02 4.692116514918254211e+02 -1.175365925070092136e-13
-5.646782762433709735e+01 5.092829914986204471e+02 -4.189276175048432549e+01 -1.012383726943196933e+02 5.745270961150309859e+02 -1.405603482422217446e-13
-3.425249160629945067e+01 1.027509202432293733e+02 2.419435854896094895e+01 -9.658143980623283653e+01 4.186679585107516459e+02 -1.087901739035688381e-13
-6.607937235359338501e+01 3.268147382259924711e+02 1.809498681060428327e+00 -1.496509986105238852e+02 7.541158851759767003e+02 -1.556354110221005814e-13
-7.680807439564333094e+01 5.694082991513703291e+02 -3.813621266629945694e+01 -1.232345300394024434e+02 6.541052685247442469e+02 -1.610445354127096205e-13
-7.143543500819784242e+01 4.295058262998850864e+02 -9.986619471007950111e+00 -1.369351355867925975e+02 6.686990275918875568e+02 -1.485724403365601033e-13
-8.239007552840950765e+00 -3.123978195941689933e+02 1.001808436897787971e+02 -1.249019999272433949e+02 4.274053996077460056e+02 -7.836497949100563170e-14
-1.107477737276576448e+02 8.953349420129195551e+02 -6.982004162205404896e+01 -1.761704763907974893e+02 9.733306341151441075e+02 -2.120335873474163096e-13
-7.971409510305029755e+01 3.988671947912498013e+02 1.416674894521332106e+01 -2.038698410156978866e+02 9.864288364102651485e+02 -1.817741376323200016e-13
-2.538111270502028916e+01 1.048302086250917711e+02 3.079142440520408641e+01 -1.229889510651940725e+02 5.523928579536784582e+02 -1.246969022063866910e-13
-1.501897349875758714e+01 1.359471028694156303e+02 4.606472880145931370e+00 -9.191313279983684481e+01 4.884101386332046104e+02 -1.193206521822669803e-13
-5.673646893498341370e+01 5.469642767406843404e+02 -4.622782451029966921e+01 -1.174903115237188871e+02 6.838568512781820345e+02 -1.712128099930479983e-13
-1.159483710791320910e+01 -1.106121681049037875e+02 7.309458052423423169e+01 -1.228534306981937476e+02 4.388152788120970058e+02 -9.573699121888953612e-14
-3.989760837138588645e+00 1.765953900090045181e+02 1.441728144637646758e-01 -9.270069788894151941e+01 4.924066684084779126e+02 -1.247385805363346244e-13
-1.708758620147069607e+01 7.295199538415950258e+01 1.242613300496268103e+01 -7.163907122186884635e+01 3.483253399469264764e+02 -1.079511766420724445e-13
-5.663956670606285826e+01 3.956560648030797438e+02 -5.307423006432394619e-01 -1.591386129634125268e+02 7.822646286781285880e+02 -1.626310107958603780e-13
-2.219009818706028270e+01 -8.217023371304938095e+00 3.805481128006648817e+01 -9.314693220414640962e+01 3.883635590667015549e+02 -1.162133604436325201e-13
-8.587661769789536947e+01 5.719088553753564383e+02 -2.355067662426822039e+01 -1.817840568124258027e+02 9.524095659197802206e+02 -1.759315539919502604e-13
-5.052372678581448184e+01 3.546629843035433964e+02 -3.648495307114926423e+00 -1.294140850724373877e+02 6.325622402336883852e+02 -1.476268587601825127e-13
-5.256869412436432043e+01 2.166427397085417113e+02 1.035380915158968484e+01 -1.156606223169532370e+02 5.518727138595126007e+02 -1.405376308426766529e-13
-4.737911405745227178e+00 1.852616634222308392e+02 -1.104794082282715628e+01 -8.769290629443129603e+01 5.240983951551193059e+02 -1.245610168862307718e-13
-4.180149595401581308e+01 2.962295085591593988e+02 -1.552207242604105274e-02 -1.122416125014996311e+02 5.368076619341381956e+02 -1.395227486907668521e-13
-8.831151950443097576e+01 5.388068113053712977e+02 -2.435697247148158340e+01 -1.556850184499930378e+02 8.064622981807395945e+02 -1.627431159701799376e-13
-6.080587915139454225e+01 4.318204574893746326e+02 -1.336365948878235343e+01 -1.361314160699645299e+02 6.832375174362150574e+02 -1.503958497241968073e-13
-7.500108911422825031e+01 5.952877040513193379e+02 -4.229239647541855618e+01 -1.364601492232399949e+02 7.506234327295347839e+02 -1.740240683694956063e-13
-6.269474731621694019e+01 1.172401332710801682e+02 5.786857390741426599e+01 -1.768595889467615905e+02 7.318903312964048382e+02 -1.309699586340993115e-13
-2.168777936403965612e+01 1.441632802756876117e+02 -7.053823808407474694e+00 -5.287990083924889717e+01 2.946819267083325826e+02 -1.094009993475781571e-13
-1.863430663404690080e+01 2.557537359261746417e+02 -1.052137084110825604e+01 -7.704298831519236046e+01 3.972749403594999649e+02 -1.235114832944682329e-13
-1.676100941290355024e+02 8.002361201922068403e+02 7.207404604046258711e+00 -3.170119304766101891e+02 1.496461252420044730e+03 -2.428597979458347510e-13
-2.779863649153998395e+01 1.712097911398178098e+02 -3.426657102081937190e+00 -6.993846349791165551e+01 3.662247738756565241e+02 -1.121017571377378302e-13
-8.868899388989319732e+01 5.063210380991343982e+02 -1.885781640594818143e+01 -1.628347218497904407e+02 8.431783929614174440e+02 -1.720525737078188328e-13
-1.176498125142426119e+02 7.050672697151420607e+02 -4.057134912536233884e+01 -1.835848244316663909e+02 9.756631811510906118e+02 -1.837518392279030797e-13
2.335707677665613158e+00 -4.836437357080238542e+01 1.895233732150157024e+01 -6.769582427285999415e+01 3.692195377600302209e+02 -1.060423076669271703e-13
-3.794605280833842897e+01 1.220097235052262334e+02 3.085773806667096864e+01 -1.320850340174485495e+02 6.004842757227554557e+02 -1.343259767348689542e-13
-2.241611918341004284e+01 1.206966591885169180e+02 1.145436336529531829e+01 -8.407842902868235058e+01 4.030650172824526862e+02 -1.232198816943354708e-13
-1.523667155171729171e+01 -6.441968767138266116e+01 4.304870215757659224e+01 -1.031813303849085628e+02 4.651563812959896609e+02 -1.038670156934834103e-13
-5.706780374676328194e+01 4.303594016519620595e+02 -2.709150314747603616e+01 -1.224111421803531385e+02 6.800567708082561467e+02 -1.628479493141199365e-13
-2.393313931572673781e+01 9.015314077039731444e+01 1.824396299598997118e+01 -9.721829946277824774e+01 4.703533699259400578e+02 -1.229138690091344612e-13
-2.243382973711636552e+01 2.389700942883540336e+02 1.529341090062594999e+00 -1.085942023101670202e+02 5.445012481417049912e+02 -1.477742942069922621e-13
-5.923113837907658308e+01 3.835163947351516072e+02 3.264687919582085041e+00 -1.581204457736447466e+02 7.600227709344744653e+02 -1.609067374960072055e-13
2.099526616123819522e+00 -1.406606990814978753e+00 3.131036213477399599e+01 -8.746181124333901380e+01 3.883603948269772559e+02 -1.129564434588619692e-13
-4.281117222310536619e+01 1.247171495662551166e+02 3.779763338530597849e+01 -1.342385395807215787e+02 5.684911325110859934e+02 -1.149264632762105032e-13
-7.280479691804244169e+01 4.343202935587299294e+02 -2.222371311563511398e+01 -1.216205438433349144e+02 6.406292436274102329e+02 -1.433588797337553113e-13
-6.361057039052136020e+01 1.061953537983829250e+02 6.048447992999261658e+01 -1.763794798518366349e+02 7.200203738418804278e+02 -1.363549894211786169e-13
-9.110652168249663418e+01 5.712621561538865080e+02 -3.596518525993531057e+01 -1.593157895588991551e+02 8.813998912987968879e+02 -1.724205741216794309e-13
-9.634152172669105951e+00 1.565101904896039855e+02 6.816581241676054503e+00 -8.593087933695154845e+01 4.189015836489056710e+02 -1.162579145874222169e-13
-3.776876362859193392e+01 5.438641324788181741e+00 5.611165682150040368e+01 -1.394468171550357170e+02 5.738604327747082152e+02 -1.303974693231912892e-13
-4.873178219701474490e+01 9.045063930985372735e+01 5.472349896403163427e+01 -1.747699883048247500e+02 7.577043319042647909e+02 -1.501449686874881325e-13
-2.413484327109772209e+01 8.708446218238461256e+01 2.188067280728007802e+01 -8.280420138283280096e+01 3.523964200300736707e+02 -1.005551416634488085e-13
-4.608322700677295103e+01 2.728017541642969377e+02 1.262940951023117320e+00 -1.257288619908494525e+02 6.365198854677145164e+02 -1.438204541035627387e-13
-2.321588734421912292e+01 1.365742558608230297e+02 -3.092427282320783455e+00 -7.732560819530750962e+01 4.392218155237317205e+02 -1.150062208573326744e-13
-8.814717950388310186e+00 1.212427409980189985e+01 2.426649227759413563e+01 -8.212351350398026284e+01 3.876648261631276569e+02 -1.035911820955763351e-13
-3.972442690878913396e+01 9.973092520724262044e+01 3.341859991132031382e+01 -1.332072327863681380e+02 6.080024033963198917e+02 -1.248270870595928094e-13
-2.288589532050171726e+01 2.231297600613905274e+02 -1.279343424434714827e+01 -7.035485310922290125e+01 3.908692833790847203e+02 -1.165645319120055595e-13
-2.337587430518540899e+01 8.032941571076852938e+01 8.990459701461796627e+00 -6.208888278452616305e+01 3.007135861634704952e+02 -9.633718018440390990e-14
-9.059044512413281325e+01 4.707383932601422885e+02 -1.143371130991064533e+01 -1.519884440568677064e+02 7.488485514720622405e+02 -1.507572694995345299e-13
-9.618177141360128246e+00 -1.759246686106567026e+01 3.577367953992177974e+01 -8.750113133440891033e+01 3.719234365505084838e+02 -9.712637117793467256e-14
-7.640217082940436910e+01 4.167764312965392151e+02 -1.206584901439800817e+01 -1.477023381996285138e+02 7.637757997070723377e+02 -1.634516243832182887e-13
-2.557398721016045329e+01 2.536550102663120754e+02 -6.183469742086412424e+00 -8.748800274394150733e+01 4.412372764534193834e+02 -1.237844922372841629e-13
-3.621283650661415976e+01 1.687078173104386281e+02 2.363124235411576635e+01 -1.312108442258764285e+02 6.065755112612137054e+02 -1.308870393670062092e-13
-4.271659130595930520e+01 3.930243053084446387e+02 -1.322769886468888778e+01 -1.275292673948965785e+02 6.530702107013224804e+02 -1.526777935733226983e-13
-5.437803711034838017e+01 4.589124229371152524e+02 -1.635848674792095991e+01 -1.434446300044642157e+02 7.316714796102073706e+02 -1.738262513916656299e-13
-3.492174580116642346e+01 4.505423823340071863e+02 -4.402754115633083387e+01 -7.987711550038231678e+01 4.878044752976391578e+02 -1.604433495692072866e-13
-2.100581984904263777e+01 1.159115828045241443e+02 2.086244445189024788e+01 -1.046293943220783120e+02 4.844490250803223148e+02 -1.356850859576492150e-13
-3.690402695570542591e+01 2.365288057879992891e+02 1.003698413793163047e+00 -1.126295772071290884e+02 5.767955611549891728e+02 -1.414253350535974033e-13
-2.757465793955300271e+01 7.305321665673757536e+01 1.995965019082996861e+01 -8.871643681670801129e+01 4.147770050720549762e+02 -1.060799641471944345e-13
-1.029451855794464308e+02 4.741615378543307884e+02 7.130756944427226962e+00 -1.915245419319590781e+02 8.931456555462409597e+02 -1.690392483240632912e-13
-3.302434160449457590e+00 3.971158187267533179e+01 -6.634343883272979525e-01 -4.698109883158923594e+01 2.908948858805350142e+02 -1.081413136834976173e-13
1.317979546311023986e+00 2.610806174049931627e+01 -4.104209725182750290e-01 -2.882060233767695934e+01 1.771868376012891702e+02 -8.764339312648765586e-14
-3.073971807843919990e+01 2.123522897087018748e+02 -5.031544110682943938e-01 -8.529873400020197494e+01 4.204919185765452312e+02 -1.211614000406369501e-13
-1.201144706529229467e+01 9.658145403359957015e+01 2.870028752669981920e+00 -7.008446265992080271e+01 3.817410764115559800e+02 -1.123297749071876325e-13
-1.281562986779135116e+01 6.835639877938540110e+01 2.315764965266650677e+01 -8.631133623642901398e+01 3.815654486845356814e+02 -1.097059420072785155e-13
-3.373763875092178210e+01 -2.501038782278445467e+02 1.173812842800700906e+02 -1.818215350004008144e+02 6.540114376683700357e+02 -1.108236352983098939e-13
-3.000874163091785007e+01 1.029281869366915174e+02 3.058966960799277768e+00 -7.155857280799766329e+01 3.857722474982517156e+02 -1.066413648292970517e-13
-1.014743488797495097e+01 -4.496305083085290732e+01 2.353052134531563411e+01 -6.672714945491985361e+01 3.308625564348199077e+02 -1.085014982746177409e-13
-3.173861066812017384e+01 1.471116299471635580e+00 7.311734777466735125e+01 -1.717689273831343826e+02 6.850849157621905761e+02 -1.360616878145992109e-13
-2.129363021757319530e+01 8.741669624729939869e+01 2.140968484857777554e+01 -9.466239981629722422e+01 4.348929456923663679e+02 -1.304742837379099480e-13
-1.681903889358991933e+01 -1.324302362677910025e+02 6.632470275307862551e+01 -1.021187193638763944e+02 3.588545976021968613e+02 -8.936424500673825725e-14
-3.759937213769789111e+01 2.706668645772583091e+02 -7.244520227628038711e+00 -1.073775764037146985e+02 5.692418147295663857e+02 -1.466630056139448315e-13
-1.738158705144423521e+01 3.486178885023779372e+01 1.778675241958414333e+01 -7.557583626172791469e+01 3.684511630278900611e+02 -1.074501834257132785e-13
-5.871982512471723226e+01 3.621414922147575908e+02 -4.940919298521276204e+00 -1.477875690814568657e+02 7.588692328886417044e+02 -1.609869836483189083e-13
-5.036180271166956146e+01 3.929365373566254789e+02 -3.463060050613037788e+01 -8.829716317581031149e+01 5.265558373524432909e+02 -1.400486197060038494e-13
-2.456748624010931792e+01 2.276232714024263259e+02 -1.376984132225716984e+01 -7.667289551315381857e+01 4.362981489911601329e+02 -1.223096785504230198e-13
-5.989095972263653067e+01 4.453352697280475354e+02 -3.642941800581757406e+01 -1.089954417891500640e+02 6.386974509357009993e+02 -1.531248541148841031e-13
-3.558879312307714482e+00 -3.328125459974435074e+01 1.153062328915759949e+01 -5.241577651911534019e+01 3.029659470190379125e+02 -1.039261543173670884e-13
-7.876463832721942993e+01 4.606047535556427874e+02 -1.021833142301858111e+01 -1.473474940068872741e+02 7.173115953987837656e+02 -1.581120863726278875e-13
-6.917271507879165426e+01 2.032191029814965759e+02 4.924725774627496122e+01 -2.192150829891806438e+02 1.008660286732354962e+03 -1.647701676705048246e-13
-3.707133618885390280e+00 -1.174755093451539096e+02 6.459277444870797069e+01 -1.082855271712557084e+02 4.004144455324839669e+02 -1.015753456990684339e-13
-3.952245428755036727e+01 -1.827643146105336314e+01 5.872291093293988951e+01 -1.461204634758740042e+02 6.194341821537814212e+02 -1.247689267296847369e-13
-3.232170520877453868e+01 2.222066482232158933e+02 -7.563146216865119342e+00 -8.262179459415439453e+01 4.404961075304173619e+02 -1.234239256453614137e-13
-2.832517677782226073e+01 2.436853297257019335e+02 -5.833180020584787240e-01 -9.610874013258417392e+01 4.706343434441344016e+02 -1.323298328971642450e-13
-5.732004117993611203e+01 2.546617633722199514e+02 2.648305596826779507e+01 -1.598538883055054214e+02 7.176412148127841419e+02 -1.446047942242458090e-13
-4.565214342686910953e+01 3.324185039939860076e+02 -2.632340441999684089e+01 -8.622218011479220934e+01 5.038760061039281481e+02 -1.263803201210153832e-13
-7.414310238317276536e+00 -6.739476798989581141e+01 3.711489649429978499e+01 -7.805756229163496585e+01 3.364699116860106187e+02 -9.166315351395387762e-14
-6.087293614968532296e+01 2.435621637504345358e+02 2.878716068479322487e+01 -1.567780410957122683e+02 6.903589520325067497e+02 -1.455644359946943076e-13
-9.576450238783458246e+01 7.195766499099628390e+02 -6.537865342507529931e+01 -1.332035718415700671e+02 7.852765082179195133e+02 -1.793567150748211946e-13
-1.002630434988710277e+02 5.488919829904843937e+02 -1.769238141814824772e+01 -1.815607070964648528e+02 9.302903627280207957e+02 -1.796609158089659096e-13
-5.830357109469707666e+01 3.430821232734139130e+02 -8.244115257536808627e+00 -1.224444084945428557e+02 6.236780999280683773e+02 -1.364473389840464758e-13
-2.170860772781742298e+01 -1.028311060745215997e+02 6.185387149317526934e+01 -1.264348062022958317e+02 5.292142089396772917e+02 -1.212392467059356887e-13
-3.060093896570319671e+01 1.983712132560497707e+02 -5.772821889057959233e+00 -5.929274783048569475e+01 2.897130094733356032e+02 -1.008657300932671533e-13
-1.663895340027457692e+01 9.585467563888830966e+01 2.222054597382739516e+01 -9.638270802118370284e+01 4.350550351064238157e+02 -1.077372528987598122e-13
-7.821201288727716872e+01 5.815084863369914956e+02 -4.560558785311341268e+01 -1.326500685419841261e+02 7.563786745554872368e+02 -1.855053291931156343e-13
6.561907654658572397e+00 1.225009119393274659e+02 -1.059182415812225564e+01 -2.645504318407402167e+01 1.556381140764314637e+02 -9.360703893090606002e-14
-8.029538610191914927e+01 2.235955887144498604e+02 4.264200189499894833e+01 -2.026357832435728028e+02 9.245455060910510383e+02 -1.594504587929030012e-13
-3.107666881298889905e+01 1.529191795881546057e+02 5.661908467882188489e+00 -9.439603840420676306e+01 4.858544509134696341e+02 -1.233102026473624658e-13
-3.513826690681303688e+01 1.293560397536439268e+02 2.372666145198419940e+01 -1.157266915425998093e+02 5.308092838644255380e+02 -1.166578368325174679e-13
-1.643127028142394508e+01 4.650428547703894822e+01 2.230190849072980086e+01 -7.161821343849993582e+01 3.043418737676679484e+02 -9.668662962322288207e-14
-4.772663958752247737e+01 2.817020765833553853e+01 6.602052309008955433e+01 -1.691771914997935653e+02 6.935080690980597637e+02 -1.404774471862543104e-13
-2.134235658064669394e+01 9.367888620552936629e+01 3.052055058677441224e+01 -1.044428579068885057e+02 4.376465105578790258e+02 -1.229004887268338192e-13
-8.584638485549628939e+00 -1.207542713271513009e+02 4.410780342582050650e+01 -8.426320778450153171e+01 3.726186936330898902e+02 -9.548671040048922411e-14
-3.067569795690457468e+01 3.218168416948614663e+02 -1.282967092269250031e+01 -8.993242269069207850e+01 4.501327544827108795e+02 -1.364836185829724069e-13
-2.620073426115016346e+01 -6.578045798042022341e+01 6.611041748069756352e+01 -1.345429852696539683e+02 5.291916982843878259e+02 -1.169593633650454553e-13
-1.076332318588061376e+01 -1.010736758269889464e+02 3.859753207611625925e+01 -7.302981432278195939e+01 3.179380346206375521e+02 -9.526371468493420144e-14
-6.026352880078687413e+00 -1.441766242452112579e+02 6.856791837635191200e+01 -1.204594413653534843e+02 4.764210885422167507e+02 -1.145367042773235058e-13
-2.118564412514853146e+01 1.131213402990515817e+02 2.414479477013149733e+01 -1.030343241248213104e+02 4.547402869365174070e+02 -1.176386497905620944e-13
-3.699599202842094314e+01 2.705404306826333141e+02 2.724965944232606851e+00 -1.218431078984916383e+02 6.026888859527136901e+02 -1.384464234810551801e-13
-2.538026527723576464e+01 2.413272392500718411e+02 -2.521956781990197527e+01 -5.591103499607852001e+01 3.600215816991603788e+02 -1.266175211400633068e-13
-6.546537400200291756e+01 3.251127675392776837e+02 -1.214010686320142085e+01 -1.176026842866873068e+02 6.293149689600531929e+02 -1.347748759698479397e-13
-7.525155435821413441e+00 -3.944830583696168702e+01 3.645250399286262422e+01 -6.921747829485640580e+01 2.607281609905444952e+02 -9.143869273958584635e-14
-1.680854796340565827e+01 6.462017304431041964e+01 8.437329124668515590e+00 -7.320464504550778884e+01 3.905443192634343745e+02 -1.045972484831026914e-13
-4.209158566601039553e+01 1.412518685783302885e+02 2.626424061120620834e+01 -1.277010922816336063e+02 5.862988592893926807e+02 -1.337232030600595980e-13
-8.855320810840930790e+01 1.744624013656288071e+02 8.826727424789604015e+01 -2.612560433466397285e+02 1.062361820047884521e+03 -1.585504373739782118e-13
1.815751374999832857e+00 -1.149272898435845605e+02 7.544042190846401752e+01 -1.483009541898615566e+02 5.980367909447086276e+02 -1.293060494924999031e-13
-1.565460004977764363e+01 -9.074548011166439210e+01 6.671643676734170469e+01 -1.241455279814515933e+02 4.737685579918115764e+02 -1.104358309460877251e-13
-5.287834239080615362e+01 2.504680290908809468e+02 2.794222094687851765e+01 -1.624067526725937967e+02 7.285364874964927822e+02 -1.378756324343867679e-13
-1.908772277992521893e+01 -2.488786018728289662e+02 1.150586603329520159e+02 -1.590260970339215589e+02 5.147436827754695514e+02 -1.073894219206936174e-13
-6.290537566592904994e+01 4.202281425048544179e+02 -1.854819005258641695e+01 -1.338795374365807049e+02 7.098538613962209638e+02 -1.522555832865607474e-13
-1.070476799244738686e+02 5.917695372019039723e+02 -3.377009159276628036e+00 -2.058699876926496870e+02 9.704315853306408144e+02 -1.954853751401077946e-13
-1.717473254545054218e+01 2.150771449401396040e+01 3.079821401776084144e+01 -8.527705919130471557e+01 3.601005517890990859e+02 -1.022918413768397272e-13
-1.337532639764140718e+01 -1.267438565519170623e+02 6.742082209733565890e+01 -1.252678312017539355e+02 5.032773076001763002e+02 -1.108188354821083818e-13
-6.704667791928834220e+01 4.148671636853500218e+02 -1.135174883944882041e+01 -1.449666445815243492e+02 7.422113141742817106e+02 -1.548308096303928930e-13
-6.669517021439776272e+01 3.567460120918608482e+02 -2.790813710530641867e+00 -1.562320931631301164e+02 8.058294084222748097e+02 -1.563120921678599267e-13
-2.395510708285269175e+01 1.375715379598112804e+02 2.258753230326186667e+01 -1.051532709311840392e+02 4.609827703026123231e+02 -1.169347262648852621e-13
1.669978766033159756e+00 8.902931475847560705e+01 1.471456693678472583e+01 -9.123365629548227673e+01 4.535663156888670073e+02 -1.160768463104679309e-13
-5.813243963695780536e+01 2.635526580677670836e+02 3.623429529543162886e+01 -1.780894336493511787e+02 7.712001650555324659e+02 -1.610950124631389041e-13
-3.528978829580416487e+01 2.459834751461605720e+02 -1.476295354539326699e+00 -9.139867535175531543e+01 4.430017228239853466e+02 -1.356679122745313839e-13
-4.419689908525158017e+01 3.282369409433950977e+02 -7.673960104118002334e+00 -1.428705581840889920e+02 7.682672153795167560e+02 -1.659297710927441455e-13
-7.245920016042572342e+01 4.497034247224825094e+02 -2.702968645513634272e+01 -1.445655838023617150e+02 8.143757722499639158e+02 -1.635779822898275400e-13
-2.105616472586059018e+01 2.366446093327753530e+01 3.496265158083542701e+01 -9.464403752039774531e+01 3.947970097927353663e+02 -1.062016723039328281e-13
-5.681059838462729061e+01 4.981357553613366349e+02 -3.161430157822797327e+01 -1.412727643882724635e+02 7.859985324269998728e+02 -1.664820587262670608e-13
-4.799979540782402410e+01 3.152142471966758990e+02 -3.264235422657330332e+01 -1.254036339356924969e+02 8.204456247632862187e+02 -1.569386558794890646e-13
-7.507010456343826377e+01 4.396999114094019205e+02 7.150863157201833964e+00 -1.727998467411803460e+02 7.924791994856768724e+02 -1.608804341950580663e-13
-2.602735642822521456e+01 1.027576767200302612e+02 1.783326321339581710e+01 -9.091973474477350692e+01 4.213695451592875543e+02 -9.828128937645527888e-14
-4.011483216253096629e+01 1.860580497837677854e+02 1.893267268991228747e+01 -1.231506597950168640e+02 5.697398663764619187e+02 -1.291730284319279564e-13
-5.057244589373699029e+01 1.840036494264101918e+02 2.717206659164528659e+01 -1.474442288605422107e+02 6.817671721018426751e+02 -1.497790062996164992e-13
-3.578095669361413655e+01 1.565728697532196634e+02 5.639460942175806935e+01 -1.860535729913330840e+02 7.742174748903137242e+02 -1.413606032542841901e-13
-2.163569282264711546e+01 2.016695613863696508e+02 -5.349443019416018075e+00 -8.394493614705102402e+01 4.503091057753140376e+02 -1.217308707155427941e-13
-1.928091755754033798e+01 9.945016507941646466e+01 2.034112765230053910e+01 -8.242344327084765609e+01 3.506085246950531769e+02 -1.058387571361843743e-13
-1.528483145815248747e+02 9.334107716035146041e+02 -3.981037952476508934e+01 -2.735934737081142316e+02 1.407955433283350658e+03 -2.407928096743472256e-13
-4.569501959116610834e+01 1.417398973233879360e+02 3.684943247808818967e+01 -1.639124246566232443e+02 7.615439200601289258e+02 -1.498879715173813273e-13
-3.673054972341514457e+01 3.735635670725309865e+02 -4.020881440528891915e+01 -6.597487027066964060e+01 4.264857506985716213e+02 -1.382514374297300007e-13
-3.033128915045421081e+01 1.137936289171351092e+02 4.027129929025207389e+01 -1.463168771480236217e+02 6.418735887044414312e+02 -1.323746489547611977e-13
-1.220271161376226132e+01 -6.897148652115777168e+01 4.792340551828927886e+01 -1.412400576463715538e+02 6.931284509767160671e+02 -1.312387577274705576e-13
-1.443752819218153149e+01 2.623895905253534124e+02 -1.356094153697626403e+01 -7.669265851127552480e+01 4.095201989960817741e+02 -1.336379473419261895e-13
-2.896792447865759712e+01 2.487069690275405662e+02 -5.322521889916442817e+00 -1.056245053929835649e+02 5.612896995176786277e+02 -1.341274889625860024e-13
-3.432794345965206162e+01 1.377259434443981831e+02 8.579827714310679809e+00 -8.174200498019101246e+01 3.932553332742439807e+02 -1.032878144021953904e-13
-3.898804775908247677e+01 3.331966565760800449e+02 8.860495546957825042e-01 -1.374075986004560548e+02 6.730284796596459955e+02 -1.598783245550624704e-13
-1.412970266175228318e+01 2.261652569612165848e+02 -1.032897721685619175e+01 -7.333787313549306930e+01 3.928959189918921879e+02 -1.117850282099582029e-13
-9.202103868531001041e+00 6.516973053448272424e+01 -2.531666183034229967e+00 -5.231152759103948569e+01 3.199797385861027692e+02 -1.009540136995684441e-13
-1.638512481176437419e+01 1.785092864748206409e+02 2.828916860602767702e+00 -9.778934877078336285e+01 5.080024781899361415e+02 -1.213964340289046623e-13
-1.494889329542680478e+01 -2.376159374765725829e+02 8.699315677711997807e+01 -1.252091354317781793e+02 4.589888540519041840e+02 -9.259113547895252254e-14
-6.098764592483727398e+01 2.919076268069615026e+02 1.109995272386351539e+00 -1.115172590872037972e+02 5.279030219800723671e+02 -1.402312558175588892e-13
-1.262159496323847208e+02 8.616073521113939933e+02 -4.390919774838688738e+01 -2.302575989923583961e+02 1.195694551627406099e+03 -2.110659008394528491e-13
-5.900100302643728156e+01 1.007960761718006637e+02 5.533820667224593137e+01 -1.737903706965785204e+02 7.395691194030104043e+02 -1.331906708179062881e-13
-5.629585501144752158e+01 5.281350476869810109e+02 -4.670019087461140828e+01 -1.082347466099991635e+02 6.385091701318198147e+02 -1.533791105908948549e-13
-2.404074723009452441e+01 -1.389489269073190769e+02 7.064790622835177203e+01 -1.198517313354214338e+02 4.551591074983277849e+02 -9.823076843817681821e-14
-4.278705048311325498e+01 1.627431941866464911e+02 2.596436533008262515e+01 -1.374351021512518116e+02 6.378545416831107104e+02 -1.291188849090031923e-13
-6.521503245805654991e+00 -3.888579480921674048e+01 3.924995907500697712e+01 -8.581738643453365967e+01 3.539853045363519755e+02 -1.000217609506046393e-13
-4.237211042908083414e+01 1.912828866621273392e+02 1.597798690263207533e+01 -1.088318212304270673e+02 4.885691893697227783e+02 -1.174366877424316567e-13
-6.177461878161101794e+01 3.622159728481420871e+02 -7.723544686999948894e+00 -1.207099682203328399e+02 5.946073899564991052e+02 -1.494641843531466278e-13
-1.980908532271388012e+01 -1.475421858815884946e+02 7.150813755352572798e+01 -1.148575551017666925e+02 4.223906613335968814e+02 -9.838573988304018274e-14
-4.491852214512741170e+01 1.639325979946059988e+02 2.011786214799896300e+01 -1.198013954978760864e+02 5.559007857843304237e+02 -1.255309139645807470e-13
-1.666226781825952585e+01 1.601781036271242158e+02 1.721920656081015855e+00 -7.202064857017195720e+01 3.553388131755643826e+02 -1.168428273467983618e-13
-2.638613899770356852e+01 1.362768068707423481e+02 -7.722680095876984119e+00 -7.701859170375955443e+01 4.670530821419516201e+02 -1.150259725818095894e-13
-2.288114778874248501e+01 1.852412758035484899e+02 -1.087655802980453323e+01 -5.173010415742397328e+01 2.812384317581183382e+02 -1.170621082219422490e-13
-3.983150590644975608e+01 2.133549494215957907e+02 3.609577026645830244e+00 -9.483513609198615768e+01 4.575076781904462564e+02 -1.299559225369002196e-13
-3.180165702561046359e+01 4.525266326076538803e+01 3.507350817915754959e+01 -1.092552501634443161e+02 4.764381887574931511e+02 -1.099401144071892503e-13
-1.032430630672724448e+02 7.126453836070296575e+02 -5.336058166371824285e+01 -1.546249849983670970e+02 8.573629699920827534e+02 -1.831209999764621354e-13
-2.920055327586566918e+01 2.544130021768760344e+02 -1.840571731314175352e+01 -6.102920304065025903e+01 3.411339516202921232e+02 -1.125160186577547665e-13
-3.680361323736478596e+01 3.210502310703142257e+02 -1.640275505889490404e+01 -8.205950604913302016e+01 4.206681745817351157e+02 -1.303523657304629506e-13
-8.030343512021782715e+01 4.423251615552191538e+02 -1.484064437625237431e+01 -1.318144779256305696e+02 6.559547049619919790e+02 -1.502182876486863069e-13
-1.041782438631139662e+01 9.256971180569925650e+01 -2.577790746794964782e+00 -5.834392511122593561e+01 3.406772321502363070e+02 -1.010307472452211966e-13
-1.654338604723897888e+01 1.783779365488346400e+02 -7.369351960202701335e-01 -8.157191489184047839e+01 4.219244230979804797e+02 -1.157802357068757669e-13
-5.196763284872498190e+01 4.740166551205218752e+02 -3.188609866666178405e+01 -1.096794882155154198e+02 5.930806812202654328e+02 -1.604343424076653851e-13
-3.316349186340618616e+01 8.839332889402436422e+01 3.454558939356374481e+01 -1.330019327201884494e+02 6.077382225698447655e+02 -1.385848842250720939e-13
-2.279402143754912125e+00 1.741800000501435193e+02 -2.393440343672829940e+01 -4.029417744048188865e+01 2.961823812577428612e+02 -1.059424132154375744e-13
-6.963853902670378204e+01 4.608118359122831862e+02 -1.921428031702665962e+01 -1.325827367314655589e+02 6.755538573982557864e+02 -1.652613804403803998e-13
-6.606682485572252972e+01 4.083058053732514736e+02 -1.575008166546999533e+01 -1.280339961238267676e+02 6.613900038323880608e+02 -1.405938636220013264e-13
-7.435716375121965882e+01 3.700493293213971242e+02 4.587676861325883593e+00 -1.489898229191119867e+02 7.000640822076460381e+02 -1.461005466917059761e-13
-8.967719895301277333e+00 9.836465290010836782e+01 8.420477939366023179e+00 -7.631592111057750571e+01 3.867489911960639688e+02 -1.152244071213570321e-13
-8.749294704493349784e+00 1.668732458041844495e+02 -3.482443871762058496e+00 -7.486683751288467192e+01 4.029052836290826463e+02 -1.126068773435989821e-13
-1.018540736188839002e+00 -3.633225130867400843e+00 9.820341246086233156e+00 -4.850256015453778247e+01 2.658119771249379255e+02 -1.063504345099392719e-13
-1.643431207606345978e+01 9.902566237846709640e+00 3.560438642692204780e+01 -1.032324860853931483e+02 4.585461488697209234e+02 -1.209208678533742837e-13
-1.653618326110772685e+01 -5.712169253422658954e+01 4.248636053526708878e+01 -1.047878757543981578e+02 4.741933759681492120e+02 -1.201286732930404141e-13
-4.363112393889372953e+01 9.603726063571761529e+01 3.431925614195911578e+01 -1.137073682561949823e+02 4.738498507209534978e+02 -1.208629190525918422e-13
-3.752692009243153137e+01 -3.417661957970386055e+01 5.718745253564652131e+01 -1.326145718610748645e+02 5.501709454761278266e+02 -1.188407345153868947e-13
-6.130728954616763104e+01 4.167551687681807948e+02 -2.524361465073402755e+01 -1.114344535908871308e+02 6.044237225728587646e+02 -1.485458070530794963e-13
-4.551868643986333751e+01 -3.388873651925221964e+01 8.536418203368806701e+01 -1.913181943273247327e+02 7.640290932999615734e+02 -1.346281662456763955e-13
-2.055055116132652415e+01 1.122603531175556526e+02 1.723830139076623880e+01 -1.063104698603473537e+02 5.216645582143399906e+02 -1.277676120564211198e-13
-1.500286195212529528e+01 -8.372551980791565995e+01 5.556732747118437032e+01 -1.216427509818510799e+02 5.232366985430310251e+02 -1.183740730351592877e-13
-1.116050807336469752e+01 -1.022605848432645237e+00 4.726344063614447322e+01 -1.283485746072734628e+02 5.607104762471512913e+02 -1.233722499591970542e-13
-3.186121604882333358e+01 -1.524306300007900461e+02 9.065514335382131605e+01 -1.750833317600486794e+02 7.081635135198730495e+02 -1.088216353117779105e-13
-5.232288970478310830e+01 3.782572372971413301e+02 -2.555043402060893953e+01 -9.776031973834193423e+01 5.427762009125018494e+02 -1.632124022378990955e-13
-7.601252242795520431e+01 6.418026666331359138e+02 -6.470220108212933496e+01 -1.223170735957000090e+02 7.649570949773764141e+02 -1.702131954533296859e-13
1.891073409556391249e+00 2.192802985335107735e+02 -2.749860051191907218e+01 -4.276083268397006520e+01 3.024365641393394526e+02 -1.167089822363347336e-13
-1.526266256412669264e+01 1.319309681336532947e+02 -6.526734850167200008e+00 -5.095457160542193975e+01 2.873570780268602789e+02 -9.689442060256310089e-14
-2.342696230277700309e+01 2.423857950752715453e+02 -6.184415073131484419e+00 -8.973990503304735000e+01 4.646717137519228800e+02 -1.224919652893245537e-13
-2.332921037239264095e+01 1.141312844043721668e+02 1.682655170846964054e+01 -9.323509781905502791e+01 4.350222157858310084e+02 -1.219508134776445740e-13
-6.729844105271224919e+01 5.351000847841738732e+02 -4.146146578734038712e+01 -1.076872057472726851e+02 5.961286253614274528e+02 -1.466867100233930233e-13
-3.952954910476177730e+01 1.983295339047251673e+02 2.880438548198175042e+01 -1.354224939408692592e+02 5.799463218467848264e+02 -1.408727314511142146e-13
-2.359047908151993411e+01 3.191821820418448965e+02 -2.317544313923602672e+01 -7.857689987036283696e+01 4.420367566207126515e+02 -1.309583865010592586e-13
-7.591287747230610705e+01 4.759390999076965159e+02 -1.788986089303940119e+01 -1.477303382315744500e+02 7.577753660664072868e+02 -1.543697937804555943e-13
-2.029886512388367592e+01 2.107778397526858782e+02 -1.650157832295462867e+01 -5.509568343155459758e+01 3.211342732854473638e+02 -1.143930942924009160e-13
-9.972910257511109933e+01 5.254948611157232108e+02 -6.036329907857816757e+00 -1.789149389647958230e+02 8.550056351595172828e+02 -1.581405659822143872e-13
-4.183541015879512059e+01 2.410612655244817120e+02 2.438803235599397157e-01 -9.870710589088245968e+01 4.847314145806823831e+02 -1.228566450742949811e-13
-2.551205053098043507e+01 7.134207236190648871e+01 2.607489217700357642e+01 -1.036797990057080625e+02 4.774394788551460920e+02 -1.193884943195366700e-13
-7.862762861167001915e+01 6.479177866327851234e+02 -5.761127095747596627e+01 -1.243028747613323191e+02 7.283619731021989310e+02 -1.735806319576094330e-13
-5.315352583691831256e+01 2.359457387188353437e+02 2.315400918970905764e+01 -1.524113696961705955e+02 7.027085443235820321e+02 -1.539821920925985634e-13
-4.295774874950367916e+01 4.032029818318659409e+02 -3.696194594770324926e+01 -8.260742141149133033e+01 4.956947960129767239e+02 -1.342188253683012952e-13
-2.176600463479867997e+01 1.423577018130634144e+02 1.780772919437002955e+01 -1.126378268202575583e+02 5.384157970726945450e+02 -1.232586747974613276e-13
-1.151669428010687852e+02 8.760383531748149153e+02 -7.611660646744552139e+01 -1.697756557820413263e+02 9.848882484603537932e+02 -2.122380525448646719e-13
-8.632204878908178003e+00 -1.341234554244658455e+02 6.375918309341241041e+01 -1.146274199717500721e+02 4.606386400517286575e+02 -9.651854723028537811e-14
-3.660330151129945619e+01 1.606508172114993158e+02 1.662708029287913192e+01 -1.213915976925474780e+02 5.913788895391488722e+02 -1.375317661701185416e-13
-1.678961961731731023e+01 1.437430770674893665e+01 5.884993594892267055e+01 -1.398624411516218515e+02 5.525317707652916397e+02 -1.225396955986698343e-13
-2.304063700764976375e+01 2.643121364466931027e+02 -8.628319450865500784e+00 -8.146513927070529348e+01 4.085767894191707796e+02 -1.362682813499919707e-13
-2.709462021026113998e+00 6.179996642051492728e+01 -3.847207956674247420e+00 -4.253106862092472085e+01 2.651363427977593688e+02 -1.037862714408482916e-13
-1.149041512153182651e+02 6.785301733579894972e+02 -4.486044482940064171e+01 -1.889858992334683592e+02 1.058983391984804712e+03 -2.010715576359013428e-13
-1.617481426647572818e+01 8.035362929317984992e+01 5.249303704427180861e+00 -5.620606214825555469e+01 2.851238817031529607e+02 -1.137371123047442307e-13
-3.105270154250407089e+01 7.655315535613594591e+01 4.003484811245836283e+01 -1.215214041029145591e+02 5.040818202073787120e+02 -1.219424701020631829e-13
-5.369731640554482510e+01 3.698916518604223711e+02 -1.354963672184614865e+01 -1.250585588749335244e+02 6.555380470348776498e+02 -1.600080153063729788e-13
-1.005600209459430090e+02 8.714000109512661538e+02 -6.066274499281760768e+01 -2.111647659077417813e+02 1.167509324810897851e+03 -2.264369662104887851e-13
-5.895779212777537026e+01 4.005302143865889093e+02 -3.344399325681256130e+01 -1.122208803719680219e+02 6.742033395111315031e+02 -1.400962780537554609e-13
-3.262959099573051702e+01 3.173945753063036932e+02 -2.649006328087411077e+01 -8.375095957471822317e+01 4.993809064643909892e+02 -1.390681856223783866e-13
-5.537093236436441401e+01 2.333309059028204331e+02 1.857221638734651137e+01 -1.298943987396625914e+02 5.826170792297886010e+02 -1.492599062172256274e-13
-3.596196282569259495e+01 2.299683858701841075e+02 1.020221890011677068e+01 -1.060994844975945171e+02 4.787636305777501775e+02 -1.313102109404032035e-13
-5.098676711675620510e+01 2.045042904377779962e+02 5.744004522386227762e+01 -2.228458127591611628e+02 9.796144493357828651e+02 -1.740531513968679898e-13
-9.508227225413013173e+01 5.358213447283086452e+02 5.369792804339086345e+00 -2.087340500831613497e+02 9.747779238193105584e+02 -2.028514380461678713e-13
-6.887450932362803258e+01 5.327875418313444698e+02 -2.242301294982492266e+01 -1.612779303291812312e+02 8.360953545682129970e+02 -1.715015500318675192e-13
-4.769163897169548960e+01 3.745376405120149457e+02 -4.531477294727053184e+00 -1.533677817744682272e+02 7.846427333225142320e+02 -1.688569668578230023e-13
-4.232984041505203976e+01 1.620949240650524814e+02 2.504475288577319603e+01 -1.154074411319422495e+02 4.961343045357637607e+02 -1.334033324879516653e-13
-7.093379685532725887e+01 5.465947833870792465e+02 -4.231455231920250526e+01 -1.215110074805835296e+02 6.860783908193577645e+02 -1.603930519998856639e-13
-4.426775365657391603e+01 3.384269099456089407e+02 -2.241393516263343955e+01 -8.714592004297426797e+01 4.806100225641980614e+02 -1.342406952401354178e-13
-3.095794261485621846e+01 1.870573792174207313e+02 -3.820409680260127283e-01 -8.114346930881619357e+01 4.103853341994010862e+02 -1.184322104459693984e-13
-5.802297089311741018e+01 2.051980085903579436e+02 2.183985354457063721e+01 -1.477976766412156167e+02 7.027297430297747951e+02 -1.522708173634951543e-13
-3.964717627566400182e+01 3.773315881577134405e+02 -1.181781467591571833e+01 -1.193640001307244489e+02 6.006816845776298806e+02 -1.463087545030907732e-13
-1.370553328389966907e+02 7.818974092195477397e+02 -3.093545823513910875e+01 -2.358336078421974946e+02 1.208659266636609118e+03 -2.142337479322127848e-13
-3.301402469245637405e+01 4.324411488025766204e+01 3.984533526591169306e+01 -1.351553976373203056e+02 6.214573057688061226e+02 -1.262133913564415630e-13
-2.468883248490220339e+01 1.067184753430631474e+02 1.559493418284429289e+01 -1.073454698340792675e+02 5.432318646147451773e+02 -1.392692718611871390e-13
-3.122602432947934759e+01 -9.794170122657966715e+01 7.916814808787444235e+01 -1.550162168049969011e+02 6.067977036826658832e+02 -1.351826609006260733e-13
-7.876828537954212095e+01 4.049297655752301921e+02 -4.809011616051982685e+00 -1.462915784896140963e+02 7.164939479553665933e+02 -1.521214829108474125e-13
-3.747228179156250150e+01 2.579887138079969873e+02 -1.097112930430681210e+01 -1.081856497562732073e+02 6.078845566660760369e+02 -1.417475603655049168e-13
-1.111534809608937735e+01 3.833457111488603886e+01 2.978433288923244859e+01 -7.910836333922591734e+01 3.127501087525895400e+02 -1.094312592752374078e-13
-2.493666634047498931e+01 -8.102978191316104528e+01 5.935276387886362670e+01 -1.098859847965958920e+02 4.179517160067847499e+02 -1.059662883065205518e-13
-3.322514302700795241e+01 1.996101931089596917e+02 3.075769484855379332e+01 -1.507326413096779447e+02 6.694145872307993841e+02 -1.468880613028306330e-13
-4.267596490763196471e+01 1.617502244966902651e+02 2.994958063190312458e+01 -1.436774519363600859e+02 6.550096607290840893e+02 -1.290408548806772047e-13
-3.066429662866180905e+00 2.681392328986712315e+00 1.088421300762270505e+01 -3.614218360699594257e+01 1.712503684932082422e+02 -9.768809030294622952e-14
-5.183836618698753540e+01 4.594496035418363817e+02 -1.707740622110336659e+01 -1.536162803390374449e+02 8.042677222591701138e+02 -1.647306599336569525e-13
-3.565317966768504476e+01 8.521134092029863893e+01 5.520292076919300683e+01 -1.601060015559460794e+02 6.598998739842102168e+02 -1.413225872637393920e-13
-1.028598698166393888e+02 6.030347453334486545e+02 -7.642215938141157849e+00 -2.232732424582072497e+02 1.106483874039846114e+03 -1.953974861535496332e-13
-3.941160627944594097e+01 1.266861400896031284e+02 2.039263824940934100e+01 -1.085132136706391321e+02 5.056458189081359933e+02 -1.282386926372828853e-13
-1.608033530842819658e+01 2.324484846923052146e+02 2.341685776128231922e+00 -1.119155786595013922e+02 5.664210819511164345e+02 -1.357849861208687898e-13
-3.837952238300655949e+01 1.476459766203782920e+02 3.027060749932267569e+01 -1.330340516885324575e+02 5.917711455465110930e+02 -1.333562635043271291e-13
-5.091457010748738554e+01 3.841801218043733570e+02 -1.917795072139467294e+01 -1.031442897925910529e+02 5.337729526036707739e+02 -1.467057340231633907e-13
-1.477917382569875748e+01 4.751947024119396445e+01 2.886898776087066665e+01 -8.616514724382130908e+01 3.593034520250404285e+02 -1.052568193659629452e-13
-1.790877650746560690e+01 -1.030242583139544266e+01 4.290016537342367542e+01 -9.872017187382876102e+01 3.963109397546193691e+02 -1.032911885654480200e-13
-5.008549589088417520e+01 1.806775521808385463e+02 2.590965869791372711e+01 -1.282920482090125915e+02 5.635453877996490064e+02 -1.301872233331889465e-13
-2.018714993392456947e+01 2.185282880951513107e+02 -1.539371885196322332e+01 -6.092163567740660568e+01 3.475006099523442344e+02 -1.155191808011361794e-13
-5.038125093009002242e+00 -2.463357443407471337e+01 2.040991878771210466e+01 -4.848748993808283103e+01 2.132857339165566088e+02 -1.041459902096907452e-13
-3.722734981117363873e+01 2.372502592642462673e+02 -7.942563806373969193e+00 -9.108919065350951882e+01 4.887887365297534643e+02 -1.195277983909984424e-13
-5.701663918479905391e+01 2.849873330269663825e+02 1.473153053634179699e+01 -1.493189302272097336e+02 6.998282196685545387e+02 -1.360963840186315975e-13
-2.463392735213232854e+01 2.572027142587631374e+02 -1.371589176210986771e+01 -9.191764839858780078e+01 5.166854723595304222e+02 -1.269435979786295771e-13
-2.900502623536841540e+01 1.112355060441910126e+02 2.275929549234333393e+01 -9.031331079861085698e+01 3.794845494884778532e+02 -1.132030264948385975e-13
-2.774604189633828355e+01 1.276994663258322618e+02 1.402997322231377275e+01 -1.121678428179549485e+02 5.702504493269327668e+02 -1.376514940357851997e-13
-6.333012546467235637e+01 2.041193808673096157e+02 2.491327559021888760e+01 -1.440561347852242591e+02 6.586704808159810227e+02 -1.487769050060692244e-13
-2.144844591087432306e+01 1.734635010067705707e+02 -1.748437413713954003e+00 -9.747349031520199958e+01 5.389278376627322587e+02 -1.360117513509629920e-13
-2.134091010002228472e+01 9.290908151459670705e+01 1.067528825265086212e+01 -7.667782072473494281e+01 3.787431151447447064e+02 -1.121203571532002698e-13
-1.823114320790179654e+00 -5.349977851058959288e+01 2.578406847637829102e+01 -7.703618879686490573e+01 3.920053151679763914e+02 -1.048945586235026289e-13
-1.792102350154425139e+01 -2.154904128003510095e+02 9.572543802474753249e+01 -1.554570766560454160e+02 5.901028899721378593e+02 -1.052700723776133916e-13
-2.966319235698893308e+01 1.761163803141921278e+02 2.006928541105008623e+00 -7.924390707058635996e+01 3.903506114311883266e+02 -1.281495517400561641e-13
-3.702492345253168793e+01 1.178287567525034518e+02 3.540189241691665245e+01 -1.249148353536236442e+02 5.262298519676795650e+02 -1.321457271767401741e-13
-1.950066076700462858e+01 1.892359402768246923e+02 -1.951084084286007769e+00 -9.242937001641992367e+01 4.947140146213541243e+02 -1.221523171520873037e-13
-3.230181168297269778e+01 1.098892947735710521e+02 2.776564333729206524e+01 -1.190342439201453999e+02 5.414774182396649849e+02 -1.208663565092818288e-13
-3.817304233973374483e+00 7.528935246867183650e+01 1.811352139824116492e+01 -8.401759198312119281e+01 3.933744312944301669e+02 -1.102927009966122044e-13
-5.076062295929325074e+01 2.710519636142460058e+02 -1.617572479627494531e+01 -1.059182354393480239e+02 6.163899715313382330e+02 -1.344739170797554550e-13
-2.511056474443380537e+01 1.661676230165203947e+02 -1.286214411068734265e+01 -6.735261230576340097e+01 4.130234855060116388e+02 -1.217909860638425416e-13
-2.351124871259180438e+01 -4.942864559421797921e+00 6.279971085218683413e+01 -1.432229317940652038e+02 5.640175424026529072e+02 -1.272381560255645963e-13
-2.280148414350101760e+01 -1.879707627212773957e+02 8.632766117248550586e+01 -1.314305029818029027e+02 4.685643350781227809e+02 -9.413100358685002428e-14
-2.504100346530299248e+01 1.651414111872406636e+02 2.315746552496452182e+01 -1.180834801668601699e+02 5.239805411480541579e+02 -1.246047948321254471e-13
-1.359791595727143054e+01 4.840094379888111575e+01 2.021380602206413002e+01 -8.552595960845418688e+01 4.098312609308911760e+02 -1.214775998385690506e-13
-4.585851058867567787e+01 2.556708262536847371e+02 1.151535088750343938e+00 -1.271145485679774652e+02 6.591502673143570519e+02 -1.371363294385787264e-13
-6.597321573510349424e+01 6.125936619224706874e+02 -4.378159813681153878e+01 -1.303397507244644657e+02 7.062917519003382267e+02 -1.688358029138898067e-13
-3.345771996594120168e+01 2.863787716889403896e+02 -2.260097195219641719e+01 -5.898423352456490676e+01 3.307622096695787377e+02 -1.217923100553110186e-13
-1.973407644053683896e+01 -1.385821973653834220e+02 7.266909751324780586e+01 -1.250454506797538983e+02 4.768521762738313328e+02 -1.044480594337392543e-13
-2.536519492485295402e+01 -1.605426199501949611e+02 8.356426962042294804e+01 -1.463856282368209634e+02 5.666439650344277652e+02 -9.810945402189546712e-14
-1.513511094438005244e+00 6.761177879515928169e+01 3.659806949887178718e+01 -1.054634363654816127e+02 4.247286854379594274e+02 -1.293199789859835783e-13
-3.369251268473146155e+01 2.965568269844727638e+02 -8.587408852292353068e-01 -1.153852380432625324e+02 5.631057966377239836e+02 -1.473493947142046427e-13
-3.484341182392370673e+00 4.216544677226853821e+01 1.918404415191508861e+01 -7.181308022068353125e+01 3.288265680503542967e+02 -1.091516666248045293e-13
-6.459485226314963313e+01 1.974160235513907367e+02 4.926572289960223117e+01 -1.956685169889335612e+02 8.545076715346868923e+02 -1.443310482812665408e-13
-4.222337902409868349e+01 -9.919083336891847580e+01 8.691656934130652701e+01 -1.780727523405018076e+02 7.130629527634166607e+02 -1.268203125810858007e-13
-4.199519928710633820e+01 2.530810305591355416e+02 -1.711012916231956993e+01 -9.786103339482758656e+01 5.814288551717148721e+02 -1.410762999156175815e-13
-2.328534771913150436e+01 2.000223051672614076e+02 -7.327419599903738145e+00 -6.203761914460304183e+01 3.169160700082164794e+02 -1.112811986509108603e-13
-6.049346936062622149e+01 1.170096053735475010e+02 4.170495992995990520e+01 -1.658596794902956901e+02 7.617049002470921550e+02 -1.399768439987663609e-13
-1.055169302494647710e+01 2.957648271269418672e+01 1.785365016652417935e+01 -7.663593302088976600e+01 3.790369258090048561e+02 -1.106808044176497548e-13
-1.304483378237888758e+02 6.649522614623160734e+02 -8.786648991120102892e+00 -2.267810684461356345e+02 1.091859196706475359e+03 -1.937382432722830886e-13
-3.012756704237559902e+01 1.405470424085136756e+02 1.187575642467100234e+00 -8.180181168109234591e+01 4.389613297221993662e+02 -1.058488691217228217e-13
-1.332939397095187495e+01 -6.485377210501434320e+01 3.656624855755819681e+01 -7.863081289154644082e+01 3.419712891259664502e+02 -9.384663881877944426e-14
-2.850652413070272573e+01 -2.490986341667402471e+01 5.526517029538441506e+01 -1.258780145999825777e+02 5.103857155620336812e+02 -1.211358926219183076e-13
-6.537565157383748726e+01 3.323419191045864522e+02 -1.271156816454884098e+00 -1.448883240541018722e+02 7.377759159358989791e+02 -1.575979287891821792e-13
-3.119576614046050622e+01 -5.093249581720986896e+01 5.780035229947282716e+01 -1.340104512066191376e+02 5.679517179296719860e+02 -1.280578578802360775e-13
-5.267106216841097677e+01 1.987374071468132115e+02 4.180441021694227288e+01 -1.759532171951952080e+02 7.688121203839731379e+02 -1.392291814293167275e-13
-3.849977873240282378e+01 3.098604708864779127e+02 -1.573215810206224319e+01 -8.824044603164739442e+01 4.661548413978621852e+02 -1.358041801119122172e-13
-1.746886053204561406e+01 3.078952780425616993e+02 -1.941774955760595844e+01 -8.684256525642392432e+01 4.818243675062078637e+02 -1.376975994736670683e-13
-2.672950654667046066e+01 1.396416183432242804e+02 3.168941876678084579e+00 -7.867735307232499053e+01 4.059225773163514077e+02 -1.168036809702468723e-13
-9.736108148988069644e+00 -6.623615565244311654e+01 4.750137462093713481e+01 -1.027142999804317753e+02 4.348142524995270719e+02 -1.014772412711421443e-13
-1.598566139153865784e+01 2.052150709631086301e+01 1.502437541436367496e+01 -7.601536894258924804e+01 3.996587555492598085e+02 -9.764867518289242580e-14
-2.383172428200528614e+01 2.282364977866344589e+02 -2.017311838914366007e+01 -6.659163161623115457e+01 4.091114863578187624e+02 -1.212025764378497297e-13
-2.783564048991751250e+01 1.523570322813294240e+02 1.162585988938755754e+01 -9.856832056817842158e+01 4.760934453278022147e+02 -1.315518875275483193e-13
-8.650237123494923708e+01 6.955272199751377684e+02 -5.291104118381242927e+01 -1.385448618517304169e+02 7.589667467780989227e+02 -1.727539654069859959e-13
-2.371501280083927909e+01 8.694201806978470870e+01 3.277433655329478768e+01 -1.134507556948293114e+02 4.887163508166712518e+02 -1.234079310637999665e-13
-2.156951431823606313e+01 6.241212985880827091e+01 4.294821896987856746e+01 -1.517290898691042287e+02 6.988955860996181855e+02 -1.390859381568055832e-13
-7.887967085694893399e+01 3.637059909905575523e+02 1.709312181477848469e+01 -1.794429970196804334e+02 8.293145722649142044e+02 -1.637528731979275896e-13
-5.661951468473306903e+01 3.140537552435661155e+02 6.427791151493807753e+00 -1.313374649788427746e+02 6.107810034401318262e+02 -1.371791589083182153e-13
-3.433011119213639972e+01 -1.491394602234825300e+02 1.007194663679864561e+02 -1.864951337885208318e+02 7.179588707070706732e+02 -1.130366952376739700e-13
-1.415126674652214511e+01 2.664580508894420063e+01 1.719267952231367502e+01 -7.879429020456728949e+01 3.999394391345648501e+02 -9.669334854184011188e-14
-3.646933381534509522e+01 7.560456196331558409e+00 6.695267654997718410e+01 -1.688374740828385256e+02 7.004089773204730136e+02 -1.250694288098907436e-13
-1.493391546281072069e+00 -1.039007617164455297e+02 4.312431596940558620e+01 -8.050428518255472454e+01 3.412546569454153769e+02 -1.031742528423648930e-13
-5.698248543514728226e+01 3.220044899244765020e+02 -3.224413162416823742e-01 -1.238784832718283724e+02 5.980505627259384482e+02 -1.369239422647531004e-13
-6.501574239335716321e+00 -1.917380628474240609e+02 7.724421323398190964e+01 -1.035359628002879475e+02 3.420196882085803054e+02 -9.879601716488193524e-14
-2.106620311926115008e+01 5.405872392247877656e+01 1.218508289732827343e+01 -6.149116081354692653e+01 2.955429918958638495e+02 -9.462796206193755665e-14
-4.934458266433549767e+01 -1.035285765706155416e+02 1.020270188157134328e+02 -1.880594759987072280e+02 6.865469243219069995e+02 -1.156341279695148270e-13
-1.823815778860087633e+01 8.876209223475423471e+01 1.303089764888393276e+01 -8.051963699426021037e+01 3.925240241034931046e+02 -1.033124645205788804e-13
-4.787363570145038238e+01 3.623315367226562671e+02 -2.135488908371225492e+01 -9.935249754074317252e+01 5.383039139433276432e+02 -1.328879375369018762e-13
-2.845998288141993271e+01 4.383979571399947162e+01 4.053372554688934315e+01 -1.194269179847375000e+02 5.108651237782569297e+02 -1.083118675584107098e-13
-2.006839380909316617e+01 2.989655212912728643e+02 -3.168527771883746880e+01 -7.005235321617894328e+01 4.541384966066756874e+02 -1.330039248980154136e-13
1.256780455305132982e+01 1.189885609275159908e+02 -1.373881693119423808e+01 -4.785104558559333299e+01 3.222359984435980778e+02 -1.181853411114893697e-13
-6.230962956663494623e+01 2.464655887163721673e+02 1.924515347007391242e+01 -1.549168718777656295e+02 7.368681099784381558e+02 -1.500725596268497120e-13
-9.954453172639347258e+00 -7.069232995902397931e+01 3.442631294259390273e+01 -7.104732216879359896e+01 3.089976780100479345e+02 -1.002092357256579140e-13
-2.874815371719742174e+01 1.343892937279858923e+00 4.261528263917153225e+01 -1.110786043540588111e+02 4.726557907093077233e+02 -1.046538262795251687e-13
-6.313752501243099147e+01 5.019068988794634834e+02 -1.698989620065871620e+01 -1.550066333966511820e+02 7.818252167267647792e+02 -1.699316021380880348e-13
-2.767628184870203256e+01 2.068901570655315822e+02 -1.060537408960339434e+01 -6.284089662708862534e+01 3.382742091056314848e+02 -1.082581613081630038e-13
-1.230920121878083329e+01 -6.270637608302953225e+01 4.801336605060169660e+01 -1.054030638468704524e+02 4.470129318385591546e+02 -1.108820070458256762e-13
-3.590292614302209273e+01 3.669718955296442573e+02 -2.636654992565684097e+01 -8.957885933496335440e+01 5.013040566895770098e+02 -1.414085210406203869e-13
-8.724478574454091984e+01 6.390134247484661500e+02 -4.570161555307426227e+01 -1.327140458313012914e+02 7.151272380529048860e+02 -1.827489873858965081e-13
-6.287109805944250951e+01 3.201768506642847001e+02 -4.579566214730864893e+00 -1.408605645261036443e+02 7.408497955181408088e+02 -1.507555121540190268e-13
-1.054515914516644415e+01 9.539010576275128983e+01 5.293570305037723855e+00 -6.198167623436010132e+01 3.126095064009031148e+02 -1.024835782053149048e-13
-8.073632244597979479e+01 5.072224328142777381e+02 4.345530595117809702e-01 -2.061735351632637787e+02 1.010230530304762965e+03 -1.897714778596257811e-13
-8.728219351827260652e+01 5.973363827662642507e+02 -2.570373566611354832e+01 -1.701279104178806847e+02 8.691423921629659617e+02 -1.840695271846222626e-13
-1.346718226273801200e+01 -2.724567267476616905e+01 3.030056829080060155e+01 -6.377641732749361836e+01 2.546020478143284436e+02 -9.826388671449663807e-14
-1.142147745640772172e+01 1.084996243272449590e+02 -3.395696165439803682e+00 -6.973478929145285576e+01 4.107827029798550029e+02 -1.205601324457364459e-13
-4.058133388724728974e+01 1.621002707173723536e+02 2.640166441798477237e+01 -1.186339988268200898e+02 5.091255810548333898e+02 -1.238237936373250560e-13
-4.075822733763833128e+01 2.979478886129957687e+02 -1.688102888451689054e+01 -7.794895459274019345e+01 4.130911152233374537e+02 -1.178017462069381468e-13
-2.536033686787896713e+01 1.756643223893399863e+02 9.852043928486738933e-01 -8.831534040011977993e+01 4.582185166633163931e+02 -1.227612386744716470e-13
-2.578397310701687317e+01 8.210821423495201543e+01 2.691530380893027896e+01 -1.043041435400233468e+02 4.683315998468366956e+02 -1.152003451988710881e-13
-1.076919395209315944e+01 5.180761682824309844e+01 6.303083858419573637e+00 -7.043626538919602353e+01 3.950356768214130057e+02 -1.238146761422118765e-13
-8.036338123819225743e+00 1.842760261981677843e+02 -7.177903302989347978e+00 -6.670893647511130098e+01 3.589448382384563843e+02 -1.156273374954968648e-13
-1.712455455242695379e+01 6.447008290050935386e+01 4.994675358054366576e+00 -5.709565278659531629e+01 3.044194859550452179e+02 -9.370112860759502618e-14
-3.126443603684438699e+01 3.567545048323509036e+02 -3.604669391792474897e+01 -7.064415356504650845e+01 4.435646960088647575e+02 -1.552379386174111212e-13
-1.919348996922638761e+01 -1.435077462020593275e+00 4.392469157566842597e+01 -1.171200616106352612e+02 5.069239532596261597e+02 -1.220538569962605984e-13
-2.837881447735739915e+00 8.980593349989128171e+01 -1.489539799311458168e+01 -3.776423011129151064e+01 2.833004785720603422e+02 -1.053833381307433261e-13
-1.383388634291643449e+01 -1.690365503870697594e+01 1.894798943170811256e+01 -7.754802829573947065e+01 4.123428606659457500e+02 -1.027718976591402452e-13
-3.751646082610012201e+01 2.367217285750213875e+02 -8.876290876840519317e+00 -7.917258830063538255e+01 4.150471453477942987e+02 -1.173672974776800768e-13
-8.779449281477963041e+01 6.493791432635280216e+02 -5.053937918687564235e+01 -1.476926709267058015e+02 8.392101154549932289e+02 -1.827385995761807416e-13
-1.279034655503688178e+01 -2.460010234233003601e+01 4.802559598098944349e+01 -1.119667712979716185e+02 4.630335154075543755e+02 -1.185806716800900850e-13
-8.393478601665803751e+01 5.974454033568689511e+02 -2.988523268616364703e+01 -1.618543935662670208e+02 8.402400159169677636e+02 -1.697547031904200429e-13
-1.050956429611451171e+01 1.675753949691006426e+02 -4.328615257447307130e+00 -6.675154031329127235e+01 3.532533403552338882e+02 -1.109230734434891612e-13
-7.447945378436304509e+01 4.144069996912018041e+02 3.375790490358750784e+00 -1.659094969041913714e+02 7.889549836880979683e+02 -1.590550888645686124e-13
-5.893173242365048026e+01 3.251330999996536661e+02 4.997213502568792265e+00 -1.297235242788880214e+02 6.009502315638948176e+02 -1.358203533532280346e-13
-8.036812192021265844e+01 3.555224896147781806e+02 1.808295416259585764e+01 -1.800514762713079335e+02 8.330805211722019976e+02 -1.494827852455797026e-13
-1.577728170047432599e+01 1.844535334065918297e+00 4.892334248813245523e+01 -1.146714333240693406e+02 4.560119385581634219e+02 -1.184288849688198739e-13
-3.469862915406366000e+01 1.657798710262613326e+02 5.481858989797829373e+00 -8.770610617770324779e+01 4.325727655720947951e+02 -1.110499361972110134e-13
-1.387216711858559215e+01 1.322632900252623358e+02 7.938861483357472437e+00 -7.901313636144830355e+01 3.830353662060181250e+02 -1.073889947599364573e-13
-1.920161336372470373e+01 -8.749746881518626651e+01 6.493268189161740622e+01 -1.197193732180809604e+02 4.530552256122102222e+02 -1.110280761406378450e-13
-4.409918907799973198e+01 3.753379106385579007e+02 -2.805911861611701497e+01 -8.390960923272487548e+01 4.678845236253298481e+02 -1.407402246872801313e-13
-5.435260148803421743e+01 3.504910485954260935e+02 -7.097424611853327292e+00 -1.222944451865342472e+02 6.098709120466206741e+02 -1.463854280552352433e-13
-4.382819708684811388e+01 2.857478471350132736e+02 -1.258659763558994982e+01 -1.013266016727545065e+02 5.517075413086502067e+02 -1.365486879427295744e-13
-4.630338133597449968e+01 2.760191454760023930e+02 -1.206097714633070517e+01 -9.250535147670370861e+01 4.961895972923966269e+02 -1.320641507745155944e-13
-4.635335718553457696e+01 1.155650767824228353e+02 4.671677368506897210e+01 -1.505043215398499967e+02 6.274118612680861133e+02 -1.351556325509798922e-13
6.082235362599370809e+00 1.458755684738291052e+02 -6.726015470102138849e+00 -6.453594484830905742e+01 3.696845935268706853e+02 -1.239862832508332097e-13
-8.704994595737940699e+01 4.581767867868167059e+02 -4.729432221345056142e+00 -1.643734592737048672e+02 7.983825192681592853e+02 -1.594912642878644417e-13
-2.768117247674275916e+01 -8.229775672309409629e+01 7.280609381989070528e+01 -1.345355523346703137e+02 4.983764150715267647e+02 -1.154618194670242873e-13
-7.535161521369386151e+01 5.187823198839377028e+02 -3.245365947377587190e+01 -1.431898976113835431e+02 7.890807001145925597e+02 -1.580014955368597035e-13
-2.270490480926039822e+01 8.629367389478670702e+01 1.318159457207787000e+01 -8.264949773454887350e+01 4.076927512339681812e+02 -1.217904275210599542e-13
-3.194347022518526913e+01 6.961105418012202506e+01 2.653451892196862261e+01 -1.046628338022586320e+02 4.823757397856294915e+02 -1.077437155470960250e-13
-4.488150928920200045e+01 1.220249893231145961e+02 3.794909727247612352e+01 -1.428755558941624031e+02 6.275668683862213584e+02 -1.281795792801187483e-13
-1.188806338783148391e+02 7.865190022938442098e+02 -4.555220359476227543e+01 -1.976709166097007540e+02 1.042376295251380952e+03 -1.891505509240880436e-13
-5.363476326270682826e+00 -1.345414794024307241e+02 5.892080320395761817e+01 -9.960716674543003535e+01 3.909760181932328464e+02 -9.436835797086532057e-14
-8.411691686941419732e+01 3.361907764729918426e+02 2.989437672545704316e+01 -2.151933490601115011e+02 1.007854560019285714e+03 -1.669891399894460576e-13
-5.532652957709925801e+01 2.207199804689613813e+02 2.521108105063814264e+01 -1.514336989765417911e+02 6.941504839772609330e+02 -1.472564083562657013e-13
-3.820240414251920669e+01 -6.495089615307180964e+01 8.984239433296247057e+01 -1.795210412896629180e+02 6.788625926816812353e+02 -1.323250280294232386e-13
-2.879417884050450382e+01 2.414422308882856214e+02 -8.940401353693793851e+00 -9.723247887339337581e+01 5.334018839034432631e+02 -1.336101799225303665e-13
-1.026402657397176021e+01 9.174735384258464421e+01 -2.038807758752188892e+00 -5.924854165146736307e+01 3.439093211977923943e+02 -1.089986432545151928e-13
-6.141808703715969386e+01 1.134991461761113669e+02 5.805657207649731788e+01 -1.741650464902350848e+02 7.153217311771325058e+02 -1.300244763777443276e-13
-1.209328086322858731e+01 2.741195348400784226e+01 2.288900683055257801e+01 -7.498623516476007467e+01 3.372652011751720238e+02 -1.040341449172177739e-13
-5.356766454535206634e+01 3.594466630902281850e+02 -7.010505418679453093e+00 -1.310064914450172182e+02 6.612973842129512150e+02 -1.694474865245989246e-13
-7.020809420572448722e+00 1.140552538880727838e+02 -5.183033871588450303e+00 -6.603406850802760175e+01 3.932720593186515998e+02 -1.306505689792265999e-13
-5.425084281532000574e+01 3.103248205799661719e+02 -1.042231168703510846e+01 -1.243846349792229802e+02 6.747770311762942583e+02 -1.522610699075194215e-13
-6.043126233017508753e+01 3.595383501079623443e+02 -2.563011006846518924e+01 -1.024163977331588455e+02 5.883579352631943493e+02 -1.483915115340295994e-13
-1.785013714219098446e+01 1.872815059848092645e+01 2.678364859313814605e+01 -7.396499218341676851e+01 3.118248725775206367e+02 -9.809653116364864530e-14
-1.414924958160306723e+01 1.233371266911591313e+01 3.872017729323861346e+01 -1.053797205704387068e+02 4.512237784105370793e+02 -1.168703628810301853e-13
-2.933607273287769246e+01 1.252084940209065138e+02 3.080121884490559125e+01 -1.261633127824454732e+02 5.586822063759703951e+02 -1.310381400964166212e-13
-4.795162664251642326e+01 3.495205487054982996e+02 -1.475474492221167466e+01 -1.054092693396400051e+02 5.461442055633172004e+02 -1.465109335150224718e-13
-7.409053104498214282e+01 4.203209527394313909e+02 1.546193366443744921e+01 -1.934472382054404989e+02 8.922768571567801246e+02 -1.685682956041394867e-13
-3.243231530860008149e+01 1.271351209534300253e+01 4.812216424874127796e+01 -1.356088025464327416e+02 5.939134890927384731e+02 -1.216568924051914875e-13
-3.736610601529702791e+01 2.125817471715625402e+02 5.412281220101835544e+00 -1.013264464866811636e+02 4.901632061993541924e+02 -1.157992191597463446e-13
-4.058731457534381803e+01 2.844266299610546298e+02 -1.738344899703875868e+01 -7.572175955179375251e+01 4.112833044438326056e+02 -1.154646542591155663e-13
-9.440678178281785904e+01 5.690665573834329507e+02 -2.260901556270904678e+01 -1.853967040968032052e+02 9.727525087801809605e+02 -1.910902000391373822e-13
-5.789912134522108289e+00 5.665558527979671055e+01 7.087710662432015418e+00 -4.978746690011284670e+01 2.476198610120220280e+02 -9.704532188047090915e-14
-2.825822259121503421e+01 2.300626781458063306e+02 -1.841994443654775537e+01 -6.735635488258222381e+01 4.016729018614672668e+02 -1.154801900376242549e-13
-2.503060366179703422e+01 -1.937735546800388420e+02 7.765104853998973056e+01 -1.346708948812902804e+02 5.502282886324268247e+02 -1.022630143036004128e-13
-1.349574363914693897e+01 2.897519198514534011e+01 2.356972063071104984e+01 -7.145251133385235676e+01 3.079954144588914460e+02 -1.084693640514767507e-13
-8.436648163603204864e+01 5.628666077927516653e+02 -3.339589329373497861e+01 -1.516810855224954366e+02 8.197800242874560581e+02 -1.752848221170270120e-13
-6.617373885189422822e+00 7.568165722024093611e+01 -5.136269602230504994e+00 -5.640932098947527606e+01 3.564907385665724746e+02 -1.081023238006529554e-13
-3.793341835968208642e+01 3.182272818092123430e+02 -8.341553565934948011e+00 -1.225093346831230718e+02 6.430207648746572886e+02 -1.467409556126237242e-13
-4.337110642382052106e+01 1.506999598876292907e+02 1.539951782844985040e+01 -1.284667031890053011e+02 6.541315539847259970e+02 -1.326100663872922869e-13
-7.334619468516665108e+01 4.351825901629783289e+02 4.858923576174119852e+00 -1.759692778395362893e+02 8.317994795621219737e+02 -1.650797498066631132e-13
-6.954675250605247605e+00 -2.820782378543074742e+01 2.660134816080640263e+01 -5.946246440625291285e+01 2.500165096160988867e+02 -9.950923529600457002e-14
-8.740661537023020955e+00 9.790513366665338424e+01 -1.361824030786403572e+00 -3.931255774286520932e+01 2.010122286921830721e+02 -1.034315233177216603e-13
-1.122466647512661631e+01 4.223426246801905393e+01 2.830383144815804997e+01 -8.470012897121831941e+01 3.569638975700248693e+02 -1.123779223792014030e-13
-1.543686119271106172e+01 1.603456834162289226e+02 -8.126018859853092025e+00 -5.587883309074052818e+01 3.098128601886721185e+02 -1.139928528524978408e-13
-5.613448945962871761e+01 2.258669644490402959e+02 1.527339914454410064e+01 -1.212447880883333937e+02 5.510991009471414372e+02 -1.219876672412219926e-13
-4.065608748997886579e+01 2.586794229469814468e+02 -3.453536753809579363e+00 -9.130817322166339522e+01 4.457276132935800774e+02 -1.316056349374178001e-13
-3.319787251925867366e+01 1.059245803144523990e+02 2.691441000823012075e+01 -1.089834234883757489e+02 4.822781226448856273e+02 -1.102517149145184620e-13
-3.076677694161687882e+01 3.863407666948440067e+01 4.985387557074044196e+01 -1.353391807295288061e+02 5.619362869531255456e+02 -1.171849600435900576e-13
2.528199358280707632e+00 -6.167578433956139605e+01 1.915520998824795385e+01 -4.928032095854484140e+01 2.539035968539291730e+02 -9.332302539207323987e-14
-2.121426683690788906e+01 -2.453144053304575323e+02 1.115821456840137245e+02 -1.637338091066170875e+02 5.660537709318437010e+02 -1.183932793203864888e-13
-1.662163932895961409e+02 8.718463059459353417e+02 -2.317386243152359526e+01 -2.970639628874293976e+02 1.504401639012564601e+03 -2.565686806268696907e-13
-2.794635198094549366e+01 1.507813309627011904e+02 5.406784237910139623e+00 -8.600650824168209851e+01 4.326595931151030641e+02 -1.179187819818299167e-13
-4.485011079407636458e+01 1.577159375045255274e+02 2.720571009448864075e+01 -1.263965484244913142e+02 5.593843942790548454e+02 -1.173216611183965073e-13
-1.619045842912598010e+00 -1.165575024233127266e+01 2.014902511729448875e+01 -5.038528082346407899e+01 2.181709739661519620e+02 -7.898560444912097606e-14
-3.174634435051994164e+00 -2.463828549255832279e+00 1.651275171257477936e+01 -3.881457503233590245e+01 1.569264275978066792e+02 -9.249343100583605577e-14
-3.142814755390165615e+01 -4.050712709803202927e+01 5.959579879048089168e+01 -1.273386311442146450e+02 5.039215827842507451e+02 -1.142854426164002714e-13
-6.785974793846332886e+01 3.993659594617428183e+02 -5.443091072448620338e+00 -1.414963552722128668e+02 6.924122216250885913e+02 -1.460479154059455213e-13
-2.457651922800801358e+01 4.946664671217454412e+01 1.059762691092286424e+01 -7.533667895956864413e+01 4.021779501529898084e+02 -9.296616190450119655e-14
-4.600383498425000539e+01 4.187918859057986083e+02 -1.713135035754213931e+01 -1.261883376593796555e+02 6.501217359023057725e+02 -1.479017850174739697e-13
2.396678844534146091e-01 -6.555890470107354595e+00 1.596744161792997474e+01 -5.375957212213604919e+01 2.639059655129103135e+02 -1.005369730851188386e-13
-5.972390809990316285e+01 1.927088733847969877e+02 2.193813260839914747e+01 -1.391036190611851282e+02 6.528362582589525118e+02 -1.370295337386202598e-13
-1.965153489536103137e+01 -2.951139659400462634e+00 2.473161545126133021e+01 -7.889575313739553053e+01 3.740721460482331509e+02 -1.117352102691137162e-13
-8.138905385357351463e+01 2.605849955270030591e+02 4.565622667247765065e+01 -2.070885961617556745e+02 9.079555285815931711e+02 -1.583766300130866506e-13
-5.445519778050828563e+01 3.296718241780193921e+02 6.712028040052450351e+00 -1.597466882221868616e+02 7.884656852305496386e+02 -1.582424433625698232e-13
-4.278238737959491544e+01 2.822899022359865739e+02 2.595921936856075085e+00 -1.090512644122161703e+02 5.088747241457224391e+02 -1.339471773457383698e-13
-3.894625546524777349e+01 1.325284579301828387e+02 7.581099530967485123e+00 -1.019959179651851287e+02 5.396456655982253778e+02 -1.230871834573475923e-13
-2.823907546588561956e+01 1.706336121330116100e+02 2.875018030766938537e+01 -1.332580035905396016e+02 5.861133334621209769e+02 -1.314224522453082485e-13
-1.582969554820111391e+01 -7.458231049586734684e+01 6.443951484835426413e+01 -1.240539324796666278e+02 4.758575606242359299e+02 -9.863400196549584622e-14
-7.169661516819621738e+01 2.555054461796389660e+02 2.524620342989711119e+01 -1.768014564442962069e+02 8.388858186599160263e+02 -1.425616068729870784e-13
-7.260774237443293977e+00 -6.763939815673295186e+01 3.354039921291916215e+01 -6.659831530560641966e+01 2.825196934986563519e+02 -9.944739307037479018e-14
-5.538597491095983827e+01 2.729098183589954374e+02 1.659659444966920105e+01 -1.649196893495387712e+02 8.016412792087737671e+02 -1.475302640972445184e-13
-1.998849911276512126e+00 -3.530156347209611134e+00 1.923499173120291772e+01 -5.124085176492307880e+01 2.238045546604301137e+02 -9.379417631079702505e-14
-4.160201165808648227e+01 1.732443236059955041e+02 2.642050247312839417e+01 -1.396487934447709449e+02 6.420896247239563763e+02 -1.345824352255522360e-13
-3.889151876281535891e+01 2.104404542872277659e+02 -5.218800579767061132e-01 -9.124388732073578012e+01 4.619871970010842688e+02 -1.239859743724067588e-13
-5.591372164845908266e+00 -1.218228617828440150e+02 4.470036239292836910e+01 -6.325351764664023335e+01 2.283594810926699950e+02 -8.077782887816171148e-14
-9.381038614414377719e+01 3.833985771891231593e+02 2.251771889488491141e+01 -2.043936692242251070e+02 9.478046330843066016e+02 -1.736605556559735083e-13
-8.898777107574538547e+01 4.969666954986546443e+02 -1.489032428328255797e+01 -1.689206364793598709e+02 8.655454979199014360e+02 -1.739453325261528444e-13
1.067793650320645327e+01 1.748343272227795921e+02 -1.171962628068786927e+01 -5.190375430422527359e+01 2.954640249471973448e+02 -1.185261898442409593e-13
-5.068739437612162391e+01 4.363046951838268797e+02 -3.421446516648880021e+01 -9.713548908403687676e+01 5.514095420039799365e+02 -1.490529610176551330e-13
-6.662957487305014581e+01 4.562637279488193371e+02 -2.441058596527081903e+01 -1.300010577671837098e+02 6.948471600157546391e+02 -1.532453879552945842e-13
-3.897812457904311856e+01 1.069017812599724522e+02 6.578165469360904183e+01 -1.903499637103029727e+02 7.794727652123174266e+02 -1.548775042380957528e-13
-4.638043793522033553e+01 3.621210377518685846e+02 -2.220682332864823749e+01 -1.032071264519746165e+02 5.698335409139614285e+02 -1.401872078291295515e-13
-1.425091415972023690e+01 4.481072970126598420e+01 2.647914654262525147e+01 -9.981127436850151469e+01 4.683553518569885341e+02 -1.123413818807848485e-13
-5.175303079423274966e+01 3.957961285341390294e+02 -2.789772795084649459e+01 -1.138079329681637546e+02 6.528076152127412115e+02 -1.529071070117462260e-13
-4.397215992203268797e+01 3.380159376122983872e+02 -7.580740993467538935e+00 -1.216560781432847449e+02 6.178528086336975775e+02 -1.444084692905189218e-13
-9.634914212623959884e+01 6.727194922940269635e+02 -1.078664493448045469e+01 -2.257269161492297940e+02 1.091877599222749495e+03 -2.090295906425294081e-13
-5.421914700813864130e+01 3.565609861174299908e+02 2.135676052501270306e+01 -1.854188575641627210e+02 8.474186543010222294e+02 -1.682147563596167705e-13
-1.216676294042172088e+02 8.207919893902333115e+02 -4.512013081236839440e+01 -2.176917617540933350e+02 1.148997330918481794e+03 -2.069319743629886211e-13
-5.794656502562845191e+01 2.436145392637203884e+02 1.664917227224818319e+01 -1.598766976719696515e+02 7.889482240143745457e+02 -1.471675363194157706e-13
-2.562864212850971413e+01 1.664547372075641647e+02 -2.933961043922862721e+00 -5.778410222967166021e+01 2.848511724100932270e+02 -1.117374438169419161e-13
-3.288272141795074077e+01 1.455807893485065279e+02 1.146965326890066272e+01 -1.001698436022366536e+02 4.928457715586233689e+02 -1.228306204224515312e-13
-6.933422241561977728e+01 4.975745349310213328e+02 -3.633523299587238853e+01 -1.087525840574361951e+02 5.980371483224884059e+02 -1.431426911382707927e-13
-1.776861890380403608e+01 8.164075344909120702e+01 1.057512947726299579e+01 -7.808632879554932060e+01 3.971426791697975318e+02 -1.113187675961285928e-13
-1.372719874427342290e+01 1.153845021646894509e+02 -3.210230292687673431e-02 -3.959550075335511821e+01 1.815351720070611350e+02 -9.284300408629829130e-14
-4.753061119873307661e+01 3.513399315426647149e+02 -2.837773443964899300e+01 -9.537073775885015436e+01 5.646307461623727022e+02 -1.414945975865625723e-13
-3.092417078284614718e+01 1.995303613855674030e+02 -6.730248522933452549e+00 -9.802823163275695606e+01 5.554139706336161453e+02 -1.231320102273534797e-13
-8.726467209029472372e+01 6.297125040001931211e+02 -3.829294289471712176e+01 -1.760903607882631832e+02 9.661015047328077117e+02 -1.976728463212141489e-13
-6.381200162444685731e+01 2.812749312876402428e+02 3.156132310604786184e+01 -2.013004085400637848e+02 9.441615975905945106e+02 -1.601652214651769718e-13
-3.140922334354104706e+01 2.210177250154666808e+02 -8.536140346643982468e+00 -7.076429871422959650e+01 3.678893033219325730e+02 -1.205833818196243278e-13
-2.336373580845478770e+01 -1.649974939996834564e+02 9.194472762100849650e+01 -1.535746423463326948e+02 5.645395325184799731e+02 -1.007030746031718121e-13
-7.086033265103353074e+01 3.462640767632004781e+02 3.699976481642140769e+00 -1.388245017340055938e+02 6.549074725829177623e+02 -1.392140807328830245e-13
-1.232853006337155399e+01 1.861287270194533150e+01 7.326317871767943579e+00 -5.698437120574167380e+01 3.224569006742958663e+02 -1.031636598432520599e-13
-3.696804871638789081e+01 3.664872441499807110e+02 -2.435913544606644621e+01 -1.042488249973574597e+02 5.874200826438110425e+02 -1.444927062983290475e-13
-4.694190049649906626e+01 3.516191946227858125e+02 -2.213371788084840830e+01 -7.988748366293410186e+01 4.203124326753161313e+02 -1.329786603415837834e-13
-2.468170083711110863e+01 8.071208211083666484e+00 3.080099612101207640e+01 -9.088392825985307866e+01 4.076605333774564315e+02 -1.106821483074683131e-13
-1.198644201524325581e+01 1.618501315203232593e+02 3.250804723901008497e+00 -8.542209274207647240e+01 4.344073314021405281e+02 -1.121271122450568384e-13
-8.680112383346805416e+01 6.181473482788580895e+02 -4.537541628440573049e+01 -1.441795119847705848e+02 8.054661972241698322e+02 -1.726444002445330218e-13
-4.551836859878626029e+01 2.638520848601086186e+02 -1.263296660572389918e+01 -7.880810255387078200e+01 4.167188859266108238e+02 -1.212403375344340328e-13
-6.941142235395646765e+01 2.699341684616382508e+02 3.926746377139640032e+01 -1.951330041756814637e+02 8.616491922849630782e+02 -1.605678874237640365e-13
-4.884712877736677683e+01 1.213352331088678113e+02 5.113488933211051801e+01 -1.751111062406951646e+02 7.602812562562749008e+02 -1.589715793805259806e-13
-2.109434059915865234e+01 1.112695625270937541e+02 1.004305526602710330e+01 -7.356389284031888565e+01 3.483556345215595798e+02 -1.141799924996524316e-13
-9.109848471757253208e+00 -2.318509714141311235e+02 8.223503542948002121e+01 -1.246359593727304542e+02 4.813911525083440210e+02 -1.041604142483597633e-13
-6.794719666063342345e+01 3.937198070256313258e+02 -4.937673466845000192e+00 -1.427698004116349466e+02 7.018871408460368002e+02 -1.564354447193079103e-13
-9.711788886636695040e+00 5.789911349640959770e+01 3.001594349500469328e+00 -5.013473335051543955e+01 2.752288824638822575e+02 -1.033512703075780735e-13
-3.471133286969747900e+01 2.818439719040297291e+02 -2.628016286909561217e+01 -7.727683161717581584e+01 4.806590783674370186e+02 -1.339142115540176573e-13
-2.520732134921331991e+01 1.422914135147968473e+01 3.237291838976608460e+01 -9.452837803962877672e+01 4.175577640350878710e+02 -1.051301925592254073e-13
-2.271954868105535752e+01 3.941934102685235075e+02 -4.045705297638203746e+01 -8.215535706653412262e+01 5.216835455632800631e+02 -1.377819248727109140e-13
-3.417835098691237050e+01 2.959450668147302963e+02 -8.808322002685477159e+00 -9.877025722065891955e+01 5.028049128981332387e+02 -1.432123379969592109e-13
-1.174111341962755972e+01 7.128226356042897294e+01 1.139769107823218164e+01 -8.144634344366502887e+01 4.220789619397758088e+02 -1.095843846347893193e-13
-1.243176790424361355e+00 -9.938235435754259939e+00 1.522964199796547646e+01 -5.380796441686995735e+01 2.714479027199275833e+02 -8.393818313995437441e-14
-2.223561467458725005e+01 1.143062548159498704e+02 1.224327424188851055e+01 -7.859894229022330592e+01 3.658706780095654949e+02 -1.134497461491467446e-13
-5.809082066301152736e+01 5.292841870404074598e+02 -3.866270049413476784e+01 -1.179499195499766699e+02 6.514642171251781519e+02 -1.636546864398285433e-13
-2.859777327381030432e+01 1.179869348787404846e+02 3.916072411016359212e+01 -1.349871141705845616e+02 5.697376766998200992e+02 -1.363405124908526170e-13
-5.751534213195292011e+00 4.645055870569069612e+01 1.066838873786014386e+00 -4.002170651055742212e+01 2.280606047892760841e+02 -9.247474949094495224e-14
-8.415379699634755184e+01 4.536455692637840684e+02 -2.004123823401306481e+01 -1.450800566223555279e+02 7.701441055908995850e+02 -1.680978776761086075e-13
-3.699694131461075131e+01 2.473859815934490030e+02 -1.268117296726683918e+01 -8.662326247596460860e+01 4.816803011741652654e+02 -1.284982214735244679e-13
-1.150198800841072426e+02 6.227391090622098773e+02 -1.752279031687596245e+01 -2.014124999884640772e+02 1.008348931731457128e+03 -1.973243911449137833e-13
-7.867184619046857108e+01 3.625233319587694041e+02 2.506848293092748392e+01 -2.112129955884514629e+02 9.926566821935036842e+02 -1.747638169361421189e-13
-6.096934948111727870e+00 1.317924837924758492e+02 -1.040511049451123604e+01 -3.863567977719154811e+01 2.294970653456480250e+02 -1.068182906054704328e-13
-3.363374046646295312e+01 3.880130316882683132e+02 -2.735624447981831509e+01 -1.051375740905281475e+02 5.967713728289274968e+02 -1.560533762003372470e-13
-1.551447564392383960e+01 5.560575177042257344e+00 4.380204182180081318e+01 -1.141274747322216570e+02 4.824454407594894860e+02 -1.297581052372124948e-13
-7.073568117630698282e+01 3.216754133440325063e+02 -7.839985622622654138e-02 -1.356976347644140048e+02 6.761881790918220076e+02 -1.612620985825129415e-13
-2.125268531050868503e+01 1.441630297430057510e+02 -1.545151751790901962e+01 -4.480497188223874616e+01 2.942177662807143861e+02 -1.074491657485815454e-13
-3.944320628667482964e+01 7.398279085718979786e+01 2.166676378764416810e+01 -1.181687867682088182e+02 6.011589199074638827e+02 -1.337046814991560770e-13
-3.509050741581037158e+01 2.900448764088950497e+02 -2.479276846236936294e+01 -7.485388296967119004e+01 4.488045057839164542e+02 -1.255802418394752880e-13
-6.536765998781453924e+00 -1.854394398396453312e+02 4.778506243293384159e+01 -7.092184334551808433e+01 3.069350194057291219e+02 -7.939194957533614930e-14
-6.995796835073362274e+01 4.861375681065658227e+02 -3.154767404813328113e+01 -1.244280753976586311e+02 6.811504223211798035e+02 -1.447183722146433004e-13
-2.540207525889274720e+01 1.377314195582691241e+02 5.910993923767804858e+00 -9.281266600613336948e+01 4.847842061652385723e+02 -1.111288124047336969e-13
-8.279972708666621273e+00 1.019419983921266493e+01 1.935931303114431756e+01 -6.010030091394904161e+01 2.724747036536483620e+02 -8.497989686413349625e-14
-3.277885284937492827e+01 2.081604248963495252e+02 -1.213233826901968015e+01 -8.702288309564740132e+01 5.097011608945519470e+02 -1.441461568308242736e-13
-5.388494604744644789e+01 4.199758832776025770e+02 -1.964437983452786085e+01 -1.285239813381400609e+02 6.810599885965730209e+02 -1.597695081374969891e-13
-8.560507633117163095e+01 4.112457057695165759e+02 1.550331716605554178e+01 -1.796684519795314827e+02 8.060525566596359113e+02 -1.665300233079982327e-13
-8.209407574442805355e+01 3.374232952131640673e+02 9.201845217336767746e+00 -1.947447438668378936e+02 1.002096846207769659e+03 -1.776073215707431711e-13
-3.614213797806629458e+01 1.106722653233116631e+02 1.961263066662125709e+01 -9.755442400297427241e+01 4.487483818966529157e+02 -1.185340837587474758e-13
-4.249811735047539685e+01 3.309851919950755814e+02 1.241358689780983759e+01 -1.478027314237772032e+02 6.706580654045260417e+02 -1.706675091330228318e-13
-1.937008827579069603e+01 3.070748867356707379e+01 4.035586029266548280e+01 -1.227642752871385170e+02 5.441013338807129003e+02 -1.407710672501441892e-13
-2.354180391993341459e+01 1.489959684093815042e+02 6.693861156304095061e+00 -9.424436748647411832e+01 4.811063772574574955e+02 -1.272171033366635796e-13
-1.762331781999815306e+01 1.191639092622912557e+02 -2.360238230717997876e+00 -5.963923673600686470e+01 3.284301876985619515e+02 -1.096485975915574640e-13
-7.349317323060800788e+01 5.480694314804389933e+02 -5.170297807766434772e+01 -1.096916422910480264e+02 6.657055578652311851e+02 -1.671055894368006510e-13
-4.541377294562831679e+01 4.309948694527190582e+02 -3.040524626942434949e+01 -1.191427156369877736e+02 6.788545313431919794e+02 -1.579276655030661914e-13
-4.503895913117179362e+01 2.091199948207439547e+02 1.505239109217277971e+01 -1.296785533599995972e+02 6.215334963060455493e+02 -1.386605766274283936e-13
-9.363771455067784188e+00 1.424331140766422834e+02 -1.644835199518150270e+00 -6.775019117779794442e+01 3.612592421605068580e+02 -1.096534011470383636e-13
-1.254353857275000372e+01 -1.262228240928771612e+02 6.521478072559190764e+01 -1.079909621422926307e+02 4.008814652589381922e+02 -9.913116483673007813e-14
-7.973465347871255915e+01 2.860440445106817720e+02 4.545041191939461811e+01 -2.112996874987680656e+02 9.188595769507452360e+02 -1.585132601398829532e-13
-3.342319622086385777e+01 1.272191793164619042e+02 3.483063261471643557e+01 -1.245264648135788690e+02 5.203732053737061278e+02 -1.227657735648647861e-13
-8.066802963491376488e+01 4.368467407531679783e+02 -1.988983050665220631e+01 -1.601541100014757149e+02 8.828721304819605393e+02 -1.704553035180367588e-13
-3.420097363530702950e+01 2.710900636773089332e+02 -7.227114552013690130e+00 -9.105849448645916766e+01 4.591064250962342612e+02 -1.384508071771735580e-13
-7.219887340042650692e+01 1.687146210839331388e+02 7.643346638589515862e+01 -2.304319644232569431e+02 9.352065150449261637e+02 -1.725217252718417629e-13
-6.121647640642715515e+01 4.376733287275009161e+02 -2.153424947648650800e+01 -1.214008724154184051e+02 6.322671602780663989e+02 -1.511915707165794284e-13
-1.422423035580127681e+01 -3.432437040874235290e+00 3.969846868578924415e+01 -1.274376821424432080e+02 6.048450519961924101e+02 -1.177457773845717863e-13
-6.943611689252439589e+01 3.770583833186072980e+02 1.928127933771467184e+01 -1.902698082666757102e+02 8.782571292340721811e+02 -1.638047645303898287e-13
-4.304891252552979353e+01 1.102592162795005493e+02 2.928035636042207202e+01 -1.260291382476665234e+02 5.785235246649810961e+02 -1.238204652927324054e-13
-2.713917977777517265e+01 2.127873003490370536e+02 -9.652466207139546839e+00 -6.347887119351890561e+01 3.321182749388809157e+02 -1.132598921419865400e-13
-1.003033077713005952e+02 6.140793610473832587e+02 -1.318741772029411585e+01 -1.972169968449420310e+02 9.587257191831574801e+02 -1.973277312154914690e-13
-2.095335493960138962e+01 2.579675137849890802e+02 -1.500876991319927356e+01 -8.335357491393547491e+01 4.668334062947122334e+02 -1.325506260355156302e-13
-4.115982999630639405e+00 -1.380362116439347098e+01 2.511818313960066718e+01 -5.096938210949151937e+01 1.918290263025841966e+02 -8.149718075940268968e-14
-5.530187696301663181e+01 2.020463970997006413e+02 1.327664384020854449e+01 -1.328228449245563354e+02 6.592565845344078070e+02 -1.354970582186586268e-13
-3.358656101829406992e+01 1.782521413512698416e+02 5.302590911149542841e+00 -1.000612068610713976e+02 5.076107860255204969e+02 -1.231571919629685244e-13
-5.551673599389705061e+01 3.116872869481989596e+02 -5.518987078224473208e+00 -1.200733149991149986e+02 6.133633171785239711e+02 -1.337824006516852978e-13
-4.695669606430944754e+01 3.380938920326280481e+02 -1.034171838066920124e+01 -1.403152981281459120e+02 7.609365311037040556e+02 -1.670649190148607270e-13
-3.595438044698275348e+01 1.207875786564398481e+02 3.605754265909575906e+01 -1.400760185864523635e+02 6.217793342436233388e+02 -1.571581281516307463e-13
-4.986337516473404285e+00 1.359531600149503276e+02 -2.398315719719676942e+00 -6.875732297766023748e+01 3.776256576050366789e+02 -1.194289672457429881e-13
-2.839635453558707567e+01 2.548859055196240604e+02 3.111755920753039195e+00 -1.420330297601275333e+02 7.474603896335893296e+02 -1.574055508496111857e-13
-4.970608323410155549e+01 3.249016773647724676e+02 -1.991722779181990433e+01 -1.041264240566159742e+02 5.887155300912257871e+02 -1.363924731225789784e-13
-1.557174180082094495e+01 -1.161427828999053551e-02 3.295859151104180285e+01 -8.317919500438388525e+01 3.479785157711826287e+02 -1.004962847324668304e-13
-3.388287578225760655e+01 1.799819739772105720e+02 7.599663851599094855e+00 -1.338452176501023416e+02 7.187444595425540683e+02 -1.530125082041119902e-13
-3.623470578372224082e+01 1.172522430499391106e+02 1.896486605627386268e+01 -1.035677288851940006e+02 4.884874769743233287e+02 -1.217675680620323398e-13
-2.877754103701046162e+01 2.165408211527490323e+02 3.421813573288722488e+00 -1.007799289206916882e+02 4.963343888370938544e+02 -1.427275357847474532e-13
-1.054133051379861712e+02 4.049872295621314606e+02 2.374115725361188822e+01 -2.147503342737518324e+02 9.937114857464888473e+02 -1.680854168845497442e-13
-5.251044598678480924e+01 2.820256957282833241e+02 -7.163598115775950959e+00 -1.207058427750819760e+02 6.499737369341841031e+02 -1.292756541346176043e-13
-1.959881813260745176e+01 3.400447604631324907e+02 -3.018166269499427301e+01 -9.037686426233658210e+01 5.509270109538231281e+02 -1.403432632912197896e-13
-3.333132899453983100e+01 1.402352706737992776e+02 1.627284183387538263e+01 -1.219604192061713945e+02 6.124898582233220168e+02 -1.360829843076594433e-13
-5.656766411787642390e+00 1.008187669548363061e+02 -1.850141541376747911e+00 -5.374776845449845553e+01 2.990462623623732270e+02 -9.723907480828214348e-14
-1.959367970965987027e+01 1.093095624337483258e+02 1.163077301858094259e+01 -8.224763539272603907e+01 3.980016388472312201e+02 -1.086643476130585896e-13
-4.255367306561300467e+01 3.093052057994029838e+02 -2.346105538637758769e+01 -8.922719728565883202e+01 5.227337415217502894e+02 -1.405852190442556455e-13
-5.561359829267306054e+01 2.592266928311261154e+02 2.019778260820259064e+01 -1.435403620004433947e+02 6.448923520802093208e+02 -1.396847787942055473e-13
-6.265345240133136429e+00 -4.772040103119939403e+01 3.625566200846347442e+01 -8.988827227052253477e+01 4.070431523867911210e+02 -1.094272682400285568e-13
-3.736129536188825284e+01 1.640192045850670581e+02 1.721465767061959440e+01 -1.039049541094275355e+02 4.675733481650653971e+02 -1.217383953251652710e-13
4.600327955990511697e+00 1.080650385020854571e+02 -7.954127059420608603e+00 -5.033797119645272033e+01 3.099145187382927702e+02 -1.111816395297430577e-13
-8.728615755478217331e-01 2.353268451157201113e+01 2.221947094747637408e+01 -5.990784519557757903e+01 2.430383546678322091e+02 -1.127273150190200930e-13
1.562732418125033496e+00 5.713191975919104237e+01 -3.022597193865821819e+00 -5.627577833969257171e+01 3.556898605380480376e+02 -1.125026608390993930e-13
-2.627746039716980420e+01 4.359521067170408060e+01 4.802616458201047323e+01 -1.273154815242130269e+02 5.160584643031367023e+02 -1.287987268239124879e-13
-9.714337808109900152e+01 4.173044519116521087e+02 3.535952409887730141e+01 -2.371967429363046165e+02 1.061092790039989040e+03 -1.771560520087244011e-13
-3.306952630488439837e+01 5.530884271775272509e+01 4.109825866560401408e+01 -1.173719739518348604e+02 4.849956589895282946e+02 -1.143232564854949965e-13
-2.082629826293564790e+01 -1.672509169402498941e+01 3.868327382292351757e+01 -8.932300287939541761e+01 3.648854452502610570e+02 -9.190178288706191998e-14
-3.865780174078842180e+01 2.538625002745552024e+02 -1.042179691614208892e+01 -9.289621766912729584e+01 5.046084629233993155e+02 -1.171241448557974023e-13
3.920989868038028181e+00 1.825806796434778789e+02 -1.629082121799680394e+01 -5.391665921547816254e+01 3.325969999841462368e+02 -1.140322344943186296e-13
-1.686582794124396756e+01 1.934983750516778400e+02 -1.900624653850341161e+01 -5.294302093511542751e+01 3.354247914878492907e+02 -1.162260699210897653e-13
-4.177674868877637948e+01 3.770706061463639003e+02 -3.366293602503083093e+01 -8.305068482144018560e+01 4.967519266063160899e+02 -1.270338311028231476e-13
-1.738542433392836273e+01 -1.236304278746066529e+02 7.576280964323774469e+01 -1.330603364260760202e+02 4.999099218072011581e+02 -1.134217426888516816e-13
-1.265759692984845808e+00 -3.939080927476442184e+01 3.335954008120619818e+01 -7.367092068064440014e+01 3.104498318347526720e+02 -9.455516829642252726e-14
-9.062586843718996477e+00 8.805924390647979294e+01 1.484286053563948826e+00 -4.680024347382169481e+01 2.403521780578954292e+02 -1.075202458344707656e-13
-3.701782342614522658e+00 -1.091156590875304886e+02 4.888230156213666788e+01 -1.013053719185758155e+02 4.480308193775898644e+02 -9.408272418262734871e-14
-2.236510751495960747e+01 -1.334266921369433589e+02 7.860638945627748342e+01 -1.290020420254541875e+02 4.616064114260408928e+02 -9.721687688801807878e-14
-4.239185167945764476e+01 3.014975216520587082e+02 -1.760565555628345047e+00 -1.209297813299041593e+02 6.025275189807861125e+02 -1.501098266273850130e-13
-4.486666642780091863e+00 -1.408492130652751371e+02 6.402173222519527940e+01 -9.796108594065736952e+01 3.518558208420445226e+02 -9.574340100756952183e-14
-4.644359346304233327e+01 1.689007030670804852e+02 1.931498252680382421e+01 -1.475993379922568920e+02 7.442769188983872937e+02 -1.529510003347320758e-13
-2.687068637387706360e+01 2.625747567933048572e+02 -2.064682860890145477e+01 -6.101857364868678246e+01 3.494231046033023063e+02 -1.206897849688227991e-13
-2.701387419992570571e+01 1.787592569369373336e+02 -1.337872928910251957e+01 -5.782340058644285818e+01 3.430082845936509557e+02 -1.169284023262379182e-13
7.143109255475014407e+00 2.698693990320829528e+01 1.116760348190799235e+01 -5.874500670146879600e+01 3.035143090940546813e+02 -1.166684187954333068e-13
-1.140901125197222115e+02 4.975578463335491506e+02 2.093864791760525890e+01 -2.335960026644179663e+02 1.070283090116271978e+03 -1.943820392120482028e-13
-3.419418988610544119e+01 1.476446830462686250e+02 5.088245544208555238e+00 -6.796777768531637776e+01 3.157346306720790494e+02 -9.239169061968987018e-14
-3.312412604573768959e+01 4.800422888495312179e+01 5.534215495733988632e+01 -1.638937352161748890e+02 7.118394852156527577e+02 -1.400907041975804109e-13
-4.172512426219100945e+01 1.503791573913510149e+02 2.353278237284019880e+01 -1.362060080422598958e+02 6.542702710438537679e+02 -1.276390000871834206e-13
-7.463798025176274109e+01 5.376961622031202523e+02 -3.478815257449044651e+01 -1.372317437307742125e+02 7.500748260391610529e+02 -1.650606013263938799e-13
-3.399370594563386305e+01 -1.234288231278277692e+00 6.289207089700946085e+01 -1.505935239521041922e+02 6.102499906252824076e+02 -1.174443100422152882e-13
-1.787868424000453871e+01 9.689904266818079748e+01 8.958404946300360550e+00 -5.820327241985804534e+01 2.626086494831518507e+02 -1.018661986330386515e-13
-9.683350316732171947e+00 -4.659673625011753728e+01 4.986222102446327398e+01 -1.056734903776618779e+02 4.251319484340803001e+02 -1.092432470880359171e-13
-6.084679026486639231e+01 4.933383664776603155e+02 -3.681397825230927623e+01 -1.157481685939590932e+02 6.512524583734950738e+02 -1.624168444577651955e-13
-2.480752934238584828e+01 1.702570753175023697e+02 2.318245961828104829e+00 -8.256421701559877135e+01 4.149873453445078439e+02 -1.191739259572297526e-13
-1.341025222653577709e+00 -2.122252201327038534e+01 2.261298037674773198e+01 -4.904726525576071339e+01 2.004201085274924310e+02 -8.485892800577973272e-14
-5.722513613342680827e+01 4.233475180201482431e+02 -2.192859787800697546e+01 -1.173677187177919308e+02 6.182170768140712198e+02 -1.415462799702278855e-13
-1.623194763832666254e+01 -7.945126579197506089e+00 2.529254601579347650e+01 -7.011018178220281527e+01 3.150851989006896474e+02 -9.455624332114666705e-14
-2.946208592572020724e+00 1.483818511775466220e+02 1.862617185409003673e+00 -7.762804601664025483e+01 4.008119484998874782e+02 -1.268608930350546170e-13
-2.287978086149104229e+01 2.149931660223317067e+02 -1.652998042423541847e+01 -6.209498880732748916e+01 3.652718387120535795e+02 -1.134012112695788551e-13
-1.020027245464433463e+01 -1.802732016274154603e+02 7.571429272809241695e+01 -1.029527775293735203e+02 3.394717985324654137e+02 -9.832993897507546707e-14
-2.465723423151514382e+01 1.016639896518373973e+02 7.281856073765569093e+00 -7.660751434999546916e+01 3.935803116112992370e+02 -1.025487701228323416e-13
-1.177560062030896226e+01 4.502728790987383434e+01 1.210417051296730406e+01 -7.582026536784259463e+01 3.990385511356549273e+02 -1.101842642748058237e-13
-2.569758196743602241e+01 -2.722269238329004537e+01 4.945348956237618410e+01 -1.186214151980226177e+02 5.005496842396685224e+02 -1.128003948378294661e-13
-5.413443087923499064e+01 2.786792780125316540e+02 1.027364816493268940e+00 -1.186358845876002164e+02 5.860208078886527119e+02 -1.376931380016733393e-13
-8.095184986816296657e+01 5.574472398141954272e+02 -2.125703831240694441e+01 -1.632330955032364557e+02 8.236286824636950996e+02 -1.891719481870692819e-13
-1.191290491006225771e+01 -1.343239858618752969e+01 2.674340297833871460e+01 -7.616918358318669391e+01 3.505567906654488866e+02 -1.010551345476412815e-13
-3.028661146917602309e+01 1.633936605208083108e+02 4.762358246766574821e-01 -6.647710909399535240e+01 3.236885818884597938e+02 -1.106962859042665013e-13
-4.100900527242735194e+01 6.353822741758162351e+01 4.567199294473477522e+01 -1.236025804223704512e+02 4.915164663621636691e+02 -1.317458487724116123e-13
-6.237573814015124007e+00 1.084202094225980950e+01 1.468461640380494337e+01 -4.890342905827279196e+01 2.266834671410528870e+02 -9.460425137671920664e-14
2.514000541656629117e+00 9.189817028696218415e+01 -1.032287605067936376e+01 -4.426446065043771938e+01 2.961558287999573054e+02 -1.013502866485738237e-13
-2.035515639455923420e+01 3.486373547464712033e+02 -2.777409864088946989e+01 -8.658969163064634245e+01 5.037150951876419072e+02 -1.469497989416440203e-13
-2.617044709946971182e+01 1.168385571028706664e+02 1.934729447806309466e+01 -9.401102485861875380e+01 4.220913216288529952e+02 -1.214791165138648125e-13
-2.180856946750536451e+01 -6.492470771861130174e+01 5.325550130020819495e+01 -1.069315711626534267e+02 4.253224308408321690e+02 -1.109914700740402278e-13
-9.423857999622880754e+01 6.245067322117525919e+02 -3.560668068727343183e+01 -1.600855085916993801e+02 8.451135638666019076e+02 -1.814978680589708885e-13
-3.982236465223752475e+01 1.503494139743516769e+02 1.435132719694070147e+01 -9.692380225745280597e+01 4.490458339672088073e+02 -1.139450589914832773e-13
-8.168900531032951662e+00 1.468560635982335896e+02 -9.754243349447031974e+00 -5.846789183436599302e+01 3.475768493560224215e+02 -1.128605479091986141e-13
-2.811130489120202824e+01 1.306725507947892311e+02 1.362382349540822801e+01 -9.599499070814795232e+01 4.619373025392252430e+02 -1.054250316798091052e-13
-2.855194816992976214e+01 -4.835748171431270492e+01 6.377800872229165208e+01 -1.508227394261921575e+02 6.407736436922741632e+02 -1.365109525902240341e-13
-1.422885623882874917e+01 -9.670945232150550908e+00 3.255744942183468993e+01 -7.800334174798607023e+01 3.228572807745442788e+02 -9.930028033450456810e-14
-1.012091361036121206e+01 2.103293115601974250e+01 1.729992925503846024e+01 -9.890380258529975777e+01 5.385759940493586555e+02 -1.306894407253071873e-13
-5.418446164198684301e+01 6.230314875591516710e+01 6.944586322995959904e+01 -1.778666717288464838e+02 7.048671284970949955e+02 -1.345281167334400760e-13
-3.315642732664032621e+01 -3.031758279380998644e+01 7.298877266333855118e+01 -1.602712514116575164e+02 6.319923302598484725e+02 -1.178129501102873401e-13
-3.059351978687311302e+01 -1.231340366122697247e+02 1.026336946453975401e+02 -1.936245916052489520e+02 7.344931758070536034e+02 -1.198129358158558055e-13
-4.127237526257258793e+01 2.522614838415797180e+02 -1.399116352609535063e+01 -9.460515762448567045e+01 5.401522422735916962e+02 -1.344644779203102343e-13
-2.274688422799670207e+01 8.200766046798916875e+01 1.567826633841668205e+01 -8.189590929351264492e+01 3.897770835572551391e+02 -1.136364578143106904e-13
-4.456224802822996622e+01 2.430017832189326725e+02 1.129884590907778552e+01 -1.419183625323034619e+02 7.029574276767908714e+02 -1.435268619977287797e-13
-4.186545671712897487e+00 1.601845418691425849e+01 1.583516758543055580e+01 -6.172297843164933795e+01 3.016871465194321331e+02 -9.904633051302757027e-14
-5.349009618875694372e+01 4.398209888238248482e+02 -3.355017970718326126e+01 -1.033794315798734402e+02 5.865433748545166281e+02 -1.521124847132723312e-13
-1.408181290949878139e+01 5.568050572252365527e+01 2.703746179542264372e+01 -8.594095510634993218e+01 3.635322168376073932e+02 -1.078582979482800302e-13
-9.366205212724636908e+00 -4.058187379837373499e+01 3.785902999229701749e+01 -7.890108613775338142e+01 3.176496561421124056e+02 -1.041359412605485301e-13
-2.922630082288340247e+01 2.661866413344154694e+02 -1.579458674346976998e+01 -8.032955268002987737e+01 4.454940608594446871e+02 -1.290591123582335417e-13
-2.827173598299817669e+01 1.294554281272248772e+02 1.177573136778484653e+01 -8.654375073358993120e+01 4.111371445758485947e+02 -1.269738395692513794e-13
-1.710909860758357581e+01 5.234676102258698904e+01 2.782691567165588253e+01 -8.282383186499843930e+01 3.399681884137800125e+02 -1.135989187930583102e-13
-4.439161920343744328e+01 3.455914525582619490e+02 -2.678686890612974825e+00 -1.189943844495964527e+02 5.629676827487662649e+02 -1.398455267416801468e-13
-4.696108714029878684e+01 2.584726356920123749e+02 4.296790679016633696e+00 -9.831287121292051268e+01 4.432980819786795905e+02 -1.218294985919808869e-13
-6.917769541737609984e+01 2.256371174653422429e+02 4.068183958745792239e+01 -1.972270349167594361e+02 8.992442910775595237e+02 -1.609455872471926862e-13
-1.069612604296021097e+01 -2.495857903136837024e+02 1.247130406176036388e+02 -2.123799155904146971e+02 8.120819613828846286e+02 -1.217620855830103911e-13
-3.123626549257481599e+01 5.732463920556791948e+01 4.341568555898265203e+01 -1.253265088399479055e+02 5.221379791811480118e+02 -1.210515295406669834e-13
-1.161025527274973115e+02 1.003008599192963175e+03 -9.112190803144456197e+01 -1.720644489349364505e+02 1.003057411263838731e+03 -2.244577069365437762e-13
-1.090988975729734278e+01 1.503292861136045921e+01 2.233900191057108486e+01 -7.352315754314489027e+01 3.400593505664285772e+02 -1.100040304995565734e-13
-1.062201190585728661e+01 8.849275280425865731e+01 -2.069283571391308918e+00 -5.796842231276641400e+01 3.378923364750106657e+02 -1.174566371037163569e-13
-1.582085720811490681e+01 1.065891489873223748e+02 -1.436193186715236658e+00 -6.270603644310546088e+01 3.523749122964462117e+02 -1.107387810334734526e-13
-6.633986996151701021e+01 2.223704013278957632e+02 2.167605722616507791e+01 -1.486404145429518735e+02 6.968143185540561717e+02 -1.385006354476683992e-13
-9.991455266672438995e+00 1.678480343148850409e+02 2.957450828967561063e-01 -8.625756766869830017e+01 4.545522922257142682e+02 -1.352420299363834928e-13
-8.941925720807113009e+01 5.439910336166110483e+02 -2.598745602926171117e+01 -1.559482021720477292e+02 8.148686936141725710e+02 -1.771639445501526012e-13
-4.357104329263924569e+01 1.194272501233930512e+02 3.700547670888152396e+01 -1.371030080076451156e+02 5.967169063982330499e+02 -1.336455893703015288e-13
-3.405676833866530018e+01 2.351199115646797679e+02 -1.704689455842903767e+00 -8.065690354418271113e+01 3.802396031372214225e+02 -1.250652360060912589e-13
-4.631619209938242676e+01 2.318123138154294907e+02 1.959667524270433603e+01 -1.327315878160133877e+02 5.962423383450649226e+02 -1.278183147080904269e-13
-5.428964544954158100e+01 4.541322635062986706e+02 -2.741201473486376372e+01 -1.123500210504057009e+02 5.969846659913797566e+02 -1.487057406964388845e-13
-8.431261175019520238e+01 1.565643048620193554e+02 6.957622059526381975e+01 -2.134828505459055066e+02 8.741452325156973302e+02 -1.454074609499096093e-13
-9.905007834257428811e+00 8.582399288571878060e+00 2.914890807253713945e+01 -6.484703656936802929e+01 2.428282015889016918e+02 -1.030288358625600575e-13
-7.331678199384454331e+01 4.745457984959676878e+02 -3.433133010696611365e+01 -1.135796182934687408e+02 6.345840486789082888e+02 -1.416116362609077525e-13
-4.747079008821352630e+01 2.094390186673090568e+02 3.377912898813883658e+01 -1.595453723751233497e+02 7.020675807870507015e+02 -1.366769446755558659e-13
-1.119189005918026858e+01 -3.222005438722639070e+01 3.893052427250339065e+01 -8.989905975330070476e+01 3.785706795784660699e+02 -1.005216410621260259e-13
-7.475795474396703355e+01 4.419810127542781402e+02 -1.722936774626992573e+01 -1.448314267825353738e+02 7.590302540060430374e+02 -1.606468099153068667e-13
-1.010212023884349009e+01 2.543791170082086239e+01 6.862707513126693470e+00 -4.909928304382054876e+01 2.673970936049636293e+02 -9.390641425115476085e-14
-1.106892751114650082e+02 6.701097941673592686e+02 -3.037240026970088991e+01 -1.957580170468831682e+02 1.017847785353320546e+03 -1.956039643202096353e-13
-1.255150103932223438e+01 -3.065073699701473586e+01 4.358103551573853451e+01 -1.049955004685154734e+02 4.491027887726902463e+02 -1.131447691342689768e-13
-3.386907660972078560e+01 1.346001110873853008e+02 2.913371557345462648e+01 -1.207099034725483762e+02 5.257987431399874367e+02 -1.235067000124322300e-13
-3.591023218421515395e+01 1.570973062366966531e+02 5.684510676215496439e+00 -8.459881582044189940e+01 4.167700731818463282e+02 -1.166423665519498058e-13
-1.921049419460494789e+01 6.236938949922293318e+01 2.182424357197990616e+01 -9.054154692157483453e+01 4.229548186097231905e+02 -1.164026659595400698e-13
-9.300003600646087776e+00 -9.671469702397759605e+00 3.529694544554992319e+01 -9.003154216544572819e+01 3.861646198615144954e+02 -1.078459595885523639e-13
-1.519484187789788443e+01 1.332002246743135458e+02 -3.877672533980117464e+00 -4.380753921341599266e+01 2.213957153473300252e+02 -9.617546386142381777e-14
-1.076853624139504007e+01 1.462735926134654960e+02 -1.083211466317117555e+01 -5.884115124156287635e+01 3.574230554903522261e+02 -1.196916958268114478e-13
-2.164598380189881865e+01 -8.675441678249170252e+01 8.859038450101759565e+01 -1.770400477014718490e+02 6.862447389517490137e+02 -1.247105259053748086e-13
-3.991764725045895545e+01 4.016650353169317214e+02 -6.586534638846328171e+00 -1.341610125925145951e+02 6.487345810486982600e+02 -1.478325479255083397e-13
-3.266257967046971089e+01 1.175109974192549345e+02 1.422742428233521039e+01 -8.390744285865433483e+01 3.864853596869373860e+02 -1.072544858422251785e-13
-2.448991568209095604e+01 9.156283909602673532e+01 2.129490073152103591e+01 -9.014261721351610390e+01 4.021926631436019761e+02 -1.051944617514235886e-13
-4.730652798845483176e+01 3.394118901184705805e+02 -3.744232555173485633e-01 -1.487928234227700273e+02 7.530780790151166002e+02 -1.569672355773928287e-13
-6.919686309503028099e+01 5.605100656126973035e+02 -4.006440111908064239e+01 -1.441554091624494447e+02 8.136587881517497181e+02 -1.758315741662404838e-13
-1.934149821866669683e+01 -1.655405070288256297e+01 4.241990502565885635e+01 -1.029842837121028367e+02 4.326548188297538786e+02 -1.049235911371212159e-13
-5.649746206698957707e+01 -9.194987742521748331e+00 7.987579702949949478e+01 -1.957090883992743784e+02 8.105622757574027446e+02 -1.445173344995441482e-13
-4.284394425002258799e+01 2.341160241399564086e+02 8.651051658498369434e+00 -1.187675715064896735e+02 5.708217949361988985e+02 -1.289018242495668489e-13
-2.887950088330634557e+01 3.457007542897795247e+02 -2.197539758809436705e+01 -8.651420706876390909e+01 4.682021519238488168e+02 -1.301445754326013536e-13
-1.395771886035890752e+01 1.438044346729818130e+02 7.675973295025815268e+00 -7.729306162757136178e+01 3.646673509918589957e+02 -1.074049864212211032e-13
-4.486309331242194531e+01 1.735384681617184128e+02 5.927211520346715723e+00 -9.923698399351678745e+01 5.015332873552411570e+02 -1.287571228656765949e-13
-1.032531395246971329e+01 1.302644312561218385e+02 1.186518935582207845e+01 -1.021980654453276429e+02 5.152120814624224749e+02 -1.288910561598330198e-13
-2.348058975953284744e+01 3.552274386275354345e+01 5.107706376669293746e+01 -1.301847324709487452e+02 5.217318889404949687e+02 -1.239499180221789256e-13
-2.846399793574942905e+01 2.347032995196904039e+02 -2.193876136645400976e+01 -5.181787819895013314e+01 3.163480263961287164e+02 -1.152447163106895539e-13
-2.413096407217921069e+01 2.575093812213341593e+01 4.496677420754021881e+01 -1.223275114823906335e+02 5.152581215352470281e+02 -1.310416308667433242e-13
-2.348189151273921027e+01 2.233169981400859285e+02 -2.263885568022463435e-01 -8.782581279676593056e+01 4.276425530833848825e+02 -1.250307416280593065e-13
-1.055454185133823231e+01 7.272858421741609902e+01 9.649507450089066296e+00 -7.121592923293866306e+01 3.634410436837350744e+02 -1.021594171544962132e-13
-4.008325434242062357e+01 3.275956469312394574e+02 -1.148323790178019266e+01 -1.125310159774796119e+02 5.891820392479152133e+02 -1.477710853007818697e-13
-3.802939838068376588e+01 1.287159392549666848e+02 1.300654606058127172e+01 -8.990449682943444998e+01 4.263866074521017708e+02 -1.159852328517011799e-13
-6.466092775628993650e+00 -7.830865258088155656e+01 6.544500179487707214e+01 -1.247072912164734078e+02 4.765464915908063972e+02 -1.172616130881475733e-13
-6.039462802382266915e+01 1.285806658490087671e+02 5.564996903558669317e+01 -1.677442502753461042e+02 6.764865186024727564e+02 -1.364303950794245264e-13
-1.840807073170299191e+01 -2.352454343596303588e+01 3.946194584907615877e+01 -9.696976709293373631e+01 4.163048739182269173e+02 -9.916491124880858153e-14
-3.934518602234643225e+01 2.384378085871201449e+02 4.648924077350735651e+00 -1.056274984804886117e+02 5.049534790276509852e+02 -1.314947765063516160e-13
2.916844786692357250e+00 -2.360954032979906358e+01 2.057598139867865683e+01 -6.618424845861616745e+01 3.304427981109122925e+02 -1.001168752557749537e-13
-5.008347391187501074e+01 4.010981890485393251e+02 -3.163525685560921374e+01 -1.011189921549631379e+02 5.875553296942914585e+02 -1.682199446590903319e-13
-1.376982014454140710e+02 8.302409479394387972e+02 -2.865740969560478035e+01 -2.539006024845350282e+02 1.279963869772825092e+03 -2.212442612414378683e-13
-1.098183259538399170e+01 -1.540998016913921447e+02 7.522228926195960241e+01 -1.139881675296061729e+02 3.975641706212222175e+02 -9.799049690478888074e-14
-2.468143712738113038e+01 2.679682896222477666e+02 -1.827599270136603948e+01 -6.373333748710991387e+01 3.485118842350386785e+02 -1.183504236404940176e-13
-2.205112583272312676e+01 2.207255292640491575e+02 -1.057423922991263199e+00 -9.075658987520255039e+01 4.545785054508992857e+02 -1.320951800349306316e-13
-6.238328245098051639e+01 4.204435491722576330e+02 -2.389664683590169858e+01 -1.120640295250534280e+02 5.973103153555917970e+02 -1.543976036292858674e-13
-2.946806435369633803e+01 1.522786155037693163e+02 3.803828251193657195e+00 -7.936934691090537797e+01 3.972106852340461387e+02 -1.229446172211407336e-13
-5.358303680600417351e+01 3.209144123610917063e+02 -1.275652092288607697e+01 -1.034664500701025389e+02 5.413164265954595749e+02 -1.299281258148113602e-13
-9.278809319877046846e+01 4.895666896444433860e+02 8.215365229459569152e-01 -1.953143254507149322e+02 9.477306596990922571e+02 -1.716199141342595647e-13
-1.265509703457203017e+01 1.047911686246034577e+02 6.854693763166190834e-01 -7.866089800373977425e+01 4.473629988841758518e+02 -1.135654592417546343e-13
-5.341190807561552134e+01 5.077273749530427267e+02 -3.171163193553256221e+01 -1.379668803412707518e+02 7.573420261489352470e+02 -1.640252995505248245e-13
-5.702459613343103939e+01 3.948147810790219978e+02 -2.895579864685871030e+01 -1.339991401162218381e+02 7.960555944948506522e+02 -1.637414097912656911e-13
-5.668683550053835773e+01 3.469080436462876378e+02 -6.652786606656158064e+00 -1.156452320428842313e+02 5.649541388287282189e+02 -1.458154224177156903e-13
-2.597098344247750390e+01 1.700020184465656996e+02 3.003750010802226367e+00 -9.929510931208031366e+01 5.232625068749044885e+02 -1.323889683008875924e-13
-4.258127403452889581e+01 7.913361782043783421e+01 4.641002546594390310e+01 -1.434781814009181176e+02 6.089381194767856869e+02 -1.247753531624806045e-13
-2.186904657979063415e+01 1.985549583501718018e+02 -8.904673826725170827e+00 -8.443735501482689187e+01 4.786969602068255085e+02 -1.302911918569510489e-13
-1.207464123777200804e+01 2.344874381584714342e+02 -3.143066193804711261e+01 -6.515644186902790125e+01 4.670176016948952338e+02 -1.353370027439769451e-13
-3.062673593739853573e+01 1.777863845278434098e+02 2.640054210066230311e+00 -8.837594029113685679e+01 4.464586919958887847e+02 -1.251225499528342300e-13
-8.467450366423429742e+00 -1.096552190631504402e+02 5.630852125751596304e+01 -1.165388269296213508e+02 5.032449623913446999e+02 -9.824158202985660444e-14
-4.871318720353676923e+01 3.456323406926406960e+02 -2.173804466553560033e+01 -9.220595132139168015e+01 5.049965889626968192e+02 -1.374606215501273211e-13
-3.044722660368522327e+01 2.717884336573231394e+02 -2.610717031607375915e+01 -5.872811685262445280e+01 3.622442564591955261e+02 -1.220471444248065999e-13
-3.100905961877614470e+00 5.366162708850927743e+01 1.938898750423024353e+01 -8.781818419313084689e+01 4.266588543070314472e+02 -1.131426367824866724e-13
-3.748028829776914250e+01 1.871483911006394010e+02 -2.485939213709410289e+00 -8.136452506075670499e+01 4.252889933050116156e+02 -1.223012733560174307e-13
-2.367024634365661839e+01 6.973260477272488345e+01 5.203243002318988175e+01 -1.592968458773467830e+02 6.861656700279844472e+02 -1.224183251592994812e-13
-2.821095054117058609e+01 3.125199433351575067e+02 -2.523505454793234293e+01 -8.703966470589213600e+01 5.170325261289867740e+02 -1.500910769966767336e-13
-1.710834748416281315e+01 1.372703333267098174e+02 5.620157247901027553e+00 -8.463407713200236060e+01 4.320030680663361409e+02 -1.141776245369492927e-13
-8.370913946142630735e-01 8.576591301461125738e+01 8.418656246948322819e-01 -6.000312647830689627e+01 3.349189235198185770e+02 -1.050124319144952809e-13
-7.587788269453686496e+01 4.888690458008858855e+02 -2.536134904914563748e+01 -1.443701819650683831e+02 7.735614970607057330e+02 -1.628251322105921028e-13
-1.920844134692722704e+01 -4.694144904563777310e+00 2.585604341544742368e+01 -7.842046152821410487e+01 3.649520614822554307e+02 -1.136162525201699385e-13
-1.302371779244715633e+01 2.444986251488446527e+01 2.990734249669483802e+01 -9.092186366668990161e+01 4.015961298963821378e+02 -1.121871342527463494e-13
-3.853995827466116708e+01 -1.598174416139498533e+02 1.156053302510273681e+02 -2.203873118528256043e+02 8.582611935808164390e+02 -1.319538742302335661e-13
-2.843247529236824889e+01 1.324015222410640149e+02 1.356162149668309169e+01 -1.017083419633077597e+02 4.994748875268187476e+02 -1.223419212171592334e-13
-1.606096321991802611e+01 -1.366795368364927121e+01 4.495378880787930598e+01 -9.455021613870225394e+01 3.575897327155823291e+02 -1.003333324578998595e-13
-7.355329401640018716e+01 4.897779123998143405e+02 -3.246574102992990873e+01 -1.330630754264950042e+02 7.424097226155679436e+02 -1.745595424875382381e-13
-1.394095365449566515e+01 -2.599294935936817978e+02 1.031092962798828410e+02 -1.434744644865058945e+02 4.949057075445362557e+02 -8.932018404148970060e-14
-5.786397576478223215e+01 4.665547963509995952e+02 -3.667902318378945381e+01 -9.489022137562180603e+01 5.298606385403663808e+02 -1.510310819525622806e-13
-9.104842659246282111e+00 3.260510048520870452e-01 3.870447533683483243e+01 -9.454165121290724016e+01 3.872925792845232991e+02 -1.023032583566713640e-13
-8.205811712958326609e+01 5.437978210139291377e+02 -2.133399547743296054e+01 -1.677862751094831708e+02 8.647724263595905541e+02 -1.798422822516909309e-13
-2.290465476509565335e+01 -4.095825436138421338e+01 5.235413081505750910e+01 -1.104575324543449568e+02 4.371762408284269554e+02 -1.031971888283073643e-13
-5.556697155819904310e+01 4.787591229149100513e+02 -4.157271788508331412e+01 -9.094325993040391154e+01 5.257136461490554211e+02 -1.464874859634690511e-13
-4.077394837869354305e+00 -2.207106453286771170e+02 8.095935958411673994e+01 -1.154051640686533204e+02 4.193149016944312848e+02 -8.877436409702732284e-14
-3.617277889966425164e+01 1.303476010679852948e+02 2.071071477026939789e+01 -1.177158221090111709e+02 5.627828185481153014e+02 -1.169007679994958861e-13
-3.478735817252022411e+00 2.665647258039539835e+00 2.062028959481332890e+01 -9.370611588986183449e+01 4.958608820048698362e+02 -1.226846869829598308e-13
-1.899742746842418128e+01 8.992403952078657881e+01 1.219779967111262464e-01 -6.125894367860527012e+01 3.449172314285260086e+02 -1.060005404831529130e-13
-2.466108556286731002e+01 4.322788620595401454e+01 3.056616899397026543e+01 -9.925844367196609142e+01 4.396081012909378956e+02 -1.107012325090056613e-13
-1.264506014928531208e+01 6.661209684808426346e+01 1.312656552219386619e+01 -6.464001202243638033e+01 3.014449068950892752e+02 -1.065624150606770129e-13
-5.872763420622054475e+00 2.340693985242211284e+02 -1.111866955820305414e+01 -6.946657599151070883e+01 3.661169003818459942e+02 -1.277671755422309570e-13
-7.258093054809880584e+01 3.837484305595357341e+02 -4.253605703783987835e+00 -1.404793792439695324e+02 6.894386714245757730e+02 -1.467063432812267632e-13
-4.456334957835443333e+01 3.815094725730022560e+02 -3.627047734570118109e+01 -7.120730218916051513e+01 4.305768113756231514e+02 -1.316038002525853224e-13
4.092064739102192483e+00 8.286717798050398187e+01 -6.217970979865523162e+00 -3.336993984352461950e+01 2.032455735920588609e+02 -1.026701642621164301e-13
-2.469618342497755847e+01 -8.025036488228873566e+01 5.054604770499695832e+01 -1.009054559710547494e+02 4.134473039079250611e+02 -9.353567421769466843e-14
-2.507264077578172490e+01 2.000496055283983594e+02 -7.547172559824526061e+00 -7.123867307336735166e+01 3.801627735377068689e+02 -1.111502305707798359e-13
-3.883367958697887445e+01 2.592855713153427359e+02 -3.340985413218169775e+00 -1.107493525488690409e+02 5.752626894466445719e+02 -1.341434957728512496e-13
-1.866391584506990720e+00 -1.778719642735898390e+02 8.335999887627188798e+01 -1.218006163159182620e+02 4.154154893452654278e+02 -1.082728208449681126e-13
-4.276149569349609436e+01 4.416749695417819908e+02 -1.596750516487627536e+01 -1.573775777482503315e+02 8.355150270001904573e+02 -1.685814756554892829e-13
-1.725245547362280263e+01 1.861550821655492882e+02 -3.018135366109435669e+00 -7.148771560302296280e+01 3.630291919582138007e+02 -1.164099344755479265e-13
-6.154180110040582008e+01 4.637767949836735966e+02 -2.807945047066331057e+01 -1.143467019948868000e+02 6.075921387989195637e+02 -1.555977720236239336e-13
-4.407822957255738316e+01 -2.463885843560083444e+01 7.982451740483799085e+01 -1.751686216949512414e+02 6.841577229038929318e+02 -1.312942243340812411e-13
-1.973655032947169374e+00 6.621166457138929218e+01 4.370387964746331733e+00 -5.943829217577438584e+01 3.228891880408735346e+02 -8.963011765467907631e-14
-1.030347568276269499e+02 5.373850570632533845e+02 -8.813738560911003717e+00 -1.949686775868840130e+02 9.719897772058593546e+02 -1.839289214007115686e-13
-2.840077234294929553e+01 1.128324871149939668e+02 8.312904552795872704e+00 -8.104620627912295561e+01 4.085983512650997795e+02 -1.176513631461323016e-13
-4.697543950994167972e+01 3.797444052153212510e+02 -2.774875890815056323e+01 -9.575919199119272207e+01 5.423184879304169499e+02 -1.353447165737160100e-13
-5.859447624389281373e+01 5.037633149714092724e+02 -3.645738277503435398e+01 -1.102570041939752770e+02 6.043821194803443859e+02 -1.552579283591858702e-13
-8.702722895277918269e+01 4.332448585085421087e+02 2.492855932972809541e+01 -2.136356296982918366e+02 9.578224523891420858e+02 -1.823624513647266075e-13
-3.408356718269100583e+00 -8.827852690595786100e+01 5.183299652109919009e+01 -9.887342037889679602e+01 3.974426165569873888e+02 -1.188164144967453026e-13
-1.000667370966054364e+02 5.139510153129978107e+02 1.128502763507563600e+01 -2.158166360762290310e+02 1.000567975921301127e+03 -1.906950129944413889e-13
-6.059658738566406555e+01 2.805219057886269525e+02 8.045832598140501446e+00 -1.207237099069699298e+02 5.537185980989833070e+02 -1.374158682002946322e-13
-2.452681067185001496e+01 -1.836085628712316691e+02 7.203952587594177714e+01 -1.351438435338124577e+02 5.818969399764384889e+02 -1.125900239944344776e-13
-5.797751411659802301e+01 2.836308189510550619e+02 8.080757771884593765e+00 -1.321271999516596622e+02 6.278732521950049659e+02 -1.595073294574234964e-13
-2.243828531474053634e+01 -6.611595641113677146e+00 5.211537465079305775e+01 -1.362217093936918104e+02 5.866548086774623698e+02 -1.292122364663923518e-13
7.417105826468481489e+00 1.237010570655224484e+02 -4.210369772802467381e+00 -5.225759243338305282e+01 2.873244322013607643e+02 -1.128108803211055478e-13
-3.628678770045682001e+01 3.144547516738365402e+02 -8.327749473731469010e+00 -1.089447592061337673e+02 5.545130133633221021e+02 -1.437755454667699895e-13
-7.159463872687791763e+01 3.311234014550236679e+02 8.327791019050966526e+00 -1.646638186396690173e+02 8.100998111421797603e+02 -1.574696342715097548e-13
-3.040315631664860518e+00 5.488606546117919649e+00 7.437051003262352467e+00 -5.197901349367131019e+01 2.977497426553148330e+02 -9.456992236938156557e-14
-5.141290165458230632e+01 2.347955657510858316e+02 4.045984951006975638e-01 -1.124857985956497259e+02 5.809435989517029384e+02 -1.389241141755813854e-13
-6.583523624868530533e+01 5.251342389690171331e+02 -3.865530487948065286e+01 -1.191930096604310592e+02 6.628265042591377778e+02 -1.672547955303357835e-13
-2.467717407976688548e+01 -5.240740328672781345e+01 5.071314249059120272e+01 -1.017939762505668000e+02 3.978703018239024232e+02 -9.767110530972959749e-14
-3.902366491851996244e+01 2.034326927725758765e+02 -7.953715373608988282e-01 -9.687343762259948221e+01 5.067417948397451255e+02 -1.351455857916538420e-13
-3.450170833472240162e+01 -8.785285171933092840e+01 7.503204886329729106e+01 -1.496198861016782189e+02 5.896070359922151738e+02 -1.250732139679773774e-13
-7.131784392895741576e+01 3.214809660472749329e+02 9.225956365901916811e+00 -1.604481518923661838e+02 7.830938328752617963e+02 -1.597785792177960003e-13
-7.753091848893546967e+00 -8.323144163236580084e+01 4.984205170261916606e+01 -9.602860584016610801e+01 3.873652235534942179e+02 -1.119664137216552545e-13
-3.029959657146226348e+01 6.138105178643861137e+01 2.613162956744899290e+01 -1.011441970522929807e+02 4.673557813153101961e+02 -1.147935049156673638e-13
-1.546494173293115715e+01 -9.361285946798231805e+01 6.069480995583203509e+01 -1.132237624652465087e+02 4.410452509749431442e+02 -1.072706140885246928e-13
-2.379239333875705142e+01 1.384404855353414519e+02 -3.162022364157301535e+00 -5.221776544019149924e+01 2.694961371819996430e+02 -1.015376957602180163e-13
4.347280117142714673e+00 -5.928478889380519945e+01 3.434592598815707021e+01 -7.549429859822241440e+01 3.310190786730346417e+02 -9.774031731014795550e-14
-5.417800677266310316e+00 5.687440850233019773e+01 1.377424487103677642e+01 -6.524389020348883150e+01 3.085160363490803661e+02 -1.232729135591705480e-13
-8.900730651599378263e+00 -2.282892239431767507e+02 8.303979003141824933e+01 -1.086551069219872829e+02 3.661748153032449977e+02 -9.133296949459346214e-14
-4.169269352089997938e+01 2.987020511491116395e+02 -2.475399948257824079e+01 -7.335128009216469991e+01 4.320864102040384864e+02 -1.328525941578099548e-13
-9.869276673337211037e+00 -1.287900821256209269e+02 6.096272670022784013e+01 -1.131820157110955165e+02 4.649215938501716892e+02 -1.121046190668212439e-13
-1.494890831850373480e+01 -1.909401604056742201e+02 8.739874193010729186e+01 -1.349840426879031554e+02 4.877739007264115685e+02 -1.051916973241876349e-13
-4.225175087357213144e+00 7.138864224065238773e+01 6.698670705351389643e+00 -5.624564403119849487e+01 2.826946857009803580e+02 -1.027738713195813396e-13
-2.410378084597415693e+01 8.115124904737081124e+01 2.977365801041443305e+01 -1.059391725878378168e+02 4.617077554121161711e+02 -1.237022364362849579e-13
-4.087514242610313175e+01 2.140115072194309391e+02 5.407145538677460728e+00 -1.064271693328599042e+02 5.234364418707085633e+02 -1.502612291350682417e-13
-6.585305336570765000e+00 -3.254090380705827670e+02 1.151755957386864395e+02 -1.416982043036680636e+02 4.537904449989314344e+02 -1.023473021102264177e-13
-2.095709322053057733e+01 2.721500324758339318e+01 4.038345199944487973e+01 -1.223039561803811921e+02 5.433986366325715380e+02 -1.246238627406863708e-13
-3.124671904158835289e+01 9.191289953231141396e+01 1.441719780292002895e+01 -7.883430680088872577e+01 3.699909064090523430e+02 -9.918497691735282899e-14
-1.063471000046768644e+01 1.341308532230799528e+02 -1.321116931655465510e-01 -8.085793758319810820e+01 4.457932794454807208e+02 -1.233134938616392964e-13
-1.130450003821366778e+01 6.242606075127704202e+01 8.454192026534910198e+00 -5.354420162949450201e+01 2.598736948305916030e+02 -1.029343439432232543e-13
-5.084681354326912128e+01 2.970956015641006047e+02 -1.054732310430447306e+01 -1.153136171513834967e+02 6.243247455261177947e+02 -1.440454276012519840e-13
-1.703798008851359924e+01 1.188708042580814066e+02 8.296790308514924162e-01 -7.415521128462542322e+01 4.057910679589556366e+02 -1.292273256952113688e-13
-5.655173292813915964e+01 4.404063490887720604e+02 -3.115843793919092164e+01 -1.230175283444515060e+02 7.028096622309866461e+02 -1.569773289956744407e-13
-5.790915415099990327e+01 2.281794618620700987e+02 1.992616513189188510e+01 -1.477146371456855434e+02 6.975331044404060776e+02 -1.428713252666234079e-13
-5.027237977344409359e+01 3.540059896159858681e+02 -2.617830693834389777e+01 -8.979470753795189353e+01 5.110856015845834577e+02 -1.367479746690716792e-13
-8.061128195334196889e+00 2.174124090325354075e+02 -2.301530134260602267e+00 -9.660196878976830703e+01 5.042874967512584021e+02 -1.206464434555836935e-13
-1.380687070919476689e+01 9.559886549260892252e+01 -4.301456546016108051e-01 -6.737327126224835183e+01 3.853882822220644471e+02 -1.127896865107382092e-13
-6.783585960445013541e+01 4.758108122260063624e+02 -1.853818334901514930e+01 -1.392789678289498170e+02 7.052067656334204457e+02 -1.419472875925121193e-13
-5.629600166945448336e+01 4.442302709681545139e+02 -3.413774432282356486e+01 -9.988129362023495617e+01 5.635481987839627891e+02 -1.438722450492997579e-13
-1.575517571741624856e+01 5.069091400554410853e+01 -4.142278410204386141e+00 -6.381327388484862695e+01 4.182780888651961391e+02 -1.100474344979463741e-13
-2.540078944035507291e+01 1.987209832992969893e+02 2.155578853593370869e+00 -1.024931494452080898e+02 5.290750978394944468e+02 -1.544747007357638102e-13
-4.197376034961351365e+01 1.301404661384606243e+02 3.542699625085256088e+01 -1.403888858807078179e+02 6.210446746779334717e+02 -1.282858161519846407e-13
-3.552173023554307463e+01 4.277017764412706669e+01 3.552500029434276740e+01 -1.276901910853279105e+02 5.993078053603258013e+02 -1.278775600568537395e-13
-4.750820917387839160e+01 2.786674703822968979e+01 5.484713995250049834e+01 -1.452785494365663510e+02 6.046748667129381829e+02 -1.270821045058108467e-13
-2.501193172604799386e+01 1.105094352581086810e+02 3.222460502574789842e+01 -1.273415325900332959e+02 5.682921699648383083e+02 -1.395608810719205116e-13
-7.487477415067506570e+01 5.140949135784779855e+02 -2.691382699636959330e+01 -1.272785094769675567e+02 6.500505342822129933e+02 -1.518965028068806594e-13
-9.292408580540831053e+01 3.465328270590649709e+02 2.279599660979024733e+01 -1.914474261549706569e+02 8.861001174257398816e+02 -1.489152315981531550e-13
-2.824347496213798436e+01 -1.149373777126108109e+02 7.891347208305836602e+01 -1.250010705876086661e+02 4.191402820665862237e+02 -1.004733252152196332e-13
-9.696088287532679928e+00 -1.868210233691378050e+02 8.395242705027914099e+01 -1.238137302364889223e+02 4.317349094580737301e+02 -8.763340414757949913e-14
-1.659610093258739596e+02 1.042194488831510625e+03 -6.613204236451788631e+01 -2.409773291908424824e+02 1.277366543482566385e+03 -2.256861638986764380e-13
-2.139476281668822821e+01 6.562121983139707027e+01 3.357698523457111150e+01 -1.024387344205805022e+02 4.252208076009538331e+02 -1.091813949327007518e-13
-1.936488878885369402e+01 2.576255494398175188e+02 -3.119895414563279346e+01 -5.351994271097451872e+01 3.702818510347985352e+02 -1.246888840974675093e-13
3.171538171256938488e-01 -1.736697109868631728e+01 4.111114472773617479e+01 -1.000629027652301772e+02 4.220006199699244576e+02 -1.207510994583399249e-13
-6.006742961118796842e+01 2.564951395090229767e+02 4.243389080481415476e+01 -2.038026798237483490e+02 9.095255035124507685e+02 -1.602147119992830991e-13
-2.168984887810698581e+01 1.091863470641531819e+02 7.028725335474949709e+00 -6.431282033525597797e+01 3.070129714276930599e+02 -1.182769678483899889e-13
-8.399315235582650985e+01 6.860802558125075166e+02 -4.592991576843800061e+01 -1.756753012108237328e+02 9.707979208421035082e+02 -2.069363253718814493e-13
-3.590296779444026498e+01 -6.829373945788461242e+01 9.015355386181343533e+01 -1.702089160068831291e+02 6.167220164918545606e+02 -1.272547648552841684e-13
-3.041851576702929449e+01 2.562971613336042651e+02 -5.057498037845334693e+00 -8.937108804702450016e+01 4.447371283802981452e+02 -1.304198078774051062e-13
-7.494198910783936185e+01 4.599428450900198300e+02 -1.724600504869957973e+01 -1.306433829394953250e+02 6.505396241346816169e+02 -1.666266124666014026e-13
-3.770198496374732855e+01 9.327252284763522994e+01 4.341336159723826427e+01 -1.398626154351196362e+02 5.934375482616453610e+02 -1.261982710474027371e-13
-3.812386671461816690e+01 2.756304089788355327e+02 -2.912816654619022394e+00 -1.138295409202262647e+02 5.812041908478847745e+02 -1.312072542811207243e-13
-1.975923873718728530e+01 -7.429749648994560474e+00 3.796219180802762594e+01 -9.586584437449245399e+01 4.066572540103832694e+02 -1.024924305005544761e-13
-2.958048975517329282e+01 -7.128789130655387396e+01 6.834713567021614722e+01 -1.282481406597034947e+02 4.765868933123665556e+02 -1.121542279416314903e-13
-2.009033969837681610e+01 3.733682122510555956e+01 2.794839704252138191e+01 -9.872341279655766755e+01 4.571222148749877761e+02 -1.123558355952617660e-13
-1.204266679419377510e+02 8.889422385633239401e+02 -7.040081859377980322e+01 -1.722296748799716397e+02 9.552612064864531476e+02 -2.013990321258557803e-13
-4.950515457067935898e+01 4.233170451465248334e+02 -1.973020738141244124e+01 -1.299961431822560485e+02 6.890498185729290981e+02 -1.651907997407679708e-13
-4.912684877543739503e+01 3.051745140454892748e+02 -5.614767916528596636e+00 -1.076494449034772600e+02 5.352423935014957124e+02 -1.378705373891783507e-13
-3.166156564623783254e+01 1.163508395642332545e+02 4.281824406698981278e+01 -1.501082661310569506e+02 6.491579684322587127e+02 -1.455448714381086500e-13
-4.132591704514489095e+01 1.701153944425155089e+02 2.481944114921764211e+01 -1.225455439574372889e+02 5.396682218895545020e+02 -1.183709119686837285e-13
-2.076893539925663390e+01 1.737622352971406769e+02 -1.472246616659635166e+01 -3.991867490439361177e+01 2.349233780252957615e+02 -1.018061177138858315e-13
-3.033603493877068402e+01 1.174702716579271424e+02 2.213163836999154910e+01 -1.056485146424632404e+02 4.820194508909397655e+02 -1.253628249649658396e-13
-2.817884717740949796e+01 7.735668521787887641e+01 4.749804432646561025e+01 -1.479894126680608792e+02 6.336005449617297245e+02 -1.306537724892661808e-13
-5.346502549797363457e+01 3.859097720516850814e+02 -1.388324757198266823e+01 -1.202319111348032123e+02 6.134449609201921021e+02 -1.550311181278677995e-13
-1.482130409983957975e+01 -1.434802465873568735e+02 7.269534280911038593e+01 -1.214799321917504642e+02 4.563158182658754072e+02 -1.086590181857150111e-13
-3.765771008732875913e+01 1.249325900894337877e+02 2.525897521596705531e+01 -1.257066102655837909e+02 5.913364881049576525e+02 -1.204828867183306874e-13
-1.800385794277419294e+01 2.093049598728489258e+01 3.305612642603181683e+01 -1.055279135403146142e+02 4.821992530441490885e+02 -1.117081651644926641e-13
-4.863481393695256116e+01 3.209413644635676519e+02 4.058532851295810318e+00 -1.574425650415355449e+02 7.964037003323418276e+02 -1.477512829693024853e-13
1.388274281396312537e-01 -4.486225564955142175e+01 4.278230392906228019e+01 -1.027271662911152816e+02 4.494252534052655506e+02 -1.044329719131576835e-13
-3.750394703498827198e+00 -3.494430979684330509e+02 1.285946654740713768e+02 -1.877920098659758992e+02 6.953488077648562466e+02 -1.219932772284542723e-13
-5.456492118973623207e+01 4.765483383185369917e+02 -2.942786468846082570e+01 -1.206451063573159672e+02 6.491844725360297161e+02 -1.626737392535079539e-13
-4.997764619447860213e+01 1.937883290436389530e+02 3.548666449562643521e+01 -1.602049098588474862e+02 7.070692333321180740e+02 -1.454526414858618792e-13
-3.453516245169979726e+01 2.188294757380470799e+02 8.263645997769362594e+00 -1.042773601992579557e+02 4.871314801140003965e+02 -1.391085951269917188e-13
-6.530038776000576206e+01 3.183178959930572773e+02 8.308466792666177270e+00 -1.445518163224954833e+02 6.844303811725937976e+02 -1.586067855650341666e-13
-1.934390523703132558e+01 -4.410814678381564136e+01 3.154885590050648148e+01 -7.947214432797399297e+01 3.645261743631662057e+02 -1.073424276014724231e-13
-7.246875270430371074e+01 1.857210034520777526e+02 4.554842012569117315e+01 -1.715182583077117613e+02 7.245737417570918524e+02 -1.347164167745515687e-13
-5.462567331756320499e+01 8.186205157006978084e+01 6.860133303312073849e+01 -2.079862353188946713e+02 8.983863054021740027e+02 -1.492654252668942509e-13
-3.941237461008110188e+01 2.983670765672947027e+02 -2.418295292114393646e+01 -9.111362875091010949e+01 5.480883841790542874e+02 -1.407976933283713878e-13
-3.733081862153646568e+01 1.787319081879248586e+02 2.941964621533093549e+01 -1.371050024599830692e+02 6.017291714257946751e+02 -1.312395070737851249e-13
-9.016585978359972842e+01 3.587885178096986465e+02 2.563523079113997838e+01 -2.051041494443531690e+02 9.507018015525715100e+02 -1.617086540524607922e-13
-7.297368840542879376e+00 7.520218736828184092e+01 1.023384333901782739e+00 -4.237058313623777650e+01 2.229826307585313714e+02 -1.009060230814235458e-13
-1.847660412028219667e+01 4.945431184409239123e+00 2.256411117947687117e+01 -6.556809493039908432e+01 2.925547172623839174e+02 -1.027671912642060718e-13
-4.207358498618236808e+01 3.126088058210317513e+02 -9.000395985263981657e+00 -1.082500870679422462e+02 5.555116947085977017e+02 -1.339159444502387867e-13
-2.626019134193226634e+01 1.969571078154970962e+02 -5.563984029173615120e+00 -7.944795855325403977e+01 4.249173364217899689e+02 -1.258853086198498856e-13
-7.005481048816444911e+01 3.999559337504022665e+02 -2.230523353718683310e+01 -1.469263218371274036e+02 8.365577563101618352e+02 -1.707736138078010521e-13
-6.616625374601294141e+01 5.085531522322148135e+02 -3.701696756511438480e+01 -1.066899434484682700e+02 5.804643354944455496e+02 -1.557625123728844896e-13
-3.660049059943555250e+01 1.805724019352846597e+02 3.204600080170482101e+01 -1.499177202017711750e+02 6.696818066692358116e+02 -1.559805806225084463e-13
-2.983224790471776089e+01 1.194796047916828883e+02 1.091377409808765009e+01 -7.982306708457007005e+01 3.788163558688193007e+02 -1.132350369690745031e-13
-4.132716891079726196e+01 4.889570317651458708e+02 -4.905354850562235924e+01 -9.264595580374044914e+01 5.776065284755478615e+02 -1.611142662685939197e-13
-2.304507105074588935e+01 1.108567576205049505e+02 1.026646412083871063e+01 -7.298278340929455510e+01 3.433206040360949487e+02 -1.092957212844091132e-13
-4.369746338162582333e+01 2.457799917933239442e+02 -1.409489798408495531e+01 -8.028675207083726661e+01 4.493223990345499033e+02 -1.281444490056676793e-13
-3.674993430273155326e+01 6.275782573829193467e+01 3.913564071578458226e+01 -1.229121399942443134e+02 5.293419247648648707e+02 -1.278439953195837161e-13
-1.113976839440724831e+01 -1.572145345663448381e+02 7.220498658609868414e+01 -1.117798286798521303e+02 4.043473046317434410e+02 -1.044983357031622873e-13
