1.253781879046715585e+04 3.577661223705938028e+04 1.043499082311912025e+04 9.156580228651082507e+03 3.412130986839515972e+05 3.335861288277698623e+04
9.685291000554121638e+03 6.157449800152005628e+04 6.825673189804223512e+03 1.044230269079733807e+04 3.433328141656714142e+05 3.380291558513893688e+04
2.282582368032095928e+03 5.241179616217828880e+03 2.417541452553363342e+03 4.697340180118783792e+03 1.568162709037803870e+05 1.397291490655767666e+04
1.440683260776045208e+05 5.139803605811367161e+05 1.255982618728234520e+05 7.492613238687456760e+04 9.899071911673900904e+05 1.800322305735595874e+05
1.778137715124163151e+04 7.994896814879318117e+04 1.011407402913457918e+04 1.225899214521325302e+04 3.466118320877082297e+05 3.717153852905791427e+04
1.533845080807021304e+03 1.249375745647036092e+04 5.855955471234872221e+02 4.106553533766567853e+03 1.824876302830270433e+05 1.500149077525795110e+04
2.667840592973228559e+04 9.955190430070829461e+04 2.089153590886354505e+04 1.678562393276447983e+04 3.812203482498525409e+05 4.716195770055449248e+04
1.963738140349004243e+04 3.981920504180289572e+04 5.999886252193179644e+03 3.215274061412733499e+04 4.886517166449973010e+05 5.196184858991647343e+04
1.659729367216032915e+04 1.623948219299145603e+04 5.835463581114615408e+03 2.561231330312254431e+04 4.460655681333966786e+05 4.490263329471118777e+04
7.973002782182139345e+04 3.328222402244248078e+05 5.538788570021669148e+04 5.576291631170876644e+04 6.862711026918496937e+05 1.117156267070753238e+05
6.389546256891133817e+04 2.100350812520436593e+05 5.287463023027058080e+04 3.586972884861260536e+04 5.385999691209981684e+05 8.563000985845163814e+04
2.759267807943578009e+04 1.111434555678817560e+05 1.847550692576782603e+04 1.678900914652742722e+04 3.651982126831772621e+05 4.561778901944500103e+04
2.821286789991241312e+04 1.133698724218846328e+05 1.455082440928155665e+04 2.306063222641648827e+04 3.474852313417923870e+05 4.568062011374715803e+04
2.094511170425493219e+03 6.452480462176321453e+03 7.966883383213655634e+02 8.630698742341593970e+03 2.019045084984262357e+05 1.814533156837716524e+04
3.935958720581250236e+04 4.344154543044007733e+04 2.810769680268159573e+04 4.069341734158419422e+04 5.898610346303257393e+05 7.234064671929508040e+04
5.800331917685748522e+03 1.812051293800131816e+03 2.126043059642493972e+03 1.009370026150313788e+04 2.283929843178654555e+05 2.093197459210575107e+04
7.969976631144744169e+04 2.372559820062378130e+05 4.350445096260750142e+04 8.066207461031347339e+04 6.879292067331605358e+05 1.132355249319049326e+05
1.057104577657374648e+04 1.688369926819035754e+04 5.558885870721484025e+03 1.235763588027877995e+04 2.192720947751647036e+05 2.356769200797847952e+04
2.546634139354104627e+04 8.276012306806757988e+04 4.720865621848391129e+03 3.998158935101150564e+04 7.606253158014743822e+05 7.536776158133678837e+04
1.984118389795697294e+05 8.575119177621665876e+05 1.321679659909995971e+05 1.363098300207240391e+05 1.251200802516990108e+06 2.451907016327299352e+05
1.380794010541482749e+04 2.793908741370926145e+04 7.564989608793764091e+03 1.508067299299614933e+04 3.134885908718925202e+05 3.254769987470225533e+04
6.291797311374791207e+03 7.701514168753600643e+03 3.428520083986947611e+03 8.661625921530328924e+03 1.919956036888814706e+05 1.868918245642929105e+04
3.871763707044164767e+04 1.370557506474582769e+05 1.986640677564063299e+04 3.581180449869144650e+04 4.357732498248190386e+05 6.084796018231043854e+04
9.926671521133345959e+04 3.111526344633679255e+05 5.811723698000709555e+04 9.013727231837040745e+04 8.750169843488252955e+05 1.400586619855998724e+05
1.157152842167578638e+04 1.120754322987859632e+04 4.851532036671542301e+03 1.554666591585918832e+04 3.297443961468848865e+05 3.185430070513224564e+04
9.941686179955251646e+03 9.949194648796402589e+02 4.365239329121665833e+03 1.696996966224135758e+04 2.847095469914007699e+05 2.875399825585486178e+04
1.840447950633665459e+04 4.806281996344165236e+04 1.287382864706327928e+04 1.589955727769606347e+04 3.621568224649101612e+05 3.947551127575385908e+04
1.141674672852572257e+05 4.625807444664540235e+05 7.734661176253104350e+04 8.046616459052071150e+04 7.720406285362795461e+05 1.445403318060759921e+05
4.024459817977024795e+04 6.148032656754577329e+04 2.180207761113289598e+04 5.011056357716958155e+04 5.648107114138988545e+05 7.308820755366735102e+04
6.753043225728455582e+04 3.778797145696683438e+05 3.695357167666619353e+04 4.891523940923991904e+04 8.266308532507168129e+05 1.123420846669658786e+05
4.148277922719177695e+03 3.636462755255511729e+04 2.158022273822975876e+03 4.085264669202546429e+03 1.908203511979687901e+05 1.741110705923150454e+04
3.130641520281695648e+03 3.556515318114697038e+03 1.265395688822792636e+03 6.084271683138961635e+03 2.145086492949886015e+05 1.790041201162240759e+04
8.059329901623495061e+03 6.180509302036708505e+03 7.146830631636690669e+03 8.980925877024812507e+03 2.696021303605641588e+05 2.558100814323005761e+04
7.771578147280052690e+03 1.531912694649581135e+04 3.250408769279270473e+03 1.023563622379484332e+04 2.896500661180558964e+05 2.626919997673377657e+04
1.584436126478133519e+04 4.915573362042033114e+04 5.952141509641330231e+03 1.856547723782330286e+04 4.922660748437076109e+05 4.650232521356894722e+04
4.836982895874078531e+04 1.635491847172677517e+05 3.609637254869231401e+04 3.673537902944185771e+04 7.318817699386372697e+05 8.948889687894802773e+04
6.593360842986857460e+04 1.198450445291115757e+05 2.967535756348230643e+04 8.601124761555081932e+04 1.192150479335536249e+06 1.377979899728044984e+05
4.129947723336005765e+03 1.056241349765573614e+04 3.403755251056099496e+03 6.625190295197517116e+03 2.172261986139706278e+05 1.959619756372351912e+04
3.648623862589377040e+03 2.266091258954594650e+03 2.958520607232676412e+03 4.202053840508062422e+03 1.519355572409950546e+05 1.350670432931249888e+04
5.202112596962822136e+04 3.045874408653762657e+05 2.910530247231880639e+04 2.962345133123808773e+04 4.894603388383722631e+05 7.393152402205824910e+04
2.229363222341471192e+04 3.744800092437392595e+04 1.255843240939981661e+04 2.307922025090827810e+04 4.271857452278252458e+05 4.643475759688561084e+04
3.807417441760336078e+04 1.648229993672509445e+05 2.411169027928614742e+04 2.833970375560035609e+04 4.233161949405637570e+05 5.983511927874736284e+04
1.268589799144408062e+04 6.589668497008556733e+04 6.693842385486022067e+03 7.588878112795173365e+03 2.272410248487032077e+05 2.486135445117788549e+04
6.564554282601863088e+04 2.353105906756771437e+05 4.208954252547660144e+04 4.994556145515208482e+04 6.058268293762453832e+05 9.311766141637587862e+04
2.680435245152149946e+04 6.298539257679125149e+04 1.686800670942752913e+04 2.303539694241988764e+04 3.540968255525343702e+05 4.462018709757043689e+04
6.283405722419647645e+03 1.558927189622009428e+04 2.913715007044998401e+03 1.083796511362992715e+04 3.672537133559446083e+05 3.162937361476083242e+04
5.696292292705355976e+03 1.730938668325012713e+03 6.781037468415330295e+03 5.721786797045757339e+03 2.548087389837814262e+05 2.273446473868585235e+04
1.286963859168662020e+04 1.078656449493680411e+05 6.236342190317891436e+03 1.638062229679756274e+04 4.025600238208894734e+05 4.250778472263889853e+04
2.577910548550280146e+04 8.121495410302797973e+04 1.910773814357645460e+04 2.303320977903647872e+04 6.214000371096925810e+05 6.446526808875853749e+04
8.969746354759341557e+03 1.506868903225531767e+03 5.296652621691495369e+03 2.022810412247493514e+04 3.071893295906332205e+05 3.216609947131171793e+04
1.149075108893575089e+04 7.700708899879190540e+03 8.824228744471733080e+03 1.183577912695184386e+04 2.742741624965209630e+05 2.798447309721339116e+04
5.454494116410511924e+04 4.207120537798734586e+04 3.214840741021316717e+04 7.379817130581871606e+04 8.130268644383986248e+05 1.039942113415033964e+05
2.158362461799993616e+04 1.285865354767803801e+05 1.334782418469807089e+04 1.090942672597813362e+04 3.023809823541654041e+05 3.738655349786177248e+04
3.249545010368085423e+04 6.600593111395477536e+03 2.050965118909955709e+04 4.322457471453399921e+04 7.789230430261190049e+05 8.110343191243839101e+04
1.129501724782141355e+04 5.129604015892328789e+03 5.863270120135086472e+03 2.600221599576065273e+04 4.696683704873470706e+05 4.612881555125257728e+04
2.383389905676751805e+05 1.417334291449387791e+06 1.508144719702434086e+05 1.304037367131096835e+05 1.510049384827040602e+06 2.956638317573553068e+05
1.236897131820344475e+04 2.984262230144558998e+04 7.471899295538930346e+03 1.153809852932030481e+04 3.047413493504933431e+05 3.041151165080085411e+04
3.143738180963668492e+04 5.245577892780789261e+04 1.792584954550829571e+04 4.716723647425691888e+04 5.566883122833831003e+05 6.909352898460603319e+04
9.674327818561758249e+03 8.327020926718614646e+03 2.904215580929635962e+03 1.487563921210821536e+04 3.088311938157296972e+05 2.916229636779380598e+04
1.046872734422367212e+05 2.249287427942126233e+05 5.636854550104265218e+04 1.162998986252119503e+05 1.440110599272659514e+06 1.848774399245282402e+05
3.474918569432435470e+04 1.224221933162549394e+05 2.109670115239400548e+04 2.868034853687469149e+04 3.961668226939405431e+05 5.476573175780118618e+04
1.826188265963931553e+04 5.981098149175153230e+04 1.094486362215528789e+04 1.625061596619896955e+04 3.143061394384782761e+05 3.616549354920234327e+04
1.926792774886999177e+04 4.429474754895029037e+04 9.805758405760130699e+03 2.266372319525180137e+04 3.820537223984702141e+05 4.236340096320054727e+04
2.506651199443255973e+04 3.061712745161693601e+04 1.219788463339535701e+04 3.279104779454006348e+04 5.071654335183705552e+05 5.571232448812607618e+04
1.008485936644699723e+04 2.082290938792939778e+04 4.968382970203949299e+03 1.013792826855859676e+04 2.957857160601541982e+05 2.765057477356783420e+04
1.441690702218276856e+05 6.515914086206902284e+05 8.559263413450169901e+04 1.072510772404897143e+05 1.543426998202057788e+06 2.214406176632657589e+05
4.339247551006589674e+03 1.575512230700677947e+03 3.437643754924011773e+03 8.242688685742697999e+03 2.545969505386570818e+05 2.241115469243191546e+04
4.277706743465163891e+04 2.120343513467519369e+05 3.128805316238836531e+04 3.752010738500386651e+04 5.095181623155380366e+05 7.521351430417451775e+04
1.947543939339199278e+04 8.663051718468029867e+04 9.928238571479836537e+03 1.572129061097867452e+04 3.617984749142412329e+05 4.000901872402212030e+04
4.462908304575738839e+03 3.769438074438614422e+04 4.166411635772815316e+02 6.665618600350847373e+03 2.597910076023229922e+05 2.253194115097375470e+04
1.018598411683146878e+04 7.055530222781677730e+04 8.328115430817602828e+03 4.173866048931223304e+03 2.490366685799683619e+05 2.571808922104369412e+04
5.144127831989190781e+03 1.462136408082360504e+03 6.685348212735964808e+03 3.488281579689959472e+03 2.061640516294588742e+05 1.839814028983938624e+04
8.898746629474022484e+03 2.506311044550756924e+04 8.959224410677070409e+03 5.774580983700008801e+03 3.364338242103687371e+05 3.034167806563163685e+04
8.181254776162125927e+04 1.193667793824697146e+05 3.970312288744488615e+04 9.935748873531728168e+04 9.249280546258947579e+05 1.301588282978571224e+05
1.759882754658829981e+03 6.385666505950361170e+03 9.326599604847648379e+02 3.255339120482716680e+03 1.383285343740242242e+05 1.149389813239737487e+04
2.499797884644432270e+04 1.953562163275810017e+05 1.002652487969541653e+04 1.503360262941346627e+04 3.653412421366589260e+05 4.535758235693961615e+04
2.632372331619627403e+03 1.671715897671877246e+04 1.790322997729506142e+03 4.559123109784459302e+03 3.024754089178737486e+05 2.400474356189757600e+04
3.045971945002911980e+03 6.527945195358280216e+03 3.007013523108968457e+03 7.062026955327837641e+03 2.824776221456362982e+05 2.381188955329527744e+04
6.414539706731447950e+03 8.361087318970814522e+03 6.317769343169079548e+03 6.254943863098317706e+03 2.999845286204092554e+05 2.614235300516672578e+04
3.731898886636031875e+03 1.636093046547109452e+03 1.876091332860872399e+03 5.501860837174121116e+03 2.133285701208354149e+05 1.772593840516307318e+04
3.374714903452357248e+04 5.477947199076020479e+04 2.953635539027241248e+04 2.561283687180697598e+04 4.290396154802500387e+05 5.588145527383191074e+04
4.770866156237480936e+03 1.201853138043110812e+04 1.841301841064222344e+03 7.117524085045013635e+03 2.428812727754969965e+05 2.094285947929967369e+04
1.051824703003029936e+04 6.741241882002631201e+02 3.584363104667937023e+03 2.513335489010424862e+04 5.210842558238914935e+05 4.799131856245017843e+04
1.405370548482998565e+05 7.017954482741479296e+05 8.542680284228670644e+04 9.273637483485398116e+04 1.261313835301436950e+06 1.983146953038122738e+05
7.642928942590592669e+03 3.896099710984884587e+04 7.584515098047909305e+03 2.482065401878294324e+03 1.945049456011465518e+05 1.940171738090171129e+04
9.960153381299345710e+03 3.069533724226649065e+04 4.166396339045591958e+03 1.277287098642832461e+04 2.664155172560657957e+05 2.700930890160885974e+04
5.908677527293560161e+03 1.736829033200737103e+04 6.873566100963513236e+03 8.884513693199956833e+03 2.857450732386570307e+05 2.705886073155319173e+04
2.644809558053304045e+03 1.538420970548197147e+04 8.889459530196887727e+02 4.753842396057520091e+03 1.771877874721844564e+05 1.521148495779018958e+04
4.095777238844992098e+04 1.603441664634994522e+05 2.164813152375714708e+04 3.396701454915316572e+04 4.778798937513018027e+05 6.476604942726377340e+04
1.148537045184847921e+04 9.687530566665588412e+04 3.540204790630094976e+03 6.647707685789308016e+03 3.330091217484212830e+05 3.172277793632252724e+04
4.828498291017324664e+04 2.030231705199950957e+05 2.580688868359432672e+04 4.051669099845019082e+04 5.932277490376954665e+05 7.939014499511625036e+04
3.617316461077093845e+04 1.649103376761871332e+05 2.770822117206463736e+04 1.906823401933770583e+04 4.352056647679067682e+05 5.799712446251728397e+04
1.838477685564932835e+04 3.351786917757313495e+04 1.234948366869165693e+04 1.889324124115634913e+04 3.731733567229539040e+05 4.062456966525079042e+04
2.666102386440722057e+03 2.024429181012772290e+02 7.612202314097906992e+02 8.752566379049469106e+03 2.203672748664921382e+05 1.911774500907389302e+04
1.522981799284708359e+04 2.802887403612491653e+03 6.040613417409432259e+03 2.566403231485384458e+04 4.903376228238444310e+05 4.732744270298135234e+04
6.882946223659051611e+03 2.001044033913558451e+03 2.038566594268919516e+03 1.967166895280469180e+04 4.137091828398139332e+05 3.769890629050374264e+04
1.660987054386886666e+04 4.464899560378028400e+04 5.843828610155922433e+03 2.017862420714744076e+04 3.663001424117363058e+05 3.848969794023752183e+04
9.917163984007280305e+03 2.097221580118018392e+04 6.680392908075855303e+03 1.230021088672749102e+04 2.268339029696315120e+05 2.473606100519789106e+04
7.179713208760524140e+03 4.374705220732185262e+04 2.334348914952646737e+03 7.492791917376235688e+03 2.603921888408355881e+05 2.407254271510256149e+04
6.608420002589459727e+03 1.133069992499017098e+04 8.014635765482203169e+03 3.717729627694510782e+03 2.212163342926329642e+05 2.057555591553664271e+04
8.022268034441201053e+03 1.430535985900311607e+04 3.113655715638804395e+03 1.028487297528073032e+04 2.697016589633562253e+05 2.484063718127174434e+04
6.336976303177574300e+04 2.429179788172533445e+05 5.505956030694681976e+04 3.100602144797323854e+04 4.990239651334871305e+05 8.333752608420766774e+04
2.046322621095916702e+03 2.990725976531810829e+03 5.220264003465134692e+02 7.427896068297223792e+03 1.902427376746776281e+05 1.652741573594430884e+04
7.636580069590709172e+03 3.835487242049843189e+04 2.811141725606438740e+03 8.055482606086381566e+03 2.273919198047468672e+05 2.204617433332715518e+04
1.279499802638211804e+04 5.966416801820496039e+04 6.884916028104079487e+03 1.065399975587200424e+04 2.278448513189498917e+05 2.606199963275938717e+04
9.213385562049057626e+04 1.607662776628540305e+05 1.025704259043622878e+05 4.626031998352198571e+04 9.234922026545261033e+05 1.352018415766212274e+05
2.020551297933853857e+04 8.310502444577346614e+04 1.287082220356240396e+04 1.377476038592870282e+04 2.870142891541072167e+05 3.519296650186243642e+04
1.243868580760568002e+05 3.546936210889081703e+05 8.883680977481229638e+04 9.876585428512981161e+04 9.995706385178541532e+05 1.677345928163349745e+05
8.044470267160744697e+03 1.187942078948821973e+03 4.577019739456120988e+03 1.033384814566095156e+04 2.139903679381883994e+05 2.109755458167824690e+04
1.526130817117896549e+04 6.942968583606806351e+04 1.448649486848030620e+03 2.531628199660089012e+04 4.397724533173131640e+05 4.508583320923107385e+04
8.882754800794578841e+03 9.119903726390633892e+03 5.318894623278823929e+03 1.135343316068323293e+04 2.518345553156349342e+05 2.481619916974538501e+04
3.825284433316686773e+04 4.925531525545706972e+04 1.779925915906221417e+04 5.340860062546173867e+04 5.284569775892514735e+05 6.980403922135474568e+04
1.019440946515063297e+04 6.339062259748996439e+04 3.888901648101680621e+03 9.095456593125270956e+03 3.125098758451290778e+05 2.994460508658145045e+04
9.296996837709319152e+03 3.188004884375811343e+03 2.631611607239909063e+03 1.601493294705001790e+04 2.114847688163565763e+05 2.275823331883755600e+04
2.881484721236858240e+04 1.266334977289098606e+05 2.136526631218243710e+04 1.574324073223983578e+04 3.472033816761562484e+05 4.594663861212998017e+04
2.539191686303397364e+04 7.564616151634814742e+04 1.883172921787551604e+04 3.135354072024130801e+04 5.262418149906410836e+05 6.143280022060752526e+04
6.182527928560885630e+04 2.964860476298223948e+05 4.850511459447266679e+04 3.109051889566367026e+04 4.595021802256965311e+05 8.054210867507582589e+04
8.201971292472573623e+03 3.297875224184030230e+03 3.061873134551978637e+03 1.168448192540976743e+04 2.173183088777173543e+05 2.138335063046260257e+04
1.061415451835314889e+05 9.906505872031750914e+04 4.607993800050856953e+04 1.482184750412915892e+05 1.226902940882166848e+06 1.743082549191860307e+05
5.394721850713566528e+04 2.852438926454268949e+04 3.881656229040669132e+04 6.409855304847477237e+04 9.024987233615517616e+05 1.078303971129463171e+05
2.484423337563054520e+04 2.738379623199590787e+04 1.719759677515998192e+04 2.638770770532258757e+04 5.131805969724265160e+05 5.521675772729770688e+04
3.348643962542761528e+03 2.971771179733444660e+04 7.188830259457708962e+02 6.496984565768007087e+03 2.727003363814159529e+05 2.305963444898208036e+04
1.853012819329095919e+03 1.593212943125065794e+04 1.045152207804775571e+03 2.189551685280072888e+03 1.203018455491221976e+05 1.032027450007718653e+04
1.119089138968961379e+04 5.851831337534953491e+04 3.922602474993586384e+03 1.375042124969515498e+04 4.476626999230391812e+05 4.091331249683094939e+04
2.649360559417569311e+04 6.581198514911306847e+04 5.586672276233988669e+03 4.728827893671452330e+04 7.484657268405691721e+05 7.738865691483202681e+04
5.841052267608087277e+03 3.363879414959376390e+03 5.038149166693819097e+03 8.426812745249746513e+03 2.713014761120753828e+05 2.439637975329437904e+04
3.314958818604544649e+04 1.298695627867223448e+04 1.280836763794426588e+04 5.429323708613513008e+04 7.406234517126346473e+05 8.052852353613601008e+04
1.872666988282561215e+04 2.586053988680866314e+04 1.342915951996070544e+04 2.788534022571631067e+04 6.761576684289718978e+05 6.515585861637070775e+04
2.170473792745414175e+04 9.607973102729076345e+04 1.441220257430534730e+04 1.559662992566677167e+04 5.527379100516156759e+05 5.519559700471904216e+04
1.714567509437975241e+04 4.544367913802180556e+04 7.467006237874939870e+03 1.986926239368573442e+04 3.474427039261831087e+05 3.782050791084842785e+04
2.556250364757105490e+04 5.328790959892200044e+04 1.956116982909019134e+04 2.684614897374883003e+04 7.252594130563075887e+05 7.198881835009923088e+04
1.705625741527995160e+03 1.244042350540926054e+04 5.248028987367418949e+02 4.423328090339750815e+03 2.056979502891012817e+05 1.667700228567034719e+04
4.477128604657170399e+03 5.883908002791522449e+02 1.293540237241876866e+03 9.242024194528725275e+03 2.080249006777848408e+05 1.875749548844377568e+04
2.719920604976192408e+04 5.802568892286706614e+03 1.180204880511656484e+04 4.668989603517673095e+04 6.556878231247969670e+05 7.058844763118073752e+04
1.637263841412395959e+04 4.235653248146280930e+03 9.542979890632266688e+03 1.996620587442804026e+04 3.615299048232674832e+05 3.766812383468369080e+04
4.429680344089814025e+04 1.141811112341522239e+05 3.106948883997583107e+04 3.725393172932703601e+04 5.434180032782498747e+05 7.243803508900514862e+04
4.201183306851910856e+03 2.035575456419339753e+04 2.571327729499324050e+03 5.286061781764664374e+03 2.464979716136175848e+05 2.108512157528059470e+04
3.896454726772184131e+03 3.424398876472920165e+03 4.340243244170677826e+03 4.505225788230951366e+03 2.724393627877099789e+05 2.240177355813200484e+04
1.397485348951694141e+04 6.763975994426269608e+04 2.303100948423938462e+03 2.296368954855149059e+04 4.994663671481222264e+05 4.831680759919937555e+04
1.623083336827087442e+04 2.288022966105534215e+04 5.550786619332616283e+03 2.485973833341996215e+04 3.928372655745421071e+05 4.118802815223714424e+04
2.698830795171147201e+03 1.810217344267988665e+04 1.250659162676145115e+03 2.824785664915406869e+03 1.616820597076581616e+05 1.358668027508562955e+04
6.791749990527016962e+03 2.348011705954034551e+04 4.630298145021927667e+03 1.558308761667789622e+04 3.259126952673245105e+05 3.212482868892186889e+04
3.876203923698778908e+03 1.116129600971024411e+04 1.690522462485766027e+03 8.614278478414196798e+03 3.097988253851842019e+05 2.601310653335055395e+04
3.650816095115380449e+04 1.260268398244158925e+04 2.324888620330898993e+04 4.636954367032145092e+04 6.287878542291914346e+05 7.390528207141722669e+04
2.505088903498573472e+03 1.914518496249476811e+03 3.829533069425905978e+03 3.506206053689562850e+03 1.842316637964101683e+05 1.572236353702797169e+04
6.756732063813761670e+03 2.095058922675358190e+04 3.587292893869633190e+03 5.834664694061973023e+03 1.930721772862563084e+05 1.820718870658682863e+04
7.816930261476863052e+03 8.459940908259666685e+03 3.037638362979159410e+03 1.243833446806297616e+04 2.164072273879894055e+05 2.190788152314191757e+04
8.068899757681126357e+04 4.732633543237408157e+05 5.489082575210210780e+04 3.812589855002689728e+04 8.129992363606452709e+05 1.189977564455574757e+05
2.141501982019920615e+04 7.152479637731045659e+04 1.375574487010854864e+04 1.809286181407526237e+04 4.297153606116333394e+05 4.655213708188223245e+04
1.254693632896662166e+04 3.494123006821886520e+04 6.222512457880455258e+03 1.393831126688641234e+04 2.811878812952369917e+05 2.962629809560301146e+04
4.685806322923232801e+04 8.266169457229676482e+04 1.008968055737570285e+04 8.342524752355669625e+04 9.824699184380705701e+05 1.122429935454613296e+05
2.239097211585599780e+03 3.168234417692671286e+03 8.593239718402660401e+02 4.994197081025186890e+03 1.722281247637941560e+05 1.436946708222116104e+04
2.356147440140527397e+04 3.560822973598713816e+03 7.970523199917063721e+03 4.228161621303411084e+04 5.252767881102343090e+05 5.806108695988445834e+04
4.820149773682761406e+03 1.083633647441395260e+04 3.648501565364806083e+03 7.004316952347065126e+03 2.012836317089339136e+05 1.881439986229893839e+04
3.053772667974362776e+04 7.497246252667256340e+04 1.421987409312005548e+04 3.803881117695528519e+04 6.237711533160563558e+05 6.899412284380078199e+04
2.076394701718424403e+04 2.843507851213081085e+04 1.508447270843038314e+04 1.992647652310977355e+04 3.049119659874318168e+05 3.742810562368654064e+04
7.538184680540748559e+03 8.393910263952739115e+03 5.715892621735164539e+03 1.229729514541475146e+04 3.347201686793376575e+05 3.095307387901111724e+04
2.819018205446710999e+04 1.288532300028300961e+05 1.391294676695973976e+04 2.427150851463105937e+04 5.356185206967160339e+05 5.937293832369922166e+04
2.597591685155197410e+04 2.889527135302524584e+03 1.365316819513767587e+04 3.679671752806724544e+04 5.464367805101249833e+05 5.942061016573990491e+04
4.493704050117658880e+03 5.926500312961703685e+02 2.794344474008747056e+03 5.500400348926615152e+03 1.715644668822084786e+05 1.526046550089379343e+04
1.882465851838257367e+04 6.697113467456721082e+03 1.081750882560799437e+04 2.314075614078178114e+04 4.826534249601678457e+05 4.792152488433806138e+04
1.294876584392220138e+04 1.778712587653798619e+04 9.600447606030613315e+03 1.668096067415268044e+04 4.777044281886323588e+05 4.469163144170265150e+04
8.108807689783940441e+04 3.316217820340300677e+05 5.067962801829119417e+04 5.926794670633347414e+04 6.994584877486866899e+05 1.120984743688312301e+05
1.558007705214006819e+04 6.378035686747734144e+04 8.340846484324138146e+03 1.299652615202988454e+04 2.310275484948503727e+05 2.816658396575352162e+04
5.815197789799099155e+03 3.753735287070916002e+03 3.656500782827384228e+03 1.291677801077969343e+04 3.226085561580079375e+05 2.930124069888564918e+04
1.228173391681213434e+04 3.348564024824341323e+04 1.095436994813832825e+04 1.151325429860792610e+04 4.363476536634374643e+05 4.093353096826660476e+04
9.544476086138978644e+03 4.230904605280003307e+04 4.867718625395224080e+03 7.217279809290726007e+03 1.548287170153450861e+05 1.786876141244133396e+04
4.852269052117010688e+03 3.269572447670904512e+04 3.973927810040991517e+03 4.615573054163826782e+03 1.858868443531747907e+05 1.792037988604319980e+04
4.346086507976330722e+03 9.473776005196939877e+03 3.787736871236249954e+03 4.665940406272614382e+03 2.303254022994250990e+05 1.970297562318194832e+04
2.619181527762687983e+04 1.126152007628856700e+04 1.224046020685617441e+04 5.465548654807167622e+04 8.846156651378067909e+05 9.004700688164311578e+04
2.208760873699502554e+04 1.080600973504027934e+05 1.378177383878307046e+04 1.306581652039176515e+04 2.994974739304884570e+05 3.733928065613961371e+04
6.350067437805428199e+03 3.851287053821747577e+03 1.292797985878938107e+03 1.461163953746406514e+04 3.702187785053610569e+05 3.225574278680367206e+04
6.201346381663833199e+03 2.828426998241407637e+04 2.719903510625756098e+03 1.478940953066376642e+04 2.846670330755299074e+05 2.840590266641185735e+04
1.761091969547094413e+04 6.593886814087411040e+04 2.044620720822665589e+03 2.820721043650871434e+04 6.753052216029535048e+05 6.231911745337452157e+04
1.602484699886730596e+03 2.390845857297536270e+02 8.072227462058351648e+02 6.640703782200624119e+03 2.055164411698222393e+05 1.718557813504345177e+04
6.796866179571003158e+03 4.384903309217294009e+04 5.069060814608173132e+03 1.056637542978803140e+04 3.369572794142452185e+05 3.179604141922448616e+04
3.173996161636895340e+04 5.694429514263770398e+04 2.839750729995920847e+04 2.190773665886430535e+04 3.880837738546893816e+05 5.106755444286714192e+04
7.214340169802771015e+03 1.096385047115374800e+04 8.277264921939697160e+03 3.293703807747665905e+03 1.967000852871549141e+05 1.882993227938995187e+04
2.452860440416332949e+03 1.647907640066705142e+02 1.628757175454963317e+03 4.703815901628578104e+03 1.907111760516326467e+05 1.566442877375753778e+04
3.785205747762331885e+04 1.630771526169621211e+05 2.108612139750149800e+04 3.030766537269384571e+04 4.437570847351363627e+05 6.070919767301870161e+04
1.651184364441227081e+04 1.486293323233420415e+04 1.031185211703314963e+04 2.357672737936940393e+04 3.373801068179650465e+05 3.853363819820430945e+04
8.097583864801122218e+03 5.698949584212055197e+04 7.143934871307953927e+02 1.132955316346922700e+04 3.149657345135248615e+05 2.943484839351117989e+04
2.622450180894464211e+04 1.364309082318957371e+04 9.551130513244735994e+03 4.174381570593249489e+04 5.389024859949481906e+05 5.991452638180868234e+04
4.712410142129316228e+04 1.455042747465107823e+05 3.045579797975857582e+04 4.097773744627105043e+04 5.295667731544491835e+05 7.447531538595585153e+04
5.058408276500907959e+04 2.032134685794963734e+05 2.441069380856124553e+04 5.147335316521385539e+04 7.232220019650445320e+05 9.249546382184095273e+04
2.701532328145060092e+04 7.574307525083897053e+04 1.297779193053296513e+04 3.396069536615053221e+04 6.533525714173016604e+05 6.864238062449215795e+04
3.052893628150978475e+05 8.787506397036119597e+05 2.110082815954699472e+05 2.587239341998333111e+05 2.110758912525027990e+06 3.933954655732663814e+05
1.997812500000837099e+04 1.502605303132460976e+05 8.151992040313069083e+03 1.475497490855559772e+04 5.565205884276789147e+05 5.505118232368804456e+04
1.721182387939296314e+04 2.621118147324625170e+03 7.017240614407878638e+03 3.151536820218275170e+04 4.545029645768963965e+05 4.797511319887094578e+04
8.762178875843896094e+03 1.414107454166242860e+04 2.551051004871937039e+03 1.415961569142149165e+04 2.952528899887152947e+05 2.806063968153774113e+04
1.033618066638568598e+04 1.253296892468037004e+04 7.324000993624419607e+03 1.528616167440897880e+04 4.865103718275118736e+05 4.341193535603861528e+04
5.329208993500962242e+04 2.278971229127634069e+04 2.446236686554321204e+04 7.991400339785362303e+04 8.307924721731602913e+05 1.036873692384421447e+05
4.528920787499141443e+04 1.153866731581052882e+05 2.525960293047037339e+04 4.308554480116444029e+04 5.420155118692570832e+05 7.253575137140793959e+04
1.255985150015016006e+04 5.413996748865117115e+04 9.400428980494107236e+03 7.387077696830696368e+03 2.461502741163948958e+05 2.662707301476725479e+04
1.561922705809874788e+04 2.628506773044480724e+04 1.277576990531615047e+04 1.329014201510324892e+04 3.145354823126718984e+05 3.397292568907691020e+04
3.128132423983655826e+04 1.430970049214606843e+04 1.272400793178882304e+04 4.641497229315571894e+04 6.328717815006632591e+05 6.974784090071577521e+04
5.302979986937751528e+04 1.541305347570845624e+05 3.564954713833373535e+04 4.209790893951144972e+04 4.978128802080232999e+05 7.551178925506811356e+04
2.599672733783590502e+03 5.520196717634030392e+03 4.470217965354886474e+02 9.841953791639194606e+03 3.212857941693682224e+05 2.652571956935588605e+04
7.406908199941751263e+03 5.527597355201829487e+04 5.147524244100683063e+03 9.427881851134294266e+03 2.495443606056912104e+05 2.600101351569344115e+04
1.644405419955568213e+05 8.614908942139946157e+05 1.128584924852141849e+05 9.459574337123542500e+04 1.053431740481169662e+06 2.048992355292011634e+05
6.132002451253917570e+03 1.018605508026832467e+04 3.286127510218087991e+03 1.023411150261932198e+04 1.864630358891125070e+05 1.908964815764883679e+04
1.772542308095321278e+04 2.100244071523435923e+04 1.411585894013677716e+04 1.655391402849928636e+04 4.309362923989680130e+05 4.359417084940122731e+04
4.581776300492074370e+04 1.162797998011779855e+05 3.943192833968379273e+04 3.056286480232629401e+04 4.297364847447712091e+05 6.547501960909991612e+04
4.138772053309944749e+04 4.209298132261381397e+04 2.298576567259670264e+04 4.953498957708294620e+04 6.550680590478362283e+05 7.844975517064223823e+04
2.310685691459925147e+05 9.579817752764424076e+05 1.486619096035894763e+05 1.765837905505279778e+05 1.545950148336340208e+06 2.953073732271804474e+05
1.209312553040419152e+04 2.158416736719001619e+03 6.128823149488457602e+03 1.776930103012532345e+04 3.350720547899996745e+05 3.332061912836914416e+04
3.324714096148280078e+04 4.041756422936204763e+04 1.349919084175241915e+04 5.035316800156938552e+04 7.295222280493646394e+05 7.965507370210882800e+04
1.460373879452618530e+04 2.316002142611506133e+04 1.109176115344973914e+04 1.227913553275005324e+04 3.300166706745388801e+05 3.367647071588903782e+04
7.124964346339740587e+03 2.282519169125742337e+04 5.454571734612086402e+03 1.214925647375919834e+04 2.922632025381866843e+05 2.863178698512083429e+04
3.057531658317835536e+03 1.133517656392487152e+04 5.258817865282588855e+02 8.046079525671970259e+03 2.083885665151484427e+05 1.844190720510104438e+04
1.058894394700699377e+04 1.166441388187707889e+04 9.672860543218499515e+03 8.828364155273618962e+03 2.353195022993240273e+05 2.456641941880689774e+04
6.694002804172817378e+03 2.907686101194203002e+04 4.454103776464704424e+03 7.555724445496051885e+03 1.953521005667354912e+05 1.991446180955871023e+04
1.066907666163138310e+04 4.249950787676715663e+03 5.335502508054811187e+03 2.142294677351815699e+04 3.266592440612436039e+05 3.416837931134553946e+04
1.162432497885022713e+04 3.432340305770369014e+03 4.909572152583135903e+03 2.801497629064581633e+04 4.578872209445943590e+05 4.575146578831427905e+04
8.511972557107426837e+03 4.071160974680847175e+02 6.139536456710828134e+03 1.082491093953537893e+04 2.925359086919412948e+05 2.723749425426689777e+04
1.021617163838164270e+05 4.706775169457788579e+05 5.505810440962949360e+04 8.629245754481914628e+04 1.226814620610308135e+06 1.685551219381249393e+05
8.520751794161855287e+03 4.855845921024749987e+04 4.650920312140243368e+03 5.408685606742914388e+03 2.112997162675852014e+05 2.106487300418265295e+04
8.895311366225885286e+04 1.758516155953301859e+04 4.444282921312730468e+04 1.290367987906832423e+05 1.383063789468687959e+06 1.714012294208951935e+05
3.967601811922368506e+04 6.319375334504759667e+04 1.793038356675958858e+04 5.033731320645167580e+04 6.413863124019833049e+05 7.675692119523731526e+04
6.173887108096366865e+04 1.145099665648285009e+05 2.376770898437725918e+04 8.125476293409756909e+04 8.273598945347723784e+05 1.083008863339481468e+05
4.324700399410691898e+04 9.781764096432570659e+04 1.936277026424905489e+04 5.096788349436818680e+04 5.980616731920944294e+05 7.645844808220420964e+04
4.578993426839186577e+04 2.921620673358727436e+04 2.826717171420472732e+04 5.786197608445865626e+04 6.885622461182397092e+05 8.610758257704645803e+04
1.148703667757575568e+04 1.415502386364558561e+03 5.973266683143922819e+03 1.692605027524791512e+04 2.215230165410130576e+05 2.519824191426461766e+04
8.487177441198799352e+04 1.475546373471861007e+05 4.591885442343887553e+04 1.020681760756784643e+05 1.045805699447558261e+06 1.435887529305019416e+05
1.569649653126041630e+04 1.581114097832179868e+04 8.242128559202756151e+03 3.135317134637715935e+04 4.880705724424517248e+05 5.134008048530495580e+04
4.374318006003669325e+03 1.293698861290336572e+04 5.013500641594817466e+02 1.260877282536717757e+04 2.979786881652071024e+05 2.659954649271385279e+04
7.354254889271441789e+04 1.861056460005523986e+05 4.653595389574547880e+04 6.902993623234548431e+04 5.845413223576279124e+05 9.979816545626849984e+04
2.848524226912737049e+03 1.024622073617242677e+04 1.089472718370433768e+03 4.791204104694406851e+03 1.791671860241052054e+05 1.519377067451729454e+04
2.158767155979831296e+04 9.109785364244280208e+04 1.303908362193796347e+04 1.857892441948883788e+04 3.636636519006659510e+05 4.298869092841768725e+04
7.714615686345946415e+03 3.615341957274379092e+04 1.714991293678197053e+03 9.854514542910766977e+03 2.346849351498132455e+05 2.276874828342900219e+04
8.655071685819668346e+04 2.576916286753978929e+05 4.612387783605654840e+04 8.679414744292409159e+04 8.128497774490573211e+05 1.265506400850883510e+05
1.639698874396345636e+05 6.609327548208631342e+05 1.093691011783118738e+05 1.206583392558883497e+05 1.423432042970733251e+06 2.301441602571958501e+05
1.196120164317438503e+04 4.164944785625286022e+04 1.019192574392285678e+04 1.002961840547787688e+04 2.018444561230579857e+05 2.456526768211306990e+04
3.264967541852709928e+03 3.017410554468714054e+03 1.198917670203135458e+03 5.520647496508927361e+03 2.287140754836992128e+05 1.854567329888379027e+04
4.602629250581197994e+04 1.146432767041595616e+04 2.320638852529125870e+04 6.654481740184302907e+04 7.358960786330923438e+05 9.015762829773621343e+04
1.824669314127146499e+05 7.514045034830186050e+05 1.166424654537616734e+05 1.326205200656682136e+05 1.180432522631509462e+06 2.268204637519602547e+05
1.333373069713771838e+04 4.198753884598473815e+04 1.017882388491511483e+04 1.065841897007085572e+04 2.290647049846177397e+05 2.669150172656569703e+04
1.602850898483146448e+05 6.513021867403405486e+05 1.137820339319066843e+05 1.124797030438978254e+05 1.449591026577941142e+06 2.296312633920623339e+05
2.256573810348584448e+04 8.937640096728828212e+03 9.221725383494436755e+03 4.530354257081631658e+04 6.273083285558315692e+05 6.709552779984215158e+04
1.641783954117645408e+04 3.981161183632389566e+03 7.502861073071869214e+03 3.209458999318713177e+04 4.968727882651390391e+05 5.136343229705855629e+04
1.250996096721066169e+04 4.326515114645737049e+04 1.027866875035464727e+04 6.964791701197383190e+03 2.313169009329056134e+05 2.527903338238114156e+04
4.765743590793168551e+03 1.183247920731261729e+04 6.484738572208669211e+03 2.848709488521121784e+03 2.415738713316348731e+05 2.091714726484984203e+04
2.107013261135088032e+04 3.580988063794199843e+04 2.202730284469496837e+04 1.255031969933346227e+04 3.374873508564331569e+05 3.964153026822391985e+04
9.232597317552650793e+02 1.223242145572132358e+03 6.412242277212623094e+02 1.764471973236264830e+03 1.064806486384633754e+05 8.296648135521674703e+03
3.327918052054667351e+04 6.478275887095731014e+04 1.760108771326847636e+04 4.492047642275416001e+04 4.660624786004255293e+05 6.245196419972680451e+04
7.459930687882374514e+03 4.947250910289309104e+03 3.679169063558319522e+03 1.194397859953008810e+04 2.109001073688786419e+05 2.141670991706292261e+04
2.221126035171346666e+04 8.231768182010398596e+04 1.540620337741668482e+04 1.704442699707678912e+04 4.175757451729329769e+05 4.650697908439898310e+04
1.704144826791672676e+04 2.639172321967283096e+03 5.990726278567144618e+03 2.868144905866153567e+04 4.730123500228981720e+05 4.749697345353881974e+04
7.441070819074434985e+04 3.361332095672020223e+05 5.314470097862913099e+04 4.282041653456487256e+04 7.369241108631902607e+05 1.084669380802718224e+05
2.031605823994218736e+04 2.627305632427503224e+04 7.416064574743368212e+03 2.886183280723377538e+04 6.073332581626877654e+05 5.839656467646992678e+04
1.660855882764898415e+05 7.334051337025001412e+05 1.022403494943963888e+05 1.211859456388631661e+05 1.317280116004541982e+06 2.237552515544955386e+05
4.253398880411928985e+04 2.121375389060172602e+05 1.868096226953931910e+04 3.553937763693635497e+04 6.100516993668858195e+05 7.565008373246817791e+04
4.747825081022054655e+04 1.730247569166574394e+05 2.513480383975701261e+04 3.958262701087484311e+04 5.370133826733321184e+05 7.341301642089906090e+04
1.495572777841697643e+04 8.727342655253933117e+03 8.167667135407094065e+03 1.950172629209970546e+04 2.683213077387238736e+05 3.081825788647087757e+04
3.355736593418539269e+04 2.452589754781830707e+05 1.261063882244043452e+04 2.143955577117986468e+04 5.086637084547865670e+05 6.147681764444935834e+04
1.213868452625429745e+04 1.996600122267315965e+04 1.611194625155600988e+04 6.162874069709652758e+03 3.650779439361782279e+05 3.527511597325058392e+04
2.938451518028152714e+04 1.629731950661237643e+05 1.262474394137421586e+04 2.533930922020963044e+04 5.138206907157148235e+05 5.952232293205184396e+04
3.716067142163636618e+03 2.509738693643720580e+03 2.448181443093517828e+03 6.211846407660852492e+03 2.416239415182931989e+05 2.023995761074673646e+04
4.759959001772924239e+04 2.012000046978412720e+05 2.150710082098267594e+04 4.428513118254909932e+04 7.474945659438502043e+05 8.952632541483374371e+04
3.400545975432847627e+04 2.241138466962819803e+04 1.036562957886134609e+04 5.957011250910695526e+04 8.098579773148122476e+05 8.698454297367301479e+04
4.826681407733203378e+04 1.748348517245976254e+05 2.151948523224927703e+04 5.067041467003776052e+04 7.663719799484785181e+05 9.238433674838409934e+04
3.169334668158048316e+03 2.154456471656788199e+04 6.100339415610144442e+02 6.337535981848749543e+03 2.288235044567090226e+05 1.958513220172634101e+04
3.643705562982555421e+03 6.082198569332394072e+03 2.266482640717751110e+03 6.307983448696858432e+03 1.774846461430981581e+05 1.606785545397290844e+04
1.358413875270699828e+04 1.293993530027031511e+03 1.097307911151962617e+04 1.370904375279354099e+04 3.041333230591076426e+05 3.144923183779229657e+04
3.691803091975102870e+04 7.284633177194262680e+04 1.782595928619478582e+04 4.115372814686672064e+04 5.804448877989379689e+05 6.893787543854242540e+04
7.601538946640961512e+03 1.404843506057378545e+04 5.377614193458777663e+03 6.125385580130231574e+03 2.000192018188547809e+05 1.923621950368564649e+04
4.307637196664872317e+04 2.319062769086436019e+05 2.709777156188136723e+04 2.185129781750039547e+04 4.389943225171245285e+05 6.256166657082340680e+04
6.524460433757721330e+04 2.210985963449559058e+05 4.613447715839232842e+04 5.059850287004129495e+04 5.736222582198026357e+05 9.228746000675369578e+04
1.858814233696388328e+04 3.017645488509219285e+04 1.362171000792767882e+04 2.383551492031237649e+04 4.001537714376724325e+05 4.505720769579799526e+04
8.389776596816776146e+04 1.521391635606277850e+05 3.506723844191509124e+04 1.138721652241385309e+05 1.153915903054711875e+06 1.517466088090482226e+05
2.704146348869036228e+04 2.960865563350946104e+03 1.449650823078056601e+04 4.087030556746207731e+04 5.672272282364189159e+05 6.302805722110829083e+04
2.173211669517602786e+04 5.321557419049908640e+04 2.337169188908869546e+04 8.977260941596407065e+03 2.444089602487526136e+05 3.320607645866017265e+04
6.395588860166655650e+03 1.814246046001067589e+04 1.883181248587240816e+03 1.069643125845907161e+04 3.465045637912359671e+05 2.985185870031953891e+04
5.403003344411355101e+03 4.763038697721911012e+04 2.555352713566632247e+03 5.599482579457570864e+03 2.142777801537505002e+05 2.040217058189476666e+04
1.142272533555644804e+04 2.383753422788696116e+04 4.786258065798082498e+03 1.621444533656081694e+04 3.493592130981666269e+05 3.407223552108211152e+04
1.104709004261799600e+04 2.006897389494837398e+03 3.735790045061142791e+03 1.892592297008145397e+04 3.254949642187274876e+05 3.216037707839690484e+04
5.470406458358054078e+04 2.298386332758177305e+05 3.827937344401339942e+04 3.540259776110773237e+04 5.372162847333399113e+05 8.001364015396795003e+04
5.235922835127627332e+04 1.181856822325747053e+05 3.527756465839735029e+04 4.644494050395827071e+04 6.665441805150179425e+05 8.688762627806210367e+04
3.507861139392895439e+03 7.184712615649999634e+02 1.743449816008419702e+03 4.422758036524171985e+03 1.583851332456580130e+05 1.343993658015451365e+04
1.439465169541812975e+04 1.327852077266957349e+04 1.957997840300632743e+04 4.708480937208356409e+03 2.770927415328514762e+05 2.986378840614542787e+04
5.339168197276839237e+03 2.051953821864196652e+04 3.901397169614107497e+03 4.540890447992735972e+03 2.190079570543255832e+05 1.948067576976016062e+04
1.418363809137025055e+04 5.418300742593662289e+04 8.684479357999551212e+03 1.152502999607553647e+04 2.556089812607550411e+05 2.882787014197874305e+04
4.381021000797100896e+03 4.597110975302538463e+03 3.767191109655380842e+03 6.476696079716847635e+03 2.480950931232612056e+05 2.146683674451013576e+04
6.045710067038965462e+03 1.598085220406401822e+04 8.221766219812428972e+03 7.656232682229079728e+03 3.365332447605913621e+05 3.043199317794521266e+04
1.045534339574323712e+04 1.415450018412915961e+04 4.409154793610872730e+03 1.333263552529725348e+04 2.233285981387102511e+05 2.365075917517014022e+04
1.319958078438256343e+05 2.851593572889973293e+05 8.689556487032381119e+04 1.256908140188484103e+05 1.087320134204601869e+06 1.815347775306152762e+05
5.766428733483965516e+03 5.062983623333177093e+03 2.258491190590285441e+03 1.423486825889300235e+04 2.944038346650563180e+05 2.746233176529681441e+04
2.944213143730757656e+04 8.471957892350292241e+04 1.873223870888229067e+04 2.596385062485980961e+04 5.000464472845514538e+05 5.763977170154869236e+04
1.601010455395761528e+04 1.768912054107797303e+04 8.763325936427476336e+03 2.325483592193637378e+04 3.105389637026088312e+05 3.605503062548136950e+04
1.830683049761484290e+04 6.120887518832169008e+04 1.175553503589476350e+04 1.416166709354563864e+04 2.430228413280854584e+05 3.084504450813854419e+04
1.522196167606838753e+04 2.862255643709038122e+04 9.613657419872448372e+03 2.312728122983222056e+04 4.266614163222562056e+05 4.471516409372915223e+04
8.055169649196068349e+04 2.002667624789593101e+05 5.648880077153898310e+04 6.942070973570643400e+04 7.486696627022976754e+05 1.160051710610068694e+05
2.519335589521481597e+04 2.789587455512611632e+04 1.589771100728332385e+04 2.981444631849501820e+04 4.777477530451537459e+05 5.384804661925094842e+04
3.530272517991391942e+04 9.659112480881781084e+04 2.793552020945132972e+04 2.731255919213932430e+04 4.196499942190831644e+05 5.739690703425260290e+04
6.026551950225234032e+04 1.215856252399516234e+05 5.468553758399903018e+04 4.072779429261967016e+04 6.855862739413962699e+05 9.411787536899947736e+04
6.471357374459520361e+04 2.370544610584673937e+05 4.433557208238020394e+04 4.823943936330052384e+04 6.961477209706205176e+05 9.947562902341860172e+04
8.461396302653209204e+03 4.036499804224843683e+04 4.215419062762779504e+03 1.786422316987125305e+04 3.715530317847858532e+05 3.688255056517081539e+04
7.173459994090402324e+04 1.609827663126127736e+05 4.545038491715788405e+04 6.842093853497754026e+04 7.122673387808753178e+05 1.064027363187855372e+05
8.779271683688835765e+03 5.288156006636775419e+04 6.885982054261789017e+03 5.269333761671910906e+03 3.151242493897683453e+05 2.916242924312497053e+04
2.898246850395149522e+03 2.578451089470894203e+03 2.313723860916079502e+03 6.271959460810100609e+03 2.064467285179111641e+05 1.784657157457891299e+04
1.273651378575895251e+04 4.737946576399628611e+03 7.497661653403308264e+03 1.776767165553468294e+04 3.403682803715683986e+05 3.439380420875467098e+04
5.762872872547242878e+04 3.467412460368424072e+05 3.168209317234491755e+04 3.587757314582530671e+04 6.023257928726125974e+05 8.754706491632455436e+04
5.307158234143051232e+03 1.769496657747535210e+04 1.198621590038475915e+03 1.075609643154159130e+04 2.852840647836662247e+05 2.544393102650436413e+04
2.929886433018217213e+04 6.094720395654458844e+04 1.458798665683418403e+04 3.193791418731066733e+04 4.432876357769516762e+05 5.356098129961467203e+04
8.825127337613921554e+03 3.967097906207323103e+04 4.110788630412000202e+03 6.489557478226461171e+03 2.157210358053848904e+05 2.117847828295822546e+04
6.276943310145466057e+03 1.382858527760264224e+04 2.619727495056476073e+03 7.008760416541691484e+03 1.605870536133110872e+05 1.578371739165768849e+04
2.102576148661805200e+04 4.902579415273050836e+04 1.852250469521078048e+04 2.163205684597445361e+04 4.364004365091232467e+05 4.954394754979723803e+04
2.305264952167509364e+03 6.716127183966214943e+03 4.492442184945867325e+02 2.984114333173869909e+03 1.103322501710955985e+05 9.296191480900855822e+03
8.099672656254212598e+03 1.864173936607220821e+04 5.857101125132724519e+03 1.048497000564697373e+04 2.387608367077116854e+05 2.424723770038807925e+04
2.093472340934175372e+04 6.793738055963983061e+04 1.457061110579882552e+04 1.665015090102123213e+04 3.181806866874094121e+05 3.857179071411544282e+04
3.671119881775524118e+04 9.454756528283802618e+04 3.032374986723244729e+04 3.190130871081460646e+04 7.748814009208587231e+05 8.429301347425040149e+04
4.437558926700785378e+04 1.630329096845467866e+05 2.903089298464473177e+04 3.402704701368291717e+04 5.889962125925406581e+05 7.558244719463502406e+04
5.356156030083749647e+04 1.678092366172288021e+05 2.001233249072923718e+04 6.036976560569561843e+04 8.761733717076985631e+05 1.031581391190562863e+05
1.224032870458364596e+04 2.530060549570822786e+03 8.372291636033261966e+03 1.806369501678218876e+04 5.272303083330841037e+05 4.736373563792285859e+04
6.772685606906299654e+04 3.090090059840964968e+05 3.961786638668063097e+04 4.740580799527907948e+04 6.969645203757031122e+05 1.006796107024830853e+05
7.695755565102100263e+03 1.105763595597850326e+04 4.162861733609867770e+03 1.349545613769985721e+04 3.529590860316868639e+05 3.218389621764071853e+04
2.019478069819856501e+03 5.678299586125880523e+03 2.231089568182253515e+02 2.746082904742619576e+03 1.485581410073403385e+05 1.161078844072085121e+04
1.622066798772052834e+03 3.918829942932576955e+02 7.432959856146989068e+02 7.129688639669742770e+03 2.435957464606738940e+05 1.994788885029898665e+04
7.594170846782966692e+04 1.348885081605208979e+05 4.444292582514978130e+04 8.000393384900476667e+04 1.129777327116967179e+06 1.379966932443385012e+05
1.799761113039033080e+05 6.170701054509286769e+05 9.859089436366462905e+04 1.728833231346238172e+05 1.777185229714947753e+06 2.707364433960049064e+05
7.572927511874963784e+03 8.395004338252127127e+03 3.115335430318897124e+03 1.851469671275070141e+04 3.796151203053673962e+05 3.566309011325537722e+04
1.508063670079171425e+04 2.943641557272403588e+03 7.439188048428047296e+03 1.933851586252991183e+04 3.575232011303494219e+05 3.614397229310555849e+04
3.607999285781714661e+03 1.062584597569298057e+04 2.199804849000235208e+03 4.192987390972959474e+03 1.809332843731758185e+05 1.553948212531773788e+04
7.964383715191880583e+03 3.650438513700217300e+04 5.173543451122932311e+03 6.596782091790890263e+03 2.005363867164697731e+05 2.050713027103896820e+04
1.394827991138653488e+04 6.202746655060967896e+04 1.230841848336873227e+04 8.640522310645936159e+03 3.812099866792131215e+05 3.792172093031083932e+04
8.509907933797932856e+03 2.701838014144432691e+03 4.315528973129428778e+03 1.719729134482730660e+04 3.606004530784547678e+05 3.402419568907418579e+04
2.379401968673873853e+04 1.026909532378898984e+04 8.503251249701697816e+03 3.959389650547217752e+04 4.994947457501149620e+05 5.567317680504894815e+04
1.156975759859495702e+04 7.646291189182097696e+03 1.457335411065782682e+04 5.946335490442516857e+03 3.227520310244630673e+05 3.105763365587503722e+04
4.986658042519613332e+02 4.661070501556167756e+02 5.182765859286985233e+02 1.157329638338009772e+03 6.881485606367458240e+04 5.398264810554247561e+03
9.406774508684267857e+03 1.587868528137737303e+04 6.219311445108784028e+03 8.338224085163703421e+03 2.555997619643598446e+05 2.442854336704650268e+04
3.953084349996360106e+04 1.942747549306220608e+05 2.373722036607992413e+04 2.806303352415303016e+04 5.126855900166913634e+05 6.701656912627958809e+04
1.925675930773092259e+05 6.235078202853625407e+05 1.088076668476894265e+05 1.888045487294447666e+05 1.717554241764611797e+06 2.786477871148688719e+05
1.442228103333449108e+05 4.202923792130203219e+05 8.315702429910996580e+04 1.415828587664607621e+05 1.273810307902577100e+06 2.063378148241560266e+05
1.304451305894403049e+03 1.007140046421704210e+04 1.281120561289475290e+02 5.133493307149951761e+03 1.907616671620997367e+05 1.570531152576840941e+04
1.177896370010251267e+05 4.338198149727173732e+05 9.269391317584135686e+04 7.309894785643491196e+04 8.334310362690603361e+05 1.505312217698263412e+05
1.127512782707997212e+04 1.973253979372893446e+04 6.664791664338057672e+03 1.375004356939551508e+04 1.840695244662540790e+05 2.244728243551413834e+04
7.101885662619693903e+03 9.212586938285987344e+03 6.902165387631163867e+03 4.835188546387124006e+03 2.087991682771113119e+05 1.966132273584273571e+04
3.009166793478649561e+04 1.207123338581382268e+04 2.345978132112441017e+04 3.581442965059445123e+04 6.577916626985442126e+05 7.114783865757205058e+04
3.074913408773802803e+04 9.709940856760210590e+04 7.163581927225103755e+03 4.360982411120363395e+04 6.775387861645498779e+05 7.318243421327484248e+04
7.927443893307062353e+03 8.056771951154464659e+02 5.492601030269028342e+03 2.334258671666593000e+04 4.117991173988127266e+05 4.066020981008045055e+04
2.167683525375087356e+03 4.078619306723302088e+03 2.208567659433629160e+03 4.637272965984821894e+03 2.582033752502091811e+05 2.061740888721764713e+04
9.781644505757528532e+04 2.511194790891576849e+05 6.343439127876560087e+04 9.172398029741550272e+04 8.987703740499486448e+05 1.416959773784024583e+05
1.134894217463145651e+04 5.598384261953629903e+04 7.033217825614246976e+03 7.263023118282169889e+03 2.579647947306410351e+05 2.643636848153685787e+04
3.451857407992810477e+04 1.089489916361254582e+05 1.848604785129453012e+04 3.494234556838589197e+04 4.573734127692813054e+05 5.992207574092314462e+04
7.675951247734578828e+03 5.976623339473663509e+04 3.983625838969966026e+03 4.809741850845174667e+03 2.830812120017113048e+05 2.588884398438413336e+04
1.067980105165577152e+04 3.264628826664558346e+03 4.477175844507237343e+03 1.903729694514157018e+04 4.905732245438701357e+05 4.369565706025146210e+04
1.330341269983241364e+04 1.393932557724825301e+03 5.377402684705158208e+03 2.826019584531895453e+04 4.285131520084113581e+05 4.398749296237419912e+04
9.520981864201044664e+04 2.731526115160128684e+05 6.724842826754465932e+04 7.423456131860888854e+04 9.748347509951192187e+05 1.416378029020769754e+05
1.998880137500823594e+03 1.116474361594527863e+03 2.680636523932762884e+03 6.172193174277329490e+03 1.830940408780259313e+05 1.631661042492749220e+04
4.092576419163306127e+04 1.319272003406163421e+05 2.456434934194514426e+04 4.096374349902490212e+04 8.713252890593342017e+05 9.424412624866003171e+04
2.605806199942669082e+03 1.377236595303090326e+03 2.912951684107494202e+03 4.026776961976797793e+03 1.452377823750237294e+05 1.291333998845399583e+04
4.042920348308350640e+03 1.351362074613018922e+04 2.263594351763264058e+03 8.104542315345793213e+03 2.890793994062130805e+05 2.475244880187967647e+04
1.261833838588105427e+05 5.499582207409709226e+05 8.613101675328599231e+04 7.686888757414925203e+04 1.171289143343690783e+06 1.778765495006652200e+05
2.689531447220973860e+04 1.713786091295621300e+05 1.270321753963246738e+04 2.269695985370535345e+04 5.538314122365375515e+05 6.146826138388187246e+04
2.386231306754215620e+04 2.991489365472708960e+04 8.948739315592903949e+03 3.391023321180520725e+04 4.559355846521413187e+05 5.133730492780339409e+04
6.987854325921562122e+03 6.065495231747909202e+03 3.305589349572689116e+03 1.821227303892780765e+04 3.121096625075882184e+05 3.095272004372011361e+04
1.548628565256916954e+04 1.447891507551802169e+04 1.104071363615374503e+04 1.601853357726732975e+04 2.312465239563046489e+05 2.827264885525780483e+04
5.134290531726815971e+04 3.586683229290477175e+04 2.334568340560042634e+04 7.116179764098695887e+04 7.328799975964264013e+05 9.330977756146993488e+04
7.533472138615646691e+04 3.146039872838251176e+05 5.237921240860490070e+04 4.819461724566370685e+04 6.276394437605892308e+05 1.021515390433270222e+05
1.080969449900327709e+04 5.893682189086701692e+04 5.625313657870984571e+03 1.021432405565735462e+04 2.535963763889035035e+05 2.701624371948008047e+04
2.476606895149348929e+04 7.143242831982596545e+04 1.829191698489892224e+04 2.104322560861449165e+04 4.549043921080612345e+05 5.153135269866060844e+04
1.321978366476193742e+03 5.823856902157226614e+02 1.045589033153062701e+03 3.732037711291725373e+03 1.790960476419075567e+05 1.421304211069204393e+04
4.449472319945680647e+04 3.017170327018184471e+05 2.316877010379675630e+04 2.627164459511732275e+04 6.093998570637246594e+05 7.778182065774343209e+04
2.431346168236542508e+04 5.122323702327675710e+04 1.019923054063670497e+04 2.922391857564147358e+04 4.512170129659855156e+05 5.049409382613726484e+04
8.938312481469227350e+03 1.556421037707368305e+04 3.314082821932895058e+03 1.242647720356106402e+04 2.550439724407011818e+05 2.497184438290677645e+04
2.307179766616436609e+04 5.195685870845685713e+04 1.397807546337671556e+04 2.662650015892947704e+04 5.956830502569004893e+05 6.070160666086972196e+04
6.130913209828568506e+04 2.068668595979366801e+05 5.084380651649452921e+04 3.624027896776939451e+04 8.401148788341799518e+05 1.050451399084796140e+05
5.569092201029133867e+04 1.121594103313029918e+05 4.193980532390040025e+04 4.727900852623613901e+04 7.338357795095904730e+05 9.436464336943189846e+04
7.679082918777001032e+04 2.338479420262703788e+05 5.104074324724188773e+04 6.455938291229502647e+04 7.088311291005648673e+05 1.104401859017088864e+05
4.913848096982157585e+03 7.978222974296616485e+03 1.478657584830931910e+03 8.309451232758587139e+03 2.076854354502212664e+05 1.875835953970548144e+04
1.235347533634745923e+04 5.922020785597632312e+03 5.487117860005810144e+03 2.377333096672252941e+04 3.654893113081320189e+05 3.799095846126467222e+04
6.086215919319380919e+04 1.566042894911643525e+05 2.986342604705909980e+04 6.788429692620085552e+04 7.364676459549866850e+05 1.008518644582229026e+05
1.447411848134918000e+04 1.042082829516366473e+05 6.800508838081063004e+03 8.002696719412688253e+03 2.421139142080286401e+05 2.799015180348747890e+04
1.232619558097700610e+04 2.364065655435593362e+04 2.807107607596904472e+03 2.451020809761793862e+04 4.180022693631583825e+05 4.157742535531373869e+04
5.969498346597841737e+04 2.190250502588149102e+05 3.511445192644024792e+04 5.158892599415498989e+04 6.076011749900536379e+05 9.016757245480180427e+04
8.805338532864370791e+04 3.587837848077364033e+05 4.685513368339262524e+04 7.535008283955392835e+04 1.060294077192527475e+06 1.433352808719204622e+05
9.084326924720371608e+03 2.127562109551971389e+03 4.058373941963713150e+03 2.152023435379457806e+04 4.358307548078622203e+05 4.089965258588092547e+04
5.795784703832226114e+03 5.403529442054861647e+03 3.092574361114297972e+03 1.000510620046572512e+04 2.682735199758058880e+05 2.416859661885994865e+04
5.725344233900018298e+04 1.467607459601552400e+05 5.066286933716158819e+04 3.777934198503992229e+04 6.438483362957184436e+05 8.948870738472949597e+04
7.795913704137667082e+03 1.596824853224885373e+04 5.564078411001267341e+03 8.504513289000366058e+03 2.408371054561981000e+05 2.323277622457832695e+04
2.999834576343750541e+03 2.466777636670452921e+04 2.228579425047620589e+03 4.476788138254115438e+03 2.149828727832974982e+05 1.866505914528160429e+04
1.227597845117903489e+04 2.728576486213906264e+03 4.642711146031087992e+03 2.353761961596273613e+04 4.298079460552705568e+05 4.168842175196031167e+04
3.221685894154446487e+03 1.213667007866677523e+04 3.726596767438467396e+03 2.852076980760494735e+03 2.219653968144268438e+05 1.842586773169892695e+04
1.529552107745291687e+04 7.154135920436560809e+03 3.729098640155610610e+03 2.978987209954880382e+04 4.840659027752773254e+05 4.799005205782251869e+04
6.958208293990777747e+04 4.067045416185403010e+05 3.107486484402199130e+04 5.115219146451208508e+04 6.687173233371541137e+05 1.016241967803046136e+05
3.004493060184676142e+04 6.894626787170112948e+04 2.947612995968136238e+04 1.593530555210573038e+04 4.078604538929049158e+05 5.075582907460634306e+04
2.478075705192044188e+04 5.399279616667220398e+04 1.623797783046389486e+04 2.204862317369126322e+04 3.740810290013383492e+05 4.480163647121260146e+04
1.480915501284982020e+04 6.685652665906671609e+04 7.190622416533992691e+03 1.545716848484655929e+04 3.148375319452759577e+05 3.457261093131125381e+04
2.372238729162463642e+04 7.266345664772677992e+04 1.240576907565611327e+04 2.133633696553508707e+04 4.723294610414713388e+05 5.035936777996863384e+04
1.797782541199628031e+04 5.559578550575836562e+04 8.341769023829427169e+03 1.690840303040258004e+04 2.221947820515481581e+05 2.893687345704947074e+04
4.563756060632622393e+03 5.154383980814071947e+03 4.168323044919951826e+03 6.443880663593388817e+03 2.999256209242632613e+05 2.513858941526495619e+04
2.176070856578871462e+04 3.550931041485132300e+04 1.412268903648758533e+04 3.393460282447480131e+04 4.489321929511768976e+05 5.338445731912476913e+04
6.161382308630417356e+03 6.473387941524912094e+03 4.907552392241948837e+03 5.713396374969407589e+03 1.828222468594234670e+05 1.731587589648734865e+04
2.373995856447747883e+03 1.576543823040384086e+04 2.604080236413599891e+02 3.477097120051187176e+03 1.741498407009982620e+05 1.417773754366260437e+04
2.863823798266788435e+04 5.041248265961275320e+04 2.218846029224976883e+04 2.384246179994847262e+04 5.861749922764388612e+05 6.226617162546773761e+04
1.713904808212007629e+04 6.352811470832394843e+04 6.124612924197975190e+03 1.976751848357357085e+04 4.607763510468938621e+05 4.571326191550937801e+04
1.077473949510308557e+04 8.549063437416007218e+02 4.623180389294107044e+03 1.633909685575620642e+04 3.073676684426057618e+05 3.009697162046120866e+04
5.866631627966633096e+04 3.189872026607979788e+05 3.629585727846707596e+04 3.746007783761955943e+04 7.807654927616685163e+05 1.008803062995064101e+05
2.645501815618494948e+04 1.280663446156992140e+05 1.443008279322526323e+04 1.789347979095294068e+04 2.685723443498622510e+05 3.871148314776970801e+04
2.541905948856509349e+04 6.589832710590562783e+03 1.755611841858142361e+04 2.888855398826486635e+04 5.204258592035415350e+05 5.596074853590871498e+04
2.207705819447700924e+04 8.136586741968063870e+04 9.344849423202966136e+03 2.334316258923579517e+04 4.037433057056154939e+05 4.576475367543197353e+04
1.181140550223975297e+05 4.156139286318734521e+05 8.138449857960434747e+04 8.888238811070309021e+04 8.879233807002857793e+05 1.555573692904734344e+05
9.075095569092905862e+03 2.589415006958716185e+04 5.287470124261071760e+03 8.201345914252340663e+03 2.131765810941799427e+05 2.160706526278790625e+04
2.061971150820905677e+04 1.073028895275454943e+03 9.743828274443792907e+03 3.443585800470536924e+04 6.030252764091434656e+05 6.038406415189042309e+04
9.403550815012592648e+04 2.760736599975828431e+05 6.497083030222821981e+04 7.890352787700061162e+04 8.192134514468153939e+05 1.324446802632782201e+05
7.310921950743596426e+03 5.591867733433092326e+03 3.409655307793346765e+03 9.364435442013505963e+03 1.939874539414503379e+05 1.902845182574799401e+04
1.269702837667568383e+04 8.904617866511330249e+02 4.581443384254410375e+03 2.235220120123444212e+04 3.090759956266708323e+05 3.291466697656732140e+04
2.585958017661840495e+04 9.292031986445256916e+04 2.447566040652032098e+04 1.253399600926863786e+04 4.705179074176785070e+05 5.246254299552622251e+04
1.190810897263673833e+05 6.269459435154746752e+05 8.506187834610328719e+04 5.907434904174943222e+04 8.599685777965366142e+05 1.522386995711753261e+05
4.886245657550538454e+04 1.820685124561640259e+05 2.406215425069624689e+04 5.218420199633688753e+04 9.853741393075691303e+05 1.092528110298729589e+05
3.082110107861995402e+03 1.906105522665070021e+04 1.202602388596938908e+03 5.447731360169636901e+03 1.698917012396717910e+05 1.535163159630577138e+04
4.189597871377936826e+04 1.663565574808536039e+05 2.247993474496142881e+04 3.848743370338645036e+04 6.481509163412802154e+05 7.891849014730872295e+04
6.700787853280502895e+04 1.542083485261901224e+05 2.683392672696715090e+04 8.506997646941634594e+04 1.005879447565120179e+06 1.253189706725882279e+05
1.344420838060374263e+04 3.442572656171839481e+04 4.542202656171451963e+03 1.627864548598902365e+04 2.651667822535914020e+05 2.885712720894257654e+04
1.294952948613445733e+04 2.672109344958924794e+03 4.396018998365043444e+03 3.540935921673775010e+04 5.664514304754986661e+05 5.613807345997120137e+04
3.916699165102017560e+03 3.343904676751129591e+04 2.260847449392718772e+03 2.644353129079971950e+03 2.136989108619671606e+05 1.819794525871043879e+04
1.605252218408520457e+04 2.929231322063560128e+03 4.846529375241237176e+03 3.657258309140021447e+04 5.289580197605197318e+05 5.434920136984038982e+04
5.579845912128831696e+04 2.547460153006056487e+02 2.797384116693697797e+04 8.244073140683842939e+04 9.823984982820531586e+05 1.154257683989859361e+05
8.100526878017545641e+03 2.976349161618764265e+04 8.985835987862390084e+02 1.652144991597308399e+04 3.626363412147024064e+05 3.372132298275400535e+04
6.503159400412997456e+03 6.221726641184048640e+04 2.078081644717741710e+03 4.788676289059678311e+03 2.450266222761798999e+05 2.261958846654778972e+04
8.901048361964998549e+03 2.744908461836444258e+04 1.066425707027950193e+04 4.237652189556608391e+03 2.824780694561618147e+05 2.687071474929012766e+04
8.948321119108424682e+03 8.254560196884802281e+03 6.553769818291493721e+03 1.099986549831700722e+04 3.379304418456553831e+05 3.093662140006195114e+04
8.334953999237774042e+03 2.959916111112745057e+04 3.816123675416101833e+03 8.460449123556365521e+03 2.663366805611328455e+05 2.484877273905440961e+04
1.077265970244336313e+04 8.743518556928511316e+03 6.758300306748501498e+03 1.246138974921078261e+04 2.833317085099203396e+05 2.803757006611728866e+04
1.289251545475772582e+04 4.335081575421765592e+04 4.667898582015936881e+03 1.421273527183268561e+04 2.630087381411232054e+05 2.827353432341324879e+04
9.839851012896784596e+03 1.900594432012505786e+04 7.510152506623667250e+03 1.088296383811189662e+04 3.075588548423012835e+05 2.978515376726709655e+04
7.391789495168268331e+03 2.242695277743527913e+04 2.213088054941365954e+03 1.205493294513698311e+04 3.083738472426196095e+05 2.825567450879325770e+04
1.583688104768602898e+04 8.808069069138949271e+04 1.295510273476982911e+04 7.864685892855599377e+03 3.443352903758003376e+05 3.665840257657386974e+04
3.278812324892991910e+03 4.551378738502212400e+03 1.412235601205584999e+03 7.230443971323540609e+03 2.182539457447933382e+05 1.878311770010936016e+04
1.424525974365188858e+03 6.024999895646622008e+02 1.242678634368302028e+03 6.260289116855273278e+03 2.661833049043185310e+05 2.129968647393861829e+04
4.519878675696681603e+04 1.212495864472318353e+05 4.077321608725117403e+04 2.785756471546509783e+04 5.848863166759168962e+05 7.551111495697875216e+04
1.637176580608221229e+04 7.091048370386224997e+04 5.664950988634885107e+03 1.721272124588731822e+04 3.589559698883512756e+05 3.787669427228503628e+04
1.435834382133780491e+04 5.767708224877437169e+04 1.083969511775664432e+04 9.892348341077789883e+03 4.263885664368194994e+05 4.067810247899909155e+04
2.022989979199883965e+04 1.789603714300491556e+05 5.225289298801496443e+03 1.573517283913661231e+04 4.278043187301381258e+05 4.699518758783012890e+04
1.169836682513933192e+04 2.675897845056704318e+04 7.927325279806153958e+03 2.127454675558223244e+04 3.457934031080639106e+05 3.761909155481508787e+04
1.792493156780365325e+03 9.845293342425340597e+03 2.459165338781086803e+02 5.377521503813683012e+03 1.989968371815799619e+05 1.640914899625697217e+04
3.464725230091026606e+04 5.729520817038817040e+04 1.510274865493752441e+04 4.018299168945266865e+04 4.583167926146904938e+05 5.834135987067785027e+04
1.747262324496460860e+04 1.226207759678552393e+05 6.611284432933709468e+03 1.573653422102101467e+04 6.077240097580895526e+05 5.690738068474201282e+04
1.281956012246015416e+04 3.511440403359342599e+04 6.229344852643075683e+03 1.213528370503602855e+04 3.296181535722541157e+05 3.207991138667290579e+04
7.979846311176464951e+03 3.088664579332950780e+03 3.997179130461605382e+03 1.317264140693786067e+04 2.238809114090666408e+05 2.289051611000182311e+04
5.236348296157361619e+04 3.412902725086778082e+04 2.417818112496486719e+04 7.286354747842495271e+04 6.413956881172079593e+05 8.819898851863764867e+04
1.779459319454305296e+04 8.825866502148864674e+04 1.290285964441408214e+04 9.498529300840742508e+03 3.107282404305993114e+05 3.512308694156466663e+04
7.487018340627358157e+03 2.269867264298207010e+04 2.485400017001752531e+03 1.119948738242443324e+04 2.918355272169336095e+05 2.688732752899902334e+04
1.317716501370586229e+04 1.406243816115538539e+04 2.018786778343272090e+04 3.848415584435851997e+03 2.955866267704473576e+05 3.101960590041878095e+04
1.599816675884100732e+04 5.295875634124461794e+04 1.201113812703238546e+04 1.144300589208342171e+04 3.536189002640445833e+05 3.675639326732555492e+04
9.013852342556907388e+03 6.840350802352622850e+03 5.574326728045042728e+03 1.030302473324537641e+04 3.412779688319921261e+05 3.035448794630679186e+04
1.506437717751731361e+04 1.033136271204268269e+03 8.388148820519450965e+03 2.439198768681849106e+04 4.972888921247951803e+05 4.814421852012874297e+04
5.711737693543633941e+04 2.276567051434843233e+04 3.672815548450128699e+04 6.851559333199901448e+04 8.583038016307554208e+05 1.056700025041230983e+05
2.504186185041171484e+03 1.481490352178340981e+04 9.157354109453889350e+02 2.194750084136236637e+03 1.056583368904333474e+05 9.226647816442597104e+03
5.717652699106193722e+03 5.899627763399520518e+03 3.151080886809229469e+03 8.607654684225739402e+03 2.536990058609861298e+05 2.260618035725676600e+04
3.935690312817992526e+04 1.166886954117098503e+05 2.610698748858847830e+04 3.458852118356845313e+04 6.247558486549007939e+05 7.468832588878572278e+04
1.182387715368914505e+05 4.378557975541735650e+05 8.353752522186152055e+04 9.255001048986622482e+04 7.074077138055766700e+05 1.471028838725768728e+05
3.133672388891956871e+04 1.172101722233341934e+04 1.404439693573688783e+04 4.789819989166472806e+04 6.555232085954354843e+05 7.238319034880690742e+04
9.542418282117227136e+03 6.951965839574895654e+03 1.023726926697515228e+04 6.257735786934590578e+03 2.505695930528744357e+05 2.443991243527337429e+04
8.722627288562493050e+03 5.621444660995103732e+03 6.421187938993898570e+03 1.091579278220743072e+04 2.946782046381267719e+05 2.780205806509263493e+04
7.026938307707970125e+03 3.900207920994277083e+04 4.153191522401786642e+03 4.412625544529450053e+03 1.500105668628397398e+05 1.580485209303449119e+04
6.189294078154006274e+04 2.872961182897883700e+05 4.538875730715294776e+04 3.400449930315025995e+04 5.019368455637392472e+05 8.291584291407135606e+04
3.375351683245988625e+03 2.507333127409342069e+03 1.689929614135929796e+03 7.117468234780421881e+03 2.350190548621280177e+05 1.987823307995793584e+04
1.728890704019954137e+04 6.711792203392329611e+03 9.627030243491706642e+03 2.843457309682655614e+04 5.968435537699667038e+05 5.748321204950024548e+04
5.659124031801644014e+04 2.183542495039313217e+05 3.702309761274216726e+04 4.233017927121988032e+04 3.931056462087127729e+05 7.234364049292955315e+04
1.916025312972583561e+04 4.485812620361844893e+03 6.626748000394597511e+03 3.270995511056266332e+04 4.372559583148378879e+05 4.727917382991817431e+04
6.699708440195491130e+04 1.926645647916216112e+05 5.680519355122947309e+04 4.449532227773726481e+04 4.616314308247332228e+05 8.518854299304766755e+04
6.794351938793505542e+04 1.802786142169964296e+04 2.277742425690573145e+04 1.126026013774600142e+05 1.597804838685388677e+06 1.690956221748660028e+05
3.053640674103254059e+04 1.070643900600282941e+05 2.370978161528978671e+04 2.461544031781309241e+04 6.442667373456163332e+05 6.998142446844455844e+04
2.547393782642569931e+04 7.520886925761213934e+04 1.705153687370416083e+04 2.001296677825733059e+04 4.380693794518430368e+05 4.958528922829484509e+04
1.621377275249062768e+04 5.037956141905119148e+04 7.574709232625909863e+03 1.651470307623306508e+04 2.860629374907644815e+05 3.246587011082584650e+04
1.766776319282689656e+04 1.775879753705528856e+04 7.710034004995980467e+03 2.679736818206771932e+04 5.146226042330562486e+05 5.093287615565014858e+04
5.560851487388820715e+03 9.556616326894440135e+03 2.429776382091161395e+03 5.904045382221805994e+03 1.459578513518440013e+05 1.400700164706398755e+04
7.627736026708238933e+04 1.736389478794075549e+05 3.338760904801431025e+04 9.233328707334933279e+04 9.586034678333179327e+05 1.292100202608158579e+05
2.131049411069151029e+04 2.247624538633626435e+04 4.941439719768910436e+03 4.052406521686902124e+04 7.308625288134672446e+05 7.072395391260870383e+04
3.956408462234298349e+04 1.580620672389415267e+05 2.747887308886584651e+04 2.531596988537958168e+04 5.800990104621608043e+05 7.013004934770232649e+04
2.385945445153369292e+04 8.591854407533185440e+04 1.461854997118227402e+04 2.082245049408072373e+04 3.836840177645990043e+05 4.577439182929303206e+04
1.739315317053710896e+04 3.450658818102487658e+03 8.488376431593094821e+03 2.833881502933651427e+04 4.315333072340863291e+05 4.566902163459404983e+04
3.055947251733526718e+04 1.814518278057526622e+05 2.324757262477393670e+04 1.759268986875672636e+04 6.996525488216945669e+05 7.401191750738299743e+04
2.279143881508333434e+05 7.933047644782636780e+05 1.524949185418962734e+05 1.859655007222793356e+05 1.467603350695032394e+06 2.877855181690537138e+05
1.327405895838839206e+04 7.260731799415138084e+04 6.188892584936138519e+03 8.320378691617626828e+03 1.847612568785836629e+05 2.244926702988523539e+04
3.855449047357809468e+04 1.669629786786808982e+05 1.545094591350703558e+04 3.764722119910096808e+04 6.787610641503182705e+05 7.759729578256209788e+04
1.328465405841586471e+04 5.269320730250728957e+04 4.172946954512461161e+03 1.633798413762359269e+04 4.031780757951992564e+05 3.891108896470730542e+04
1.128982711609130638e+05 3.454288516369547579e+05 8.986152313221702934e+04 8.132891621025411587e+04 9.442562507074634777e+05 1.561128648421713733e+05
2.409449554642642033e+04 1.351634303605790483e+05 1.838587461950248689e+04 1.001002774866001710e+04 3.491750168570345850e+05 4.262440660038531496e+04
9.483071231957648706e+03 4.287483882318595715e+04 5.191444420425717908e+03 7.262805501169367744e+03 2.536411890085571504e+05 2.470297776055283612e+04
1.468685661520261965e+04 3.108978372117628169e+03 5.012528258946127607e+03 2.381283095088273330e+04 4.138878754498912022e+05 4.092033218551423488e+04
6.412545195994473761e+04 1.804072984735553619e+05 4.184425398996630247e+04 6.029064480368440127e+04 9.672736115430997452e+05 1.192843883897125197e+05
3.167818372741154690e+03 2.104594891882813954e+03 1.511936876712415597e+03 4.593470861778918334e+03 1.198484785874471854e+05 1.089394306062883152e+04
8.087955733761214105e+03 7.063206287395255458e+03 3.095269855130592987e+03 1.823936074271731923e+04 3.923512894988649641e+05 3.632068061973380100e+04
1.039107684575518761e+04 5.605218942478932149e+04 6.254249986631049978e+03 7.445159248912051225e+03 3.506935926336332923e+05 3.242320824531671315e+04
3.790640024753406760e+04 1.361588040730237844e+05 2.475959123990588705e+04 2.935646002630631119e+04 5.598438226799707627e+05 6.833889915130987356e+04
1.011602581693357934e+04 1.571266742088468391e+03 5.218560519897530867e+03 1.319386886402479468e+04 2.552307194082309725e+05 2.546014046389499708e+04
6.964107594515156052e+03 2.841801941685630300e+04 4.180694787247210115e+03 1.355752887692775948e+04 3.314049880037925323e+05 3.162878394021552231e+04
7.657053663419429540e+03 3.325574043711359991e+04 5.076097672102464458e+03 8.336000504809653648e+03 3.240104706236729398e+05 2.939566828574284591e+04
1.702179893871708191e+04 1.202018796685462148e+05 9.226360283957088541e+03 9.980271240408197627e+03 3.894799225356015377e+05 4.063313763675891096e+04
4.434799178402325924e+04 1.803922616656088212e+05 3.331447729839813110e+04 2.775607400051922741e+04 5.975742128819737118e+05 7.602915788336553669e+04
2.182687135654625308e+03 3.178161119974604844e+03 8.515583396249481893e+02 5.501699916353940353e+03 1.631251518701878958e+05 1.398383277517626993e+04
9.973717809122499602e+03 5.463527708475849067e+04 3.021043227141883563e+03 1.155650032858373743e+04 4.335687481322908425e+05 3.839255417951245181e+04
9.026952537587569168e+03 5.434067113996668013e+03 6.664884021081355058e+03 1.304560945293281839e+04 3.348279335690537118e+05 3.156136425489274552e+04
2.904984901690858533e+04 2.324587166523882479e+05 1.568445105309944847e+04 1.402780770493047930e+04 5.149620454204315902e+05 5.924079076917697967e+04
7.252208930277295622e+03 9.388343631365827378e+02 2.947137875612508651e+03 1.169049080756953117e+04 2.682632651257654652e+05 2.464643761270323739e+04
5.020495624776478508e+03 6.919596755106893397e+03 2.338905976637031017e+03 9.897356192962190107e+03 2.988922947989235981e+05 2.592938775950972558e+04
2.613601479267004470e+05 9.869233853598422138e+05 1.506451264263611520e+05 2.185203906004916644e+05 2.011639944935980951e+06 3.478792522239013342e+05
1.446306148450781802e+04 2.200795303005096866e+04 4.588077521257188891e+03 2.003011447064186723e+04 3.795123645695030573e+05 3.764976154230204702e+04
2.489341307469737876e+04 3.267585958052019487e+04 1.537813308034434885e+04 2.645161625950395683e+04 5.501882290012345184e+05 5.721223952265581465e+04
1.660098635601647038e+04 4.580271172107185703e+04 6.188211527483043028e+03 2.164076660179843020e+04 3.555193062510179006e+05 3.863127497709933232e+04
2.521841501857752519e+04 3.808551832216538605e+04 1.227939869717131478e+04 3.184498115168249569e+04 3.471146048002518364e+05 4.492419094612067420e+04
1.356869937176237727e+04 9.332099072718663956e+04 5.022890435400046044e+03 1.172871904690253905e+04 2.481498668252055068e+05 2.877605391495459480e+04
6.137576501667418597e+03 1.665957547227662144e+04 4.792773718990444650e+03 8.175178320144081226e+03 2.406930620667274343e+05 2.277587153814319390e+04
2.945947610425154562e+04 1.361479559920667671e+05 1.057173137631270583e+04 3.126804293067248364e+04 4.725355248969131499e+05 5.721425681192981574e+04
2.534755954292022216e+04 1.980631395446956230e+04 1.410049554599869953e+04 3.845944272281159647e+04 4.483554947055093944e+05 5.460530242354162328e+04
1.474297987032882520e+04 2.652620281513518785e+04 1.001261153869182090e+04 1.493317407958840340e+04 3.455948398822827148e+05 3.562569107352004357e+04
1.119158973613188027e+04 1.172908700159617365e+04 6.623518769729053929e+03 1.438945654569677208e+04 3.323381566474712454e+05 3.229516334052456295e+04
1.166226916274204450e+04 3.183889708181161404e+04 6.527859192125739355e+03 1.397110237319093540e+04 3.087718517206142424e+05 3.147456416490679476e+04
9.057655983710770670e+04 6.069722735556863481e+05 4.944534848225343012e+04 4.601252904816128284e+04 6.905829616096218815e+05 1.185976683360776369e+05
2.310822417073006000e+04 6.758716109197225887e+04 1.773170793302202583e+04 1.576854976165556400e+04 4.147139406355096144e+05 4.601130711289167084e+04
2.816406105863560515e+04 6.628972157610197610e+04 1.471972992667267863e+04 2.909323625924755470e+04 5.327754178944523446e+05 5.861467319321171817e+04
8.885416451317818428e+03 5.806007265391384863e+03 4.995315332194031726e+03 1.497656361502437539e+04 3.569619136491811951e+05 3.322190722832689789e+04
4.251887093448912310e+03 1.516696100443955947e+04 5.317535940220926932e+03 1.809091448984710496e+03 1.341249871663819940e+05 1.288188112285621901e+04
1.196373590872056411e+04 4.257084934486924612e+04 8.653976058311936868e+03 7.417925943967547028e+03 2.454687143802322680e+05 2.570104949853308790e+04
1.383025069367946162e+04 5.765539700031717075e+04 6.450793112986244523e+03 1.234036429124298229e+04 1.929271888109232532e+05 2.418947679853544105e+04
1.746322838555676208e+04 1.345541659276175778e+05 5.467896304125152710e+03 1.044039591832190672e+04 3.212293842021945165e+05 3.534051361597090727e+04
1.059766788238177396e+05 1.738711285936595523e+05 4.525349216854511906e+04 1.498355507213698875e+05 1.852868597060597735e+06 2.204861948328106373e+05
6.063119267625646171e+04 2.948258467643857584e+05 4.842627238697780558e+04 2.875378555099355071e+04 6.893140162588075036e+05 9.482640471786570561e+04
2.672215808440304954e+03 1.409046199957011413e+04 5.473144529830238980e+02 6.359088082028003555e+03 2.332906015622924024e+05 1.949952655915607465e+04
2.114591318842206601e+04 5.823270190407703194e+04 2.297738420390972169e+04 1.563566586105359056e+04 5.937171887203468941e+05 5.978945262873684987e+04
2.841467638431823070e+04 1.400429810197686602e+05 1.475648275043463764e+04 2.318486991051393125e+04 4.581580657312516705e+05 5.458883400651354168e+04
1.323793176406488965e+04 1.737560656238521551e+04 1.422450804394007355e+04 6.836236126569536282e+03 2.502895281573235989e+05 2.691717972479803575e+04
1.547530340468399118e+04 2.055551571646649245e+04 5.523674211217941775e+03 2.543995293010974638e+04 5.794324268084213836e+05 5.387400963560440141e+04
1.758069613532488074e+04 3.085465677901282834e+04 8.686548046299443740e+03 2.195625839054594690e+04 4.166877305472486769e+05 4.322558424194755207e+04
3.311870665234844637e+03 1.748906255983705478e+03 4.097809844606298611e+03 4.714630167930111384e+03 1.925378034549604054e+05 1.693491754492684049e+04
5.605852127309829666e+04 2.313475530453722749e+05 4.186806002267822623e+04 3.542680028549031704e+04 6.537600122034881497e+05 8.948494501395376574e+04
2.184216943501281276e+04 3.930588791854136798e+04 2.250736579574386269e+04 1.368389608184115787e+04 4.643201460547302268e+05 4.906473865547639434e+04
4.246635496211084501e+03 2.020730159425033605e+02 2.359933064730110345e+03 4.924922026574490701e+03 1.550135839069527865e+05 1.368044727090371998e+04
2.291367101680877749e+04 1.102740931167304079e+05 1.671272037068427380e+04 1.252633160921016861e+04 3.458009575431916746e+05 4.158270507172600628e+04
6.913437654512586050e+03 3.539010200928788254e+04 9.468897642025840469e+02 1.274019979139281713e+04 4.107570603909372585e+05 3.554726679477786820e+04
1.651241839176992244e+03 2.982127582129105576e+03 1.883519780896583597e+03 7.149674927890113395e+03 2.515209289731785830e+05 2.110964847505492799e+04
2.601673858847334031e+03 2.343917188582356175e+03 2.034840080456843225e+03 4.860023019763899356e+03 1.261720523868083255e+05 1.167704994948745116e+04
7.931810731444943485e+03 3.361858581711881561e+04 1.241931490269093729e+03 1.092117447461295160e+04 2.539621603312403313e+05 2.421832060202846333e+04
5.115558442273715627e+03 5.442712765010615840e+03 7.142285082881341623e+03 4.676505909964790590e+03 1.652445715704284084e+05 1.657711381516790425e+04
1.341651304437616818e+04 1.978460513030890434e+04 7.991108053002428278e+03 2.345276595031084435e+04 3.179839793385550729e+05 3.641605623613181524e+04
1.397610949468357467e+04 1.306366074237692374e+04 6.664441802953986553e+03 1.834740363982657436e+04 2.584363671232147317e+05 2.919794337822758462e+04
3.777996872821182478e+04 1.354617382320304168e+05 1.940414502149351392e+04 3.188501190373232748e+04 5.107695364593644626e+05 6.383841543881684629e+04
9.854967746534995968e+04 4.523112697023456567e+05 6.464247386317505152e+04 6.574351492511457764e+04 7.614200168160314206e+05 1.311840405855856079e+05
3.088304561900985937e+04 3.128472077484776673e+04 1.407898627925814981e+04 4.542351343621114211e+04 6.068038790147338295e+05 6.897010074525355594e+04
9.812724705496494425e+04 3.229092473993102321e+05 7.809992924437973124e+04 6.322127622915922257e+04 9.450619992891028523e+05 1.417947477508203883e+05
2.991404442064549585e+03 1.253454930047659036e+04 7.193859461250921186e+02 1.191734482163246139e+04 3.227427581989770988e+05 2.802659777671797565e+04
3.557093251665152638e+04 9.749946658997633494e+04 1.798334844434248225e+04 4.031407796114755183e+04 5.553364276019001845e+05 6.815690090880355274e+04
9.633717965462633583e+04 3.676094690256722970e+05 7.712075657687934290e+04 5.864107618775993615e+04 7.088378886253464734e+05 1.256246195432873064e+05
7.773695598339060962e+04 1.105543334741828585e+05 3.309048492201782938e+04 1.115546533602119307e+05 1.068892436979573220e+06 1.420705942827163090e+05
5.803682419037933141e+04 3.423323342757960199e+05 2.700036882390651590e+04 4.321481928464530938e+04 8.380909215784637490e+05 1.044859749028958176e+05
3.344522849618385226e+04 1.738281526674261841e+05 8.753391715483669032e+03 3.854853455838814989e+04 6.932857658691871911e+05 7.643419939712241467e+04
2.507680513929409790e+04 1.663563226014627071e+04 1.402083610576172578e+04 3.320244722645683214e+04 5.793885090350963874e+05 6.085020220175768918e+04
1.416940018044269818e+05 7.577876942227206891e+05 8.071331816132532549e+04 9.308260943630995462e+04 1.098620698140437016e+06 1.882667158451179566e+05
1.491154330951578049e+04 3.910520869163819953e+03 7.701413238262430241e+03 2.142969823566426567e+04 3.601559983397930046e+05 3.742752622320421506e+04
5.260623747019709299e+03 1.448045100874466152e+04 6.830609231493686821e+03 6.460582065639464417e+03 2.810760967920402763e+05 2.548738012906750373e+04
1.402975416848145505e+04 4.771634349607521290e+04 9.858529862604986192e+03 1.286240648408586640e+04 3.888035482945725671e+05 3.857741873329991358e+04
5.917503727088917913e+03 5.372101774980326445e+04 1.612057799861750709e+03 1.171995266535276460e+04 3.418652091597868712e+05 3.164589984491795258e+04
9.475529487067165974e+03 3.637609362299747590e+04 5.404024385200518736e+03 9.357113108248922799e+03 2.776782425086816074e+05 2.703684619317266697e+04
2.821648670445581502e+03 1.052721964407986206e+03 1.004882135210443835e+03 6.696995117663828751e+03 1.730168495777827047e+05 1.515058317669064672e+04
5.049677351854726112e+03 2.770990773306657957e+03 2.439078349132886615e+03 1.945163837265382244e+04 3.487238437684732489e+05 3.343927020907748374e+04
1.760750572298478073e+04 2.573810917562613758e+04 1.447954939759452282e+04 1.571371685156353306e+04 4.100663317234986462e+05 4.220160660650149657e+04
3.908314429670010577e+04 6.318579584735644858e+03 1.860518846790627867e+04 5.724897044361254666e+04 6.481917185181520181e+05 7.781716170249416609e+04
4.136958316688535888e+03 2.219958476938868898e+03 1.934771112802299285e+03 6.151365592741130058e+03 2.183936365156377433e+05 1.841448900086662979e+04
7.179439789834626026e+03 2.467514907781277725e+04 5.649633926046699344e+03 1.223389024935693851e+04 2.876997397928576684e+05 2.853872968544829928e+04
1.415795028791870755e+04 9.244582187032003276e+03 1.504058231626155248e+04 9.533623728205129737e+03 3.310132133986983681e+05 3.351587584733880067e+04
4.010185287871200853e+04 4.444421258882230904e+04 3.232720350754912215e+04 3.792802537671585014e+04 7.397195727811497636e+05 8.303817489129400929e+04
5.816876991343361442e+04 5.935869085850127885e+04 3.188610106814811297e+04 6.938029412158757623e+04 8.671455060574008385e+05 1.063786862606273207e+05
3.518857685274138476e+03 6.702216593837270011e+03 2.474434346005076350e+03 8.244035799959208816e+03 2.728619309294426348e+05 2.347866184164932565e+04
9.149938586699321604e+03 2.150112531017192305e+04 2.225250726294061224e+03 1.420456147105052332e+04 2.873218610138648073e+05 2.777119401248397480e+04
4.840053810716909538e+03 4.258379768654815052e+03 4.044256377441316545e+03 9.516247100731250612e+03 3.245318536658415105e+05 2.808505790147859079e+04
3.778968637258351009e+03 4.190148145126530289e+04 1.402506373844109476e+03 2.801227025088111532e+03 1.561953690183670260e+05 1.444985159535843559e+04
1.149141962846246861e+04 9.655901465766788533e+03 1.350848704303049090e+04 6.540533287145963186e+03 2.805587637225775979e+05 2.812878955305620912e+04
2.710783827707282035e+04 6.152378590861037810e+04 2.836580093468500854e+04 1.518159609373581770e+04 4.737823242466839147e+05 5.400304134512830933e+04
1.966475644383247418e+05 9.057186395358529408e+05 1.284868704943437770e+05 1.298578766781362210e+05 1.340422642988664797e+06 2.490722733239063527e+05
3.735420630695152340e+03 4.352240766188034286e+03 4.131991930984704595e+03 5.727630411083454419e+03 2.064762617389278312e+05 1.847400197242073045e+04
2.062003064519914551e+04 7.860879308294891962e+04 1.468614458232057041e+04 1.424863501144825750e+04 4.153081389386954252e+05 4.459635719687465462e+04
8.337500838561019918e+03 6.375923121363444807e+03 7.254368828981371735e+03 6.983878873749389641e+03 2.252589578226834128e+05 2.175149828559951857e+04
1.211688200913532091e+04 2.990320978466711040e+03 7.590623039803609572e+03 1.896479184219010858e+04 4.301575372215182870e+05 4.092792664494389464e+04
9.523963217487831571e+03 8.409203952876415860e+04 2.601434847912746136e+03 5.867661580810719897e+03 2.515929712048477959e+05 2.485693472120220031e+04
1.080203812672705826e+05 3.532621350601770682e+05 8.649910897496475081e+04 6.850755432882180321e+04 8.683948373345169239e+05 1.441508895427059906e+05
2.434659238491328506e+04 1.167644851325251802e+05 1.428040898372676384e+04 1.822895907509463359e+04 3.222522661120216944e+05 4.185002393027424114e+04
7.506191198110663390e+04 3.371679315941635869e+05 4.246410293642999750e+04 6.206418986722662521e+04 9.144425354484096169e+05 1.245554183326587081e+05
3.716010620625454612e+04 1.894377022849922359e+05 1.842037459097430838e+04 3.230657127827540899e+04 6.042056468019575113e+05 7.255971851434960263e+04
1.412544533362651418e+05 7.199301525347030256e+05 8.072588226853587548e+04 9.844144022309093270e+04 1.065573045220715459e+06 1.865996502864990616e+05
2.314351981543873262e+04 3.742765163981706428e+04 1.741160840888588791e+04 2.081309237650096111e+04 3.878937673524548882e+05 4.485841355662085698e+04
1.275519006865513802e+04 9.014983837672336085e+04 3.361068871944406965e+03 9.172067347150197747e+03 2.965517860382509534e+05 3.000220194551693567e+04
2.262525040799740509e+03 9.183184075544651932e+03 1.674178311643212510e+03 1.687097882363891131e+03 1.343032899354109541e+05 1.097208482072325933e+04
1.127835091239803478e+04 2.871676792842042687e+03 4.059476861683443985e+03 2.082027207253217421e+04 5.243110928062205203e+05 4.657158050090766483e+04
4.321760805354716285e+04 9.559263960156202666e+04 1.814385671926447685e+04 5.309680364486930193e+04 6.523223422064827755e+05 8.043513082572050916e+04
3.389908044905061979e+04 8.182082276722475945e+04 1.999069331667075312e+04 3.810736995041099726e+04 5.291864627330652438e+05 6.548991113403579948e+04
6.922924026949708605e+03 1.471086101718405553e+04 3.128075731428710696e+03 1.415998032745079399e+04 2.925876210608808906e+05 2.815847474483607220e+04
2.522357133260277806e+03 6.326882559572912214e+03 3.014452904090765514e+03 4.909012188236987640e+03 2.598852638551361160e+05 2.131203890859832973e+04
3.260006941497898879e+03 1.069900724447556286e+03 1.620220807456317061e+03 5.674015070723011377e+03 2.252644981791788887e+05 1.846827679592678396e+04
4.728513584321010967e+03 1.319490745236339080e+03 2.838428092001585355e+03 5.969315054471355324e+03 1.667495798720354505e+05 1.520361571400688263e+04
1.962153954570674614e+04 8.422248844118951820e+04 9.355963854759800597e+03 2.208753613921847136e+04 3.912460462927549379e+05 4.450253327531082323e+04
1.365117638348403125e+04 4.751472806522608153e+04 1.008123171598779663e+04 1.497958732250676439e+04 2.698147049205533694e+05 3.161766162353696927e+04
6.661266139737165759e+03 1.895349575991489110e+04 3.642506026425421624e+03 6.697420886381732998e+03 2.050879377151258232e+05 1.933048949201767027e+04
7.447303012133599259e+04 2.140164588041627430e+05 4.704889307740994263e+04 6.549808361526246154e+04 9.077745472147978144e+05 1.215435754438898148e+05
5.251420893939909547e+03 1.603643954230762938e+04 1.646275602614748550e+03 1.657786734072875333e+04 3.773113353836337919e+05 3.437708306472089316e+04
5.127392303188604274e+04 1.769937142858724401e+05 3.825303473966699676e+04 3.542793943721209507e+04 4.435792758187985164e+05 7.110141825171255914e+04
3.314325392011278745e+04 4.289062945436954760e+04 1.551699354902205232e+04 3.926403299540254375e+04 5.441602144989540102e+05 6.316556748389953282e+04
3.105100112213326429e+04 1.235377833675526199e+05 2.370963042571648475e+04 2.073001215245859203e+04 5.186012354065165855e+05 6.058719297131820349e+04
5.938375019382376922e+04 4.398745204407160636e+05 1.598650153507784489e+04 5.452755669282109739e+04 1.091348035367787350e+06 1.267130669286851917e+05
5.651440880573375580e+03 2.772700124894655892e+04 2.547067962038786391e+03 9.206420018946675555e+03 2.521411742585808097e+05 2.359161453601035828e+04
1.056517411152905879e+03 7.275800564496746119e+03 5.442607406169673823e+02 4.067744870269197691e+03 1.361593424888399604e+05 1.159195935140514302e+04
4.357757126220748614e+04 1.490140841452342574e+05 1.864931219309467633e+04 4.819325011031761096e+04 7.230108769709743792e+05 8.583306222587930097e+04
5.493873882242062245e+04 1.544884643566945451e+05 3.520701550873107772e+04 4.766464406593891181e+04 6.227885906559351133e+05 8.626172923206754785e+04
3.084971040528180311e+04 2.337547771935553828e+04 1.621152008806777121e+04 4.735377664928772720e+04 6.130194551964768907e+05 7.078900878791621653e+04
6.509910582586679084e+03 8.693206921299643000e+03 4.382890173498364675e+03 1.236093696600117619e+04 2.772867627727807267e+05 2.655907398860295507e+04
4.794180746418034687e+04 1.330180648287592048e+05 2.097930411022187036e+04 6.240436435545409040e+04 7.677800359062693315e+05 9.548332059802746517e+04
5.995868465807452594e+03 4.196236911854745995e+04 4.577979373194541949e+03 1.593453573698855689e+04 5.749434513140617637e+05 4.992525280775247666e+04
4.139582575716361134e+03 1.743070810054888352e+04 2.308569456968068607e+03 4.042909735646816443e+03 1.204620035777367011e+05 1.178788243199275894e+04
6.578326402347301155e+03 3.136664900395043878e+04 3.841204826516547200e+03 1.333518348507082737e+04 2.414098033588992257e+05 2.547472930311930031e+04
5.153071989775304246e+03 3.337133598279494436e+03 3.278050325937734669e+03 6.942061337131623986e+03 2.264033179004781705e+05 1.994509269437089461e+04
2.871349066775319898e+03 1.363898286081023571e+03 3.223335663465742527e+03 6.064921557327388655e+03 1.836836253180930798e+05 1.655394909972678943e+04
2.711155777511201904e+03 1.157067095761712335e+04 1.377990030598379235e+03 7.718096537536723190e+03 2.083254891018385533e+05 1.866833746048339526e+04
3.335149664067975391e+04 1.827218232972973055e+04 1.845192449380522521e+04 5.006302246686468425e+04 7.746962877762666903e+05 8.360173717362068419e+04
1.090481490579195997e+04 3.495615371787690947e+03 6.599756904181736900e+03 1.901119355868361163e+04 4.593141065691069234e+05 4.250781807749097788e+04
3.685355704232150310e+04 5.629397847307640041e+04 1.734986557753575107e+04 4.659121813078581181e+04 4.299058158815011848e+05 6.024730953272767510e+04
8.043004032030955386e+03 8.238771051793544029e+04 1.471090331502706704e+03 6.548757781432748743e+03 2.496646139126111229e+05 2.446362385765146973e+04
4.886639970600956076e+03 5.798562950798692327e+03 1.978442639351186699e+03 6.032488055300216729e+03 1.418134808614210051e+05 1.340585136003656589e+04
2.063326952727356547e+04 3.020615339816706910e+04 7.924561241720293765e+03 2.640989930461108088e+04 3.340243265002687695e+05 3.931897736304592399e+04
1.331158572617725986e+04 3.324015133046530536e+04 1.052920762617755645e+04 2.085986325258198849e+04 4.339436702741430490e+05 4.480279745563679171e+04
2.576701748494989806e+04 1.356344074409269670e+05 1.466949823246198866e+04 1.787613323011840112e+04 4.591572873775026528e+05 5.199991923253984714e+04
1.553477849555705325e+04 3.848507921088167495e+04 8.821356925377060179e+03 1.706201490668649058e+04 3.701762334635510342e+05 3.831974922952053748e+04
5.002025838423132518e+04 8.063351952901603363e+04 3.048511827657272443e+04 5.485663390635122778e+04 7.107188433359643677e+05 8.973869662198558217e+04
1.421416082490718145e+04 1.795350483893859564e+04 1.144602034761780487e+04 1.544671849429792383e+04 3.049601310926325968e+05 3.331864660115278093e+04
6.402584117727968260e+04 2.596673966804692463e+05 4.608058248438502051e+04 4.128501482330662839e+04 5.796937951098395279e+05 9.036926229704060825e+04
2.877799438894088962e+04 8.832810520703811198e+04 1.690057424603912295e+04 2.790104785074206302e+04 3.934082620871961117e+05 5.073221793969130522e+04
8.826033109570826127e+03 7.758150330884105642e+04 2.660468780407088161e+03 6.357550994066961721e+03 1.985817672215990024e+05 2.121630275644335416e+04
2.849441974019002737e+04 3.082749753096970380e+04 1.932339757248972091e+04 4.057674201768529019e+04 7.864580101697390201e+05 8.110009987330959120e+04
2.383418940947024021e+04 6.359744854685572500e+04 8.254039642725021622e+03 2.743067565630175886e+04 5.712665353600964881e+05 5.753133400465759769e+04
1.003251956577582314e+04 7.058452384004289343e+04 4.579238056801970743e+03 6.723729729607430272e+03 3.011153922705906443e+05 2.875925057812202795e+04
8.979678303134002135e+02 3.302590884843625190e+03 5.489634028523871621e+02 2.443540098481528730e+03 1.340195318144707417e+05 1.051906270538779609e+04
2.930077697114225884e+03 2.814963425075501436e+04 9.820884613288375249e+02 5.834374760792129564e+03 1.874903631030725373e+05 1.706471347320514542e+04
7.061317960753722582e+04 9.984368461523759470e+04 3.780701907854451565e+04 8.062421134356033872e+04 1.048476571888014791e+06 1.282145431007440493e+05
2.400013459582288124e+04 7.620397624282948527e+03 6.463951558245119486e+03 4.284148629028559662e+04 7.932545536528176162e+05 7.588970003590232227e+04
2.171194503865505249e+04 1.976392950786692381e+03 9.921320315219252734e+03 3.449977707236188144e+04 4.380367668322980171e+05 4.943711331604635780e+04
9.986241566374699687e+03 6.401821603167650028e+04 3.673752958133427001e+03 7.257274684562865332e+03 2.656416069550847169e+05 2.589936979750656610e+04
8.975195043756250016e+03 1.041185656570438823e+03 6.499062149101033356e+03 1.231018662079254136e+04 3.495427063737662393e+05 3.192972005630743297e+04
1.105872866607939795e+04 6.726201743956461542e+03 7.078489665758035699e+03 1.861561969085774399e+04 4.243825924752561841e+05 4.034566458835753292e+04
1.455097523022602218e+04 3.196650743504797720e+04 5.632573655963155943e+03 2.048739059358395025e+04 4.458555310274813673e+05 4.326168378082265554e+04
1.048007542503171317e+04 6.115278869766997377e+04 1.463023346979102143e+03 1.656167266515948722e+04 3.258450343255698681e+05 3.306115339719651820e+04
4.257728537507676265e+03 1.635363139320066239e+03 2.720092868777324838e+03 5.678437122084424118e+03 1.480243131989617541e+05 1.377724604026130692e+04
2.542515076117439548e+03 3.106473829974841919e+03 3.643421827797749756e+03 3.179346384066996961e+03 1.643684409989471897e+05 1.421730934688054549e+04
1.719061735209703556e+03 2.193702012169794671e+03 6.063893305534338651e+02 4.213501221944492499e+03 1.352291863197918283e+05 1.137066753978487577e+04
2.503999773861204812e+04 1.290820922284632070e+04 1.399522366943238740e+04 3.247539152414782802e+04 4.665611929112031939e+05 5.273727672359000280e+04
1.576397567102831272e+04 6.074828348944528261e+04 8.573407780659425043e+03 1.244799237425076717e+04 2.403925880787698843e+05 2.849868583855200268e+04
8.913043959863725831e+03 2.442432574813315296e+04 8.351476790467986575e+03 1.005227785683162801e+04 1.816343240136108652e+05 2.157063900510655367e+04
4.114837444035053522e+03 1.411591465601611344e+04 3.988670131103231597e+03 7.489808277748386899e+03 2.068241670295264048e+05 1.971547378880210817e+04
1.614511891028111859e+04 7.954884389651758829e+04 6.767579234292984438e+03 1.326242892575005681e+04 3.152952253103444236e+05 3.405651585930816509e+04
6.932294092749823176e+04 2.461772593875717721e+05 4.398016527727941866e+04 6.209651571317488560e+04 5.867605820061208215e+05 9.868234964531479636e+04
7.068771475809011463e+03 3.928068420688227343e+04 3.528141709784304112e+03 4.947853902116398785e+03 2.481015033564110636e+05 2.238876321961193753e+04
1.064674655713540596e+04 1.013763141053263826e+05 3.798900853293609089e+03 5.318085491794635345e+03 3.258145564972056309e+05 3.097183461817731586e+04
6.624432899865027139e+03 5.486732856701074343e+04 1.977525659941916956e+03 6.296766581916005634e+03 2.682993725024175947e+05 2.445987400395438817e+04
1.220585009272747811e+04 2.363164663087476583e+04 1.117882533002228956e+04 9.694003896204407283e+03 4.444811283886343008e+05 4.026721318792617240e+04
5.693932551772060833e+03 1.025018255344582258e+03 1.631747249705005743e+03 1.237135482833341666e+04 2.831210351321602357e+05 2.539085932504466837e+04
2.646032449200431802e+04 1.047838687143422721e+05 1.777412929396358231e+04 1.869035467385360243e+04 4.044176671549006714e+05 4.849845633685266512e+04
7.147802939415715628e+03 1.738562509916903764e+03 2.576850866623301044e+03 1.449303461453183809e+04 3.615840719346732367e+05 3.207036000101405443e+04
6.900246105569483188e+04 1.844228129366941866e+05 3.410188716888408089e+04 8.091559490479542001e+04 1.089350801750187995e+06 1.336825521189476422e+05
3.024250354166021498e+04 1.047732237959469494e+05 1.902998390668613501e+04 3.723639932964135369e+04 4.765928635466301930e+05 6.228000090326690406e+04
2.501797916372667532e+04 8.336425012581494229e+04 1.375586795706705561e+04 2.411750785694388105e+04 4.885223937385786558e+05 5.381749374899205577e+04
6.368962823807290079e+03 1.567431172575948585e+04 3.345563172106405091e+03 1.017859546343258626e+04 3.220151329477034742e+05 2.847885946303673700e+04
1.824296426106043145e+04 2.781578403281280043e+04 1.163380180860288601e+04 2.407302408999970794e+04 3.419504191250081058e+05 4.027612779824349127e+04
3.077755427541631434e+04 3.008475921363529051e+04 6.946087499283686157e+03 5.456260808261998318e+04 7.333462906294692075e+05 7.847959076541122340e+04
3.778968782264718175e+04 1.511403932199811097e+05 1.450879538662575396e+04 4.552322560013048496e+04 8.247534079671275103e+05 8.978916012461419450e+04
2.389672274257116078e+04 1.285884641061076400e+05 1.246430175210000016e+04 2.232199528841565916e+04 6.668145006760668475e+05 6.667800061669760908e+04
6.468144558784981200e+03 3.812911026777706866e+04 4.671042037292810164e+03 4.222177254636977523e+03 2.334085360417846241e+05 2.150809767299731902e+04
9.374692374933318206e+03 2.063918439324893188e+04 8.282243182732521745e+03 1.149975115488069969e+04 4.037088299848493189e+05 3.694469880951870437e+04
4.490293127239894602e+03 4.273190601854009401e+03 1.113449712959121598e+03 1.141169049656782772e+04 2.872406107649403857e+05 2.517125893388082477e+04
3.528045312848433241e+03 5.394561790392916919e+03 2.581508151283652296e+03 7.101184796379841828e+03 2.457795154799069569e+05 2.112179693133361070e+04
1.812853303190406223e+04 4.132131768659756199e+04 9.055319912911449137e+03 1.960493603902832547e+04 2.284042399463379115e+05 3.017526258837589558e+04
8.639015295247594622e+03 1.864386296889130108e+03 3.147096447696117139e+03 1.397837368175156735e+04 2.282020175259603711e+05 2.311846564857184421e+04
2.586553523369877439e+04 8.387198539527282992e+04 1.790638367311740149e+04 3.136259312540090468e+04 3.859801536833551363e+05 5.201099682332473458e+04
5.287857331014273768e+03 3.904214206985552096e+02 4.664693046038896682e+03 6.437490941979210220e+03 2.882335198772698641e+05 2.432758936791245287e+04
1.851689319621761097e+05 7.858528954687977675e+05 1.282656955849155347e+05 1.271150750611562689e+05 1.017519371565882582e+06 2.200883474807585008e+05
3.883393112080703577e+04 1.824670109682676557e+05 2.085527719358633112e+04 3.133363323774070523e+04 4.046001329524525208e+05 5.939918329141641152e+04
4.462003174866230256e+04 2.744859913313057041e+05 2.489744059014384038e+04 2.357395859498669961e+04 5.574950535961694550e+05 7.246890713366535783e+04
1.346170608093401825e+04 9.104339264738027850e+03 4.529050901857462122e+03 2.355817121538884021e+04 3.270903751141448156e+05 3.505539734797123674e+04
2.923123726587089095e+03 1.406570454443427252e+03 2.011301560951254487e+03 4.561743695524952273e+03 1.734015166244549036e+05 1.466228781736440942e+04
4.793383398193927133e+04 1.794694077264195948e+05 2.149086147657169204e+04 4.641097275580264977e+04 7.217045810380213661e+05 8.767091725027759094e+04
6.198006660961551097e+04 2.739543963943116250e+05 2.497416149328662141e+04 5.729874227734738815e+04 6.821584608040965395e+05 9.611028490093737491e+04
1.616254661702971134e+03 2.047373458419024018e+03 6.925764812034611850e+02 6.036252477395803908e+03 2.074981093374755874e+05 1.708557862077474419e+04
6.178734464528900389e+03 3.152284073548660672e+04 5.214143481594651348e+03 1.371716492746056247e+04 2.678383895221304265e+05 2.802461108645568311e+04
3.427368406918271648e+04 2.551902310494943595e+04 2.053975227270074538e+04 4.180187712580079824e+04 5.934755593705625506e+05 6.893589727146270161e+04
2.296043065501404999e+04 8.828394412466467475e+04 8.625146581967634120e+03 2.546290339423887781e+04 4.245510463959243498e+05 4.815478336626761302e+04
6.142715166129951103e+04 2.848009000065735891e+05 3.290878365525479603e+04 4.757478539477175218e+04 7.928984559171132278e+05 1.031186907145733130e+05
7.180770942704401386e+04 3.233470108042690554e+05 4.598102067222083861e+04 4.808604170526222151e+04 6.444748478417907609e+05 1.009091558205143810e+05
7.172830842421155830e+04 9.417215550563919533e+04 4.757140574008816475e+04 7.796780246294604149e+04 1.113203700177381979e+06 1.352955765903276333e+05
1.961727079889418746e+04 3.856297970838868059e+04 5.006951062933825597e+03 3.400835085168977821e+04 5.662281461007634643e+05 5.752849660156929167e+04
3.299595841743166238e+04 2.465215911285002676e+03 2.239123021513941421e+04 4.408889071153382974e+04 6.870065442787132924e+05 7.591853072173371038e+04
9.865898971840593958e+02 7.267119294807803271e+03 1.973636968070423165e+02 3.249845758518931234e+03 1.628948225498007087e+05 1.287036462779738395e+04
7.372023005443178590e+03 2.048210847633231970e+04 1.672185151720322210e+03 1.616961958156427318e+04 4.046908781743709114e+05 3.626512194138032646e+04
5.750482343747855339e+03 1.356765229196208338e+03 3.122807125620757688e+03 1.448067675729388066e+04 3.316313979153789696e+05 3.026663268886896549e+04
3.282267289514977165e+04 1.032674179972928250e+05 2.424089799882488660e+04 2.450705082434630822e+04 4.875579270641097683e+05 5.943335511037660763e+04
8.176273494228393247e+03 2.818888726741251594e+04 5.157659457303064301e+03 6.601131952349057428e+03 2.526316978172412200e+05 2.359477533384959315e+04
6.486129526564961452e+03 3.907897286868791707e+04 2.794906892651367798e+03 5.591068064963526012e+03 2.098300368968615076e+05 1.977942552940284804e+04
3.001457056747193292e+03 1.612029639497117023e+04 5.113933290167233849e+02 7.637643709791850597e+03 2.408077139704635483e+05 2.066820110302393005e+04
1.795649392331020135e+04 1.754968619243660578e+04 5.537940918095192501e+03 2.808232966752476932e+04 4.372407425654767430e+05 4.536254084456498822e+04
5.942779762604650023e+04 1.169245199627835682e+05 3.528304615197407111e+04 6.662396668756671716e+04 9.372957793236825382e+05 1.141628629990929039e+05
1.388089509986178200e+04 9.898245953964401451e+02 6.620795782556492668e+03 2.263074916694720014e+04 4.013456355350080412e+05 4.013068948395440384e+04
2.873008577790917116e+03 6.194599641922655792e+03 1.201610092907415265e+03 4.802904663394871022e+03 1.820691536022396176e+05 1.524214583734467305e+04
1.474917166572806082e+03 1.653796729216602034e+04 5.731342746066642349e+02 2.295624377472003289e+03 1.351389386156726396e+05 1.119266778054566748e+04
3.306148845033087127e+04 1.176390465088769124e+05 3.029141556327179205e+04 1.443896057283106165e+04 4.512596932385537075e+05 5.575860438124777284e+04
2.947192455297114066e+03 2.407003244053118760e+04 1.869167047977738321e+03 3.745952704416790766e+03 1.266706190871301224e+05 1.221023270333771325e+04
9.657003165734413415e+03 7.166645978667348390e+04 4.175027626636831883e+03 7.731780625844214228e+03 2.729906889083322021e+05 2.720269513390966313e+04
5.711985367237528408e+03 3.950727718645972004e+02 1.446882014169564627e+03 1.471195152145066095e+04 2.996531234414399951e+05 2.745032299590032562e+04
1.384144018459701147e+04 3.178724749882770993e+04 5.444795542032330559e+03 1.902079222167942135e+04 3.682098156191365561e+05 3.728627652911796758e+04
1.165354852641146317e+04 5.098224316566460038e+04 6.106548159494900574e+03 1.100131284900528408e+04 3.054649730971697718e+05 3.067469218995944175e+04
3.216153633741548038e+04 1.292449536867724237e+05 1.729294913312689459e+04 2.505324343764759760e+04 4.484429705310921418e+05 5.533948164002598060e+04
2.233699819800890691e+04 5.105417699607836403e+04 1.696890150282734248e+04 1.815115331259538652e+04 3.917296169896939537e+05 4.439601227558244864e+04
8.293579043811825977e+04 3.867427826774408459e+05 5.981827331405453151e+04 4.890271995108598639e+04 6.902577615306053776e+05 1.134591258212778484e+05
7.798967199554771469e+03 5.061685195881352229e+03 4.681886584790472625e+03 1.578134510318293906e+04 3.310606100611550501e+05 3.167176775015637031e+04
9.739604472786924816e+03 6.349052574125250976e+04 4.328664177718638712e+03 6.441865903457945933e+03 2.517718606275363418e+05 2.485399835673275084e+04
1.870405246915683892e+04 3.724724906199646648e+04 1.431756858143886348e+04 1.500312218785887308e+04 2.304675323602243152e+05 3.030009785292822926e+04
2.286086618597212873e+04 1.400763954314519069e+05 1.085377121945871477e+04 1.663214547877287987e+04 3.458857915631067008e+05 4.239366563925478840e+04
1.939037575326543811e+04 1.111171386142452975e+05 7.949288384354535992e+03 1.394686538606111935e+04 3.422529398736797739e+05 3.825033297509470867e+04
3.242629972554535198e+04 1.410255271796935413e+05 1.853718341066064386e+04 2.435488740129484722e+04 4.115184105261522927e+05 5.365934405768116267e+04
1.714081899094522669e+04 4.115943875733575987e+04 5.427851585098260330e+03 2.213340955181411846e+04 3.154458860369995236e+05 3.560122693339812395e+04
1.330149762479152560e+04 4.079806542686589819e+04 8.263063978634254454e+03 1.173594779931528501e+04 2.652356563954115263e+05 2.872688522552874201e+04
1.209929058174691163e+05 4.462415076581810135e+05 8.677763249821655336e+04 8.802390603461835417e+04 8.089405588454033714e+05 1.536969295797600062e+05
1.551074957796892522e+04 5.346076250398218690e+02 5.721924417100446590e+03 3.228539469525161621e+04 4.177516824273479870e+05 4.518981549894857017e+04
2.634922617215692298e+03 2.395253578334862141e+03 2.853525126777789410e+03 6.915295674259448788e+03 2.483307797392894863e+05 2.117821874715574813e+04
1.608810394845553492e+04 9.289984985580376815e+03 8.252921237229254984e+03 2.214089999379338769e+04 2.865196123792810831e+05 3.330024619126714242e+04
3.614949639127372939e+04 3.883460658769147267e+04 9.213831704876611184e+03 5.980146267340450868e+04 6.759654811256550020e+05 7.839956731999412295e+04
2.830790699951942315e+03 8.225973940456377022e+03 1.941638505363944205e+03 4.083471691173237105e+03 1.608135712072988972e+05 1.390669938388774426e+04
4.369311559607147501e+04 1.888355357164401503e+05 3.109121724019629619e+04 2.711430365945961239e+04 4.438257901418621186e+05 6.485719544109754497e+04
9.905973109474727607e+03 7.693726374243799000e+03 2.095769987061403299e+03 2.164469968102410348e+04 3.792152572870152071e+05 3.657731867702559248e+04
2.364325200048069746e+03 9.971452746909410052e+03 1.712481662662659346e+03 9.928539611280699319e+03 2.552439826038611063e+05 2.288866001638058515e+04
1.831182598877150667e+04 1.760493520915314366e+04 1.077172534396974879e+04 2.273960219628104096e+04 3.207657621803442016e+05 3.737152645623035642e+04
7.392562276162705530e+03 2.011903512704042441e+03 3.168350272818185204e+03 1.048646373502846291e+04 2.746858927986826748e+05 2.468242773331826902e+04
1.829052226526000959e+04 9.622775180404209823e+04 6.395579838610216939e+03 1.989486149656243288e+04 5.297565808021764969e+05 5.214495007690350030e+04
2.519271746109676769e+03 8.114662546689858573e+03 1.973212164316286817e+03 5.016644398219284994e+03 2.137042390988499392e+05 1.789417348172829224e+04
4.580893683223968401e+04 7.413423672719914066e+03 2.288856368259880037e+04 7.073168383571977029e+04 7.200832913830307079e+05 9.064988354761073424e+04
4.609102936092487653e+04 1.515448574769391271e+05 2.997928981516308704e+04 3.574126747261116543e+04 4.336430262950548204e+05 6.574910160003631609e+04
8.939875439880119302e+03 5.377138631565203832e+04 3.175910265075942789e+03 1.267889783214732779e+04 3.867365522198799881e+05 3.577419218601991452e+04
2.010382737627342067e+04 9.013155336820136290e+04 1.704045279806805775e+04 1.323136929199457700e+04 3.673355736285914900e+05 4.249471117065536964e+04
8.430835893997151288e+03 3.429065185236515390e+04 2.034044943743263730e+03 1.172326642009544958e+04 3.094084711447688169e+05 2.868502602160465540e+04
6.431114183302187485e+03 3.963115048960022250e+04 1.217564703412506333e+03 1.059182895854004892e+04 3.264811631171529880e+05 2.923394327670518396e+04
5.675931072003312875e+04 2.485877163882663299e+05 3.885450588701893139e+04 3.471187836814241018e+04 5.656269079478525091e+05 8.278767921104522247e+04
2.374007087683920327e+04 1.105240574033635057e+05 1.228667061923546680e+04 1.782412195367491222e+04 2.505192964064665721e+05 3.567403672177503904e+04
3.609840513294468838e+04 1.241390532046495791e+05 1.541610715790386530e+04 3.713502015226893127e+04 6.776734876660857117e+05 7.515893626751699776e+04
2.650657281026997680e+03 8.835634496184311502e+03 1.472626458844211811e+03 2.714118606064098458e+03 8.435716699249093654e+04 7.973051159245371309e+03
2.223495441460491929e+04 1.342053320301841595e+05 4.619868622923655494e+03 2.691035113074185210e+04 5.998884414754805621e+05 6.114762141929097561e+04
9.750547033915203428e+03 2.219891286534821847e+04 7.218518712398623393e+03 1.043844918722391049e+04 2.789762078829950187e+05 2.769393784769611739e+04
8.110286639713671320e+03 3.197065891251005723e+03 7.189210101634634157e+03 8.476528856620941951e+03 2.908639096471749363e+05 2.665365906061181886e+04
4.169195480371632584e+04 7.281960875958506949e+04 2.980526153827877715e+04 5.427536654679759522e+04 6.074119233127576299e+05 8.184783090845686093e+04
1.402894032551054261e+04 1.033698737416668700e+04 8.168845836456181132e+03 2.048468127499098409e+04 4.788952470282177092e+05 4.550599089734099107e+04
3.207719944378146010e+03 1.944910357860337535e+04 1.654475412329946494e+03 7.523358009161656810e+03 3.208041852272839169e+05 2.665450065264595105e+04
6.738725443812470075e+03 2.282836901996451616e+03 3.527554472514080771e+03 1.393427588175165511e+04 3.258278219893325004e+05 2.984950805909324117e+04
7.321880090147744340e+03 9.889418690912158127e+03 1.554255735027906667e+03 1.850661470724474930e+04 3.925507818316825433e+05 3.593045653919656615e+04
1.368498336999018829e+04 7.463090040605932882e+04 1.017340209041774506e+04 6.120698311317451044e+03 1.960893539285441802e+05 2.403430312379123643e+04
6.881956703448075859e+04 3.522520713543627062e+05 3.434578522953304491e+04 5.142212757688618876e+04 6.589509228481713217e+05 9.980554898028608295e+04
2.221156642022588130e+04 8.399444460078039265e+04 1.694688105629904385e+04 1.322774802526833628e+04 2.442622981916594435e+05 3.387126384063921432e+04
5.260438539622682583e+04 2.500161458660000790e+04 2.630053783109510550e+04 6.865577934937615646e+04 9.184841508613018086e+05 1.053965259883706749e+05
7.487766341556576663e+04 2.493935418851824943e+05 4.195786253364408185e+04 6.989507099533325527e+04 7.385407229568838375e+05 1.117047298495807918e+05
2.591257480164198569e+03 7.122870596219907384e+03 1.158301190045811609e+03 4.488406509262949839e+03 2.045249234553542046e+05 1.663755431458693783e+04
1.689637231002721819e+04 4.634009776719954061e+03 8.635527004658333681e+03 2.727648465460857915e+04 4.478832435146100470e+05 4.641032029256452370e+04
3.592604192165710174e+03 4.339420312706304685e+03 2.236004389653640374e+03 5.743777068608873378e+03 1.788901263205727155e+05 1.580790528548662223e+04
1.915143864504293015e+04 5.919550891810839676e+04 1.196260478730318573e+04 1.916697547127753569e+04 4.813937120767232846e+05 4.913074910955257656e+04
6.900403633581819304e+04 2.594914579582916049e+05 4.367502371884437161e+04 5.255940998257779574e+04 6.270218682948841015e+05 9.760492157196238986e+04
2.266285798586126111e+04 4.591133672987738828e+04 1.747789958251942153e+04 2.363714102385170190e+04 5.475709254331681877e+05 5.732350339849994634e+04
2.876609843463854122e+04 3.829123143038912531e+04 1.745325323816627133e+04 3.161926147878282063e+04 3.299942148437519209e+05 4.591116132864206884e+04
2.623254065092964083e+04 2.638404425980983433e+03 1.470957096038665441e+04 3.829299150858253415e+04 5.852133329136719694e+05 6.314827142212205945e+04
4.209257872044460237e+04 1.865994627361847088e+05 2.274318485761990087e+04 3.143497001709531469e+04 4.607816524111287436e+05 6.424204082419027691e+04
7.687382886420183240e+03 4.619328962153571047e+04 6.487253345528529280e+02 1.561246902191733170e+04 4.126352389324689866e+05 3.737830570140339842e+04
3.862640201947580863e+03 4.336581500412588866e+03 1.806476286073074107e+03 5.960157656002845215e+03 1.576069141989602067e+05 1.428894543198777319e+04
8.630104537808296300e+03 1.337738665939410748e+04 3.190171134387019720e+03 1.206897176069194029e+04 3.046255538921073894e+05 2.798342021573299280e+04
1.411127257048695901e+04 5.260863445875741036e+02 7.600256926524447408e+03 2.042517035981476874e+04 3.058080793949033832e+05 3.310683505878654250e+04
1.741209136880169535e+04 1.635462285253655409e+03 1.216760554770123235e+04 2.064103669846638149e+04 3.262622864771206514e+05 3.660398574443048710e+04
7.572576545964191610e+04 2.540875961058289395e+05 4.605288849853716238e+04 6.279518934728545719e+04 5.754432970095898490e+05 9.952194173284836870e+04
8.500061364320275970e+03 2.713744898016280058e+04 5.636538625118369055e+03 1.082856506706914479e+04 1.809922057322929904e+05 2.084232937727880199e+04
1.871925807791699071e+03 9.089862296711427234e+02 1.595874697626995840e+03 5.119301787171380965e+03 1.786242963050725521e+05 1.506198776316938893e+04
1.107467751550674257e+04 1.008301850834436918e+05 5.658184148745439416e+03 5.559497927317067479e+03 2.890963046092443983e+05 2.938583370943770205e+04
2.844511742772398065e+03 2.406241839993047506e+03 1.419128511660106824e+03 4.377479668938322902e+03 1.723270666830761184e+05 1.430087840752597185e+04
6.838623834384755173e+04 4.991693206245447800e+04 3.708391465925797092e+04 1.148873111132469203e+05 1.545111631192684406e+06 1.743295325589898566e+05
2.759681295223777488e+04 6.707868688557630321e+02 8.684952000618162856e+03 4.725119096948164224e+04 6.009692287860008655e+05 6.556429338182743231e+04
1.627638329191724915e+04 1.385566645227014078e+03 6.787560586176459765e+03 2.364209111797167134e+04 3.702208070107463864e+05 3.858602647253962641e+04
3.037224273412517869e+04 7.188463227601969265e+04 9.333233770632723463e+03 4.356542941526503273e+04 6.064188887118310668e+05 6.806674510369796189e+04
1.683089320427975326e+04 5.115483726826482598e+04 6.915769202363134355e+03 1.937059923646173775e+04 3.654699759994417545e+05 3.885243956951381551e+04
2.230604570335155131e+03 3.424597182461617194e+03 1.145964341555585634e+03 5.065384453851694161e+03 1.614581096202567569e+05 1.381351914695005871e+04
1.168032710498888046e+05 5.903623937087279046e+05 8.023277852691481530e+04 7.021467768845484534e+04 8.360390266210157424e+05 1.517750710081189754e+05
5.704155635133067699e+04 1.782440528639356780e+05 3.589052440794665017e+04 4.676641685627129482e+04 6.216744478639879962e+05 8.725051397134867148e+04
3.966078834226382696e+03 3.414052555504571501e+04 1.457272668677084994e+03 8.285098367300413884e+03 2.137439614766107989e+05 2.043992239949944269e+04
1.159450383490581589e+04 8.672411638565566682e+04 6.866609552752301170e+03 6.845087335393867761e+03 2.975692029095370672e+05 3.036011930683873652e+04
4.419357635187289998e+04 4.774592480329354294e+04 1.907836662716816136e+04 6.253150830888913333e+04 8.195705952847545268e+05 9.398618207250618434e+04
1.065979106528607554e+04 2.556141712116946292e+04 6.263640270814372343e+03 2.070183183299483062e+04 4.013257630574798095e+05 4.031876782101564459e+04
4.576342011527792238e+03 2.438432082037841155e+03 2.452408465856182374e+03 6.684484959583114687e+03 1.877289349116212397e+05 1.682701556727118805e+04
2.554027476743757725e+05 8.972196392304188339e+05 1.935187024008682347e+05 1.834300958792410383e+05 1.545964876766328467e+06 3.147352160396590480e+05
3.596874761024393229e+04 1.287559140286399925e+05 2.594752333675093178e+04 2.532614236620715747e+04 4.229903635411739815e+05 5.745761255485765287e+04
1.656870969648991377e+04 5.525198189887367334e+04 8.185312330902132089e+03 1.763309718207885453e+04 3.449141372473962256e+05 3.743416687561767321e+04
6.050619068063125269e+03 2.481006337329598409e+03 7.259360848464129049e+03 3.930332501539428904e+03 1.621343942926471645e+05 1.593446545604753010e+04
1.858292928660860525e+03 1.456852868064872018e+04 1.164903473647457986e+03 7.307947249151787219e+03 2.676274815632330137e+05 2.252795370909796475e+04
2.165060746310475588e+04 1.217207510727747140e+05 1.602780472461447243e+04 8.598900215652172847e+03 2.262808909115328861e+05 3.203894595543448668e+04
6.928898950918872288e+03 3.850285935767849423e+03 4.821486157633731636e+03 2.017166110857141393e+04 3.108445065539111383e+05 3.229751884634995804e+04
3.961791034455442423e+04 4.781405605083608680e+04 1.701663030095122303e+04 5.473127370164058084e+04 5.405806936729290755e+05 7.080888510848875740e+04
4.361168276946405058e+03 1.462452001696207844e+03 1.207744211260281418e+03 1.180713864845962053e+04 2.341045152724499640e+05 2.167775844954604327e+04
2.947572973056830506e+03 1.068756116116470548e+04 1.481491712616017821e+03 3.524276844169873584e+03 1.469278470951498894e+05 1.264330969462810936e+04
3.695391502920363564e+03 5.812132413819061867e+02 2.376767672174917607e+03 7.824079786693418100e+03 1.977664317778231343e+05 1.789295176770923717e+04
9.148220334068360899e+03 1.212708751236087664e+04 3.516380595000096491e+03 1.456889528869533933e+04 3.893765179739787709e+05 3.489292887485343817e+04
7.050418094967011712e+03 5.828660655792747036e+01 1.772820820582092665e+03 2.388196525999828737e+04 4.385279998457313632e+05 4.106136571019468101e+04
1.855286777761795020e+04 4.517417731498469948e+04 1.314883112358593462e+04 2.313763455176315983e+04 2.987107464794074767e+05 3.845673682596667641e+04
5.874748942219929631e+03 3.877875756868946155e+03 8.108702304029166044e+03 4.328753523982280967e+03 1.823008135657625680e+05 1.790625405961426441e+04
1.179340409704772901e+04 1.417667237142819613e+04 7.657441752944359905e+03 1.321684179843128004e+04 3.214805529138271813e+05 3.160144355950098179e+04
2.793983500093262774e+04 1.032784852946423198e+05 2.396808805193547960e+04 1.390975300314190099e+04 3.412724861967762699e+05 4.468527553186418663e+04
1.913702938785766673e+04 1.753292582857826710e+04 1.078113759590865993e+04 2.638415178389335051e+04 3.048045171964964829e+05 3.794648027230191656e+04
7.249042749757059028e+03 2.858366303741370939e+04 4.122707446786953369e+03 6.449824488963579824e+03 2.519318289572646318e+05 2.305266184136792435e+04
2.251605955608663135e+04 1.734787916424059222e+04 1.207683804768584741e+04 3.056188766668568132e+04 4.739679320632164599e+05 5.176284788451987697e+04
2.712607485019923843e+04 3.142344724579165995e+04 2.623655453627976385e+04 2.010222624436288606e+04 4.808660553476538626e+05 5.429751069233635644e+04
4.312485586295650137e+03 1.678172928933116418e+04 1.389945722252256701e+03 1.363398480292261047e+04 3.927304882855851320e+05 3.400936452840452694e+04
2.592832138932174530e+03 5.100643182886805334e+03 2.802596796771472327e+03 1.767724551805379178e+03 1.418567727923555358e+05 1.180106000614306686e+04
2.644998392583825262e+04 1.621867074662466184e+05 1.135763039635658970e+04 2.278207490575224801e+04 4.872627276506450726e+05 5.599456329050012573e+04
1.899382825933378263e+04 8.162948313455701282e+04 8.349411093771039305e+03 1.844088994362721860e+04 4.373227389847530285e+05 4.539048841615972924e+04
2.828557099569146885e+04 5.343960127703179023e+04 1.078918484162585628e+04 3.897590086585838435e+04 5.230001161281636450e+05 6.009585046866970515e+04
7.722975504741294571e+03 2.049073739136403310e+04 2.909136177482219409e+03 1.570606695207368648e+04 4.044541066483284230e+05 3.657324366639637446e+04
2.902813554333550928e+04 5.322460707724477106e+04 1.430146460604958338e+04 3.251683599243291246e+04 4.237214729879333754e+05 5.200118109647878009e+04
3.361592609711123714e+03 3.654447182200013776e+04 9.971997771031866478e+02 3.285322240242264343e+03 1.503178680935934535e+05 1.383369007177198364e+04
2.130528928422198805e+04 7.370586904774462164e+04 1.159423433769336043e+04 1.964408740311039946e+04 3.159592057166229351e+05 3.877849102411152853e+04
3.856359274016971176e+04 2.057070205824655422e+05 1.919089441140853160e+04 2.633382013104411089e+04 5.586923119407293852e+05 6.793476422322807775e+04
3.116457304128985197e+04 1.561945590031486354e+05 2.046735325652693064e+04 2.057939171373256249e+04 4.923175061175634619e+05 5.896914906578908267e+04
2.547434348541481086e+03 1.013168629494229208e+04 2.919103876396951364e+03 1.676046135268025637e+03 1.298288355132784200e+05 1.124973026356817900e+04
2.961518355362324291e+04 7.016357342956095817e+04 2.631534659574279067e+04 1.983672374193237920e+04 5.326915695256087929e+05 5.961373241269440769e+04
1.258994039072420310e+04 6.370646913540263995e+03 5.546912904329848971e+03 1.843890611611389977e+04 3.440602545098171686e+05 3.418548062419153575e+04
1.761804894165323640e+04 9.015701209875449422e+04 1.044861482680539848e+04 1.039091242212870930e+04 2.263785801801428897e+05 2.888921155339756297e+04
2.054361929838221477e+04 2.940452381611691817e+04 1.394412079482777699e+04 2.929896633657107304e+04 4.548476759182201931e+05 5.130717783866934042e+04
8.733860537827682492e+03 3.196082055200011837e+03 5.805908502496203255e+03 1.185470266515383810e+04 2.491956371085069550e+05 2.478225390238242471e+04
1.434648286543764152e+04 4.278662735221111507e+04 1.269881749590218897e+04 9.667598914809683265e+03 3.392451023268543649e+05 3.478002095133058174e+04
7.745886466849825410e+03 2.597351422437996371e+04 5.465368254488584171e+03 1.182105779094888931e+04 2.350155910386387550e+05 2.479333792693955911e+04
4.066363927078436973e+04 4.486213393636914407e+04 2.512803672444241965e+04 4.488397315433469339e+04 6.141638004336074227e+05 7.465593420021697239e+04
1.553520752888346760e+04 3.710253994498744578e+04 5.221574257030577428e+03 1.885982739983054125e+04 3.368490919957270380e+05 3.527091195377270924e+04
1.394682758055980376e+05 9.136577849213071167e+05 7.725275307064503431e+04 7.469660103949820041e+04 1.533491209072273457e+06 2.154214728109952412e+05
2.014387789031173088e+04 4.822237590224572159e+03 9.177390804007856786e+03 2.888475922101408287e+04 4.536764936591978767e+05 4.777010858241139795e+04
5.059659445366455475e+04 2.792500991560736438e+05 2.856757125066367007e+04 3.225184979571148142e+04 5.158515829696148285e+05 7.540981195857188141e+04
2.425494150132604409e+04 1.338356588946408592e+05 1.242798308198230552e+04 1.651099996751519211e+04 3.596369466148339561e+05 4.363366032068618370e+04
4.820904446997824562e+04 6.010648951035748905e+04 4.250394354502064380e+04 4.090185901627066050e+04 6.397433645416781073e+05 8.282041688542647171e+04
5.494358769844748167e+03 1.076862768870746550e+04 2.923811472841462546e+03 6.077440640150707623e+03 1.605935381406412343e+05 1.534273001120508707e+04
1.673627175436102334e+04 1.796041367835517303e+04 4.883205126134777856e+03 3.549355587243897025e+04 7.734206336054982385e+05 7.106316975373354217e+04
1.116059111779369914e+03 3.436201376926495072e+02 6.714557060736767653e+02 7.636833104387875210e+03 1.737164406296314846e+05 1.544380097873150953e+04
1.168505806802799452e+04 6.662574828597402666e+04 5.592171326692511684e+03 8.899825604431369356e+03 2.827550408749060007e+05 2.874914771888130053e+04
2.168884232564531267e+05 9.001235881083714776e+05 1.435544405173166888e+05 1.489899125289373042e+05 1.764292029429622693e+06 2.924513504131972441e+05
1.342090503159499167e+04 2.541485754527549943e+03 8.849895826489402680e+03 1.742799864334969607e+04 3.176325950667909347e+05 3.318528135847158410e+04
6.656269860284749484e+03 3.758965338801149301e+02 2.545713462617673031e+03 1.610937656872080152e+04 2.997517341576751787e+05 2.856158914096104490e+04
1.071685756651934753e+04 1.004542570031601463e+04 3.024536744460514910e+03 1.792616341027573071e+04 4.720152498610246694e+05 4.165426729944787803e+04
1.486621612823509167e+04 1.371883564440980990e+04 8.759307652431865790e+03 2.382010596546298984e+04 3.697331348557097954e+05 4.009386219797992817e+04
2.226987131609216522e+04 1.247142434367927781e+05 6.363053343437102740e+03 2.744031653924670900e+04 5.396714469221612671e+05 5.761901092279814475e+04
1.317919460150578197e+04 2.284206383615745381e+03 8.117893471526554094e+03 1.795873001934756394e+04 3.392169671157812700e+05 3.454874211186165485e+04
1.523043799763091556e+04 1.912900140630370151e+04 8.173977549658227872e+03 1.683825470416694225e+04 3.797533887871821644e+05 3.762606609700391709e+04
4.614965761091088098e+03 5.001766841805529111e+03 2.490800955176219759e+03 6.060145056616022885e+03 2.028288106559336593e+05 1.770367427054194195e+04
5.262654181318665360e+04 1.765211432546378928e+05 2.375100124802663049e+04 5.259772082695442077e+04 6.211663668768502539e+05 8.453476009248392074e+04
6.704698852839609572e+03 5.088351005372878717e+03 3.871018905877061570e+03 8.517519704899576027e+03 2.675405060397590278e+05 2.376661537687122836e+04
6.453723331891766429e+04 2.538443132361379685e+05 3.330941713561065990e+04 5.646847170191004261e+04 6.863621845360876760e+05 9.861590899139000976e+04
2.014617205042801288e+03 2.614927997389069333e+03 2.605971718615135615e+03 7.980398932021323162e+03 1.927418897706271673e+05 1.782510628414254461e+04
4.663765073291652516e+04 7.807865368418302387e+04 2.682927920764330702e+04 5.145560209243448480e+04 5.879385101660967339e+05 7.824028001124825096e+04
1.042070184705395513e+04 4.038811194554860413e+04 1.024124552476589088e+03 1.899744416700020156e+04 4.247698428993649432e+05 3.959974000952781353e+04
6.678588308851518377e+03 1.584867847122202693e+04 3.556535647352126944e+03 6.949870762874636966e+03 1.739395554908734339e+05 1.715895397927446902e+04
8.608003451236855472e+04 4.015303732822074671e+05 5.771534455399885337e+04 5.333652976392595883e+04 9.862735118919599336e+05 1.351989493409921124e+05
7.980778239242811651e+03 2.553494128064434335e+04 2.544263141697570518e+03 1.593288752597929852e+04 3.614932948851360707e+05 3.387853692829980719e+04
3.178104739449247791e+04 2.022814361395574524e+05 1.124965242451288941e+04 2.369505026034535695e+04 4.861510710494953673e+05 5.826964209982321336e+04
4.208257317950983270e+04 1.538769334295381559e+05 2.144586148336091719e+04 3.691626580159144214e+04 5.099740811187649961e+05 6.785115226640542096e+04
3.811532367873631301e+04 1.168045291899360018e+05 1.827792938621780559e+04 3.978480884648384381e+04 5.462615650473992573e+05 6.838925064698125061e+04
5.557551696651274142e+03 1.746619783370122605e+04 2.903349992179101264e+03 9.045092493165075211e+03 2.703270224210579181e+05 2.438780360225402546e+04
7.794212543928036757e+04 1.346052317122184904e+05 5.787162479734019144e+04 6.945731925979664084e+04 8.080508609487398062e+05 1.173633922105290985e+05
8.099610094386927813e+03 1.404564604425802281e+04 2.019547294613700615e+03 1.393919959537310933e+04 2.782227246985092643e+05 2.658168497906806442e+04
5.477268251986122777e+04 9.051419706621719524e+04 4.017032619428703038e+04 5.219547236523741594e+04 6.690016520437664585e+05 9.039344478732159769e+04
1.661138499626641305e+03 6.868165913162180914e+03 4.213069522250458476e+02 4.752223447060317994e+03 1.733636262405562447e+05 1.433064416775280915e+04
6.758247796938950160e+03 1.337521218661870080e+04 3.610777991697764719e+03 8.809801470621659973e+03 2.437560123669353488e+05 2.259682621962080884e+04
2.095062265800762361e+03 4.595919421449654692e+03 1.374397284587660124e+03 7.302546517348440830e+03 2.129453041855671618e+05 1.844455622850724103e+04
1.582601319693026016e+04 2.592204451400638573e+04 1.075218312115597109e+04 1.390267226513222704e+04 2.876942905578817008e+05 3.155427717534064504e+04
1.016462301911013674e+04 5.080027688435070013e+04 7.506131305576115665e+03 7.841408497752809126e+03 2.439232727050782996e+05 2.570090272567159263e+04
6.874543665505510580e+04 2.915307312955771922e+05 5.153161142281466164e+04 3.960191365374183079e+04 4.836632876671704580e+05 8.707541591645302833e+04
1.426373426005013425e+04 1.410985875208407606e+03 9.294614143601860633e+03 1.987094224800117081e+04 4.195085336881251424e+05 4.127785745145505643e+04
3.721234916619385331e+04 1.009377131813154265e+05 1.629249430323739580e+04 4.455302282211053534e+04 6.662079908384243026e+05 7.697205302357242908e+04
5.402989058920234129e+03 2.020721803502685725e+04 4.524733107936752276e+03 3.406456788732971290e+03 1.897496261748171237e+05 1.725305979235159612e+04
2.000732972383619199e+04 1.010405774045287217e+03 1.383604787456081613e+04 2.451463453036082501e+04 4.508472884522434324e+05 4.742341665549591562e+04
2.795825917245901292e+04 1.194588094437024265e+05 1.910355716594608020e+04 1.702963460975670023e+04 3.587799240471720695e+05 4.597702401352211018e+04
2.534264599488757085e+04 1.364272832217944961e+05 2.012210254583326241e+04 1.163380466157055344e+04 4.532246283377882792e+05 5.116797280939294433e+04
1.534452025981063780e+05 6.430039918495547026e+05 9.293818156836516573e+04 1.171389353577346774e+05 1.293474197248967597e+06 2.118417407463556447e+05
2.166367835556937280e+04 6.963384947695143637e+04 1.474669385069074997e+04 1.649588485836319160e+04 2.988709489903053618e+05 3.736310332402090717e+04
5.308866711963946727e+04 8.956145722474534705e+04 4.851498384491329489e+04 3.593198471832491487e+04 5.373063523995541036e+05 7.773171260577812791e+04
3.582897472272379673e+03 1.277547839063318679e+04 9.494040268652458963e+02 4.527290954178195534e+03 2.106272215536047006e+05 1.725516828433295450e+04
1.728138198078945788e+04 9.818635519706612104e+04 1.244709905604619416e+04 7.208798061267054436e+03 2.103952772951844090e+05 2.763402468002885144e+04
2.494676001886777158e+04 4.410529144790674036e+04 6.565403932274633917e+03 3.882511777799791162e+04 7.010247563573155785e+05 6.971893849227206374e+04
4.234580457032371669e+03 2.232960531494409224e+04 1.525740958678394463e+03 5.927305004354190714e+03 2.230971830209169420e+05 1.944806738214657526e+04
8.856555817997332269e+03 2.854146377315534482e+04 7.119114750371212722e+03 1.007931101735025914e+04 2.159283984668344492e+05 2.356189841191345113e+04
5.894695871821816399e+04 1.176570875622160820e+05 2.887490676249087483e+04 7.112235934300844383e+04 9.076374485810340848e+05 1.114759447707559157e+05
3.862412148362774315e+04 6.961454854716901900e+04 2.010934042008022516e+04 4.329959896198045317e+04 5.963022645171782933e+05 7.179921220223425189e+04
1.582301109048732360e+04 7.375400279155402677e+04 6.986640642630949515e+03 1.343833212511987949e+04 2.887235713403681875e+05 3.215660997985314680e+04
2.025449181098657618e+03 8.232211857957567190e+03 9.651137397836253058e+02 2.696394867634147431e+03 1.228136863876131974e+05 1.030297290836636239e+04
3.117972767345106695e+04 7.913626332579618611e+04 2.480175108508431731e+04 2.237552144046992908e+04 4.757891207514556008e+05 5.672590792922922265e+04
8.539027588702379944e+03 1.657637431813975854e+04 3.548279618933676375e+03 1.130299991553149448e+04 2.462005550911209430e+05 2.402005416667215468e+04
9.478971907813884172e+03 7.553129024770267961e+02 7.542897324880626911e+03 1.210704845777275477e+04 2.851773299089971115e+05 2.794451445344494277e+04
1.092844574914788245e+04 1.113411746521039640e+04 6.835721761731968400e+03 2.230100851126890120e+04 5.649533411064167740e+05 5.158028222135426040e+04
9.755823606147105238e+03 1.376152367509762189e+04 4.348904917400996055e+03 1.317561524418925364e+04 2.736669308567190310e+05 2.692007861498151033e+04
5.833050787403311006e+03 9.769760763033567855e+03 3.224380002229658658e+03 6.400327405519316017e+03 2.353467957798444259e+05 2.059676214668385364e+04
9.658119594684443655e+03 4.854529354167224483e+03 4.476749564008572634e+03 1.884064545765957882e+04 3.144738769136894844e+05 3.184083648049625845e+04
1.068708438860564274e+04 2.908198689255217687e+04 6.544128574108686735e+03 1.073723637557073744e+04 2.850818995262525277e+05 2.828951037724757771e+04
7.949085362344426358e+03 4.737430707945978065e+04 2.864572258182868154e+03 1.357507593998502489e+04 3.589697467476772144e+05 3.386115635723186278e+04
2.897106395205561057e+04 1.302288990716472290e+04 1.561334429327591533e+04 3.682063846526740235e+04 5.058092098645206424e+05 5.804515241700808838e+04
2.327181714830539422e+05 6.543330511011740891e+05 1.125105653899654571e+05 2.689917711723101093e+05 2.279996709934555460e+06 3.558580302690126118e+05
4.000866087862721997e+03 9.339314862034734688e+03 1.652941026449388801e+03 4.401134116281625211e+03 1.249449452813829121e+05 1.156845810113886364e+04
4.100995336501496786e+04 1.291039094541560917e+05 3.325410991144076979e+04 2.690071792281948728e+04 4.527935424842351931e+05 6.334113437690685532e+04
2.916382641158582828e+03 7.631768981328445079e+03 1.433092490158163855e+03 1.152507438220476070e+04 2.223081361205333669e+05 2.115914625193237589e+04
3.355883076439800334e+03 1.967103424559798441e+04 2.137730936127607038e+03 4.505638581362447439e+03 1.898531576544751297e+05 1.670152865888445376e+04
7.096033691107749291e+03 8.683027575367558484e+02 3.198732953189005457e+03 1.360738988765994509e+04 2.337239363753647776e+05 2.329509639450941540e+04
6.503127784603441978e+04 2.294228769639819220e+05 3.504762942471655697e+04 6.104645137832825276e+04 7.525232044759963173e+05 1.046771007904443104e+05
8.306058973652254281e+03 2.857380392288713119e+04 4.865825822025419257e+03 6.907435007522773958e+03 2.526671211191567127e+05 2.362890060955623630e+04
5.336252470816983987e+04 5.683165854636770746e+03 2.934492116356179395e+04 7.551018797435730812e+04 8.062371239970128518e+05 1.013029550096855673e+05
5.571534660044247721e+04 1.155667985496760375e+05 3.691504844203017274e+04 5.279984294691065588e+04 7.489651548396053258e+05 9.588114304798268131e+04
2.444502860665341814e+03 8.281750712453858796e+03 1.410181822112888540e+03 2.591761918666106794e+03 1.370289793119093520e+05 1.140608726444791864e+04
3.332521333976621099e+04 8.231212668762520480e+04 3.318652534701600962e+04 1.607095294510176609e+04 3.339600514182195184e+05 4.810738610597264778e+04
1.711097211295339321e+03 1.159385125420546501e+03 2.026580126092529554e+03 4.716867891951759702e+03 2.219454590128381387e+05 1.799183565534622539e+04
1.336650681036368587e+04 4.618379542883398244e+04 2.500056044730475151e+03 1.765963465544173596e+04 3.921903442930635065e+05 3.772649620926849457e+04
3.779240704071697110e+04 8.852878661834898230e+04 2.345723017318534403e+04 3.772680355728315044e+04 6.366341413686972810e+05 7.437093946505786153e+04
8.995140957968635485e+04 1.917567026772607933e+05 4.471048093394411990e+04 1.063951751514322532e+05 9.805953554965921212e+05 1.428251799245598377e+05
5.995870429055204113e+03 2.424375518331838521e+03 5.307287448515866345e+03 6.643691015563801557e+03 2.870633408381659538e+05 2.471976026371257831e+04
4.500370250026951544e+04 1.449167119539550331e+05 2.540233269606491376e+04 3.952623486232433061e+04 5.590457799483505078e+05 7.359417523928426090e+04
1.546943074287018680e+04 7.442438997918894165e+04 5.654867358461723597e+03 1.716735318366585852e+04 3.794082179681640700e+05 3.940128219233315031e+04
1.123915033937777662e+04 1.409029085578252852e+04 6.379572457687515453e+03 1.303834698797910096e+04 2.494426977314398682e+05 2.612035103041980256e+04
1.110579474382323679e+04 4.075886431703608832e+04 9.342506815401675340e+03 9.038149646588923133e+03 3.124077712646162836e+05 3.114315432235581102e+04
1.540999632552594994e+04 5.360923767184888129e+04 1.102217780765767930e+04 1.010620652980719206e+04 1.701551273868726275e+05 2.341807134457913708e+04
4.894406954420245711e+03 7.641910626707006031e+02 2.382291572777345664e+03 1.291359467035674606e+04 2.678942279034571256e+05 2.492254718513179614e+04
2.731692525355435282e+04 1.195098006138570781e+03 1.481016933598592004e+04 4.160976601105576265e+04 4.535806002000638400e+05 5.576646228576132853e+04
3.495688682053710363e+04 4.119176308491535747e+04 1.154265905537121034e+04 5.549891256717505166e+04 6.801767215728774900e+05 7.785780636959198455e+04
1.026202864845153454e+04 6.269359864502152050e+04 5.737746168004425272e+03 7.397125937975869419e+03 3.287953288658145466e+05 3.103452649273721909e+04
3.151178306238165169e+04 1.750754273162865138e+05 1.345467191838389772e+04 2.581115504456681811e+04 5.883077307413569652e+05 6.570214172557694837e+04
6.720515696756677926e+02 8.311210710213102857e+02 4.136473831705051225e+02 1.058360495594907434e+03 8.671977302156038058e+04 6.530743816976407288e+03
5.246163040997648932e+04 1.458203641550745815e+05 3.909532717482308362e+04 4.172843938734662515e+04 4.688857295141597860e+05 7.447339644080758444e+04
1.207222367421924173e+04 1.011096837065034561e+04 1.279551270377390938e+04 1.068695034465949720e+04 4.096149856310131727e+05 3.839916032141674077e+04
5.285385885438512196e+04 2.341737880809872004e+05 3.736297017639751721e+04 3.358899592284517712e+04 4.220382111289217137e+05 7.126615016790380469e+04
1.582340352552704462e+04 1.328681500458246956e+04 5.534277301505524520e+03 2.483873244365880237e+04 4.204079078004304902e+05 4.255119804395779647e+04
5.677863066690613778e+04 2.360853212190055056e+05 4.396406451819259382e+04 3.039371756280713453e+04 4.966520934705834952e+05 7.777999594420308131e+04
2.124675285365460877e+04 5.774723339948241482e+04 1.272481834658486514e+04 1.897564228194444513e+04 3.169970512792930822e+05 3.824390935638725205e+04
8.644118786957318662e+04 2.933004344414696097e+05 4.512053202892702393e+04 8.176412486202818400e+04 9.862787544963000109e+05 1.372700171216888994e+05
2.466412165963524967e+04 3.204285446649061487e+04 9.685567182977079938e+03 3.381560226881784183e+04 5.691552400238461560e+05 5.933253149669507548e+04
1.278998306265315186e+05 4.793874232478444465e+05 9.856298740319603530e+04 8.490073279035590531e+04 1.083683235692988383e+06 1.774840420082353521e+05
3.315960412872793768e+03 1.136691772525577107e+04 1.659444433392883639e+03 6.953226973519172134e+03 1.923021162526697444e+05 1.735600119381836339e+04
2.886838061340889908e+04 1.053040670659859752e+05 1.066352938105561770e+04 2.970525893820509373e+04 4.478074346064070705e+05 5.335805639317967871e+04
1.485953239240167750e+04 2.145404495130623036e+04 8.645624190595581240e+03 1.582589716839856737e+04 3.406509849373640027e+05 3.485662714956125274e+04
5.020902712465654622e+04 1.565253118351871381e+05 2.404391995917415261e+04 5.164360173169389600e+04 7.321003121877926169e+05 9.070173509459280467e+04
1.809032533933030572e+04 8.572661879340492305e+04 7.911168319846232407e+03 1.621244761530174947e+04 3.849219639489370165e+05 4.087214213708386524e+04
1.157032189010347938e+05 4.584848317681161570e+05 8.585379985054602730e+04 6.979148406902182614e+04 8.875341219829251058e+05 1.509461486836053664e+05
4.307468321999044565e+04 8.235829975797688530e+04 1.762180363869064604e+04 5.628745862938879145e+04 6.549404421508976957e+05 8.117420749699993758e+04
7.509521011820903368e+03 3.279826849926063005e+04 3.225161227278254501e+03 7.319478793846857116e+03 2.167643631668387097e+05 2.090214202676119021e+04
6.855143748884186789e+04 2.787291084880516864e+05 3.498887462175684050e+04 6.416738201646443486e+04 1.136166378485804191e+06 1.343059625873427431e+05
3.543050448440796117e+03 7.166390214479710266e+03 8.031276526963721381e+02 1.149378314099313502e+04 2.263688792446095031e+05 2.112352927463082960e+04
1.234173289628183738e+03 3.959064932177189803e+03 7.458675463809447592e+02 5.640158486417235508e+03 2.458486449232287705e+05 1.960346069969811651e+04
7.932068696985912538e+03 1.584687013102766969e+03 1.428978670360059596e+03 1.936607120605428281e+04 3.655046606172897737e+05 3.403512154140738858e+04
3.610525442053787992e+04 1.568209441845052643e+05 1.598941286489731283e+04 3.280802243693742639e+04 4.032215047749925288e+05 5.660679099740517267e+04
7.602537800151910233e+03 1.175241641565793725e+04 6.058298296964072506e+03 9.267339860006512026e+03 3.018898767884910922e+05 2.768858355087412201e+04
1.132262202065519705e+04 4.904832834157244361e+04 3.129363836878985239e+03 1.281300531585670433e+04 3.947326378222023486e+05 3.611892256965746492e+04
2.976419186343157708e+04 1.032953075314783055e+05 2.364310458613511946e+04 1.865417253250479553e+04 2.834924758727448061e+05 4.280510127492684114e+04
8.353902313700841660e+02 5.701827876759469973e+02 1.171138364348841606e+03 4.547932664716343425e+03 1.970665912719827902e+05 1.584418651783118366e+04
1.236303510147825364e+03 1.675336881734700683e+03 7.591366151724969313e+02 5.056685007704956661e+03 1.640353585729302722e+05 1.372963523826391247e+04
1.079395756909913689e+04 6.808942612549768819e+04 5.733381481181689196e+03 9.642520323192517026e+03 4.548468751241705613e+05 4.079309260250296211e+04
2.872789862338981038e+03 9.226020717501927720e+03 1.691183729081792990e+03 3.152943619563326138e+03 1.777611212175870314e+05 1.456732206849611612e+04
2.270810281871756524e+04 6.718598936188804510e+04 1.784916070623998530e+04 1.803525714399841308e+04 4.900706272455309518e+05 5.213552013628040004e+04
6.157303557599909254e+04 4.522543919090519921e+04 3.146329698779775936e+04 9.315800489631533856e+04 9.964191592457381776e+05 1.249440061798391253e+05
1.990482294509432904e+04 8.877064960863662418e+04 6.789221089254098843e+03 2.452901516336821805e+04 4.233529640197056578e+05 4.688455042969757051e+04
2.825118840176543381e+04 1.166315368500556942e+05 2.076114628399685535e+04 1.712935912560091674e+04 3.354734355821638019e+05 4.502922395896131638e+04
1.536050695415400260e+05 5.273833542054018471e+05 1.161445812818815903e+05 1.079564954417183617e+05 1.076696055941892089e+06 1.973931355393656122e+05
3.658217658533246868e+04 4.254318780543938919e+04 2.762670287042920972e+04 3.322780022604465194e+04 4.507119527368772542e+05 5.935391439034081850e+04
9.819038999046561003e+03 9.861715585794690924e+03 3.191777852367643845e+03 1.866772910384115676e+04 4.124607641713437624e+05 3.804698755346588587e+04
1.871823091459120042e+04 9.674178192256084003e+04 8.667185711213305694e+03 1.443557950274178984e+04 3.683221541921834578e+05 3.982302417694227915e+04
1.631728512979191328e+04 4.186911651717706263e+03 9.983972568256147497e+03 2.909321534554577011e+04 3.926166471631374443e+05 4.407378326989865309e+04
5.302185557278374472e+04 1.572160873758075468e+05 4.809496215733903955e+04 2.851846536609052418e+04 5.771769801422893070e+05 8.022706280981900636e+04
4.454121391094591672e+04 5.984738856567414041e+04 1.996455670764865863e+04 5.578711797791488061e+04 7.746521785650246311e+05 8.889599104462031391e+04
3.566293331532555749e+04 1.269790770891321736e+05 2.378947989914874415e+04 2.617038060943683740e+04 4.453192387284604483e+05 5.832299074987034692e+04
1.828166738783975234e+04 4.460975321088626515e+04 1.215953567352692153e+04 1.474763260467386681e+04 2.587478394338394282e+05 3.152063339262038062e+04
4.381528380377744725e+03 7.536598186406207788e+03 3.892464171424772758e+03 5.116020774326515493e+03 1.785371208026044187e+05 1.637254650594822488e+04
1.233460199845820352e+04 3.024057710236081221e+03 7.316353549989510611e+03 2.143661116477070027e+04 4.487447183526503504e+05 4.317924455145221145e+04
1.153642909201954717e+04 1.266428242732405306e+04 1.197755985225370205e+04 8.966680367841789121e+03 3.298383925332899671e+05 3.202925187662878307e+04
3.425970771794956363e+03 9.394097713416746046e+03 4.182977421856410729e+03 1.958667970805798404e+03 1.556239914124268398e+05 1.362084564715451052e+04
2.532827849918542415e+04 8.357205191209293844e+04 1.323663381932666198e+04 2.646985971090096791e+04 3.756076174267016468e+05 4.707303363728744444e+04
9.980265337879971412e+03 1.865657073494690485e+04 2.302616251782271775e+03 2.091273671649755852e+04 4.882376980834093411e+05 4.421066290562495124e+04
6.250853882669260202e+03 3.282442547918493347e+03 2.448152438923310456e+03 1.449030201534107982e+04 2.916735786918663653e+05 2.738787212268590520e+04
1.830217352963763551e+04 6.372136706942780438e+04 1.074472875600170664e+04 1.725931606312135409e+04 3.098843096044221893e+05 3.643137993597255991e+04
7.912571022298535354e+03 6.786385717755211226e+04 3.950022205610963283e+03 8.079146052059044450e+03 2.659537087474696455e+05 2.660134517041503568e+04
1.066483295008604036e+05 3.999268683455759892e+05 6.926591962992990739e+04 8.376388882913309499e+04 8.702823319263794692e+05 1.460561328593890357e+05
8.690422611537354896e+03 1.000004230487350469e+04 6.117901829035822630e+03 1.009484644901349930e+04 1.861073593338616483e+05 2.021428481527719487e+04
1.184117355650036006e+04 6.392401209224739432e+04 6.894300900214053399e+03 8.593962282520598819e+03 2.574629156785481318e+05 2.733737167782783945e+04
1.930943487343661218e+03 1.701235561169060020e+03 1.293238077604543378e+03 3.204701284574817691e+03 1.259209347332811885e+05 1.056016242635356684e+04
1.491575115545401241e+04 1.215802508863161347e+04 1.086386660652028877e+04 1.535731718126961277e+04 2.788514705995926051e+05 3.098449178924679291e+04
2.909123101053299251e+04 6.288357638836738624e+04 1.980921192323861760e+04 2.850952215367687677e+04 4.856363676614718279e+05 5.720566429712082754e+04
1.608169757816577658e+04 1.057049058588810476e+04 1.307407448194398239e+04 1.838496790437165328e+04 4.236440552549361018e+05 4.296648428575375874e+04
1.579697797346395055e+04 2.735608768793910349e+04 8.804602045263203763e+03 2.077454350590425383e+04 3.663259539322117926e+05 3.918173010548479942e+04
1.625331125279125445e+03 2.696218662365051841e+03 5.973835827538115382e+02 3.825526535753543158e+03 1.465294073885544785e+05 1.197625819669609155e+04
2.131839301631365379e+04 9.196942796611278027e+03 1.516468931137744767e+04 2.524724267013141798e+04 4.739874339087234694e+05 5.028884772144552699e+04
4.982672046887454599e+03 2.716191149172092992e+03 2.079097071859045627e+03 8.399038793234707555e+03 1.935642892700184893e+05 1.784760460365590916e+04
2.216930268113729471e+04 1.074907127354458353e+05 1.295381096197869010e+04 2.420805152990731585e+04 5.901308956029029796e+05 6.154041014859807910e+04
1.851936162678260371e+04 3.403296815214845992e+04 1.306570399329599059e+04 1.568827456541920037e+04 2.541146549996998801e+05 3.150173168726446966e+04
1.673537671648251489e+04 6.002972292206564816e+03 6.221496220441084915e+03 3.469996496557413047e+04 6.017772616131621180e+05 5.914501773445957951e+04
3.994493071470866198e+03 2.660188347268041980e+04 1.903076845163784128e+03 6.730913996438886898e+03 2.873781252464520512e+05 2.450897755914897789e+04
3.836396779763386439e+04 1.693174813501946119e+04 2.985442613600706318e+04 5.029933552482770028e+04 8.286332092942907475e+05 9.218550143715781451e+04
4.887246948095280095e+04 2.500578128557649616e+05 2.995157581627458421e+04 3.088107173481789505e+04 5.667657413413041504e+05 7.736685868496894545e+04
4.321365357382892398e+03 2.737848977140283023e+04 7.834755796421585501e+02 1.194429661038386621e+04 3.294191586033876520e+05 2.924982331748303113e+04
7.476241618530825690e+03 1.909261202546347340e+04 3.751603971812040527e+03 8.341938106826237345e+03 1.783628421286195226e+05 1.833050709737958096e+04
3.641317800610375707e+04 2.578485922588036919e+04 2.458711639530867251e+04 3.866109644442871650e+04 5.547267883365807356e+05 6.666737027069281612e+04
1.543308346531104144e+04 4.610336429186304485e+03 7.356971286513658924e+03 2.118734456698476424e+04 3.061721829570179689e+05 3.357314615912766021e+04
9.572986220169839726e+03 1.806065982691792442e+03 2.643301416414120922e+03 2.776306787696745960e+04 5.401071729310795199e+05 5.011022710292953707e+04
4.553490407426183083e+04 1.568859907708297542e+05 3.984800765961481375e+04 2.217833534790372869e+04 4.260013017965165200e+05 6.362067812575755670e+04
4.252665723731567596e+03 2.103747741591537851e+04 9.634027645611066646e+02 8.456320752398378318e+03 2.162518902072948695e+05 1.982489569374439816e+04
6.252111918998150941e+03 6.744582975791840909e+03 1.562750389804374663e+03 1.067231684675523320e+04 3.328305473841670319e+05 2.821923795680672629e+04
9.913378147980312860e+03 2.360525127873433303e+04 6.031787659417525902e+03 1.847951948186798472e+04 3.088309037740554195e+05 3.289598498074503004e+04
