8.751633248559979620e+03 5.049951475336035219e+04 4.468437447897687889e+03 7.191759529647684758e+03 2.360783602460670227e+05 2.355511334820244156e+04
1.311896494265520778e+04 8.982506941631680775e+02 4.827241522052984692e+03 3.373093089418364980e+04 5.612991174037911696e+05 5.513071054361805000e+04
4.722969160903020565e+03 3.713639228562647531e+03 3.592166579779147014e+03 8.399692359079153903e+03 2.557539040304155205e+05 2.273235511511225923e+04
1.044467625735775619e+04 1.586395794587992668e+03 5.166509423014689673e+03 1.562477178632382129e+04 2.422566539063505770e+05 2.566503461119194981e+04
7.978784737451690307e+04 3.687633822288399097e+05 4.938040579475220147e+04 5.539803515313154639e+04 7.325299889750656439e+05 1.138503309434219555e+05
1.833691419038360982e+04 7.512342890416969567e+03 8.355436172441048257e+03 2.732858135584030606e+04 3.445428069311767467e+05 3.950489607728665578e+04
1.808488571503320418e+04 9.144937226683981135e+04 5.251257214235855827e+03 1.543745824227039338e+04 4.370711305397807737e+05 4.316570433190507902e+04
3.105514367146299628e+04 1.452938622118154308e+05 1.648697814307072622e+04 2.189006659969077737e+04 2.844445759300849750e+05 4.332520894013054203e+04
6.226728075239106147e+03 3.847842341333944205e+03 4.750373540329624120e+03 1.629961700644358098e+04 4.038412471167813637e+05 3.677079005964020325e+04
8.135894720037665684e+04 1.411826789988778764e+05 4.532230355585295183e+04 9.493825302139384439e+04 9.908732250625172164e+05 1.360975858964700601e+05
3.616786253177515755e+04 1.356891427461733983e+05 2.845635768254976210e+04 2.152490873321847903e+04 4.063742575147646130e+05 5.604568534895899938e+04
3.559371850237526814e+03 4.070626988506745874e+03 3.400458173242165230e+03 3.529568336199304213e+03 1.750446535258269287e+05 1.503671219077953538e+04
2.020197218352051277e+04 2.961541490053256712e+04 1.214918399956507710e+04 2.437226762536699243e+04 4.500231452966749202e+05 4.799157260660101747e+04
2.006979002004368158e+04 2.529821443265708876e+04 6.224518916562747108e+03 2.951776113472339057e+04 4.886125137250209809e+05 5.014617164321487508e+04
6.700314078442631580e+04 2.366435828920474160e+05 3.966406464833812788e+04 6.389533894370211056e+04 6.186729986400270136e+05 9.930990892555486062e+04
4.588906782995707908e+04 2.107540848488700067e+04 2.397175717969183461e+04 5.938364059309912409e+04 6.871032968953239033e+05 8.444309672430146020e+04
2.903109691687791492e+05 8.420096826529836981e+05 1.789597875384769286e+05 2.796632885943800211e+05 1.904078782203196082e+06 3.733294103490585112e+05
5.055310975736006185e+03 2.448377383464527156e+04 4.479695383363137807e+03 6.984131763921911443e+03 3.234017125315878657e+05 2.805236447497532936e+04
2.396581968959338610e+03 4.384773608045982655e+03 2.423406767365037922e+03 1.839439955353196183e+03 1.363872288921948639e+05 1.126673072451110784e+04
7.582930963879585761e+03 2.836987472604271170e+04 2.324134574013308338e+03 9.306112498378612145e+03 2.541054864516369125e+05 2.370451364778251445e+04
7.154744022427765594e+04 1.433129448711822042e+05 3.993549879514768691e+04 7.541670017657957214e+04 9.157682217650691746e+05 1.200019464947702654e+05
1.570433304018981107e+04 8.930124306981766131e+04 5.669600842215010744e+03 1.111398290386272492e+04 2.564658385152258561e+05 2.913733155800071472e+04
1.039859524500670959e+05 2.782326605285193655e+05 6.169538131262161187e+04 1.068909970738981938e+05 1.309257591214942280e+06 1.767551354726932186e+05
1.961202750780737188e+04 1.122352182772576489e+05 1.057592231877628183e+04 1.124587471148652367e+04 3.530731024208411109e+05 3.894436471083902870e+04
1.603623093527118181e+04 9.440770523664494976e+04 1.397494380664904929e+04 6.093862290676058365e+03 3.377171906616370543e+05 3.616518220371265488e+04
4.189798141425874746e+03 2.926487678915603465e+04 2.056216910913255560e+03 3.596640625734672994e+03 1.697191485238242312e+05 1.537577595072210170e+04
2.437220719021638797e+04 2.138577737623297071e+04 1.074323161221212285e+04 4.348636677155361394e+04 7.396009005939495983e+05 7.509831460678760777e+04
8.354397377429100743e+04 4.556310721133449697e+05 5.469909346370012645e+04 5.025470405719441624e+04 9.009783301571412012e+05 1.294446851366298069e+05
1.087881888677585084e+04 9.459855744581711406e+03 4.164682065494476774e+03 1.856673564631162299e+04 3.055609554204466403e+05 3.121080632110320221e+04
9.418373871688825602e+04 3.904085605206209584e+05 8.068520786545441661e+04 4.601858707016710832e+04 6.056791700902361190e+05 1.156430201005826966e+05
2.844240824019657521e+04 1.048487434012083977e+05 1.213871354796258311e+04 3.159493879147874759e+04 5.510784141062665731e+05 6.177190608694334514e+04
1.249191114485859180e+04 1.401515908796664007e+04 8.210841326192545239e+03 2.051976722060817337e+04 4.861064618641805719e+05 4.620694940022937953e+04
2.685880586450654300e+04 1.625230094794089673e+05 1.368410564175150103e+04 1.634982588307680999e+04 4.607068678745317156e+05 5.231941538639843930e+04
1.774594179265814455e+04 1.408895873365672196e+04 1.121004569795692078e+04 1.964020485168510277e+04 4.333980219106522272e+05 4.356064040797548660e+04
5.045574802645939781e+04 1.665490669350799290e+05 3.580703220178113406e+04 3.387036186171152804e+04 4.691725195681130863e+05 7.054734669588318502e+04
1.267295773724780738e+05 3.338206579841449857e+05 6.713811356555153907e+04 1.354142660278272524e+05 1.203137019310320495e+06 1.876115889378893771e+05
1.876546110348560251e+04 2.267917910947665587e+04 3.929220298776505842e+03 3.584650757180611254e+04 5.570183993162957486e+05 5.648984145030874788e+04
6.274743214624157554e+04 2.518725133767871594e+05 3.354196751465805573e+04 4.904775786921546387e+04 6.225757084782670718e+05 9.097283196738437982e+04
1.995413278165927477e+04 3.125272376633807653e+04 1.089927578366669513e+04 2.377035579446899646e+04 5.296857245904270094e+05 5.261965455405555986e+04
3.453567360536289198e+04 1.202522531122540677e+05 2.260892958806516253e+04 2.566420363333455316e+04 3.987705568852776196e+05 5.412155427959323424e+04
1.529656577940159877e+04 1.543208103815967297e+04 1.162172496076692732e+04 1.537497982641565432e+04 2.741595586254341179e+05 3.116557762113136778e+04
7.730809302268251486e+04 2.561002359690099838e+05 5.653464315031036676e+04 6.290060478275223431e+04 1.056665454893562011e+06 1.365545084096030332e+05
1.885380209434576318e+04 1.288962176315709075e+04 9.745150199656203768e+03 2.491890197286813054e+04 3.701990808675409062e+05 4.100601807781778189e+04
2.425803869224594746e+04 6.153213592163076828e+04 6.467969389382926238e+03 3.268322345169931577e+04 4.487117301587641123e+05 5.079134130275038478e+04
1.485277343937413243e+05 5.587749917659356724e+05 9.513735703485651175e+04 1.183943258282797469e+05 1.271666782131429762e+06 2.077237101568719081e+05
4.937082935217572958e+04 2.168872426049835922e+05 1.538679991028512086e+04 6.496550317638583510e+04 1.171581333059646888e+06 1.255392606941045378e+05
6.168363731984027982e+04 1.482240429810354835e+05 4.759879978853760986e+04 5.725799036187780439e+04 1.057643158333159750e+06 1.248798203077762155e+05
3.961220131145564665e+04 2.027493762018721463e+04 2.444100687819299128e+04 4.947114992431838618e+04 7.324092209334082436e+05 8.317077444053706131e+04
7.922415205563768723e+03 2.359092966971967689e+04 3.371066605952517421e+03 1.041585959441932937e+04 2.987529511218371335e+05 2.742418613534593533e+04
4.016587547100317806e+03 4.504441951812381376e+03 3.672156883714964351e+03 6.771375984089028861e+03 2.531541558602319565e+05 2.189480430961635284e+04
1.294835944970520177e+04 7.423257853084444832e+03 9.899686219196855745e+03 1.406007069281194890e+04 2.980572941466749180e+05 3.103979233702236888e+04
1.238345628331681473e+04 2.085967934987392255e+03 7.210080538683766463e+03 1.762432093547867407e+04 3.311030698395344079e+05 3.345063874510674214e+04
3.202750581097539180e+04 1.318483690621562419e+05 1.870265395453272504e+04 2.419543734694707382e+04 4.811463038521774579e+05 5.788770695912743395e+04
2.759168630301217490e+03 4.466409169230552834e+03 2.128356235697139255e+03 5.021465331670527121e+03 1.706060796563567419e+05 1.488398308496979189e+04
1.030833599527423576e+04 5.508123815896143060e+04 2.700409459290851373e+03 9.980863257788469127e+03 2.188268239606498100e+05 2.312046563346496623e+04
4.918387126413496298e+04 1.470625045702106727e+05 4.041472158363288327e+04 3.276537402759040197e+04 5.252632768241919111e+05 7.484259799069384462e+04
1.829390682732097412e+04 5.337848307110449969e+04 1.376095305451638887e+04 1.302533473191996200e+04 3.546762119323692750e+05 3.831809421977299644e+04
4.357161090385484385e+03 8.507004627393242117e+03 5.662900821911250205e+03 5.078325773365108944e+03 2.635506958316878299e+05 2.288469588618711714e+04
1.033590992725953356e+03 3.813053757485211918e+03 3.893571079442073710e+02 5.114589096336385410e+03 1.426184975669270207e+05 1.226167987746160179e+04
3.695974986940186227e+03 5.101953663618879546e+03 4.542657084774711620e+03 8.234507735189161394e+03 3.627676900755880633e+05 3.033378924860287589e+04
1.243064295733378640e+04 4.380866860070911207e+04 6.655210624108715820e+03 9.926686912073020721e+03 2.813728923301207833e+05 2.844997004696396834e+04
3.177154143911196661e+04 9.494555842278963246e+04 3.219590121791614729e+04 1.423762709327815901e+04 4.079193966758686001e+05 5.245081851187881693e+04
1.966974604794029437e+04 3.586932388519842789e+03 9.907270306292926762e+03 3.487339761251548771e+04 5.494634681200669147e+05 5.717419223721284652e+04
1.607160518874949230e+04 4.340643188459498924e+04 8.473063991865441494e+03 1.887723561308523495e+04 4.117418818219057866e+05 4.202957566455776396e+04
1.756581002434527545e+04 1.362446818815699080e+05 5.155436570291132739e+03 2.170664370183851497e+04 5.195727795317744603e+05 5.372435769385013555e+04
9.622514292914003818e+03 8.586083211952985948e+03 5.485151520902762059e+03 1.988061123982639765e+04 3.763508034178067464e+05 3.709222258201744989e+04
1.476475730919881062e+04 9.199044493357312604e+03 5.052992064310848036e+03 2.547516114873177139e+04 5.057562572090170579e+05 4.816977085882563551e+04
1.303548957286101177e+04 1.126405127070848102e+05 4.401937075665143311e+03 6.840976040709656445e+03 2.948664171519829542e+05 3.039612305733373069e+04
1.284525735579222237e+04 6.146864340546753374e+04 5.762241303803538358e+03 1.634504630807603826e+04 4.533847385278770817e+05 4.341042036464805278e+04
1.216099458811899422e+04 1.101729030909897483e+04 9.601743489884589508e+03 1.161085294226545193e+04 3.265849427940286114e+05 3.190041926311494899e+04
1.086783615023021594e+04 1.162251150961710300e+04 8.038338579337707415e+03 1.365568198364599994e+04 3.987823286690185778e+05 3.703700513348707318e+04
3.114166797745620443e+03 1.613331528554856050e+04 2.822597495292839994e+03 2.449557733375496809e+03 1.735761522234513250e+05 1.479723576970223257e+04
2.482498668813463519e+04 1.775669302720761043e+05 6.840710449241293645e+03 1.775878103421437481e+04 4.660844801316328812e+05 5.111238535102963215e+04
1.564070243164629210e+04 4.767588246191078360e+04 1.850136499337872010e+04 7.572860924447485559e+03 3.641469851816042210e+05 3.825097657326192711e+04
3.099753948547901018e+04 1.042876972530659696e+05 1.924989876790970447e+04 3.044817626868708248e+04 5.348056606268108590e+05 6.319662858833871724e+04
4.145733738013344009e+03 8.030507588588062617e+01 1.451318659677141568e+03 9.454890193632207229e+03 2.404078961833149078e+05 2.107469687139747475e+04
3.060310912643130359e+04 7.402131386427844700e+04 1.932054248392779482e+04 2.653933361102845811e+04 4.936778517143060453e+05 5.719599160749129078e+04
3.050965327403710762e+04 6.690288872272773006e+04 2.013858588433904515e+04 3.206598250865105001e+04 7.200363438158854842e+05 7.492031458984367782e+04
4.707120430707503692e+04 2.870077933164932765e+05 2.831296302059313894e+04 2.414367493207964435e+04 5.562139066907437518e+05 7.473221188753162278e+04
1.463493543084532575e+04 1.124791244561264830e+04 5.460016289797264108e+03 2.662361049061018275e+04 4.890402471358559560e+05 4.784159229479936039e+04
5.257311046951795106e+03 1.351717841804573618e+04 1.705030280505972769e+03 1.323066435971183273e+04 4.170947960227804724e+05 3.544004751643141208e+04
2.720271874974318780e+04 1.190511540114886593e+05 1.343456547742256771e+04 2.670829500556829589e+04 5.203734976392809767e+05 5.875828868260880699e+04
6.774774364026012336e+03 1.960282341312640710e+04 3.986063941251690721e+03 7.197721891642103401e+03 3.032698851688603754e+05 2.634062091601769862e+04
9.550692362669928116e+03 6.269953589846005343e+03 3.301076938279491060e+03 1.574282964172571337e+04 3.507148898854213185e+05 3.244081966987127817e+04
6.400204244378436442e+02 1.379733471462370517e+03 8.543079193920073067e+02 3.956018172007436988e+03 1.802060229570222436e+05 1.434596682097327357e+04
4.689442059540303489e+03 2.002522620832512985e+04 2.466659108096102045e+03 5.193895241439146957e+03 1.642847899154463666e+05 1.545234765813101694e+04
2.079502981871337397e+04 7.774310613970240411e+03 7.699052373245601302e+03 3.148673508542642958e+04 4.241407857755240984e+05 4.646887522929046099e+04
3.962622802947720970e+02 4.943113698362118953e+02 2.268643708272794015e+02 4.905816607366294193e+03 1.553850448015118600e+05 1.279171634768907461e+04
2.250054778806893955e+04 1.685636190240409342e+05 1.331872293753258600e+04 9.073917062897864525e+03 4.682951037517608493e+05 4.968108001450087613e+04
4.893947039318625320e+04 1.184331647264046478e+05 2.220235279750253540e+04 5.706543405446722318e+04 6.697795195468750317e+05 8.628336411735224829e+04
5.048815555485307123e+05 1.565276049697498558e+06 4.106905138079700409e+05 3.535927278518208768e+05 2.665282681290482637e+06 5.936343466862015193e+05
1.766325525863826988e+04 1.028774643341124611e+05 6.154485554869717816e+03 1.762440058606989624e+04 5.082968964860162814e+05 4.989995735374774813e+04
7.837477646057402308e+04 3.844366771148896660e+05 4.666004995544707344e+04 4.782751123071773327e+04 7.630911768635745393e+05 1.120852809624807705e+05
4.173287935736572399e+04 2.118614234249955916e+05 9.650980314050442757e+03 5.142475608062293759e+04 7.916547971600233577e+05 9.114139231712688343e+04
9.738600508767798601e+03 1.751243930126924533e+04 4.165362357285599501e+03 1.229177925482595492e+04 3.326519793053803151e+05 3.059417517953586866e+04
2.791573385053661696e+04 5.922931973646102051e+03 1.407003719164322138e+04 4.037009871011442010e+04 4.606712163411200745e+05 5.559765227517234598e+04
1.639879648832699968e+04 6.470948897351670894e+04 1.147327692059860419e+04 1.072302815054817074e+04 2.132735695260354551e+05 2.734072949820087160e+04
6.336978070066730288e+04 2.087190479234785598e+05 4.023752394779687893e+04 5.299434138393998728e+04 6.549489438338234322e+05 9.568629078903929621e+04
3.502048624138382002e+04 7.305861742460136884e+04 1.986824484073916028e+04 4.021190510672337405e+04 6.303471207018612185e+05 7.275930277402017964e+04
2.101704858332917793e+05 4.194420373423818965e+05 1.217732988964387914e+05 2.208776495505704661e+05 1.966157032212193124e+06 3.053653987997201039e+05
1.279995637949464435e+04 3.310690507717918081e+04 1.397477508146926630e+04 8.269668293123006151e+03 4.293118724927734584e+05 4.027692505870087916e+04
8.083030012249227184e+03 2.033492774561199667e+03 2.288536962829756703e+03 1.946545251725002890e+04 4.331774952477021143e+05 3.902445303366800363e+04
2.402624646424394450e+04 1.666906242865868553e+05 1.269858913871473123e+04 1.238655033964109680e+04 4.019614115247969748e+05 4.635743063198504387e+04
4.049527924875430472e+04 9.757998066797257343e+04 1.458854568282485525e+04 5.264020831335539697e+04 7.529891813488272019e+05 8.556515285181146464e+04
3.124918062881080914e+04 3.007872901745081253e+04 2.013953992425197430e+04 3.371871648992523114e+04 4.697726832062286558e+05 5.701367198481996456e+04
8.100154856714596099e+04 1.355075648255750712e+05 4.584433314734426676e+04 9.143237347619890352e+04 1.203620108782795258e+06 1.487658327722888498e+05
3.636668890678030584e+04 4.453353398847135395e+03 1.585487573525538210e+04 6.006789122948484146e+04 8.158782086991020478e+05 8.909246122475047014e+04
4.129233259966001060e+04 1.267484743280956463e+05 2.667178761552126161e+04 3.448887424313554948e+04 5.560883655860715080e+05 7.076587397435487946e+04
2.344129026499329848e+04 1.449671159696110990e+05 1.180450956590271744e+04 1.438628213735944155e+04 3.054041692072376609e+05 3.930714810843484156e+04
2.240283632346157174e+04 4.622760570354704396e+04 2.057318200762096239e+04 1.843151822716579773e+04 5.566938094016789692e+05 5.693318346475839644e+04
4.019620542392755306e+04 7.087268740374395566e+04 1.958261481102058315e+04 4.396845158177531994e+04 4.927763775054183207e+05 6.497372691989949817e+04
3.634901992362263263e+04 2.201575447604556393e+05 1.447942891876661088e+04 2.647467801474247972e+04 6.374764573877827497e+05 7.198130081790113763e+04
9.896949946199514670e+03 1.219015464269333643e+04 8.989879188777764284e+03 7.037196464613366516e+03 2.640182007805467583e+05 2.541833189215618768e+04
1.966885229960359720e+04 2.178731724064729133e+04 3.100353099405795547e+03 4.682150278039239493e+04 7.257890630143365124e+05 7.240256546165779582e+04
2.206983162953324609e+03 7.462620913874592588e+03 1.726217227833048810e+03 1.561254417929300689e+04 3.224116180747936014e+05 2.985834563998506201e+04
3.636441798118427687e+04 1.000228730290964741e+05 1.804760615700044946e+04 3.845250451488932595e+04 4.054195020479820087e+05 5.738431549322996580e+04
1.469918040648585702e+04 1.323183804717742896e+05 5.117228041245445638e+03 1.214410323208914087e+04 3.378824714079115656e+05 3.696920551122364122e+04
3.850814175133793015e+03 2.957960678951989394e+03 4.241987089638026191e+03 3.659734890183787229e+03 1.588405502581734327e+05 1.431341469715539824e+04
4.810435668930451357e+03 1.752357063760803840e+03 2.101098787741207616e+03 8.334952104520887588e+03 2.730396142248285469e+05 2.312590519499066068e+04
8.949062849563939380e+03 1.615027173411297190e+04 4.915860992437730602e+03 1.428544105065205986e+04 3.144716667158770142e+05 3.052901555961031045e+04
2.541046872020259616e+04 8.616504909024896915e+04 1.071832099340884088e+04 2.355075431910670522e+04 5.086246341827072902e+05 5.374240586769563379e+04
5.167403050905442797e+04 2.666069301562917535e+05 3.570473109754376492e+04 2.450767025676939738e+04 5.357742004927408416e+05 7.569924779721430968e+04
9.218371590723083500e+03 4.997321850095640002e+03 5.795021693240588320e+03 1.261029888812446370e+04 2.679573421988576883e+05 2.647024435739067849e+04
2.043610819216058371e+04 1.038032585556177946e+05 1.251638793195688049e+04 1.316613103181745646e+04 3.400412557656597346e+05 3.935551656060839741e+04
9.276293160527331565e+03 2.476436099483435555e+03 5.540760087470826875e+03 1.583936954247542235e+04 3.117912370735187433e+05 3.064430547301641127e+04
9.503964039376923756e+04 5.214150815058897133e+05 6.311445770879303018e+04 5.224864979882729676e+04 1.009177968886581250e+06 1.445059760354942700e+05
2.739047019108276800e+04 1.626061215958843532e+05 1.009924820753366657e+04 2.310301433059530609e+04 5.114262380195735022e+05 5.724319429043881973e+04
1.273790032188848818e+04 4.762432715846302744e+04 5.463210053490632163e+03 1.364769645574158858e+04 2.488539951162709913e+05 2.762025644879977335e+04
2.376472974509209962e+04 9.168311390648304950e+04 1.357577038557844753e+04 1.708652434617490871e+04 3.676717308651816566e+05 4.284374533839214564e+04
2.273143726548478298e+03 1.181242187780938366e+04 2.728041971723903885e+02 4.240792128716588195e+03 2.240669347994775162e+05 1.769025157717672118e+04
6.769236659708390107e+03 8.990290767457341644e+03 1.377448140609090387e+03 1.420114341009247255e+04 2.748178104172975873e+05 2.594422112699553327e+04
7.550948513916618140e+03 4.015226370297972608e+04 5.845567681165154681e+03 8.438622484720764987e+03 2.278880937094242545e+05 2.364981192673758778e+04
6.131137079214335245e+03 9.744373860180332485e+03 3.914111910202603212e+03 1.275099676557503335e+04 2.547384545107476297e+05 2.506878272745757931e+04
7.195155776003495703e+03 6.220438558546012791e+04 2.191280144095229844e+03 9.044400269072593801e+03 3.689465942143377033e+05 3.292692431681690505e+04
7.162854951528826496e+04 2.458625949103664898e+05 5.105585130324417696e+04 5.263923132210091717e+04 5.567165134300658247e+05 9.541982327526675363e+04
2.537756893517149729e+04 8.552642257198016159e+04 1.430890597545001401e+04 2.141209438449168738e+04 2.717596604021523963e+05 3.836015103615784756e+04
1.924462263028920233e+03 7.604258228462678062e+02 4.630025936183334920e+02 7.561563741939055944e+03 2.475554287787382200e+05 2.030690457312176295e+04
9.429923194482185863e+03 3.016989730053021412e+04 3.502157407978531410e+03 1.067419291335355229e+04 2.612773102300120518e+05 2.540238951580958019e+04
3.261793174201752117e+04 1.563115000925096683e+05 9.601291832576816887e+03 3.930946403453282255e+04 5.906658948814268224e+05 6.937504324848095712e+04
1.549303365628914071e+04 7.863080314118474234e+03 8.992860969711458893e+03 2.099163079703412222e+04 4.935917574765856261e+05 4.695653791768343945e+04
1.106139603621695860e+05 4.021278507995431573e+04 5.985131047372244211e+04 1.513166729754327098e+05 1.608296229052481242e+06 2.043866598886667343e+05
1.139435824077687539e+04 2.356716030631354806e+04 6.108548393280831078e+03 1.494657348731328602e+04 4.315463119945852668e+05 3.958343858085582178e+04
2.985398598580219550e+04 1.002242227044730680e+05 2.178118134861684666e+04 2.173026352370145833e+04 3.686315590837950003e+05 4.896789943710571242e+04
2.364921972488533720e+04 5.170375328551040002e+04 1.794186711561175980e+04 2.222186329185338400e+04 2.610716527151318442e+05 3.790028619398666342e+04
1.800798668481423738e+04 6.602877572938533558e+04 1.373912078971142364e+04 1.714373787251644171e+04 4.666453856148939230e+05 4.832779196021376265e+04
8.725264960515238272e+03 2.486639463988855641e+04 3.936748342733783829e+03 9.754749573493767457e+03 3.424973267670008936e+05 3.037442829589973917e+04
1.002566489853902749e+04 5.197822385912053869e+04 1.791103045433333591e+03 1.657598306413023238e+04 4.029410175922604976e+05 3.794061522625429643e+04
4.332352876793823816e+04 4.811475493114253186e+04 3.633747137428809947e+04 4.206530043728262535e+04 8.398338813717777375e+05 9.355298469883472717e+04
5.159830312618610151e+03 1.268704101891837490e+04 3.862891911928484660e+03 1.049340752868233903e+04 2.874127800425795140e+05 2.636909884816912017e+04
5.034007846333571797e+04 2.413131576438623306e+05 3.306695725176615815e+04 2.717396006170398687e+04 4.585497025075624115e+05 6.932237620658714150e+04
2.603617703060772692e+04 7.395577237000175228e+04 1.925635733036333113e+04 1.897152254749144049e+04 2.876670315623102942e+05 3.988683682277463231e+04
9.990642947787813318e+04 3.363201289861330297e+05 8.522606004819674126e+04 6.307425742021171027e+04 7.740729911110885441e+05 1.339630473434333398e+05
3.420633284303074470e+04 1.039480688329702243e+05 2.334423481385590276e+04 2.923330265973097994e+04 4.223410956884525367e+05 5.683116659175445238e+04
3.197752774657930422e+04 5.420086613246922207e+04 1.809744199357451362e+04 3.547622979425969970e+04 5.299240752816715976e+05 6.216719966939427104e+04
1.256965566051744099e+04 2.291337361841110396e+04 7.552973597787145991e+03 2.577115677686283016e+04 5.855040419958276907e+05 5.542359698992926860e+04
2.266661909742349235e+04 2.891395337494703563e+04 1.674795252711222929e+04 2.548443840002618163e+04 5.744783931833646493e+05 5.881304370762618782e+04
2.887980342737974934e+04 2.263710571874101879e+04 1.344755139168904316e+04 3.910245496545041533e+04 6.356217467171970056e+05 6.735008346879613237e+04
4.607199759087002167e+04 2.801550845371696632e+05 1.880356897764240057e+04 3.458621574822592083e+04 6.842552907779430971e+05 8.362779567038478854e+04
4.112268366199885349e+03 2.394419904487056920e+04 3.634563253960417569e+03 2.659832400694520857e+03 1.708299298863680742e+05 1.544405439046244828e+04
1.408193084295556582e+04 2.593299311058246167e+04 8.929362082903977353e+03 1.628458887942933325e+04 4.357152461156979552e+05 4.180192044245955913e+04
8.372771640741417286e+03 1.148371184173989604e+04 9.119173707904981711e+03 1.273691191307461304e+04 2.516463466625289293e+05 2.718431174630928217e+04
5.157273706661680080e+03 2.308132206929754830e+04 1.340630318741873680e+03 6.800736061161034741e+03 1.823367628864924482e+05 1.705887996884857057e+04
4.597120835879063634e+03 1.568634790629012605e+04 9.490356489509888434e+02 8.609869203631607888e+03 2.211398537801278580e+05 1.995216605972547040e+04
2.377243044000396912e+05 7.826257712506914977e+05 1.928898288345939363e+05 1.562584730127007642e+05 1.360282570063803112e+06 2.840194606623757281e+05
2.593996103602328731e+04 7.680187917917809682e+04 2.392875763409624778e+04 1.444997775531020307e+04 3.558390611323675839e+05 4.458249462079344084e+04
9.686043752464303907e+03 2.218103271262325507e+04 3.454189989623279871e+03 1.670028529409699695e+04 4.206041927231749287e+05 3.842764766996933031e+04
1.268935661122700549e+04 6.005810448588407553e+02 5.126294240771356272e+03 2.499424748904688022e+04 4.422934049082063721e+05 4.329004113631716609e+04
5.852277317105016118e+04 2.176157723279892234e+05 3.263340224233778645e+04 5.021414178332982556e+04 7.702901271030975040e+05 9.934904687040060526e+04
7.712053799825379974e+04 3.009274320570267810e+04 3.248102017347924630e+04 1.117194643270966189e+05 1.108205083767972887e+06 1.405459504425324558e+05
3.397757555136907467e+04 1.078665275280473288e+05 1.234592960116937502e+04 3.959837724159259233e+04 6.133580181465250207e+05 6.981845355417700193e+04
9.084291934789506195e+04 1.804421753628469014e+05 5.513943390778897447e+04 9.370529677545696904e+04 8.722339924083807273e+05 1.337346968140720273e+05
3.344608675907563156e+04 3.512215220732548914e+04 1.792484919283771160e+04 3.873158150287996978e+04 4.890304759264979511e+05 5.987046672651892004e+04
3.298163358786739263e+04 1.027797840720707027e+05 2.137158469527431589e+04 2.736902535667318443e+04 5.733161482613951666e+05 6.523451395832448907e+04
3.672168224684143206e+04 1.728155451227008598e+05 2.575108529960658052e+04 2.301830690251101987e+04 5.584660840548947453e+05 6.762112190909525089e+04
3.922004009246712030e+03 2.213260737913503817e+03 1.343713503960464777e+03 7.821665841610496500e+03 2.358355045978894341e+05 2.008777690244374389e+04
4.344165442345125484e+03 1.415405324594853028e+03 3.363821278012045696e+03 4.891349033608843456e+03 1.457477934247346420e+05 1.353483978010058127e+04
1.388840547534686630e+04 6.632520340901458985e+04 5.118593140941849924e+03 1.691757376976317391e+04 3.664603501024787547e+05 3.778560568119349773e+04
7.205689990422491974e+04 2.980559853283253033e+05 5.199502674215367006e+04 4.576456230169593618e+04 5.965397499225044157e+05 9.797667722805593803e+04
4.300765359067965619e+04 1.763208812275379896e+05 3.051719952654125882e+04 2.575921496477422261e+04 5.536028662486221874e+05 7.076143308528157650e+04
4.926241290037633917e+03 5.897531883508361261e+02 2.601379997858357001e+03 7.699971000539617307e+03 1.641931143646409037e+05 1.567595375661486287e+04
8.501621255505589943e+03 3.004204743720860279e+04 1.684494524036638040e+03 1.292867732962142509e+04 2.784574484319696785e+05 2.678746745238539006e+04
4.392173545539912993e+03 1.486844747268015908e+03 6.661148766189311573e+03 2.222382515969162796e+03 2.017761789129960525e+05 1.752138533403111069e+04
3.967118329174884275e+04 1.007698132643192912e+04 1.817867736467944997e+04 6.642210726925800554e+04 7.667355655563367764e+05 8.994038701696632779e+04
2.130519674602604209e+04 3.826797329452243866e+04 1.428850274771605837e+04 2.281279969543259358e+04 3.827599549880973063e+05 4.411259899751188641e+04
2.994717067125429458e+04 6.352381561589179910e+04 1.037435126267046871e+04 4.009685047631262569e+04 5.575433618834331864e+05 6.324614704853234434e+04
1.134431175087243719e+04 4.621040402777908639e+03 5.808828746220247922e+03 1.630466399383219323e+04 3.647837239861440612e+05 3.464061492261341482e+04
3.269806220861966358e+04 5.710359834596247674e+04 1.015666841827552526e+04 4.805326710630979505e+04 6.544694731828618096e+05 7.295165822158011724e+04
3.680186968223325675e+04 1.060490188917206397e+05 3.066537698933567299e+04 2.358606128522648942e+04 3.346460043240521336e+05 5.163921265506414056e+04
6.003064964585600137e+03 2.958359985666407374e+04 3.273346041777561368e+03 6.016708490512736716e+03 1.782507362939340237e+05 1.758437584694768520e+04
3.758233078474850572e+03 1.731037584229182585e+03 8.882787711752159794e+02 1.490715704019772238e+04 3.316269099029496429e+05 2.951442279793473062e+04
2.735839468977759225e+03 8.167626659954949901e+03 2.598347846085055608e+03 7.049687806310056658e+03 1.933640284675174626e+05 1.771751494688892853e+04
1.494958750953706658e+04 7.226663696675180108e+04 4.642418199934067161e+03 1.483814890961234050e+04 3.480175183306782274e+05 3.569352894360489154e+04
2.388840636317796816e+04 6.446956906169343711e+04 1.614422321774424745e+04 2.044482067236769217e+04 5.213391757583166473e+05 5.445883562779589556e+04
3.326123366939748666e+04 8.976872636692548986e+04 2.019211575707399970e+04 3.193413357421567707e+04 6.038262430728697218e+05 6.819874410183729196e+04
2.540346477502346715e+03 6.048208826142516045e+03 1.703850620420367477e+03 3.716693404037596792e+03 2.235312491156120377e+05 1.774896847227643593e+04
2.738628011317458368e+04 5.912083152452829381e+04 1.083982511445180899e+04 3.902689631986253517e+04 6.294559406939722830e+05 6.758197642208272009e+04
1.715955501620045470e+04 1.949819030542545079e+04 1.481129780671266963e+04 1.616693333141524090e+04 4.891683117201544810e+05 4.756122120428166818e+04
2.589539491876597094e+04 6.737439400161623780e+03 1.235235562065020349e+04 4.002912551820615772e+04 5.300880475288497983e+05 5.941224599632395984e+04
9.115084222280160247e+03 5.118933191368468215e+03 5.486312043099403127e+03 1.114771028060964636e+04 2.971363816257675644e+05 2.764439224965894755e+04
2.056911540744942977e+04 4.106466971838751488e+04 1.417345932637585793e+04 1.754439299520144414e+04 4.110788986577612231e+05 4.372379688059639739e+04
1.198656581723948875e+04 8.235413166018374613e+04 4.393251624996174542e+03 7.455058297819382460e+03 2.492752501107369608e+05 2.610528798635201747e+04
4.479388387933532613e+03 1.856218442630025947e+03 2.124140620162170762e+03 6.715677622412016717e+03 2.332508353773174458e+05 1.973259014064668372e+04
1.305225232165229863e+04 3.411761176821965637e+04 7.371397066691814871e+03 1.278029356831265068e+04 3.140290477552732336e+05 3.176606563248776365e+04
9.643077067851030733e+03 2.879846883303349023e+04 2.166349838611149153e+03 1.586465463082568931e+04 3.698124656522237929e+05 3.440576742682854092e+04
5.260707717132499056e+03 2.469839903917975334e+03 2.197015881568000168e+03 7.380919336744826978e+03 1.714626900824155309e+05 1.593932875784584212e+04
7.414353468008554046e+03 1.858097595606011964e+04 2.199581785978681637e+03 9.270224641739023355e+03 2.977391696446848800e+05 2.608510080338493935e+04
2.992467129068699069e+04 1.542459042771801178e+05 1.800363541356445057e+04 1.845087482174815523e+04 3.374114111264988314e+05 4.642927317993213364e+04
4.287672533223455503e+03 2.127109657815149330e+04 3.350280637584646684e+03 1.174940224333114747e+04 2.401123701945897192e+05 2.395932376425566690e+04
7.038919530639884215e+03 5.885428863794356585e+04 1.022871860935605127e+03 6.318552391469159375e+03 2.668335137249311083e+05 2.415683791518584621e+04
5.005071792869680394e+03 6.199033281481133599e+03 8.629592890142757824e+02 1.427888712465442404e+04 3.895329302424076595e+05 3.333519007419761328e+04
4.853361411048498849e+04 1.433298892011715216e+05 4.676029166183137568e+04 2.366694003111080747e+04 5.998009000893196790e+05 7.829262488731576013e+04
3.100778390572866192e+04 1.847427628189312236e+04 1.373281467315438022e+04 4.505642597453392227e+04 7.291917065968574025e+05 7.625287801091153233e+04
2.671541419567275807e+04 6.028137082550724699e+03 9.759822305807798330e+03 6.347470331991676358e+04 1.275633642353299540e+06 1.190063493238741503e+05
1.473512837742501142e+04 4.648070791821919556e+03 5.643918772833188086e+03 2.330530900788878353e+04 3.123223358234008774e+05 3.420790744547243230e+04
8.844117806927510537e+04 4.361353312410971266e+05 6.316349135896829102e+04 5.015177929463364126e+04 6.481126092562378617e+05 1.150748819426190166e+05
1.089699074804954762e+03 9.127510389696246420e+03 1.882316100523984232e+02 2.160312734513412579e+03 1.411849135880196118e+05 1.100559654777388459e+04
1.727165541337873947e+04 1.000556810208052339e+05 8.794079351925627634e+03 1.210979174123212397e+04 2.383733840726270864e+05 3.024968718040702515e+04
1.266375800482405793e+04 6.917597116498409014e+04 4.475678323137742154e+03 9.558238807398409335e+03 2.573758199951428105e+05 2.698473660334915985e+04
5.991016656832410808e+04 1.926932864762390964e+05 2.688758724116680969e+04 6.446954755486651266e+04 7.924628126921856310e+05 1.035765358454049128e+05
7.257272944559237658e+03 2.361397373471692845e+04 5.464260068364574181e+03 8.391120512600311486e+03 2.847155301157704089e+05 2.646796525911662684e+04
6.870580911977077449e+03 4.870231113861778454e+02 4.893010602077642943e+03 9.269874139557943636e+03 2.295541007977139670e+05 2.176479632651887368e+04
1.337651003634542758e+04 1.345597514575781861e+04 3.476464493908721579e+03 2.592191147323959012e+04 5.025015292372224503e+05 4.768385373148803774e+04
4.921153684476689705e+03 4.185016087286074253e+03 2.092313190370052325e+03 1.601364843757456765e+04 4.211296800948455930e+05 3.667512365448821220e+04
1.210461555629695067e+04 2.438215887841844960e+04 5.345572466611286472e+03 1.523493779432585507e+04 3.688609136204041424e+05 3.520905024496329861e+04
7.048867138209439872e+03 1.836217246722748678e+04 2.138956413788317604e+03 1.114262733026917704e+04 2.935643336746023851e+05 2.661401352890244380e+04
1.585191280580310377e+04 4.635388537224498577e+04 6.602968671569300568e+03 1.850620144061598330e+04 3.207458629370515700e+05 3.508109168410528946e+04
2.398056469971424303e+04 5.725241540265021285e+03 1.312836731782366041e+04 3.715340009050115623e+04 8.068648448310339591e+05 7.701223518915940076e+04
5.058486419729143381e+04 1.915969932593066769e+05 2.578968439354141447e+04 4.788330341142012185e+04 6.772128809540888760e+05 8.779732020168154850e+04
5.121182173626390431e+04 1.574236269382072496e+05 4.303843403566095367e+04 3.542038488089149905e+04 6.423839293586253189e+05 8.556426475212714286e+04
4.222153191731616243e+04 1.858571472973602940e+05 1.690575966975965275e+04 4.929493404126029054e+04 8.291174624226562446e+05 9.453898918668540136e+04
1.276919279700854531e+04 2.050455509292356510e+04 5.180379495500426856e+03 1.578331099857426670e+04 2.904365766760962433e+05 2.991918223939463860e+04
1.121078926018993843e+04 1.948280352579025566e+04 6.089672646505809098e+03 1.823047331226924143e+04 4.593665244662670884e+05 4.272934221474706283e+04
1.187685480642124639e+04 1.332716852714175502e+03 5.400043299512066369e+03 2.389592422743488714e+04 4.037693548931799596e+05 4.035651486427261989e+04
8.757946752568308511e+03 8.164329179208526739e+02 2.915136074374790041e+03 1.628280024791453252e+04 3.558919629373497446e+05 3.259702386745838157e+04
3.351353352924553474e+04 1.870809511935248447e+05 2.149699577652832158e+04 1.904099957246111808e+04 4.563035852113459259e+05 5.782310458544078574e+04
7.425679790711506939e+03 5.165319488839371479e+04 3.942063242756316413e+03 6.550255899126715121e+03 2.429615128297877673e+05 2.355815675783459301e+04
1.885892671027182814e+03 6.470760150470667213e+03 2.340670783634408963e+03 2.473914964453380890e+03 1.415000073533024988e+05 1.196504484017226423e+04
3.078043954194436446e+04 4.822336794813174379e+02 1.576121579520806881e+04 4.667682514613820967e+04 5.596995301283160225e+05 6.556993387934645580e+04
4.031346403887155702e+03 8.369611741113873222e+02 2.344799131446814954e+03 5.713533820932568233e+03 1.628108163494681357e+05 1.458636836950574616e+04
1.590979623895144505e+04 6.836253703632401994e+03 7.866613050661280795e+03 2.189795755488809664e+04 3.773653261991615873e+05 3.901271450907453254e+04
2.025672485640464402e+03 3.828491671827197820e+02 6.949601474665217893e+02 4.009429012654690268e+03 1.619607963218899386e+05 1.302494168369906220e+04
1.603298851501953322e+04 3.077051892430579028e+04 9.881478792482828794e+03 3.746411300107971329e+04 5.341120671990468400e+05 5.864684846322753583e+04
2.005141755133217157e+04 4.121003621793119578e+02 8.492270808124780160e+03 3.500042536850303441e+04 5.519895832079963293e+05 5.663448760988716822e+04
1.614841860237667606e+04 5.340426865436162188e+03 9.025154450525795255e+03 2.424964381430137655e+04 4.622953453169898130e+05 4.621389486259872501e+04
4.118646834509231121e+04 1.703474076116986980e+05 2.776452581590908812e+04 2.903575860308230767e+04 3.329773865254188422e+05 5.592169808211660711e+04
6.072906936497349670e+04 2.708567800857294933e+05 4.205117337545874761e+04 3.792586641894525383e+04 6.263120033314917237e+05 9.080237501492418232e+04
1.288400406785348059e+04 5.708166282615282398e+04 5.709565230535596129e+03 1.451087247919279616e+04 4.231642746830161777e+05 4.030868082303681149e+04
1.152541550749923481e+05 3.667121007995206746e+05 6.566882953945932968e+04 1.098675066517948580e+05 1.090059805932439165e+06 1.694480534517136111e+05
2.629480706164526418e+04 9.566239699537840352e+03 1.480822293497229475e+04 3.574626987456134520e+04 5.058401207032538950e+05 5.704333681106537551e+04
1.530514865842712425e+04 3.742107037942999887e+04 1.134818984296106282e+04 1.260613716856336032e+04 3.733702992199011496e+05 3.755634684626828675e+04
3.151631044172239854e+04 1.166565581870959431e+04 1.174530011637787356e+04 5.511117173369521333e+04 8.541316751934629865e+05 8.800925696990337747e+04
1.188185343143623504e+04 5.362110915551870858e+04 6.203204048405753383e+03 9.728545243756116179e+03 3.209851342403944582e+05 3.131526389017927067e+04
1.370927109517102508e+03 1.022751394925065142e+03 8.746661871032349609e+02 3.900276549898700068e+03 1.935151721672049316e+05 1.520704482449451280e+04
6.373003997744757362e+04 9.013175744678893534e+04 2.709012236289932480e+04 8.329382773050722608e+04 8.844137734518088400e+05 1.132865435760143446e+05
5.882722720813558408e+04 6.752728519448307634e+04 3.506485464647391927e+04 7.524642590802135237e+04 6.041449256652230397e+05 9.311637272489559837e+04
7.922028710514926388e+03 2.288249753433679143e+04 5.408289067016015906e+03 1.238795441840477361e+04 3.289352610692362650e+05 3.118915312533959877e+04
3.079681198411657897e+04 9.374125870570100233e+03 1.627316089288269177e+04 4.319139073269116489e+04 6.111148017184730852e+05 6.811263846822036430e+04
5.184064971943034470e+04 1.856441981660482124e+05 4.271025697416030744e+04 3.252746995700109255e+04 2.933524124151986907e+05 6.203507373101298435e+04
2.529027302825124571e+04 5.651160660554612696e+04 1.742302411218523048e+04 4.012849937400483032e+04 5.485496927610734710e+05 6.534721647959161783e+04
4.185745539978535817e+04 2.017360777585144388e+05 3.042746593934045086e+04 2.508450891272311492e+04 5.795759865629393607e+05 7.342193946407579642e+04
1.806154110680532904e+04 4.270086692967072304e+04 9.060745498349355330e+03 1.995603289158114785e+04 3.743174498293575016e+05 4.021867315369418066e+04
1.569618973497133811e+04 4.298011855258021387e+04 8.034168045091962995e+03 1.526405893684292641e+04 3.086317297982099699e+05 3.325031806648641214e+04
5.199809788144873892e+04 1.856355313979883504e+05 2.495201059805788100e+04 5.080140514474416705e+04 7.921657372323250165e+05 9.619248624917432608e+04
5.465613745950526936e+04 8.024870194670149067e+04 3.139419032511350815e+04 6.364523965512675932e+04 8.368286861173446523e+05 1.025677057063375396e+05
5.496154363153919803e+03 3.202359921390706177e+02 1.682281323197565825e+03 1.072512058996438100e+04 2.057352992343708465e+05 1.942844397378237409e+04
2.189029304849022810e+04 8.657782184666437388e+04 8.246190635275415843e+03 2.765802164579410965e+04 4.571668140920953010e+05 5.109333561816644215e+04
1.807737393680645255e+04 2.813722211941632850e+04 1.491797024764497473e+04 1.400143881931750911e+04 4.205046522741498775e+05 4.243710505446155730e+04
7.371461499416644074e+03 1.706607475346436331e+04 6.267380580783484220e+03 6.311821072497664318e+03 3.306143000897933962e+05 2.863714846150690573e+04
4.262693999497618279e+03 1.239933775048054304e+04 2.259746549402597793e+03 4.061932293729860703e+03 1.882294269069894217e+05 1.608453472511847031e+04
6.631622470064509253e+04 1.879202339233540115e+05 5.097648772402275790e+04 4.720665172874988639e+04 5.851059250660935650e+05 9.197202722895858460e+04
3.667237929946710210e+04 3.151555784632341965e+04 1.922074106034287979e+04 4.698693854842949804e+04 7.617163103845745791e+05 8.232435506517448812e+04
9.954909581121097290e+03 5.933140527470072993e+04 2.506098318797187403e+03 1.918425287263551581e+04 4.571074381624896778e+05 4.343524294533341890e+04
4.979450118647294585e+04 1.300386008665601403e+05 3.407986180492459243e+04 4.223057927002214274e+04 6.241896059121278813e+05 8.220328513245875365e+04
7.357533711772596689e+03 1.965999618277730406e+04 4.230522305563836198e+03 7.140451690233362569e+03 1.872959881143568200e+05 1.862257841149824162e+04
4.854973896542065631e+04 1.027470075588964246e+05 2.800008739448137203e+04 5.066053227349602821e+04 5.944264506095432444e+05 8.004224744180381822e+04
2.166431377743911071e+04 4.158725321649492980e+04 8.572308933407550285e+03 2.681523944969131117e+04 3.381618289907876751e+05 4.062283144274595543e+04
2.159760565831531130e+04 7.076236976792851056e+04 2.581843824301882705e+04 5.567661182687972541e+03 2.867324503034646623e+05 3.643380108574147016e+04
1.452493581926902698e+04 6.104563337686393425e+03 8.282339083369883156e+03 2.321797061478942851e+04 5.113445284803762333e+05 4.876400387494206370e+04
5.784898403998817230e+03 1.176287370703634224e+03 5.367714995998503582e+03 1.235217936516294321e+04 3.404501816340942169e+05 3.085612610018070336e+04
3.409794155428463273e+04 9.752757012337591732e+04 1.800447632265517313e+04 3.364802011369180400e+04 4.060335422238972387e+05 5.511106646450393600e+04
3.458615653086803650e+04 7.887516994528667419e+04 2.696709937260021616e+04 3.109878555176777809e+04 3.811867817939269589e+05 5.522804261085385951e+04
1.050262301015632111e+05 4.220944170252057957e+05 7.875469599933206337e+04 6.653006889747121022e+04 8.296821370348051423e+05 1.407196691596432065e+05
1.090554773482623023e+04 1.066844995033814666e+04 3.970946573325874397e+03 1.539955517327744747e+04 3.526939034259027103e+05 3.292507699388165929e+04
1.785868372038622329e+04 2.699390751895233916e+04 1.102158824864324015e+04 3.235640018746092755e+04 5.982123274574087700e+05 6.095322933579902019e+04
5.555470307273772050e+04 4.239666635441981489e+05 3.024518628219014499e+04 3.291873464685010549e+04 8.477655372260275763e+05 1.059183644410863344e+05
4.879920879001946560e+03 5.508306471787439477e+03 2.221807326706422828e+03 2.056942663857267689e+04 4.754377580276991939e+05 4.250919951565059455e+04
5.019097763970468804e+03 7.902716230909636579e+03 5.941509129318826126e+03 7.869170005478928033e+03 3.059271292230111430e+05 2.708709987291618017e+04
6.720662304499518359e+04 2.106207837219793582e+05 2.765127017614362558e+04 6.977212387769247289e+04 8.772740632103659445e+05 1.128947637548320490e+05
2.792286720483817044e+04 1.531321928646255401e+05 1.397262310583644103e+04 2.113260667703355284e+04 4.975071961541327182e+05 5.661707907058643468e+04
5.180861796548611164e+04 2.486125558773408120e+05 3.683347270977538574e+04 3.009531212553056685e+04 4.875157739095378784e+05 7.457641293124076037e+04
5.547787062130758386e+03 6.817873042181829987e+03 3.577067024526405021e+03 2.296653331768924909e+04 3.276158857719115913e+05 3.429971227187335899e+04
1.288837051624075830e+05 1.214263269663115498e+05 8.412745317449604045e+04 1.487266706534239638e+05 1.507981962099627359e+06 2.109512756814335880e+05
4.077716814140931092e+04 1.774581449663331441e+05 3.177100408695355509e+04 2.088702126808939283e+04 3.173873393338032765e+05 5.326730664865381550e+04
4.075184016137398430e+04 1.512237813969069393e+05 2.862583846003799408e+04 2.857178794740729791e+04 5.148802691284536268e+05 6.737182740576313518e+04
1.804981163384469983e+04 1.739069278489345743e+04 1.582793819542176971e+04 1.878055286068138230e+04 4.832288190352998790e+05 4.867756559177362215e+04
2.243813603394647726e+04 1.534362411672826856e+05 1.158935275957042541e+04 1.342649489680176339e+04 6.124651120643082540e+05 5.985217388187965116e+04
2.684637259691849977e+03 9.255730105224914723e+02 2.781450828575456399e+03 5.956269717466731890e+03 2.694267619259325438e+05 2.205969194923922259e+04
7.782268999173156044e+04 2.849203565277634189e+05 5.056102607661954244e+04 6.274333236831908289e+04 8.315139032355644740e+05 1.201904425897123147e+05
1.664997262711353542e+05 6.452591183909227839e+05 1.036077207805854850e+05 1.320375298704519228e+05 1.273066119585891953e+06 2.219170444549246458e+05
8.423375569862584598e+03 1.818690480618619767e+04 3.416992477768628760e+03 1.262115012585765180e+04 2.732288626307568047e+05 2.645709306880183794e+04
1.894386967302695848e+04 1.932371584873564279e+04 1.572044525197466828e+04 2.575578911618115308e+04 2.823167517526444281e+05 3.836768182438829535e+04
1.796650707355928316e+05 7.038068939134505345e+05 1.119288017007369053e+05 1.468183100750474259e+05 1.485654078516507056e+06 2.493828131037849234e+05
9.885156053558250278e+03 1.366369972256936853e+04 4.425534033612585517e+03 1.417471243929916454e+04 2.684729722890843987e+05 2.705070457825113408e+04
9.477286208792074831e+03 2.486123785945176678e+03 3.026439819652389815e+03 1.360104960843704248e+04 2.757574643007169943e+05 2.612515098395404857e+04
2.409370249882041753e+04 1.358924757681894407e+05 8.523572688141142862e+03 2.215415840135295366e+04 4.623102938407641486e+05 5.150979351630459860e+04
5.383135646639297920e+04 1.999855328873871185e+05 3.395557517572220240e+04 4.206191317295419867e+04 5.445907954093104927e+05 8.018006539445088129e+04
2.114376454768638359e+04 5.751826042978294026e+03 9.558914150205639089e+03 3.061608914246576751e+04 4.944345008155895630e+05 5.150481185521734005e+04
2.926753149919986390e+04 1.222724635882215662e+05 1.028760801065151281e+04 3.408511399342386721e+04 6.311305886768408818e+05 6.834620023819836206e+04
3.496539244814351605e+03 2.175636784308846927e+03 2.569087118020588150e+03 3.529344365163081420e+03 1.427167218896435224e+05 1.241010721616863884e+04
7.973517189464033436e+03 1.485471276728928024e+04 2.568315520929272679e+03 1.204721735473815716e+04 2.766923430696889409e+05 2.589982057808600075e+04
3.152615659020856037e+04 5.089055401507897477e+04 1.348757580484484424e+04 4.463126168925454840e+04 4.641774064016773482e+05 5.973384989047313138e+04
2.108191089750812898e+04 1.284874502326184884e+05 1.008206514282837816e+04 1.604518218450301538e+04 4.975889284686109750e+05 5.142574275479335483e+04
2.737038406840694734e+04 1.260493048615444277e+05 2.165742848966348538e+04 1.507512099500030126e+04 4.319735863491229829e+05 5.144318047139019473e+04
1.040146434440297890e+04 2.703265161637439087e+04 5.151559042627211966e+03 1.062878110391184237e+04 2.674595763950955006e+05 2.635349823476578968e+04
3.120206615166187476e+04 1.129227909302105691e+05 9.251315279798163829e+03 3.723334190017472429e+04 7.327134859253101749e+05 7.569292467847146327e+04
5.126888949224758107e+03 9.738272967294045884e+03 1.597904681215107757e+03 6.705820934558002591e+03 1.952226139001987467e+05 1.733345865655824309e+04
1.340802588737298538e+04 1.273845731467917176e+04 4.364718775044853828e+03 1.886767338436313730e+04 3.307853064251265605e+05 3.329189644866664457e+04
1.761307757557861623e+04 8.462040169786845217e+04 1.533776922195930638e+04 6.834197253083494616e+03 2.813544939650886809e+05 3.281231438655680540e+04
4.542726708854956814e+04 8.851454900970574818e+04 1.634423626588885418e+04 5.975356996937743679e+04 7.596335046086984221e+05 8.953696005973334832e+04
4.681947421358380780e+03 4.864487389018590329e+04 1.593858864193291993e+03 6.747720529623757102e+03 2.293722135568162194e+05 2.157233349417007048e+04
4.860285753015327828e+03 3.189138820239981578e+04 2.487840833108507923e+03 9.888419473974900029e+03 3.145212707155438256e+05 2.827615146795843248e+04
3.401081927311402251e+04 7.856308778051836998e+04 2.080234853692883553e+04 4.475536386181089620e+04 4.812772041822031606e+05 6.546239379023449146e+04
3.865194440962678073e+03 2.790818097665151072e+04 2.603004973521209649e+03 4.888327031990553223e+03 1.487499207577137277e+05 1.471806743464723513e+04
1.534556913723960133e+04 4.418243623658305296e+04 1.282591922527582392e+04 1.413486567300292336e+04 2.426331429735962301e+05 3.042581006079497456e+04
3.226293093481759570e+03 8.804103348427554010e+03 2.916474610820749604e+03 6.836544646848889897e+03 2.535756181859502685e+05 2.183956923140372237e+04
2.497034132041954217e+04 1.886575148087017851e+03 1.176756962154515168e+04 4.491681024196466751e+04 6.545173549186168239e+05 6.949936688593652798e+04
9.774342549003136810e+04 5.133612115005807718e+05 5.248803439033370523e+04 7.258896372011807398e+04 1.141029594737078063e+06 1.575924875861488981e+05
1.527877604762170085e+04 2.110819586896524015e+03 7.874114607553197857e+03 2.349165664625040881e+04 4.128763196868133964e+05 4.189127138323054533e+04
1.276761908068568482e+04 9.695867304750205949e+04 2.966331558496991420e+03 8.741043385215965827e+03 2.788449705779832439e+05 2.878302775039122935e+04
2.628292063924251124e+04 2.760962093843822004e+03 8.723349122501185775e+03 5.191447676656976546e+04 7.785433900707241846e+05 7.973647720326176204e+04
6.655066156494314782e+03 1.754589491732284296e+04 3.380468350041426220e+03 1.033536429208284790e+04 2.770153282749263453e+05 2.563071732922989395e+04
1.748167431803084401e+04 3.568246595979016274e+04 1.034141515044110747e+04 3.817108057035713864e+04 5.609865023519744864e+05 6.121536616263995529e+04
9.919024587730882558e+03 3.914030646644502849e+04 6.446407367041956604e+03 8.511164365743421513e+03 3.493912369394772104e+05 3.206381503940765106e+04
3.176812448150443288e+03 3.041334079161498494e+02 1.711020953354541462e+03 5.297156286715659917e+03 1.414093390486553835e+05 1.265906250830496901e+04
3.350100063451754977e+04 9.387653045994392596e+04 2.738734153992967913e+04 2.080209862830541169e+04 3.817868073510397226e+05 5.153571341100976861e+04
2.411831665665468245e+04 1.158436032372006157e+05 1.673496467726768969e+04 1.358181468745301936e+04 3.387363998197990586e+05 4.186994155557321938e+04
3.018002184075594414e+04 5.201726921281574505e+03 1.278418495864188299e+04 6.493226246224086208e+04 9.242354046731919516e+05 9.729340565637983673e+04
3.817497928559218417e+04 1.345226265583075874e+05 1.449764735889118856e+04 4.398340007727692137e+04 6.244537786295632832e+05 7.479388688264114899e+04
1.563835676779885398e+04 4.014053303642757237e+04 9.713718927944177267e+03 2.485734880204478759e+04 4.045284900135231437e+05 4.462177227908526402e+04
1.057502080520789968e+04 1.128540153222160916e+04 6.621055021253934683e+03 1.444295045556399782e+04 1.904185202414374799e+05 2.275088398105373926e+04
2.987044330444846491e+04 1.090262333869310241e+05 2.161432471385504687e+04 3.222224702530366267e+04 4.730514956373215537e+05 6.109896735820042522e+04
4.379772096695424989e+04 1.677521688651835575e+04 2.297254195626786895e+04 5.751354767988048116e+04 6.659987849283990217e+05 8.153450523503623845e+04
2.383559677457291400e+04 1.226859689221770095e+05 9.887027432086848421e+03 2.163531464020070780e+04 4.427135414095264277e+05 4.989152473064873629e+04
3.134916352769441346e+03 1.268857437585185863e+02 1.824037920334102637e+03 6.411031103244000406e+03 2.774873286911161849e+05 2.235523916362075397e+04
2.145790918516434613e+04 9.174489396280914661e+04 1.658959386834215184e+04 1.114113351474308001e+04 2.963389787313743145e+05 3.665979566591895127e+04
2.289658645154615442e+04 1.505773208332066679e+04 1.175460617536082646e+04 3.119588987295583502e+04 5.302523933412955375e+05 5.558299571549825487e+04
2.384447444191733666e+04 4.250840692450015922e+04 7.583744799604926811e+03 3.838956153001562052e+04 5.868280007770479424e+05 6.220115068949764827e+04
2.719961123001623127e+04 8.463353902904110146e+04 1.701595878563036604e+04 2.206566041384935670e+04 3.961551802872463013e+05 4.814527124700273271e+04
4.322864070760697359e+04 2.433894902663429384e+05 1.477454246706898994e+04 3.658144124253637710e+04 4.779828254171040026e+05 6.710048545922909398e+04
1.233706089007569426e+04 8.265843032957783726e+04 4.432421651708913487e+03 1.224948735660619241e+04 3.267581617773986072e+05 3.351665879181373748e+04
1.397836958917337870e+04 7.917037263789604185e+04 5.891116722292850682e+03 1.582009458598795027e+04 5.113612006613071426e+05 4.800381373416906717e+04
1.578396728071526013e+04 5.538445762890784681e+04 7.180157591478138784e+03 2.207403482233046088e+04 3.919000043341999408e+05 4.217578295351297129e+04
1.300525837506608368e+05 3.712201592844409752e+05 1.001626285823581420e+05 1.011469775804350793e+05 9.280845747729752911e+05 1.697031634722661402e+05
3.846797837177998008e+04 2.531879307522450836e+04 1.299218453698560370e+04 6.529634742187157099e+04 8.073161419966993853e+05 9.067899292919629079e+04
6.615183399922137323e+04 1.018419147875051203e+04 3.028347280322602455e+04 1.091360402611380996e+05 1.175053300479237223e+06 1.419417081024733779e+05
3.208884054867133455e+04 9.325312057357207232e+04 2.589968000209044476e+04 2.253228736966761426e+04 4.256192434233482345e+05 5.459407831506216462e+04
1.550818651769920143e+04 9.013069927082574395e+02 8.145345422305459579e+03 2.647364675585636724e+04 4.380790167977705132e+05 4.499188802891899104e+04
3.541311648945991328e+04 2.396405140140926596e+04 1.819907640145676851e+04 4.827630731154933892e+04 6.554754259396503912e+05 7.494765650774713140e+04
2.377177229201185764e+04 6.970384024065545418e+03 1.290993436403200940e+04 3.221407136122810698e+04 4.364266566864875495e+05 4.983066804189215327e+04
1.522348232257361997e+04 9.012014084446353763e+02 7.061821948523419451e+03 2.489064021747508377e+04 3.809801775793340057e+05 3.996853818210183817e+04
1.950313875998606454e+04 1.284944636007056397e+05 9.716343348304491883e+03 1.144775167460147532e+04 3.837115652424224536e+05 4.153020529727775283e+04
2.368379256664861168e+04 5.086188146698931087e+04 1.076486137282726668e+04 2.830621516535293995e+04 3.918648404836228583e+05 4.631307863205848116e+04
2.018649704292765455e+04 5.411864259841978492e+04 9.518703091000916174e+03 2.380497258875288026e+04 4.844900239605261595e+05 5.013154055918116501e+04
7.443517966823784809e+04 3.104073629428549320e+05 6.163211757939434756e+04 3.975476094348532206e+04 6.065634140163055854e+05 1.006987817896069173e+05
8.910762370899223242e+03 1.558166304961527430e+03 5.665005880126053853e+03 1.062115584211406167e+04 2.816507672438136069e+05 2.626561112051222517e+04
4.308553639882675634e+04 2.962258658580439806e+04 1.871062680249939149e+04 6.771277329658063536e+04 9.892437288627441740e+05 1.066860867184967647e+05
2.639789057072421201e+04 6.002723311506801110e+04 1.559403276479556735e+04 2.541129100927941181e+04 4.504680791689767502e+05 5.148088154294814012e+04
8.155297192389090196e+04 2.981071180929923430e+05 5.939378397975124972e+04 5.104073307652182848e+04 7.850513375046730507e+05 1.162337089933083334e+05
1.486074983131764166e+05 4.416886952421667520e+05 9.187251512146192545e+04 1.398949659597294230e+05 1.315429953332875622e+06 2.131895309751243331e+05
1.057921322102379963e+04 2.665891451420386602e+03 2.515993589491904004e+03 2.304939930414101036e+04 3.885644632958881557e+05 3.777373991034118808e+04
1.483949179421097506e+04 3.716250102833928395e+04 1.306125027127558496e+03 4.111647048337549495e+04 7.789425402862092014e+05 7.338509983872095472e+04
6.074469509407733312e+03 4.889199218679625483e+04 1.597060112586982541e+03 1.298834078425407824e+04 3.197457533555566333e+05 3.048633216616262507e+04
3.185502086171233896e+04 1.410660185145356227e+05 1.965709727285046392e+04 2.403309981933591916e+04 5.994346123604258755e+05 6.663778454905321996e+04
1.570126483413610231e+03 9.982535723073951885e+02 2.321858384620028573e+03 2.964028567151931838e+03 1.394077949713476410e+05 1.176709963218864323e+04
5.041365256496275106e+04 1.558993256024417060e+05 4.176843563539755269e+04 3.146857000294790123e+04 5.084017919753319584e+05 7.414284818842490495e+04
1.051314898860074027e+04 2.235136612720337507e+04 4.910959307149139022e+03 1.341537545282190695e+04 3.523111142335737241e+05 3.298531889900460374e+04
9.680239685224934874e+03 1.949570785381216865e+03 2.959101456535297075e+03 2.126127586648052966e+04 3.398622358400040539e+05 3.384506737008687196e+04
5.746923999580495547e+03 1.755705713008752718e+04 1.851959936388634787e+03 1.115042467221700099e+04 3.774965330454016221e+05 3.209923411258131091e+04
4.670983055890534888e+04 1.588850587812332378e+05 2.386450633202377867e+04 5.165776312261690327e+04 8.013825777559835697e+05 9.540743405746799544e+04
7.268529224142986095e+03 1.191536123649630827e+04 1.725246322143850875e+03 1.127433700727085852e+04 2.330102272855396441e+05 2.210344584443361236e+04
1.767019938331459707e+04 5.654983870433826087e+04 1.640396858459440045e+04 9.409086423626466058e+03 3.592652685163822025e+05 3.828780122106806812e+04
4.608046252515651759e+03 1.072426567439833525e+04 2.573566540121641083e+03 5.362415479436795977e+03 2.284041374607516918e+05 1.942714040707519962e+04
3.550718895419479395e+02 1.849981755000809699e+03 2.267693979339136661e+02 9.542347023969815609e+02 7.172411764420162945e+04 5.444902957511887507e+03
3.522859928743248020e+04 1.684813145701941976e+05 1.432753695849136420e+04 3.126939604898518155e+04 5.217050439683131990e+05 6.374065492162126611e+04
5.211927178480583825e+04 3.140678861264298903e+05 3.279300751658021181e+04 2.592007995424687761e+04 4.075372763848982868e+05 6.880553854993972345e+04
1.545648996787824581e+04 5.191833063060408676e+03 6.114052695913333991e+03 2.974797610568110031e+04 4.637341450831028633e+05 4.753464044975736761e+04
3.299489393789092719e+04 9.331905507011932787e+04 2.588533354009538743e+04 2.311660685084624129e+04 4.257533077821156476e+05 5.486439247886394878e+04
2.033285531319057918e+04 1.514030566060125129e+05 7.277407067828468826e+03 1.271804157226691314e+04 3.791603107187987189e+05 4.188043777111998497e+04
3.130244186752506266e+03 1.419283069273009460e+03 3.356889381267080807e+03 3.916175731826028368e+03 1.855714903239687555e+05 1.576961148221051735e+04
7.887210187923472404e+03 4.196826061618851236e+04 7.397321016867339495e+03 9.835467130390306920e+03 3.511779763262914494e+05 3.333264723256316211e+04
6.957230803868168732e+04 1.996296566792640369e+05 5.456691774278053344e+04 4.763102635377866682e+04 6.813892429977961583e+05 1.007669666668835707e+05
9.680778372663879054e+03 2.024588201896660030e+04 2.191875391070197566e+03 1.501246680335022393e+04 3.333312250679130084e+05 3.115459954535206634e+04
1.015992847480031342e+05 1.879231335147735081e+05 7.331139471148099983e+04 9.764856852787760727e+04 1.172026056889352854e+06 1.638854255936021800e+05
2.687316685101752228e+04 1.026946072904884495e+05 1.271168187565837252e+04 2.688593002382627674e+04 6.036817276134619024e+05 6.332107549629678397e+04
1.578065393348665384e+05 6.822339194461456500e+05 1.114555256961219711e+05 1.013557953791475738e+05 1.133693472145754611e+06 2.038814051614972996e+05
1.792501503390095195e+03 5.855757379505601421e+03 8.140756844655878695e+02 4.174714936899929853e+03 1.749314443887378729e+05 1.429418595452102818e+04
3.033091249836091083e+04 7.961643499782514118e+04 1.150012254118431520e+04 3.587554154045191535e+04 5.267205975731451763e+05 6.054564983057392965e+04
6.936443277579313872e+03 4.533130916326761508e+03 1.549122373364781197e+03 1.530235538683231243e+04 3.800573522395289619e+05 3.337404128787072113e+04
1.100578500532557337e+04 2.467588455634323691e+04 6.226133607087151177e+03 1.336912546980270781e+04 2.093610465757941129e+05 2.403159283490748203e+04
9.756680837134845206e+03 4.447305597348543961e+04 2.153945560281766575e+03 1.088411771553004837e+04 2.786103863986726501e+05 2.678954074361394305e+04
4.276398311401392129e+04 2.115253337149814761e+05 3.154498584188150198e+04 2.172252472318787113e+04 3.409009865842013387e+05 5.681456233963858540e+04
4.667472535495556076e+04 7.886071215104461589e+04 3.214009833279402301e+04 4.560124549555381236e+04 6.720460210672569228e+05 8.357817633930317243e+04
2.071359461112162899e+04 2.142826391297540249e+04 1.100891280347830070e+04 2.886684711881794283e+04 4.406332927437917679e+05 4.849580229445374425e+04
4.879189117111895939e+03 2.709866366217754330e+04 3.043663730007928734e+03 3.633850942819562988e+03 2.136314789614463807e+05 1.866463378283059137e+04
1.183121265814692742e+04 1.149389885938294810e+03 6.006672576027304785e+03 2.100586558692801918e+04 4.707136836207695305e+05 4.380476493031691643e+04
2.337837414331683703e+03 1.510152591361101076e+04 1.069002743611472624e+03 8.043019315975598147e+03 2.683997256147710723e+05 2.289730910574048539e+04
7.323027618960959444e+02 4.845986390130610744e+02 6.468362326122627337e+02 4.055463896608160212e+03 1.429585629877121246e+05 1.175196375598335362e+04
5.544892323066683457e+04 2.395876630697755609e+05 4.082397809234238957e+04 3.447234668277941819e+04 5.021957108315947698e+05 7.881677038253510545e+04
1.002145032651117799e+04 6.134176541328107305e+03 3.525793205551281972e+03 1.849567398146617779e+04 3.911161720866176765e+05 3.649313898815435823e+04
2.234421748511332044e+04 8.355373939324544335e+04 8.051490118338319007e+03 2.517687091971204791e+04 4.660549027725100750e+05 5.033566949869677046e+04
3.478719785523238897e+03 9.657522766420192056e+03 8.307787345990219592e+02 5.575413712504785508e+03 2.186930543776739214e+05 1.806622795500043867e+04
9.130031119499167835e+04 2.368835199030298681e+05 5.239787561372033815e+04 9.034371654176618904e+04 9.313299039347384823e+05 1.377998299095190596e+05
4.340637218397544348e+04 1.632008532316583733e+05 2.975857011775808496e+04 3.111557499114937673e+04 3.700366678989540669e+05 5.986079748874984216e+04
3.468622231118715717e+04 1.862609125273330719e+05 2.043593286075650030e+04 1.902303323840535086e+04 4.230226164553127019e+05 5.507853915780381067e+04
3.805573546171723865e+04 5.170905251589472027e+04 1.691640866630293385e+04 4.495004529273774824e+04 5.330845709947897121e+05 6.603127686605442432e+04
1.150205779963228088e+04 1.226491064119742987e+04 6.937119265781222566e+03 1.445872824773504362e+04 1.990333115027753520e+05 2.352215447931402377e+04
2.055950863453299826e+04 1.254081106086155778e+05 8.719101436616327192e+03 1.694575832098902538e+04 3.464290105381805333e+05 4.092612069161765976e+04
3.922008434060544005e+03 5.769884375335362165e+03 3.852513580857463694e+03 6.996266283422822198e+03 2.836517924191355705e+05 2.418810742795721308e+04
1.346166325304548809e+04 2.236995510518876017e+03 7.232616898913325713e+03 2.292429784567072784e+04 4.442481218230323866e+05 4.347447774745226343e+04
1.248313650707121815e+04 1.010931022768000730e+04 3.823863910991898592e+03 1.994247152476013798e+04 4.050886739429817535e+05 3.841229314268909366e+04
5.244149946658144472e+03 1.280467501294142676e+04 5.158660482630219121e+03 5.121098102526587354e+03 2.196025832191612280e+05 1.994334851118293227e+04
1.199848702264514759e+04 9.349307431147477473e+03 1.357482077727114120e+04 6.987574174864341330e+03 2.675044095209669904e+05 2.746633128881459561e+04
2.673704945897091602e+04 1.159251036140857032e+05 1.553979609583025194e+04 1.961809223819393083e+04 3.068729285936193191e+05 4.194513617191462981e+04
2.258679093002621448e+04 2.334066096240373736e+04 1.010050151597940567e+04 3.117531800076046420e+04 4.674393326321067289e+05 5.104562578134999785e+04
1.609577173569259758e+05 4.776039896126167150e+05 9.674349906348047080e+04 1.476045393252072972e+05 1.520139878700838191e+06 2.343209854158890666e+05
1.040318457142731313e+04 3.139999424143756642e+03 4.814231731407095140e+03 1.635800439156681387e+04 2.697335639423093526e+05 2.776967421749286950e+04
2.370087567253926245e+05 8.248261898937616497e+05 1.667666864792944689e+05 1.870280845634526631e+05 1.378928939013908152e+06 2.900135658255484886e+05
4.158198192545415804e+04 5.988214214567018644e+04 2.481079362657165620e+04 5.535618300551558059e+04 6.383448394244251540e+05 8.162401255665991630e+04
1.607912304115367442e+04 2.890348757755200495e+04 6.394721474645466515e+03 2.027632816144948811e+04 3.735955891352663166e+05 3.848308774488864583e+04
2.660440939939955933e+04 9.089825381661557913e+03 2.427195398441364159e+04 2.696877283271545457e+04 4.782974368737437180e+05 5.527788927327960846e+04
6.850956013948157306e+03 1.547411102374967186e+03 2.347101008476016887e+03 1.349060193838327905e+04 2.862594879828303237e+05 2.644227753297874733e+04
1.278327692518781405e+05 5.442139603312649997e+05 6.151740306862750731e+04 1.177473660390456498e+05 1.314870918685291661e+06 1.951236417757679883e+05
2.205201793355253812e+03 5.833710790286475003e+02 2.642671910894119264e+03 5.456554505131516635e+03 2.309602635715258948e+05 1.916973318612810908e+04
4.460626139117033017e+04 1.943315768036463123e+05 2.086323040713159571e+04 4.099717846989584359e+04 6.194002299117639195e+05 7.880663759250493604e+04
4.068514351572619944e+03 2.718628226154887670e+03 2.639053888898524292e+03 5.259999525272836763e+03 1.536361015249045158e+05 1.398413853011328320e+04
1.527965149454375023e+04 1.512889204301649006e+05 5.537916037872896595e+03 5.456208927830281937e+03 3.489281964971302659e+05 3.580784175541302102e+04
1.082248666773020705e+04 2.673572900099914477e+04 1.219527530971186570e+04 5.694054636629868583e+03 2.752548532835834194e+05 2.766815324179987510e+04
2.323865307458997449e+03 9.350473390217561246e+03 2.787356798653790975e+03 4.126198846031747962e+03 2.114750142348830123e+05 1.775369524970083876e+04
1.310801802987078008e+04 1.469233502820345711e+04 8.305655163375460688e+03 1.969979187744329465e+04 3.267691073441292392e+05 3.519357908651293837e+04
1.051019058064982164e+04 2.462502239084961911e+04 1.091316082737489705e+04 5.439222157499093555e+03 2.776695272536081611e+05 2.705821125340375511e+04
8.711781280882734791e+03 9.002028957897580767e+03 3.623826746885189550e+03 1.443291480404417780e+04 2.523935508238753246e+05 2.550973844317035037e+04
9.844600096307937929e+04 3.155755990338493721e+05 4.311543984448684205e+04 1.015237058722717920e+05 1.235492969752934994e+06 1.632046516253087029e+05
2.986528625209015445e+04 1.295131731559142208e+05 1.934446330304442381e+04 1.767885239817472029e+04 3.499764660701839603e+05 4.627973244780639652e+04
2.604797073059181457e+03 5.837914886364183076e+03 1.803486352493073582e+03 2.741063728243653259e+03 1.539074715532679111e+05 1.265748590479019185e+04
2.077829180228169935e+04 5.240406004539411515e+04 7.218090636645261839e+03 2.523977443645279709e+04 4.091144886278198101e+05 4.463402396550012054e+04
2.222210949105814871e+04 9.878959042192299967e+04 1.847909607241579943e+04 1.123874395063933480e+04 3.384362635459013400e+05 4.069843012279392133e+04
5.829891244962359451e+03 2.113983259570525206e+03 3.929413627157749943e+03 1.201948351723940505e+04 3.830553770887218416e+05 3.299765406236871786e+04
1.073332886885237167e+04 4.351685345673015036e+03 4.390295000758249444e+03 1.644424674796538602e+04 2.937815082380549866e+05 2.930331816194369094e+04
3.728548355713254568e+04 1.339992054492764000e+05 2.714584340152001823e+04 2.453580731357882905e+04 3.736209716073643649e+05 5.455564441677938885e+04
1.474146571577751274e+04 5.069166245778447046e+04 9.666429558065026868e+03 1.144169651857331337e+04 2.992674608763298020e+05 3.197721980773085670e+04
1.352642385153195646e+05 5.830575720613903832e+05 8.268120751227610162e+04 9.653159872673296195e+04 1.048141987863959745e+06 1.786352061272021965e+05
7.333034921172723443e+03 5.676017381547849254e+03 4.721873715085907861e+03 1.000050388358609234e+04 2.324994850404361205e+05 2.247621547724956326e+04
3.732415871493676968e+04 1.562704427806500171e+05 2.257517353042606192e+04 3.275677333166202880e+04 6.719777142391083762e+05 7.747183658962573099e+04
1.126573666291053996e+04 6.798369788668263936e+03 5.714439030565347821e+03 1.668460031594852626e+04 3.063060378042077064e+05 3.094625748292349454e+04
3.121817803920047027e+03 7.172156907805848277e+03 2.442847272739868458e+03 3.834383007095121229e+03 2.071342942626358417e+05 1.707350750674705341e+04
9.648956182270427234e+03 6.092220461259644253e+03 5.079820611526868561e+03 1.187435431923535907e+04 2.947716054790802300e+05 2.768683298321710754e+04
2.506619921900402915e+04 4.157932158708249335e+04 1.196302446914094799e+04 2.940298689349200504e+04 4.320649969784876448e+05 4.957015066608922643e+04
4.664075504853558232e+04 3.336870459535045666e+05 1.833645764946035706e+04 3.131052790165325132e+04 6.996840593625657493e+05 8.563128073130939447e+04
6.427856269359454927e+03 7.554546207280668568e+02 5.582495382913824869e+03 7.670079662723062938e+03 2.036369184317405452e+05 1.960872276661609067e+04
1.057205517840241082e+05 2.801430002379321959e+05 7.531204097796336282e+04 8.822713838921535353e+04 8.872362722391383722e+05 1.458951086758483434e+05
4.514412866961283726e+04 9.107959285477649246e+03 2.001060032933168986e+04 8.154857663464421057e+04 9.201854663955724100e+05 1.078430805021161650e+05
3.710147547624057188e+04 1.732161757692038955e+05 1.904353698641418305e+04 3.037663075282510908e+04 6.308014383730560075e+05 7.294197874422790483e+04
7.416650333907040476e+03 2.363588021273826598e+04 4.799024815199643854e+03 7.400073596732662736e+03 2.552961803735475114e+05 2.375540762951117358e+04
1.423482512867991318e+04 1.524526011602774452e+04 7.762880115178248161e+03 1.962125729817754109e+04 4.438353945622055908e+05 4.282526951458973053e+04
1.772645201590217084e+03 5.703208777310032929e+03 1.356809360704968185e+03 1.216325915951328170e+03 1.131710115392340667e+05 9.028887058569536748e+03
6.086322672199795534e+02 9.973776839266724892e+02 5.949493918348839543e+02 2.221933555668866575e+03 1.122874050473863317e+05 8.862942475298836143e+03
1.946834678103205442e+04 1.671625661594614794e+05 1.103430261515993334e+04 6.651371606851587785e+03 3.306969467768697650e+05 3.827675739665608853e+04
2.640680478724193563e+03 2.429389496823915397e+04 8.647573586657199485e+02 2.953751715412852718e+03 1.319615344177198713e+05 1.178596627505748984e+04
1.373670340097390726e+04 6.075805805129124201e+04 4.846094957863605487e+03 1.593332402848920174e+04 4.047192662901412696e+05 3.952093578924723988e+04
3.825838886633643415e+04 2.287420105837947049e+05 2.300358662299618663e+04 2.193369531181129787e+04 4.750199232877130853e+05 6.310050886227599403e+04
4.315577672704336874e+04 9.783540018385242729e+04 3.240034634158393965e+04 3.374504295688934508e+04 4.623067173357387073e+05 6.516092010100328480e+04
1.447976499078728375e+04 1.023053765960202581e+05 6.581932086598145361e+03 9.553293671968633134e+03 2.182992457627323456e+05 2.690117593024584130e+04
5.284505664078215887e+03 3.313654695905626340e+03 2.038141836390280787e+03 9.862380160427514056e+03 2.840440845448517939e+05 2.460683987403600622e+04
7.732206970013301179e+04 2.528280040267980949e+05 6.187172425976807426e+04 5.020169339691878849e+04 6.228778871829534182e+05 1.037747469363245618e+05
2.569953166248246816e+03 2.270125960459240378e+04 4.778598143912998921e+02 5.137016160424495865e+03 2.013770307160644443e+05 1.719648395252817863e+04
6.357149781262000033e+03 1.658143940543985445e+04 8.970753240418607675e+02 1.409858044252547188e+04 2.653186753482829663e+05 2.542740322371182992e+04
5.442630834107237752e+04 1.294297745530100474e+04 2.036085051698916868e+04 8.678999642583033710e+04 9.466318906047901837e+05 1.123326534915535012e+05
3.260724613869682435e+04 1.311610039964022581e+05 1.317558883227399019e+04 3.605724018423756934e+04 6.043966369052415248e+05 6.912454687148523226e+04
3.670958948863648402e+04 1.087403976204084756e+05 1.740784425688200645e+04 3.591680726878471614e+04 7.119269615193777718e+05 7.700876150281434820e+04
1.603305119456623106e+04 1.092980245756586664e+05 3.916999744203867067e+03 1.861443339367428780e+04 5.836060625937459990e+05 5.476598867811018135e+04
3.689765190561684449e+03 1.061394412206651941e+04 2.641188994898525380e+03 4.443808513505422525e+03 1.985799644234149018e+05 1.702949298993971024e+04
3.843128886937556672e+03 9.900914373372623231e+03 3.195653208698659000e+03 5.293061167939797997e+03 1.433248558374065324e+05 1.390082142100489727e+04
3.709601425960124470e+04 6.623762076315630111e+04 1.639839112709551409e+04 4.674715716102460283e+04 5.776500126868820516e+05 7.033680142071521550e+04
1.479226750393142538e+04 4.844612612049921154e+04 6.948567189757317465e+03 1.514413969618285410e+04 3.816903960674370173e+05 3.791241621387519990e+04
6.664938943591343559e+03 1.090551633383989065e+04 6.588807266006016107e+03 4.272934195145571721e+03 1.959138948146047478e+05 1.848909087997154711e+04
1.447635803832015517e+04 6.011782759331002308e+04 6.919621280000244042e+03 1.451493274260474755e+04 3.915887929945792421e+05 3.885860469509709947e+04
4.574567729156323367e+03 8.440075302471766918e+03 3.557651486901487260e+03 5.594558120631839301e+03 1.965633544466395106e+05 1.770173437448083860e+04
1.153033552613282518e+04 1.835868683717506428e+04 5.115277319345802425e+03 2.682065307520154238e+04 4.632861456460244372e+05 4.640165341353515396e+04
3.164336138025402306e+03 3.580537154399445967e+02 2.019011967025535114e+03 3.597077483722428951e+03 1.050180036678389879e+05 9.578086318630210371e+03
8.763837288970340524e+03 3.655937711791109905e+04 3.841647337447635437e+03 7.528487230883146367e+03 2.444509486326692277e+05 2.331066770457195889e+04
1.401410188655783895e+04 7.889836050585399789e+04 4.934377221435469437e+03 2.382540516413610385e+04 5.317885807618312538e+05 5.257172817018198839e+04
8.670985451149451546e+04 6.139562201186163584e+05 4.962262631962472369e+04 3.637409248512722115e+04 9.154348290956467390e+05 1.297847006158588047e+05
5.932041573983046692e+04 2.245871873762849136e+05 3.637769079099621013e+04 4.568824226448270929e+04 4.960461100038716686e+05 8.081596509124133445e+04
1.036307331341259305e+04 4.248667492663457961e+04 6.655205748505026349e+03 1.103439389158271479e+04 1.544574971920975950e+05 2.034917602587981310e+04
1.244156103277861439e+04 6.101944650248671678e+04 5.420770359061585623e+03 8.962985143796067860e+03 2.076325011160202848e+05 2.337375337444755860e+04
2.441156197521400463e+04 1.440267051574523502e+05 6.402609910176920494e+03 2.228313510710918854e+04 5.171392993162187631e+05 5.474399204925766389e+04
9.423164281858176400e+04 5.065284233799891081e+05 6.109225535419734661e+04 5.364717030291458650e+04 6.464696401067840634e+05 1.191345385170705122e+05
1.414093255782344022e+04 1.227520866883622148e+04 1.373348500800980219e+04 1.116923695332186799e+04 4.379727140088027809e+05 4.103598638514208142e+04
5.601871024590954221e+03 3.434355897356580954e+03 5.320094712062250437e+03 6.361513552416480707e+03 2.658739890654822229e+05 2.322246385363248555e+04
1.006871803361224738e+04 3.963495307093984593e+04 5.036127647090735991e+03 1.702827630654632958e+04 4.811364179748359602e+05 4.419276091359704151e+04
2.810331374201902145e+04 1.300849592416852684e+05 1.434459682989851353e+04 2.344082612484301353e+04 3.097246555336448364e+05 4.405080275682986394e+04
9.770182242241398853e+02 7.633012610251957994e+02 9.452740979101884022e+02 2.557184970358648570e+03 1.317500153085456404e+05 1.046302429993909391e+04
8.204920709308520600e+04 1.404228197753073182e+05 4.091763658958549058e+04 9.113829718260002846e+04 1.098253587136340095e+06 1.396652901255104807e+05
2.721187617361575030e+04 1.222943953853856328e+04 1.078710866119960156e+04 4.360960363016984047e+04 4.631134030637657270e+05 5.612353797800670873e+04
3.323268428142287303e+04 5.606928547836038342e+04 1.837652584461373408e+04 4.193781953024058021e+04 4.151213219701327034e+05 5.758018174901312887e+04
8.179811560747327349e+03 2.612875012443213564e+04 3.123522654451477138e+03 1.033640777009227713e+04 3.365372528371761437e+05 2.994845433225279339e+04
1.135484446014254900e+04 6.834568797510070908e+03 7.222818116930985525e+03 1.529138951928818642e+04 3.615583596434541396e+05 3.468454910577798000e+04
1.067039427917446483e+04 1.942475886370864100e+04 2.815931394509607799e+03 1.484780436178454693e+04 3.282253499863522593e+05 3.096512139487766399e+04
7.774064153339012591e+03 6.425873441563933739e+04 1.905773238675177481e+03 9.731101147718558423e+03 3.714363066024663858e+05 3.338345111139690562e+04
4.398708154367107636e+04 2.009671300983044202e+05 1.931252145501826817e+04 4.193489803457642847e+04 6.036984607815901982e+05 7.783435090131107427e+04
4.317462324257974251e+04 1.775574294596405816e+05 2.536918958005392051e+04 3.694122419066762086e+04 7.366606826692002360e+05 8.597209286335340585e+04
1.354088255181464192e+05 4.471174093729365268e+05 9.935574536606560287e+04 1.009483651033482747e+05 9.736484091880037449e+05 1.760849071274629387e+05
5.802317867519506399e+04 2.422965652174924908e+05 2.994183478157478021e+04 4.680837340170305833e+04 7.008443802825998282e+05 9.319883428496119450e+04
1.455879766658492190e+04 3.113475730040382041e+04 1.273456778039490200e+04 1.347797829838134749e+04 2.149827177657798165e+05 2.758414606651964277e+04
2.363319029913459963e+04 9.329434777925717935e+04 1.532848582826543679e+04 1.697885156830160486e+04 2.675946465047899401e+05 3.689919392448152939e+04
9.933153364814561792e+04 1.509262216472133587e+05 4.648498722893767990e+04 1.184726252021660475e+05 1.129362588401631918e+06 1.570374278402750788e+05
4.721410999175755569e+04 5.191461889829757274e+04 2.429370754324338850e+04 5.901069645659552043e+04 8.823784155567137059e+05 9.907304481705473154e+04
1.021024626887850900e+05 3.116094351991717704e+05 7.063899900354890269e+04 8.699363147221853433e+04 1.111368036024318775e+06 1.599545747953301179e+05
2.692170900478177282e+04 3.360562427378806024e+04 1.524340141296866204e+04 4.144868516651363461e+04 5.856361019701283658e+05 6.636579394766820769e+04
6.518056108282544301e+03 4.702325032463070238e+04 3.836584616522582110e+03 4.600362998132782195e+03 2.560834564351344015e+05 2.328450116698880811e+04
2.808045132981726420e+04 8.818520744208707765e+04 2.033062481482886506e+04 2.244428646943291096e+04 4.808805015431744396e+05 5.561968030041462771e+04
1.608864795353197223e+03 5.512937986117707624e+03 5.435929190034734120e+02 5.383541279017336819e+03 1.870641455240519426e+05 1.552327692105072674e+04
1.958686037412637597e+04 1.314920815460937738e+05 1.429727091328977622e+04 6.033196527102847540e+03 2.129774385074051097e+05 2.972139169008223325e+04
8.182638366975373174e+03 1.888296232614810287e+04 6.387195313693369826e+03 1.027564096706187593e+04 3.477471556403518189e+05 3.172340687951583823e+04
9.935324002704599479e+03 1.099500639170391514e+04 8.716206493456056705e+03 1.567635382062800272e+04 3.049774148767117877e+05 3.190261460424278630e+04
4.483210417632869394e+03 4.707757940326819153e+03 2.524108307658735612e+03 7.862255402355890510e+03 2.251387221744417620e+05 2.001892759411235602e+04
3.971971485713387665e+03 2.472627075595351562e+04 2.249770283938798912e+03 7.317149431936612928e+03 3.100858139768043184e+05 2.635803753361021882e+04
3.614131152726671189e+03 3.307449137690511179e+03 1.990240544895792254e+03 8.499332608207152589e+03 2.490610127930840536e+05 2.161658858571585733e+04
5.185762031681183544e+02 3.606830744987264552e+02 2.495193604191464090e+02 2.380564902891788279e+03 9.310141653617301199e+04 7.463823098556686091e+03
3.828947347302458365e+04 1.355433449500610877e+05 4.200101957783792022e+04 1.254633700485170448e+04 5.929490945508365985e+05 7.036635534663317958e+04
3.845222808386530232e+04 2.032317697851656412e+05 1.752248493183654864e+04 3.255734735244208423e+04 7.271323928077939199e+05 8.123647018137844861e+04
4.979232587202497598e+03 1.786301870879383932e+04 3.022884383419067035e+03 4.986401666846267290e+03 2.001474179029260704e+05 1.790343980545793602e+04
3.330943574749564868e+04 8.019320104695530608e+04 1.862655199643544620e+04 3.439651308860844438e+04 4.970401692275539390e+05 6.098119375519966707e+04
2.206196549714887806e+04 1.612466321294297086e+04 1.008006040891493103e+04 3.506770920586535794e+04 5.161723733054837212e+05 5.571766433808839793e+04
4.476525210875134690e+03 7.737150726863799264e+02 1.804014249036463980e+03 8.129203701249497499e+03 2.648156106512753759e+05 2.230324208336574156e+04
6.608179734633328735e+03 3.897051454501232001e+03 1.766795203547954088e+03 1.567387745043717587e+04 4.315899589131905814e+05 3.707046678802659153e+04
4.632368856635581324e+03 2.043724234972118575e+04 2.972204859342504278e+03 7.947269378264738407e+03 2.866131659204270691e+05 2.516345090226253160e+04
2.337079394597020291e+04 8.290253046960775464e+03 1.011902035753482778e+04 3.176896575266271248e+04 4.229509920261953957e+05 4.758520655248756520e+04
7.907404736820093376e+02 2.456072101019643014e+03 6.186992156484061525e+02 2.451395566469233472e+03 1.101473421707068483e+05 8.905164300963691858e+03
3.937059381955168192e+03 1.053968909977917428e+04 1.477540490813578117e+03 1.593522748519825655e+04 5.044167451095929136e+05 4.229087543354782247e+04
8.220159380043229248e+03 2.276202721919291434e+04 2.931336733486818048e+03 1.277794275470529101e+04 2.971216995360879228e+05 2.815199578716191172e+04
1.987292992624859107e+04 6.496315533304669225e+04 1.152962590224080850e+04 1.602270095456819217e+04 3.492943305227076635e+05 3.892269561582263850e+04
1.384605395351675361e+04 2.140671804478897684e+04 7.938072638313450625e+03 1.575228507248771894e+04 3.184314824650197988e+05 3.302151023915418045e+04
1.425995958521016109e+04 3.743005389759549143e+04 5.550574300237357420e+03 1.721414535211989278e+04 3.756842508656432037e+05 3.729682802475582139e+04
1.135193162063841737e+04 1.611878116751415973e+03 6.020582594959651033e+03 2.245242228041216003e+04 3.287007907301852247e+05 3.493602196651158738e+04
6.265958289647441234e+03 1.424472351445909453e+03 3.356443576432933696e+03 1.229026003516225319e+04 2.906270500873023993e+05 2.662229334648502845e+04
3.048972541562773768e+04 3.057127698601598240e+04 1.376893910038745526e+04 4.190792139381768357e+04 6.131026880324155791e+05 6.763511089207307668e+04
8.336754417847450895e+03 3.082760581081546115e+04 2.938059354662228088e+03 1.119906733368932510e+04 3.187263117687901831e+05 2.929308929840568089e+04
4.445149904122867156e+04 5.861039142566091869e+03 1.653439035585084275e+04 7.503291754398262128e+04 8.251533816324637737e+05 9.684581441827645176e+04
1.356712806663195988e+04 1.508355563833954329e+04 3.166991627154282924e+03 2.818879997596869725e+04 5.694188432506066747e+05 5.315684502126624284e+04
9.428714516480076418e+04 5.195852752193195047e+05 6.061258148294452258e+04 5.179275676463980926e+04 7.545355722204945050e+05 1.260036407608658628e+05
8.241275852740242044e+03 9.805837754756226786e+03 8.517056886531256168e+03 8.047616766342316623e+03 3.494285137967891642e+05 3.129810659997082621e+04
2.032792279833510111e+04 1.184089950149300130e+05 1.601204774415729844e+04 1.040129060211963224e+04 3.761331182785201236e+05 4.276232494476628926e+04
8.711255018456855032e+04 4.730844889164544293e+05 4.786956075116957800e+04 5.861508113484201021e+04 9.462762234159933869e+05 1.341911740907923959e+05
4.505764889305536053e+04 1.678743822108883178e+05 2.812645078733329137e+04 3.465364612632958597e+04 5.213985886940198834e+05 7.116882228477809986e+04
2.836928919340021821e+03 1.038710272658005488e+04 1.363928782516185947e+03 3.625473605979826061e+03 1.868108123745027988e+05 1.530603718965427834e+04
7.354032014295519912e+04 4.173608432158013457e+05 5.382232285763069376e+04 2.979899459323413976e+04 7.625605417430751259e+05 1.086137606907991867e+05
1.087282206771099482e+04 3.356944799252723169e+04 7.014558689228511867e+03 1.335423650845461998e+04 4.341562208498619148e+05 3.992435111697674438e+04
3.761557664079021779e+05 1.499103177225729451e+06 2.549364239019414235e+05 2.762781504996510921e+05 2.122359010810103267e+06 4.517402068052826799e+05
1.812948328556996057e+04 8.421536731903988402e+04 7.785700159056881603e+03 2.016102917795382018e+04 6.032077565945645329e+05 5.721058663252508995e+04
1.346492392240373556e+04 2.402173042937531864e+04 7.424902972584523923e+03 1.687953848066467981e+04 3.166481828509948682e+05 3.331944176588230766e+04
1.187377325809901049e+04 5.518956250018486026e+04 1.144356294814971989e+04 4.798065387953675781e+03 3.512057689849984599e+05 3.345504313759117213e+04
1.282404828068571987e+04 7.268133355701156688e+03 2.003362613718312559e+03 2.719723452912200082e+04 4.339085562695403933e+05 4.270584233460635005e+04
4.892784680076464610e+03 2.164497130512868353e+03 2.754988080507849645e+03 1.039828255042768797e+04 2.683034798591738800e+05 2.404263008723172607e+04
2.358263971863950064e+04 1.367228261914683098e+05 1.217952484400704270e+04 2.229916107650394770e+04 5.373304409558356274e+05 5.823829032796346291e+04
2.365410685024915438e+04 4.981068404884431948e+04 1.953595438669084251e+04 2.830542699410079877e+04 3.831127149041820667e+05 4.945313870797464915e+04
8.976885110026856637e+03 6.997637187424006697e+03 4.262865694864894976e+03 1.436119589785648532e+04 3.144915501645921031e+05 2.983031312526263355e+04
3.382813183083539479e+04 2.911976056393457111e+04 1.898344502968989036e+04 4.354150955156532291e+04 5.311073800472920993e+05 6.503490733888475370e+04
7.197590040596001927e+03 3.250854465212852915e+02 2.454821931503593532e+03 1.263233109491992582e+04 2.151221361183882400e+05 2.125547856232473350e+04
1.410599752985397063e+05 6.089549174808278913e+05 9.657832898955141718e+04 9.082725754474010319e+04 8.230512730420042062e+05 1.681883183215788740e+05
1.273113692909875681e+04 4.006067184741781239e+04 8.616401878397624387e+03 1.000979927910036349e+04 2.423769849089081108e+05 2.652472267705401100e+04
2.035447074678322315e+04 4.281348730666389019e+04 7.919824810032394453e+03 2.497975898156893891e+04 5.658725096720643342e+05 5.488797211756203615e+04
1.071800200623708515e+05 5.371680391470922768e+04 5.874610267725000449e+04 1.408790556594618829e+05 1.722436661210923456e+06 2.075356105209953093e+05
1.141350331302870654e+04 6.529370269001094130e+04 6.079884137991796706e+03 7.043467711242556106e+03 2.195974517572224431e+05 2.380612641484151027e+04
1.720839296491908317e+04 7.040754855820324156e+04 9.110793689752048522e+03 1.542670256171869914e+04 5.222705376051127096e+05 4.951412608687870670e+04
6.073555348804110690e+04 1.098941322995139490e+05 4.478129400764829188e+04 6.828564680755377049e+04 7.271754161813457031e+05 1.045283825289049128e+05
7.162023000595204394e+03 7.810688748969319931e+03 5.144106833848180031e+03 8.799761313599194182e+03 2.444727304354282096e+05 2.302619956443947740e+04
3.706788983253941115e+04 1.268870703800861811e+05 2.746887708146128716e+04 2.502805533024126635e+04 3.693890488526898553e+05 5.428099740911302797e+04
4.496906778789359123e+03 1.427598063097506156e+03 4.403572164560326200e+03 8.241311238614094691e+03 3.649751557837066939e+05 3.024360405140964576e+04
3.852430320986778679e+04 3.663171708810250857e+04 1.958955858858635111e+04 5.405944096857377735e+04 6.688074849611583631e+05 7.968551321407879004e+04
2.463481907814883471e+03 1.277839910560638782e+04 1.876484928801677597e+03 2.336005670845825534e+03 1.034267292406032357e+05 9.453839055300151813e+03
2.114057653062497775e+04 9.139630859719913860e+04 1.778942245899998670e+04 9.283801611510340081e+03 3.012925578735520830e+05 3.665309911270417797e+04
6.167478302914865344e+04 2.917091697144195787e+05 4.468042883762044949e+04 3.204025122401788758e+04 5.231698717586294515e+05 8.336873922571697040e+04
1.795283323641265270e+03 5.563615131178378761e+03 4.150964494612294970e+02 5.564659546017981484e+03 2.226955092702002730e+05 1.794884071055524691e+04
5.031407761469329853e+04 1.986476967471954995e+05 2.895675403003258180e+04 3.758694397383933392e+04 5.242548767217305722e+05 7.456767062544489454e+04
7.622913882734360413e+03 6.873750962847922892e+03 3.200158981390231929e+03 1.043769312159096626e+04 2.328063614676132274e+05 2.209781163569853379e+04
4.904246125229540667e+03 1.698666816062153521e+04 2.012762885137589137e+03 5.322453091207143189e+03 2.138777789752842218e+05 1.850009232636733941e+04
4.600648821737326216e+03 5.486340429929946367e+03 1.468385261908057373e+03 9.100482210103054967e+03 2.991747703528212151e+05 2.514187932777361129e+04
4.109462262065250252e+04 2.514086175678417021e+03 1.831379690210873014e+04 7.874943929287689389e+04 9.865881795156244189e+05 1.099858977454338019e+05
1.389572439384367499e+04 5.214489431625121506e+04 1.986680823474265935e+03 3.182151478922180831e+04 6.160192167712050723e+05 5.925850280204406590e+04
1.548778712526824711e+04 2.384715099622942580e+04 1.214219978383164744e+04 1.546101237638191378e+04 4.798474092110223719e+05 4.567963892243510782e+04
4.699150389171417191e+04 1.292521390182334435e+05 2.801842946695889623e+04 4.400382701609509240e+04 4.737705718331611133e+05 7.023609668862949184e+04
7.849356281233199297e+03 3.831878730854755122e+04 3.972351849918068183e+03 5.787819799180854716e+03 2.383568352926323132e+05 2.225706503822841842e+04
3.426286548025820230e+04 4.758791278893801064e+04 1.335321025541683048e+04 4.651542168381462398e+04 5.993841708966849837e+05 6.945847651427058736e+04
2.162551134291453764e+03 8.275736844587079759e+03 4.812102242351800783e+02 6.701804599732397037e+03 2.601490198343946540e+05 2.114482130998890716e+04
1.327853601877935034e+03 1.716696262225344071e+03 8.853327416995837211e+02 5.306309001021148106e+03 1.515242027011373721e+05 1.305746328726551837e+04
8.122843096733224229e+03 1.706673939464849809e+03 6.598415619903947118e+03 9.805275759375312191e+03 2.090628631579724315e+05 2.142417674473103398e+04
2.424092178412916383e+03 5.076467771915340563e+03 2.449581784848630832e+03 6.805039408549198015e+03 2.228442627079754020e+05 1.937266098971564134e+04
1.919506850101607779e+04 9.870524160923683667e+03 1.261061308870642279e+04 2.614223973790242962e+04 5.904873353749160888e+05 5.746158588892150146e+04
2.715901928308250717e+04 4.786128028526351045e+03 1.335738551497909248e+04 3.905248730787574459e+04 5.184066391808644985e+05 5.852165755127391458e+04
9.915187939731142251e+04 3.461591464735422051e+05 8.885620059107040288e+04 5.019454834262962686e+04 9.327710808239128673e+05 1.408646762493021670e+05
3.633860903618415705e+03 2.582799426368104832e+04 3.337649732393542763e+02 6.909639722293371051e+03 2.591322642065055261e+05 2.197519698997359956e+04
1.070146901194763450e+04 4.604623035541360150e+04 3.788033132201333046e+03 9.952509193334615702e+03 2.674558533746285830e+05 2.640029176627576089e+04
5.171596878796483907e+03 8.777363317559842471e+03 2.841876869202487796e+03 1.676734199040181920e+04 2.846330695539633161e+05 2.838554348582305465e+04
7.218148293745463889e+03 4.463185495340570924e+04 2.942249066088657401e+03 8.922007432744838297e+03 3.477169261398665840e+05 3.089806590605397651e+04
3.078340449986105086e+05 1.191444294238404138e+06 2.501402130689111655e+05 1.749941806293607515e+05 1.819153579669827130e+06 3.682597317905910313e+05
1.115579682941421925e+04 1.656599523206593585e+04 8.840406761923983140e+03 1.110007028803377762e+04 3.567293370371899218e+05 3.364325566207625525e+04
4.130086007630795393e+03 1.438006148909050580e+03 2.772498000013406909e+03 6.275261536667569089e+03 1.906697325843598810e+05 1.692826104738747745e+04
2.921019760784208484e+04 1.129196318754663116e+04 1.172886408572592154e+04 4.928468918763120746e+04 8.492398190633143531e+05 8.502002026823279448e+04
4.198713611398020475e+03 1.985654457458228080e+03 1.599351259532368204e+03 1.292264411241377093e+04 2.598412450732944708e+05 2.410791329872115602e+04
3.808772907848053001e+04 1.513760367857639503e+05 2.827056277824419885e+04 2.397913461936050226e+04 3.405919166884488659e+05 5.342692039064750861e+04
2.787072717021911740e+04 3.205592908671712848e+03 1.197231951209168074e+04 4.501744672487342905e+04 6.814375215674875071e+05 7.150903132388666563e+04
5.305156620503690647e+04 1.396978515150373569e+05 4.653934869840479951e+04 3.731444640893313044e+04 5.876016265732687898e+05 8.336835624731674034e+04
1.469035535927956516e+04 1.258927822449915084e+03 5.445122810256065350e+03 4.016526415564144554e+04 6.053940408016337315e+05 6.129021960482902796e+04
1.567116784423355239e+04 6.613269520958990324e+04 4.346744572649329712e+03 1.815192742980083131e+04 3.424970251785790315e+05 3.638974078353161894e+04
5.803340085704031480e+03 3.840382496944185550e+04 5.253675962441390084e+02 8.066597137662314708e+03 2.550135034314504010e+05 2.292607559936074176e+04
1.478406005031404675e+04 8.970086061126871755e+02 8.715070260183323626e+03 2.754851898530612743e+04 6.105213549410426058e+05 5.732171546945447335e+04
3.068734680972513161e+04 7.259713951162793091e+04 9.961092635467928631e+03 4.238889145677909983e+04 5.141406974233952933e+05 6.163405031857893482e+04
4.579560396501328069e+04 2.274606234900229319e+05 1.884699139001628282e+04 3.968456792064406181e+04 7.856308803833881393e+05 9.016348948291505803e+04
1.319875025847740972e+03 5.245806766978186715e+03 1.487177024037462729e+02 4.037384868201903373e+03 1.199672448994459992e+05 1.021821689997099566e+04
5.088824980463513639e+05 2.041993151424704818e+06 3.701863393486664281e+05 3.464742650333950878e+05 2.542564844165557064e+06 5.882849205351867713e+05
2.389942267875872858e+03 4.180019979273488389e+03 1.336307934134280231e+03 4.820772077747865296e+03 2.282652211487168679e+05 1.831575475135829402e+04
1.288846115313757218e+04 2.213973565601909741e+03 7.682616704431312428e+03 1.769069441687930521e+04 3.126532588951988146e+05 3.244976093297038824e+04
1.902708975702207317e+04 9.292606989392330433e+03 5.095224732413986203e+03 3.811661383883262897e+04 6.099480817390213488e+05 6.091676228259865456e+04
3.049163461189507143e+04 4.855814011102436780e+04 1.904421158082893089e+04 3.297523803018783656e+04 5.814924669591212878e+05 6.463374253928070539e+04
1.738947462618325881e+04 5.704760985053195327e+03 7.000780454476040177e+03 3.068506011613527880e+04 4.555393100169462850e+05 4.781482370066252770e+04
8.655675130154688304e+03 1.001204203187490020e+04 5.752341516547370702e+03 1.891389417194751150e+04 4.363149698747523944e+05 4.087398064992971922e+04
1.052039916209114745e+04 1.976595148640656771e+04 6.009015816176204680e+03 1.482717892928712899e+04 2.810576718729107524e+05 2.917668616556723646e+04
3.602348703843325438e+03 1.090895485800019924e+04 2.391700681313407586e+03 2.960378206625807252e+03 1.282390683101917821e+05 1.153465450507710921e+04
9.827303858544199102e+03 1.658179331562938751e+04 4.697850428325160465e+03 1.280814018176796344e+04 3.222656308328373125e+05 3.031259030198509936e+04
1.993618375971000569e+04 2.615317862745056846e+04 1.433800002458974632e+04 2.249628162189483555e+04 4.116355058815106750e+05 4.533362765910669259e+04
7.983434626338679664e+03 2.215895249447516471e+04 9.549480589957340271e+03 3.451228457402491131e+03 1.904487560131422069e+05 1.958297673991067495e+04
6.179098875770158884e+03 1.203088295159041809e+04 4.072381947236100586e+03 5.184262055374227202e+03 1.787518831304755295e+05 1.671774968932820411e+04
1.950275856985942664e+04 8.391940704551323506e+03 9.037719924505359813e+03 3.159462431150405610e+04 4.611840413899779087e+05 4.961680979956707597e+04
7.374442626110055244e+03 1.446069817088520540e+04 5.073453313102159882e+03 6.335946082565148572e+03 2.327470346982769843e+05 2.142196838062208553e+04
2.188475128457602477e+04 6.867790244472713675e+04 1.648689718568072931e+04 2.260467694769480659e+04 2.722387957441957551e+05 3.903701405522474670e+04
2.341941044610686367e+04 1.447485595973537613e+02 1.157727485953298128e+04 3.401820648208730563e+04 4.316888199347431073e+05 4.941563668561438681e+04
3.829992012146434263e+03 5.986029814245612215e+03 3.449117803401421497e+03 5.635395848913723967e+03 1.755798956562786479e+05 1.614066812452259728e+04
2.893047624434433237e+04 1.005766336683425907e+05 1.889396943605282650e+04 2.117371127577082007e+04 3.636591946313029039e+05 4.715459749156089674e+04
3.726447289259874378e+04 2.951012690380829736e+05 1.660138387378174957e+04 1.726043831831924399e+04 4.965719093362532440e+05 6.295994409998581978e+04
1.936484699175476999e+04 1.081156696432126337e+05 4.337197360865240626e+03 1.964315850901181693e+04 4.989059361946275458e+05 4.965691310398214409e+04
4.755741323998888402e+04 3.027672567540827440e+05 2.407081420112777778e+04 2.838891271591133773e+04 5.990021054579156917e+05 7.848068026563008607e+04
6.483870782516987674e+04 6.702164021762608900e+04 3.296710697042647371e+04 8.678182805103053397e+04 1.068407946722714929e+06 1.286293096723686613e+05
7.659938631389685725e+03 1.379610245734325645e+03 3.041875452329261861e+03 1.379888902447214241e+04 3.519946921898121946e+05 3.129420802044809898e+04
2.705519254095902943e+04 1.810247156459262478e+05 6.107500488307495289e+03 3.654170313408276706e+04 6.414254489881768823e+05 7.125406370053160936e+04
4.914320143889563769e+04 3.451548343579799403e+05 3.099967415146336498e+04 1.894213119507787997e+04 5.884433552490693983e+05 7.858274539988237666e+04
6.455486599761163961e+04 1.074097675762201397e+05 3.390683578674759337e+04 7.469733480315293127e+04 6.838226126680922462e+05 9.970103009203457623e+04
1.154074920961103089e+04 7.216493444658687622e+03 1.302287355958652734e+04 6.452957634483462243e+03 2.522170295215483347e+05 2.585291304323899385e+04
1.743834252362880579e+04 7.926388053411080909e+04 1.318161313885503660e+04 8.888411520046865917e+03 2.578691904788924730e+05 3.096710080982494765e+04
1.144403272542049854e+04 1.217962970205476449e+04 7.149087766363080846e+03 1.473527549413009910e+04 3.467393868874275940e+05 3.366901188535661640e+04
3.811614388755901018e+04 1.155288278057782300e+05 3.144921314815312871e+04 2.484616001064530792e+04 5.182264453135261429e+05 6.536343793046957580e+04
1.700028380328546700e+04 9.964816355271737848e+04 1.104631339434766414e+04 8.747990027182175254e+03 2.397670866648890951e+05 2.977401881624300222e+04
3.493763114715475967e+04 6.923317318600384169e+04 2.760592042494477937e+04 2.809208576357039055e+04 5.878960100366800325e+05 6.757001786234324391e+04
7.193315484181771353e+03 4.316505988661559240e+04 5.855009563695844918e+03 5.800517065062287656e+03 3.214139768655952066e+05 2.890053544326739939e+04
8.877457242369517189e+03 4.230783272677230684e+02 5.405925294816376663e+03 2.575627323142805835e+04 5.483981016203560866e+05 5.088293825368028774e+04
2.188693907962989761e+04 7.746300299370827815e+03 1.837893027731112670e+04 2.142390339303547080e+04 4.979692894884226262e+05 5.148685075387598772e+04
8.557417633044971444e+04 1.701568859090090264e+05 4.647317606706994411e+04 9.403732085606757028e+04 1.026290211862489232e+06 1.400018647550599417e+05
2.217318305812643302e+04 7.706318877250696823e+04 1.337463703514828740e+04 1.681235312440228154e+04 4.103878460296135163e+05 4.478285650072278077e+04
7.987440563932555960e+03 1.068823241518613486e+03 2.792866489106353129e+03 1.815468175083242022e+04 3.763895511072162772e+05 3.478189499868684652e+04
1.810198530632363327e+04 6.485480336373024329e+04 8.534176938833268650e+03 1.854616425955882369e+04 3.556571186325973831e+05 3.919506970128728426e+04
7.186328326481292606e+03 1.359279303299198091e+03 3.646729728528537180e+03 1.511852397686012773e+04 2.963971901306377258e+05 2.841119790825031669e+04
1.834266074286573712e+04 3.201131682633185846e+03 1.008057566621880505e+04 2.590919759917454940e+04 4.134954444492686307e+05 4.403119767986710212e+04
3.863258487445891660e+04 6.637257578702685714e+04 3.007547056743010035e+04 3.252099424310066024e+04 5.171598965726543101e+05 6.573808220896197599e+04
4.896888987083468237e+03 4.625777700721036126e+03 2.764090795234130383e+03 8.418591383686172776e+03 2.016709754734922608e+05 1.879145971283209656e+04
3.436502208567862399e+05 1.292961695113917813e+06 2.429198642380685196e+05 2.655400870728782029e+05 1.885131107228897745e+06 4.155504054672771599e+05
2.532618977912533228e+04 8.184717563690943643e+04 2.289890073483000015e+04 1.416167966618827995e+04 4.317393825645907782e+05 4.936280015841957356e+04
5.307582366727862245e+04 1.646686541986984084e+05 4.051316831427387660e+04 3.983083384317786113e+04 5.102376081951083615e+05 7.794031183100830822e+04
2.502804745586588615e+04 7.860795367397216069e+03 1.254674247985836519e+04 3.603961733150918735e+04 4.152784218648156384e+05 5.002557945013794961e+04
3.416028644758003793e+04 1.079833697962619335e+05 2.674121214567975403e+04 2.104300637297375943e+04 4.202561348151959828e+05 5.465143502117116441e+04
4.546421696066663571e+04 1.488465545871940049e+04 2.403469055968607063e+04 6.721543610441504279e+04 7.969769068468995392e+05 9.509542115579132224e+04
1.669131714996162145e+03 8.571439002195282228e+03 8.877386807630216481e+02 3.249079152830908242e+03 1.353799841319658735e+05 1.138151869807475850e+04
2.689307585031624694e+04 4.087370391470698814e+04 1.162903332664243135e+04 3.616742937803505629e+04 4.427240945991144399e+05 5.316696033999545762e+04
2.707106287983193397e+04 1.515588246348682878e+04 1.579432580141684957e+04 3.548095553465015837e+04 5.522072026047201362e+05 6.074362132164396462e+04
9.904789549562870889e+03 2.104072350977527094e+04 8.370674436281049566e+03 1.191387016749471150e+04 3.826490531727655907e+05 3.577347100084373233e+04
3.627822883010015630e+03 2.099255888809848329e+04 1.157767518313945402e+03 2.163614242789028140e+04 3.809174340767841786e+05 3.694149714976629912e+04
9.567502456702250129e+03 7.829405620535926573e+03 6.216295233181014737e+03 1.104910857562525780e+04 2.555692870519556745e+05 2.525279751006400693e+04
9.950762961464371983e+03 3.156716609346687164e+03 8.353506937564858163e+03 1.901244729529908363e+04 3.362602833501670975e+05 3.497108461604920012e+04
4.558536184739185956e+03 1.726628117951871218e+03 2.377254571816866246e+03 9.811566782415629859e+03 2.368497643451308541e+05 2.147726544199274940e+04
6.834832405045282940e+03 1.529976193626214081e+04 2.931864119226278490e+03 1.168525466806867371e+04 3.178234382079347852e+05 2.868134527336493920e+04
1.209857556002455567e+04 4.503170871493619416e+03 8.244325664339199648e+03 1.500453447212893661e+04 2.643213493876123684e+05 2.833973435468668322e+04
7.147548517898849241e+03 2.439361617973946704e+04 5.757583504108965826e+03 4.633749121053762792e+03 2.251098878166196519e+05 2.092491026969765517e+04
6.031619194792384405e+03 3.964256813510452776e+04 3.237629133379668019e+03 4.126300367717733934e+03 1.753311502157476498e+05 1.701543368219875265e+04
5.708084969006985375e+03 2.310881959061600355e+03 6.580397322464908029e+03 1.094272683203981069e+04 4.051007279500521836e+05 3.514606353347846743e+04
2.525627198033245804e+04 4.002203969513210905e+04 6.436981359883056939e+03 3.758164929091631348e+04 6.952802564249550924e+05 6.851292236346410937e+04
1.996166650275608845e+04 2.020858153518611653e+04 1.035269098401640076e+04 2.839679812897825104e+04 3.710881016530837514e+05 4.326244555817531364e+04
1.511669363751821220e+04 8.958668575579483877e+04 2.781875113698699806e+03 2.017713076609594646e+04 4.782663996777147986e+05 4.692301938380238425e+04
1.296812044864349737e+05 4.923094033017052570e+05 8.156284029023666517e+04 1.040261483622917585e+05 9.081724367564175045e+05 1.676382259756997228e+05
1.517640530909602821e+05 4.919945386089013191e+05 1.110064977247653005e+05 1.173658649469051306e+05 1.419719308089911938e+06 2.207537978375426901e+05
1.450325071154481702e+04 7.295118187764022878e+03 5.355867756927230403e+03 2.777796069199539124e+04 5.024814318373192800e+05 4.902716986387303041e+04
1.087930293957352842e+04 1.047989095536744571e+04 3.210010709574023167e+03 1.647402221883140737e+04 3.596594781266787904e+05 3.354207873454072978e+04
2.236102689242026827e+03 1.779489828904663000e+03 2.048428533322137355e+03 8.855823877525675925e+03 2.656139169313362800e+05 2.284062248255720260e+04
2.903162075713892773e+04 6.332749394675235817e+04 2.262832881341804750e+04 2.817363775334371530e+04 6.208113408016246976e+05 6.738283610268199118e+04
4.184023535650715348e+04 2.347008365146141441e+05 2.754831420742223781e+04 2.258200915603389512e+04 5.471173667225424433e+05 7.049686810970833176e+04
3.836357440314981795e+04 8.698031816763746610e+04 2.037554726444587141e+04 4.089805420371157379e+04 5.562424691397078568e+05 6.899274355521197140e+04
1.251007167856655724e+04 3.041116572132179863e+04 4.881427208664290447e+03 1.415553170676526133e+04 3.810350934961185558e+05 3.563797143894689361e+04
3.874248081032047048e+04 1.116607501691583457e+05 2.375880232658682871e+04 3.526490113377660600e+04 5.209786668101667892e+05 6.675315397143879090e+04
9.465960033893250511e+03 2.108298028102903845e+04 8.822587630010833891e+03 5.586082325710964142e+03 2.438091933008249907e+05 2.377074072224541669e+04
1.731999518201202227e+04 1.789071916552798211e+04 1.551173936376224083e+04 1.338313409425420468e+04 3.456064846962041338e+05 3.686894848026303953e+04
9.424684053296981801e+03 2.125213069627628283e+04 2.227712158763049501e+03 2.433291603725852110e+04 4.089255946132591926e+05 4.051882978270339663e+04
1.955192920423109535e+04 7.059254652776999865e+04 1.358796279688596951e+04 1.294341040213850101e+04 3.142027825219166116e+05 3.633586260520524957e+04
6.822969428324722685e+03 1.041170473741420437e+03 3.800205937251714658e+03 1.624177702257749297e+04 2.574343215568700689e+05 2.634891181655263426e+04
7.059632142817409658e+03 2.547602501762524412e+02 3.655490156584748547e+03 1.144994224018650675e+04 3.242172866711285315e+05 2.857262746285859976e+04
2.636822701795366811e+04 1.027474458507701784e+05 1.183013315327212331e+04 2.537217897603397432e+04 5.417323018518688623e+05 5.809248090184988541e+04
1.006463588511061971e+04 2.640448766759247974e+03 8.524499680351120332e+03 1.279305167266054923e+04 4.278069847381183645e+05 3.836434101485479914e+04
2.939783870348504934e+04 1.255239227231992118e+05 1.807127471561559651e+04 2.115688022412915598e+04 5.409397188690959010e+05 5.995034115570313588e+04
3.034373714686612948e+04 7.729901795490569202e+04 1.977789113068342340e+04 2.715912897942020209e+04 4.169973753438545973e+05 5.267806604062368569e+04
2.138604840921692812e+04 2.025512348233373996e+04 1.747295075476228158e+04 3.382854146342812601e+04 4.065449972122934414e+05 5.117514589097406133e+04
5.383559754718584009e+04 2.189584943152150081e+05 4.404496274765866110e+04 2.930697049609219175e+04 5.854090143786630360e+05 8.244591757647960912e+04
1.947351091158614145e+04 1.212615596842396044e+05 1.074226043925508020e+04 1.015138805693552240e+04 3.606149024240580038e+05 3.947497053062824125e+04
6.987971614605044124e+03 5.241161704716968234e+04 2.203790704767084208e+03 6.269662296318916560e+03 2.392295772498523875e+05 2.246844607415433347e+04
7.534877651601514117e+03 1.865258977095657610e+04 2.173614324062648848e+03 8.939766888292388103e+03 2.604241508157134522e+05 2.341822910288694038e+04
3.804000378616730450e+04 1.944413347273031250e+05 2.775729389406725750e+04 2.122537182377549107e+04 4.488052360778413131e+05 6.136935826570600329e+04
1.464978975709264159e+04 1.027856341504066513e+05 1.157388323233395204e+04 3.533989881982480711e+03 2.422830481536127336e+05 2.796820010081632063e+04
2.512837335525017988e+04 9.769972662689983554e+04 1.514732774012125810e+04 1.932685891117279607e+04 4.407386299644668470e+05 4.974636551899647020e+04
2.408267651839398241e+04 3.077051976153306896e+04 1.906058011253105724e+04 2.361094241081767905e+04 4.840976913875155733e+05 5.297569743357710831e+04
1.916007129541249742e+04 5.628725503216959623e+03 1.517929916605551443e+04 2.222650606185810102e+04 3.187524072151606088e+05 3.831164762267373590e+04
6.678770262146285859e+03 3.522730378627212485e+04 2.244921019897620681e+03 1.549290065539763600e+04 2.827928643794606323e+05 2.873668150291161874e+04
7.782439488433180486e+03 2.832417017959565783e+04 3.648138649231199452e+03 6.833355447017305778e+03 1.643794339748558705e+05 1.711993313111610041e+04
1.381191452878946620e+04 4.856089634905988532e+03 8.497803283302275304e+03 2.612553806075126340e+04 5.326362688958004583e+05 5.154195084827017854e+04
4.808108625164636032e+04 3.743012549487742945e+04 2.256393590730061624e+04 6.205476541793614160e+04 7.881227975921172183e+05 9.264767455424343643e+04
4.393109938124550354e+03 9.579790634170838530e+03 5.772944486555498770e+03 9.884060128295088361e+03 3.202443340760741266e+05 2.897147188700481274e+04
2.484929401200500433e+04 4.719011561043214897e+04 1.983492375481158524e+04 3.159390882616044837e+04 3.780861618019831367e+05 5.060128896583735332e+04
4.230469561425131542e+04 2.032836455604984076e+05 2.770175741962709071e+04 2.419277643654798521e+04 4.177532944419228006e+05 6.103613438140875223e+04
8.490631903739506015e+03 6.086184491726085253e+04 2.555247936085110268e+03 7.441217524944186152e+03 2.418637504057494225e+05 2.374493450888280495e+04
8.457361204821248975e+03 4.230481257826999354e+04 4.034094591480531562e+03 1.084168932092600880e+04 3.170921943039334146e+05 3.006186253189475974e+04
1.445958482932747029e+04 3.510058426039539336e+04 7.627881009471283505e+03 1.709013224819753304e+04 2.969885679031224572e+05 3.272796423084522394e+04
9.647791480569219857e+03 8.898441635273620705e+03 5.578186128328778977e+03 1.767261690164475658e+04 3.852893442810311099e+05 3.675056512239806761e+04
5.301402764872768785e+03 4.521395984619815863e+03 1.104402617157622444e+03 1.469734941695805901e+04 3.900194761170417769e+05 3.357822335108099651e+04
1.700544508822258285e+04 1.700133050810795248e+04 6.391357195740771203e+03 2.398408490099953633e+04 4.505552648597043008e+05 4.474567770918572205e+04
8.434198617993610242e+03 6.096364280528425297e+03 2.507770687314050519e+03 1.416089288404374747e+04 3.011398008840552066e+05 2.804052358811952945e+04
2.258655634421962532e+03 9.269286871250039894e+02 1.357119482323714919e+03 3.734655598858525536e+03 1.792130318983191974e+05 1.437343546329278070e+04
1.690342689327749440e+03 1.110990515389466600e+04 8.148161691471362928e+02 5.109580087373466995e+03 1.975471342916492431e+05 1.649829068019819897e+04
2.036270718042992667e+04 1.294682011166964367e+05 1.185501517640825296e+04 1.016461879585727365e+04 3.357282336672389647e+05 3.869277627660653525e+04
2.301265430468335762e+04 1.767260473673129454e+05 1.231980985294527818e+04 9.780501554937722176e+03 3.209930167797844624e+05 4.006630289921481017e+04
4.597959101116718557e+03 2.665106125360000988e+03 2.669204424891309827e+03 5.438269955426964771e+03 2.032668285790998489e+05 1.741324138022491388e+04
2.448381746025413668e+04 1.349018626094356587e+05 1.463000257038789459e+04 1.752641765823786773e+04 5.570912621822066139e+05 5.837551605899272545e+04
9.641772863251220542e+02 6.589558740446727825e+03 1.177912802436953683e+02 2.931014416634005556e+03 1.280358869122439792e+05 1.031377395841493308e+04
1.320711777603521659e+04 1.380492356176266549e+04 3.297812654588645273e+03 2.402315368624724579e+04 4.308924725382267497e+05 4.194911994656149182e+04
8.144474861347858678e+03 3.401659872791630187e+04 5.126759586457264959e+03 8.488224355510403257e+03 1.961433075293637521e+05 2.092368933425490468e+04
2.208071728534184513e+04 4.732424105417826468e+03 1.186617983779658243e+04 3.587530899235529796e+04 4.630438164125253097e+05 5.271581587605893583e+04
2.264510519374870273e+04 6.179286114422683568e+03 1.105437280397267932e+04 3.726225647392345854e+04 5.175917574809920625e+05 5.673346417362891953e+04
1.876293678307033770e+04 4.038718270927002595e+04 1.443662618413715427e+04 1.583397200016294300e+04 4.682847330025750562e+05 4.687794411008715542e+04
7.262141743323952142e+03 2.260864322262031419e+04 8.171438682031089229e+03 5.614019636741199065e+03 2.580524183234981028e+05 2.453614399287505512e+04
2.943693287971883910e+04 4.956256620583219774e+04 9.051046891175243218e+03 5.337185144709789165e+04 9.556475587562695146e+05 9.476406285104504786e+04
5.609224069908089405e+03 1.817365059869978722e+04 1.871477185797074753e+03 1.233366421144937704e+04 3.739574818192231469e+05 3.243515815633876628e+04
8.575509416611972483e+03 1.658697476400661617e+04 6.447821149480487293e+03 1.164370581861643950e+04 3.230924232751986710e+05 3.059630415923564942e+04
1.525771753597456700e+04 1.155781373405086924e+05 7.736176846068585292e+03 1.498455575195271558e+04 3.638565743155627861e+05 4.030143615526145732e+04
1.613306178133509638e+04 1.270578523765627324e+03 8.213630821883260069e+03 2.895693218903698653e+04 4.297707903953100904e+05 4.560368646310760232e+04
5.007237724512108798e+03 1.024959798840606345e+04 2.580547818394535625e+03 1.993077156736382676e+04 6.000604182098112069e+05 5.099168746762232331e+04
5.063777998607451445e+04 8.004746245808510866e+04 2.626743932341008986e+04 5.626350908765984786e+04 7.426434952799652237e+05 9.067493045249613351e+04
5.385166118172401184e+04 2.436614342287330655e+05 3.778467670975779765e+04 2.962703682022392604e+04 6.340938304051224841e+05 8.438855443155772809e+04
8.971192121764691547e+04 2.351952034236261097e+05 6.096156994073276292e+04 8.002852093323650479e+04 7.038838972721674945e+05 1.214456976705352718e+05
7.172473256009417128e+03 7.979098827568819615e+03 3.384993703980269856e+03 1.353276551730867141e+04 2.975640779983858811e+05 2.798729313485850435e+04
1.329772238751521400e+04 2.724090453120603343e+04 6.803476015251044373e+03 1.353342782365133280e+04 2.731009853822020232e+05 2.876878980013435284e+04
4.348422320982644305e+04 1.653328312101255578e+05 2.937481464075039185e+04 3.125397957831971871e+04 3.723664454957510461e+05 6.002012353402796725e+04
4.850179224935511593e+04 2.442562979530990124e+05 2.093878234344395969e+04 4.349623098251152987e+04 7.592498663718388416e+05 9.184533872611782863e+04
1.236378636532752716e+04 3.873221089353095977e+03 1.444545788157212519e+04 8.553767395916322130e+03 3.620408835714988527e+05 3.463742847552557942e+04
3.165659483172885666e+04 9.225928152134516858e+04 2.423445060964605727e+04 2.441550104772761188e+04 4.564096096035023802e+05 5.674956166646433121e+04
3.237466289118044733e+04 7.933673279890330741e+04 2.349201150217418763e+04 2.600180939423813470e+04 3.814584491333172773e+05 5.146632237528713449e+04
2.566131874742660511e+04 2.175038479943385391e+04 1.462136790321970693e+04 3.578366121688453131e+04 4.941868108588308096e+05 5.679867051616572280e+04
9.323468554527778178e+04 4.183759731799863512e+05 5.513353977945691440e+04 6.248358832444468135e+04 7.404079826478703180e+05 1.225186921551646956e+05
1.270057537376952860e+04 2.186065232832353649e+04 9.709696670438725050e+03 1.114291327762192304e+04 2.871388604730699444e+05 2.961867636846255482e+04
4.712667401031748159e+04 1.551311281436026620e+05 3.070968449308403433e+04 3.542131920244620414e+04 5.273994153216935229e+05 7.240272423116142454e+04
1.900990862881527619e+03 5.555229286357808860e+02 8.576447876132173178e+02 5.908561850556808167e+03 2.224608448844010709e+05 1.803158017987588028e+04
2.596407959792580641e+03 4.907948880849991838e+03 6.282443730822453745e+02 1.091181867540945495e+04 2.315035927106707531e+05 2.101861421626098308e+04
1.415149865819273828e+03 3.318279080135327149e+03 1.469240440408595759e+03 3.558143139621234695e+03 1.006114303027719143e+05 9.173546399306816966e+03
4.793661882860759943e+04 2.246413521350640167e+03 1.857265038989519235e+04 7.698770236011884117e+04 8.993051859075770481e+05 1.034169964933706215e+05
5.445308586040708906e+04 2.067430405436173314e+05 2.787733178466181198e+04 5.480778168624021055e+04 7.836534062720945803e+05 9.973685906796975178e+04
2.500540595473264693e+04 1.674881461089083678e+04 1.510962497738513775e+04 3.585316813721411745e+04 6.240177276060938602e+05 6.552551738053107692e+04
1.223211280956924747e+04 5.703283898832406521e+03 4.508261495257573188e+03 2.026395989911137804e+04 5.020126539329709485e+05 4.515379076988223824e+04
7.860146050136715348e+04 2.649652575373447617e+05 4.578462678875741403e+04 7.703851286035464727e+04 6.902722173716721591e+05 1.141083803044555971e+05
1.953823669479992896e+04 1.024095770867232932e+04 1.330577572703207989e+04 2.467501310276510776e+04 5.006773034529016586e+05 5.107554442951419333e+04
6.309005980432736578e+03 1.228645132169982389e+03 1.772261146577623322e+03 2.876814538347416237e+04 6.047210476977387443e+05 5.450655089039752056e+04
1.780359619557918631e+04 1.637450085869440954e+04 1.184352823898248062e+04 2.044760308027858264e+04 3.639099614428813220e+05 3.963814920583396452e+04
2.662862160612467778e+04 9.555849986154957151e+04 1.845359722039122062e+04 1.911867501085877302e+04 3.067453500817814493e+05 4.195924745876397355e+04
3.739344753993883205e+04 8.804645237637379978e+03 3.359351283694696758e+04 3.807857061780805088e+04 9.541086429836978205e+05 9.630869832410910749e+04
1.215936243607604410e+04 1.553978962858435079e+04 1.198829192772538227e+04 1.254813269112814305e+04 4.072513411234467640e+05 3.900237228246239101e+04
1.719016824915463440e+04 1.599010206930985987e+04 9.456239158989694261e+03 2.074888813103275606e+04 3.879493022159107495e+05 4.034312035374562402e+04
3.281656020895268284e+03 1.695416265306260175e+04 2.728270350849406441e+03 1.049200838037279027e+04 3.070673779839130002e+05 2.741241088421636232e+04
5.734845131870723708e+04 1.618213069586216006e+05 3.503169761737706722e+04 5.545013779777197487e+04 7.353808587466548197e+05 9.764230442569208390e+04
3.817192060943134129e+04 1.912588488687922654e+04 2.074165452099084359e+04 5.325058735385315958e+04 5.586058794043078087e+05 7.153825207045719435e+04
1.775033548042759139e+04 7.378785753765517438e+04 7.545235939429388964e+03 2.227543412031682965e+04 4.798320233817367116e+05 4.924895529198267468e+04
7.277364513513266866e+04 9.327559885560623661e+04 3.529685034104072838e+04 9.156365835038296063e+04 9.649114919258477166e+05 1.261335970543170115e+05
1.044373208624117615e+04 1.487619992678568269e+04 1.548790469636247281e+03 2.229739328126248074e+04 3.509860722263260395e+05 3.509330886261611158e+04
4.910993073487557012e+03 3.754123771487281374e+03 1.244847875535157755e+03 1.034729647579018638e+04 2.401699268192329037e+05 2.155496709819175157e+04
1.265740155136485555e+04 1.366057011052509915e+04 6.014477516239615397e+03 1.818883987935845289e+04 3.815728278762759874e+05 3.715769162499007507e+04
4.868114269009583950e+04 1.700261549819854845e+05 3.342890643464677123e+04 3.515234346515670040e+04 4.298277551109325723e+05 6.762756926343096711e+04
8.069482582220554468e+04 2.101563985816295899e+05 5.186860508321939415e+04 7.322116343880689237e+04 9.937710033893132349e+05 1.327066521080892126e+05
4.634010235735811875e+04 1.748097813905710063e+05 3.027278041906828366e+04 3.643163608889816533e+04 6.035924083007783629e+05 7.876948051596207370e+04
1.246704202073178203e+04 1.013682366157346260e+05 4.492362528292494972e+03 1.236080568243157359e+04 4.420190982309061219e+05 4.227084809869738820e+04
6.089524067621371614e+03 2.047816853582813110e+03 4.276951570484737204e+03 1.047563115030628251e+04 2.285392251174796256e+05 2.205340149264935462e+04
4.174591406319931411e+04 8.999676266004964418e+04 3.074760020523292042e+04 3.764735508746265259e+04 7.046682507909734268e+05 8.212635230203774699e+04
2.210033138525363756e+04 7.340778777635938604e+04 1.986862060193052093e+04 1.200158282881345258e+04 3.080644198566406849e+05 3.834389192374428239e+04
4.075838522120977723e+04 2.622467856466736994e+05 2.150373318459299117e+04 2.226955105509194982e+04 5.770862806869240012e+05 7.112830024021709687e+04
2.784745062908843465e+04 8.329638741169081186e+04 1.977972040322248722e+04 2.205017943225847557e+04 3.381558644730944070e+05 4.536252526022896200e+04
1.340019654508805543e+05 5.070420243863043725e+05 1.038943866046812764e+05 7.825456721502347500e+04 8.298942388643574668e+05 1.610754234613467997e+05
1.992311063724905762e+04 1.075527516519891833e+04 1.316320720027687275e+04 2.872298180102029437e+04 5.565233512530333828e+05 5.662613683005769417e+04
3.973269374978091946e+04 1.984752723739396606e+05 2.134498734355761553e+04 2.863385966663080399e+04 4.415380490751389298e+05 6.166588521607236180e+04
2.293582232957388987e+04 8.547607300736036268e+04 1.778963096940364267e+04 1.440831449417356453e+04 3.461886664776100079e+05 4.169721800339798938e+04
1.132030611834505544e+04 2.755447995516173705e+03 9.717874674281269108e+03 1.589170214525437768e+04 4.076004833926068968e+05 3.892655412394615269e+04
1.224519768731884869e+04 2.706118781912276245e+04 3.652757951093918109e+03 1.827778246994296205e+04 3.164968647696618573e+05 3.246578029930343109e+04
6.809432495703284985e+03 1.613966402039555942e+04 5.882005448394217638e+03 5.664487281259780502e+03 1.539508888265851419e+05 1.625016564504267626e+04
9.848579604889948314e+03 8.876047318200086011e+03 3.665525676219342131e+03 1.866834519363605432e+04 4.053662673115712823e+05 3.772555581336509204e+04
3.001442899743844919e+03 4.885826980986130366e+03 1.406708866502830688e+03 7.552881335876931189e+03 2.586251090654128348e+05 2.165842973483344758e+04
7.753015881068574345e+03 7.628790732082304203e+03 2.183007021175792943e+03 1.619882575749008902e+04 3.677855071111111320e+05 3.338041758289530844e+04
7.717368651835418132e+04 5.478224964268775657e+05 4.170686846288741799e+04 3.939776178602357686e+04 7.203484690383604029e+05 1.113463995324763237e+05
2.057860376330254076e+04 2.310636980074560142e+03 1.413660604923306892e+04 3.429110643437584804e+04 7.636065133281229064e+05 7.307412475902152073e+04
1.465431025293503080e+04 4.874078410396469553e+04 4.515079455647646682e+03 1.707004986499046208e+04 4.523929386434179032e+05 4.250424266154189536e+04
4.556231816819586675e+04 1.382516812712801329e+05 1.445325762208954984e+04 5.950559103543050878e+04 6.975169759811559925e+05 8.689231544954153651e+04
2.962900052137107923e+04 1.255957298548131948e+05 2.056937869571007468e+04 1.847376591629426548e+04 3.113855703609701013e+05 4.437781056467741291e+04
1.538137127269955090e+04 1.386896406551985274e+04 9.021260733014161815e+03 3.341713251702664274e+04 5.557009857000310440e+05 5.706195251744084817e+04
3.335984432243014453e+03 1.609714609449614727e+03 1.156690902753319506e+03 6.100618313556075009e+03 2.181735371697280789e+05 1.801112956463769660e+04
8.053118053235722073e+03 3.547546447924475160e+03 4.622163606059890299e+03 1.160668708413157947e+04 2.360617185884704522e+05 2.329381645846467291e+04
1.994192459427507492e+04 5.229041730458106940e+03 8.011248474491569141e+03 3.007095394152003428e+04 5.424894190824759426e+05 5.379742626868993830e+04
5.124185600168930250e+04 1.445344776437096298e+05 3.561631094071262487e+04 4.310616823848194326e+04 5.930577103245073231e+05 8.188477259281098668e+04
5.532093769407425862e+04 1.323588413818932022e+05 3.127817962712125518e+04 6.066950065421365434e+04 6.256752028659301577e+05 8.954800755791491247e+04
7.842460402131114279e+03 1.820473564866261222e+04 7.447072091777014975e+03 1.287029783883798336e+04 2.793134737035772996e+05 2.871719054083953961e+04
5.536368908194203868e+03 7.336227038692890346e+03 1.869486282974404048e+03 1.355710183627929473e+04 3.280008924888488255e+05 2.936034879550307596e+04
9.065274350905279789e+03 1.717752656585898148e+04 1.041746106998324467e+04 1.321441129195467147e+04 5.275592770154078025e+05 4.679937538818260509e+04
1.121977423858331349e+04 1.987152654870487822e+04 5.429309692767181332e+03 1.312034885232715169e+04 3.695149488816552912e+05 3.410980611868239066e+04
4.849134474101263913e+04 2.081410368637475476e+05 2.491246830655306621e+04 4.212349613425746793e+04 4.996745951271288213e+05 7.369198889162266278e+04
1.041084736453440382e+04 6.461288051509988873e+04 4.691881275736921452e+03 7.234533668352868517e+03 2.340906452677372145e+05 2.423530090353325795e+04
1.364086950368709040e+04 1.994185087867647962e+04 2.502031092478196115e+03 2.708741081660003329e+04 5.500295750379167730e+05 5.130839550443235930e+04
6.739914563705329783e+03 9.090337334635700245e+03 3.559299744637688036e+03 1.075716562744327712e+04 3.251260215447453083e+05 2.871613318255817285e+04
2.836307496821464520e+04 1.100446175656608284e+04 1.687266239749952365e+04 3.644935840527299297e+04 6.152393200914750341e+05 6.568050732749306189e+04
4.214979199806398537e+04 7.309765034985137754e+04 4.320558457294972322e+04 2.375287137601635186e+04 3.742103805473432876e+05 5.815145126977124892e+04
8.536297667484277554e+02 3.410728075332834578e+03 2.715019607408232787e+02 4.444404753140155663e+03 1.269210497988337302e+05 1.083212022898187388e+04
1.019700234855103918e+04 4.543972211413674813e+04 1.060410856712349596e+04 8.145479323554175608e+03 4.055920048934596125e+05 3.778246517312232754e+04
1.023674978989347255e+04 7.722083755692928389e+04 2.664933408674554812e+03 9.006498654121467553e+03 2.622372582214660943e+05 2.667963738860605736e+04
2.153403374713753237e+03 5.284366730345421274e+03 1.834604692859791385e+03 5.195677506619595988e+03 1.536679984229116817e+05 1.373734468571964499e+04
1.756717907505636686e+04 2.416446299423993696e+04 5.990194526651064734e+03 3.003804213270934270e+04 5.962450128535816912e+05 5.746364922292013944e+04
4.792417971710684469e+03 1.198168130714815334e+03 2.576588295371951972e+03 9.163993284281390515e+03 2.638674337944869767e+05 2.306142648027255200e+04
3.439533905680581029e+03 2.485022366601216163e+03 1.895371144957466640e+03 5.398018080511355038e+03 1.890106597192341578e+05 1.609367916942536795e+04
5.873163310706552693e+03 7.498190915299234803e+03 4.205421857997432198e+03 8.003570741363863817e+03 3.408401509125331067e+05 2.872769553359759811e+04
5.912280350087891566e+04 3.611396496226689778e+05 3.347479197919562284e+04 3.630663437521536252e+04 8.555413038743898505e+05 1.062573726327694458e+05
8.109890836625931843e+04 2.556985964376230550e+05 5.260714513377065305e+04 7.168028001561712881e+04 1.101634748155329609e+06 1.418361948226249369e+05
8.418907491954263605e+03 5.792362047536503269e+03 4.140368851142724452e+03 1.980690890115827278e+04 5.281312780487554846e+05 4.654966162925548269e+04
1.555544704217772232e+04 6.770076901550592447e+04 1.226560946758164937e+04 1.563618365150409045e+04 2.989543550427239388e+05 3.581477920479520981e+04
8.802244357986241084e+03 2.208465328136252992e+03 6.233005962090372122e+03 9.595095174791693353e+03 1.872217254894381331e+05 1.972741260430733018e+04
8.411107136050779445e+03 6.485654277843432283e+03 2.842725632418747409e+03 2.103709105350775644e+04 4.941987531396350241e+05 4.429854628450614837e+04
1.725846522063857701e+05 7.281805477032720810e+05 1.144979091874473379e+05 1.275040968828294717e+05 1.249891848298121477e+06 2.271052870980368752e+05
2.271685101440777726e+04 5.897109083107272454e+03 1.007210105420326545e+04 3.566186256793193752e+04 4.507108702585739666e+05 5.107400898835824046e+04
7.044612065053234983e+04 2.777783473607780179e+05 4.121807828046350915e+04 5.647159245600180293e+04 1.011237322248032200e+06 1.250616553700585500e+05
2.291254028305546308e+04 1.230930638732877123e+05 1.193490827692364655e+04 1.792239735434556133e+04 4.330796925638516550e+05 4.846758596308969572e+04
1.023806653309302237e+04 1.079633513803038659e+04 1.233305949871518533e+04 4.571169460286901995e+03 2.383885046937669103e+05 2.395163166109286612e+04
8.059179797321234219e+03 3.876094145071195271e+03 5.976782530305847104e+03 8.210837566979884286e+03 2.404839783517857140e+05 2.265591800111961493e+04
1.212715072620278625e+04 4.108300836676661129e+04 3.538505432646479221e+03 1.708011650398821803e+04 2.744575996746917954e+05 2.974110568871302530e+04
7.720489133633242454e+04 1.529288635789487162e+05 4.054389935004358267e+04 9.367184009534885990e+04 9.684255151234526420e+05 1.325363195946222695e+05
2.227564969161135377e+04 1.496553065495588817e+05 1.343936946327837541e+04 1.076148783650599762e+04 3.346959887763756560e+05 4.057492852695494366e+04
6.675057672406495612e+02 3.107712380332884550e+03 3.527683371560621026e+02 2.358856226173763389e+03 1.213019921898345201e+05 9.531175820831178498e+03
1.236871931995959494e+04 3.138084706145932614e+03 5.085200616459575940e+03 2.463461174488074175e+04 3.567927309924282017e+05 3.748449995356296859e+04
9.801230167302534028e+03 8.702469759595407231e+04 4.770500787259667959e+03 3.046858067825734452e+03 2.163846276595757226e+05 2.229345071811549860e+04
3.995023176336920733e+04 1.191906560099083581e+05 2.215067478976438360e+04 3.925961095655941608e+04 5.755465303336366778e+05 7.190898778850430972e+04
1.686486867699113282e+04 3.445584803622077015e+04 7.459169313553440588e+03 1.934232050647644792e+04 3.422204350272472948e+05 3.668401819538875134e+04
1.553208283075319923e+04 2.771924321673941449e+04 4.602310789011463385e+03 4.016015555995467003e+04 5.500408236289327033e+05 5.851059428265965107e+04
5.416484715032961503e+03 3.543453373630315764e+04 2.498815168788620667e+03 1.567504913714345275e+04 3.806880025752698421e+05 3.552313478073019360e+04
4.159987944324313867e+04 7.866818440419177932e+04 1.827043849789550586e+04 5.572287358407415013e+04 8.433310730244914303e+05 9.368704729698698793e+04
1.611898118786479063e+04 8.195203216268061078e+04 1.315040614672531774e+04 7.355763342849028049e+03 2.256218189210927230e+05 2.822465267726957609e+04
2.563198136452975086e+04 5.954471901784380316e+04 1.232220508285831602e+04 3.193703814199991393e+04 6.314270047625626903e+05 6.516863391562141624e+04
4.770227617425105564e+04 1.397184914143569767e+04 1.789978393206372129e+04 8.012756565521258744e+04 9.255251599819153780e+05 1.068903532100542216e+05
1.196942868795174400e+04 5.492902155711241903e+03 3.810880214786015131e+03 1.946932172082514808e+04 4.339478098040162004e+05 3.990541648144623468e+04
2.220513364702196850e+04 1.531546073273197399e+05 4.353176950166797724e+03 1.725260545436468237e+04 4.454418922760399291e+05 4.721502629644030822e+04
4.964389228823502344e+04 1.159720324762944219e+05 3.407440675887773978e+04 4.331339998209883925e+04 6.295740125062623993e+05 8.235682001407623466e+04
5.472268414099933580e+03 3.145581473001389531e+04 2.475009527728655939e+03 5.627247301612589581e+03 2.707911472154099611e+05 2.338096913604481597e+04
4.547145694348293546e+03 9.269487130592325457e+02 1.837746297490925599e+03 9.740350242752941995e+03 2.422223417932373413e+05 2.153428429608760052e+04
1.499461154419459717e+03 6.726713477140645409e+03 9.163819700679938478e+02 3.752002980215812386e+03 1.735125875982981815e+05 1.409480138747672572e+04
1.313312735071270436e+05 3.060534347284502001e+05 7.800941520957044850e+04 1.338228816271333781e+05 1.405164597808005055e+06 2.037930385412750475e+05
4.783696987242647992e+03 4.489102377889151285e+03 1.360453986909469904e+03 7.674632265355588970e+03 2.137240216102924023e+05 1.865388832506336621e+04
1.562071199004268965e+04 8.457777235658043355e+04 7.933590399753226848e+03 9.422816600434094653e+03 2.593333616702240543e+05 2.930777478531429369e+04
2.228861585410625776e+04 2.127286809213802189e+04 1.385798269619303574e+04 3.222075987821863237e+04 6.443172000579545274e+05 6.493258569150995027e+04
1.260145915130426874e+04 3.870742120665757102e+04 5.145206928834616519e+03 1.642059986672502055e+04 2.968508385995026911e+05 3.152414296779119104e+04
4.617317049824764399e+04 1.373240853145443834e+05 3.748134787003001111e+04 3.210387223542989159e+04 7.094778547233395511e+05 8.518736301569711941e+04
2.583033239735625466e+04 1.002277671735391195e+05 1.022733268984281312e+04 3.039789261914447343e+04 5.774304402799033560e+05 6.195047188015870051e+04
2.668451668658997733e+03 1.343231266331873712e+03 2.358394570161034153e+03 6.775962117386547106e+03 2.300429411414641945e+05 1.961969302532200527e+04
3.734951963377377979e+04 1.909138104513380968e+05 2.144564681353908964e+04 2.572755299445300261e+04 4.670887834489644738e+05 6.173954555691309361e+04
7.131114865161648595e+03 1.988683505690952006e+04 8.176184239450581117e+03 7.942529752290016404e+03 2.622849532655150979e+05 2.574112927607882375e+04
4.863871996994485016e+03 3.303672095872362843e+04 2.324876575278254677e+03 4.166061879757926363e+03 1.959464136430238723e+05 1.769970949301098153e+04
1.406412718850156234e+05 3.727831711448907154e+05 1.014936810036546958e+05 1.149619458303073916e+05 1.205857066219104687e+06 1.952840508489845961e+05
3.492549479427425922e+03 7.431103514009488435e+02 3.760681584867558286e+03 5.731235361121659480e+03 2.464900351303337375e+05 2.082832509061802921e+04
5.722097622588608829e+03 2.336332761668916646e+03 1.722052870099216079e+03 8.772000335989687301e+03 2.669976121970108943e+05 2.278263810561762875e+04
2.847422688146289511e+04 1.381831221596245305e+05 8.152836761621783808e+03 3.851983043599826487e+04 8.829320757307822350e+05 8.715443408094135521e+04
9.505719777447132219e+04 3.804149170951311244e+05 5.909134004081650346e+04 7.751774829269164184e+04 8.258783009145624237e+05 1.348937323728782649e+05
1.524060144916202080e+04 2.343737389944975075e+04 1.629627485970959424e+04 8.150346865449974757e+03 2.442130800776169635e+05 2.829569432813745152e+04
1.279810214923983403e+04 6.422918807838495923e+03 4.890856858898655446e+03 2.022753329543772634e+04 3.566545785407508374e+05 3.556112770229409944e+04
3.991352656042872241e+03 8.933973104605231129e+03 2.013581003423177890e+03 1.020555822698454722e+04 2.871583685127793578e+05 2.523894501477001540e+04
9.018245478157699108e+04 3.041147366758296848e+05 8.018829031891888008e+04 4.578196337561989640e+04 8.159102192317313747e+05 1.251927410797952325e+05
2.643937159176310888e+04 2.550482916205006859e+03 1.330926226234719434e+04 3.556197712507154210e+04 5.738721786358498503e+05 6.054254857812284172e+04
1.763750658568819199e+04 5.603969070295802339e+03 1.313514976943246438e+04 1.870995130491623422e+04 5.752971645353694912e+05 5.309418743300867209e+04
1.937797349946093527e+04 8.639775679314603622e+03 1.525279430602262073e+04 2.286743463721952867e+04 5.570390802841465920e+05 5.480917373074092757e+04
2.565497475070704240e+04 7.388103773262290633e+04 1.525393970098895625e+04 2.442217003660626142e+04 4.556118719901751028e+05 5.191835210811180877e+04
2.845255337644832325e+05 9.330965915859517409e+05 1.822542020254763775e+05 2.398666573203772132e+05 1.914528806731389370e+06 3.619633080779955490e+05
3.210097406438311737e+03 1.107077851634523904e+04 2.165394359759739018e+03 3.005610587770272559e+03 1.408054739968511567e+05 1.231076761782589892e+04
2.421790955487257452e+04 1.299882541773904668e+05 4.086884517222584236e+03 2.909228325565777413e+04 5.952515098436102271e+05 6.138398886126735306e+04
5.912380639236865136e+03 5.897772472796137663e+03 1.061393550649077952e+03 1.755953895328302679e+04 4.126693599537680857e+05 3.644543182984917075e+04
4.280608382514884397e+03 6.543220374806125619e+03 3.406564458969144653e+03 1.080719279878597627e+04 3.465199779386958689e+05 2.998585069411497170e+04
5.616983383308469638e+04 1.392779048461842467e+05 3.431077001947523240e+04 5.143239901899766119e+04 7.580416013734596781e+05 9.592365449567115866e+04
6.726648353040018264e+03 4.901337763895009630e+03 2.819919678640274014e+03 1.148068226760919970e+04 2.831521044181880425e+05 2.569417368307626384e+04
1.573511268784565618e+05 6.740114934230336221e+05 9.336255023437309137e+04 1.282127031290612213e+05 1.217260488340034615e+06 2.134399540356667421e+05
2.775725355642643990e+04 7.600568311383904074e+04 2.120538572422689685e+04 3.261066758003094583e+04 8.259008839973513968e+05 8.319723175286091282e+04
1.254582113244560896e+05 3.809762230025593308e+05 9.712167894705057552e+04 8.857564302097551990e+04 1.221794722290765960e+06 1.829451797390640422e+05
1.217213603587142279e+04 5.709706921628110285e+04 7.593193752709762521e+03 7.803429227224456554e+03 2.683951273455653572e+05 2.767874176633461684e+04
1.655687141703596717e+04 1.330396295743533119e+05 8.457839837563833498e+03 8.407506614942278247e+03 2.904877584006228135e+05 3.356759773002954171e+04
5.738741013410094638e+03 2.470747456923020945e+04 4.542980724023203038e+03 1.006774401728587509e+04 3.492609091429771506e+05 3.122435055127728629e+04
2.402558345874693259e+04 6.915179157085013867e+04 7.012476375175169778e+03 3.586720331169086421e+04 6.706968920570743503e+05 6.777340324734398746e+04
1.478842094062544311e+04 8.868015233649648144e+04 4.038422710570045638e+03 1.933397413999477430e+04 5.928426423972013872e+05 5.474493945787283883e+04
4.505653142612442025e+04 8.027789925795666932e+03 2.233054987974666801e+04 6.334502411478030263e+04 7.301262160688979784e+05 8.777508271767591941e+04
5.687051554813399707e+04 1.507889797836274083e+05 3.977878203722566104e+04 4.911576305297580984e+04 6.818711990253112745e+05 9.267957217579096323e+04
4.306578219850604000e+03 4.581990812146645112e+03 2.483425742514639751e+03 9.176361695603995031e+03 3.238391133749598521e+05 2.722793303963107974e+04
5.537149095539681184e+03 3.001865530992372442e+03 1.862620313297658413e+03 1.060522546289422826e+04 2.793717759997531539e+05 2.453739529944764217e+04
1.284725250544113660e+05 4.507133094088710495e+05 9.495582041517936159e+04 9.260975962105102371e+04 1.033781240719036432e+06 1.746399909769551014e+05
1.435533574106008746e+04 8.051361014089260425e+04 6.628259841679924648e+03 1.343881983686859712e+04 3.376908264561134274e+05 3.563026622026457335e+04
1.399638383043421345e+04 3.856617344553075236e+04 1.470204358553732391e+03 2.816208057652907519e+04 4.839519124816374388e+05 4.782656339592264703e+04
2.390193924823349880e+04 1.669029070971238980e+04 1.235320061519648698e+04 2.964614828215096713e+04 4.153353293785893475e+05 4.749176437043009355e+04
5.138589609560894132e+03 1.456547988654516666e+04 4.211437388996598202e+03 4.159834481383859384e+03 1.895753729787445045e+05 1.716783991445515494e+04
1.083691333471792677e+04 1.161218399516529098e+04 2.292446085687527557e+03 2.755630225773370694e+04 6.078644711299905321e+05 5.490793822999813710e+04
1.470322317389746058e+04 1.121794986857871263e+05 1.027642913373638476e+04 3.604231587044702792e+03 2.257723160130295437e+05 2.679487694542670943e+04
3.664038989276948541e+03 1.235979352971081425e+03 3.058096599533482276e+03 7.861700153050898734e+03 2.667522207361843903e+05 2.287602201245233300e+04
9.577114874726290873e+04 1.595127532699933217e+05 6.027100100326918619e+04 1.052516228901885333e+05 1.072153453132291092e+06 1.535789789323470031e+05
1.362823185416500382e+04 2.247438747591806532e+03 6.228115786124429178e+03 2.015222221577288292e+04 2.732040761501003872e+05 3.028412985842289709e+04
7.534489870015894121e+04 7.144639830130804330e+04 3.547820776690654748e+04 1.059656313330075936e+05 1.011953743891075370e+06 1.348082233444864687e+05
6.066510977181137605e+03 3.056365837359026045e+04 2.995269801202669896e+03 1.346702501952988314e+04 3.193698354981860030e+05 3.037351027977956255e+04
2.773877032487692122e+04 2.170996981541003042e+05 1.830952282186397497e+04 1.359952725381720484e+04 5.250142317090783035e+05 6.009502377359403181e+04
2.856933922393360626e+04 2.102674438551664643e+05 1.056067312397910609e+04 1.747009001916641864e+04 4.374598543485738919e+05 5.227794060807282949e+04
4.239145951252851773e+03 1.015239093993711685e+04 3.147216874591346823e+03 5.519492166415767315e+03 2.692142320633879863e+05 2.246203832603160117e+04
1.311448900855653919e+05 4.351803610921961372e+05 7.249643366686839727e+04 1.294405001514016767e+05 1.413671523087178590e+06 2.063951649167456490e+05
9.166674137943407914e+03 1.123652652567294354e+04 2.033467552637044264e+03 2.104568439878215577e+04 3.858516886765378877e+05 3.690122895526395587e+04
1.687475468674418880e+04 1.357782949862983514e+03 6.207826550247573323e+03 3.416395455842576484e+04 6.131850147466397611e+05 5.943422413759332267e+04
5.478607575986628035e+03 9.651698892513039027e+03 1.377046720715234414e+03 2.064652780406983584e+04 4.750935745681468979e+05 4.236173184845816286e+04
1.630971194601519710e+04 6.839890359821787570e+04 4.929692995172810697e+03 1.811755758340578905e+04 4.983796817034057458e+05 4.722221661240140384e+04
2.504160370979849540e+04 6.916319085855297453e+04 9.724739710813439160e+03 2.909809094268242552e+04 4.159342866346286028e+05 4.874707327018263459e+04
9.249566684309578477e+02 9.996839974875437917e+01 5.995084854580928777e+02 7.638034060173973558e+03 1.761023087063239072e+05 1.556174725606460561e+04
1.260266371803873335e+04 3.953084659799498695e+03 7.264976368834177265e+03 1.549927439451279679e+04 3.995722018241934711e+05 3.721096783228711865e+04
7.071066660165484791e+03 2.859587767150423679e+04 1.991030426895299343e+03 1.138750820550434219e+04 3.788470445087596891e+05 3.290333717409968813e+04
5.442593046837921975e+03 5.564417318174047978e+03 2.766654895860780925e+03 8.039034452480404980e+03 2.226494989185745071e+05 2.007837880841446531e+04
4.610840523602603935e+04 6.671569010015307867e+04 3.675063956432883424e+04 4.308213406265150843e+04 7.806210044049802236e+05 9.112848114162388083e+04
5.359345367563023501e+03 5.949813532092529158e+02 2.379647077102983985e+03 1.035345981524852868e+04 2.030606239216538088e+05 1.939470352276561243e+04
2.408254833287142174e+04 7.509580271663622989e+04 1.481397635240167438e+04 2.203926473744966643e+04 4.275557408880747389e+05 4.882423279326838383e+04
2.240354443466558951e+04 6.869403910527162952e+04 1.122207568096760770e+04 2.420491103706807917e+04 4.919539751393134356e+05 5.226977960476561566e+04
1.879902633199622187e+03 9.302751267195040782e+03 9.233240389955562932e+02 1.478201885043891025e+03 1.112497971803176479e+05 9.009290330252571948e+03
4.553324857155471364e+03 9.982428519200997471e+03 1.868664879462765157e+03 1.246067064804403708e+04 3.245060080982284853e+05 2.876005470424058149e+04
1.055684974820777097e+04 1.912144963677672058e+04 7.020424082524415098e+03 1.672589485731431705e+04 3.901432001944712829e+05 3.777642019667434943e+04
1.236772652678172199e+04 4.878708037026681268e+04 7.173783063109794966e+03 1.472269927510470734e+04 2.426443521870444238e+05 2.848362287375245796e+04
3.849114613231021849e+03 2.367921271436628376e+04 8.424913114751057037e+02 5.845505198741959248e+03 2.584809727223177324e+05 2.156320707927731564e+04
1.428930972315427243e+04 5.406488763284117886e+04 7.319068122493083138e+03 1.218618051115255184e+04 2.844318419547633966e+05 3.047099355959893001e+04
1.171630444747664296e+04 1.515961545663294964e+04 3.238190880905692211e+03 1.728539202632806700e+04 3.976654257755204453e+05 3.670889430366662418e+04
3.980948365137990095e+03 2.969970883160430822e+04 2.187439650215552319e+03 3.537173755937274564e+03 1.168925839420608099e+05 1.187387312243148881e+04
6.229874107435887709e+03 6.578381343967833345e+03 4.764093695920353639e+03 7.559926683623005374e+03 3.203515847588253673e+05 2.734436466499769085e+04
1.617369571466608431e+04 4.513485204991465434e+04 7.083987022660813636e+03 2.401027553012437784e+04 4.819718751873972360e+05 4.856099079367352533e+04
9.164575779583732583e+03 2.250893444689917033e+03 2.855643476193979950e+03 2.056583020273492366e+04 4.672663842697233194e+05 4.207005670532980730e+04
2.604180009105590216e+04 1.752186804401479603e+05 1.563528025014923878e+04 1.254423349907955344e+04 4.309577657447714591e+05 5.006687775907992182e+04
6.915092254941914689e+03 8.808263674020269036e+02 1.849628433149704506e+03 1.439584458425832963e+04 3.795894415829401114e+05 3.288151756054681027e+04
6.139902967823818472e+04 2.880311364285316085e+05 1.834390423928826931e+04 7.323006548535299953e+04 1.135219997261606622e+06 1.316251003660940332e+05
1.155031663153609588e+04 3.752523883882754308e+04 6.372088780109465006e+03 1.330491822280181259e+04 3.281469561510262429e+05 3.269065219699871886e+04
3.879394344875254319e+04 7.256530256465924322e+04 3.400057474217708659e+04 3.062182069691056313e+04 4.679574002392988768e+05 6.356838662588866282e+04
7.734174880914962159e+03 1.077304332294937922e+03 1.865316007600419425e+03 2.051080008833144166e+04 4.207887772432417260e+05 3.843413334174908960e+04
6.010591039645999444e+03 4.271601125666770713e+03 3.918444356289198367e+03 1.143570855752887655e+04 3.700342107512839721e+05 3.195989513867681671e+04
1.148136014573085231e+04 5.836340497527992557e+04 1.481096809967365971e+03 1.799890402609961529e+04 4.701918046646499424e+05 4.328954524859890807e+04
3.058223760600494188e+03 6.275134078081771804e+03 2.651211123218027751e+03 2.152414315983512552e+03 1.215301304579338612e+05 1.060069306085053904e+04
1.541196626177420549e+05 3.212583935498437495e+05 1.157811562114041444e+05 1.347601848532254808e+05 1.361218984277896816e+06 2.182961529840597941e+05
5.775303835746201912e+03 7.411843598291571880e+02 1.834138780271131736e+03 1.504063960775608393e+04 3.105620458115371293e+05 2.851674333476645188e+04
4.646209197905941437e+03 4.555461687497055209e+03 3.940753474190521956e+03 9.801428740889858091e+03 2.825020708114246372e+05 2.535718513443592019e+04
2.473329342915607049e+04 2.536845771000969035e+04 7.285610659980228775e+03 5.027908438380305597e+04 9.216903691860246472e+05 8.912363561996624048e+04
1.572021911930683018e+04 1.006218880782664637e+05 9.042711794389855640e+03 8.232920454341887307e+03 3.101393973433307256e+05 3.345877514150417119e+04
5.563928233595124766e+04 1.839644736051551881e+05 2.787772088397761036e+04 5.395202039967297605e+04 8.817910487510202220e+05 1.048238634061644261e+05
5.518807614477966126e+03 1.251863401831483134e+04 3.711681898922280197e+03 2.041354143357953944e+04 4.062881787110847654e+05 3.877681535265869752e+04
1.146171346987162106e+05 4.101801315712109208e+05 6.322210189759142668e+04 1.066089213783299929e+05 1.297073852321404265e+06 1.829939542667558999e+05
4.541377098901956742e+03 3.021912443546976647e+03 5.209504833528944800e+03 5.660325330458154895e+03 2.652433814514037222e+05 2.279490563263553486e+04
1.674768921538209906e+04 2.245251056339259230e+04 8.956284677653835388e+03 2.766454235641036576e+04 4.115250755521552637e+05 4.516014758644168614e+04
7.144492651631709123e+03 3.254765706099285308e+04 3.085528392930345490e+03 1.142071555684658961e+04 3.672661612829741789e+05 3.280675122791931062e+04
3.536806034289449599e+04 1.016340299428822764e+05 2.073858031502344966e+04 3.396210680178676557e+04 5.495021090411436744e+05 6.628451349079181091e+04
8.434393936349688374e+03 3.629397718395686388e+04 2.136444769979987086e+03 1.468851466907661961e+04 4.351241216799610993e+05 3.862469697720793192e+04
1.799292938865516408e+04 2.562118821634540654e+04 1.640632794884530085e+04 1.462348310631911772e+04 4.367680977001347346e+05 4.432939138386493869e+04
5.093532502451583423e+04 2.132823813129413247e+04 3.140004588997210885e+04 6.974904531094001140e+04 9.424328592305477941e+05 1.095182550155881472e+05
3.083374109400477664e+03 3.444902656879946881e+04 7.412916783938143226e+02 2.470686665875402923e+03 1.600012325427418400e+05 1.390264050382727692e+04
1.310101200524772430e+05 4.694588094125738717e+05 9.625499812339752680e+04 9.395660140070752823e+04 8.318737427275216905e+05 1.631562273912507226e+05
8.410645445393914997e+03 2.633094310980896989e+04 2.892418664434861057e+03 1.130550252894123878e+04 3.319931386252254597e+05 2.999140527651272714e+04
6.111252684032107936e+04 2.079151237918103579e+05 3.450054751997692802e+04 6.041072639576920483e+04 8.609181995994029567e+05 1.103803703908343450e+05
5.326895456442644354e+04 1.312478334056028689e+05 3.712872950877190306e+04 4.646897193300061917e+04 5.711239459410810377e+05 8.192478616493041045e+04
2.649174300797294927e+04 9.219118657908626483e+04 1.834974376843156642e+04 2.105442662278297576e+04 3.982291828535723616e+05 4.877637041567741835e+04
1.602938042166578998e+04 4.297048543637474359e+04 1.333969080535386820e+04 1.136446151162238493e+04 3.081337199245665688e+05 3.374014221501148131e+04
5.839210880945446661e+03 3.683326784634596697e+04 2.222642463063433297e+03 5.285079722357507308e+03 1.792464319290771673e+05 1.722622802564280937e+04
4.507641409725541598e+04 1.908994614848861820e+05 3.185185077434987033e+04 3.025234228877440546e+04 5.381859212059712736e+05 7.305279265236816718e+04
6.932711661245816686e+03 2.050535567699007879e+04 3.668085999846736286e+03 7.675251898130618429e+03 2.408882463568436797e+05 2.226836331516054270e+04
8.745745913535736690e+03 2.413713965407441719e+04 2.565639940714703243e+03 1.453771419800785043e+04 4.606199733289258438e+05 3.985494532040788181e+04
2.311529237969782844e+04 1.320538429158650979e+05 2.815924122023289328e+03 2.876626220887092131e+04 5.404629812513386132e+05 5.710581044038708205e+04
1.452387175343206764e+04 5.865674594753245037e+04 1.043320724999392769e+04 8.442742514901327013e+03 2.610348742299143341e+05 2.877422825508901587e+04
1.033383048871631945e+04 2.441609925527727319e+04 1.063335242237764032e+04 7.698172125591433542e+03 3.598582286675389623e+05 3.347669262704542052e+04
1.288220616586718825e+04 4.813754934362193308e+04 5.383307598567839705e+03 1.561208793204221001e+04 3.474460720106373192e+05 3.513072994576548808e+04
2.827531934521511357e+04 8.672974503772100434e+04 2.154038728808454471e+04 1.999986523046136426e+04 5.077485500336498953e+05 5.677099277663706016e+04
5.380228875943503226e+03 2.452636718833954001e+04 4.858564556517161691e+03 7.774980628869102475e+03 2.653363912726930575e+05 2.466995568668423584e+04
2.775649179555010505e+03 1.741681210384578662e+04 1.526494894132021727e+03 2.148288250374185736e+03 1.446612125159204297e+05 1.222096652484649894e+04
4.148607687151428399e+04 1.603148211819159333e+05 3.247693533130599099e+04 2.342938447513051869e+04 4.098301495506593492e+05 6.009078997828164574e+04
1.325563728727800935e+03 4.278965402563392672e+03 7.282328851578398599e+02 7.587810621077020187e+03 2.440274767870338110e+05 2.036989009053040354e+04
2.052132027186866617e+04 4.362734720456897048e+04 1.863922812168325254e+04 1.307574745725130015e+04 3.395779157959207660e+05 3.894592797578607860e+04
3.024905521966014567e+04 2.712609771579153676e+04 1.433807405396296235e+04 4.354680048236645962e+04 7.928575252739511197e+05 8.054132736135096638e+04
4.408238066927146428e+04 2.350520667910636985e+05 2.864144601957001578e+04 2.393865559781507909e+04 4.742002745632428559e+05 6.669455639467506262e+04
5.881676569449701492e+04 3.204767033858987852e+05 3.122797589642944149e+04 4.342221305626488174e+04 9.070033871081506368e+05 1.099559963334105414e+05
8.433690027966889829e+03 1.223675374252279425e+03 5.182542123226687181e+03 1.415625953426385968e+04 3.087500269183999044e+05 2.946228134822524953e+04
6.409404925244270999e+03 6.576313680799874419e+03 3.536627355478996833e+03 1.197603828263996729e+04 3.801645130837452598e+05 3.283500638514474849e+04
4.164729685378154500e+03 6.087532172752169572e+03 1.978705736071127831e+03 6.199714085149948005e+03 1.867860227029718517e+05 1.652071217524946042e+04
