1.0000000000e+00 0.0000000000e+00 1.3581749506e+04 1.1060202951e+05 1.1619631831e+03 1.6751788923e+04 5.1447552693e+05 4.8150897031e+04 -2.1690610287e+01 2.9985678761e+02 8.3993553340e-01 -1.1749308126e+02 5.6396222456e+02 -1.5181024752e-13 5.5284009608e+02
1.0000000000e+00 0.0000000000e+00 2.8042256540e+04 1.4682417630e+05 1.3561642774e+04 2.9656877939e+04 6.5691882218e+05 7.0704337974e+04 -4.2744872997e+01 3.8041381583e+02 -1.4823309449e+01 -1.3107993628e+02 6.9644340304e+02 -1.5672633418e-13 4.9294292513e+02
1.0000000000e+00 0.0000000000e+00 3.7087720963e+03 5.0349734534e+03 2.7977612447e+03 3.5889922181e+03 1.8002367427e+05 1.5186364128e+04 -1.4203519077e+01 5.5004377110e+01 8.4824775242e+00 -5.3190738878e+01 2.6277501342e+02 -1.0228183822e-13 -5.0271572694e+00
1.0000000000e+00 0.0000000000e+00 7.5369840397e+03 3.9413665471e+03 5.3486997597e+03 1.8910349640e+04 5.2580203484e+05 4.6416909166e+04 -1.6916152925e+01 2.9613337897e+01 2.3129103738e+01 -1.1109762364e+02 5.7688261590e+02 -1.2098365717e-13 -1.3165862430e+02
1.0000000000e+00 0.0000000000e+00 1.1952375555e+05 5.3561943787e+05 8.0208502040e+04 7.6086167007e+04 7.9929676552e+05 1.4924008797e+05 -9.7800247223e+01 7.1914993244e+02 -5.7971401395e+01 -1.4220390520e+02 7.9862418576e+02 -1.9342298102e-13 9.6748187325e+02
1.0000000000e+00 0.0000000000e+00 1.0128647439e+04 9.5435812572e+03 1.8758332050e+03 2.8727071140e+04 5.2622478616e+05 4.9664355806e+04 -1.5235958011e+01 9.4658398607e+01 3.3402476918e+01 -1.2985561249e+02 5.8930395905e+02 -1.2642474537e-13 2.5594654877e+01
1.0000000000e+00 0.0000000000e+00 3.8901073444e+04 5.2678593356e+04 2.2312319022e+04 4.6243834177e+04 6.7954948179e+05 7.8841537073e+04 -5.9955230232e+01 2.2899971726e+02 2.5612119362e+01 -1.5800729845e+02 7.2968412037e+02 -1.4004492837e-13 1.9790049142e+02
1.0000000000e+00 0.0000000000e+00 9.2154507685e+04 3.1861717484e+05 4.6815546301e+04 8.8266575719e+04 1.1154286564e+06 1.5088005104e+05 -9.2371937211e+01 5.6186981009e+02 -7.8948478058e+00 -1.9781678596e+02 9.6723863343e+02 -1.8481548958e-13 7.3471879890e+02
1.0000000000e+00 0.0000000000e+00 4.9095250453e+04 2.2622271498e+04 2.0509814703e+04 7.8566462913e+04 9.5015103610e+05 1.0939387234e+05 -5.3792419184e+01 -1.0264387185e+02 1.0932941230e+02 -2.2327161387e+02 8.7582301144e+02 -1.2578810696e-13 -3.2708580200e+02
1.0000000000e+00 0.0000000000e+00 6.7753783573e+04 5.5731199831e+03 4.1166258514e+04 9.5540739869e+04 1.1579364922e+06 1.3910615255e+05 -7.4257155233e+01 4.8986354116e+01 8.2586417819e+01 -2.3023382938e+02 9.8250312516e+02 -1.5543123013e-13 4.5951367659e+01
1.0000000000e+00 0.0000000000e+00 4.9901544967e+03 7.5080815232e+03 2.5923378414e+03 6.8914835200e+03 2.0812554226e+05 1.8603611117e+04 -1.8942140017e+01 8.3257096135e+01 1.4446042106e+01 -7.2029075261e+01 3.3042139371e+02 -1.1195755691e-13 1.3030553102e+02
1.0000000000e+00 0.0000000000e+00 3.1033920471e+04 1.7107104452e+05 1.5187450228e+04 2.0030670058e+04 4.2208220333e+05 5.2456910612e+04 -4.8735903807e+01 4.1119916372e+02 -2.3794491837e+01 -1.0105205188e+02 5.2942206804e+02 -1.4300176593e-13 4.9561301095e+02
1.0000000000e+00 0.0000000000e+00 5.2738261511e+04 1.8983700259e+05 2.8761142516e+04 4.6552433929e+04 9.3134382630e+05 1.0548214624e+05 -6.7109639793e+01 4.2947304354e+02 -6.6370457218e+00 -1.6645401365e+02 8.4570908661e+02 -1.7944135968e-13 5.9951728373e+02
1.0000000000e+00 0.0000000000e+00 2.8772412857e+04 5.2607958448e+04 1.3954160789e+04 3.5049011570e+04 7.4296768540e+05 7.4438334070e+04 -5.0221563495e+01 2.2868724471e+02 2.2983925768e+01 -1.5461952253e+02 7.2398287291e+02 -1.5822546246e-13 2.4412905507e+02
1.0000000000e+00 0.0000000000e+00 4.1005355955e+03 2.1406653736e+04 1.8953633315e+03 2.8099341781e+03 1.5737748292e+05 1.3731841847e+04 -1.6866269210e+01 1.4251160054e+02 -6.0129439529e+00 -4.2702603336e+01 2.2080394281e+02 -1.0884408507e-13 1.5303380100e+02
1.0000000000e+00 0.0000000000e+00 4.5223537462e+03 2.2677132266e+04 2.0042104689e+03 6.6910431308e+03 2.4425476384e+05 2.1439921222e+04 -1.5301948053e+01 1.5004332885e+02 -1.0720595953e+00 -7.1152750668e+01 3.7486584768e+02 -1.1418967623e-13 1.8967922265e+02
1.0000000000e+00 0.0000000000e+00 4.0828349884e+04 8.1624738484e+04 3.6292203179e+04 2.8141060643e+04 5.5792276900e+05 6.9933735457e+04 -5.7763383962e+01 2.8063426749e+02 -7.6938970104e+00 -1.1763650527e+02 6.3376097635e+02 -1.3803983967e-13 1.9607359914e+02
1.0000000000e+00 0.0000000000e+00 1.6343958131e+05 5.3750721601e+05 1.3539059217e+05 1.0710702371e+05 1.1182788480e+06 2.0860337116e+05 -1.1611248803e+02 7.3222933453e+02 -5.7091475135e+01 -1.6819977680e+02 9.5813334791e+02 -1.9806578147e-13 8.1557382334e+02
1.0000000000e+00 0.0000000000e+00 6.0429837945e+04 2.1185344316e+05 4.0132710550e+04 4.1660268286e+04 7.0980334944e+05 9.4360574681e+04 -7.0022180569e+01 4.5883819435e+02 -2.2536925922e+01 -1.3440561565e+02 7.1055642201e+02 -1.7543080207e-13 5.4506791160e+02
1.0000000000e+00 0.0000000000e+00 1.0706959482e+04 1.0859002760e+04 6.0132933284e+03 2.1245644050e+04 4.5479523454e+05 4.3325727865e+04 -1.0391310335e+01 -7.5078142357e+01 5.8900776034e+01 -1.2286299152e+02 5.0371488772e+02 -1.3049072700e-13 7.6592928193e+01
1.0000000000e+00 0.0000000000e+00 3.4713939167e+04 3.8300424359e+04 2.0633989763e+04 4.3875339642e+04 6.9317871876e+05 7.7252421436e+04 -3.9144587197e+01 -1.7960777522e+02 9.7118666302e+01 -1.7631306721e+02 6.9499431258e+02 -1.2538226832e-13 -3.3288870860e+02
1.0000000000e+00 0.0000000000e+00 4.2321033537e+04 6.0570969905e+04 2.0710986028e+04 4.6893090911e+04 6.7179129445e+05 7.8313448476e+04 -6.4947946211e+01 2.4559328583e+02 2.6296404471e+01 -1.5217735959e+02 6.7389871311e+02 -1.5986501257e-13 3.1144866431e+02
1.0000000000e+00 0.0000000000e+00 2.1090180631e+04 1.4672249078e+04 1.0951162729e+04 3.4860206338e+04 8.2554602306e+05 7.6735844682e+04 -3.9395341238e+01 1.1455592841e+02 3.5939168110e+01 -1.6086852786e+02 7.6690887068e+02 -1.5439061867e-13 1.8904212114e+02
1.0000000000e+00 0.0000000000e+00 2.3973532843e+03 1.4779012840e+03 9.6433523719e+02 1.3688420811e+04 3.1811072626e+05 2.8074500962e+04 -1.7528773852e-01 2.6079146395e+01 2.1775177831e+01 -8.5227610194e+01 4.1423672762e+02 -1.1312688512e-13 -1.6150818429e+01
1.0000000000e+00 0.0000000000e+00 1.4832504653e+04 3.0855148778e+04 1.0506701927e+04 1.4119923239e+04 2.2232392076e+05 2.7393957271e+04 -3.5646384343e+01 1.7386596728e+02 1.9401335197e+00 -7.6668583917e+01 3.7512018382e+02 -1.1233624115e-13 1.7454586885e+02
1.0000000000e+00 0.0000000000e+00 1.0178743608e+04 7.8282591509e+03 5.0118493382e+03 2.0164238930e+04 4.9537818822e+05 4.4984682879e+04 -1.9011826106e+01 -5.2795762552e+01 5.6644388646e+01 -1.3057071824e+02 5.5360591242e+02 -1.1753828773e-13 -2.1574913637e+02
1.0000000000e+00 0.0000000000e+00 1.1782804477e+04 1.7682296907e+04 4.1750324987e+03 1.7403656057e+04 4.7232681147e+05 4.2312725626e+04 -2.9080548726e+01 1.3140606200e+02 2.7975636780e+01 -1.2041838694e+02 5.3361067073e+02 -1.3878723599e-13 1.7761012441e+02
1.0000000000e+00 0.0000000000e+00 2.1690154314e+04 6.4729523467e+04 6.0609934540e+03 3.2354587341e+04 6.9283866111e+05 6.7045354156e+04 -4.1805166420e+01 2.3760791141e+02 2.2204499963e+01 -1.5164759757e+02 7.0243680547e+02 -1.5480762705e-13 3.5977369256e+02
1.0000000000e+00 0.0000000000e+00 6.6976832178e+04 3.6165342022e+05 3.2261103154e+04 5.2643821076e+04 8.7908256968e+05 1.1473037069e+05 -7.3103792318e+01 5.8875164448e+02 -3.1510649815e+01 -1.6077478573e+02 8.4979417509e+02 -1.8032990877e-13 8.4405190465e+02
1.0000000000e+00 0.0000000000e+00 8.2071334600e+03 7.1849907941e+04 2.7707453736e+03 5.6680694443e+03 3.1439894671e+05 2.8458331853e+04 -1.8115395459e+01 2.5978049184e+02 -1.8054959316e+01 -7.1215941491e+01 4.0342290711e+02 -1.4257406557e-13 5.1843988524e+02
1.0000000000e+00 0.0000000000e+00 1.1754545188e+04 2.8235478115e+04 9.3507921435e+03 1.8830204373e+04 6.2952213050e+05 5.6283957846e+04 -2.3372242604e+01 1.5449671540e+02 3.5650206686e+00 -1.1528091325e+02 6.3854183694e+02 -1.3390363584e-13 3.1069611756e+01
1.0000000000e+00 0.0000000000e+00 2.2878283934e+04 9.2709787316e+03 1.1845926182e+04 3.2968880360e+04 5.0561981449e+05 5.4481020639e+04 -3.6562982878e+01 -7.6404491463e+01 7.3650812327e+01 -1.5064346957e+02 5.9692057138e+02 -1.1480897578e-13 -1.7549869726e+02
1.0000000000e+00 0.0000000000e+00 1.0005608143e+04 3.1436636032e+04 7.4135461246e+03 1.6324827495e+04 3.4068856832e+05 3.5047490910e+04 4.4629021699e+00 -1.7313252743e+02 6.1668285142e+01 -9.5859640029e+01 3.7655733846e+02 -1.0383624649e-13 -2.3972922069e+02
1.0000000000e+00 0.0000000000e+00 1.8626407520e+03 1.2895490754e+03 1.4901037534e+03 8.3112975369e+03 3.0426741437e+05 2.4929291253e+04 -5.6696616942e+00 1.3336657722e+01 1.9063204110e+01 -7.9902972717e+01 4.0519374377e+02 -1.0610095214e-13 -1.1680036974e+02
1.0000000000e+00 0.0000000000e+00 1.1182169116e+04 6.3718013012e+03 1.1432760361e+04 1.5121905362e+04 5.2514383134e+05 4.7402551145e+04 -2.4390381971e+01 5.7720380699e+01 1.7218263270e+01 -1.0989580695e+02 5.8601324784e+02 -1.2523758291e-13 -2.7105418996e+01
1.0000000000e+00 0.0000000000e+00 8.1263152383e+04 1.5971392197e+05 6.5417631948e+04 6.7846710424e+04 6.5328875646e+05 1.1072101077e+05 -8.6623594613e+01 3.9820488241e+02 -1.0396377764e+01 -1.4085202106e+02 7.2068135629e+02 -1.4976756036e-13 2.7847194463e+02
1.0000000000e+00 0.0000000000e+00 1.8711849048e+03 4.2299992992e+03 1.6869338001e+03 4.2596648022e+03 1.8271052200e+05 1.5151663001e+04 -3.2199904118e+00 -5.9664288768e+01 2.0930229498e+01 -5.3472328590e+01 2.6923019159e+02 -1.0056020338e-13 -7.4048798159e+00
1.0000000000e+00 0.0000000000e+00 2.4455830187e+04 1.4284499965e+04 1.5171498706e+04 3.1625586383e+04 5.5585329599e+05 5.8933921043e+04 -4.5378436420e+01 1.1885620880e+02 3.4070595637e+01 -1.4023034555e+02 6.3697234326e+02 -1.3832287552e-13 1.6254789308e+02
1.0000000000e+00 0.0000000000e+00 4.6784121431e+04 2.3627586796e+05 1.8684625508e+04 4.7661448897e+04 9.6600508744e+05 1.0626851288e+05 -6.0457019747e+01 4.8209987272e+02 -1.3038358509e+01 -1.6973135727e+02 8.7006129416e+02 -1.7016571353e-13 4.7214940022e+02
1.0000000000e+00 0.0000000000e+00 4.1321505319e+03 1.0240510352e+03 1.9679991766e+03 1.0030487406e+04 2.8127472424e+05 2.4353080629e+04 -1.0009437459e+01 -2.6595442876e+01 3.7769921203e+01 -9.0592187987e+01 3.8653206157e+02 -1.0958214129e-13 3.1551100632e+01
1.0000000000e+00 0.0000000000e+00 5.2146463539e+03 3.2211441365e+03 5.5045355494e+03 8.1912632150e+03 3.1147512850e+05 2.7185922183e+04 -1.5341358876e+01 3.6813422554e+01 1.3305482730e+01 -8.0132089911e+01 4.2636884865e+02 -1.1902474452e-13 8.4833221246e+01
1.0000000000e+00 0.0000000000e+00 5.6983321296e+04 1.4794229510e+05 3.6470136572e+04 5.2800004617e+04 6.3657704150e+05 8.9731921359e+04 -7.3503430126e+01 3.8016861942e+02 -4.2103143691e+00 -1.4003265486e+02 6.8879097909e+02 -1.6541824497e-13 4.9511680907e+02
1.0000000000e+00 0.0000000000e+00 1.8761425972e+04 4.0390362604e+04 1.9873895667e+04 8.7652223518e+03 3.3802226989e+05 3.7264253756e+04 -3.5545037114e+01 1.9986716384e+02 -1.4875041337e+01 -7.2016843262e+01 4.3249486570e+02 -1.2666698630e-13 1.7630445339e+02
1.0000000000e+00 0.0000000000e+00 2.3001002733e+05 1.0279961464e+06 1.2827285820e+05 1.9303582056e+05 1.8092028757e+06 3.1512731568e+05 -1.4232259200e+02 1.0068993088e+03 -5.5922710191e+01 -2.4408466753e+02 1.2587836066e+03 -2.3391140040e-13 1.1572822325e+03
1.0000000000e+00 0.0000000000e+00 4.0525130227e+03 7.7291429573e+02 2.8486350265e+03 7.8714673429e+03 2.8187182244e+05 2.3784172328e+04 -1.0154948313e+01 4.4386096410e+00 3.2065374924e+01 -8.5033863239e+01 3.6289893954e+02 -1.1301332856e-13 -8.2478558747e+01
1.0000000000e+00 0.0000000000e+00 4.6208904587e+03 7.4873589392e+03 1.5012712487e+03 7.7800983212e+03 3.1897434344e+05 2.5989705427e+04 -1.8158923836e+01 8.6169922774e+01 1.6680815499e+01 -8.3486415767e+01 3.9098288948e+02 -1.1850105596e-13 7.3173361981e+01
1.0000000000e+00 0.0000000000e+00 1.0660837274e+04 1.8085802568e+04 6.7264483455e+03 1.6229923312e+04 2.7469276648e+05 2.9609037361e+04 -6.2947238756e+00 -1.2830120352e+02 6.4688558672e+01 -1.0394531331e+02 3.7858415020e+02 -9.5365443292e-14 -2.6486239941e+02
1.0000000000e+00 0.0000000000e+00 2.5608746908e+04 9.2290622849e+03 1.1783140848e+04 5.1735713607e+04 8.2948183858e+05 8.4720761878e+04 -3.0264638235e+01 -9.2366582942e+01 8.5381310274e+01 -1.8722794919e+02 7.7943338561e+02 -1.3666261667e-13 -3.7462255126e+01
1.0000000000e+00 0.0000000000e+00 1.1059361271e+04 1.4468141799e+04 5.9149339104e+03 1.7540017139e+04 5.1850766950e+05 4.6071526129e+04 -2.5138714526e+01 4.7718979342e+01 2.7327116739e+01 -1.1045395952e+02 5.3233171441e+02 -1.2267144486e-13 -2.4782834812e+02
1.0000000000e+00 0.0000000000e+00 5.3528931815e+04 8.0644988589e+04 4.7565229932e+04 3.9347357319e+04 6.5676141293e+05 8.6460046861e+04 -6.5959292234e+01 2.8318111840e+02 -6.8774922028e-01 -1.3514192255e+02 7.0467161778e+02 -1.5476467958e-13 3.3107951741e+02
1.0000000000e+00 0.0000000000e+00 8.0621054708e+04 1.1567781370e+04 2.9503956089e+04 1.4291324543e+05 1.6846847479e+06 1.9122521883e+05 -7.9598182328e+01 1.0229073178e+02 1.0442796196e+02 -2.8561787226e+02 1.1756521802e+03 -1.8901375919e-13 2.3642726046e+02
1.0000000000e+00 0.0000000000e+00 1.8114841150e+05 3.7608746676e+05 1.3460622589e+05 1.6305969031e+05 1.4908912311e+06 2.5064213018e+05 -1.2931533272e+02 6.1255387619e+02 -7.7462316362e+00 -2.2863895577e+02 1.1362223460e+03 -1.9487485847e-13 5.3330409172e+02
1.0000000000e+00 0.0000000000e+00 1.4045644514e+04 6.2583923826e+03 4.3578782945e+03 2.5394921370e+04 4.9984292674e+05 4.7290626802e+04 -3.2516397210e+01 7.4506329162e+01 4.2098818008e+01 -1.3478108376e+02 5.8150310693e+02 -1.2664881454e-13 2.3551208923e+01
1.0000000000e+00 0.0000000000e+00 1.4795113120e+04 4.3056860283e+03 3.0651957092e+03 3.2754523197e+04 5.4832903172e+05 5.3225813454e+04 -2.6086414826e+01 5.9940580326e+01 4.9085370088e+01 -1.4384451550e+02 6.0837115544e+02 -1.2892721878e-13 6.2988199640e-01
1.0000000000e+00 0.0000000000e+00 1.1955448275e+04 3.5287170176e+03 2.8575653925e+03 2.8739817755e+04 6.7206732938e+05 5.9605072052e+04 -2.3524446148e+01 5.8138841473e+01 4.9125310716e+01 -1.5179154434e+02 6.6286797704e+02 -1.4029041236e-13 7.4628448996e+01
1.0000000000e+00 0.0000000000e+00 4.4743453160e+04 1.9517949625e+05 1.9798918513e+04 5.1674238016e+04 9.1990424914e+05 1.0342954498e+05 -5.9167641473e+01 4.4137497845e+02 -8.6210796197e+00 -1.6710450387e+02 8.5404420085e+02 -1.6670448396e-13 5.3699114419e+02
1.0000000000e+00 0.0000000000e+00 5.2736561004e+03 1.6902598317e+04 3.6849248490e+03 4.6894316043e+03 2.2215513897e+05 1.9487266867e+04 -1.7727918594e+01 1.2606213156e+02 -7.9446525708e-01 -6.1875720865e+01 3.2835662232e+02 -1.1809232366e-13 2.3787294656e+02
1.0000000000e+00 0.0000000000e+00 2.2913390886e+04 1.5114762324e+05 1.2047050476e+04 1.1799993061e+04 4.5739729552e+05 4.8770983095e+04 -3.7627404677e+01 3.7700551839e+02 -2.9074749077e+01 -9.2112484476e+01 5.2831499758e+02 -1.5187685220e-13 5.6138035158e+02
1.0000000000e+00 0.0000000000e+00 6.9528659778e+03 2.9972073927e+02 6.1591042652e+03 1.2748371886e+04 3.9809533142e+05 3.5210257432e+04 -1.6048551478e+01 -1.0347248327e+01 3.3540964273e+01 -1.0355870239e+02 4.8885881042e+02 -1.2622973686e-13 2.8905104165e+01
1.0000000000e+00 0.0000000000e+00 1.1857987280e+04 7.0500892754e+04 1.0562922620e+04 2.5263028444e+03 2.2231282739e+05 2.4136353448e+04 -1.9867721199e+01 2.5056700873e+02 -3.4459825885e+01 -4.1118904544e+01 3.1300178110e+02 -1.3428883659e-13 4.7744980188e+02
1.0000000000e+00 0.0000000000e+00 1.4642716274e+05 6.4644916899e+05 9.1465371132e+04 1.0418027915e+05 1.2720060782e+06 2.0407364532e+05 -1.0885585479e+02 7.9676564657e+02 -5.1486431652e+01 -1.9166137474e+02 1.0324716625e+03 -2.1476488348e-13 1.0571639045e+03
1.0000000000e+00 0.0000000000e+00 1.0517691047e+05 3.0594340075e+05 6.6346078759e+04 9.6153666982e+04 1.3344470438e+06 1.7696987225e+05 -9.7125293162e+01 5.5243642818e+02 -7.7217613495e+00 -2.1097413405e+02 1.0615242184e+03 -1.8344279805e-13 5.4920206236e+02
1.0000000000e+00 0.0000000000e+00 1.2363007901e+04 3.8725099717e+04 1.0021179653e+04 1.0875803194e+04 3.3431108930e+05 3.3639270623e+04 -1.2795972112e+01 -1.8990106653e+02 6.5343463809e+01 -1.0242841878e+02 4.0949765332e+02 -1.1205402157e-13 -1.6204292857e+02
1.0000000000e+00 0.0000000000e+00 3.3424117419e+04 1.5126048103e+05 1.1514905826e+04 3.4612392316e+04 5.3267720781e+05 6.3925855620e+04 -5.4360277732e+01 3.8245287172e+02 -3.6340783613e+00 -1.3353966667e+02 6.3976546711e+02 -1.4659038720e-13 4.3833150253e+02
1.0000000000e+00 0.0000000000e+00 1.0695624723e+04 4.0607219079e+04 6.4520670676e+03 1.2480569552e+04 4.0744612759e+05 3.7838473838e+04 -2.6256594817e+01 1.8551387206e+02 -1.2737573306e+00 -9.7458607910e+01 5.2692193481e+02 -1.3492792340e-13 3.8269573498e+02
1.0000000000e+00 0.0000000000e+00 1.6389301293e+04 6.3381774651e+04 6.6659404242e+03 1.6954135907e+04 3.3802096411e+05 3.6410738001e+04 -3.8353603010e+01 2.4610643503e+02 -5.1779584086e-02 -9.7862738722e+01 4.7723882139e+02 -1.3982475180e-13 4.7054075276e+02
1.0000000000e+00 0.0000000000e+00 2.8126470947e+04 1.4988577111e+04 6.2841837550e+03 5.5414407030e+04 7.3791615031e+05 7.8139953217e+04 -4.6090009328e+01 1.1660835369e+02 5.7366746663e+01 -1.7875547489e+02 7.4831734263e+02 -1.4496866520e-13 2.6002763989e+02
1.0000000000e+00 0.0000000000e+00 7.7348877351e+04 4.9194032599e+04 7.1493517241e+04 6.5061795554e+04 1.0026318388e+06 1.3010998015e+05 -7.9294483999e+01 2.0543895559e+02 2.5871990363e+01 -1.8049528992e+02 8.9653424572e+02 -1.5663410015e-13 8.1828229353e+01
1.0000000000e+00 0.0000000000e+00 1.4328645708e+04 1.4940316664e+03 6.7304537405e+03 2.6559876217e+04 5.2172657354e+05 5.0076364654e+04 -2.8795188509e+01 -2.3104731398e+01 5.1999795822e+01 -1.3510269638e+02 5.9200381841e+02 -1.2814412381e-13 5.9753004800e+01
1.0000000000e+00 0.0000000000e+00 6.0838976644e+04 2.1636737104e+04 3.0863443496e+04 8.7545888137e+04 1.0842747859e+06 1.2688986597e+05 -5.8857242559e+01 -1.2021119835e+02 1.2144533323e+02 -2.4067162277e+02 9.2806980488e+02 -1.3910193736e-13 -2.4943554659e+02
1.0000000000e+00 0.0000000000e+00 4.5450594300e+04 1.3998947544e+05 3.6593919669e+04 3.0567712946e+04 4.9838064402e+05 7.0043730529e+04 -5.9409224053e+01 3.7316661210e+02 -2.0628140344e+01 -1.1141790192e+02 6.0679162851e+02 -1.4214277177e-13 2.8759393569e+02
1.0000000000e+00 0.0000000000e+00 4.5817308520e+03 2.2940397023e+04 1.5391805195e+03 4.9549541545e+03 2.0264748550e+05 1.7668958666e+04 -1.5039146769e+01 1.5080130347e+02 3.6213743278e+00 -6.4659267553e+01 3.0057140806e+02 -1.1432420239e-13 2.2085385393e+02
1.0000000000e+00 0.0000000000e+00 3.6789277480e+03 8.3389904982e+01 3.3083869782e+03 5.9910204416e+03 2.3504896497e+05 1.9948658960e+04 -7.5698609281e+00 2.9165694674e+00 2.8613509222e+01 -7.1545962913e+01 2.9546376745e+02 -1.1724342767e-13 4.1381979099e+01
1.0000000000e+00 0.0000000000e+00 4.9223670366e+04 2.5185079956e+05 2.5274306276e+04 3.6863069780e+04 6.2484976649e+05 8.2050930052e+04 -6.2911898105e+01 4.9681931759e+02 -2.6997219772e+01 -1.2991925612e+02 6.8104550150e+02 -1.7303469588e-13 7.2659770678e+02
1.0000000000e+00 0.0000000000e+00 8.2795903556e+03 1.6389180727e+04 7.4404304094e+03 9.9501431620e+03 2.8914660686e+05 2.7965434846e+04 -4.8493296046e+00 -1.2367736025e+02 5.8683522407e+01 -9.4743983789e+01 3.5181086134e+02 -1.1912333384e-13 1.1153039411e+01
1.0000000000e+00 0.0000000000e+00 3.6234572639e+04 1.0326720544e+05 3.2931782902e+04 3.0537374912e+04 4.0391222002e+05 6.0280691499e+04 -6.4325208437e+00 -3.2044031161e+02 1.1706829551e+02 -1.4541365761e+02 4.6298378567e+02 -1.1267302388e-13 -2.4059243274e+02
1.0000000000e+00 0.0000000000e+00 1.6139199478e+04 7.9582700930e+04 7.6222048725e+03 1.3807024074e+04 4.1434743927e+05 4.1335075186e+04 -3.4364440498e+01 2.8142069511e+02 -8.5269407226e+00 -9.9094288233e+01 5.1386312767e+02 -1.3535891519e-13 3.1075528784e+02
1.0000000000e+00 0.0000000000e+00 3.8343700372e+04 6.4875616444e+04 2.7731862374e+04 3.5797066228e+04 6.5409023546e+05 7.5344994971e+04 -5.8692018841e+01 2.5342610735e+02 7.4389876036e+00 -1.3655827289e+02 6.8399315042e+02 -1.5510621662e-13 3.3126648752e+02
1.0000000000e+00 0.0000000000e+00 1.9004772381e+04 1.6662418893e+04 1.2435008639e+04 2.1437447134e+04 3.1635284066e+05 3.7156290191e+04 -4.2032790467e+01 1.2525653767e+02 1.9892112959e+01 -9.8669208674e+01 4.4372448365e+02 -1.2235985471e-13 8.8043967601e+01
1.0000000000e+00 0.0000000000e+00 4.0668255997e+03 2.9101871221e+03 1.2771010192e+03 1.0839894271e+04 2.7035500420e+05 2.3780100299e+04 -8.6897394039e+00 -3.0705521776e+01 3.4316749569e+01 -8.5508724949e+01 3.7751156342e+02 -1.0062925763e-13 -1.3858008917e+02
1.0000000000e+00 0.0000000000e+00 2.6765343296e+04 1.4612409801e+04 1.2318886971e+04 4.2095909011e+04 7.0943635463e+05 7.2784867105e+04 -3.7520039028e+01 -8.2754835922e+01 8.3900340339e+01 -1.7590734853e+02 7.0574756666e+02 -1.2211610614e-13 -2.7448318670e+02
1.0000000000e+00 0.0000000000e+00 1.1325922883e+05 4.0156252567e+05 6.3000678144e+04 1.0092317556e+05 1.2611764336e+06 1.7748672562e+05 -1.0079774273e+02 6.2840734641e+02 -1.6067246915e+01 -2.0445801087e+02 1.0153256126e+03 -2.0858277185e-13 8.9333302307e+02
1.0000000000e+00 0.0000000000e+00 7.6987932598e+04 1.7150409649e+05 4.3427054870e+04 8.0288718615e+04 1.1971080427e+06 1.4402762165e+05 -8.4615709436e+01 4.1343663548e+02 1.4605495667e+01 -2.0498337293e+02 9.8038665640e+02 -1.8100935504e-13 4.7073424888e+02
1.0000000000e+00 0.0000000000e+00 7.8525481275e+04 3.3505130905e+05 4.4459884014e+04 5.9358610371e+04 8.6632645753e+05 1.2085136970e+05 -8.3273356341e+01 5.7262303110e+02 -2.9014647646e+01 -1.5671103862e+02 8.1833940367e+02 -1.8443500563e-13 7.6367820996e+02
1.0000000000e+00 0.0000000000e+00 3.2421141256e+04 5.3972679685e+03 1.8645667984e+04 4.8769561861e+04 7.8901677508e+05 8.3426618629e+04 -4.6389300911e+01 -2.2362134662e+01 7.1174752581e+01 -1.7844373756e+02 7.5994026515e+02 -1.3706565653e-13 -1.5534704619e+02
1.0000000000e+00 0.0000000000e+00 4.7096273265e+03 8.3588431033e+03 6.1205106862e+03 3.0754163376e+03 2.4130903118e+05 2.0672986731e+04 -1.0531927561e+01 -7.5106353902e+00 5.5562863259e+00 -5.0109062646e+01 3.0679389085e+02 -9.9474471859e-14 -2.2282113141e+02
1.0000000000e+00 0.0000000000e+00 5.8479398872e+04 3.0249897931e+05 3.7530590485e+04 3.5322122565e+04 4.6290948511e+05 7.8251264268e+04 -6.6624245872e+01 5.4903735021e+02 -4.6306885113e+01 -1.0468404649e+02 5.9674272746e+02 -1.4514257928e-13 5.4470558456e+02
1.0000000000e+00 0.0000000000e+00 2.5106025223e+04 1.3558784573e+05 1.4153196327e+04 1.5035918403e+04 3.2462491951e+05 4.1442155500e+04 -4.3428497284e+01 3.6688124664e+02 -2.5347978493e+01 -8.6230745487e+01 4.7233319347e+02 -1.3127286818e-13 4.6124136071e+02
1.0000000000e+00 0.0000000000e+00 3.6427872486e+04 1.0814585373e+05 2.5979753054e+04 2.8965951173e+04 4.6733121116e+05 6.1080095882e+04 -5.6586960162e+01 3.2849637876e+02 -1.1825191480e+01 -1.1130186804e+02 5.8244767662e+02 -1.4328718264e-13 4.0388469640e+02
1.0000000000e+00 0.0000000000e+00 4.5046485244e+03 4.3761483805e+03 7.6073418892e+02 1.1684293260e+04 2.4330105046e+05 2.2192211871e+04 -1.3709504700e+01 6.0967673201e+01 2.5053795200e+01 -8.9312722963e+01 3.9502542810e+02 -9.9971234643e-14 2.4920427377e+01
1.0000000000e+00 0.0000000000e+00 2.9744248061e+05 1.2097469449e+06 2.0791924876e+05 2.0688837401e+05 1.7097520248e+06 3.5802810736e+05 -1.5709425139e+02 1.0901327228e+03 -8.3651065096e+01 -2.2451572583e+02 1.2437196220e+03 -2.3935889828e-13 1.4734282174e+03
1.0000000000e+00 0.0000000000e+00 1.9762869802e+04 2.2817094216e+03 1.0411743436e+04 3.6854879898e+04 7.5228648067e+05 7.1864877267e+04 -3.6013042527e+01 3.4724955697e+01 4.9593699722e+01 -1.6269548002e+02 7.5039446474e+02 -1.2702226050e-13 -7.8996448746e+01
1.0000000000e+00 0.0000000000e+00 2.1423596026e+04 1.3336248370e+04 1.0952198063e+04 3.1899722954e+04 6.0348184322e+05 6.0395569042e+04 -3.9316321791e+01 1.0717834767e+02 4.3400156731e+01 -1.4940619774e+02 6.4745506332e+02 -1.3303408067e-13 1.2399563555e+01
1.0000000000e+00 0.0000000000e+00 2.8508832571e+04 5.3408625105e+04 7.5116692739e+03 4.2361448848e+04 6.3358296623e+05 6.7650076887e+04 -5.1219375904e+01 2.2982865587e+02 3.2321657090e+01 -1.5749652561e+02 6.8263725854e+02 -1.5051249051e-13 3.0392557956e+02
1.0000000000e+00 0.0000000000e+00 1.6259904849e+04 2.5952532369e+04 1.3492248157e+04 2.3966075700e+04 6.1690840966e+05 5.9430298305e+04 -3.1683708856e+01 1.4835153343e+02 1.2059877426e+01 -1.2588730592e+02 6.5992237944e+02 -1.3366356017e-13 -4.1257717119e+01
1.0000000000e+00 0.0000000000e+00 7.7456860978e+03 1.8406458738e+04 7.2568614214e+03 8.8288022930e+03 3.0478706212e+05 2.8531018302e+04 -7.4795811805e+00 -1.3021916186e+02 4.3441220862e+01 -8.0344283844e+01 3.5750600715e+02 -1.1939189984e-13 2.9289416000e+00
1.0000000000e+00 0.0000000000e+00 4.6313522222e+04 1.9012847700e+05 3.4523206260e+04 2.8185295920e+04 5.5523872524e+05 7.4378511647e+04 -5.9315667603e+01 4.3273961698e+02 -3.1743015210e+01 -1.1026078923e+02 6.2643248143e+02 -1.5970987029e-13 4.6743278516e+02
1.0000000000e+00 0.0000000000e+00 1.1688116223e+04 5.4701493420e+04 1.1695874626e+04 2.9898597759e+03 2.0131044194e+05 2.2640126207e+04 -2.1302143692e+01 2.3356661709e+02 -2.9328728263e+01 -4.5580854272e+01 3.2261712443e+02 -1.1120301924e-13 2.6978306970e+02
1.0000000000e+00 0.0000000000e+00 2.0488467294e+03 2.1085326762e+03 1.4288629341e+03 7.0858225285e+03 2.2097946617e+05 1.8787355124e+04 -4.7168417600e+00 -4.3027408373e+01 2.6388978907e+01 -7.0164437924e+01 3.3422694906e+02 -1.0341330816e-13 -3.9230581155e+01
1.0000000000e+00 0.0000000000e+00 5.1372745972e+03 2.4043162837e+03 3.8908691334e+03 6.6867732582e+03 2.1422980116e+05 1.9228898535e+04 -1.1392094727e+01 -4.4425151848e+01 3.9235397955e+01 -7.9315992235e+01 3.1444441336e+02 -1.0906900011e-13 1.0961254051e+01
1.0000000000e+00 0.0000000000e+00 3.3838234230e+04 1.1080436410e+05 1.8285960567e+04 3.4294797165e+04 6.6260367536e+05 7.3438502266e+04 -5.4195099373e+01 3.2975615555e+02 -1.6535873405e-01 -1.3969962755e+02 6.9770707751e+02 -1.5339988555e-13 4.4148464627e+02
1.0000000000e+00 0.0000000000e+00 1.6757116441e+04 4.0861418985e+04 8.4352697886e+03 5.0509279538e+04 9.0679269271e+05 8.9487781850e+04 -8.2234892404e+00 -1.9035647210e+02 8.3092927661e+01 -1.7544292645e+02 7.8694520630e+02 -1.3541005795e-13 -3.3956822321e+02
1.0000000000e+00 0.0000000000e+00 9.4163480351e+04 3.0943440487e+05 2.6779260556e+04 1.3635754799e+05 1.6871759240e+06 2.0198985680e+05 -9.3528647371e+01 5.4053823760e+02 2.2298914101e+01 -2.5936416719e+02 1.2031894686e+03 -2.0878287487e-13 8.4511846723e+02
1.0000000000e+00 0.0000000000e+00 1.9739321352e+04 9.2503863828e+03 1.1675324987e+04 3.4489177729e+04 4.6766903864e+05 5.2541358264e+04 -2.1083572907e+01 -9.4949637760e+01 7.8591557379e+01 -1.4897776476e+02 5.6769617709e+02 -1.1770721810e-13 -8.5579465572e+01
1.0000000000e+00 0.0000000000e+00 9.8494843210e+03 6.8035823681e+02 3.7494451332e+03 2.0308560246e+04 4.3371425928e+05 4.0004628301e+04 -2.0742409820e+01 -1.9981084522e+01 5.1672544198e+01 -1.2664453080e+02 5.3493978570e+02 -1.2023584186e-13 -3.8080018774e+01
1.0000000000e+00 0.0000000000e+00 1.0759571267e+04 5.4314021754e+03 3.2876446399e+03 2.0912419600e+04 3.0505861231e+05 3.1660325800e+04 -2.6826055471e+01 3.8683367305e+01 4.0059120602e+01 -1.0926379252e+02 4.4937344266e+02 -1.2268173532e-13 2.3065815321e+02
1.0000000000e+00 0.0000000000e+00 2.7808991967e+04 1.6910421668e+05 1.3343172739e+04 2.3556341825e+04 6.3911490735e+05 6.7756349049e+04 -3.9947536516e+01 4.0941590029e+02 -2.0283222625e+01 -1.2651062909e+02 6.7938607601e+02 -1.5103198276e-13 3.8789707318e+02
1.0000000000e+00 0.0000000000e+00 5.0178045029e+03 2.6579998390e+03 2.6183296306e+03 1.7628130500e+04 4.6081289141e+05 4.0225455731e+04 -1.1151477950e+01 -1.1432812953e+01 3.0724732840e+01 -1.0792650474e+02 5.3707183739e+02 -1.1477400293e-13 -1.0344001474e+02
1.0000000000e+00 0.0000000000e+00 1.7865120104e+04 5.5393770309e+04 1.2502047504e+04 4.0571320665e+04 6.3014103397e+05 6.8858592911e+04 8.6859015221e+00 2.3033224800e+02 -9.7954042809e+00 -1.0411870700e+02 5.9334947831e+02 -1.4297537531e-13 2.3789214421e+02
1.0000000000e+00 0.0000000000e+00 2.1178021937e+04 3.0011225377e+03 8.4279234814e+03 3.6089068868e+04 6.2424824525e+05 6.2087186993e+04 -3.9929195655e+01 5.1696608518e+01 5.3567050021e+01 -1.5796742541e+02 6.8065837959e+02 -1.3565451973e-13 1.3850570479e+02
1.0000000000e+00 0.0000000000e+00 1.0823387666e+05 1.3233499941e+05 8.4311813822e+04 1.1173613687e+05 1.6172819479e+06 2.0219538320e+05 -9.7651830483e+01 3.6194514445e+02 2.3998350621e+01 -2.3572676753e+02 1.1647458635e+03 -1.8394377444e-13 2.4124617902e+02
1.0000000000e+00 0.0000000000e+00 3.2971524978e+04 1.9102549966e+05 1.7924878980e+04 2.0177542059e+04 4.2664177348e+05 5.4997248072e+04 -4.8298959353e+01 4.3579133752e+02 -3.1097005010e+01 -9.7059479218e+01 5.3129547955e+02 -1.5270037783e-13 5.8824154123e+02
1.0000000000e+00 0.0000000000e+00 4.9185303016e+04 1.0513010370e+05 2.1677577645e+04 5.9760771893e+04 8.1169711048e+05 9.6163119750e+04 -6.9294479569e+01 3.2392332263e+02 2.1351251217e+01 -1.7586565073e+02 8.0723434211e+02 -1.5315244865e-13 3.2288286621e+02
1.0000000000e+00 0.0000000000e+00 1.9131805724e+04 2.5982185639e+04 1.4085885435e+04 2.2638720160e+04 5.7376799367e+05 5.6185858326e+04 -3.7865942816e+01 1.5682907896e+02 1.6732898963e+01 -1.2956497999e+02 6.4846103115e+02 -1.4199514788e-13 3.3743959499e+02
1.0000000000e+00 0.0000000000e+00 1.6397841434e+04 6.0501721307e+03 1.5837632460e+04 2.0168127879e+04 7.4371167551e+05 6.6268115658e+04 -3.0449122179e+01 5.3332094689e+01 2.6984728194e+01 -1.3319644120e+02 6.8329434017e+02 -1.4258993443e-13 -6.2436447821e+01
1.0000000000e+00 0.0000000000e+00 7.2855018244e+03 3.6037184741e+02 5.3527223771e+03 7.8955819362e+03 1.9356074800e+05 1.8914374942e+04 -2.1040729260e+01 -2.2374186985e+00 3.0459321561e+01 -7.7427874735e+01 3.2696827175e+02 -9.7476921978e-14 -5.2171083592e+01
1.0000000000e+00 0.0000000000e+00 2.1126693810e+04 5.1642632768e+02 1.1407641148e+04 3.3703525994e+04 5.7827415007e+05 5.9077873426e+04 -3.5366005248e+01 1.7916207170e+01 6.0844646943e+01 -1.5469345059e+02 6.3685022994e+02 -1.3129909961e-13 2.6922597872e+00
1.0000000000e+00 0.0000000000e+00 1.4285059794e+05 3.8903797065e+05 8.7782015492e+04 1.3283313290e+05 1.2699573292e+06 2.0256973043e+05 -1.1696946535e+02 6.1877642837e+02 -9.8483877417e+00 -2.1144089773e+02 1.0294968385e+03 -2.0279167068e-13 7.9511551784e+02
1.0000000000e+00 0.0000000000e+00 5.2743025063e+04 2.2180350596e+05 4.4233833940e+04 2.6628737877e+04 5.8062742870e+05 8.1135424953e+04 -5.8891036445e+01 4.7062374908e+02 -4.1122790254e+01 -1.0985779392e+02 6.5597548500e+02 -1.6031141485e-13 5.5069053521e+02
1.0000000000e+00 0.0000000000e+00 2.1329227148e+04 2.6254277420e+04 5.2638917738e+03 3.2122806988e+04 5.5028862219e+05 5.5105626780e+04 -4.3006285353e+01 1.5944756888e+02 3.9197532032e+01 -1.4850595684e+02 6.2989258021e+02 -1.3235908773e-13 2.5034973907e+02
1.0000000000e+00 0.0000000000e+00 2.6517031231e+05 1.0298065944e+06 1.9691455174e+05 1.7586719200e+05 1.3701606667e+06 3.0751410782e+05 -1.4760102284e+02 1.0133510469e+03 -8.3810430522e+01 -1.9438492089e+02 1.0986485860e+03 -2.1434322966e-13 1.0699947024e+03
1.0000000000e+00 0.0000000000e+00 1.3246251656e+04 9.2796105183e+03 4.9798090482e+03 1.8449817511e+04 3.4774851493e+05 3.4337927598e+04 -3.5097982438e+01 9.3677136756e+01 2.8893199458e+01 -1.0373657515e+02 4.4332961904e+02 -1.2271504036e-13 9.5956096574e+01
1.0000000000e+00 0.0000000000e+00 2.6041046612e+04 2.6352218981e+04 2.2003280420e+04 2.1640372960e+04 4.9134080609e+05 5.3621778917e+04 -4.6979619689e+01 1.4571387196e+02 1.3578639541e+01 -1.0785697755e+02 5.3091112397e+02 -1.4396812845e-13 7.9427259171e+01
1.0000000000e+00 0.0000000000e+00 4.7612421572e+04 9.4082117678e+04 1.5933666186e+04 6.9823305223e+04 9.1607811341e+05 1.0471117704e+05 -6.7725339482e+01 3.0610703004e+02 3.2303872290e+01 -1.9067292028e+02 8.4968927665e+02 -1.6345978217e-13 2.6448390700e+02
1.0000000000e+00 0.0000000000e+00 3.8937604393e+04 1.6746299890e+05 2.1337781540e+04 3.1056933249e+04 4.7363059194e+05 6.3382747283e+04 -5.7739981726e+01 4.0701536144e+02 -1.7880702244e+01 -1.1612761390e+02 5.9594875169e+02 -1.4829742427e-13 4.7364783276e+02
1.0000000000e+00 0.0000000000e+00 2.8898473412e+03 4.4594335977e+03 3.2174021154e+03 9.9178345867e+03 3.2120525233e+05 2.7696405487e+04 -3.6038409775e+00 -4.4785027116e+01 2.0102340950e+01 -7.5286815390e+01 4.1025004940e+02 -1.1105919469e-13 -6.8765786286e+01
1.0000000000e+00 0.0000000000e+00 4.5894290940e+04 4.7485288507e+04 5.7078721516e+04 2.0408231432e+04 7.0970020242e+05 8.3917374030e+04 -5.2156232716e+01 2.0188245071e+02 -1.0340229464e+01 -1.1839046003e+02 7.1371573491e+02 -1.3887200909e-13 2.0957730876e+01
1.0000000000e+00 0.0000000000e+00 3.1826959861e+04 1.5822678052e+05 2.3469017734e+04 2.1003549213e+04 7.3131136408e+05 7.6630084807e+04 -4.3290662478e+01 3.9479833993e+02 -2.8462836935e+01 -1.2254925797e+02 7.1593105020e+02 -1.6563853536e-13 4.0827802728e+02
1.0000000000e+00 0.0000000000e+00 1.2689080139e+05 3.1493994643e+05 1.1292841783e+05 8.3150872737e+04 1.1771094154e+06 1.8103377643e+05 -1.0202811732e+02 5.6115419146e+02 -3.2542605071e+01 -1.7867350338e+02 9.9703959118e+02 -1.8546046623e-13 5.8517685972e+02
1.0000000000e+00 0.0000000000e+00 4.2831193768e+03 2.3629908365e+04 8.9489870429e+02 1.1173242780e+04 3.4792484937e+05 3.0008433842e+04 -1.0578887822e+01 1.3845398305e+02 5.2325498766e-01 -8.0769709315e+01 4.3781987928e+02 -1.3842446706e-13 4.3140659158e+02
1.0000000000e+00 0.0000000000e+00 5.7925613634e+04 2.4214051064e+05 3.7176388602e+04 4.2012975035e+04 6.6055632797e+05 9.1431662428e+04 -6.8354502631e+01 4.8536354797e+02 -2.6951573582e+01 -1.3413745340e+02 7.1753786358e+02 -1.7234017732e-13 6.7097136366e+02
1.0000000000e+00 0.0000000000e+00 4.4345063484e+04 2.2994344722e+04 2.5911810785e+04 6.5380895595e+04 8.2817480714e+05 9.7574630088e+04 -4.4324990162e+01 -1.4530675677e+02 1.0906633344e+02 -2.0553023905e+02 7.8961472035e+02 -1.3690396428e-13 -1.3337170708e+02
1.0000000000e+00 0.0000000000e+00 5.7300893934e+04 5.5503729214e+04 8.3808678588e+03 1.2556066662e+05 1.6555499841e+06 1.7448682713e+05 -6.1906099146e+01 2.2876587964e+02 7.7520678389e+01 -2.7162363507e+02 1.1609983458e+03 -1.8832652625e-13 3.7895568623e+02
1.0000000000e+00 0.0000000000e+00 1.4290249697e+05 4.3618971060e+05 7.8962214770e+04 1.3789239084e+05 1.3986266584e+06 2.1204229482e+05 -1.1696550086e+02 6.5991983309e+02 -9.4170245727e+00 -2.2526902184e+02 1.0894355519e+03 -1.9850096585e-13 6.5898792872e+02
1.0000000000e+00 0.0000000000e+00 1.8852783558e+05 8.8681858974e+05 1.1978078472e+05 1.3088061159e+05 1.3919488258e+06 2.4831228325e+05 -1.2377853424e+02 9.3192629622e+02 -6.8318928529e+01 -2.0098399596e+02 1.1036156201e+03 -2.1983134322e-13 1.2080855474e+03
1.0000000000e+00 0.0000000000e+00 4.5388033425e+04 7.3029708870e+04 2.8721670739e+04 6.4831902666e+04 7.7844397583e+05 9.7668143355e+04 -2.6774801307e+01 -2.6766245385e+02 1.3105924541e+02 -2.0807190009e+02 7.5574085713e+02 -1.2243425386e-13 -3.0466235847e+02
1.0000000000e+00 0.0000000000e+00 4.9290905006e+04 3.7606521357e+04 2.6412646054e+04 7.5231572068e+04 1.1504035623e+06 1.2464071304e+05 -6.5849346310e+01 1.9235690205e+02 4.5879157582e+01 -2.0818837566e+02 9.6410477909e+02 -1.6494873092e-13 2.4829708679e+02
1.0000000000e+00 0.0000000000e+00 8.8239969167e+03 1.4608100653e+04 8.1052502538e+03 7.4133917552e+03 2.5175441026e+05 2.4501854019e+04 -2.5045872703e+01 1.1992739632e+02 5.0114090283e-02 -7.0593756371e+01 3.8606682468e+02 -1.1204955011e-13 1.7961589017e+02
1.0000000000e+00 0.0000000000e+00 1.6891205355e+04 7.6916503831e+04 6.2441702771e+03 1.5220611084e+04 3.5793027704e+05 3.7453729129e+04 -3.4576392306e+01 2.7676799077e+02 1.2721433488e-01 -9.6438717419e+01 4.4396524657e+02 -1.3176382389e-13 2.8795235228e+02
1.0000000000e+00 0.0000000000e+00 2.5754084906e+04 4.7383476377e+04 1.3922102728e+04 3.1062403351e+04 4.3102727585e+05 5.1382386631e+04 -5.0456704109e+01 2.1543222344e+02 1.2831626957e+01 -1.1898395450e+02 5.5922472266e+02 -1.2365794165e-13 8.1419248543e+01
1.0000000000e+00 0.0000000000e+00 2.4302554128e+04 1.9967653218e+04 1.4394934520e+04 2.9777856665e+04 5.0299265847e+05 5.4489414705e+04 -4.7426863173e+01 1.3855043979e+02 2.7237215574e+01 -1.2972623121e+02 5.9566473142e+02 -1.3215373015e-13 1.0060070757e+02
1.0000000000e+00 0.0000000000e+00 2.5245130988e+03 1.9504756730e+04 8.9178521609e+02 7.9774711747e+03 3.3969370328e+05 2.7804313447e+04 -6.3004751032e+00 1.3142889211e+02 -1.6406504468e+00 -7.3331848132e+01 4.0685169815e+02 -1.3297981254e-13 2.8985990739e+02
1.0000000000e+00 0.0000000000e+00 3.5605087752e+04 5.2050619637e+04 4.0878530416e+04 1.6092179366e+04 4.9119935033e+05 6.0511646892e+04 -4.3291854283e+01 2.2572993294e+02 -1.7432743131e+01 -9.4155908888e+01 5.7870491677e+02 -1.3870279899e-13 2.3601242217e+02
1.0000000000e+00 0.0000000000e+00 1.4041953459e+05 6.3196682030e+05 9.6325752652e+04 9.1137361999e+04 9.9252072527e+05 1.8075654950e+05 -1.0527374346e+02 7.9154207734e+02 -6.2325949474e+01 -1.6333285850e+02 9.1533567804e+02 -1.9928118190e-13 9.5720515134e+02
1.0000000000e+00 0.0000000000e+00 2.9076945736e+04 2.0036466489e+05 2.2605890514e+04 1.6017500252e+04 5.7179658631e+05 6.5359138223e+04 -2.7648143159e+01 4.4561143851e+02 -5.2251687261e+01 -9.4156668071e+01 6.4014301986e+02 -1.5263633382e-13 5.7130569615e+02
1.0000000000e+00 0.0000000000e+00 1.1816183710e+04 5.9704972769e+04 4.1227394211e+03 1.0825483938e+04 2.9253720615e+05 2.9302009254e+04 -3.1579284699e+01 2.3305077917e+02 -5.1436538445e+00 -8.0303241346e+01 4.0142512202e+02 -1.3134144894e-13 3.3314357369e+02
1.0000000000e+00 0.0000000000e+00 8.1694681098e+04 1.9903894663e+05 4.3544431677e+04 8.4559921830e+04 8.2076141141e+05 1.2205887159e+05 -9.0095057834e+01 4.4480477475e+02 6.1637135896e+00 -1.7513775496e+02 8.1076895712e+02 -1.6786457503e-13 4.6278600913e+02
1.0000000000e+00 0.0000000000e+00 1.3212615210e+04 1.0396629013e+02 6.1720691938e+03 2.7416861420e+04 5.1200269659e+05 4.9500374992e+04 -2.3559966378e+01 -2.2005328795e+00 5.5082711552e+01 -1.4164373758e+02 6.0084392845e+02 -1.2248313483e-13 3.2878094204e+01
1.0000000000e+00 0.0000000000e+00 5.9944839546e+04 3.8913948010e+05 3.4576292774e+04 3.1432536926e+04 6.5164387272e+05 9.2199374317e+04 -6.1325050189e+01 6.1194009282e+02 -5.3037500365e+01 -1.2305677948e+02 7.1713292282e+02 -1.7800050625e-13 8.8765100498e+02
1.0000000000e+00 0.0000000000e+00 3.2386774432e+03 4.9075687242e+03 1.0024666050e+03 1.8441504560e+04 3.9861139407e+05 3.5824319405e+04 -2.2461421013e+00 3.9900826358e+01 2.5545310065e+01 -1.0058937685e+02 4.8318313147e+02 -1.2632270160e-13 1.9350980004e+02
1.0000000000e+00 0.0000000000e+00 2.5932948218e+05 8.9323047764e+05 1.7017362522e+05 2.1773390633e+05 1.7904801205e+06 3.3643176986e+05 -1.5399183682e+02 9.4365626292e+02 -4.7829007820e+01 -2.4697795475e+02 1.2728779502e+03 -2.1945668305e-13 9.9471830716e+02
1.0000000000e+00 0.0000000000e+00 1.6869462645e+04 6.6763735775e+04 1.3399995259e+04 1.9202161744e+04 4.9565593357e+05 5.1099982999e+04 -1.0660896197e+01 -2.4789574689e+02 7.4385888963e+01 -1.2355185737e+02 5.3621160716e+02 -1.1675206329e-13 -2.9552062813e+02
1.0000000000e+00 0.0000000000e+00 1.4270312343e+04 1.1006142419e+05 2.1619475187e+03 1.6366447881e+04 5.1341402288e+05 4.8309589147e+04 -2.3712912828e+01 3.1879381904e+02 -2.7248988495e+00 -1.1556868246e+02 5.5994366243e+02 -1.5929559306e-13 5.8286947507e+02
1.0000000000e+00 0.0000000000e+00 1.4901740500e+04 1.0472442478e+05 1.0322279656e+04 6.0123587464e+03 2.2671172625e+05 2.7597925480e+04 -2.5477793817e+01 3.1516776067e+02 -3.4089057818e+01 -5.5751779858e+01 3.6148542463e+02 -1.2804928178e-13 4.6632767298e+02
1.0000000000e+00 0.0000000000e+00 5.7840869306e+03 8.1949791352e+02 2.1564184569e+03 1.7521254548e+04 4.4885890952e+05 3.9083031113e+04 -1.4546974251e+01 4.5377476940e+00 3.8605561278e+01 -1.1513355547e+02 5.2326725843e+02 -1.2423637817e-13 -3.9674626249e+01
1.0000000000e+00 0.0000000000e+00 8.9662631666e+03 1.0493062957e+03 3.3660875714e+03 1.9883648779e+04 3.4710897899e+05 3.3840447699e+04 -1.7946522659e+01 9.7197181902e+00 4.6126270153e+01 -1.1616173455e+02 4.7816587846e+02 -1.0954463541e-13 -3.4173760840e+01
1.0000000000e+00 0.0000000000e+00 5.9155545269e+03 1.0295625926e+04 2.2124553072e+03 8.3327441562e+03 2.6272931265e+05 2.2902096256e+04 -1.4871257280e+01 9.9958525850e+01 2.5449137613e+01 -8.5620052091e+01 3.3898666682e+02 -1.1765930732e-13 1.2797801538e+02
1.0000000000e+00 0.0000000000e+00 6.3031115694e+03 1.4311355087e+04 4.4586179195e+03 5.7582122230e+03 2.6698712474e+05 2.3191266442e+04 -2.1859119175e+01 1.1951322837e+02 2.9799432051e+00 -7.0268887498e+01 3.6540931314e+02 -1.2016447162e-13 1.4000948193e+02
1.0000000000e+00 0.0000000000e+00 8.0112463963e+04 3.8487217452e+05 5.4296696714e+04 4.9810646902e+04 9.7156647146e+05 1.3031757282e+05 -7.6261067735e+01 6.1946454120e+02 -4.4139157982e+01 -1.5702035196e+02 8.8290230720e+02 -1.7425059692e-13 6.3574710194e+02
1.0000000000e+00 0.0000000000e+00 1.1675464293e+04 2.1619268455e+03 4.9621475112e+03 1.8630804206e+04 3.8710791550e+05 3.6707324743e+04 -2.5092937081e+01 -3.2104335248e+01 5.2453972497e+01 -1.1740049247e+02 4.7670119200e+02 -1.2197758136e-13 6.6719507510e+01
1.0000000000e+00 0.0000000000e+00 1.1375535460e+05 5.6276743635e+05 4.0650201165e+04 1.0875647869e+05 1.5342648083e+06 1.9773679370e+05 -1.0004665677e+02 7.3357864262e+02 -1.8490345784e+01 -2.2792560777e+02 1.1112702500e+03 -2.2659476088e-13 1.0986233847e+03
1.0000000000e+00 0.0000000000e+00 1.3967593620e+04 8.4375953680e+03 1.1395577874e+04 1.9284967193e+04 5.9487364802e+05 5.4061188226e+04 -2.4290212998e+01 -5.2502048270e+01 4.8785130526e+01 -1.2689046014e+02 5.7901975198e+02 -1.4076064430e-13 -3.2305376163e+01
1.0000000000e+00 0.0000000000e+00 7.1156464526e+04 2.7356833958e+05 4.4334655402e+04 5.2316747399e+04 7.7368710407e+05 1.0834060469e+05 -7.9507501970e+01 5.1131328999e+02 -2.6170534220e+01 -1.4064614321e+02 7.3720263945e+02 -1.8870521417e-13 7.4516719973e+02
1.0000000000e+00 0.0000000000e+00 2.4326299438e+04 9.0608233472e+04 4.5776237528e+03 4.0951087505e+04 6.3403085807e+05 6.7617973348e+04 -4.2957837646e+01 2.9630753218e+02 1.0827733695e+01 -1.4672677323e+02 6.9909531057e+02 -1.4639457817e-13 3.7765646844e+02
1.0000000000e+00 0.0000000000e+00 3.5426140491e+04 8.2678014354e+04 2.2262190047e+04 3.5358536343e+04 5.4723588177e+05 6.6482544981e+04 -5.7383754907e+01 2.8570232420e+02 3.9426708026e+00 -1.2784405243e+02 6.2407626664e+02 -1.3836417215e-13 1.7454945623e+02
1.0000000000e+00 0.0000000000e+00 8.9396380221e+04 3.6198205444e+05 6.0335103888e+04 6.0748146538e+04 7.7406621500e+05 1.2345019242e+05 -8.3716566727e+01 5.9556656972e+02 -3.9249688470e+01 -1.4458628773e+02 7.8554849194e+02 -1.7743873828e-13 7.4670129885e+02
1.0000000000e+00 0.0000000000e+00 1.7020709195e+05 6.0842320803e+05 1.5321925894e+05 8.5965133581e+04 1.2010735680e+06 2.1580611363e+05 -1.0927389539e+02 7.7919777903e+02 -7.4089588003e+01 -1.6466256026e+02 1.0087512406e+03 -2.0168590355e-13 9.2799186672e+02
1.0000000000e+00 0.0000000000e+00 1.0940326980e+05 6.9502759876e+05 5.0213813293e+04 7.0170332931e+04 1.3819270170e+06 1.8070848819e+05 -8.9679720017e+01 8.1219554046e+02 -5.6037740984e+01 -1.8621589969e+02 1.0136832563e+03 -2.3563491552e-13 1.2474473439e+03
1.0000000000e+00 0.0000000000e+00 6.5497055447e+03 7.1996155086e+02 5.2938665606e+03 6.8170907698e+03 2.7239943378e+05 2.3721774243e+04 -1.8958189181e+01 1.2255948160e+01 2.2513745255e+01 -7.3882254357e+01 3.4339613956e+02 -1.1737633308e-13 -6.8427411993e+00
1.0000000000e+00 0.0000000000e+00 1.0807561944e+04 4.4594967466e+03 8.2667607998e+03 1.5569027389e+04 3.8317463931e+05 3.6596522990e+04 -2.1796099861e+01 -5.4726521488e+01 4.6813773490e+01 -1.1367104762e+02 5.0441729840e+02 -1.1817226479e-13 -3.7765885496e+01
1.0000000000e+00 0.0000000000e+00 8.2471618956e+03 3.9870076736e+03 4.7680605173e+03 1.2138534157e+04 4.2933244518e+05 3.6618253501e+04 -2.4025732174e+01 5.6650008068e+01 2.6414665374e+01 -1.0408720301e+02 4.8880730155e+02 -1.3239396752e-13 1.0482093511e+02
1.0000000000e+00 0.0000000000e+00 3.4204666915e+04 1.3869557977e+04 2.0782378132e+04 4.7004348307e+04 6.9525510337e+05 7.7662290511e+04 -5.4204145000e+01 8.5791059745e+01 4.7634270803e+01 -1.6103353534e+02 7.1421876608e+02 -1.3656262192e-13 -7.7038687721e+01
1.0000000000e+00 0.0000000000e+00 9.9704318979e+04 4.7847055171e+05 5.3587239317e+04 7.8152837225e+04 1.0009453232e+06 1.4943411184e+05 -9.2082583783e+01 6.8297754937e+02 -3.8547713275e+01 -1.7278370100e+02 9.0632542998e+02 -1.9428022637e-13 8.9045053940e+02
1.0000000000e+00 0.0000000000e+00 2.8188790734e+04 1.0913965201e+05 1.8614056478e+04 2.2840179269e+04 3.8475270191e+05 4.9629850400e+04 -4.8098384195e+01 3.2881262294e+02 -1.6010634677e+01 -9.9258808084e+01 5.2807568008e+02 -1.3803049880e-13 4.1085016292e+02
1.0000000000e+00 0.0000000000e+00 2.8626037699e+04 9.6324211093e+03 6.7743400132e+03 6.6691632625e+04 9.4201471930e+05 9.6913235062e+04 -3.9615850240e+01 8.7898185610e+01 7.2971592007e+01 -2.0343729914e+02 8.3535401228e+02 -1.6071507270e-13 2.0357635337e+02
1.0000000000e+00 0.0000000000e+00 3.0840457822e+04 2.2051583069e+03 1.1620224841e+04 5.1530903588e+04 7.0861880849e+05 7.6081235753e+04 -4.9641919148e+01 3.7373463404e+01 6.6677268781e+01 -1.7441488034e+02 7.1774225002e+02 -1.3288220697e-13 -2.5738981961e+01
1.0000000000e+00 0.0000000000e+00 1.6455648719e+03 1.9594003746e+03 1.5347795452e+03 1.7771468825e+04 5.0170928761e+05 4.2539282633e+04 2.3514372501e+00 2.9082645657e+01 2.5604633333e+01 -1.0301051569e+02 5.0703730917e+02 -1.3502406926e-13 1.7065892424e+02
1.0000000000e+00 0.0000000000e+00 1.6709222854e+04 1.4923417713e+03 4.7794585148e+03 3.8790075238e+04 6.1693337859e+05 6.1169102467e+04 -2.5100092174e+01 -3.0488879566e+01 6.2482582217e+01 -1.5412224315e+02 6.5811579616e+02 -1.2520060232e-13 -1.1280905251e+02
1.0000000000e+00 0.0000000000e+00 3.4754180003e+04 1.3358029983e+05 1.9036538161e+04 3.0518340603e+04 5.3291110932e+05 6.4458114027e+04 -5.5098144225e+01 3.6229456321e+02 -1.0394610807e+01 -1.2048387455e+02 6.1014914957e+02 -1.5096952388e-13 3.7298471274e+02
1.0000000000e+00 0.0000000000e+00 2.4615745460e+04 3.6345591645e+04 1.1686959609e+04 3.2476680549e+04 5.4920141368e+05 5.8460641628e+04 -4.7297747000e+01 1.8887266043e+02 2.5199870099e+01 -1.3827135552e+02 6.2915730293e+02 -1.4073298471e-13 2.5471968766e+02
1.0000000000e+00 0.0000000000e+00 1.3708940004e+05 8.0185875613e+05 8.1261502696e+04 7.0238446581e+04 1.2556830442e+06 1.9091750335e+05 -9.8004459284e+01 8.8618400454e+02 -7.6448572610e+01 -1.7279644908e+02 9.9986208116e+02 -2.2306883819e-13 1.1890893811e+03
1.0000000000e+00 0.0000000000e+00 1.1261976289e+04 1.0231265026e+03 1.2111072739e+04 9.8424227053e+03 3.7006942553e+05 3.4612815880e+04 -2.4421796414e+01 2.1246920929e+01 2.0895598232e+01 -9.0809686704e+01 4.6095655590e+02 -1.2232691878e-13 -7.4022638519e+00
1.0000000000e+00 0.0000000000e+00 2.7172215279e+04 5.5386885731e+03 9.8597479945e+03 4.5454404307e+04 6.5930963825e+05 6.9423029144e+04 -4.5288831354e+01 7.1703051088e+01 6.2486162670e+01 -1.7093955945e+02 6.9598904616e+02 -1.4532460118e-13 1.1303220744e+02
1.0000000000e+00 0.0000000000e+00 1.4092771141e+04 8.7992763410e+04 4.6780338735e+03 1.1607470628e+04 3.9569762255e+05 3.8232968593e+04 -3.0710282885e+01 2.9081736977e+02 -9.7412306436e+00 -9.4387986156e+01 4.8309395041e+02 -1.4516910763e-13 4.1052045593e+02
1.0000000000e+00 0.0000000000e+00 1.5245386736e+04 3.0169288479e+04 3.0053921433e+03 2.8946593194e+04 5.1711079334e+05 5.0657945973e+04 -3.4501072393e+01 1.7332476107e+02 2.4747703240e+01 -1.3011950702e+02 5.8868686026e+02 -1.4148176719e-13 1.8517838129e+02
1.0000000000e+00 0.0000000000e+00 6.0582031336e+03 7.1256346650e+03 2.8933945277e+03 1.1123606533e+04 3.5766578598e+05 3.0686183618e+04 -1.9582757064e+01 8.2422558637e+01 2.1739097356e+01 -9.7295379099e+01 4.5415644319e+02 -1.2645306390e-13 9.9086813784e+01
1.0000000000e+00 0.0000000000e+00 1.0085512871e+04 5.5648755944e+03 5.0470486173e+03 1.5027084355e+04 3.5909360778e+05 3.3398500937e+04 -2.7423160289e+01 3.1823463281e+01 3.0907954213e+01 -1.0116726107e+02 4.5863878981e+02 -1.1215593958e-13 -1.1088640705e+02
1.0000000000e+00 0.0000000000e+00 1.6907058599e+04 1.9336474605e+04 1.3025664328e+04 2.0607891322e+04 4.8894333754e+05 4.8776457917e+04 -2.6388150686e+01 -1.2338941184e+02 6.1511511694e+01 -1.2846784612e+02 5.6019793223e+02 -1.1642426497e-13 -2.3741927451e+02
1.0000000000e+00 0.0000000000e+00 5.9497661698e+04 2.4897485412e+04 2.4378669321e+04 9.1030818017e+04 1.0066644267e+06 1.2061148067e+05 -7.1543882211e+01 1.5705961961e+02 7.4517970444e+01 -2.2305898197e+02 9.0648785888e+02 -1.5255958482e-13 1.1741312859e+02
1.0000000000e+00 0.0000000000e+00 6.8122778389e+03 2.1714613389e+04 6.4955464060e+03 3.4608815595e+03 2.4074436215e+05 2.1631716322e+04 -1.9872299636e+01 1.4149191097e+02 -9.6519629300e+00 -5.6031886511e+01 3.3448967117e+02 -1.1735805206e-13 2.2552005762e+02
1.0000000000e+00 0.0000000000e+00 5.4186172255e+04 7.9531178860e+04 3.2294315440e+04 5.7951507060e+04 9.3227878699e+05 1.0676556081e+05 -7.1191916170e+01 2.7549640690e+02 2.4769072069e+01 -1.7812391516e+02 8.3613062596e+02 -1.5773590911e-13 2.1923513114e+02
1.0000000000e+00 0.0000000000e+00 9.3609169601e+03 2.1129200666e+03 4.5253143883e+03 1.8991385627e+04 4.9125913766e+05 4.3684805494e+04 -2.1512390038e+01 1.1097459756e+01 4.3147868591e+01 -1.2484597295e+02 5.5462567605e+02 -1.1797678595e-13 -1.7300661290e+02
1.0000000000e+00 0.0000000000e+00 1.1665370414e+05 2.5956005845e+05 8.2948410399e+04 1.0201773905e+05 1.3471911979e+06 1.8534101681e+05 -1.0295516726e+02 5.0911057450e+02 -2.9291809434e+00 -2.0900126316e+02 1.0494115177e+03 -1.9716198698e-13 5.8093807403e+02
1.0000000000e+00 0.0000000000e+00 4.2266154090e+04 2.5264574023e+05 2.3289650638e+04 2.2757001233e+04 4.1796918585e+05 6.0941466649e+04 -5.6597681312e+01 4.8921573991e+02 -4.1416531598e+01 -9.3145529980e+01 5.3182715127e+02 -1.6527959775e-13 7.4689442446e+02
1.0000000000e+00 0.0000000000e+00 7.5113721971e+03 2.1337889446e+04 4.4909157859e+03 6.5941198727e+03 2.0419034844e+05 1.9707104159e+04 -2.4400140782e+01 1.4512696951e+02 1.1926640016e+00 -6.3125083347e+01 3.0999709186e+02 -1.1352058569e-13 1.5997205242e+02
1.0000000000e+00 0.0000000000e+00 3.8420192345e+03 1.6220092529e+03 1.7764052014e+03 1.3924618351e+04 2.9251920807e+05 2.6817231014e+04 1.6410003691e+00 -3.9681049714e+01 2.9744387208e+01 -7.9134741762e+01 3.7056686306e+02 -1.0831307648e-13 -3.7149754878e+01
1.0000000000e+00 0.0000000000e+00 3.2025166552e+04 4.5451220402e+04 1.4013875903e+04 4.8643100953e+04 1.0235819620e+06 9.9131043806e+04 -5.1286820830e+01 2.1261746401e+02 3.6845382169e+01 -1.8746670837e+02 8.6779132698e+02 -1.6014815319e-13 1.3280895875e+02
1.0000000000e+00 0.0000000000e+00 5.3300171642e+03 5.9798591033e+03 2.5466252890e+03 1.4792489197e+04 4.5298271018e+05 3.8549998598e+04 -9.2775353881e+00 5.3586808928e+01 3.4949441502e+01 -1.1052145147e+02 4.7961591369e+02 -1.3878899118e-13 1.2886445086e+02
1.0000000000e+00 0.0000000000e+00 4.4797410997e+03 1.7225612864e+03 2.0052653795e+03 1.0508465334e+04 2.3534746438e+05 2.1530787349e+04 -1.0733823344e+01 -3.3891801788e+01 3.8846416826e+01 -8.6138408709e+01 3.5505666856e+02 -1.1221711957e-13 1.0487761840e+02
1.0000000000e+00 0.0000000000e+00 8.9881469634e+03 3.7149795793e+04 7.0097871519e+03 1.3897782753e+04 5.9155073406e+05 5.0931493804e+04 -1.8831481307e+01 1.9251816272e+02 -5.8639509769e+00 -1.0467581630e+02 5.9971082172e+02 -1.3855220225e-13 1.4153412967e+02
1.0000000000e+00 0.0000000000e+00 3.0465316180e+03 2.3356707877e+04 2.3533088913e+03 4.3037908793e+03 1.9356184592e+05 1.7134971067e+04 -8.8710039583e-01 1.4861628669e+02 -2.3944054433e+01 -3.2310706151e+01 2.6137473189e+02 -1.1259289495e-13 1.5871339840e+02
1.0000000000e+00 0.0000000000e+00 1.4847565621e+04 5.9664517306e+04 9.0152308116e+03 1.2783773443e+04 3.4719931276e+05 3.5971144125e+04 -3.3339001101e+01 2.3472360629e+02 -6.3902193205e+00 -9.0012828122e+01 4.7346144492e+02 -1.3835719758e-13 4.7515063115e+02
1.0000000000e+00 0.0000000000e+00 2.3242226941e+04 1.3801724540e+05 9.0086406650e+03 2.0840228516e+04 5.1290347406e+05 5.4632754385e+04 -3.9199461668e+01 3.6978982347e+02 -1.4061385094e+01 -1.1736014851e+02 6.0713676562e+02 -1.4240397370e-13 4.0714712190e+02
1.0000000000e+00 0.0000000000e+00 1.2574538014e+04 1.7438251708e+04 3.6503664097e+03 1.7968020693e+04 3.6172736511e+05 3.4890799784e+04 -3.2884060242e+01 1.2314872688e+02 2.8504837803e+01 -1.1193161200e+02 4.7923619742e+02 -1.1749155630e-13 4.2449118029e+01
1.0000000000e+00 0.0000000000e+00 3.2579932757e+03 4.2704687774e+03 1.4584495601e+03 4.8540594785e+03 1.5987819803e+05 1.3788251809e+04 -1.5890684884e+01 5.9080964013e+01 1.3647023375e+01 -6.0373160155e+01 2.7496270091e+02 -1.0985004180e-13 2.1709274560e+02
1.0000000000e+00 0.0000000000e+00 6.3714582073e+03 3.7720995288e+02 5.0661655125e+03 2.8434713000e+04 4.7317141833e+05 4.6885634512e+04 9.7734542633e+00 -2.5179978787e+00 3.2751386770e+01 -1.0582560810e+02 5.0340104013e+02 -1.2799700642e-13 5.3889399564e+01
1.0000000000e+00 0.0000000000e+00 9.4103559228e+03 4.6274176727e+04 8.7526737192e+03 7.0441840411e+03 3.4783651733e+05 3.2643023676e+04 -1.4026177501e+01 2.1195484494e+02 -2.2023569487e+01 -6.5421803365e+01 4.2508257892e+02 -1.2210079250e-13 5.5034116441e+01
1.0000000000e+00 0.0000000000e+00 1.5276797510e+05 6.9145066326e+05 1.0890710525e+05 8.6818326128e+04 9.0966963544e+05 1.8159743344e+05 -1.0790215035e+02 8.2657021865e+02 -7.4947474710e+01 -1.4764963490e+02 8.6502824152e+02 -1.9885474725e-13 1.0634161553e+03
1.0000000000e+00 0.0000000000e+00 3.5685803036e+04 6.2773967423e+04 2.6734644795e+04 2.9948822615e+04 5.8483480273e+05 6.7508565150e+04 -5.5007954864e+01 2.4934553378e+02 5.3771289773e+00 -1.2623125146e+02 6.3078140969e+02 -1.4521969471e-13 1.4380557633e+02
1.0000000000e+00 0.0000000000e+00 1.1386397026e+04 5.3651015037e+04 1.0015406367e+04 5.9504235696e+03 2.7519600050e+05 2.8171963222e+04 -2.4238858345e+01 2.2588650842e+02 -2.1049883828e+01 -6.4551312296e+01 4.0274243014e+02 -1.2648321701e-13 3.6832374499e+02
1.0000000000e+00 0.0000000000e+00 7.9558877255e+04 2.5395672745e+05 4.5828124835e+04 7.2576891634e+04 8.2352705332e+05 1.2052771194e+05 -8.6392181097e+01 5.0288786729e+02 -1.1398644082e+01 -1.6479896416e+02 8.1110129092e+02 -1.7153861990e-13 5.6699050603e+02
1.0000000000e+00 0.0000000000e+00 2.3227251277e+04 1.5582507680e+04 1.3339601258e+04 3.3430657489e+04 5.7222707563e+05 6.0125949926e+04 -2.3810789894e+01 -1.1156594454e+02 9.1347557137e+01 -1.6432880494e+02 6.0136588480e+02 -1.1689029826e-13 -2.2734603529e+02
1.0000000000e+00 0.0000000000e+00 4.6729068085e+04 1.9901771883e+05 1.7914493717e+04 4.4604471345e+04 6.4380714511e+05 8.1040072021e+04 -6.3102300638e+01 4.3199304875e+02 -3.3164610583e+00 -1.4733909858e+02 6.9406417363e+02 -1.6949266007e-13 6.7631054687e+02
1.0000000000e+00 0.0000000000e+00 1.2206282972e+04 2.1311573742e+03 1.1691869722e+04 4.3496081736e+04 5.6240896742e+05 6.2641231373e+04 2.0608226726e+01 6.0328362918e+00 3.0336819505e+01 -1.0977111525e+02 5.3911268895e+02 -1.3681943872e-13 1.4090578360e+02
1.0000000000e+00 0.0000000000e+00 4.0515859864e+04 5.6420159012e+04 2.2436962130e+04 5.8990520092e+04 8.3273046550e+05 9.5147103578e+04 -3.4310044701e+01 -2.1501613953e+02 1.1819064871e+02 -2.0417982980e+02 7.7332961223e+02 -1.2128526569e-13 -4.5270782915e+02
1.0000000000e+00 0.0000000000e+00 4.8419819559e+04 6.8089038850e+03 1.7793437874e+04 9.2924896776e+04 1.1299548033e+06 1.2602674128e+05 -4.6918871353e+01 -7.2877671581e+01 1.1510617795e+02 -2.4341364032e+02 9.5231807250e+02 -1.4480169567e-13 -1.2007171299e+02
1.0000000000e+00 0.0000000000e+00 1.3962430165e+05 4.4622802748e+05 6.6973298804e+04 1.4588804385e+05 1.6621387784e+06 2.2870988924e+05 -1.1574343094e+02 6.6207137350e+02 -2.6041896895e-01 -2.5007260163e+02 1.1959193563e+03 -2.1002890728e-13 7.8754947704e+02
1.0000000000e+00 0.0000000000e+00 2.1360018837e+04 3.7583808682e+04 1.0818251019e+04 2.8617772073e+04 6.1478146704e+05 6.0813363761e+04 -4.2451981336e+01 1.9179655911e+02 2.1315781555e+01 -1.3872319681e+02 6.5493855141e+02 -1.4584210124e-13 2.4805383644e+02
1.0000000000e+00 0.0000000000e+00 1.4483551039e+03 1.0860566549e+03 1.1491855828e+03 6.1982684896e+03 2.2841218453e+05 1.8714790784e+04 1.2481156125e+00 -1.8822376148e+01 2.2760727721e+01 -6.2205709194e+01 2.8617146635e+02 -1.1290570376e-13 -3.7712975501e-01
1.0000000000e+00 0.0000000000e+00 5.2568032188e+04 1.8825204061e+05 2.9183732539e+04 4.6922107740e+04 6.7768894642e+05 8.8692344838e+04 -6.8876935588e+01 4.3286711589e+02 -1.1106093326e+01 -1.4460697403e+02 7.2497915620e+02 -1.6217907239e-13 5.1613142920e+02
1.0000000000e+00 0.0000000000e+00 1.5369840966e+04 1.2821908137e+04 4.8851501892e+03 6.5491927352e+04 9.4655429908e+05 9.6019467183e+04 -3.9955890732e+00 1.1171746151e+02 3.9502181074e+01 -1.7266094628e+02 8.2544032615e+02 -1.4609160003e-13 1.3407109971e+02
1.0000000000e+00 0.0000000000e+00 4.8449454432e+04 1.4063958335e+04 2.5933020270e+04 6.7300089575e+04 9.7509520421e+05 1.0789160325e+05 -6.4402036475e+01 1.0840914819e+02 6.3424756477e+01 -2.0364680323e+02 8.8286417364e+02 -1.4667290371e-13 -3.8335239593e+00
1.0000000000e+00 0.0000000000e+00 1.2438870128e+05 3.8955738505e+05 7.3294371946e+04 1.1093538563e+05 1.0160542678e+06 1.6937080509e+05 -1.0881042913e+02 6.2235835996e+02 -1.8078991684e+01 -1.8673860609e+02 9.1354181353e+02 -1.8674463263e-13 7.1860296773e+02
1.0000000000e+00 0.0000000000e+00 6.3163621399e+03 4.4258836646e+03 4.3807547842e+03 1.7919406524e+04 4.9520381887e+05 4.3517501070e+04 -1.6068280498e+01 5.0280616770e+01 2.4625700720e+01 -1.1280668593e+02 5.6357892844e+02 -1.2682755435e-13 -1.5489162489e+01
1.0000000000e+00 0.0000000000e+00 6.3190713733e+04 1.3562635216e+05 4.7910681810e+04 5.3471305015e+04 6.3696020920e+05 9.4383796742e+04 -7.6198663582e+01 3.6814892477e+02 -6.9564893474e+00 -1.3747692474e+02 6.9805081497e+02 -1.5539167978e-13 3.6494259416e+02
1.0000000000e+00 0.0000000000e+00 2.5250298012e+04 2.4356697501e+04 1.1160943691e+04 3.3516020211e+04 5.8178274386e+05 6.0302149616e+04 -4.8268410559e+01 1.4741345600e+02 3.5436026214e+01 -1.4261700169e+02 6.2326140873e+02 -1.5565400121e-13 3.4690891102e+02
1.0000000000e+00 0.0000000000e+00 1.2197256119e+04 2.1794577705e+04 6.8375035695e+03 1.6805604926e+04 3.7600035372e+05 3.6914612280e+04 -3.1413700453e+01 1.4301878718e+02 1.4819748372e+01 -1.0442230537e+02 5.0184768959e+02 -1.2710757726e-13 2.5571428385e+02
1.0000000000e+00 0.0000000000e+00 1.0362735460e+04 2.9334563542e+04 5.8691723700e+03 1.1996923550e+04 1.9174224521e+05 2.2302665541e+04 -1.2250123659e+01 -1.6187740953e+02 6.7078210257e+01 -9.3713106372e+01 3.1917404608e+02 -8.3173215189e-14 -2.0627269054e+02
1.0000000000e+00 0.0000000000e+00 4.0462146904e+04 1.9789809323e+05 3.1006528581e+04 2.9369588893e+04 3.7999833374e+05 6.1995824173e+04 -5.0196625475e+00 -4.3238470180e+02 1.2943965201e+02 -1.4885432409e+02 4.8916314721e+02 -8.4451965690e-14 -6.4037354981e+02
1.0000000000e+00 0.0000000000e+00 5.1955326235e+04 3.5389901092e+04 3.2928877109e+04 7.1534824297e+04 1.0655149427e+06 1.1995891891e+05 -5.1830480851e+01 -1.5695155991e+02 1.0815752757e+02 -2.2357099110e+02 9.2529196322e+02 -1.3376280541e-13 -2.9753538101e+02
1.0000000000e+00 0.0000000000e+00 9.0481725045e+04 1.1989435749e+05 3.8415787288e+04 1.2863591817e+05 1.1968066771e+06 1.6115564762e+05 -9.6443965799e+01 3.4546251269e+02 4.7392280926e+01 -2.3134336844e+02 9.9746200822e+02 -1.7904854345e-13 3.7403536321e+02
1.0000000000e+00 0.0000000000e+00 9.7329292586e+03 2.7259727047e+04 6.3981773994e+03 1.4913826163e+04 3.7191595771e+05 3.5865450762e+04 -4.2069731798e+00 -1.3523365784e+02 6.4983370499e+01 -1.0909605879e+02 4.1642196110e+02 -1.0498597706e-13 -3.2362613044e+02
1.0000000000e+00 0.0000000000e+00 6.1275340399e+04 1.9490170447e+05 4.2263627234e+04 4.9685496684e+04 6.5383245145e+05 9.4304842528e+04 -7.3704269006e+01 4.4045444840e+02 -1.7995496584e+01 -1.3656471461e+02 7.0948664112e+02 -1.5179950863e-13 3.3158425025e+02
1.0000000000e+00 0.0000000000e+00 4.4945905099e+03 7.6437318946e+02 4.4003242880e+03 4.4547487461e+03 1.8839649383e+05 1.6620563300e+04 -1.5658188158e+01 2.6562907816e+01 1.5274303533e+01 -6.3650504290e+01 3.1048471944e+02 -9.8188654875e-14 1.7073895343e+01
1.0000000000e+00 0.0000000000e+00 1.5587354159e+04 8.0538460688e+03 5.2969945623e+03 2.7025009005e+04 4.8800897571e+05 4.7725442401e+04 -3.5375056773e+01 7.5987465839e+01 4.1209803245e+01 -1.3379783095e+02 5.7950124126e+02 -1.2818149403e-13 4.0936954475e+00
1.0000000000e+00 0.0000000000e+00 7.0622316948e+04 1.7343531933e+05 3.7160889545e+04 7.3479564064e+04 8.0752862014e+05 1.1213997410e+05 -8.4171204061e+01 4.1522285136e+02 6.5967416013e+00 -1.6906454436e+02 7.8892220958e+02 -1.7612329809e-13 5.4910304178e+02
1.0000000000e+00 0.0000000000e+00 8.4933430285e+03 1.2789908577e+03 3.9924983587e+03 1.5567916600e+04 2.7647457657e+05 2.7419502694e+04 -1.6362715723e+01 -3.3660388219e+01 5.0094448320e+01 -1.0492625230e+02 4.0910472329e+02 -1.0623637988e-13 -3.0026710120e+01
1.0000000000e+00 0.0000000000e+00 3.5663649219e+04 1.4102645311e+05 2.0467082677e+04 3.0570395154e+04 4.8901380353e+05 6.2514199190e+04 -5.6015028737e+01 3.7431062896e+02 -1.4768712650e+01 -1.1477314603e+02 5.9095268146e+02 -1.4809566333e-13 3.8446876442e+02
1.0000000000e+00 0.0000000000e+00 1.7742306166e+04 8.0314870338e+04 3.2032543137e+03 2.5794638999e+04 5.8990977151e+05 5.6695207354e+04 -3.5715444733e+01 2.8249155696e+02 1.1984048850e+01 -1.3702090483e+02 6.3659416186e+02 -1.4491958607e-13 2.3893224817e+02
1.0000000000e+00 0.0000000000e+00 1.8014006932e+04 4.7331650772e+03 4.6436384626e+03 3.8422006652e+04 5.9863336505e+05 5.9873596313e+04 -2.8639256122e+01 4.5766843961e+01 6.1109717065e+01 -1.5930784955e+02 6.4568856959e+02 -1.2545217896e-13 -9.9944035718e+01
1.0000000000e+00 0.0000000000e+00 1.0886183631e+04 6.9051417377e+04 7.8289443346e+03 5.4561055839e+03 3.0468233685e+05 2.9751016470e+04 -2.1231606080e+01 2.5465381886e+02 -2.3349739404e+01 -6.8344689766e+01 4.2182612870e+02 -1.3069630821e-13 4.1895776083e+02
1.0000000000e+00 0.0000000000e+00 2.3730954849e+04 6.4746265281e+02 7.6587538702e+03 5.2790497883e+04 7.3532078614e+05 7.6661975211e+04 -2.7453295851e+01 -6.2907366294e+00 7.7140934543e+01 -1.8090935493e+02 7.2645653117e+02 -1.4355173216e-13 1.1949222254e+02
1.0000000000e+00 0.0000000000e+00 1.2530271998e+04 8.7591475182e+04 3.3496133540e+03 1.9180898980e+04 4.0980757370e+05 4.2014063690e+04 -1.2028994223e+01 2.7989549465e+02 -6.5067328520e+00 -1.0131116769e+02 5.1694090543e+02 -1.3678630803e-13 4.7838524559e+02
1.0000000000e+00 0.0000000000e+00 2.4315773676e+04 3.5568851058e+04 1.3125410590e+04 3.1721249639e+04 6.1297823957e+05 6.2990318854e+04 -4.6607917056e+01 1.8278561991e+02 2.0997428622e+01 -1.3975667798e+02 6.7055489607e+02 -1.3875906207e-13 1.9100498849e+02
1.0000000000e+00 0.0000000000e+00 2.5840209501e+04 1.1433857294e+04 1.2779193746e+04 3.4769406413e+04 5.2622191460e+05 5.7190197082e+04 -4.8151184903e+01 8.8424605105e+01 4.4502480168e+01 -1.4483046456e+02 6.2342157332e+02 -1.2406375094e-13 4.2673472377e+00
1.0000000000e+00 0.0000000000e+00 8.4341234784e+04 2.7966395839e+05 5.7199782248e+04 6.8217095862e+04 6.6647582958e+05 1.1416701899e+05 -8.6650435920e+01 5.2238285751e+02 -2.5403732666e+01 -1.4222795529e+02 7.3478038356e+02 -1.6969684086e-13 7.2773421273e+02
1.0000000000e+00 0.0000000000e+00 1.4422527663e+04 1.1360701258e+05 4.8534918867e+03 1.0422936763e+04 3.5192175117e+05 3.6095818313e+04 -2.8259592080e+01 3.2090566956e+02 -2.0232673366e+01 -8.7091769414e+01 4.7915319750e+02 -1.3960746014e-13 5.8876092200e+02
1.0000000000e+00 0.0000000000e+00 3.3531229869e+04 3.5881047611e+04 1.5050654623e+04 4.5173302629e+04 4.0206841047e+05 5.5732796812e+04 -5.9732003111e+01 1.8919454074e+02 2.8943575779e+01 -1.3212050178e+02 5.6357417586e+02 -1.2020518570e-13 2.1697888678e+02
1.0000000000e+00 0.0000000000e+00 4.9759365225e+03 3.5638903896e+02 3.7070840878e+03 1.3918651925e+04 3.6123725694e+05 3.2206154603e+04 -1.7698619336e+00 1.6812460839e+01 3.1979280111e+01 -9.4718955203e+01 4.1946181346e+02 -1.1854498543e-13 5.6731169681e+01
1.0000000000e+00 0.0000000000e+00 1.9586520940e+03 4.0779008987e+03 3.7629032893e+02 4.3184745876e+03 1.9166569040e+05 1.5208053576e+04 -9.7576195483e+00 5.6729660357e+01 1.5410273754e+01 -6.2419582969e+01 2.7914904496e+02 -1.0186434655e-13 -2.4348983604e+01
1.0000000000e+00 0.0000000000e+00 1.5453894670e+05 4.4492096834e+05 1.0042982639e+05 1.3392034281e+05 1.4608934853e+06 2.2412055601e+05 -1.1768871086e+02 6.6422442868e+02 -1.7124256048e+01 -2.2019841900e+02 1.1015776256e+03 -2.1447902006e-13 8.1160587442e+02
1.0000000000e+00 0.0000000000e+00 4.4547157131e+04 1.1970286258e+05 1.7578531358e+04 6.0231164044e+04 1.0420665700e+06 1.1082428406e+05 -6.2988348580e+01 3.4511032232e+02 1.9302429630e+01 -1.9256382106e+02 9.1704311711e+02 -1.5943185660e-13 3.8604821175e+02
1.0000000000e+00 0.0000000000e+00 2.6405512159e+03 1.2837803393e+04 1.9964696537e+03 6.6501874961e+03 1.9065422385e+05 1.7326189176e+04 6.8057066634e+00 1.1156393332e+02 -1.3703289202e+01 -3.4091092548e+01 2.3496175204e+02 -1.0871431428e-13 1.8690914369e+02
1.0000000000e+00 0.0000000000e+00 1.5823024925e+05 4.6646806598e+05 1.3052438809e+05 1.0998033157e+05 1.2158814400e+06 2.1085515326e+05 -1.1557628403e+02 6.8185226146e+02 -4.3931012309e+01 -1.8451693977e+02 1.0205382477e+03 -1.9314766320e-13 7.4521688566e+02
1.0000000000e+00 0.0000000000e+00 1.1005215804e+04 3.0235011856e+04 4.2834738068e+03 1.2336716301e+04 2.3995666393e+05 2.5060172457e+04 -3.0805895629e+01 1.6656692904e+02 1.0901493323e+01 -8.5325663744e+01 3.8125433192e+02 -1.1682551836e-13 2.1788420715e+02
1.0000000000e+00 0.0000000000e+00 1.1688868450e+04 6.8660333270e+03 1.2185440632e+04 1.5083807654e+04 4.6408348038e+05 4.3627349595e+04 -1.8966479628e+01 -7.1678422328e+01 4.1685527279e+01 -1.1218879445e+02 5.3978923752e+02 -1.2368293152e-13 -2.8877906012e+01
1.0000000000e+00 0.0000000000e+00 2.3380122021e+04 8.2940933365e+04 8.0869685988e+03 2.6034408293e+04 4.3580714395e+05 4.8673959559e+04 -4.5939728878e+01 2.8266290840e+02 6.9851139626e+00 -1.2124933993e+02 5.6247603369e+02 -1.3650009719e-13 3.2838197707e+02
1.0000000000e+00 0.0000000000e+00 7.7903626071e+03 1.3293258366e+03 3.4308265891e+03 1.8273915000e+04 4.5504466867e+05 4.0414023693e+04 -2.0648813669e+01 2.8488815383e+01 3.3783748316e+01 -1.1378688658e+02 5.2750105731e+02 -1.3144511639e-13 9.2653381952e+01
1.0000000000e+00 0.0000000000e+00 4.2653155478e+04 1.8514697140e+03 2.5347776723e+04 5.9420097971e+04 8.1043723365e+05 9.2397107899e+04 -5.7696361813e+01 1.9276276046e+01 7.0450904369e+01 -1.8752161468e+02 7.9498321937e+02 -1.4511976980e-13 2.6603554439e+01
1.0000000000e+00 0.0000000000e+00 1.1727468064e+04 1.6932912390e+03 4.7373495299e+03 2.3981075912e+04 3.8106001800e+05 3.8599759446e+04 -1.2626577349e+01 -3.3632885657e+01 5.1879875102e+01 -1.1208735093e+02 4.4578499898e+02 -1.1600607797e-13 -6.6852905948e+01
1.0000000000e+00 0.0000000000e+00 3.6589471188e+04 2.8186944856e+04 2.1888990147e+04 4.9037685073e+04 8.4037633478e+05 8.9527878835e+04 -5.6573677943e+01 1.6684084825e+02 3.6587423843e+01 -1.7413402644e+02 8.1347995273e+02 -1.4741254627e-13 1.3565994267e+02
1.0000000000e+00 0.0000000000e+00 2.1416525178e+04 9.3158636657e+04 1.5232659284e+04 1.1700519287e+04 3.5242881696e+05 4.0170306777e+04 -3.9338515115e+01 3.0480929786e+02 -1.9711781979e+01 -8.2710454107e+01 4.5819873136e+02 -1.2979014249e-13 2.7728267666e+02
1.0000000000e+00 0.0000000000e+00 2.6580213939e+04 3.3563435522e+04 5.9561721553e+03 4.3288172845e+04 7.8983404086e+05 7.6926178187e+04 -4.6304245293e+01 1.8143692258e+02 4.7083513506e+01 -1.7696738175e+02 7.5452025922e+02 -1.5860082715e-13 2.8996502856e+02
1.0000000000e+00 0.0000000000e+00 1.9067160496e+04 4.5298336496e+04 8.6016163651e+03 2.8615837193e+04 6.0501644546e+05 5.9581792387e+04 -3.8832889784e+01 2.0880954263e+02 1.7922159941e+01 -1.4114028161e+02 6.8042547468e+02 -1.4392446729e-13 3.1683076858e+02
1.0000000000e+00 0.0000000000e+00 1.7052535545e+04 1.1072214849e+05 3.7901312924e+03 1.7917800638e+04 5.0240652891e+05 4.9005298621e+04 -3.3598662108e+01 3.2230380559e+02 -4.9062374562e+00 -1.1648504653e+02 5.7750340551e+02 -1.5334246341e-13 4.9375280990e+02
1.0000000000e+00 0.0000000000e+00 4.7090436135e+04 1.1180772494e+05 2.6285402454e+04 4.7017299346e+04 7.9815640133e+05 9.1806706355e+04 -6.5675374808e+01 3.3364204369e+02 9.6263211420e+00 -1.5866116815e+02 7.5956903972e+02 -1.6935145453e-13 3.9949780237e+02
1.0000000000e+00 0.0000000000e+00 2.7257769115e+05 1.0154916318e+06 1.9262382167e+05 2.1092011457e+05 1.8537872192e+06 3.5333512982e+05 -1.5325702507e+02 1.0046404347e+03 -6.5174248307e+01 -2.4140708148e+02 1.3017393939e+03 -2.3141947450e-13 1.1979514070e+03
1.0000000000e+00 0.0000000000e+00 8.0498299752e+04 1.7495883408e+05 3.4150073129e+04 1.0189591333e+05 1.3265605524e+06 1.5867670923e+05 -8.8518678473e+01 4.1824944531e+02 2.8636306136e+01 -2.2916605286e+02 1.0494986161e+03 -1.8254093185e-13 4.2337669306e+02
1.0000000000e+00 0.0000000000e+00 3.6929771035e+04 2.4635262848e+04 1.1729539130e+04 5.7241074955e+04 7.5571319218e+05 8.2987614744e+04 -5.8999317018e+01 1.4891762989e+02 5.3587058214e+01 -1.7905901712e+02 7.5081841587e+02 -1.4495756875e-13 7.9417317382e+01
1.0000000000e+00 0.0000000000e+00 1.4696647727e+05 9.1838758441e+05 5.5225942312e+04 1.2235185938e+05 2.1075180310e+06 2.6631777416e+05 -1.0444344926e+02 9.3896831627e+02 -4.6053046540e+01 -2.5747075491e+02 1.3354861810e+03 -2.4874988015e-13 1.2787023357e+03
1.0000000000e+00 0.0000000000e+00 2.3772179648e+04 1.9153629335e+05 1.1281531816e+04 1.0689719401e+04 3.7516562680e+05 4.4406169234e+04 -3.5233822776e+01 4.3399206098e+02 -4.0151145135e+01 -8.2111525278e+01 4.9015483240e+02 -1.4021232101e-13 4.8327375320e+02
1.0000000000e+00 0.0000000000e+00 1.3989816797e+04 9.4333369153e+03 1.2176861380e+04 3.6256367807e+04 9.6122267804e+05 8.6761923075e+04 -2.2735160311e+01 5.3253243459e+01 3.2161259155e+01 -1.5991990184e+02 8.2983533912e+02 -1.4084733624e-13 -1.3457482128e+02
1.0000000000e+00 0.0000000000e+00 6.8904333688e+04 3.3494249255e+05 5.2558754293e+04 3.3409420054e+04 8.4309939527e+05 1.1104124594e+05 -6.7862285482e+01 5.7496928549e+02 -5.1547045185e+01 -1.3167261210e+02 7.9269750420e+02 -1.8470474735e-13 7.7267011221e+02
1.0000000000e+00 0.0000000000e+00 6.0271685490e+04 2.5033388000e+05 4.2279517306e+04 4.5475216199e+04 8.9746147309e+05 1.1153659714e+05 -6.7629044075e+01 4.9920034837e+02 -2.9536832024e+01 -1.4810383327e+02 8.1782543134e+02 -1.8167394914e-13 5.8585221664e+02
1.0000000000e+00 0.0000000000e+00 5.9569846280e+04 3.7799732384e+05 3.4346980663e+04 2.8176151642e+04 5.8271087679e+05 8.5440408400e+04 -6.3557946418e+01 6.0876716579e+02 -5.4128801110e+01 -1.1212165281e+02 6.5294473862e+02 -1.7070043880e-13 8.3228920064e+02
1.0000000000e+00 0.0000000000e+00 1.9611810071e+04 1.4204949551e+04 1.4951198273e+04 2.1309569927e+04 6.2382274883e+05 5.8741881329e+04 -3.8099406197e+01 1.1640507489e+02 2.4346835773e+01 -1.3041827735e+02 6.3513129551e+02 -1.5122651296e-13 1.7138007402e+02
1.0000000000e+00 0.0000000000e+00 2.7109326284e+04 1.8140289237e+05 1.6227081765e+04 1.6899750589e+04 5.8672491464e+05 6.3074267096e+04 -3.7566586311e+01 4.2037413756e+02 -3.4963205144e+01 -1.0532476786e+02 6.2298213934e+02 -1.6310153180e-13 5.6661467499e+02
1.0000000000e+00 0.0000000000e+00 2.1335210536e+04 1.0638994130e+04 7.7588712046e+03 3.9537281045e+04 8.2158167468e+05 7.7008419198e+04 -4.0007475898e+01 1.0099851585e+02 4.7316149366e+01 -1.6999569063e+02 7.6532426441e+02 -1.5095291303e-13 9.6953288055e+01
1.0000000000e+00 0.0000000000e+00 9.2420129581e+04 3.2068246543e+05 5.5546789800e+04 8.1168042687e+04 1.0863576825e+06 1.4958099007e+05 -9.1038998414e+01 5.6431321114e+02 -1.7426110452e+01 -1.8562649965e+02 9.4457503855e+02 -1.8032941975e-13 5.3700312767e+02
1.0000000000e+00 0.0000000000e+00 9.9035914368e+03 7.8377291152e+03 9.0599380127e+03 1.5981645344e+04 3.8562208864e+05 3.7456770874e+04 -8.3800119522e+00 -8.6928076984e+01 6.0737820734e+01 -1.1754741982e+02 4.6492045746e+02 -1.1946566592e-13 -2.1541777873e+01
1.0000000000e+00 0.0000000000e+00 6.0566945413e+03 1.2642436573e+04 8.5296822698e+03 5.5804077837e+03 2.8886121787e+05 2.6254518377e+04 -4.5949568939e+00 -6.5735709171e+01 1.0842783720e+01 -5.3541562121e+01 3.3881456788e+02 -1.0618413141e-13 -1.6907924096e+02
1.0000000000e+00 0.0000000000e+00 4.8278103697e+04 1.0629894707e+05 3.1156204902e+04 4.7705864762e+04 7.9348185984e+05 9.3630856041e+04 -6.6515682876e+01 3.2595433536e+02 5.2478602545e+00 -1.5872019274e+02 7.9368319438e+02 -1.5037067278e-13 3.0651464612e+02
1.0000000000e+00 0.0000000000e+00 3.7872939805e+04 1.5925719743e+05 2.3358901483e+04 3.0085362453e+04 5.0046881191e+05 6.5213863966e+04 -5.5083206584e+01 3.9636075221e+02 -1.9396603156e+01 -1.1552387040e+02 6.0944248762e+02 -1.5674302819e-13 5.4990139690e+02
1.0000000000e+00 0.0000000000e+00 1.4780976752e+04 8.1481681448e+03 6.0582099170e+03 2.6202512315e+04 4.2512185839e+05 4.3456575971e+04 -2.1620288208e+01 -7.5294181594e+01 6.6539121804e+01 -1.3319688341e+02 5.2439192346e+02 -1.0848693332e-13 -1.6854362463e+02
1.0000000000e+00 0.0000000000e+00 1.2196712618e+04 4.4963831728e+03 4.8205876980e+03 3.8466676852e+04 7.4375122570e+05 6.9718929143e+04 -1.9626580838e+01 -3.1508050181e+01 5.6612372131e+01 -1.5873131946e+02 7.2747583792e+02 -1.3055143756e-13 -1.3627358615e+02
1.0000000000e+00 0.0000000000e+00 9.4438521672e+03 2.1959378164e+04 7.1523440697e+03 1.0744706310e+04 3.2064103309e+05 3.0594404169e+04 -2.5273500415e+01 1.4333981568e+02 1.8664568025e+00 -8.2859016131e+01 4.3966355269e+02 -1.1762392028e-13 8.8062991623e+01
1.0000000000e+00 0.0000000000e+00 1.0343929646e+04 9.7362557506e+02 6.2116000139e+03 1.7169389585e+04 4.8482074854e+05 4.3098454507e+04 -2.2395397496e+01 -2.4861629645e+01 4.8754440805e+01 -1.2364577562e+02 5.3707200696e+02 -1.3368702584e-13 7.4930369628e+01
1.0000000000e+00 0.0000000000e+00 4.9805550570e+04 3.4432952402e+05 3.0823983633e+04 2.2635545821e+04 6.1709039786e+05 8.2063068002e+04 -5.2592604502e+01 5.7831635202e+02 -5.7440866743e+01 -1.0968271916e+02 6.8017351235e+02 -1.7143144274e-13 8.0880969860e+02
1.0000000000e+00 0.0000000000e+00 3.7212438773e+04 8.0289511982e+04 3.3906323958e+04 2.5548083953e+04 5.5375671716e+05 6.7386454295e+04 -5.3866400438e+01 2.8257574390e+02 -1.0554570524e+01 -1.1374134186e+02 6.2448074588e+02 -1.3974900324e-13 2.1916160062e+02
1.0000000000e+00 0.0000000000e+00 2.1060869441e+04 3.2532309602e+03 1.3523587053e+04 2.7443592981e+04 6.1363811589e+05 5.9673347474e+04 -3.6555339310e+01 -1.9480894702e+01 5.7443556927e+01 -1.4675043226e+02 6.3275509089e+02 -1.3243824266e-13 -1.1100039729e+02
1.0000000000e+00 0.0000000000e+00 5.6318423072e+04 1.3679481153e+05 4.5161229978e+04 4.1283811634e+04 4.8150962894e+05 7.7289828848e+04 -7.0007160031e+01 3.6905301959e+02 -1.5570629948e+01 -1.1294125066e+02 5.8764379206e+02 -1.4327190914e-13 3.2990331019e+02
1.0000000000e+00 0.0000000000e+00 1.9804777894e+04 9.7039629975e+04 9.9258417744e+03 2.0814886958e+04 6.7831845778e+05 6.4115188970e+04 -3.4798750609e+01 3.0037885457e+02 -1.2013760805e+01 -1.1767603833e+02 6.4719105214e+02 -1.6583386487e-13 4.8878601520e+02
1.0000000000e+00 0.0000000000e+00 3.0585837517e+04 2.3845898887e+05 8.0730139390e+03 2.9888571650e+04 8.1820963851e+05 8.3824746040e+04 -3.9387658543e+01 4.7860968731e+02 -2.1755386891e+01 -1.4667604935e+02 7.7349830742e+02 -1.7457255074e-13 6.6918971409e+02
1.0000000000e+00 0.0000000000e+00 6.9092775134e+03 1.1428718852e+03 3.4189931290e+03 1.1308152268e+04 3.5126116568e+05 3.0269458843e+04 -1.8340705332e+01 -1.9858684500e+01 4.2327374964e+01 -1.0124961809e+02 4.2401646054e+02 -1.1816154090e-13 -6.1322488435e+01
1.0000000000e+00 0.0000000000e+00 1.5869790443e+05 3.5780270802e+05 1.1364867564e+05 1.3951645664e+05 1.4582660660e+06 2.2786284547e+05 -1.2332725289e+02 5.9725738333e+02 -1.0276792980e+01 -2.2047662301e+02 1.1088174911e+03 -1.9788474937e-13 7.0261898163e+02
1.0000000000e+00 0.0000000000e+00 3.9084867784e+04 9.4803393962e+02 1.8870175539e+04 5.8678105053e+04 8.9455364964e+05 9.4882135752e+04 -5.2084382972e+01 2.7494008511e+01 7.8796123344e+01 -2.0012795527e+02 8.2020394521e+02 -1.5220683106e-13 3.1232039349e+01
1.0000000000e+00 0.0000000000e+00 1.7167219904e+04 3.6249258327e+03 7.6317340766e+03 3.6317580189e+04 5.7970069902e+05 5.8881901966e+04 -2.3113393481e+01 4.2932155896e+01 6.0822513466e+01 -1.5832065185e+02 6.4297746181e+02 -1.2687634375e-13 5.5208175610e+01
1.0000000000e+00 0.0000000000e+00 4.4779347932e+04 6.4290071843e+04 1.8015564507e+04 6.3508091333e+04 1.1251121951e+06 1.1533869216e+05 -6.0992707445e+01 2.4879038736e+02 4.5669754699e+01 -2.1066614049e+02 9.4059588816e+02 -1.7270124627e-13 3.4994747157e+02
1.0000000000e+00 0.0000000000e+00 2.2966142153e+05 1.1905051667e+06 1.2866865498e+05 1.5969096425e+05 1.7988960000e+06 3.0756633900e+05 -1.3651859230e+02 1.0790758183e+03 -7.5937585665e+01 -2.2989986382e+02 1.2386119623e+03 -2.4850184680e-13 1.3849408039e+03
1.0000000000e+00 0.0000000000e+00 1.1222517275e+04 2.0100979650e+04 4.1626385963e+03 3.2065154681e+04 8.3721893434e+05 7.3599223016e+04 -2.1942044788e+01 1.4115482901e+02 2.2257196022e+01 -1.4925435915e+02 7.5695424250e+02 -1.4867371860e-13 1.2207400426e+02
1.0000000000e+00 0.0000000000e+00 1.4770256620e+03 9.6102406858e+03 1.1559303141e+03 2.2474262083e+03 1.0775497642e+05 9.2375458904e+03 -1.7323133822e+00 7.5543126677e+01 -5.8581591455e-01 -3.1626592689e+01 1.6081422648e+02 -1.0570890513e-13 2.7255765770e+02
1.0000000000e+00 0.0000000000e+00 3.0548262523e+04 1.2571052321e+05 2.6108743842e+04 2.0431128655e+04 7.4234828960e+05 7.6642888741e+04 -4.1309427414e+01 3.5381649169e+02 -2.4256085648e+01 -1.2479476726e+02 7.3420898937e+02 -1.5411208470e-13 3.2006455811e+02
1.0000000000e+00 0.0000000000e+00 4.2295749244e+04 7.7150986818e+03 2.1600079458e+04 6.1809508055e+04 8.7470333245e+05 9.6474580721e+04 -5.9881039439e+01 7.3894162666e+01 6.4076038416e+01 -1.9056187997e+02 8.1610755672e+02 -1.4698744443e-13 -2.1984204119e+01
1.0000000000e+00 0.0000000000e+00 4.8757102968e+03 2.6358289549e+04 2.9656249270e+03 1.6577619504e+04 4.1845019374e+05 3.8223347066e+04 2.4722956375e+00 -1.2430503824e+02 4.2320099084e+01 -9.6301696106e+01 4.6762258402e+02 -1.0165424129e-13 -2.9919374361e+02
1.0000000000e+00 0.0000000000e+00 8.7476783585e+03 6.4562978023e+02 4.0236034241e+03 1.8533551080e+04 4.3488770497e+05 3.9397391152e+04 -2.1918266938e+01 2.2317534302e+01 3.4531970275e+01 -1.1253909683e+02 5.1885586536e+02 -1.2072143810e-13 2.2786528000e-01
1.0000000000e+00 0.0000000000e+00 3.9847956245e+04 2.1908485216e+04 1.7877931459e+04 6.3936162635e+04 9.9843309453e+05 1.0485584442e+05 -5.8377382103e+01 1.4698931744e+02 5.4266852071e+01 -2.0025455958e+02 8.9037658672e+02 -1.6161546163e-13 2.4570223273e+02
1.0000000000e+00 0.0000000000e+00 1.3637726932e+04 7.0569662406e+04 1.3325604714e+04 1.4750668144e+04 5.7325687275e+05 5.4462715741e+04 -1.3407230773e+01 2.6172125704e+02 -3.2368169819e+01 -8.5002910473e+01 5.8642189331e+02 -1.4277343796e-13 1.9598128446e+02
1.0000000000e+00 0.0000000000e+00 7.2222260990e+03 3.1669193069e+03 4.7681964887e+03 8.9126624824e+03 2.0532516715e+05 2.0052417119e+04 -1.8169167715e+01 -4.7587854374e+01 4.1719274152e+01 -8.1523257736e+01 3.1569022494e+02 -1.0436776453e-13 -1.7588617434e+01
1.0000000000e+00 0.0000000000e+00 1.5623862649e+04 1.3133694878e+04 1.2663807851e+04 1.5748733349e+04 2.6683238221e+05 3.1177280546e+04 -2.0835314634e+01 -1.1388554028e+02 6.6427042024e+01 -1.0752348423e+02 3.8089438805e+02 -1.1355360677e-13 -7.5965049183e+01
1.0000000000e+00 0.0000000000e+00 8.9482533660e+04 3.0161445562e+05 5.1519435965e+04 8.4871538697e+04 7.8138377063e+05 1.2806376778e+05 -9.4091535632e+01 5.4814854196e+02 -1.8846628543e+01 -1.5885422119e+02 7.8558025110e+02 -1.6724759331e-13 4.6559268624e+02
1.0000000000e+00 0.0000000000e+00 1.4523046883e+05 3.9408849955e+05 8.4303352734e+04 1.4762028397e+05 1.7362668048e+06 2.3937028163e+05 -1.1687451549e+02 6.2739761809e+02 3.1531309882e-01 -2.5155029229e+02 1.2276676273e+03 -2.1391940600e-13 7.6081037328e+02
1.0000000000e+00 0.0000000000e+00 2.3712586982e+04 1.6671781313e+04 1.3808741204e+04 3.4406231036e+04 6.7548293967e+05 6.7768162833e+04 -4.0576993735e+01 1.3778375068e+01 5.1468767141e+01 -1.5188596044e+02 6.8111165999e+02 -1.2284251566e-13 -3.1403858926e+02
1.0000000000e+00 0.0000000000e+00 2.2184707500e+04 1.8605863786e+04 1.6277791406e+04 2.1922214103e+04 4.7075334658e+05 4.9513119907e+04 -4.2745255111e+01 1.3436317169e+02 2.0944843405e+01 -1.1762654647e+02 5.5772842666e+02 -1.2859774991e-13 1.4325302214e+02
1.0000000000e+00 0.0000000000e+00 2.8857378226e+04 1.0908449070e+05 1.3716319271e+04 3.3320628698e+04 9.3184965923e+05 8.9052384649e+04 -4.6933811199e+01 3.2889950369e+02 1.6096800963e+00 -1.5879420185e+02 8.1533255387e+02 -1.6921515627e-13 3.7106435362e+02
1.0000000000e+00 0.0000000000e+00 3.8378843357e+04 6.2328085837e+04 1.9136425421e+04 4.6769605707e+04 6.5548365533e+05 7.6568924032e+04 -6.1562872942e+01 2.4917796584e+02 2.3046110628e+01 -1.5362084816e+02 7.0179857692e+02 -1.4296666142e-13 2.1983807549e+02
1.0000000000e+00 0.0000000000e+00 5.5804808857e+04 1.2135042411e+05 3.9013801504e+04 4.9429766537e+04 8.3375475934e+05 1.0125103152e+05 -7.0325207747e+01 3.4579017646e+02 2.8753188307e+00 -1.6142587471e+02 8.1248964948e+02 -1.6266470844e-13 3.7294250645e+02
1.0000000000e+00 0.0000000000e+00 2.7569338665e+05 6.1524165019e+05 1.3056732385e+05 3.2608842368e+05 2.7122325861e+06 4.1659827596e+05 -1.6799776181e+02 7.8253808472e+02 3.1110481459e+01 -3.4590535287e+02 1.5505268910e+03 -2.4415203336e-13 8.6025348895e+02
1.0000000000e+00 0.0000000000e+00 7.6431897904e+03 3.0480004921e+03 6.5995034934e+03 1.4342689373e+04 2.2577770076e+05 2.4666980845e+04 -9.3625094604e-01 5.2851324942e+01 2.9179973039e+01 -8.5137678532e+01 3.4648085370e+02 -9.7880567709e-14 -1.0965379306e+01
1.0000000000e+00 0.0000000000e+00 5.2161340029e+04 3.5942364509e+05 2.5577112657e+04 2.9518024565e+04 4.8923705330e+05 7.5060737174e+04 -5.9577955883e+01 5.8855602109e+02 -4.9386446795e+01 -1.0471447928e+02 5.8761761698e+02 -1.7329023485e-13 8.4441546297e+02
1.0000000000e+00 0.0000000000e+00 5.2499827374e+04 8.7402728650e+04 2.8082709656e+04 6.1849320699e+04 6.9867655300e+05 9.1389959206e+04 -3.6229504867e+01 -2.7157186682e+02 1.4183119150e+02 -2.0663229061e+02 6.7989762330e+02 -1.2036191638e-13 -4.5848808145e+02
1.0000000000e+00 0.0000000000e+00 5.3080493466e+04 1.2683188139e+05 3.4177616921e+04 5.3868573093e+04 9.3538630690e+05 1.0828025533e+05 -6.7991794247e+01 3.5574292996e+02 5.8415655704e+00 -1.7314420530e+02 8.6493943300e+02 -1.6968683845e-13 4.6360611861e+02
1.0000000000e+00 0.0000000000e+00 4.4595506727e+04 7.8221964127e+04 1.3347819359e+04 6.7017630412e+04 7.9179955725e+05 9.3184220470e+04 -6.5924551398e+01 2.7947389391e+02 3.5060455820e+01 -1.8130885271e+02 7.8865698761e+02 -1.5224877095e-13 3.1163306294e+02
1.0000000000e+00 0.0000000000e+00 1.9628797658e+04 1.2796957000e+05 6.8868668038e+03 1.7366395654e+04 6.3327979006e+05 5.9746663117e+04 -3.4217626060e+01 3.4395586341e+02 -1.1740820433e+01 -1.2068462760e+02 6.3361582163e+02 -1.6072901562e-13 4.6988847243e+02
1.0000000000e+00 0.0000000000e+00 4.8640177060e+04 2.1652653518e+05 2.7315210216e+04 3.6657832132e+04 6.3386432606e+05 8.1696683864e+04 -6.4304478034e+01 4.5583685923e+02 -2.2643614007e+01 -1.2942115744e+02 6.7993748965e+02 -1.6264483510e-13 5.6035800189e+02
1.0000000000e+00 0.0000000000e+00 1.2649967516e+04 5.7655245018e+02 6.0560115420e+03 2.1947038207e+04 4.8611252085e+05 4.5258997121e+04 -2.6789858673e+01 -2.1531503932e+01 5.1382479829e+01 -1.2765070001e+02 5.4470371421e+02 -1.2673610748e-13 -2.3015800865e+01
1.0000000000e+00 0.0000000000e+00 4.2613831353e+04 1.5575981888e+05 1.4526915924e+04 4.5221856428e+04 6.4338015862e+05 7.7690139170e+04 -6.3248686203e+01 3.8898469749e+02 4.5991124236e+00 -1.4779326461e+02 6.7801870614e+02 -1.6855003973e-13 5.5042153587e+02
1.0000000000e+00 0.0000000000e+00 1.8007431894e+04 4.9109623866e+04 9.0299449095e+03 1.7915135583e+04 4.4766184298e+05 4.4532702475e+04 -3.6161183924e+01 2.1262409629e+02 1.1886212001e+01 -1.1567907520e+02 5.4513104953e+02 -1.3793146588e-13 3.6451753460e+02
1.0000000000e+00 0.0000000000e+00 2.2184522350e+05 8.6052990914e+05 1.5984456532e+05 1.5028453218e+05 1.3114062379e+06 2.6763949501e+05 -1.3638393728e+02 9.2601669192e+02 -7.0364409581e+01 -1.9022395463e+02 1.0487330552e+03 -2.1845799811e-13 1.0790928574e+03
1.0000000000e+00 0.0000000000e+00 2.3303969177e+04 4.3591521446e+03 6.8088149240e+03 3.9506436520e+04 5.2699690879e+05 5.6460590834e+04 -4.3663128033e+01 6.2669944775e+01 5.7896987609e+01 -1.5091086829e+02 5.9739438316e+02 -1.3477597947e-13 1.3819002395e+02
1.0000000000e+00 0.0000000000e+00 9.1327949385e+03 1.6695957717e+03 4.6888486096e+03 2.6003056479e+04 4.1557269896e+05 4.1813294348e+04 -3.5379171883e+00 2.6844056037e+01 3.8869166129e+01 -1.1629030197e+02 5.1294738609e+02 -1.1271954720e-13 2.7465816252e+00
1.0000000000e+00 0.0000000000e+00 9.9055162862e+04 3.2300584141e+05 8.3994177162e+04 6.2231766180e+04 1.3031449351e+06 1.6797751837e+05 -8.4062800002e+01 5.6811982272e+02 -3.5645403876e+01 -1.7993738308e+02 1.0202998006e+03 -1.9446749313e-13 5.9425489592e+02
1.0000000000e+00 0.0000000000e+00 4.1376223808e+03 1.0819837917e+04 6.8688868310e+02 9.1602826904e+03 2.4951723268e+05 2.1755941613e+04 -1.6065090667e+01 1.0029307863e+02 1.5531395715e+01 -8.1338734553e+01 3.7352294787e+02 -1.0936338020e-13 1.1784861873e+02
1.0000000000e+00 0.0000000000e+00 9.3284973484e+03 4.6694909608e+04 4.9788858423e+03 1.0437720716e+04 3.3031765299e+05 3.1393205258e+04 -1.2363910085e+01 2.0993176692e+02 -8.2226726174e-01 -8.4810686364e+01 4.2103645833e+02 -1.1775956433e-13 2.2746075297e+02
1.0000000000e+00 0.0000000000e+00 3.5631564705e+04 1.0689798331e+05 3.0389506462e+04 2.2322410653e+04 3.6310611078e+05 5.2905101910e+04 -5.3135655862e+01 3.2584562952e+02 -2.2132597964e+01 -9.1405629790e+01 5.1669871909e+02 -1.2733913399e-13 2.6079358885e+02
1.0000000000e+00 0.0000000000e+00 2.6042603088e+04 4.7836250992e+04 1.6082919507e+04 2.5789928320e+04 4.5456995061e+05 5.1535625595e+04 -4.9936297008e+01 2.1868330860e+02 8.8365982816e+00 -1.1449315703e+02 5.5224719034e+02 -1.4071546417e-13 2.4241559043e+02
1.0000000000e+00 0.0000000000e+00 3.2124410395e+03 1.7941023019e+04 1.7819684011e+03 9.2704521589e+03 3.2128060303e+05 2.7456904286e+04 -4.4326245944e+00 1.3302427992e+02 -4.4714161544e+00 -7.0509000179e+01 4.0484347657e+02 -1.1929496368e-13 1.3758988334e+02
1.0000000000e+00 0.0000000000e+00 5.7014154251e+03 2.1342098375e+04 1.2441260518e+03 2.2927292998e+04 4.9653570935e+05 4.5356292150e+04 -7.4909821085e+00 1.3819327083e+02 1.6510484868e+01 -1.1576871109e+02 5.7084209369e+02 -1.2944118705e-13 2.1336498899e+02
1.0000000000e+00 0.0000000000e+00 3.5375341902e+04 1.2898178459e+03 1.5182020376e+04 5.8965036525e+04 7.5654557342e+05 8.4156515792e+04 -4.9979878411e+01 -1.8112999212e+01 8.0521000382e+01 -1.8884353783e+02 7.6682969261e+02 -1.3668209576e-13 -2.4865122022e+01
1.0000000000e+00 0.0000000000e+00 4.6873227272e+04 1.7962093708e+05 2.7747534672e+04 3.9450193641e+04 4.9032027409e+05 7.1665207467e+04 -6.3074308138e+01 4.1807764227e+02 -1.7671921200e+01 -1.1780132857e+02 5.9772621726e+02 -1.5999820390e-13 6.2794898345e+02
1.0000000000e+00 0.0000000000e+00 3.0563976691e+04 7.9537575972e+04 2.4917057599e+04 2.2551567359e+04 4.3039653842e+05 5.3821987196e+04 -4.9132158454e+01 2.8092741480e+02 -1.0190886409e+01 -1.0459462908e+02 5.6186920900e+02 -1.3025362625e-13 2.3026859894e+02
1.0000000000e+00 0.0000000000e+00 1.0641781450e+04 1.1588665504e+04 4.7696760777e+03 1.4990569250e+04 3.0607304356e+05 2.9994285463e+04 -3.0598494294e+01 1.0663541622e+02 2.1133013780e+01 -9.6430760006e+01 4.3441873887e+02 -1.1867867869e-13 9.4784876530e+01
1.0000000000e+00 0.0000000000e+00 5.0863346147e+04 1.6246090961e+05 2.8791179520e+04 4.9436478390e+04 7.9813686021e+05 9.6485418476e+04 -6.7674245802e+01 3.8782634578e+02 -3.3797476073e+00 -1.5672827470e+02 7.9007911280e+02 -1.7809937160e-13 7.2327183750e+02
1.0000000000e+00 0.0000000000e+00 4.8757653079e+03 2.0781440590e+04 2.2235014023e+03 1.9384978552e+04 5.6835366875e+05 4.8979419146e+04 -8.7538057504e+00 1.3599670085e+02 5.5780753697e+00 -1.0604108595e+02 5.7712807424e+02 -1.3781934622e-13 1.0599083284e+01
1.0000000000e+00 0.0000000000e+00 1.0437582895e+04 3.2664458071e+04 4.9130591414e+03 1.1183716510e+04 2.9408242157e+05 2.8570875166e+04 -2.6740680338e+01 1.7168796507e+02 7.4651803225e+00 -8.9993814295e+01 4.3089567293e+02 -1.2181860113e-13 3.1122114906e+02
1.0000000000e+00 0.0000000000e+00 2.8550392328e+04 1.9891148876e+05 8.7942305123e+03 2.4070603169e+04 4.9970902806e+05 5.8126150513e+04 -4.3332398599e+01 4.3787823222e+02 -2.2492747864e+01 -1.1925667786e+02 6.2384438477e+02 -1.4331247669e-13 6.1802609719e+02
1.0000000000e+00 0.0000000000e+00 3.9002534911e+03 1.4148273510e+03 1.7000444124e+03 1.3356454041e+04 2.9429447598e+05 2.6636552550e+04 -3.3673804008e-01 2.8039993535e+01 1.6071957411e+01 -7.0798975609e+01 3.5234478342e+02 -1.1721630151e-13 9.6045407910e+01
1.0000000000e+00 0.0000000000e+00 2.9048682324e+04 1.2700318942e+05 1.5300112914e+04 2.4374925233e+04 5.1331284507e+05 5.8425892380e+04 -4.9190716462e+01 3.5423900239e+02 -1.2837208013e+01 -1.1806012452e+02 6.1543480260e+02 -1.4175826214e-13 4.1869261742e+02
1.0000000000e+00 0.0000000000e+00 4.1454525505e+04 2.3747587560e+05 2.5052601553e+04 2.3332067943e+04 5.7082712118e+05 7.1492163263e+04 -5.1445954274e+01 4.8602993246e+02 -3.4496252344e+01 -1.1535370101e+02 6.3912116137e+02 -1.5168173913e-13 5.1988790525e+02
1.0000000000e+00 0.0000000000e+00 1.5552622173e+04 2.7114089334e+04 1.1274526455e+04 1.3620161377e+04 3.6612820291e+05 3.6986110139e+04 -3.6443718899e+01 1.5852392404e+02 7.0578957299e+00 -9.5995231049e+01 4.8353600323e+02 -1.1723093038e-13 1.0935393347e+02
1.0000000000e+00 0.0000000000e+00 1.3416693289e+04 4.1064274231e+04 1.1908530389e+04 1.3730858622e+04 3.4116549985e+05 3.6320636543e+04 -5.9402225563e+00 -1.9226383143e+02 7.3781438067e+01 -1.0897998108e+02 4.0120019580e+02 -1.0101668803e-13 -3.1915839755e+02
1.0000000000e+00 0.0000000000e+00 3.4491276327e+04 1.0534839334e+05 2.2145521866e+04 2.8554339103e+04 3.0725790954e+05 4.8336232368e+04 -5.6872637459e+01 3.2047650851e+02 -1.2360263199e+01 -9.2314207451e+01 4.6412270475e+02 -1.2978278984e-13 3.6174251068e+02
1.0000000000e+00 0.0000000000e+00 1.0709620750e+04 4.5773891571e+04 4.5506736873e+03 9.0218317923e+03 3.1419485984e+05 2.9438390748e+04 -2.7764381291e+01 2.1221931993e+02 -6.0439980130e-01 -8.1909262152e+01 3.9845134441e+02 -1.2359391124e-13 2.0036234940e+02
1.0000000000e+00 0.0000000000e+00 9.0509194135e+04 4.0268499611e+04 6.8072246274e+04 9.8740572453e+04 1.3709783474e+06 1.6819738385e+05 -8.9125126186e+01 1.9289550075e+02 5.1833482587e+01 -2.2619717715e+02 1.0466182137e+03 -1.7826215635e-13 1.3883590974e+02
1.0000000000e+00 0.0000000000e+00 8.6523412277e+04 3.0669948746e+05 5.0795295891e+04 7.5356413985e+04 7.1998146088e+05 1.1957069083e+05 -8.9940492599e+01 5.4495762603e+02 -2.1401664032e+01 -1.5302344799e+02 7.6510313993e+02 -1.8004378605e-13 8.4683010393e+02
1.0000000000e+00 0.0000000000e+00 2.3040442524e+04 1.3335181196e+05 1.3145549596e+04 1.4026313623e+04 3.0759389112e+05 3.9295126635e+04 -4.1085096550e+01 3.5720573035e+02 -2.7671856099e+01 -7.9392137474e+01 4.4836855942e+02 -1.3447532857e-13 4.3465592127e+02
1.0000000000e+00 0.0000000000e+00 4.3726556964e+04 2.5225676549e+05 1.5388571098e+04 3.6523774765e+04 7.0497224537e+05 8.3045004310e+04 -5.8913607826e+01 4.9559784278e+02 -1.9109967373e+01 -1.4480828936e+02 7.3149080080e+02 -1.7033453153e-13 6.4623191217e+02
1.0000000000e+00 0.0000000000e+00 2.4327482312e+04 1.0929884248e+05 1.7722209181e+04 1.4051310348e+04 3.8632775267e+05 4.5385018853e+04 -4.1851831007e+01 3.2765458218e+02 -2.4205332818e+01 -8.9112864163e+01 5.1323871086e+02 -1.4091311765e-13 4.8766862280e+02
1.0000000000e+00 0.0000000000e+00 1.4870555394e+04 1.2316743177e+04 8.3011413401e+03 2.2188306507e+04 4.0383066779e+05 4.1382502494e+04 -2.4284716721e+01 -9.7763449555e+01 6.6005121069e+01 -1.3012532208e+02 5.2369147333e+02 -1.0621136194e-13 -2.6198758861e+02
1.0000000000e+00 0.0000000000e+00 4.5726091242e+04 1.4633484259e+05 3.0456505705e+04 4.0403610789e+04 7.6310449873e+05 8.9964750969e+04 -6.2393487628e+01 3.7935691125e+02 -1.0283854729e+01 -1.4214771293e+02 7.4253443556e+02 -1.7061636628e-13 5.2863201533e+02
1.0000000000e+00 0.0000000000e+00 9.6920447546e+04 1.6279617342e+05 5.3902071806e+04 1.1545347380e+05 1.7309512532e+06 1.9991944567e+05 -9.4701806670e+01 4.0175455473e+02 3.3779819436e+01 -2.5283440079e+02 1.1877864377e+03 -2.1183067004e-13 6.0163142774e+02
1.0000000000e+00 0.0000000000e+00 1.3296007202e+04 6.8403296874e+04 9.3267473619e+03 8.7982114690e+03 3.5219939979e+05 3.5071856518e+04 -2.7425448530e+01 2.6134984987e+02 -1.9769013061e+01 -7.8222723743e+01 4.6036074432e+02 -1.2317253126e-13 2.5521441876e+02
1.0000000000e+00 0.0000000000e+00 3.1016911303e+04 2.0615304661e+05 1.6722153628e+04 2.0465636832e+04 6.5118275895e+05 7.0459966333e+04 -4.0760932942e+01 4.5211726065e+02 -3.4123687934e+01 -1.1842487067e+02 6.8232468094e+02 -1.6092585238e-13 5.9183486216e+02
1.0000000000e+00 0.0000000000e+00 7.7072440244e+04 2.9349703391e+05 4.6383395085e+04 6.0356484231e+04 8.3185193824e+05 1.1775727631e+05 -8.1567628895e+01 5.4003421062e+02 -2.3163551255e+01 -1.5677510610e+02 8.0523915809e+02 -1.7809348888e-13 6.0415641132e+02
1.0000000000e+00 0.0000000000e+00 3.1371469983e+04 1.0697866620e+05 2.0380986330e+04 2.6194634927e+04 5.4703039991e+05 6.2716200062e+04 -5.1288958207e+01 3.2613636874e+02 -9.9745436904e+00 -1.1849884953e+02 6.2070727663e+02 -1.5224164241e-13 4.1703833150e+02
1.0000000000e+00 0.0000000000e+00 5.7790007649e+04 1.3828301848e+05 2.0909662525e+04 7.4592266096e+04 9.9500570238e+05 1.1650804072e+05 -7.5014262891e+01 3.7138551195e+02 2.5424580151e+01 -1.9556486550e+02 8.7865412567e+02 -1.7093404562e-13 3.6494052367e+02
1.0000000000e+00 0.0000000000e+00 4.2933615855e+03 3.1092541996e+03 3.2362752048e+03 4.6814814483e+03 1.8521305214e+05 1.6123172955e+04 -1.4947375333e+01 -3.1703665497e+01 2.6487698081e+01 -6.4955963984e+01 2.9024882937e+02 -1.0502471641e-13 2.2942633628e+01
1.0000000000e+00 0.0000000000e+00 4.1199294255e+03 8.4188785421e+03 1.1679055459e+03 9.3852985924e+03 2.6331348701e+05 2.2874199512e+04 -7.6301085034e+00 7.8086819178e+01 1.8607905012e+01 -7.7716706798e+01 3.4578754615e+02 -1.1709519132e-13 1.9909073873e+02
1.0000000000e+00 0.0000000000e+00 2.4579107215e+04 3.1148203742e+04 1.6653038624e+04 2.9175554232e+04 5.6949510402e+05 6.0216548499e+04 -4.6441604269e+01 1.7561861523e+02 1.6539192129e+01 -1.3094507221e+02 6.4516045422e+02 -1.3773225909e-13 2.1114034724e+02
1.0000000000e+00 0.0000000000e+00 2.6974647496e+04 7.4607037955e+04 2.1893442616e+04 1.6765477524e+04 4.8697907677e+05 5.3463972585e+04 -4.5179261245e+01 2.7287945939e+02 -1.0371822941e+01 -1.0360728195e+02 5.6231055428e+02 -1.3680689463e-13 2.1306865793e+02
1.0000000000e+00 0.0000000000e+00 2.0696989747e+03 7.5812413867e+03 7.2141354722e+02 6.1748071296e+03 2.0827747246e+05 1.7486852749e+04 -3.2407582848e+00 7.7853320209e+01 8.0780802392e+00 -6.0282726509e+01 2.9623981465e+02 -1.0703645275e-13 1.9233314089e+02
1.0000000000e+00 0.0000000000e+00 1.7807079873e+04 6.0970873198e+03 8.5773635300e+03 2.7015977035e+04 5.1016307227e+05 5.0528746557e+04 -3.7952460558e+01 7.5730182755e+01 4.1462374219e+01 -1.3754030077e+02 6.0323216604e+02 -1.2914909983e-13 5.0156534947e+01
1.0000000000e+00 0.0000000000e+00 1.0394399557e+04 1.3111993652e+03 6.7528934857e+03 1.5793958348e+04 3.9849656900e+05 3.6920422111e+04 -2.3318631897e+01 -2.7175810361e+01 4.0079312242e+01 -1.0701999235e+02 4.8260092211e+02 -1.2259762203e-13 2.3852233456e+00
1.0000000000e+00 0.0000000000e+00 5.4239550353e+04 1.8754963337e+05 4.1092481614e+04 3.8038475804e+04 4.2631000271e+05 7.2866600078e+04 -6.7788298593e+01 4.3266122359e+02 -2.9854346614e+01 -1.0447993578e+02 5.7552070220e+02 -1.3703984372e-13 4.5173834690e+02
1.0000000000e+00 0.0000000000e+00 3.2709975982e+04 8.3373739743e+03 1.3461291097e+04 6.1410765384e+04 7.9918890748e+05 8.7737483195e+04 -3.1987621967e+01 -8.4442344128e+01 1.0225456001e+02 -2.0266619578e+02 7.6925032675e+02 -1.3065447891e-13 -1.2492393556e+02
1.0000000000e+00 0.0000000000e+00 4.5929024342e+04 1.5387291264e+05 3.1929183852e+04 3.8410999790e+04 7.6209698601e+05 9.0003732216e+04 -6.1056688153e+01 3.8827342932e+02 -1.5643173079e+01 -1.3965567092e+02 7.5357142323e+02 -1.6397120891e-13 5.1061320877e+02
1.0000000000e+00 0.0000000000e+00 6.2071164358e+04 8.9654401160e+04 3.3865575819e+04 7.8887911131e+04 1.2370511643e+06 1.3790968603e+05 -7.5164036596e+01 2.9918957394e+02 3.4156684767e+01 -2.1374740704e+02 9.9803102433e+02 -1.7580159726e-13 2.7646113496e+02
1.0000000000e+00 0.0000000000e+00 4.9230016442e+04 1.9944867616e+04 3.0244919378e+04 6.2867290716e+04 8.6336248936e+05 1.0052180231e+05 -5.5158047154e+01 -1.0040060174e+02 9.7300138329e+01 -2.0097268226e+02 8.0135702077e+02 -1.3156413301e-13 -3.6492804502e+02
1.0000000000e+00 0.0000000000e+00 2.2299478028e+03 2.8000533231e+03 8.3010661569e+02 1.3781612174e+04 3.7671606909e+05 3.2065957302e+04 -8.4366335426e-01 5.1078711432e+01 1.3387727023e+01 -8.4752503435e+01 4.4641193275e+02 -1.2698904363e-13 1.3705104973e+02
1.0000000000e+00 0.0000000000e+00 3.1942099250e+04 5.1776412976e+04 7.8101874327e+03 5.9110889788e+04 9.4134914692e+05 9.5972064084e+04 -5.1431344589e+01 2.2657181793e+02 3.8870938309e+01 -1.8914529809e+02 8.5583013739e+02 -1.4887400599e-13 1.0431204136e+02
1.0000000000e+00 0.0000000000e+00 2.1109448654e+05 7.9780221810e+05 1.7827839198e+05 1.1828617235e+05 1.1859274275e+06 2.4957399245e+05 -1.2631567111e+02 8.9139470340e+02 -8.5153288947e+01 -1.6586866835e+02 1.0052450976e+03 -2.1017758923e-13 1.0195878355e+03
1.0000000000e+00 0.0000000000e+00 6.9293355832e+04 5.1548448053e+05 3.4025840686e+04 3.4763353698e+04 8.6721124867e+05 1.1421772737e+05 -6.3636871312e+01 7.1099356434e+02 -6.1687660541e+01 -1.3962240016e+02 8.1108664911e+02 -1.8490998358e-13 7.9726663877e+02
1.0000000000e+00 0.0000000000e+00 2.0427832944e+04 2.6268912002e+03 7.5377754880e+03 3.6257008256e+04 5.9524286122e+05 5.9809992942e+04 -3.3533960813e+01 -3.5826429714e+01 6.2374219093e+01 -1.4931711762e+02 6.3043161923e+02 -1.3297794507e-13 5.0753586312e+01
1.0000000000e+00 0.0000000000e+00 1.7280499733e+04 1.5685223844e+05 3.5298079682e+03 2.4714569010e+04 5.9167745107e+05 6.0252934392e+04 -1.4917022829e+01 3.7674018308e+02 -1.7424424760e+01 -1.1682217796e+02 6.1996239277e+02 -1.6248808008e-13 6.1785159396e+02
1.0000000000e+00 0.0000000000e+00 2.5160966731e+04 1.3396343174e+05 8.0523057768e+03 3.3772213804e+04 7.6766096334e+05 7.7002458486e+04 -4.0088827169e+01 3.6546051407e+02 -2.6840282062e+00 -1.4691468636e+02 7.3609458728e+02 -1.6133818307e-13 3.2742176298e+02
1.0000000000e+00 0.0000000000e+00 1.2382694892e+05 5.1860994122e+05 7.2399987452e+04 1.0081038330e+05 1.0123546065e+06 1.7054253064e+05 -1.0557829228e+02 7.0695849294e+02 -3.8465110058e+01 -1.7756983651e+02 9.2033413070e+02 -2.0905518129e-13 1.1219859209e+03
1.0000000000e+00 0.0000000000e+00 2.6171143525e+04 9.2721937604e+04 1.1460521180e+04 3.0981256622e+04 5.1268979422e+05 5.8020111341e+04 -4.7499321027e+01 3.0394994808e+02 1.9296856866e+00 -1.2816509866e+02 6.2571460765e+02 -1.3233951019e-13 2.0975810785e+02
1.0000000000e+00 0.0000000000e+00 7.6368159947e+04 1.1728087801e+05 2.5539961695e+04 1.1489673157e+05 1.3082623855e+06 1.5675961023e+05 -8.6323471480e+01 3.4209077579e+02 5.1326366861e+01 -2.4138757132e+02 1.0422542115e+03 -1.8138780761e-13 3.7472531365e+02
1.0000000000e+00 0.0000000000e+00 6.7369442806e+03 8.5918956547e+03 4.6577589340e+03 1.3801649269e+04 4.9876797384e+05 4.2220755320e+04 -1.8073125533e+01 6.6636512009e+01 1.7555111014e+01 -1.0322595861e+02 5.3245502238e+02 -1.3179928990e-13 -4.5790006762e+01
1.0000000000e+00 0.0000000000e+00 1.7813013079e+04 6.0824911341e+03 7.9601221320e+03 3.2845028987e+04 5.7245988779e+05 5.7087800901e+04 -2.9074873032e+01 -6.5927046228e+01 6.9400671420e+01 -1.5187173774e+02 6.2471192174e+02 -1.2897567193e-13 -1.0249531744e+02
1.0000000000e+00 0.0000000000e+00 4.4777870304e+04 1.0605636173e+05 2.1119651342e+04 5.6369740143e+04 6.6881906127e+05 8.4825142164e+04 -6.5381150044e+01 3.1995785026e+02 1.5880360766e+01 -1.5914346339e+02 7.3279289476e+02 -1.6351396011e-13 5.5956936662e+02
1.0000000000e+00 0.0000000000e+00 6.1999149937e+04 4.2325269637e+04 1.4765097810e+04 1.0437662183e+05 1.4127317480e+06 1.5067607603e+05 -7.1816501144e+01 2.0473999325e+02 8.1035740289e+01 -2.5656297986e+02 1.0548890975e+03 -1.8264359621e-13 2.9034527262e+02
1.0000000000e+00 0.0000000000e+00 1.4822824411e+05 4.8713586095e+05 1.1938018955e+05 9.8307678698e+04 1.1725973395e+06 1.9888408043e+05 -1.0919603292e+02 6.9712499369e+02 -4.8246487651e+01 -1.7741330137e+02 9.8920614823e+02 -2.0054039768e-13 8.1076625919e+02
1.0000000000e+00 0.0000000000e+00 1.3221947157e+04 2.1540363714e+04 5.2593772964e+03 2.0459062746e+04 3.9989781998e+05 3.9481096903e+04 -3.2487627559e+01 1.1343426183e+02 2.7437564533e+01 -1.1459573127e+02 5.1113276088e+02 -1.1109766993e-13 -1.3937571859e+02
1.0000000000e+00 0.0000000000e+00 1.1663818363e+05 3.9377040000e+05 7.9020451949e+04 9.1961876056e+04 9.5564159498e+05 1.5940481621e+05 -1.0171232358e+02 6.2494098628e+02 -3.0785413629e+01 -1.7155835822e+02 8.9102487215e+02 -1.8511537238e-13 7.5197590224e+02
1.0000000000e+00 0.0000000000e+00 7.8599406165e+04 4.1856182212e+04 3.6812450737e+04 1.1405549385e+05 1.2016047600e+06 1.5033346274e+05 -8.6970462443e+01 1.9964216241e+02 6.7309518205e+01 -2.3683245475e+02 1.0139662558e+03 -1.6188163392e-13 1.3210097362e+02
1.0000000000e+00 0.0000000000e+00 3.5327739661e+03 1.1898556376e+04 7.9774284243e+02 6.0439892467e+03 2.4327962054e+05 2.0028419435e+04 -1.4293483938e+01 1.0505542618e+02 1.0729836225e+01 -7.2986383913e+01 3.4464202805e+02 -1.1020414303e-13 1.1721879650e+02
1.0000000000e+00 0.0000000000e+00 1.1391154779e+04 5.1494505441e+04 1.2559884934e+04 2.3283189468e+03 2.6217793115e+05 2.6648716482e+04 -1.7965616508e+01 2.2338180069e+02 -3.3170085110e+01 -4.1995187170e+01 3.3062242944e+02 -1.2889625884e-13 2.9686108534e+02
1.0000000000e+00 0.0000000000e+00 8.5353928122e+03 3.2488245593e+03 3.7138151483e+03 2.3614892298e+04 5.6582933997e+05 5.0497410848e+04 -1.9863434467e+01 4.9789429252e+01 3.0355315923e+01 -1.2436849412e+02 6.0494714958e+02 -1.3460372886e-13 8.4244704834e+01
1.0000000000e+00 0.0000000000e+00 6.0201679941e+04 2.0695955309e+05 3.1708971609e+04 5.6852870284e+04 7.5592469159e+05 1.0045906595e+05 -7.4504833186e+01 4.5481090714e+02 -7.3854048157e+00 -1.5758097077e+02 7.7221545901e+02 -1.6041302326e-13 4.8085998574e+02
1.0000000000e+00 0.0000000000e+00 2.6564181528e+04 1.9718787547e+04 2.3035209184e+04 2.5927991439e+04 7.2161571790e+05 7.1165445764e+04 -4.3941629723e+01 1.2408781517e+02 2.3128986603e+01 -1.4070811403e+02 7.0646405079e+02 -1.3599883674e-13 -7.8648846865e+01
1.0000000000e+00 0.0000000000e+00 4.9716961852e+04 7.4843293950e+04 3.7385982250e+04 4.8535268397e+04 8.5543035014e+05 9.9301919743e+04 -6.5751769352e+01 2.7161754407e+02 1.2963764609e+01 -1.6283772273e+02 8.1187860269e+02 -1.5278527000e-13 2.3117234187e+02
1.0000000000e+00 0.0000000000e+00 8.2073626730e+04 2.2357497382e+05 4.5436823645e+04 8.5632245416e+04 1.0381594284e+06 1.3919548609e+05 -8.8596077663e+01 4.7245853146e+02 2.7107812690e+00 -1.9058984039e+02 9.1644313672e+02 -1.7432685715e-13 4.0219778348e+02
1.0000000000e+00 0.0000000000e+00 2.3717031933e+04 2.2157690674e+05 8.7827139669e+03 1.6061084490e+04 5.2231249794e+05 5.7141014949e+04 -2.3812474056e+01 4.5527191631e+02 -4.3005120237e+01 -9.4986798648e+01 5.7935456752e+02 -1.6547667848e-13 7.1956415865e+02
1.0000000000e+00 0.0000000000e+00 1.1338538284e+05 3.4758481341e+05 7.5784165134e+04 9.6956924775e+04 1.0847687026e+06 1.6666852709e+05 -1.0110089060e+02 5.8878114248e+02 -1.9950031816e+01 -1.8721665244e+02 9.5344499467e+02 -1.8251261323e-13 6.0096310622e+02
1.0000000000e+00 0.0000000000e+00 1.3215160303e+03 6.7329478729e+03 5.8591845973e+02 2.8378050684e+03 1.8585143387e+05 1.4369172414e+04 -7.5470283117e+00 8.1604053675e+01 1.1834186262e+00 -4.9244859802e+01 2.6346361174e+02 -1.1056715005e-13 1.0762573758e+02
1.0000000000e+00 0.0000000000e+00 1.1597326500e+04 4.0705034734e+03 1.4959410563e+04 7.4777128274e+03 4.6518390685e+05 4.1319528737e+04 -2.3467133586e+01 5.1903115403e+01 6.6571738068e+00 -8.4079719371e+01 4.8442038657e+02 -1.3517811166e-13 -2.0003716447e+01
1.0000000000e+00 0.0000000000e+00 6.0950548006e+03 1.7889212242e+03 4.6654869772e+03 9.7131656191e+03 3.6877057977e+05 3.1295213990e+04 -1.4547773255e+01 -3.2907431651e+01 3.8127319587e+01 -9.6835999201e+01 4.3086100125e+02 -1.1836566141e-13 -1.0017684312e+02
1.0000000000e+00 0.0000000000e+00 1.0252462015e+04 9.3983693725e+03 5.4639964841e+03 3.9310375207e+04 5.5865462511e+05 5.8170788998e+04 8.7405309130e+00 7.5621143365e+01 2.0833689701e+01 -1.1320341254e+02 5.7191122977e+02 -1.4171628254e-13 2.8444365649e+02
1.0000000000e+00 0.0000000000e+00 6.8338288823e+04 1.4551495116e+05 2.6986556592e+04 8.8867596706e+04 9.4517250335e+05 1.2258878546e+05 -8.3215939107e+01 3.7643750191e+02 2.7838930798e+01 -2.0002996678e+02 8.8948267562e+02 -1.6726563652e-13 4.7467461347e+02
1.0000000000e+00 0.0000000000e+00 8.5182275975e+03 3.5277616900e+03 4.7243668806e+03 1.5711184072e+04 4.3017563888e+05 3.8248904610e+04 -1.6269598057e+01 -4.3835215812e+01 5.2869289374e+01 -1.1929306808e+02 4.9539152506e+02 -1.2411827657e-13 -2.0720509668e+01
1.0000000000e+00 0.0000000000e+00 2.1339721927e+04 7.2468753124e+03 1.2332861296e+04 2.7150793818e+04 4.7068254327e+05 4.9610084899e+04 -4.3752948574e+01 8.4607300377e+01 3.6015030262e+01 -1.2567563125e+02 5.5185050371e+02 -1.3401625700e-13 1.1749679464e+02
1.0000000000e+00 0.0000000000e+00 4.2058418235e+04 1.9409775512e+05 2.3517964176e+04 3.4849526037e+04 7.1178947301e+05 8.3373680459e+04 -5.7597238357e+01 4.3581661481e+02 -2.0124685852e+01 -1.3737067467e+02 7.3196292788e+02 -1.6227426485e-13 5.2243121425e+02
1.0000000000e+00 0.0000000000e+00 5.9705579528e+03 2.4128174232e+04 6.4207771657e+03 1.4778615661e+04 4.2010304422e+05 3.8900172868e+04 -1.0282335675e+00 -1.2364237529e+02 3.1940721424e+01 -8.9795212451e+01 4.8991657091e+02 -1.1214694143e-13 -1.8659040425e+02
1.0000000000e+00 0.0000000000e+00 4.7443807007e+04 1.4889867427e+05 2.4871117502e+04 5.0940692126e+04 5.9234401327e+05 8.0963227606e+04 -6.7101985970e+01 3.8394735295e+02 -1.7536754852e+00 -1.4040562059e+02 6.7277375157e+02 -1.4494699080e-13 2.7710465503e+02
1.0000000000e+00 0.0000000000e+00 1.5806431841e+04 1.0111589617e+04 2.1243008546e+04 7.0504230537e+03 3.7772584484e+05 3.8251550318e+04 -2.3806844728e+01 -2.5893078131e+01 1.5238643542e+01 -7.8857715395e+01 4.5153409150e+02 -1.1721389306e-13 -1.3825744378e+02
1.0000000000e+00 0.0000000000e+00 1.0700911220e+05 4.4772876080e+05 6.2384462085e+04 8.2497261329e+04 1.1692499265e+06 1.6499018161e+05 -9.6566259627e+01 6.6045177146e+02 -3.2679801184e+01 -1.8553620797e+02 9.7101955131e+02 -2.0538452245e-13 8.8973408207e+02
1.0000000000e+00 0.0000000000e+00 3.8476583367e+04 9.8285224095e+04 1.3870889823e+04 4.7973267127e+04 5.7073783157e+05 7.0922206928e+04 -6.1977201993e+01 3.1131875122e+02 1.6887322426e+01 -1.4986316508e+02 6.7030229917e+02 -1.4159705282e-13 3.7280946165e+02
1.0000000000e+00 0.0000000000e+00 2.0054313372e+04 3.0344599804e+04 1.6054406446e+04 2.5497500503e+04 4.1143066645e+05 4.7624226752e+04 -1.0247925972e+01 -1.7099267995e+02 8.9500307068e+01 -1.3803031060e+02 4.8011222876e+02 -1.1051070651e-13 -2.0417759661e+02
1.0000000000e+00 0.0000000000e+00 9.2585851898e+04 4.0252548741e+05 6.7905847901e+04 5.6802549026e+04 5.1893392049e+05 1.0977535988e+05 -8.6210117324e+01 6.3240944922e+02 -5.7293936212e+01 -1.1065326106e+02 6.4596922565e+02 -1.5948172249e-13 7.2792964642e+02
1.0000000000e+00 0.0000000000e+00 4.7176590810e+04 1.0251008895e+05 2.4037784157e+04 4.8148524912e+04 6.7418562526e+05 8.2551118342e+04 -6.8393976625e+01 3.1751872159e+02 1.2710128044e+01 -1.4898968590e+02 6.8664239164e+02 -1.5127126860e-13 1.6984816682e+02
1.0000000000e+00 0.0000000000e+00 3.0095006497e+04 2.5573499979e+05 1.4928857676e+04 9.0131827990e+03 3.8907575250e+05 4.9331997089e+04 -3.7551647277e+01 4.9224357078e+02 -5.1051650217e+01 -7.7673718844e+01 4.8733776374e+02 -1.5733212664e-13 7.3622979160e+02
1.0000000000e+00 0.0000000000e+00 2.1472514934e+04 2.6187505905e+04 1.1528916862e+04 2.5138443823e+04 4.5937974437e+05 4.8530372866e+04 -4.3753999866e+01 1.6139688008e+02 2.3641096451e+01 -1.2316763068e+02 5.5781560794e+02 -1.3669276514e-13 1.7412852330e+02
1.0000000000e+00 0.0000000000e+00 1.1443271129e+04 3.0491144033e+04 3.4468790500e+03 1.5423051788e+04 2.5335352620e+05 2.7008858192e+04 -3.2882957825e+01 1.7345092793e+02 1.0992746533e+01 -9.0676588116e+01 4.1158008475e+02 -1.0810975473e-13 1.2303682577e+02
1.0000000000e+00 0.0000000000e+00 1.6232240885e+04 4.6775230657e+04 8.6522010460e+03 1.4888280016e+04 2.8124192732e+05 3.1692346353e+04 -3.6061330772e+01 2.1240358098e+02 1.8805070439e+00 -8.7122406307e+01 4.1743713943e+02 -1.2440790370e-13 3.2485363420e+02
1.0000000000e+00 0.0000000000e+00 2.2820586519e+04 9.6820593141e+04 2.6788092798e+03 3.7647759083e+04 7.6869864061e+05 7.4670749272e+04 -4.0029410736e+01 2.9829271905e+02 1.4267568146e+01 -1.5771654781e+02 7.4947213032e+02 -1.6272979269e-13 5.1819514018e+02
1.0000000000e+00 0.0000000000e+00 4.4239131314e+03 2.7900016481e+04 9.4478595855e+02 7.2012261031e+03 3.0030150585e+05 2.5241982673e+04 -1.1611354174e+01 1.5238412560e+02 1.3042258055e+00 -7.3722537974e+01 3.7519042937e+02 -1.2745556013e-13 2.6714932285e+02
1.0000000000e+00 0.0000000000e+00 3.3389946384e+04 3.7283140417e+04 1.5845842329e+04 4.3914149051e+04 5.8774724354e+05 6.8064267784e+04 -5.6985453834e+01 1.9196681329e+02 3.1828932012e+01 -1.4831617582e+02 6.5192492527e+02 -1.4071055452e-13 1.8431630505e+02
1.0000000000e+00 0.0000000000e+00 7.8793426545e+04 4.5729453813e+05 4.9436847640e+04 3.7293236390e+04 7.0151257496e+05 1.0798155763e+05 -7.3260844040e+01 6.6068628482e+02 -6.1694420097e+01 -1.2015718082e+02 7.1726893505e+02 -1.8886755627e-13 9.8476638140e+02
1.0000000000e+00 0.0000000000e+00 3.2431991302e+03 6.2234829327e+02 2.3214999855e+03 1.1872329618e+04 1.9725141058e+05 1.9667073801e+04 1.1548546237e+01 1.7040931675e+01 3.6960928520e+00 -4.4220995739e+01 2.6107253805e+02 -9.7329418286e-14 -4.4723867068e+01
1.0000000000e+00 0.0000000000e+00 8.2700536561e+03 4.7985715839e+04 1.8126765895e+03 9.0722146306e+03 2.3614747563e+05 2.3140852137e+04 -2.3085362556e+01 2.1526571381e+02 -5.1885995277e-01 -7.9789422071e+01 3.8141075796e+02 -1.1543999048e-13 2.3640204859e+02
1.0000000000e+00 0.0000000000e+00 6.7752779574e+03 1.1492044613e+04 1.7065367702e+03 1.1880362784e+04 2.9505044275e+05 2.6521272439e+04 -1.9978920738e+01 9.5164199319e+01 2.6743977897e+01 -9.5667170455e+01 4.0176047708e+02 -1.2056701634e-13 1.8483697590e+02
1.0000000000e+00 0.0000000000e+00 9.3638825712e+03 4.0500414136e+04 7.8147688466e+03 7.4185162344e+03 3.1371560619e+05 2.9827376322e+04 -2.1305318653e+01 1.9664445862e+02 -1.1632918667e+01 -7.4549861838e+01 4.3111503017e+02 -1.2652802813e-13 2.4953768646e+02
1.0000000000e+00 0.0000000000e+00 7.2557265150e+03 7.7697303279e+03 4.5534340376e+03 1.3182730669e+04 4.6795257299e+05 3.9782612304e+04 -2.1317374860e+01 7.5887179957e+01 1.9503651233e+01 -1.0736736597e+02 5.4100461181e+02 -1.2357765198e-13 2.2041984552e+00
1.0000000000e+00 0.0000000000e+00 1.7078736655e+04 7.0168538772e+04 1.0191244013e+04 1.2509734755e+04 4.8077396424e+05 4.5858020155e+04 -3.6577397165e+01 2.6465192814e+02 -9.4181327246e+00 -9.7842126685e+01 5.2349083642e+02 -1.4170276672e-13 2.5286935476e+02
1.0000000000e+00 0.0000000000e+00 4.6512120206e+04 6.7291358406e+04 2.6515030375e+04 4.8666151465e+04 6.3453350352e+05 7.9443760047e+04 -6.8178120689e+01 2.5793876790e+02 1.8915379722e+01 -1.4446717044e+02 6.6028983261e+02 -1.5460432027e-13 3.0850960868e+02
1.0000000000e+00 0.0000000000e+00 4.4028296481e+04 2.4241957295e+05 2.7281128422e+04 2.7539085091e+04 6.8392542725e+05 8.2206711453e+04 -5.5193866061e+01 4.8262342416e+02 -3.5891713905e+01 -1.2300143371e+02 7.0198607484e+02 -1.8572145428e-13 8.4639387588e+02
1.0000000000e+00 0.0000000000e+00 2.0075415318e+05 6.1475770819e+05 1.2706187199e+05 1.7389159168e+05 1.9748893231e+06 2.9664887120e+05 -1.3407732471e+02 7.8132689531e+02 -2.1436179949e+01 -2.5623183143e+02 1.2853319230e+03 -2.3407442280e-13 8.7767840287e+02
1.0000000000e+00 0.0000000000e+00 1.0170139158e+04 4.1804453313e+03 4.9244930970e+03 1.5665585701e+04 3.3937050110e+05 3.2239330464e+04 -2.8931153805e+01 6.3141828546e+01 2.8956486310e+01 -1.0279129339e+02 4.5902875882e+02 -1.2193350631e-13 8.6460478068e+01
1.0000000000e+00 0.0000000000e+00 2.5052833479e+03 5.5544248095e+03 1.8302364042e+03 1.2984508806e+04 2.7746221490e+05 2.5597151730e+04 4.6173895914e+00 3.7296267348e+01 1.7671113954e+01 -7.7498801666e+01 3.8032969339e+02 -1.1558857983e-13 1.8493993351e+02
1.0000000000e+00 0.0000000000e+00 3.4578245899e+03 1.6798746485e+03 2.2733281787e+03 6.6239238753e+03 1.9282271689e+05 1.7027510415e+04 -4.7381751888e+00 -3.3734809239e+01 3.3946379749e+01 -6.7738728831e+01 2.6264652425e+02 -1.0315022887e-13 -9.8851110681e+00
1.0000000000e+00 0.0000000000e+00 8.0216312936e+03 4.2300311012e+04 6.1832892019e+03 9.6608711970e+03 2.7536587469e+05 2.7647683454e+04 -1.5961200549e-01 2.0081355980e+02 -1.0786711792e+01 -6.2585067746e+01 3.4218608711e+02 -1.2786556155e-13 3.2170725753e+02
1.0000000000e+00 0.0000000000e+00 3.0579053386e+04 1.0971146346e+05 2.5223426683e+04 1.6869352489e+04 4.5187991888e+05 5.4322377651e+04 -4.7604616909e+01 3.2994071079e+02 -2.3697141546e+01 -9.5109325239e+01 5.4861401771e+02 -1.4226931958e-13 4.1279842377e+02
1.0000000000e+00 0.0000000000e+00 2.4401709753e+04 1.4425316134e+04 1.2269441605e+04 4.7975026887e+04 7.9623456602e+05 8.1250748749e+04 -3.0216368282e+01 -1.0932127600e+02 8.5530052770e+01 -1.8476683175e+02 7.7440486518e+02 -1.2761420882e-13 -2.0443258461e+02
1.0000000000e+00 0.0000000000e+00 1.3094751621e+05 2.5698693088e+05 8.7177856760e+04 1.3114427933e+05 1.3418867711e+06 1.9985073988e+05 -1.1230465225e+02 5.0619179417e+02 8.2159040681e+00 -2.2389019471e+02 1.0802242349e+03 -1.8498136013e-13 5.0176894815e+02
1.0000000000e+00 0.0000000000e+00 1.9627318748e+04 1.9841936970e+04 1.4474269187e+04 2.0588980517e+04 4.6753484598e+05 4.7977458279e+04 -2.2325820834e+01 -1.4009161308e+02 8.0307016300e+01 -1.3596847054e+02 5.0244395965e+02 -1.2697570021e-13 -1.0647447406e+02
1.0000000000e+00 0.0000000000e+00 6.0162472923e+04 1.9531635225e+05 2.9302055194e+04 5.3972011387e+04 7.9156889322e+05 9.9940206255e+04 -7.4332072483e+01 4.4110379714e+02 -2.8689242766e+00 -1.5866231970e+02 7.6062007053e+02 -1.6902253927e-13 4.6804418769e+02
1.0000000000e+00 0.0000000000e+00 9.9392920900e+04 2.5890804148e+05 4.4158572668e+04 1.2268451204e+05 1.5892380053e+06 1.9421219213e+05 -9.7125977700e+01 5.0260255093e+02 2.1766801211e+01 -2.4756784986e+02 1.1551968494e+03 -2.1373337992e-13 8.0073663693e+02
1.0000000000e+00 0.0000000000e+00 1.7568804242e+04 2.8370972550e+03 5.3376774190e+03 2.8655506289e+04 3.7539168297e+05 4.0647588885e+04 -3.7707215308e+01 4.7247246615e+01 5.1366353863e+01 -1.3037649095e+02 5.1254312749e+02 -1.1780033345e-13 1.1380287123e+01
1.0000000000e+00 0.0000000000e+00 5.1157947813e+03 1.9743648624e+04 2.1620968725e+03 7.9183551208e+03 2.7020909910e+05 2.3663506836e+04 -1.7929974808e+01 1.3881981637e+02 5.3471644365e+00 -7.5717991724e+01 3.7267055481e+02 -1.2881516780e-13 2.2125475500e+02
1.0000000000e+00 0.0000000000e+00 8.6218799498e+04 3.9510295633e+05 5.7222946797e+04 5.0881626113e+04 8.5123265353e+05 1.2447584764e+05 -8.0649417710e+01 6.2136243802e+02 -4.6056031944e+01 -1.4595350118e+02 8.1939008924e+02 -1.8262897028e-13 7.8303209678e+02
1.0000000000e+00 0.0000000000e+00 2.1138626772e+04 7.6751555534e+03 6.8516884530e+03 7.2696881301e+04 1.2770257562e+06 1.2209792861e+05 -1.7505479864e+01 -5.6024379828e+01 7.9899608526e+01 -2.1091582573e+02 9.4708872475e+02 -1.5599770219e-13 -1.3213008797e+02
1.0000000000e+00 0.0000000000e+00 1.4968151742e+04 1.3954864768e+05 3.5489837353e+03 9.4044271505e+03 4.3846002429e+05 4.2176822606e+04 -2.5854625402e+01 3.3725081701e+02 -2.2150734249e+01 -8.7857412895e+01 4.8457149565e+02 -1.6231908014e-13 7.2320156547e+02
1.0000000000e+00 0.0000000000e+00 2.4115383877e+05 7.2692971292e+05 1.8356516101e+05 1.8043463161e+05 1.8670535501e+06 3.2226161598e+05 -1.4548766535e+02 8.5010695796e+02 -4.7453278235e+01 -2.3663751984e+02 1.2697604488e+03 -2.3587942776e-13 1.0389485944e+03
1.0000000000e+00 0.0000000000e+00 2.8074547225e+04 3.6393301785e+04 9.6525817660e+03 4.7639783370e+04 8.4517214934e+05 8.4349388759e+04 -4.8549564457e+01 1.8454662003e+02 3.7997612042e+01 -1.7481587917e+02 7.9600249112e+02 -1.6463984056e-13 2.8738296203e+02
1.0000000000e+00 0.0000000000e+00 5.8855924138e+03 3.7438985298e+04 4.1075094380e+03 2.2633577553e+04 4.5498866873e+05 4.4459747317e+04 8.4513635820e+00 1.8942266533e+02 -2.0520293115e+01 -7.2905292098e+01 4.8233213423e+02 -1.3688472676e-13 2.6293257999e+02
1.0000000000e+00 0.0000000000e+00 1.3916540503e+04 1.1297984137e+05 6.9189388567e+03 1.5275635605e+04 4.6352742516e+05 4.6656036464e+04 -1.4460115778e+01 3.3249100096e+02 -2.8445466811e+01 -9.1387555196e+01 5.5215016915e+02 -1.3564590909e-13 3.7181102869e+02
1.0000000000e+00 0.0000000000e+00 3.7294096441e+05 1.4129074272e+06 2.1688339075e+05 3.2495039040e+05 2.9282840252e+06 5.0728682306e+05 -1.8700040479e+02 1.1847449644e+03 -5.3678712060e+01 -3.1908766826e+02 1.6178313802e+03 -2.7268931867e-13 1.3138184776e+03
1.0000000000e+00 0.0000000000e+00 1.4768035722e+04 5.1771065724e+04 8.7550978425e+03 1.4663386896e+04 3.9683668872e+05 3.9657020326e+04 -1.8161542258e+01 -1.8884275721e+02 7.2779741320e+01 -1.1607563102e+02 4.5280779232e+02 -1.0927824067e-13 -3.7387314809e+02
1.0000000000e+00 0.0000000000e+00 7.6321893964e+03 3.9754793594e+04 5.7294053132e+03 1.1303547318e+04 3.3288491064e+05 3.1937587215e+04 -1.8219139686e+00 -1.9222874009e+02 5.9033477066e+01 -9.5183872975e+01 4.0294735454e+02 -1.0012156761e-13 -3.2867270234e+02
1.0000000000e+00 0.0000000000e+00 3.3386811183e+04 2.5855392481e+05 1.9477279470e+04 1.2717342258e+04 5.6195490008e+05 6.4734951135e+04 -3.7895579465e+01 4.9919925234e+02 -5.1810833757e+01 -9.5649516133e+01 6.0793800008e+02 -1.6475758667e-13 7.1175048397e+02
1.0000000000e+00 0.0000000000e+00 3.2473879554e+04 8.9304789665e+04 1.3652204578e+04 4.1356840074e+04 7.6657888587e+05 8.0564004566e+04 -5.2760059727e+01 2.9799500758e+02 1.6060317453e+01 -1.6115237616e+02 7.6129983372e+02 -1.5355305875e-13 3.1345714947e+02
1.0000000000e+00 0.0000000000e+00 3.7620107074e+04 1.9111609533e+05 3.0041535393e+04 1.5671783240e+04 4.5001810309e+05 5.9759889497e+04 -4.8450527372e+01 4.3340532717e+02 -4.2895075959e+01 -9.1505961998e+01 5.7133142406e+02 -1.3931317344e-13 5.2607768341e+02
1.0000000000e+00 0.0000000000e+00 5.3464096637e+04 3.2344277177e+04 5.1394508389e+04 4.5002350293e+04 9.0765043761e+05 1.0515304924e+05 -6.2893689301e+01 1.7834232127e+02 2.1950599324e+01 -1.6671292950e+02 8.4893980978e+02 -1.5169991398e-13 1.2880442903e+02
1.0000000000e+00 0.0000000000e+00 3.7107372253e+04 1.5249379872e+04 1.6964708096e+04 5.0877526298e+04 5.9757538307e+05 7.1266302880e+04 -5.8081372224e+01 1.2296445336e+02 5.3141044883e+01 -1.6412121411e+02 6.7234029350e+02 -1.3614906737e-13 1.4585758302e+02
1.0000000000e+00 0.0000000000e+00 5.9848562495e+04 3.2257973508e+05 4.0415709390e+04 3.9980059329e+04 1.0141620686e+06 1.1967169376e+05 -6.0447817112e+01 5.6146818390e+02 -4.2219896356e+01 -1.5486656123e+02 8.9877986702e+02 -1.8286756201e-13 7.4012623983e+02
1.0000000000e+00 0.0000000000e+00 2.3955051779e+04 1.8053847153e+05 5.4384645362e+03 2.3902221786e+04 7.2406864573e+05 7.0784778226e+04 -3.7319130284e+01 4.1163972947e+02 -1.5258059912e+01 -1.3608642629e+02 7.0992045322e+02 -1.6520831878e-13 5.7183788762e+02
1.0000000000e+00 0.0000000000e+00 7.2249709416e+04 2.6025747432e+05 6.0091403802e+04 4.3850643505e+04 5.1664455275e+05 9.3357776948e+04 -7.5799934168e+01 5.0831552127e+02 -4.4182466233e+01 -1.0640896049e+02 6.2467570206e+02 -1.5839751398e-13 5.3591771578e+02
1.0000000000e+00 0.0000000000e+00 4.5819438635e+05 1.6245564259e+06 3.1107762125e+05 3.7719472825e+05 2.5427365036e+06 5.5605548111e+05 -2.0463163431e+02 1.2726050461e+03 -7.8300679422e+01 -2.9181741776e+02 1.5276790324e+03 -2.6267827368e-13 1.3689463035e+03
1.0000000000e+00 0.0000000000e+00 2.4731059020e+04 1.8087139827e+04 3.5001740649e+04 1.1694086627e+04 6.1802817748e+05 6.2839722145e+04 -2.8656549670e+01 8.1106370402e+01 -3.4408492017e+00 -9.7572241247e+01 6.1837096525e+02 -1.3090175588e-13 -1.2553106114e+02
1.0000000000e+00 0.0000000000e+00 5.0875943741e+03 8.2134016767e+03 5.4904046050e+03 1.1386940404e+04 4.6695688002e+05 3.9329478623e+04 -1.1947534219e+01 8.0364123351e+01 5.1068002184e+00 -9.0456575160e+01 5.1629437368e+02 -1.2621526573e-13 -2.8839974397e+01
1.0000000000e+00 0.0000000000e+00 7.4639710577e+03 7.7745444824e+03 6.7990102519e+03 1.8458370088e+04 2.7553846912e+05 3.0194748573e+04 6.1623949235e+00 4.4787719746e+01 2.6822307910e+01 -8.8042559975e+01 3.8705225326e+02 -1.1475827871e-13 2.6337653317e+02
1.0000000000e+00 0.0000000000e+00 2.0972581219e+04 2.8598522726e+04 1.4380641508e+04 2.3737111447e+04 4.5334788737e+05 4.8839626165e+04 -4.1892067119e+01 1.2330474892e+02 2.0800689351e+01 -1.1630699303e+02 5.5791492366e+02 -1.1873208372e-13 -1.1755438809e+02
1.0000000000e+00 0.0000000000e+00 1.1950975770e+04 2.4964135169e+03 4.1601351821e+03 3.1583107200e+04 6.8382784792e+05 6.2192216647e+04 -2.3282257611e+01 4.5891557618e+01 5.2558970039e+01 -1.5610672182e+02 6.7887982957e+02 -1.4400315872e-13 8.8918805863e+01
1.0000000000e+00 0.0000000000e+00 1.1874414536e+04 3.0093078667e+04 7.7450361983e+03 1.0404476836e+04 2.8641436277e+05 2.8796376684e+04 -3.2014098665e+01 1.7308602066e+02 1.0906409664e+00 -7.9913686784e+01 4.0295519135e+02 -1.2102170956e-13 1.6353957604e+02
1.0000000000e+00 0.0000000000e+00 3.3353144802e+05 1.6532951222e+06 1.6775529452e+05 2.9439936529e+05 3.6021499665e+06 5.2951015991e+05 -1.6686277993e+02 1.2716357947e+03 -6.3548886191e+01 -3.4435031522e+02 1.7870203501e+03 -3.0331274674e-13 1.6685493681e+03
1.0000000000e+00 0.0000000000e+00 1.2140435756e+04 1.9702867685e+04 1.2712633446e+04 8.6895405334e+03 4.1205135139e+05 3.8098635087e+04 -2.6566610599e+01 1.3952341365e+02 -1.9029353689e+00 -8.4665405646e+01 4.7877399802e+02 -1.3201819933e-13 1.5616447703e+02
1.0000000000e+00 0.0000000000e+00 7.7971699992e+03 1.9119758820e+04 5.0373224774e+03 9.5316579396e+03 2.8349102848e+05 2.6494954280e+04 -2.3769737451e+01 1.3732707030e+02 3.5449985512e+00 -8.2934570551e+01 4.3383587221e+02 -1.1016479032e-13 7.1978106644e+01
1.0000000000e+00 0.0000000000e+00 1.0820765000e+04 2.2985640112e+04 7.1777361028e+03 1.5578781957e+04 4.5457844516e+05 4.1850586418e+04 -1.9086620910e+01 -9.7372495139e+01 4.5802791233e+01 -1.1080657531e+02 5.2300692063e+02 -1.1298846478e-13 -2.6075286308e+02
1.0000000000e+00 0.0000000000e+00 6.5925683920e+04 3.6742151195e+05 3.4097186228e+04 4.6678294500e+04 9.1989083539e+05 1.1585447086e+05 -7.1165547578e+01 5.9651815452e+02 -3.7537876011e+01 -1.5698413984e+02 8.5722737488e+02 -1.8111460113e-13 8.0597021564e+02
1.0000000000e+00 0.0000000000e+00 6.0930979299e+04 2.8864387930e+05 3.6253990707e+04 4.0664585622e+04 8.0518000744e+05 1.0245225160e+05 -6.9502055542e+01 5.2999634160e+02 -3.2336637639e+01 -1.3812907584e+02 7.4605863748e+02 -1.8596053976e-13 6.7116269571e+02
1.0000000000e+00 0.0000000000e+00 2.5059909827e+04 3.8754666650e+04 2.2508216729e+04 1.7816278491e+04 3.8214525698e+05 4.5379381816e+04 -4.5652264051e+01 1.9638755993e+02 -7.9310514196e-01 -9.3415683439e+01 4.8866287917e+02 -1.2682447793e-13 1.5148043473e+02
1.0000000000e+00 0.0000000000e+00 3.0647539819e+03 1.2670479002e+03 2.9458446129e+03 4.2734406581e+03 2.0049884521e+05 1.6750442019e+04 -1.0170597697e+01 -3.3639990913e+01 2.2832440724e+01 -6.2590313289e+01 2.9919642342e+02 -1.0239134806e-13 1.6228512395e+01
1.0000000000e+00 0.0000000000e+00 2.5384306121e+04 5.5741010146e+04 1.9547504208e+04 2.1508094398e+04 6.0052018110e+05 6.1300596759e+04 -4.3698721489e+01 2.3478312965e+02 2.3451672247e+00 -1.2180211866e+02 6.3114837427e+02 -1.4925585301e-13 2.1513585407e+02
1.0000000000e+00 0.0000000000e+00 5.9648538414e+04 1.2903116363e+05 3.1115222520e+04 6.4693798399e+04 5.7643980585e+05 8.7821301465e+04 -7.8782292631e+01 3.5823764004e+02 9.6188550576e+00 -1.5001676292e+02 6.8340991576e+02 -1.5101823560e-13 4.8805663167e+02
1.0000000000e+00 0.0000000000e+00 8.4611737211e+04 2.8281142015e+05 6.0713268551e+04 6.1002801835e+04 9.0964462104e+05 1.2893058828e+05 -8.5200824424e+01 5.2700366467e+02 -2.6788720990e+01 -1.5860301201e+02 8.5034724226e+02 -1.7768915141e-13 6.3041881078e+02
1.0000000000e+00 0.0000000000e+00 1.4831060424e+04 4.7409307820e+04 1.2638363270e+04 7.7955521108e+03 2.7775966150e+05 3.0000658647e+04 -3.3902146958e+01 2.1763861851e+02 -1.5332516549e+01 -6.3669036192e+01 3.6623339976e+02 -1.2449913256e-13 2.2307075336e+02
1.0000000000e+00 0.0000000000e+00 7.5600727205e+03 7.0113549187e+02 2.2967913142e+03 1.5722548806e+04 3.6730127794e+05 3.2838810123e+04 -1.8686548788e+01 5.1032849801e+00 4.3656548661e+01 -1.1258344874e+02 4.7333387301e+02 -1.1977859681e-13 9.1527979391e+01
1.0000000000e+00 0.0000000000e+00 7.7311090726e+03 1.1560877975e+04 1.1055091552e+04 5.8463344273e+03 3.1799711360e+05 2.9369593381e+04 -5.4302434776e+00 1.0367741562e+02 -2.2197157594e+01 -4.1689112986e+01 3.4628327339e+02 -1.2767444163e-13 6.8907796069e+01
1.0000000000e+00 0.0000000000e+00 1.2548391489e+04 1.2205975820e+04 4.9181612166e+03 1.7612119880e+04 3.0092565897e+05 3.0928045924e+04 -3.4213132101e+01 9.8460492059e+01 2.5744254321e+01 -1.0092409903e+02 4.4108555623e+02 -1.0612971482e-13 -2.4840071908e+01
1.0000000000e+00 0.0000000000e+00 7.8843612069e+03 2.1812915177e+03 3.2460898271e+03 1.3391406317e+04 2.9224661651e+05 2.7219014478e+04 -1.6406827728e+01 -4.1275826421e+01 4.9863284910e+01 -1.0213203541e+02 3.9740233857e+02 -1.1237385412e-13 2.6484744656e+01
1.0000000000e+00 0.0000000000e+00 1.0926267459e+04 4.8194493325e+04 6.8313928731e+03 1.0038991509e+04 1.8352367079e+05 2.2212378665e+04 -7.2739760336e+00 -2.1101591822e+02 6.7084597180e+01 -8.4675344038e+01 2.9451578636e+02 -8.3340446921e-14 -3.3971182964e+02
1.0000000000e+00 0.0000000000e+00 2.8146043916e+03 1.7318505954e+04 6.8899078770e+02 6.3694858889e+03 2.6604781095e+05 2.1928236793e+04 -9.5282657926e+00 1.2930089284e+02 3.5225189033e+00 -7.2666007368e+01 3.7084835131e+02 -1.1067133962e-13 1.2592753904e+02
1.0000000000e+00 0.0000000000e+00 8.7865001939e+03 8.7902646185e+02 3.1959505646e+03 1.6487267321e+04 3.5564613538e+05 3.2797097769e+04 -2.3307654335e+01 5.0664680394e+00 4.0918055569e+01 -1.1019552754e+02 4.7485879423e+02 -1.1749065003e-13 5.7941017741e+01
1.0000000000e+00 0.0000000000e+00 1.3128494530e+05 6.6625889597e+05 9.3762169786e+04 7.0990766157e+04 1.4389140774e+06 2.0226219582e+05 -9.3896379989e+01 8.1043359214e+02 -6.6795180793e+01 -1.8786738131e+02 1.0950294208e+03 -2.1561391677e-13 1.0277967851e+03
1.0000000000e+00 0.0000000000e+00 3.3123207188e+04 8.0790345175e+04 1.7983167315e+04 3.6241895377e+04 4.5232059975e+05 5.8560013975e+04 -5.6070618788e+01 2.8349346300e+02 6.8677220527e+00 -1.2380997728e+02 5.7983259173e+02 -1.4336271875e-13 3.8796779232e+02
1.0000000000e+00 0.0000000000e+00 1.8142875473e+04 4.8854778521e+04 1.3354258751e+04 1.7508411097e+04 2.2588941364e+05 3.1284004594e+04 -1.1357927534e+01 -2.1587181023e+02 8.5781300285e+01 -1.1085667507e+02 3.5427132258e+02 -9.3760046734e-14 -2.5711845327e+02
1.0000000000e+00 0.0000000000e+00 7.5578593473e+03 2.6085398874e+03 3.1162608458e+03 1.6804427342e+04 3.8160484946e+05 3.4737694092e+04 -1.4026719853e+01 -4.9446302893e+01 4.9586256389e+01 -1.1003527411e+02 4.5832074509e+02 -1.2281494593e-13 -1.9981943625e+01
1.0000000000e+00 0.0000000000e+00 5.2893085568e+04 7.4566206520e+04 3.5285730276e+04 5.8007773515e+04 8.0735879695e+05 9.9432863386e+04 -7.0137844726e+01 2.7262737144e+02 1.9745676828e+01 -1.6831232247e+02 8.0447424985e+02 -1.5741304297e-13 2.3205030589e+02
1.0000000000e+00 0.0000000000e+00 2.2149156328e+04 4.1015641907e+04 5.0330946945e+03 3.5576156653e+04 7.2319936275e+05 6.8927860190e+04 -4.2537840134e+01 1.8902430266e+02 3.6991234676e+01 -1.6295764242e+02 7.1943666895e+02 -1.5894029864e-13 4.2815659497e+02
1.0000000000e+00 0.0000000000e+00 6.9985370254e+03 1.0963493413e+04 3.9085237918e+03 2.1421114248e+04 5.6340147137e+05 4.9807718451e+04 -7.5388595326e+00 -8.1277690628e+01 5.6314361119e+01 -1.2927328966e+02 5.6794810346e+02 -1.1756769809e-13 -3.0160946413e+02
1.0000000000e+00 0.0000000000e+00 1.6237500292e+04 2.6123265221e+04 7.9775985336e+03 1.8286875449e+04 2.8251022756e+05 3.2001937313e+04 -4.0695280014e+01 1.5970171192e+02 1.3833761098e+01 -9.3476790286e+01 4.2230996456e+02 -1.2371951101e-13 2.5750107265e+02
1.0000000000e+00 0.0000000000e+00 7.2410900584e+03 7.1414577727e+03 3.3000737047e+03 1.2066195990e+04 2.3812146553e+05 2.3248001337e+04 -1.2954730698e+01 -8.0401126765e+01 4.6938050872e+01 -8.8745018067e+01 3.5492867050e+02 -1.0475792098e-13 2.3124931680e+00
1.0000000000e+00 0.0000000000e+00 4.4646414928e+04 5.9879234526e+02 2.4785748580e+04 6.0970238208e+04 8.1423210350e+05 9.3049043075e+04 -5.9142818625e+01 1.2991828043e+01 7.6706723730e+01 -1.8545925181e+02 7.4564524204e+02 -1.5731319616e-13 1.9687837133e+01
1.0000000000e+00 0.0000000000e+00 5.4134660271e+03 9.5117818646e+03 3.2556651522e+03 7.3701405940e+03 2.5628526546e+05 2.2444332465e+04 -1.3182062697e+01 5.3690994224e+01 2.6310644203e+01 -8.3200126858e+01 3.5122746518e+02 -1.2325059356e-13 2.4168589776e+02
1.0000000000e+00 0.0000000000e+00 5.1861833881e+04 3.3560585785e+05 2.6196808077e+04 2.8640257414e+04 5.7901963407e+05 7.9791394168e+04 -6.0186270094e+01 5.6816113345e+02 -4.5559922267e+01 -1.1548529502e+02 6.5050536087e+02 -1.6938326653e-13 7.3472105663e+02
1.0000000000e+00 0.0000000000e+00 2.5256194635e+05 6.2949325002e+05 1.5358504170e+05 2.5839655613e+05 2.4299928209e+06 3.7763343745e+05 -1.5495730869e+02 7.9082118636e+02 9.3937413072e-01 -3.0597103977e+02 1.4693323089e+03 -2.4326489804e-13 9.5696666244e+02
1.0000000000e+00 0.0000000000e+00 8.2444093179e+04 3.6762710858e+05 4.3074568882e+04 7.0035092371e+04 9.7021889596e+05 1.3368126166e+05 -8.4848180853e+01 6.0327864705e+02 -2.6758819394e+01 -1.7272297225e+02 8.8898045237e+02 -1.8915852939e-13 7.1040035968e+02
1.0000000000e+00 0.0000000000e+00 6.1349547938e+04 2.7580360987e+05 3.0596311946e+04 5.2575932217e+04 5.8607485144e+05 9.0027271831e+04 -7.4087967654e+01 5.1709279887e+02 -2.3683053288e+01 -1.3395415387e+02 6.7201867394e+02 -1.7087177782e-13 7.3308722496e+02
1.0000000000e+00 0.0000000000e+00 1.5175042899e+04 7.8399877995e+03 1.2016918732e+04 2.2569018032e+04 6.0354745054e+05 5.6367864397e+04 -3.1173040139e+01 5.9882366684e+01 2.7792655130e+01 -1.2940703884e+02 6.4782214474e+02 -1.3508680857e-13 -3.4674723437e+00
1.0000000000e+00 0.0000000000e+00 2.6396085662e+04 2.4984062763e+04 3.1728659166e+04 1.2663091719e+04 5.2869520779e+05 5.6199619693e+04 -3.8569420311e+01 1.4815755015e+02 -3.9089628024e+00 -9.7535672065e+01 5.7180674230e+02 -1.3721872219e-13 7.1877997020e+01
1.0000000000e+00 0.0000000000e+00 1.2222418092e+04 7.9471800055e+04 9.2921637778e+03 7.1699960185e+03 3.3851707746e+05 3.3948008565e+04 -1.9747367716e+01 2.7867199608e+02 -2.5802667040e+01 -7.1643479466e+01 4.4205897723e+02 -1.3827366236e-13 4.1397247460e+02
1.0000000000e+00 0.0000000000e+00 2.5599449529e+04 4.2699220231e+04 1.3732174408e+04 3.3807321283e+04 5.8108907959e+05 6.2403074281e+04 -4.7936834623e+01 2.0089615991e+02 1.9908926107e+01 -1.3920282711e+02 6.6048690930e+02 -1.4499194303e-13 3.9476211382e+02
1.0000000000e+00 0.0000000000e+00 1.3021039376e+04 2.0528874370e+04 6.1794659900e+03 1.7004610148e+04 3.0265989823e+05 3.1725463471e+04 -3.4010161288e+01 1.4120438246e+02 1.8056412314e+01 -9.9341214572e+01 4.4827762182e+02 -1.1743291710e-13 7.7017227599e+01
1.0000000000e+00 0.0000000000e+00 4.4699072564e+03 1.0790566056e+04 2.3169024461e+03 4.7406735868e+03 2.1631196033e+05 1.8225320057e+04 -1.6163115200e+01 1.0166905746e+02 7.8150641271e+00 -6.1864033905e+01 2.9103926368e+02 -1.0513473909e-13 -1.4185063832e+01
1.0000000000e+00 0.0000000000e+00 2.0091548500e+05 8.1383552129e+05 1.4794341754e+05 1.2817594261e+05 1.2308676439e+06 2.4478489437e+05 -1.2579978298e+02 8.9715124630e+02 -7.3886982361e+01 -1.7970323748e+02 1.0218114126e+03 -2.2252068134e-13 1.1929121051e+03
1.0000000000e+00 0.0000000000e+00 4.8368374811e+04 2.1403313872e+05 3.6123397497e+04 2.7295842688e+04 5.7079188057e+05 7.6894842287e+04 -5.8584246171e+01 4.5501314163e+02 -3.5774535284e+01 -1.1425137056e+02 6.6271710062e+02 -1.6845251548e-13 7.8894547330e+02
1.0000000000e+00 0.0000000000e+00 1.3831670856e+04 1.2706041832e+04 5.9147843669e+03 2.4211087432e+04 5.3818314347e+05 5.0324200043e+04 -3.2382089761e+01 1.1174694343e+02 2.6595345747e+01 -1.2687279900e+02 6.0031010320e+02 -1.3171971388e-13 1.1148421138e+02
1.0000000000e+00 0.0000000000e+00 7.6933705334e+04 3.3100429022e+05 3.6671282532e+04 7.4046079789e+04 1.0089621678e+06 1.3352865951e+05 -8.2502551132e+01 5.6825677397e+02 -1.7587592466e+01 -1.8144595047e+02 9.1460371375e+02 -1.8335704210e-13 7.5117299738e+02
1.0000000000e+00 0.0000000000e+00 4.4954776474e+03 2.9061252149e+03 1.6739398090e+03 1.2539976932e+04 2.6756008549e+05 2.4531734967e+04 -7.4162773420e+00 -4.6396080150e+01 3.7867169550e+01 -8.7973665873e+01 3.8286865336e+02 -1.1095427948e-13 -4.8264428213e+01
1.0000000000e+00 0.0000000000e+00 2.0248023725e+03 1.1755737382e+04 1.9002689747e+03 7.4333811618e+03 2.1260735626e+05 1.9061892611e+04 7.0938767981e+00 -1.0656726290e+02 3.0353696075e+01 -5.7779422530e+01 2.7228795420e+02 -9.8343863897e-14 -7.8157693388e+01
1.0000000000e+00 0.0000000000e+00 2.5304335865e+04 7.5522143605e+04 1.1826214759e+04 2.3763123819e+04 3.6316796108e+05 4.4006151063e+04 -4.7897659751e+01 2.7461787106e+02 1.1031116902e+00 -1.0249448675e+02 4.8000465147e+02 -1.3326214754e-13 3.2775321509e+02
1.0000000000e+00 0.0000000000e+00 7.7848388725e+03 2.6304669771e+04 2.6219018592e+03 2.8141465552e+04 5.7119388673e+05 5.3574980066e+04 -6.7623064983e+00 1.6126062803e+02 2.7129112892e+00 -1.1193625919e+02 6.1654214773e+02 -1.3185802612e-13 1.7087304926e+02
1.0000000000e+00 0.0000000000e+00 1.4971054334e+04 9.3690814112e+04 9.2168321581e+03 1.0660970422e+04 5.4227379572e+05 4.9902130723e+04 -2.6201618877e+01 3.0590178272e+02 -2.1917496032e+01 -9.5209558295e+01 5.5556317715e+02 -1.5272247358e-13 3.2240515769e+02
1.0000000000e+00 0.0000000000e+00 3.2391794993e+04 1.0540627383e+05 8.4602813393e+03 4.9647650266e+04 9.5581838825e+05 9.5599555909e+04 -5.1373044391e+01 3.2317004938e+02 2.0367474749e+01 -1.8270677227e+02 8.6008628602e+02 -1.6139564250e-13 3.9795836747e+02
1.0000000000e+00 0.0000000000e+00 4.1605595225e+04 1.0658861403e+05 5.7747785579e+03 7.6530686276e+04 1.1833892207e+06 1.2196275748e+05 -5.6411331193e+01 3.2385560984e+02 4.0671773513e+01 -2.1983429392e+02 9.7905317671e+02 -1.6258724492e-13 3.4086763770e+02
1.0000000000e+00 0.0000000000e+00 2.5216889446e+04 4.4079161386e+04 1.6164261731e+04 2.4436064962e+04 4.5667033389e+05 5.0913896637e+04 -4.9320316535e+01 2.0976179694e+02 7.9437820433e+00 -1.1091743942e+02 5.4049218406e+02 -1.3918821530e-13 2.1628039870e+02
1.0000000000e+00 0.0000000000e+00 1.7085642284e+04 2.9654396986e+03 1.1746761887e+04 2.4231782746e+04 5.3599198378e+05 5.2218372596e+04 -2.6540326606e+01 -4.4644202798e+01 6.0740397626e+01 -1.3516594528e+02 5.5225124118e+02 -1.3973452348e-13 7.9868149133e+01
1.0000000000e+00 0.0000000000e+00 3.3708419811e+04 7.4588641136e+04 2.0462549976e+04 3.5155712664e+04 6.2816726871e+05 7.0658248710e+04 -5.5710347590e+01 2.6613000411e+02 8.0482542095e+00 -1.3799797314e+02 6.8042305642e+02 -1.5310071662e-13 4.7183509883e+02
1.0000000000e+00 0.0000000000e+00 1.0286477286e+04 5.4454728726e+04 7.5596856356e+03 5.6150304612e+03 2.3005254462e+05 2.3965110869e+04 -2.3784239790e+01 2.2985357117e+02 -1.7965971132e+01 -6.4777980145e+01 3.8158275710e+02 -1.1920136483e-13 3.9059913494e+02
1.0000000000e+00 0.0000000000e+00 1.6146198948e+04 8.4387615908e+04 6.6044423222e+03 1.4232387374e+04 2.5367958915e+05 3.0519930347e+04 -3.7588603873e+01 2.8381609840e+02 -1.2883595932e+01 -8.0623216764e+01 4.1584390487e+02 -1.2297813855e-13 4.2403917785e+02
1.0000000000e+00 0.0000000000e+00 2.6122645589e+04 6.5829185817e+04 8.2646176637e+03 3.1014106174e+04 4.9461366763e+05 5.4111030534e+04 -5.0346355875e+01 2.5650581368e+02 1.5843790026e+01 -1.2629892280e+02 5.5888604973e+02 -1.4379008877e-13 2.5948276076e+02
1.0000000000e+00 0.0000000000e+00 4.1560952113e+04 1.6430606699e+04 2.1045188999e+04 6.7058666139e+04 8.4659890929e+05 9.7149840081e+04 -4.4092998618e+01 -1.1966359707e+02 1.0635105424e+02 -2.0677789411e+02 7.9654411742e+02 -1.3198725048e-13 -2.5203067066e+02
1.0000000000e+00 0.0000000000e+00 1.6792985552e+04 1.7306948353e+04 8.6650695780e+03 1.9039399063e+04 3.2078583525e+05 3.4776815952e+04 -4.0384232241e+01 1.2783149614e+02 2.1709045519e+01 -1.0041685724e+02 4.4193466745e+02 -1.2877693584e-13 2.4347258788e+02
1.0000000000e+00 0.0000000000e+00 3.1465963314e+04 4.5399712499e+04 1.7198088553e+04 4.0235854165e+04 6.2255205071e+05 6.9726435557e+04 -5.3831210976e+01 2.1134136218e+02 2.3902096883e+01 -1.4747008307e+02 6.8279120420e+02 -1.5093359783e-13 3.4573984502e+02
1.0000000000e+00 0.0000000000e+00 1.0292276249e+05 4.2265286141e+05 6.7802309980e+04 7.3355455336e+04 8.2349213706e+05 1.3869587939e+05 -9.3625949021e+01 6.4753177401e+02 -4.2803266727e+01 -1.5260679718e+02 8.2402356831e+02 -1.8092408047e-13 7.4804578701e+02
1.0000000000e+00 0.0000000000e+00 6.1936041742e+03 4.2607896333e+04 2.7175864609e+03 8.4097056700e+03 3.2672526871e+05 2.9057543417e+04 -7.8351301521e+00 2.0429566694e+02 -6.7204036899e+00 -7.4092141159e+01 3.9092440731e+02 -1.2926308005e-13 2.8732475106e+02
1.0000000000e+00 0.0000000000e+00 1.5023933894e+04 5.1044744329e+03 4.1442440387e+03 2.7807743078e+04 4.4122693745e+05 4.4289996834e+04 -3.0033101659e+01 6.8922820566e+01 4.9770684123e+01 -1.3356801880e+02 5.2828353305e+02 -1.2626060115e-13 2.4562352306e+01
1.0000000000e+00 0.0000000000e+00 3.6073887834e+04 1.4490391750e+05 2.5410924697e+04 2.4460718714e+04 5.4956405437e+05 6.6147129870e+04 -5.3638519941e+01 3.7819812489e+02 -2.3344297257e+01 -1.1186879854e+02 6.2353070798e+02 -1.5329647488e-13 4.9128858438e+02
1.0000000000e+00 0.0000000000e+00 1.0300595297e+05 4.5342372342e+05 6.5798210578e+04 7.1764020134e+04 7.4238853102e+05 1.3317962025e+05 -9.1252801191e+01 6.7011083651e+02 -4.7923576409e+01 -1.4171944985e+02 7.6703806396e+02 -1.8161677564e-13 8.3964166119e+02
1.0000000000e+00 0.0000000000e+00 1.3345826250e+04 1.7721254762e+04 6.2580185323e+03 1.6851291655e+04 3.0220113981e+05 3.1520243916e+04 -3.5882708699e+01 1.3228500728e+02 1.8129451103e+01 -9.7528286760e+01 4.4218178544e+02 -1.1411919052e-13 1.5608843613e+02
1.0000000000e+00 0.0000000000e+00 1.2022178846e+04 2.0952681961e+03 4.1815093785e+03 2.0850958533e+04 4.1566719516e+05 3.9292308492e+04 -2.8930199152e+01 4.2175063967e+01 4.3878965258e+01 -1.2289510392e+02 5.1396552962e+02 -1.2114424335e-13 -2.6028090687e+00
1.0000000000e+00 0.0000000000e+00 1.3085494593e+04 4.7710057292e+03 4.4807469218e+03 2.1069081555e+04 3.8023720034e+05 3.7269303945e+04 -3.1989909396e+01 6.5912750339e+01 4.0792168824e+01 -1.2233203228e+02 5.1250418237e+02 -1.1308838137e-13 5.2927541514e+01
1.0000000000e+00 0.0000000000e+00 2.9904265137e+03 1.0494384282e+03 1.5609873583e+03 1.0577217666e+04 3.2065025035e+05 2.7074484097e+04 -8.9325305972e+00 1.7037496434e+01 2.1826070520e+01 -8.4533423963e+01 4.1589402538e+02 -1.1873741653e-13 9.3778806174e+01
1.0000000000e+00 0.0000000000e+00 1.9259407934e+04 2.0129890637e+04 5.2685142700e+03 3.3595518222e+04 6.2755348394e+05 6.0667372928e+04 -3.9563694410e+01 1.4009361050e+02 4.0097014892e+01 -1.5158092277e+02 6.5903598401e+02 -1.4436212652e-13 1.4990667124e+02
1.0000000000e+00 0.0000000000e+00 2.4376350640e+03 1.2451661208e+04 2.2094647977e+03 2.6775220188e+03 1.5288154053e+05 1.3061955645e+04 -5.1418260399e+00 1.1152679078e+02 -1.1994544878e+01 -3.6028562944e+01 2.3706280568e+02 -1.0211742937e-13 1.3082969480e+02
1.0000000000e+00 0.0000000000e+00 1.1929894064e+05 4.3514182115e+05 8.3374089153e+04 9.0655093941e+04 9.1065608272e+05 1.5971171491e+05 -1.0258268600e+02 6.5860630652e+02 -4.1416031496e+01 -1.6261241616e+02 8.7425405966e+02 -1.7858046888e-13 6.9233556486e+02
1.0000000000e+00 0.0000000000e+00 7.5074263729e+03 9.7407403237e+03 5.1772043447e+03 1.1039113439e+04 3.8802083244e+05 3.3803535374e+04 -2.2044285134e+01 9.0427698079e+01 1.5693030119e+01 -9.7244099832e+01 4.8667449598e+02 -1.1953450122e-13 1.8244133608e+01
1.0000000000e+00 0.0000000000e+00 7.2621384048e+04 6.6410932912e+04 2.3303124667e+04 1.1167763368e+05 1.2023797194e+06 1.4470146145e+05 -8.5136586613e+01 2.5728334371e+02 6.1786524649e+01 -2.3366758975e+02 9.8569011733e+02 -1.7395838430e-13 2.6484804779e+02
1.0000000000e+00 0.0000000000e+00 2.4568393513e+03 7.7874429698e+03 4.3672906493e+02 2.1551991478e+04 5.2969331152e+05 4.5945938457e+04 -3.1570648291e+00 8.3862722615e+01 1.6498716850e+01 -1.0937995488e+02 5.6792829722e+02 -1.4060377354e-13 2.3072151346e+02
1.0000000000e+00 0.0000000000e+00 8.2322589727e+03 1.1618365023e+04 5.1555232722e+03 1.5967163716e+04 3.1495457027e+05 3.1201055482e+04 -8.5718309766e+00 -1.0534642109e+02 5.3419358669e+01 -1.0112800065e+02 4.1498671923e+02 -1.1170192294e-13 -2.6476871910e+01
1.0000000000e+00 0.0000000000e+00 4.2154812737e+03 1.2546506493e+04 3.1558837032e+03 3.4950686504e+03 1.8989656517e+05 1.6333931218e+04 -1.6621631471e+01 9.1792005635e+01 1.1211372669e+00 -5.4522303558e+01 2.9184922144e+02 -9.9338936879e-14 -6.9929351601e+01
1.0000000000e+00 0.0000000000e+00 2.9060587070e+04 4.1545680232e+02 1.1346448971e+04 4.8520875596e+04 6.4163595335e+05 7.0008350552e+04 -4.4672414122e+01 4.6172665927e+00 7.4550293702e+01 -1.7347352643e+02 6.8504662061e+02 -1.3000191117e-13 -6.9615362124e+01
1.0000000000e+00 0.0000000000e+00 8.6235973157e+04 2.9075899211e+05 5.2902253979e+04 7.2741243638e+04 7.6249777369e+05 1.2136745413e+05 -8.8790897104e+01 5.3858092047e+02 -1.9919649928e+01 -1.5479828233e+02 7.7222695735e+02 -1.6866212681e-13 5.5552713075e+02
1.0000000000e+00 0.0000000000e+00 1.3207105904e+04 1.7342583021e+04 8.6003070196e+03 1.7339302134e+04 4.2685976628e+05 4.1116393727e+04 -3.2487106682e+01 1.2876233294e+02 1.5770232540e+01 -1.1100412677e+02 5.5049126130e+02 -1.1874986583e-13 9.1077958490e+01
1.0000000000e+00 0.0000000000e+00 1.9347499332e+04 7.0138455082e+04 8.8808465126e+03 2.0568101634e+04 4.7003021228e+05 4.8212880309e+04 -4.0706420990e+01 2.5901534683e+02 -1.7651799238e-01 -1.1211612401e+02 5.6436827403e+02 -1.4372975323e-13 4.1148985173e+02
1.0000000000e+00 0.0000000000e+00 4.7456354438e+04 2.7708970862e+05 2.4741584854e+04 3.7738350297e+04 1.1757081211e+06 1.2051619325e+05 -5.4869096207e+01 5.2005357443e+02 -2.7884663018e+01 -1.6725901992e+02 9.2067748540e+02 -1.9999246786e-13 7.3947386543e+02
1.0000000000e+00 0.0000000000e+00 6.1060193199e+04 3.7443559634e+05 3.8241002867e+04 2.8749347541e+04 6.3681664400e+05 9.0841178407e+04 -6.4110568341e+01 6.0356024424e+02 -5.6081169031e+01 -1.1444031543e+02 6.8487615546e+02 -1.7120654695e-13 8.1513751104e+02
1.0000000000e+00 0.0000000000e+00 3.6106238276e+04 2.0053762406e+04 1.8958592944e+04 5.4361948568e+04 9.1283558204e+05 9.5143388475e+04 -4.1993802673e+01 -1.2225024848e+02 9.1538683057e+01 -1.9324804189e+02 8.0242251575e+02 -1.4007832435e-13 -1.9329251187e+02
1.0000000000e+00 0.0000000000e+00 1.4492280693e+05 3.5245837004e+05 1.0584129745e+05 1.2570794134e+05 1.4358634448e+06 2.1648203280e+05 -1.1636501049e+02 5.9337678063e+02 -1.4541612341e+01 -2.1563419200e+02 1.1064507234e+03 -1.9705218783e-13 6.3775688417e+02
1.0000000000e+00 0.0000000000e+00 2.5931123873e+05 9.6330050266e+05 1.6566653173e+05 2.0985283513e+05 1.8184637000e+06 3.3627380219e+05 -1.5276753498e+02 9.7739154661e+02 -5.3388488485e+01 -2.4385800231e+02 1.2627212897e+03 -2.3701443903e-13 1.1753849005e+03
1.0000000000e+00 0.0000000000e+00 2.2938244264e+04 7.5223141745e+04 1.7543191889e+04 1.8477462863e+04 6.2438270866e+05 6.1634968557e+04 -3.9078777939e+01 2.7285152409e+02 -8.6668728515e+00 -1.1647816660e+02 6.3793407286e+02 -1.4961863461e-13 2.8688608975e+02
1.0000000000e+00 0.0000000000e+00 3.8355371460e+04 2.9095544318e+04 1.7743508726e+04 5.1724873729e+04 8.0507572025e+05 8.6626572457e+04 -5.6576326567e+01 1.5870649930e+02 5.0846139238e+01 -1.7916141708e+02 7.6187405981e+02 -1.6503167199e-13 3.4661998120e+02
1.0000000000e+00 0.0000000000e+00 1.8426750607e+04 2.8341977320e+04 1.5792912983e+04 1.3551832554e+04 3.0823137638e+05 3.5069650342e+04 -3.8704293428e+01 1.6648777246e+02 1.3084290312e+00 -8.5439259442e+01 4.4356079587e+02 -1.2620823485e-13 2.2418529871e+02
1.0000000000e+00 0.0000000000e+00 4.6935413514e+04 4.8431057585e+04 1.4904364312e+04 7.8035213983e+04 1.2359636163e+06 1.2723767237e+05 -6.4150132882e+01 2.1947938469e+02 5.4166121599e+01 -2.2133375625e+02 9.7941767486e+02 -1.7910276099e-13 2.9664722891e+02
1.0000000000e+00 0.0000000000e+00 4.4849987309e+03 3.8129604063e+04 4.9906531134e+02 2.2519354225e+04 5.8192644025e+05 5.1424500228e+04 -1.7860609348e+00 1.6733319210e+02 -8.6610592629e-01 -1.0448764712e+02 5.8493771035e+02 -1.5150676295e-13 3.8670681594e+02
1.0000000000e+00 0.0000000000e+00 4.4662476249e+04 4.5347209353e+04 2.2952959168e+04 5.8574233070e+04 9.0211974500e+05 9.9300598156e+04 -6.4225524659e+01 2.1183549779e+02 3.9341890650e+01 -1.8590967826e+02 8.4189784175e+02 -1.5706015015e-13 2.6033688113e+02
1.0000000000e+00 0.0000000000e+00 1.3403426601e+04 1.2048946868e+03 5.0322445443e+03 2.2545774898e+04 3.9292252536e+05 3.8851570095e+04 -2.7207917828e+01 -2.2707306101e+01 5.6857663145e+01 -1.2505566044e+02 4.9303028060e+02 -1.2202445969e-13 -1.8328615373e+01
1.0000000000e+00 0.0000000000e+00 1.7502351329e+04 5.0026116417e+03 6.1701182868e+03 3.6511729777e+04 7.7882329588e+05 7.1800673486e+04 -3.0598602711e+01 1.1132483423e+01 6.1476466057e+01 -1.6899318651e+02 7.3392698023e+02 -1.3121013933e-13 -1.6271973092e+02
1.0000000000e+00 0.0000000000e+00 2.2830892932e+05 1.0625796421e+06 1.6169246978e+05 1.3201341993e+05 1.8070120484e+06 3.0350423434e+05 -1.3100982078e+02 1.0279946302e+03 -8.7248880082e+01 -2.1189093420e+02 1.2276078853e+03 -2.4028666928e-13 1.1491575002e+03
1.0000000000e+00 0.0000000000e+00 1.2319610101e+05 1.6164138977e+05 7.1695987923e+04 1.5039306395e+05 1.4582556088e+06 2.0499071732e+05 -1.1079883454e+02 3.9594903365e+02 3.9171222700e+01 -2.4598507318e+02 1.1114538903e+03 -1.8206532981e-13 2.2265390251e+02
1.0000000000e+00 0.0000000000e+00 2.9698735837e+04 3.2029855509e+04 2.6975269376e+04 2.3839181565e+04 6.4388127081e+05 6.7300085925e+04 -4.7950473823e+01 1.7306378088e+02 1.0575473082e+01 -1.2744904351e+02 6.6175905213e+02 -1.4579029829e-13 1.3392081971e+02
1.0000000000e+00 0.0000000000e+00 8.8612777991e+03 1.4996882639e+03 3.9055448918e+03 1.7523490995e+04 4.3241922666e+05 3.8765988383e+04 -1.5771701975e+01 7.9189798547e+00 4.9884627093e+01 -1.2279533312e+02 4.9999948832e+02 -1.1679054774e-13 -1.0788336190e+02
1.0000000000e+00 0.0000000000e+00 8.4832339670e+03 2.9573788578e+04 1.0106110264e+03 2.1588647797e+04 4.5145897312e+05 4.2025708802e+04 -1.4876055408e+01 1.6593660205e+02 1.6194081293e+01 -1.0987198307e+02 5.1282028460e+02 -1.3992987815e-13 2.9076327206e+02
1.0000000000e+00 0.0000000000e+00 3.4386613692e+05 4.2454057932e+05 1.6043914128e+05 4.7126420277e+05 3.7600336613e+06 5.5616199076e+05 -1.8824817535e+02 6.5131379229e+02 8.8362744867e+01 -4.3147669767e+02 1.8553948320e+03 -2.4489666383e-13 5.6902127985e+02
1.0000000000e+00 0.0000000000e+00 1.1813541108e+04 1.0316693302e+04 3.1678525394e+03 2.9987797963e+04 6.1215026034e+05 5.6608965195e+04 -1.9230835198e+01 1.0082931156e+02 4.0217282636e+01 -1.4518252026e+02 6.4412929635e+02 -1.3663940761e-13 6.6843254838e+01
1.0000000000e+00 0.0000000000e+00 1.1204988407e+05 4.4053889248e+05 7.2388963485e+04 8.2812277394e+04 9.5222692893e+05 1.5449284183e+05 -9.8187571711e+01 6.6016752696e+02 -3.8926177850e+01 -1.6690889542e+02 8.8603264199e+02 -1.8928889275e-13 8.0535820803e+02
1.0000000000e+00 0.0000000000e+00 5.5271387801e+04 2.2454934111e+05 2.7232852156e+04 4.9912121152e+04 7.8195303286e+05 9.8011841858e+04 -7.1621059983e+01 4.6990218807e+02 -1.6408336879e+01 -1.5021071071e+02 7.6939569915e+02 -1.6607116000e-13 5.3225338453e+02
1.0000000000e+00 0.0000000000e+00 9.2037901449e+03 8.3741678503e+03 5.0169272210e+03 1.3769297662e+04 2.7654795623e+05 2.7403760082e+04 -1.5881979524e+01 -8.2242542716e+01 5.4335310780e+01 -1.0092173280e+02 3.9073564204e+02 -1.0138623965e-13 -1.8561917218e+02
1.0000000000e+00 0.0000000000e+00 1.4823128542e+04 2.8426181419e+04 6.3386972356e+03 1.9607483326e+04 3.9303804560e+05 3.9440574245e+04 -3.6768662844e+01 1.6603933776e+02 1.7154580680e+01 -1.0714112063e+02 4.8822913645e+02 -1.3559576404e-13 2.0892110122e+02
1.0000000000e+00 0.0000000000e+00 9.8940324226e+02 2.8191745606e+03 1.1007928891e+03 6.5604343131e+03 2.3190385210e+05 1.9178283681e+04 4.1465497062e+00 -4.5712322452e+01 1.9869016996e+01 -5.6553728878e+01 2.8648573357e+02 -9.9619883378e-14 -1.4296936217e+02
1.0000000000e+00 0.0000000000e+00 2.5890603567e+04 9.7409143413e+04 1.1255424644e+04 2.5702595609e+04 4.4267422369e+05 5.1067440025e+04 -4.7648231132e+01 3.0532895153e+02 2.0340945765e-01 -1.1749635499e+02 5.6403892129e+02 -1.4550267102e-13 5.1886378159e+02
1.0000000000e+00 0.0000000000e+00 1.6388107263e+04 7.9113623498e+04 2.6473369501e+03 2.0282410729e+04 4.3952130669e+05 4.3788526280e+04 -3.5923813400e+01 2.6810120966e+02 5.2001482194e+00 -1.1509476162e+02 5.4325004185e+02 -1.4911355762e-13 5.6013760246e+02
1.0000000000e+00 0.0000000000e+00 3.4877642498e+04 8.1277661077e+04 2.3094229244e+04 3.5949879249e+04 5.5979206885e+05 6.7883865865e+04 -2.8796919551e+01 -2.7397567288e+02 1.1164034160e+02 -1.6281631015e+02 5.8059389596e+02 -1.1814599906e-13 -4.3186009611e+02
1.0000000000e+00 0.0000000000e+00 1.5961665861e+04 5.7592876590e+03 5.4441534643e+03 2.7208337435e+04 4.9850287255e+05 4.8464077443e+04 -3.4025635337e+01 7.0450994113e+01 4.4969704396e+01 -1.3476561416e+02 5.6598166830e+02 -1.3042216364e-13 1.7878061042e+01
1.0000000000e+00 0.0000000000e+00 5.5900617932e+04 1.7020340924e+05 3.3640475290e+04 4.9595513056e+04 6.9866790594e+05 9.2340584885e+04 -7.1127503668e+01 4.1104209338e+02 -6.9775497107e+00 -1.4796281344e+02 7.3713249791e+02 -1.5567566381e-13 3.6006109312e+02
1.0000000000e+00 0.0000000000e+00 1.0004018188e+05 3.1644309143e+05 7.7434187206e+04 7.1393779696e+04 1.1423887805e+06 1.5815545338e+05 -9.0748981203e+01 5.6179946592e+02 -2.9244379317e+01 -1.7602037116e+02 9.5758884273e+02 -1.8910161632e-13 6.0341455632e+02
1.0000000000e+00 0.0000000000e+00 9.5597238424e+03 1.2294878158e+04 7.2135162155e+03 1.5317237977e+04 3.2827883255e+05 3.2723992179e+04 -4.8249583398e+00 -8.5628482520e+01 5.3541719632e+01 -9.9524007568e+01 3.8891561447e+02 -1.0543947135e-13 -2.5261782013e+02
1.0000000000e+00 0.0000000000e+00 3.4081014980e+04 1.7712465674e+04 1.1681905829e+04 5.1926166417e+04 6.7921547087e+05 7.5076076876e+04 -5.5207397001e+01 1.2876776617e+02 5.4647942937e+01 -1.7308450481e+02 7.1867347907e+02 -1.5159831826e-13 2.9016886803e+02
1.0000000000e+00 0.0000000000e+00 2.1199915358e+04 2.8989997453e+04 3.2549864240e+03 3.8685229157e+04 6.4428805137e+05 6.3664742020e+04 -3.9153360322e+01 1.6864732782e+02 4.2617431033e+01 -1.5965081308e+02 6.7613319358e+02 -1.4544976469e-13 2.5385416686e+02
1.0000000000e+00 0.0000000000e+00 7.9751714400e+03 7.3763356779e+03 4.2788579840e+03 1.1231667914e+04 2.2438625638e+05 2.2380375879e+04 -1.6082728935e+01 -8.1005881723e+01 5.1970251583e+01 -9.1736430437e+01 3.4323190486e+02 -1.0593755996e-13 2.9074855992e+01
1.0000000000e+00 0.0000000000e+00 2.2447730229e+03 1.1583364064e+04 1.6015628626e+03 8.7217076676e+03 4.1360048096e+05 3.3025872289e+04 -6.3599769045e+00 1.0714666057e+02 7.3432669200e-01 -7.7083042175e+01 4.3470944382e+02 -1.2576968131e-13 8.6573405994e+01
1.0000000000e+00 0.0000000000e+00 2.3318172152e+04 6.1559428178e+04 1.7509314964e+04 2.8063893714e+04 4.3265199143e+05 5.2383492097e+04 -9.6186735619e+00 -2.4337385273e+02 9.7220030524e+01 -1.4070728176e+02 5.0187065210e+02 -1.0822873179e-13 -3.0775830152e+02
1.0000000000e+00 0.0000000000e+00 4.6276040886e+04 1.5015487564e+05 3.1900486783e+04 3.5020983321e+04 7.0375222690e+05 8.4350268532e+04 -6.1044329269e+01 3.8599543330e+02 -1.3053204298e+01 -1.3768913109e+02 7.2542619327e+02 -1.6605999048e-13 5.0775133792e+02
1.0000000000e+00 0.0000000000e+00 8.5851671053e+04 3.8931746888e+05 4.2380578085e+04 7.6944729868e+04 1.1217709264e+06 1.4777290867e+05 -8.5746000210e+01 6.2212145300e+02 -2.3718468972e+01 -1.8782123654e+02 9.5713948404e+02 -1.7998853771e-13 6.0161790444e+02
1.0000000000e+00 0.0000000000e+00 1.6995715096e+04 1.5584060581e+04 8.3701570259e+03 2.4655363410e+04 3.5076834135e+05 3.9120507029e+04 -2.5598236115e+01 -1.0729585264e+02 7.4518470184e+01 -1.3130810618e+02 4.8409036631e+02 -1.0283587333e-13 -2.4465784122e+02
1.0000000000e+00 0.0000000000e+00 3.6395969713e+04 8.4525464904e+04 3.3512831079e+04 2.1054068191e+04 4.4772224424e+05 5.8262430968e+04 -5.2532986335e+01 2.8958116362e+02 -1.6781537449e+01 -9.4565383564e+01 5.3031909108e+02 -1.4585425810e-13 3.4083964437e+02
1.0000000000e+00 0.0000000000e+00 2.3341119927e+03 8.7615936766e+03 9.9041519745e+02 1.4143455036e+04 3.3880217607e+05 3.0043539368e+04 3.4091639950e+00 -5.6517694287e+01 2.9996020919e+01 -8.3841052019e+01 4.1297839372e+02 -1.0873947782e-13 -1.5611310495e+02
1.0000000000e+00 0.0000000000e+00 6.4699043185e+04 3.2198019958e+04 3.1053626236e+04 8.5502653483e+04 9.9125602091e+05 1.2031401684e+05 -7.9511890329e+01 1.7659621744e+02 6.0639722362e+01 -2.0563574561e+02 8.6393166701e+02 -1.6672471667e-13 2.2298114028e+02
1.0000000000e+00 0.0000000000e+00 1.6182584504e+04 3.4255983206e+04 1.4061039236e+04 1.5447142058e+04 5.5066517003e+05 5.1778668141e+04 -3.1931648062e+01 1.8236859339e+02 2.2340998212e+00 -1.1215300769e+02 6.0554247811e+02 -1.4246770527e-13 2.1173656251e+02
1.0000000000e+00 0.0000000000e+00 1.3089594997e+04 6.9207722237e+04 9.6180241102e+03 6.1943801908e+03 1.4102622436e+05 1.9856387280e+04 -3.1039896721e+01 2.6147724222e+02 -2.7617470354e+01 -4.0527531249e+01 2.5714661298e+02 -1.1147036098e-13 3.5526146108e+02
1.0000000000e+00 0.0000000000e+00 1.2231097601e+04 7.6416692833e+03 8.7376509792e+03 2.0246984970e+04 6.8282474201e+05 5.9226583188e+04 -2.7834977274e+01 8.4322490929e+01 2.6490183738e+01 -1.3380960303e+02 6.6779168345e+02 -1.4789284350e-13 1.5652523538e+02
1.0000000000e+00 0.0000000000e+00 3.7089625280e+04 3.0398558892e+04 1.1957118014e+04 6.8227560161e+04 1.0382690661e+06 1.0734334221e+05 -5.0879176573e+01 1.6198110144e+02 6.6576642529e+01 -2.1623210597e+02 9.0786922104e+02 -1.6736751266e-13 3.5908530429e+02
1.0000000000e+00 0.0000000000e+00 2.7174549610e+04 1.9371814344e+05 1.3033437629e+04 1.8043103986e+04 5.2358667319e+05 5.8577148119e+04 -3.8005086205e+01 4.3040779487e+02 -3.5664520855e+01 -1.0496227774e+02 6.1765992616e+02 -1.4946430657e-13 6.3207850099e+02
1.0000000000e+00 0.0000000000e+00 1.0609241794e+05 4.1287262856e+05 5.7264478905e+04 9.4611886187e+04 1.1754486358e+06 1.6695359148e+05 -9.7390571084e+01 6.3687686009e+02 -2.0954094614e+01 -1.9663401254e+02 9.8781666141e+02 -1.9455891782e-13 7.5488611247e+02
1.0000000000e+00 0.0000000000e+00 2.0316382975e+04 5.5008558660e+04 3.4991279409e+03 3.2526527425e+04 5.5977732530e+05 5.6588155555e+04 -4.1389400128e+01 2.2225214825e+02 2.6032020431e+01 -1.4279000584e+02 6.2965068229e+02 -1.5428818991e-13 4.5120287233e+02
1.0000000000e+00 0.0000000000e+00 3.2920197855e+03 1.6585994656e+04 3.2611906142e+03 3.3844334466e+03 1.6413299964e+05 1.4796294461e+04 -1.9456943044e+00 -4.0475140451e+01 9.2222703908e+00 -3.9253259834e+01 2.3456108729e+02 -8.3455957135e-14 -2.5214165905e+02
1.0000000000e+00 0.0000000000e+00 2.5152616910e+03 2.1181908180e+04 1.2344853629e+03 5.5563102649e+03 2.3211558129e+05 1.9704548728e+04 -4.7524519686e+00 1.2517779253e+02 -9.8995355838e+00 -5.3816157645e+01 3.3317981305e+02 -1.2459701355e-13 3.6372456052e+02
1.0000000000e+00 0.0000000000e+00 3.2177824493e+04 4.3533560195e+04 1.7374575579e+04 4.6958078164e+04 1.0920306432e+06 1.0432681076e+05 -5.1128075052e+01 2.0698155746e+02 2.9818603653e+01 -1.8349173468e+02 8.9024967502e+02 -1.7564490963e-13 2.7390251743e+02
1.0000000000e+00 0.0000000000e+00 2.2321046911e+04 9.1419880986e+04 1.1418751357e+04 1.8883012494e+04 6.1864153007e+05 5.9593332341e+04 -4.1093743470e+01 3.0008822053e+02 -4.5574264340e+00 -1.2232918658e+02 6.3089809679e+02 -1.5232335941e-13 2.5131857778e+02
1.0000000000e+00 0.0000000000e+00 1.1657323810e+04 1.7226401175e+04 5.8535594051e+03 1.8145667827e+04 2.8406748014e+05 3.0687039525e+04 -1.5500320726e+01 -1.1962856195e+02 6.4641344771e+01 -1.0735843831e+02 3.9545401312e+02 -1.0505006315e-13 -1.6121414667e+02
1.0000000000e+00 0.0000000000e+00 3.5200199501e+04 5.1208045850e+04 1.4511160102e+04 4.9105457035e+04 5.7964441054e+05 6.9980229500e+04 -5.8759998553e+01 2.2441903249e+02 3.1166471874e+01 -1.5399605380e+02 6.7048659608e+02 -1.3847116071e-13 2.7280146124e+02
1.0000000000e+00 0.0000000000e+00 1.3873643297e+04 1.4005990614e+04 6.0923812015e+03 2.9384593718e+04 6.3596857970e+05 5.9381453241e+04 -1.5761187726e+01 -9.5064231976e+01 7.1186484664e+01 -1.4842854377e+02 6.1154918654e+02 -1.3338243913e-13 -1.7517029294e+02
1.0000000000e+00 0.0000000000e+00 1.2336097223e+04 6.9127582178e+04 2.6829163346e+03 1.2724680893e+04 3.9061274306e+05 3.6602783935e+04 -2.9863421991e+01 2.4423150566e+02 1.1352111732e+00 -1.0073963886e+02 4.9035144484e+02 -1.4448382420e-13 5.1035893385e+02
1.0000000000e+00 0.0000000000e+00 2.0757343360e+03 4.6113320070e+02 9.3177120485e+02 5.6274152813e+03 2.0642603925e+05 1.6853241017e+04 -5.6990488813e+00 6.9792387256e+00 2.2807469084e+01 -6.5980885695e+01 2.9227420586e+02 -1.0105806569e-13 -3.5900057343e+01
1.0000000000e+00 0.0000000000e+00 3.1951928261e+04 7.2691246435e+04 2.3000116866e+04 2.8054947460e+04 5.7401744070e+05 6.4805342932e+04 -5.2288441998e+01 2.6899034777e+02 7.8861818045e-01 -1.2567017877e+02 6.4196885442e+02 -1.4076814305e-13 2.6753055816e+02
1.0000000000e+00 0.0000000000e+00 3.4716882111e+04 6.6413649164e+04 8.9868388488e+03 5.2100911687e+04 7.7847988204e+05 8.3079116136e+04 -5.6869114644e+01 2.5741321470e+02 3.4777222915e+01 -1.7497255999e+02 7.6410010423e+02 -1.5378784486e-13 2.6304604875e+02
1.0000000000e+00 0.0000000000e+00 1.9582988106e+04 1.6041682936e+05 1.0969455065e+04 6.3474837716e+03 3.2421024618e+05 3.7341372078e+04 -2.8988599431e+01 3.9158505867e+02 -4.1720848735e+01 -6.5318773846e+01 4.1851039934e+02 -1.4927232501e-13 6.1702247728e+02
1.0000000000e+00 0.0000000000e+00 1.8077063469e+04 1.8433037947e+02 6.6863744398e+03 3.0426581656e+04 4.8156676701e+05 4.9039898002e+04 -3.3442492319e+01 -1.8124543489e+00 6.2680940084e+01 -1.4368256375e+02 5.6556633102e+02 -1.2557066279e-13 -5.4579529253e+00
1.0000000000e+00 0.0000000000e+00 6.2877631896e+04 2.8711227906e+05 3.6973117304e+04 4.7705027940e+04 8.5465531808e+05 1.0919774658e+05 -7.0790595546e+01 5.3224008934e+02 -2.7886649627e+01 -1.5279066181e+02 8.1445637411e+02 -1.7864831315e-13 6.6885908663e+02
1.0000000000e+00 0.0000000000e+00 3.3115187490e+04 9.0198029486e+04 1.0121430566e+04 4.2286189536e+04 8.1846280931e+05 8.2996059495e+04 -5.5759789888e+01 2.9800948991e+02 1.9557201403e+01 -1.6327032765e+02 7.5311561257e+02 -1.6280434561e-13 2.7127156092e+02
1.0000000000e+00 0.0000000000e+00 1.2677201433e+04 4.3386049021e+03 8.6404072196e+03 1.6846085838e+04 4.1689800893e+05 3.9597300415e+04 -2.7412933618e+01 -4.1590743307e+01 4.5711728623e+01 -1.1634644058e+02 5.1980531135e+02 -1.2203109319e-13 -4.0521141236e+01
1.0000000000e+00 0.0000000000e+00 5.1946695853e+03 1.6257115812e+04 3.7901796866e+03 4.9926461379e+03 2.1701355486e+05 1.9291995179e+04 -1.7931560942e+01 1.2673032002e+02 -2.6847631786e-01 -6.4878794615e+01 3.4468348764e+02 -1.1174771241e-13 1.5152874055e+02
1.0000000000e+00 0.0000000000e+00 2.4734923196e+04 9.4417800966e+04 1.6368388647e+04 1.8497483816e+04 5.0465989318e+05 5.4034671279e+04 -4.3235459386e+01 3.0146935019e+02 -1.1266215277e+01 -1.0979614695e+02 5.8862152734e+02 -1.4757918789e-13 4.1979877260e+02
1.0000000000e+00 0.0000000000e+00 5.0642498207e+04 1.8162732042e+05 2.7495086800e+04 4.7811543463e+04 8.8319901689e+05 1.0186136855e+05 -6.6432918503e+01 4.2566710808e+02 -7.8829702927e+00 -1.6003214172e+02 8.1331996573e+02 -1.6525712491e-13 3.7982104331e+02
1.0000000000e+00 0.0000000000e+00 7.4990457875e+03 2.7650833323e+03 5.7036199009e+03 1.6012292747e+04 3.6283434374e+05 3.4240123208e+04 -7.9709315595e+00 -1.8723557210e+01 4.9366127299e+01 -1.1291656941e+02 4.5650472616e+02 -1.2642404545e-13 1.0447819913e+02
1.0000000000e+00 0.0000000000e+00 5.1729657387e+04 1.4599004565e+05 2.2821465754e+04 7.1985635501e+04 1.4363757247e+06 1.4622116223e+05 -6.4124324091e+01 3.8174021736e+02 1.4793894537e+01 -2.1352975926e+02 1.0599500745e+03 -1.8161519460e-13 3.7442184350e+02
1.0000000000e+00 0.0000000000e+00 1.5299706479e+04 4.2981587817e+04 9.9880280365e+03 1.3183080833e+04 3.8528092638e+05 3.8307079523e+04 -3.3397070523e+01 2.0432206190e+02 1.1181477640e+00 -9.4550988226e+01 4.7820963137e+02 -1.2848611711e-13 1.3548321443e+02
1.0000000000e+00 0.0000000000e+00 3.6993197374e+03 9.4522578670e+02 4.7290465359e+03 9.4535958974e+03 1.9629844739e+05 1.9563096463e+04 8.5781833347e+00 -1.7450132040e+01 2.5203760529e+01 -6.1805769746e+01 2.6681529483e+02 -9.6769368890e-14 -8.5404605965e+01
1.0000000000e+00 0.0000000000e+00 2.6381585277e+04 5.8780442427e+03 1.1195423755e+04 4.2135468202e+04 5.7680379379e+05 6.2965529717e+04 -3.9830971303e+01 -5.9204041138e+01 7.8585150769e+01 -1.6315338206e+02 6.3674714709e+02 -1.2326457289e-13 -1.8169045545e+02
1.0000000000e+00 0.0000000000e+00 2.6601109117e+04 2.6092124439e+04 1.4034976149e+04 3.6609026401e+04 6.4160576079e+05 6.7049234663e+04 -4.8691449864e+01 1.5743918784e+02 3.1598966806e+01 -1.5127017079e+02 6.9865478041e+02 -1.3633476712e-13 8.1622920216e+01
1.0000000000e+00 0.0000000000e+00 3.3868322473e+04 6.7933413003e+04 1.7313228115e+04 4.1838157585e+04 5.2319420122e+05 6.4932623351e+04 -3.3237854772e+01 -2.3029273016e+02 1.0729094859e+02 -1.6786105431e+02 6.1025552123e+02 -1.0114347734e-13 -4.5311086686e+02
1.0000000000e+00 0.0000000000e+00 4.9311488203e+04 2.9555783317e+04 3.5305575905e+04 5.7404772794e+04 1.0876808342e+06 1.1579634396e+05 -6.3855166777e+01 1.6773208654e+02 4.0696332499e+01 -1.9206383806e+02 9.0703073412e+02 -1.6862981866e-13 1.3259752082e+02
1.0000000000e+00 0.0000000000e+00 4.4215572740e+04 1.0640081981e+04 2.0018485565e+04 7.0737802647e+04 7.1156394389e+05 8.9002024287e+04 -5.3487656453e+01 -5.8796486898e+01 9.5576352688e+01 -1.9508832435e+02 7.4224354571e+02 -1.2228317407e-13 -2.6098082339e+02
1.0000000000e+00 0.0000000000e+00 1.4812849041e+04 3.2869686434e+04 8.3450252205e+03 1.6218058257e+04 3.3518240846e+05 3.5101311889e+04 -3.6775478338e+01 1.7874651219e+02 6.6785760251e+00 -9.6180490980e+01 4.7233819540e+02 -1.2008276583e-13 2.2248771444e+02
1.0000000000e+00 0.0000000000e+00 8.0071120782e+03 6.3561340851e+04 5.6641490518e+03 3.2896727972e+03 2.5718752310e+05 2.4372094262e+04 -1.2614966227e+01 2.4642283743e+02 -2.9567351973e+01 -4.9772055242e+01 3.4286758129e+02 -1.2761296620e-13 3.7158389754e+02
1.0000000000e+00 0.0000000000e+00 2.6186588653e+03 2.4137502984e+04 1.4502399461e+03 6.8177321773e+03 2.3897188685e+05 2.0975322836e+04 2.9740095390e+00 1.3908504875e+02 -1.9643883712e+01 -4.0410332881e+01 2.9527783107e+02 -1.3029289630e-13 3.9858926303e+02
1.0000000000e+00 0.0000000000e+00 5.3779332406e+04 2.0065570163e+05 4.3074026709e+04 4.6726410856e+04 5.1431357415e+05 8.4216822451e+04 -7.3181220868e+00 -4.4284369002e+02 1.4735134865e+02 -1.7701433200e+02 5.7137385545e+02 -9.7696659257e-14 -5.5749039729e+02
1.0000000000e+00 0.0000000000e+00 2.6685480473e+04 3.1896356953e+04 1.4598951522e+04 3.7935480660e+04 6.0089370481e+05 6.5441027221e+04 -2.8516858175e+01 -1.7299380303e+02 9.6856327738e+01 -1.6793782999e+02 6.3550449462e+02 -1.3009423891e-13 -1.5412078633e+02
1.0000000000e+00 0.0000000000e+00 7.4583374633e+03 6.9805310630e+03 4.2046084448e+03 9.9233349324e+03 3.0495500244e+05 2.7156200809e+04 -2.4785061177e+01 8.1851881826e+01 1.7736731430e+01 -8.5407475442e+01 4.0030652810e+02 -1.1790754305e-13 6.9207927942e+01
1.0000000000e+00 0.0000000000e+00 1.5616902906e+04 2.0055784760e+04 7.6734276904e+03 3.0809703332e+04 6.8851413917e+05 6.4540917378e+04 -2.1672754688e+01 -1.1330441655e+02 6.8759664582e+01 -1.5343828060e+02 6.7419993242e+02 -1.2597288967e-13 -2.1576614763e+02
1.0000000000e+00 0.0000000000e+00 3.6394953846e+04 5.6029045774e+04 7.0850401007e+03 5.9735588677e+04 8.1543749881e+05 8.7683562911e+04 -5.7679112224e+01 2.3132791705e+02 4.3005234991e+01 -1.8386308057e+02 7.9032188173e+02 -1.5769847752e-13 3.4743655695e+02
1.0000000000e+00 0.0000000000e+00 3.1324516297e+04 7.1111871264e+04 1.8407717827e+04 3.0933998263e+04 4.8336428469e+05 5.7952059966e+04 -5.3383859959e+01 2.6587110918e+02 7.2968457976e+00 -1.2289271162e+02 5.8387737690e+02 -1.4054999206e-13 2.9535043511e+02
1.0000000000e+00 0.0000000000e+00 9.4404316415e+03 3.4989799372e+03 8.1504695124e+03 1.7471325458e+04 4.0988824979e+05 3.9155807395e+04 -8.9075288975e+00 -1.8064221844e+01 5.0054431936e+01 -1.1873718043e+02 4.9073997158e+02 -1.2754759816e-13 4.6646608312e+01
1.0000000000e+00 0.0000000000e+00 1.5942586947e+04 2.4107891785e+03 6.4971928671e+03 3.9368884816e+04 5.4778821600e+05 5.7566082148e+04 -1.8552109539e+01 -4.0181828336e+01 6.6354917925e+01 -1.5191593330e+02 6.2559353889e+02 -1.1726245926e-13 -1.1970150351e+02
1.0000000000e+00 0.0000000000e+00 2.2573151068e+04 3.1159737024e+03 1.4450752853e+04 2.9631927018e+04 5.7266783916e+05 5.8300129055e+04 -4.1821475272e+01 4.4145228311e+01 4.4169354725e+01 -1.4330032755e+02 6.4783874104e+02 -1.3488514044e-13 1.4376726268e+02
1.0000000000e+00 0.0000000000e+00 2.6805666834e+04 5.6712645977e+04 5.3859690334e+03 4.3967857367e+04 7.0993502602e+05 7.2758975655e+04 -4.5398445024e+01 2.3682197965e+02 3.1888175137e+01 -1.6182948839e+02 7.0940205211e+02 -1.4375458874e-13 1.4868888144e+02
1.0000000000e+00 0.0000000000e+00 5.2058220117e+04 1.2976461007e+05 3.7841540048e+04 6.2756521123e+04 6.7633744278e+05 9.6600269235e+04 -1.3930589839e+01 -3.4733798336e+02 1.4247252385e+02 -2.0216834995e+02 7.0150504785e+02 -1.0256204687e-13 -5.9877806701e+02
1.0000000000e+00 0.0000000000e+00 1.8925030378e+05 9.0684760203e+05 1.3928613493e+05 9.9723520533e+04 1.2129141655e+06 2.3158109554e+05 -1.1768895925e+02 9.4514548308e+02 -9.0481205123e+01 -1.6609780425e+02 1.0013979267e+03 -2.2085665511e-13 1.1925123151e+03
1.0000000000e+00 0.0000000000e+00 9.6447509163e+04 2.1530175463e+05 5.3790221323e+04 9.8006765772e+04 1.1428829954e+06 1.5502643663e+05 -9.6428642972e+01 4.6099181155e+02 1.2207849497e+01 -2.0508987609e+02 9.6149123475e+02 -1.8555727014e-13 5.6511473732e+02
1.0000000000e+00 0.0000000000e+00 5.0015362787e+04 1.2366873997e+04 1.5133318807e+04 1.0555164536e+05 1.5012037373e+06 1.5583462689e+05 -5.6730830607e+01 1.0762385351e+02 8.9149416071e+01 -2.5993354186e+02 1.0969790462e+03 -1.6651403081e-13 3.9450655949e+01
1.0000000000e+00 0.0000000000e+00 8.9440123690e+03 1.1661955417e+04 6.2152693546e+03 8.4049361779e+03 2.4347903116e+05 2.3433121869e+04 -2.7882877334e+01 1.0481514193e+02 9.5612099332e+00 -7.6845788716e+01 3.7825543626e+02 -1.1233201121e-13 7.5631639243e+01
1.0000000000e+00 0.0000000000e+00 2.8901269294e+04 7.2142376169e+04 9.8618164566e+03 4.2816522387e+04 8.1953372572e+05 8.2302732996e+04 -5.0105030183e+01 2.6781467062e+02 2.1789335052e+01 -1.6845415594e+02 7.9586935328e+02 -1.5588480101e-13 3.3008087205e+02
1.0000000000e+00 0.0000000000e+00 2.5622115174e+04 9.8392425601e+04 2.7681391836e+04 6.8348551316e+03 4.1423130557e+05 4.7752329255e+04 -3.2789250184e+01 3.1337690271e+02 -3.6692084802e+01 -7.2766705041e+01 4.9387685126e+02 -1.3587310593e-13 2.6771633479e+02
1.0000000000e+00 0.0000000000e+00 8.4154598573e+04 2.3817134009e+05 5.9537519163e+04 6.7572394597e+04 1.1467417582e+06 1.4513302765e+05 -8.5170026794e+01 4.8784571542e+02 -1.2667148371e+01 -1.8262331048e+02 9.5012792726e+02 -1.8042787685e-13 4.3984620422e+02
1.0000000000e+00 0.0000000000e+00 1.3152038087e+05 5.2299263063e+05 8.0904461653e+04 1.0291566698e+05 1.2228190359e+06 1.8953322670e+05 -1.0705907797e+02 7.1528983504e+02 -3.7087806379e+01 -1.9192006284e+02 1.0018546209e+03 -2.1296366424e-13 9.9043887957e+02
1.0000000000e+00 0.0000000000e+00 3.5632124254e+03 7.0622080841e+03 2.9124774871e+03 5.9954360472e+03 1.6695666729e+05 1.5545380691e+04 -3.7459725105e+00 -7.7336843015e+01 3.6210648255e+01 -6.8791911499e+01 2.8728563893e+02 -8.5528409377e-14 -1.0965130139e+02
1.0000000000e+00 0.0000000000e+00 9.3400652940e+04 2.7454417577e+05 5.5913499471e+04 9.4547469283e+04 9.8258276535e+05 1.4652662192e+05 -9.3611964109e+01 5.2290037053e+02 -7.1075252310e+00 -1.8390125832e+02 8.9730239099e+02 -1.8325356014e-13 6.7017693087e+02
1.0000000000e+00 0.0000000000e+00 1.7811844414e+03 2.9770953833e+02 4.6935259357e+02 6.8827371882e+03 2.4062233298e+05 1.9513479089e+04 -3.7428680020e+00 1.0452181008e+01 1.4889309426e+01 -6.3154808345e+01 3.2146974488e+02 -1.0512294477e-13 4.3279089737e+00
1.0000000000e+00 0.0000000000e+00 1.4636496738e+04 9.6618699194e+04 3.8261052596e+03 1.5945598275e+04 5.4228214691e+05 5.0113301715e+04 -3.0209121004e+01 3.0798973642e+02 -9.0729344296e+00 -1.1187943976e+02 5.8377410761e+02 -1.5017080988e-13 3.7119443395e+02
1.0000000000e+00 0.0000000000e+00 2.8074444257e+03 2.2444208885e+04 1.6797613344e+03 5.8691962396e+03 2.2216796981e+05 1.9431358569e+04 3.4590291807e+00 -1.3970348717e+02 3.5510777249e+01 -5.8613832407e+01 2.6921745753e+02 -9.7564541968e-14 -1.7682799027e+02
1.0000000000e+00 0.0000000000e+00 4.3169941998e+04 1.4974299005e+05 3.7196896758e+04 2.2372731689e+04 4.0172439499e+05 6.0579494341e+04 -5.7309320970e+01 3.7892626209e+02 -3.2601036733e+01 -8.8002892599e+01 5.2187452343e+02 -1.5315478104e-13 6.8902372603e+02
1.0000000000e+00 0.0000000000e+00 1.6677027292e+03 4.9809831707e+03 1.0529425794e+03 5.8020291442e+03 1.8986825247e+05 1.6094369458e+04 -2.8893447120e+00 5.5971361200e+01 1.4451449148e+01 -6.4626643089e+01 3.0069014762e+02 -1.0221900013e-13 1.7461254687e+02
1.0000000000e+00 0.0000000000e+00 2.7213412139e+03 2.8525519631e+03 2.2611601309e+03 5.1597980132e+03 1.7803172259e+05 1.5423389667e+04 -9.5504255264e+00 4.9253588688e+01 4.7352971583e+00 -5.4522328749e+01 2.9997385088e+02 -9.4960052595e-14 2.6137110401e+01
1.0000000000e+00 0.0000000000e+00 1.1442701857e+04 1.9276357667e+04 4.8453588302e+03 1.5536029135e+04 3.0099940261e+05 3.0312633123e+04 -3.0119117273e+01 1.3629254799e+02 2.1273547076e+01 -1.0015372449e+02 4.3673344509e+02 -1.1834790765e-13 1.4882007573e+02
1.0000000000e+00 0.0000000000e+00 2.1151717209e+04 8.5020013093e+04 1.3227604554e+04 1.4059271149e+04 3.6295179287e+05 4.0677684527e+04 -4.2080149831e+01 2.9113620562e+02 -1.4676352431e+01 -8.6130738929e+01 4.5897681212e+02 -1.3922908092e-13 3.4124059341e+02
1.0000000000e+00 0.0000000000e+00 2.2202544005e+05 9.5711172951e+05 1.4710579060e+05 1.5802087602e+05 1.5474900251e+06 2.8630323697e+05 -1.3759193581e+02 9.7085768550e+02 -7.0209993238e+01 -2.1211451200e+02 1.1619305069e+03 -2.2200346296e-13 1.1341524757e+03
1.0000000000e+00 0.0000000000e+00 2.5240170187e+04 7.2446681328e+04 1.2869496065e+04 2.6671594820e+04 5.2659013854e+05 5.6610616132e+04 -4.7601452404e+01 2.6786676201e+02 4.7044913047e+00 -1.2300940879e+02 5.9980915114e+02 -1.3960112313e-13 2.0226527917e+02
1.0000000000e+00 0.0000000000e+00 5.0254868481e+03 4.3637188907e+03 1.7559562241e+03 8.5246604264e+03 2.0931845163e+05 1.8906232366e+04 -1.7443705581e+01 8.8634169061e+00 2.9771253055e+01 -7.8969385197e+01 3.3357672625e+02 -8.9332208705e-14 -2.0285973383e+02
1.0000000000e+00 0.0000000000e+00 2.6284787616e+04 1.0365898958e+05 2.5004916817e+03 5.3180834834e+04 1.1325982338e+06 1.0643172697e+05 -3.9954572560e+01 3.1107297054e+02 2.6203354179e+01 -1.9463972873e+02 9.1180521114e+02 -1.8738530520e-13 5.9557123872e+02
1.0000000000e+00 0.0000000000e+00 5.2245913405e+04 3.4011756769e+04 3.9055050128e+04 6.4059476302e+04 1.1622082776e+06 1.2565496420e+05 -6.5523906652e+01 1.7688775818e+02 3.7915852346e+01 -1.9936879191e+02 9.6722816666e+02 -1.5890693849e-13 1.8685147450e+02
1.0000000000e+00 0.0000000000e+00 1.6856142249e+03 4.0437391404e+03 6.7414841360e+02 5.1890634187e+03 1.8089954692e+05 1.5004305255e+04 -8.0395272359e+00 5.9562762071e+01 7.9077404964e+00 -5.8429601917e+01 2.9832646925e+02 -9.8723256753e-14 -5.8500061281e-01
1.0000000000e+00 0.0000000000e+00 1.4474498690e+04 4.2714796954e+03 1.5529667818e+04 1.0464774181e+04 4.3995764101e+05 4.1229292593e+04 -3.0848885084e+01 5.5070261873e+01 1.5313983628e+01 -9.4601040417e+01 4.9734143097e+02 -1.2626693360e-13 -2.5628063612e+01
1.0000000000e+00 0.0000000000e+00 1.1491202700e+04 1.7587404753e+04 3.6400593288e+03 2.2557949836e+04 5.9337805637e+05 5.2549956335e+04 -2.8201643349e+01 1.3189436566e+02 2.9375773759e+01 -1.3615605849e+02 6.3008140285e+02 -1.4280851058e-13 1.7307132599e+02
1.0000000000e+00 0.0000000000e+00 2.1626203956e+04 7.4738530316e+04 1.5767094291e+04 1.6959606150e+04 4.5200825788e+05 4.8565160503e+04 -3.9128483690e+01 2.6592678478e+02 -9.0060980723e+00 -1.0211739216e+02 5.4865473405e+02 -1.4538349602e-13 4.1070931592e+02
1.0000000000e+00 0.0000000000e+00 1.2305491552e+04 1.0408358132e+04 6.5066167904e+03 1.7771797617e+04 3.8573308186e+05 3.7300189527e+04 -2.6494573928e+01 -5.1875745688e+01 5.1613792500e+01 -1.1717098078e+02 4.9508574215e+02 -1.0585448324e-13 -2.3457638564e+02
1.0000000000e+00 0.0000000000e+00 2.9875087527e+04 6.3191683577e+04 1.7259311776e+04 3.4224537373e+04 7.0024249042e+05 7.3140239242e+04 -5.1306352323e+01 2.4867992873e+02 1.2076939245e+01 -1.4594511673e+02 7.2086564193e+02 -1.5267158869e-13 3.3412450714e+02
1.0000000000e+00 0.0000000000e+00 1.6861447115e+04 6.8712632801e+03 6.9885044200e+03 3.3935994701e+04 5.1217991442e+05 5.3146883863e+04 -2.8608859872e+01 -2.8635576401e+01 6.5003471143e+01 -1.4924347336e+02 6.0779578465e+02 -1.1134330996e-13 -2.3814773223e+02
1.0000000000e+00 0.0000000000e+00 1.8421874873e+04 1.3179830138e+04 1.7137335474e+04 3.0220165449e+04 5.7626487032e+05 6.0464079206e+04 -2.9160569976e+00 -1.1283270455e+02 7.8994310620e+01 -1.4754647282e+02 5.6864596333e+02 -1.3177843401e-13 -7.2766861060e+01
1.0000000000e+00 0.0000000000e+00 4.5165169689e+04 6.7877158554e+04 4.0083460525e+04 3.3321541567e+04 6.5784329568e+05 7.9951111925e+04 -5.8596737539e+01 2.6035387574e+02 1.3066663930e+00 -1.3380731181e+02 6.9970661885e+02 -1.4656167625e-13 2.4607571832e+02
1.0000000000e+00 0.0000000000e+00 2.5067250180e+04 8.4811358928e+04 1.2628307287e+04 3.7145029447e+04 5.9424003105e+05 6.6404367060e+04 -1.6344800448e+01 -2.5365416169e+02 9.9294634342e+01 -1.5978134557e+02 6.2436969451e+02 -1.0076732280e-13 -5.7263084138e+02
1.0000000000e+00 0.0000000000e+00 9.7663185013e+03 3.0654323936e+03 3.9789014051e+03 1.3895716758e+04 2.9993776048e+05 2.8324002716e+04 -2.6135271734e+01 1.2642453685e+01 4.0779032695e+01 -1.0210854124e+02 4.1580891568e+02 -1.1227482331e-13 -6.8020775871e+01
1.0000000000e+00 0.0000000000e+00 3.1647223187e+03 6.2113656857e+03 3.0781422718e+03 1.0632048651e+04 3.6262336388e+05 3.0831765165e+04 -4.5529317190e+00 -6.5167783062e+01 3.1093456411e+01 -8.7503916743e+01 4.3693239216e+02 -1.0588232131e-13 -1.7709482089e+02
1.0000000000e+00 0.0000000000e+00 2.0916815650e+05 6.0072226397e+05 1.3052963118e+05 2.0488607543e+05 1.5391641403e+06 2.8215790993e+05 -1.4230600078e+02 7.7023202027e+02 -1.9272780198e+01 -2.4114851781e+02 1.1782222714e+03 -2.0701402020e-13 9.1779211195e+02
1.0000000000e+00 0.0000000000e+00 3.9777680923e+04 9.9530986608e+04 3.3207007300e+04 2.7787548050e+04 3.8630940137e+05 5.7787113674e+04 -5.6802565007e+01 3.1518375662e+02 -1.6048184011e+01 -9.4550202660e+01 5.0668511074e+02 -1.3617486805e-13 2.7158251937e+02
1.0000000000e+00 0.0000000000e+00 1.6820794362e+04 1.0617315234e+04 1.1424864225e+04 1.8157572133e+04 2.9442855256e+05 3.3464044982e+04 -3.9967891748e+01 9.8371331909e+01 1.9969049484e+01 -9.5835322931e+01 4.4395434169e+02 -1.2090790459e-13 2.4242505426e+02
1.0000000000e+00 0.0000000000e+00 1.1632341245e+04 3.8489067558e+04 2.3001050732e+03 2.7992184519e+04 6.4594265797e+05 5.8999113168e+04 -2.1324906333e+01 1.8993551783e+02 1.4152865059e+01 -1.3076551370e+02 6.4871729017e+02 -1.5523764735e-13 3.3354544835e+02
1.0000000000e+00 0.0000000000e+00 4.1897042116e+03 3.6102220534e+04 4.3502050110e+02 3.7432161773e+03 2.1530882035e+05 1.8147780904e+04 -1.2892276798e+01 1.7153462550e+02 -4.4556783977e+00 -5.4509075239e+01 2.6884994434e+02 -1.2431025746e-13 3.6352171829e+02
1.0000000000e+00 0.0000000000e+00 2.4554536427e+04 5.5737527957e+04 1.3473653251e+04 2.2306351661e+04 3.4631683031e+05 4.1945425192e+04 -4.6249951178e+01 2.2724402087e+02 5.0504954971e+00 -9.6217339377e+01 4.4734901262e+02 -1.4408468506e-13 3.9231822765e+02
1.0000000000e+00 0.0000000000e+00 8.3977252058e+04 5.6479405636e+04 4.0269749497e+04 1.2962991435e+05 1.3606757223e+06 1.7028883606e+05 -6.2221463014e+01 -2.1226471890e+02 1.5485512177e+02 -2.8132474718e+02 1.0549556027e+03 -1.3745490161e-13 -3.8466402531e+02
1.0000000000e+00 0.0000000000e+00 7.8744377123e+03 3.3608751284e+03 3.5334251878e+03 2.1647301494e+04 5.3584301902e+05 4.7518610916e+04 -1.0579836322e+01 -5.4065936023e+01 5.3204659008e+01 -1.2386043645e+02 5.3147336558e+02 -1.4123756868e-13 4.3941843249e+01
1.0000000000e+00 0.0000000000e+00 8.5646860514e+04 2.9192527937e+05 7.1201738248e+04 5.5047981172e+04 1.0032000567e+06 1.3750271708e+05 -8.1253585463e+01 5.3454616128e+02 -3.6659393706e+01 -1.5931973563e+02 9.1288176988e+02 -1.8077894994e-13 7.3894810014e+02
1.0000000000e+00 0.0000000000e+00 6.5013470290e+03 4.1885985646e+04 1.0254079122e+03 1.4405510076e+04 3.4679951311e+05 3.2353746351e+04 -1.1448498483e+01 1.9581837554e+02 2.4630049994e+00 -9.5366480292e+01 4.8132737689e+02 -1.1929853683e-13 2.4608783691e+02
1.0000000000e+00 0.0000000000e+00 9.6148179423e+03 5.4227697289e+04 5.6244054507e+03 8.3158428394e+03 3.2999217569e+05 3.1062770694e+04 -2.2146457713e+01 2.3157913605e+02 -1.1482972416e+01 -8.1489426591e+01 4.5111265368e+02 -1.2562842068e-13 2.4763402374e+02
1.0000000000e+00 0.0000000000e+00 2.2101806420e+04 2.7180111785e+04 8.2413695032e+03 3.4545072584e+04 5.8920187068e+05 6.0147573094e+04 -4.4276312612e+01 1.6348337625e+02 3.3703336808e+01 -1.4575150020e+02 6.4361977109e+02 -1.3866503044e-13 6.6793586049e+01
1.0000000000e+00 0.0000000000e+00 2.5756284263e+05 1.1560615840e+06 1.7909941473e+05 1.6325016959e+05 1.8149245338e+06 3.3028977357e+05 -1.4286179081e+02 1.0721267623e+03 -8.5151018044e+01 -2.2425046889e+02 1.2647939673e+03 -2.4347505459e-13 1.3461711282e+03
1.0000000000e+00 0.0000000000e+00 9.9645966293e+03 1.4659813550e+04 8.9879257507e+03 1.0469858865e+04 4.0799476047e+05 3.6775666406e+04 -2.4519259049e+01 1.0434202853e+02 7.7571283917e+00 -9.2644644369e+01 4.9638136730e+02 -1.1666736801e-13 -9.3285940225e+01
1.0000000000e+00 0.0000000000e+00 3.1128242473e+04 3.8717203194e+04 1.7238252637e+04 4.5631730629e+04 5.5793876085e+05 6.7507216606e+04 -2.5867408355e+01 -1.9088097974e+02 1.0335479408e+02 -1.7077990166e+02 6.2611788848e+02 -1.1726909650e-13 -2.7382537102e+02
1.0000000000e+00 0.0000000000e+00 4.8289822605e+04 2.6170104302e+05 3.4259000719e+04 2.1117944968e+04 5.3979977362e+05 7.3571291796e+04 -5.4545258751e+01 5.0935409612e+02 -4.4691864752e+01 -1.0034078056e+02 5.8638052669e+02 -1.4994751129e-13 3.2953784623e+02
1.0000000000e+00 0.0000000000e+00 2.2284470285e+04 4.6187132711e+03 7.4832668357e+03 4.1960570129e+04 7.0079280522e+05 6.9563337321e+04 -3.8303093820e+01 6.0537932439e+01 5.9237329187e+01 -1.6946721437e+02 7.1512553935e+02 -1.5653185199e-13 2.2064527683e+02
1.0000000000e+00 0.0000000000e+00 9.1245719602e+03 5.2043087730e+03 5.5090346682e+03 1.6321634110e+04 3.4340913988e+05 3.3110261513e+04 -1.1124387568e+01 -6.5669046978e+01 5.7888853817e+01 -1.1375124831e+02 4.4202193578e+02 -1.1448338736e-13 4.8275522232e+01
1.0000000000e+00 0.0000000000e+00 1.1014928843e+05 5.5598306786e+05 6.5948352738e+04 7.4599631333e+04 1.0353332845e+06 1.5930371336e+05 -9.2643586790e+01 7.3890556925e+02 -5.1239234464e+01 -1.6971861802e+02 9.2592524726e+02 -1.9757888120e-13 9.2124545109e+02
1.0000000000e+00 0.0000000000e+00 2.1656114851e+05 7.2302181424e+05 1.2250179063e+05 2.0737155065e+05 1.7027493042e+06 2.9687418584e+05 -1.4414034812e+02 8.4600341222e+02 -2.4686506550e+01 -2.5268109214e+02 1.2347206789e+03 -2.2266156322e-13 1.0365880745e+03
1.0000000000e+00 0.0000000000e+00 8.4488296011e+03 4.4800446714e+04 8.4206779085e+02 1.8077453082e+04 5.2793347713e+05 4.6262283526e+04 -1.9848364718e+01 2.0448931939e+02 5.2115054345e+00 -1.1277675901e+02 5.7438231998e+02 -1.3973631107e-13 1.7880361574e+02
1.0000000000e+00 0.0000000000e+00 1.9335845205e+04 2.1348788510e+03 5.4111489949e+03 3.9968041988e+04 5.2869199536e+05 5.6070780338e+04 -3.3704380930e+01 4.4079425484e+01 5.9290422359e+01 -1.5273800852e+02 6.1442129427e+02 -1.2483962600e-13 5.8314478950e+01
1.0000000000e+00 0.0000000000e+00 2.5170023785e+05 1.2670788247e+06 1.6260680252e+05 1.5546728170e+05 1.7150252123e+06 3.1843381326e+05 -1.4112465275e+02 1.1186807902e+03 -9.3064361822e+01 -2.1518503139e+02 1.2203239236e+03 -2.4269544435e-13 1.3965389413e+03
1.0000000000e+00 0.0000000000e+00 6.0986716100e+04 7.2896097801e+04 3.6447414032e+04 8.4165279843e+04 1.1753375735e+06 1.3642912071e+05 -4.8496890806e+01 -2.5089068618e+02 1.3341233623e+02 -2.4181658056e+02 9.5518717812e+02 -1.3534222279e-13 -4.1410888788e+02
1.0000000000e+00 0.0000000000e+00 1.0993662997e+04 1.1973717186e+04 2.8121188501e+03 2.7612172773e+04 5.9007853252e+05 5.3978835863e+04 -2.5609968468e+01 1.0673978788e+02 3.4248127722e+01 -1.4046695801e+02 6.4633730671e+02 -1.3301511946e-13 1.2407465382e+02
1.0000000000e+00 0.0000000000e+00 5.2247714750e+03 1.8441068486e+04 1.4640698785e+03 1.4946056890e+04 3.6879871319e+05 3.3107065173e+04 -7.1500508566e+00 1.1317227155e+02 1.1741087581e+01 -9.0740516752e+01 4.5155074798e+02 -1.3429393141e-13 3.3409887027e+02
1.0000000000e+00 0.0000000000e+00 4.4137382567e+04 1.4104219886e+05 3.9346992630e+04 2.3903187549e+04 6.0418463560e+05 7.5385362789e+04 -5.7586781005e+01 3.7469375983e+02 -2.8812796736e+01 -1.0727049357e+02 6.3024316449e+02 -1.5380691081e-13 3.0173697100e+02
1.0000000000e+00 0.0000000000e+00 1.2253976709e+04 7.8100534571e+03 6.5214334849e+03 1.9487205454e+04 4.7409848059e+05 4.3897133297e+04 -3.0630816798e+01 8.2596470467e+01 2.6898245502e+01 -1.1687067164e+02 5.5256608036e+02 -1.3020684480e-13 4.8899198428e+01
1.0000000000e+00 0.0000000000e+00 6.4588673160e+03 4.1088457541e+03 1.9259175579e+03 1.2143793614e+04 3.5267161323e+05 3.0245278417e+04 -2.0595091260e+01 5.7967775262e+01 3.0222691208e+01 -1.0265519367e+02 4.5380402485e+02 -1.1896811357e-13 3.8749170523e+01
1.0000000000e+00 0.0000000000e+00 5.6099680820e+04 1.5835529402e+05 3.0593458883e+04 6.1011739518e+04 8.6158849357e+05 1.0656111515e+05 -7.0860226165e+01 3.9398238050e+02 5.2900630672e+00 -1.6914323324e+02 8.1344924404e+02 -1.5703309166e-13 2.0778989362e+02
1.0000000000e+00 0.0000000000e+00 1.1984165391e+05 1.6541495647e+05 6.1715281585e+04 1.4278245599e+05 1.3092044287e+06 1.8740835815e+05 -1.1150851572e+02 4.0501962160e+02 3.8849907772e+01 -2.3549463004e+02 1.0363146884e+03 -1.8803517109e-13 4.8709337397e+02
1.0000000000e+00 0.0000000000e+00 2.3854364082e+04 1.1117973591e+05 2.1202634215e+04 2.1924348835e+04 4.3700250082e+05 5.3946850496e+04 -1.5266250432e+00 -3.2161637735e+02 9.8272671403e+01 -1.2904843183e+02 4.7429228407e+02 -1.0608683103e-13 -5.0707692194e+02
1.0000000000e+00 0.0000000000e+00 7.7952992477e+04 1.4528019217e+05 6.8074547269e+04 5.7541164322e+04 8.1811425860e+05 1.1757839889e+05 -8.0539069186e+01 3.7973842486e+02 -9.2381349897e+00 -1.5280157940e+02 8.0717704778e+02 -1.6344670023e-13 4.3742751466e+02
1.0000000000e+00 0.0000000000e+00 2.9946151592e+04 9.7510267851e+04 2.0698156854e+04 2.0928575460e+04 2.8546871703e+05 4.2410750625e+04 -4.9730168678e+01 3.1053288732e+02 -1.7360662253e+01 -8.0871039799e+01 4.2655354577e+02 -1.3144942069e-13 3.9773838355e+02
1.0000000000e+00 0.0000000000e+00 2.6995422140e+04 2.4904433817e+04 4.6908955857e+03 5.2017730556e+04 6.5920310080e+05 7.1113538603e+04 -4.4641755004e+01 1.4362448928e+02 5.3383038921e+01 -1.7056577723e+02 6.9891961085e+02 -1.5108093744e-13 3.5366136228e+02
1.0000000000e+00 0.0000000000e+00 6.4866422560e+04 3.2646693325e+05 5.1792801884e+04 2.9297709660e+04 7.0784550825e+05 9.9335384361e+04 -6.3758266500e+01 5.7069562520e+02 -5.5627687643e+01 -1.1920807240e+02 7.3819626493e+02 -1.6348828010e-13 6.1120113273e+02
1.0000000000e+00 0.0000000000e+00 3.9552415280e+04 1.2027439341e+05 3.2331199494e+04 3.0574382056e+04 9.4268338320e+05 9.7117428305e+04 -5.1757667300e+01 3.4573384480e+02 -1.0920643257e+01 -1.4922407628e+02 8.1892091688e+02 -1.7152879962e-13 3.9461087756e+02
1.0000000000e+00 0.0000000000e+00 1.2803909758e+04 1.1298230306e+05 2.2452773897e+03 1.3344568722e+04 4.3150475449e+05 4.1614385012e+04 -2.4712123540e+01 3.2530596697e+02 -1.4385304894e+01 -1.0308736621e+02 5.4597702551e+02 -1.4365193400e-13 4.8660390179e+02
1.0000000000e+00 0.0000000000e+00 1.8742517209e+04 4.9009777582e+04 1.0520991466e+04 2.2402570346e+04 3.4775035765e+05 4.0479669515e+04 -2.1624314856e+01 -2.0638880125e+02 8.3088044670e+01 -1.2678090109e+02 4.7161597241e+02 -9.8303010775e-14 -3.2005248131e+02
1.0000000000e+00 0.0000000000e+00 6.3807751996e+04 2.1102408545e+05 4.1365144488e+04 5.1757315268e+04 7.7958937694e+05 1.0411032695e+05 -7.4641586287e+01 4.5839368407e+02 -1.5614091899e+01 -1.5032733227e+02 7.7355414327e+02 -1.7201096706e-13 4.9852535564e+02
1.0000000000e+00 0.0000000000e+00 1.9052163202e+05 6.1071086446e+05 1.6081233405e+05 1.4995330502e+05 1.3140788798e+06 2.5572764078e+05 -2.3030780899e+01 -7.7548514512e+02 2.7349643156e+02 -3.2447588115e+02 9.9892434732e+02 -1.1896280521e-13 -9.1337614222e+02
1.0000000000e+00 0.0000000000e+00 1.3155235425e+04 4.0854340735e+04 7.7602125631e+03 1.1280361186e+04 2.6287033898e+05 2.8147798559e+04 -3.2779950382e+01 2.0174973115e+02 -1.4205631490e+00 -8.1958963035e+01 4.1171726491e+02 -1.1886977344e-13 2.3078042441e+02
1.0000000000e+00 0.0000000000e+00 1.6387079516e+04 4.8250594333e+04 8.8475530345e+03 1.4034656110e+04 4.0443777605e+05 3.9749656108e+04 -3.7994702111e+01 2.1739462528e+02 1.2502318933e+00 -9.6189181017e+01 4.7876121841e+02 -1.3651651889e-13 2.7323888259e+02
1.0000000000e+00 0.0000000000e+00 1.4650995126e+04 1.9651497562e+03 4.7094905140e+03 3.3199097950e+04 4.9168957804e+05 5.0210336299e+04 -2.8529106140e+01 4.2825892403e+01 5.4228346158e+01 -1.4483599148e+02 5.9466257570e+02 -1.2876416639e-13 1.2087939565e+02
1.0000000000e+00 0.0000000000e+00 9.9928427010e+03 2.5958432031e+04 5.3612197661e+03 1.8615607607e+04 3.4528767533e+05 3.5236933967e+04 -2.7483232188e+00 1.3119159923e+02 1.4872372224e+01 -9.0753148144e+01 4.1831253308e+02 -1.3296188748e-13 3.8673517400e+02
1.0000000000e+00 0.0000000000e+00 1.8087704841e+04 9.7148248171e+04 6.4532089164e+03 1.7923685916e+04 4.2900189084e+05 4.4547279560e+04 -3.6345626151e+01 3.0750306049e+02 -7.2029194284e+00 -1.0883925334e+02 5.5170758913e+02 -1.4179529671e-13 4.3872116060e+02
1.0000000000e+00 0.0000000000e+00 1.8461730135e+04 3.5248835626e+04 4.9563843297e+03 2.8630814111e+04 5.1007502484e+05 5.1134271188e+04 -4.0018978741e+01 1.8039371868e+02 2.7967896329e+01 -1.3615882320e+02 6.0345037905e+02 -1.4352418816e-13 3.0829071148e+02
1.0000000000e+00 0.0000000000e+00 2.1478938275e+04 5.6295299121e+04 1.2832663730e+04 2.4070033673e+04 6.7711302112e+05 6.4743422121e+04 -4.1482272881e+01 2.2833622978e+02 6.6348189929e+00 -1.3083568211e+02 6.6912906712e+02 -1.6147038483e-13 4.5151076633e+02
1.0000000000e+00 0.0000000000e+00 3.3569804528e+04 1.1534323067e+05 2.5291175222e+04 2.4463521093e+04 3.1924879911e+05 4.9143441345e+04 -5.1719862820e+01 3.3898789464e+02 -2.1188304250e+01 -8.7532772859e+01 4.7494279412e+02 -1.3645622949e-13 3.9733003191e+02
1.0000000000e+00 0.0000000000e+00 9.5674928128e+03 3.9799668830e+04 3.3857963694e+03 1.0239981254e+04 3.2357546387e+05 2.9822436200e+04 -2.7282008883e+01 1.9882304270e+02 2.3700044330e+00 -8.5635744260e+01 4.1429403818e+02 -1.2834121873e-13 1.6868395034e+02
1.0000000000e+00 0.0000000000e+00 5.7943388845e+03 2.6434753818e+04 2.7348099076e+03 9.3627024639e+03 3.6688889133e+05 3.1397169886e+04 -1.7280940747e+01 1.4588293417e+02 4.2554096669e+00 -8.9920753245e+01 4.6995733392e+02 -1.3159900980e-13 2.7213308544e+02
1.0000000000e+00 0.0000000000e+00 1.2833360221e+04 1.4293539154e+04 4.2573686648e+03 2.5164327997e+04 5.5367366074e+05 5.1161175314e+04 -2.8392440394e+01 1.1833766896e+02 3.3128056735e+01 -1.3736691788e+02 6.2414402226e+02 -1.3343698295e-13 1.4730942751e+02
1.0000000000e+00 0.0000000000e+00 5.0178633876e+04 8.6035016133e+04 2.8054843504e+04 6.5133681744e+04 1.0470719047e+06 1.1622834540e+05 -6.7466313791e+01 2.9186907139e+02 2.3380481775e+01 -1.9084021442e+02 9.1847895840e+02 -1.7643336337e-13 4.6270518515e+02
1.0000000000e+00 0.0000000000e+00 2.5757848147e+04 8.4471958370e+04 1.7175490762e+04 2.4683859379e+04 5.1016662371e+05 5.7058318784e+04 -4.4041883054e+01 2.9040095307e+02 -4.1336512518e+00 -1.1661809186e+02 5.9691188483e+02 -1.4135263547e-13 2.8497506548e+02
1.0000000000e+00 0.0000000000e+00 2.4168766654e+04 5.5840267790e+04 3.5657339023e+03 4.0715289406e+04 7.1803906268e+05 7.1005457859e+04 -4.2649172812e+01 2.2996755094e+02 3.7981427346e+01 -1.6821152212e+02 7.1829660364e+02 -1.5688341818e-13 3.1231780146e+02
1.0000000000e+00 0.0000000000e+00 6.2300099420e+04 1.9878368295e+05 4.9330367742e+04 4.2628430628e+04 7.9700372558e+05 1.0398180797e+05 -7.0899813290e+01 4.4554383909e+02 -2.4268301814e+01 -1.4078253453e+02 7.7430354848e+02 -1.7039914866e-13 4.7611241976e+02
1.0000000000e+00 0.0000000000e+00 3.1167708268e+03 2.1842460587e+03 1.6476947307e+03 7.9515336173e+03 2.0568173858e+05 1.8247977381e+04 -5.5729767686e+00 -3.9985767507e+01 3.4863187017e+01 -7.6910118296e+01 3.2302716575e+02 -9.4032850089e-14 -9.7680134399e+01
1.0000000000e+00 0.0000000000e+00 7.6672317570e+03 4.1709726965e+03 5.2865616472e+03 1.8287140846e+04 5.3615542121e+05 4.6816041136e+04 -1.1149945160e+01 -6.1932514337e+01 5.5228462710e+01 -1.2827101438e+02 5.5394056549e+02 -1.2307196472e-13 -1.2065137071e+02
1.0000000000e+00 0.0000000000e+00 3.1899857031e+04 2.2467091655e+04 3.1279496688e+04 2.2933442355e+04 4.8605114448e+05 5.7657335087e+04 -5.0486698663e+01 1.3207961184e+02 1.2214252907e+01 -1.0832988360e+02 5.5286368106e+02 -1.3002919003e-13 3.5238236294e+01
1.0000000000e+00 0.0000000000e+00 3.3668740025e+03 8.7818366325e+02 2.2929411944e+03 6.7384458159e+03 2.1269042051e+05 1.8384382606e+04 -6.7202818446e+00 -2.8001511077e+01 3.2963536496e+01 -7.3866912201e+01 3.0592831683e+02 -1.0144732723e-13 -4.9762491990e+01
1.0000000000e+00 0.0000000000e+00 4.4938241983e+04 6.3587932838e+04 2.8344056373e+04 5.8943598563e+04 1.1235644379e+06 1.1758832241e+05 -6.0399251201e+01 2.5206339425e+02 2.8858478446e+01 -1.9647215819e+02 9.5051089201e+02 -1.6542151363e-13 2.6202279955e+02
1.0000000000e+00 0.0000000000e+00 9.4598648371e+04 3.2978116467e+05 7.0096360308e+04 6.7262617935e+04 9.6298743480e+05 1.4171758303e+05 -8.7958746251e+01 5.7153260357e+02 -3.2392812504e+01 -1.6443720931e+02 8.9273577048e+02 -1.8009091240e-13 7.2271408116e+02
1.0000000000e+00 0.0000000000e+00 4.2505238160e+03 2.0130648812e+04 4.7175150444e+03 4.3616684889e+03 2.1297119765e+05 1.9326181554e+04 -4.3289531402e+00 1.2990412028e+02 -1.7136114209e+01 -4.4100787026e+01 3.1076855258e+02 -1.0119269507e-13 1.7117626188e+01
1.0000000000e+00 0.0000000000e+00 2.2850085088e+04 1.1304875427e+04 6.6660806264e+03 3.4771143443e+04 5.4979111410e+05 5.6134585568e+04 -4.3778986092e+01 9.2703199892e+01 5.1679584060e+01 -1.4976776190e+02 6.0746776708e+02 -1.2464265402e-13 -7.7145833058e+01
1.0000000000e+00 0.0000000000e+00 3.0301466719e+03 2.4671937071e+04 1.6888584018e+03 9.2354248803e+03 2.6989589581e+05 2.4277804241e+04 9.5986294229e-01 1.4901487716e+02 -3.5875129177e+00 -6.7393603736e+01 3.6647193370e+02 -1.2216999477e-13 2.6083910388e+02
1.0000000000e+00 0.0000000000e+00 1.3715258723e+04 5.3114907998e+04 3.5621470263e+03 2.0200733469e+04 5.3141985114e+05 4.9040805652e+04 -3.1669070280e+01 2.2988671366e+02 9.2543202855e+00 -1.2156578427e+02 5.8887837399e+02 -1.4468048210e-13 3.2965720013e+02
1.0000000000e+00 0.0000000000e+00 1.4099192162e+05 5.6108545283e+05 9.6583621644e+04 9.5003970383e+04 1.1870954591e+06 1.9219650841e+05 -1.1003322273e+02 7.4479444042e+02 -4.9757029245e+01 -1.8128908145e+02 9.8988168545e+02 -2.0262508055e-13 9.3001801357e+02
1.0000000000e+00 0.0000000000e+00 1.1710926842e+05 4.6005261322e+05 5.0236808001e+04 1.1900156508e+05 1.6948260956e+06 2.1221988075e+05 -1.0293974132e+02 6.7052277523e+02 -6.7453574496e+00 -2.4273218124e+02 1.1819173986e+03 -2.2566548943e-13 9.9844194761e+02
1.0000000000e+00 0.0000000000e+00 2.7963833986e+04 1.6485569729e+05 1.9600728853e+04 3.0811015732e+04 6.4618613502e+05 7.3999756870e+04 -5.9881862855e+00 -3.7732371382e+02 1.0660189311e+02 -1.5553054909e+02 6.3992111345e+02 -1.0405830402e-13 -6.1922458773e+02
1.0000000000e+00 0.0000000000e+00 1.9924677231e+04 3.4121602766e+04 5.1407335642e+03 3.5794288115e+04 6.6224466247e+05 6.4632047667e+04 -4.0256070951e+01 1.8311454073e+02 2.8891948298e+01 -1.4914004352e+02 6.8279885393e+02 -1.4099112614e-13 1.3277872343e+02
1.0000000000e+00 0.0000000000e+00 2.9227494109e+04 2.0655524634e+05 2.2298903107e+04 2.2326158094e+04 8.0566435767e+05 8.4115582313e+04 -2.5960551169e+01 4.4968953337e+02 -5.1627252406e+01 -1.1238509384e+02 7.5569025545e+02 -1.7257824431e-13 6.3602852141e+02
1.0000000000e+00 0.0000000000e+00 4.4917795412e+03 2.4362255432e+03 1.8645231456e+03 1.1520835116e+04 3.7651835774e+05 3.1458295077e+04 -1.3347912523e+01 3.5808225294e+01 2.2527085624e+01 -9.1919794054e+01 4.4725273990e+02 -1.2028761217e-13 -5.7259261302e+01
1.0000000000e+00 0.0000000000e+00 3.9736406027e+04 6.0468233144e+04 2.3974498747e+04 5.0106980574e+04 7.7162759124e+05 8.7883433340e+04 -6.0171229869e+01 2.4495197923e+02 2.1327741898e+01 -1.6283256767e+02 7.7785046900e+02 -1.5170522026e-13 2.8012839244e+02
1.0000000000e+00 0.0000000000e+00 1.7978671579e+04 9.9820124959e+03 8.4169061598e+03 3.0421256571e+04 5.0609892067e+05 5.1918228945e+04 -2.1067111547e+01 -9.6501140437e+01 7.9704663687e+01 -1.4941173978e+02 5.6462076304e+02 -1.2908881214e-13 -7.0942909704e+01
1.0000000000e+00 0.0000000000e+00 3.9754232341e+04 5.7929457603e+04 2.2480181695e+04 5.6582092452e+04 9.5221958614e+05 1.0218814042e+05 -3.6297945917e+01 -2.1841022820e+02 1.1304765298e+02 -2.0666215445e+02 8.2547751249e+02 -1.3437678866e-13 -3.8935873251e+02
1.0000000000e+00 0.0000000000e+00 3.1559999910e+04 1.1332936179e+05 2.1227107795e+04 3.0866363402e+04 4.8539846961e+05 6.1362272114e+04 -1.6074311556e+01 -3.3377823448e+02 1.0842415081e+02 -1.4630900869e+02 5.3421639419e+02 -1.1805838048e-13 -2.8026421664e+02
1.0000000000e+00 0.0000000000e+00 1.5423036642e+04 4.6715464151e+03 1.0221247934e+04 2.2443885259e+04 3.8027942536e+05 4.0363530432e+04 -3.2783619152e+01 4.0437452341e+00 4.2082437699e+01 -1.1899063317e+02 5.2727735827e+02 -1.0374043454e-13 -2.2447470839e+02
1.0000000000e+00 0.0000000000e+00 2.3707454148e+03 5.0438240530e+03 1.4416905649e+03 1.0566819661e+04 3.1528672682e+05 2.6855216820e+04 -1.7651686693e+00 6.2472234236e+01 8.7156402665e+00 -7.4293187442e+01 3.9765866502e+02 -1.1520322477e-13 4.4938737231e+01
1.0000000000e+00 0.0000000000e+00 3.2680742425e+04 1.9101171039e+04 1.3610630684e+04 6.8892320250e+04 9.2593843601e+05 1.0024252460e+05 -2.8613648114e+01 -1.2269451223e+02 1.0589007576e+02 -2.1195453110e+02 8.3653033318e+02 -1.3284080503e-13 -1.9994423463e+02
1.0000000000e+00 0.0000000000e+00 1.1334277748e+04 2.6655615177e+04 6.5925225036e+03 1.0153034020e+04 2.8300052102e+05 2.7786175594e+04 -3.1835614524e+01 1.6269069630e+02 4.3949310333e+00 -8.1939769339e+01 4.0304452513e+02 -1.2248821753e-13 1.3539752582e+02
1.0000000000e+00 0.0000000000e+00 1.0604750132e+05 2.3305913625e+05 9.9723785950e+04 6.3009317957e+04 1.0335525658e+06 1.5252740223e+05 -9.1915451778e+01 4.8106407238e+02 -2.8553437208e+01 -1.5940202190e+02 9.0081977654e+02 -1.8668769481e-13 6.3152901014e+02
1.0000000000e+00 0.0000000000e+00 3.3247792755e+04 1.1865846491e+05 2.8871983075e+04 2.0289048094e+04 5.8210167628e+05 6.6642832681e+04 -4.6523189949e+01 3.4418712832e+02 -2.3175022926e+01 -1.1329209571e+02 6.5703090739e+02 -1.4881652382e-13 4.1217543216e+02
1.0000000000e+00 0.0000000000e+00 7.4405615076e+04 1.6352260290e+05 3.4453156376e+04 8.5679577545e+04 8.4272850915e+05 1.1836648612e+05 -8.7526907621e+01 4.0419286562e+02 1.7099454591e+01 -1.8297174767e+02 8.2321803520e+02 -1.6291312161e-13 4.3521562823e+02
1.0000000000e+00 0.0000000000e+00 4.7596721665e+04 2.3562571164e+05 2.5099012732e+04 3.4260332833e+04 6.3781150868e+05 8.0867563746e+04 -6.2224870681e+01 4.8228031853e+02 -2.6269976630e+01 -1.3161054645e+02 6.9844885724e+02 -1.6066010885e-13 6.2360928411e+02
1.0000000000e+00 0.0000000000e+00 9.4222208010e+03 6.2523478633e+02 3.1788206888e+03 2.1916301676e+04 4.8410814693e+05 4.3872380127e+04 -2.1181964147e+01 8.0707502427e+00 4.8868144093e+01 -1.3004749314e+02 5.5515875971e+02 -1.2051715151e-13 -5.3938973587e+01
1.0000000000e+00 0.0000000000e+00 2.4993384139e+04 4.5658995676e+04 1.9809012085e+04 2.2736555329e+04 5.8575891053e+05 6.0477205048e+04 -4.3966962619e+01 2.1167289733e+02 5.6548708285e+00 -1.2454764118e+02 6.4539206584e+02 -1.3907841594e-13 2.3096366413e+02
1.0000000000e+00 0.0000000000e+00 1.4582000165e+04 3.8933091836e+04 5.3891062156e+03 2.0756020268e+04 5.2447351727e+05 4.8910662365e+04 -3.4467386707e+01 1.9689895416e+02 1.2981175431e+01 -1.2163034870e+02 5.8968974015e+02 -1.3751536087e-13 1.8153836580e+02
1.0000000000e+00 0.0000000000e+00 2.2371110812e+04 3.3760770682e+04 7.5389632311e+03 3.4731032313e+04 7.3073411532e+05 6.9773822754e+04 -4.2838171999e+01 1.7825583098e+02 3.5775202340e+01 -1.6020655119e+02 7.1665568086e+02 -1.5982141940e-13 3.0907400437e+02
1.0000000000e+00 0.0000000000e+00 7.1864756291e+03 3.7861581631e+04 1.4366743349e+03 1.3886648644e+04 4.5508180853e+05 3.9380344079e+04 -1.9211832612e+01 1.9066632766e+02 7.6762198030e+00 -1.0656322797e+02 5.2697929631e+02 -1.3780963071e-13 3.1181236999e+02
1.0000000000e+00 0.0000000000e+00 5.0590475722e+03 1.1681639819e+04 4.1896337170e+03 5.6672276244e+03 2.1920554868e+05 1.9690303437e+04 -1.0593487925e+01 -7.5996761333e+01 2.8660295838e+01 -6.3670663128e+01 3.0026225470e+02 -8.8419081572e-14 -2.5152049952e+02
1.0000000000e+00 0.0000000000e+00 6.2395476520e+04 3.5557612759e+05 4.5724725708e+04 3.2745617851e+04 8.7130549537e+05 1.1071295548e+05 -6.0351844615e+01 5.8857488425e+02 -5.5977663611e+01 -1.3314804017e+02 8.2100635693e+02 -1.8105158493e-13 8.5224010213e+02
1.0000000000e+00 0.0000000000e+00 2.1182485644e+04 1.4841846638e+05 5.6421545801e+03 2.3095477276e+04 5.9244050848e+05 6.0065496311e+04 -3.4519485941e+01 3.8092722239e+02 -1.2427567746e+01 -1.2703278102e+02 6.5350194986e+02 -1.5430763231e-13 5.3511237717e+02
1.0000000000e+00 0.0000000000e+00 5.5020851643e+03 6.4795880921e+03 2.5817629833e+03 1.0914255523e+04 2.2902653007e+05 2.1772994269e+04 -1.1866074552e+01 -6.0660235433e+01 4.4424193286e+01 -8.9957468476e+01 3.6467176045e+02 -9.1469704086e-14 -2.0032895237e+02
1.0000000000e+00 0.0000000000e+00 2.4345132942e+03 7.7909050126e+03 1.9559763093e+03 4.3911183941e+03 1.7763071551e+05 1.5161583497e+04 2.0553334407e+00 7.2971179231e+01 -1.5318455044e+01 -2.4198290669e+01 2.0719126996e+02 -1.1712819161e-13 2.5774262063e+02
1.0000000000e+00 0.0000000000e+00 8.5100693749e+04 1.9908504701e+03 3.7219658902e+04 1.3229313830e+05 1.5941397122e+06 1.8318529230e+05 -7.7418243181e+01 3.1169917392e+01 1.2109594173e+02 -2.8652389714e+02 1.1272257668e+03 -1.7716498905e-13 1.0897693432e+01
1.0000000000e+00 0.0000000000e+00 3.7739304817e+04 2.4263017045e+05 2.0461060319e+04 2.1928675213e+04 6.2117950797e+05 7.2519901803e+04 -4.8955441917e+01 4.7940577358e+02 -3.6351979157e+01 -1.1635182510e+02 6.6259768074e+02 -1.7724608866e-13 7.6469448875e+02
1.0000000000e+00 0.0000000000e+00 8.7960109763e+04 4.9461316999e+05 4.8010057523e+04 5.9385539959e+04 1.1243883579e+06 1.4764494325e+05 -8.1300199315e+01 6.9893925325e+02 -4.8508892620e+01 -1.6818703151e+02 9.2752566361e+02 -2.0182346607e-13 8.1356161725e+02
1.0000000000e+00 0.0000000000e+00 1.4002311783e+04 3.1749911247e+04 9.3219850912e+03 2.2035910994e+04 4.2079686070e+05 4.3856197516e+04 -8.2409694427e+00 -1.7519896894e+02 7.2665708497e+01 -1.2176585960e+02 4.8175833135e+02 -1.2217682625e-13 -4.6711018601e+01
1.0000000000e+00 0.0000000000e+00 1.1932522908e+04 8.9417706655e+03 7.2638564765e+03 1.3238278501e+04 2.4520236752e+05 2.6052048164e+04 -3.2317229638e+01 7.8466751464e+01 2.1568857112e+01 -8.6278997424e+01 3.8409449652e+02 -1.1215632593e-13 8.6226899446e+01
1.0000000000e+00 0.0000000000e+00 6.8914919657e+04 1.5752591138e+05 4.0609837132e+04 6.8170275572e+04 8.5292839901e+05 1.1349249143e+05 -8.0864939137e+01 3.9619600744e+02 6.8554265152e+00 -1.7057166106e+02 8.1139146632e+02 -1.7260602938e-13 4.3137863291e+02
1.0000000000e+00 0.0000000000e+00 3.5742941751e+03 6.1586277126e+03 3.0585990350e+03 1.3221751075e+04 2.3393855154e+05 2.3336464742e+04 1.3046882810e+01 7.5897863377e+01 -9.7511926158e+00 -4.1660176316e+01 2.8675207360e+02 -1.0699439666e-13 4.4946756415e+01
1.0000000000e+00 0.0000000000e+00 6.3167180912e+04 2.6522642438e+03 3.0194169547e+04 9.7699444923e+04 9.7898138557e+05 1.2317143466e+05 -6.9072534624e+01 4.3540073010e+01 9.5324760871e+01 -2.2987820605e+02 9.0247474206e+02 -1.5079596815e-13 1.2770028953e+02
1.0000000000e+00 0.0000000000e+00 9.2547388832e+03 6.4189719090e+04 3.6817647987e+03 8.1432125900e+03 3.1530479839e+05 2.9652240587e+04 -1.7360162189e+01 2.4483659617e+02 -7.0878778925e+00 -7.7250436880e+01 3.8469338697e+02 -1.3830319101e-13 4.2515496278e+02
1.0000000000e+00 0.0000000000e+00 2.3492396864e+04 1.1184762277e+05 1.4097347217e+04 2.6546245869e+04 7.6207678912e+05 7.4871219287e+04 -3.5425848799e+01 3.2873728355e+02 -1.5954994350e+01 -1.2934565764e+02 7.3004720096e+02 -1.6017866968e-13 4.8357092590e+02
1.0000000000e+00 0.0000000000e+00 9.1053117376e+04 4.7819696786e+05 6.1761505534e+04 4.7381879655e+04 6.7604408003e+05 1.1717753339e+05 -7.9896027951e+01 6.7668377604e+02 -6.3611160280e+01 -1.2068324275e+02 7.2132378512e+02 -1.9076481209e-13 1.0401956255e+03
1.0000000000e+00 0.0000000000e+00 9.9973145365e+03 7.2839516587e+03 3.4882245967e+03 2.0715999982e+04 3.7989265114e+05 3.6782930923e+04 -2.7187769200e+01 8.2317471410e+01 2.9305493673e+01 -1.1241720154e+02 5.0740208409e+02 -1.2259348852e-13 4.8036691923e+01
1.0000000000e+00 0.0000000000e+00 7.6419365387e+04 3.5224531690e+05 5.0667717630e+04 4.7574116468e+04 6.1215193942e+05 1.0195366525e+05 -7.8506287272e+01 5.8809148052e+02 -4.6134278731e+01 -1.2430935658e+02 6.9885087796e+02 -1.6505198541e-13 7.3187441388e+02
1.0000000000e+00 0.0000000000e+00 5.8225761343e+03 5.3628055282e+02 3.6870793980e+03 1.9198109766e+04 3.0892181721e+05 3.1074999758e+04 2.6107498178e+00 -1.2178592774e+01 3.3773019864e+01 -9.3165641163e+01 4.1884637878e+02 -1.0650485241e-13 1.9289466828e+01
1.0000000000e+00 0.0000000000e+00 8.4571599614e+04 1.3260548509e+05 4.1334675742e+04 1.0268168594e+05 1.1620256591e+06 1.4896734518e+05 -9.1665468488e+01 3.5978922834e+02 3.5397292351e+01 -2.1670487413e+02 9.6538927171e+02 -1.8149947635e-13 4.3273511817e+02
1.0000000000e+00 0.0000000000e+00 3.8911777286e+03 5.6292639400e+03 1.4021861070e+03 1.0406810779e+04 3.1186281949e+05 2.6564505895e+04 -1.3086566591e+01 7.4400603576e+01 1.1294210711e+01 -8.1545759208e+01 4.2111690885e+02 -1.0997836821e-13 5.3899553685e+01
1.0000000000e+00 0.0000000000e+00 1.3458058591e+05 6.6971729875e+05 9.6403356141e+04 7.6832682607e+04 9.1020743987e+05 1.7065289303e+05 -9.9077455355e+01 8.1672447173e+02 -7.4918225797e+01 -1.4865197590e+02 8.7882138995e+02 -1.7762955273e-13 7.6269261571e+02
1.0000000000e+00 0.0000000000e+00 1.2013168962e+04 2.6890225404e+04 4.3727276997e+03 1.4755654541e+04 4.1248953301e+05 3.7631469429e+04 -3.1536384014e+01 1.5573643119e+02 1.7379362580e+01 -1.0881671073e+02 5.0563154657e+02 -1.3504729174e-13 2.2347072751e+02
1.0000000000e+00 0.0000000000e+00 3.2854636420e+04 3.2370284062e+03 1.4215249415e+04 4.7562162873e+04 6.2524233773e+05 6.9848493632e+04 -5.3153799489e+01 5.3840696777e+01 6.3013454606e+01 -1.6592785389e+02 6.7205441388e+02 -1.4587905102e-13 1.5448386566e+02
1.0000000000e+00 0.0000000000e+00 3.3033387587e+03 1.2368232051e+04 2.8624835407e+03 4.4099593164e+03 1.6436622420e+05 1.4895169585e+04 -1.8145981216e+00 1.0862843997e+02 1.1077394068e+01 -5.8092102562e+01 2.3965267691e+02 -1.0651396112e-13 1.2631439468e+02
1.0000000000e+00 0.0000000000e+00 1.1735245298e+04 3.7984340648e+04 1.3182841152e+04 9.3956928820e+03 4.7800645446e+05 4.3961177864e+04 -2.0032045529e+01 1.9209054033e+02 -1.6156139977e+01 -8.2437188999e+01 5.1648134822e+02 -1.4178377273e-13 1.5840017331e+02
1.0000000000e+00 0.0000000000e+00 1.4233082144e+04 2.6702842424e+03 9.7623247407e+03 2.0290736347e+04 4.3926515425e+05 4.3060426518e+04 -2.2938403826e+01 -3.6602714042e+00 5.4056351488e+01 -1.2905855175e+02 5.2388612445e+02 -1.3164615002e-13 1.4585461773e+02
1.0000000000e+00 0.0000000000e+00 4.3538576994e+04 1.1845147291e+05 2.8766752050e+04 3.8053429024e+04 6.4630102016e+05 7.8938012059e+04 -6.2633395205e+01 3.4217583861e+02 -4.4370564666e+00 -1.3571320410e+02 6.8914983425e+02 -1.5336542940e-13 3.9459063556e+02
1.0000000000e+00 0.0000000000e+00 1.2860901175e+04 1.9780021613e+04 1.1146206402e+04 2.0545842853e+04 3.8692944890e+05 4.1098725656e+04 -3.2875711362e+00 -1.3642750337e+02 7.2333296647e+01 -1.2202581429e+02 4.5711865914e+02 -1.1780464027e-13 -1.0652501938e+02
1.0000000000e+00 0.0000000000e+00 1.5766977318e+04 4.1924351513e+04 7.0414783264e+03 2.3049239988e+04 5.8149107454e+05 5.4642892185e+04 -3.4840026252e+01 2.0236101782e+02 1.0122819890e+01 -1.2479940040e+02 6.2529757379e+02 -1.4219132353e-13 1.0643840159e+02
1.0000000000e+00 0.0000000000e+00 3.6200796179e+05 1.7959900384e+06 2.1147169653e+05 2.6015698214e+05 2.5370934411e+06 4.6829592481e+05 -1.7375894926e+02 1.3287752553e+03 -9.4122795440e+01 -2.7695544193e+02 1.4878554869e+03 -2.8703798482e-13 1.7564111691e+03
1.0000000000e+00 0.0000000000e+00 8.8159980024e+03 1.0085193557e+04 6.3472481096e+03 9.4471044415e+03 3.0237508106e+05 2.7844585952e+04 -2.0269276150e+01 -3.9551975836e+01 3.6992800298e+01 -8.9884663970e+01 3.9628619487e+02 -1.0246243977e-13 -2.2726712597e+02
1.0000000000e+00 0.0000000000e+00 2.1593109401e+04 9.1853781935e+04 1.1646115367e+04 1.6449213749e+04 3.1676827761e+05 3.8308416780e+04 -4.1760965517e+01 2.9492749756e+02 -1.1620120812e+01 -8.7511108236e+01 4.4588013059e+02 -1.3598617372e-13 4.8641849037e+02
1.0000000000e+00 0.0000000000e+00 1.8805507790e+05 6.7829003482e+05 1.3579744788e+05 1.3538724152e+05 1.4409901489e+06 2.5023683815e+05 -1.2553765148e+02 8.1557134901e+02 -5.2289308583e+01 -2.0533286282e+02 1.1156981071e+03 -2.2329332297e-13 1.1501378470e+03
1.0000000000e+00 0.0000000000e+00 4.2369154704e+04 1.9111042780e+05 2.3785361549e+04 3.0424663165e+04 6.3531385156e+05 7.6196593318e+04 -5.7690096171e+01 4.3034454368e+02 -2.0103940983e+01 -1.3200186748e+02 6.9976059816e+02 -1.5926088487e-13 5.9796399409e+02
1.0000000000e+00 0.0000000000e+00 1.0137440547e+04 3.0811256954e+04 1.7171869013e+03 2.4254317317e+04 5.7889265515e+05 5.2168032001e+04 -2.2966370447e+01 1.7490698156e+02 2.3250672823e+01 -1.3174705144e+02 6.0805986868e+02 -1.4624838442e-13 2.6184146910e+02
1.0000000000e+00 0.0000000000e+00 4.2688367008e+04 4.1253637163e+04 2.6689132863e+04 4.9956593831e+04 6.8606649659e+05 8.2280281495e+04 -6.3103280306e+01 1.9948610931e+02 3.0696377938e+01 -1.5984022914e+02 7.3112881102e+02 -1.4517194868e-13 1.7472342817e+02
1.0000000000e+00 0.0000000000e+00 1.9651042616e+04 5.5945542103e+04 9.1817775039e+03 2.7237470025e+04 6.0632052565e+05 5.9823065751e+04 -3.9641218064e+01 2.3436832798e+02 1.1612996368e+01 -1.3570358903e+02 6.6551249923e+02 -1.4817966290e-13 3.3125286936e+02
1.0000000000e+00 0.0000000000e+00 4.4955161142e+03 1.0832139048e+04 2.4603665922e+03 9.6389287398e+03 2.3387900647e+05 2.1685684922e+04 -7.0231328249e+00 -9.9652317977e+01 4.2621033705e+01 -8.0597081281e+01 3.4197930520e+02 -1.0168731947e-13 -8.1162145736e+01
1.0000000000e+00 0.0000000000e+00 5.1171503768e+04 1.1229752081e+05 2.9482502213e+04 5.0574743411e+04 7.9406755992e+05 9.4542762948e+04 -7.0243198184e+01 3.3463513928e+02 8.9350221165e+00 -1.5961776609e+02 7.6970047400e+02 -1.6609537237e-13 4.2393017333e+02
1.0000000000e+00 0.0000000000e+00 2.5688456565e+04 8.7552114697e+04 2.0183701905e+04 1.6432378909e+04 4.4784901746e+05 5.0584853702e+04 -4.2455138183e+01 2.9573502730e+02 -1.5416268180e+01 -1.0024561273e+02 5.5523027559e+02 -1.3486036914e-13 2.6048497375e+02
1.0000000000e+00 0.0000000000e+00 2.1433848419e+03 4.8071362140e+03 6.4442248552e+02 1.3380643318e+04 3.0881405330e+05 2.7336832751e+04 -4.6479667974e+00 6.3044208593e+01 1.3832918680e+01 -8.3148418315e+01 4.2397330903e+02 -1.1735004983e-13 1.5624845012e+02
1.0000000000e+00 0.0000000000e+00 5.3961715421e+03 7.9770508952e+03 2.1704589474e+03 1.1220388837e+04 3.9510787755e+05 3.2978761270e+04 -1.7195189272e+01 8.7254695058e+01 2.1594738234e+01 -1.0066587026e+02 4.7418714481e+02 -1.2538197100e-13 1.3005608635e+02
1.0000000000e+00 0.0000000000e+00 3.4551860338e+04 2.6946639412e+04 1.3705894464e+04 5.7121393624e+04 9.0679872273e+05 9.4061772611e+04 -5.4663631057e+01 1.5607202638e+02 4.4400470288e+01 -1.8224806180e+02 8.2587523952e+02 -1.5087229170e-13 6.9583619419e+01
1.0000000000e+00 0.0000000000e+00 1.3515318445e+05 5.8416139909e+05 1.0705808205e+05 6.7416244666e+04 1.1320693133e+06 1.8167774847e+05 -9.8031707736e+01 7.5173200341e+02 -6.8892580553e+01 -1.5731704787e+02 9.4626072045e+02 -2.1070528472e-13 1.0754533978e+03
1.0000000000e+00 0.0000000000e+00 1.5611614716e+04 5.8983291486e+04 2.3614981602e+03 2.9237464533e+04 7.2006307993e+05 6.5587871880e+04 -3.0973152901e+01 2.3499932604e+02 2.0831964144e+01 -1.4985327219e+02 7.0108929027e+02 -1.5848999864e-13 3.7226008586e+02
1.0000000000e+00 0.0000000000e+00 4.6407918619e+04 6.7884838380e+03 1.7560265002e+04 8.7740412361e+04 1.2272556298e+06 1.3012528851e+05 -4.9534006394e+01 -2.6100668774e+01 1.0527880564e+02 -2.4247700384e+02 9.7460116193e+02 -1.4508211176e-13 -2.6906361717e+02
1.0000000000e+00 0.0000000000e+00 7.9213859914e+04 3.5002006326e+05 3.0276765125e+04 8.8811684524e+04 1.6425663208e+06 1.8100554570e+05 -8.0864025555e+01 5.8087601180e+02 -2.2402020090e+00 -2.2948181743e+02 1.1298994875e+03 -2.2818819050e-13 8.3924998991e+02
1.0000000000e+00 0.0000000000e+00 4.7447506907e+04 1.5830379054e+05 2.4298307922e+04 5.2853554317e+04 8.9612277581e+05 1.0247858682e+05 -6.4322050981e+01 3.9448372331e+02 6.2226938652e-01 -1.6916107257e+02 8.4311757215e+02 -1.6567813158e-13 5.1837158599e+02
1.0000000000e+00 0.0000000000e+00 1.1315563577e+04 7.6020832798e+04 2.7203765293e+03 1.4424466102e+04 4.9509668024e+05 4.4756116494e+04 -2.1842896814e+01 2.7425774415e+02 -1.3954959505e+00 -1.0998490716e+02 5.4664159509e+02 -1.3733256235e-13 3.1034025024e+02
1.0000000000e+00 0.0000000000e+00 3.6893789105e+04 1.7889965233e+04 2.3483786896e+04 4.5736241894e+04 7.2487315249e+05 8.0444405171e+04 -5.7387930124e+01 1.3034248563e+02 4.0419613949e+01 -1.6083230505e+02 7.2633735784e+02 -1.4912690583e-13 8.3723669038e+01
1.0000000000e+00 0.0000000000e+00 1.3889066134e+04 3.1804956799e+04 3.1189924415e+03 2.2238353099e+04 5.1367327615e+05 4.7523274866e+04 -3.3659145424e+01 1.7520195903e+02 2.2973925900e+01 -1.2801320885e+02 5.8451416899e+02 -1.3984036421e-13 2.4487218348e+02
1.0000000000e+00 0.0000000000e+00 4.9550764579e+04 1.0011735351e+04 2.7969361991e+04 7.4839038167e+04 1.1595681892e+06 1.2438553410e+05 -6.2178548161e+01 9.6758448642e+01 6.9329155394e+01 -2.1861208562e+02 9.5420181959e+02 -1.6500337282e-13 1.5101569685e+02
1.0000000000e+00 0.0000000000e+00 2.5662448519e+05 6.8077689680e+05 1.5636507761e+05 2.4837591249e+05 2.2934008112e+06 3.6765067674e+05 -1.5460819541e+02 8.2246603762e+02 -7.9253437126e+00 -2.9296693947e+02 1.4154466558e+03 -2.4505972074e-13 8.9694351816e+02
1.0000000000e+00 0.0000000000e+00 1.4322332318e+04 1.3219664703e+04 7.4900041013e+03 2.3988080480e+04 6.1055118911e+05 5.5795268268e+04 -2.2204440059e+01 9.1443727009e+01 4.9628216387e+01 -1.4772047382e+02 6.0777808794e+02 -1.5834754801e-13 2.7004779752e+02
1.0000000000e+00 0.0000000000e+00 6.3664250095e+03 3.0231870632e+04 2.5221505728e+03 5.9569570584e+03 2.2276522325e+05 2.0259625507e+04 -2.0047598672e+01 1.6882601951e+02 1.1293584973e+00 -6.9960025908e+01 3.3892235442e+02 -1.2251841359e-13 3.1322891506e+02
1.0000000000e+00 0.0000000000e+00 4.3112796797e+03 3.5345028752e+03 4.1411535825e+03 5.3022416952e+03 2.0865521531e+05 1.8391698072e+04 -1.1339040827e+01 -5.4293403167e+01 2.9210162823e+01 -6.9521347854e+01 3.2010830744e+02 -9.8707220982e-14 -8.3624573032e+01
1.0000000000e+00 0.0000000000e+00 9.1316149980e+04 1.1894435669e+05 6.2454061532e+04 9.1986694915e+04 1.3509908238e+06 1.6526937047e+05 -9.1577604248e+01 3.4475032407e+02 2.7356668219e+01 -2.1874226992e+02 1.0416828111e+03 -1.8504233491e-13 3.4492093334e+02
1.0000000000e+00 0.0000000000e+00 3.2395687376e+04 8.3258883087e+03 1.8592266520e+04 4.7870799467e+04 6.7213495962e+05 7.5280654118e+04 -5.1737056560e+01 8.8666382618e+01 5.1314641953e+01 -1.6417930625e+02 7.0966426127e+02 -1.4411053621e-13 1.7125203205e+02
1.0000000000e+00 0.0000000000e+00 1.3786495429e+04 1.7693934721e+04 1.2830572904e+04 9.9412793907e+03 4.1339399220e+05 3.8706412467e+04 -3.0141251794e+01 1.2097237539e+02 5.5326314743e+00 -8.6263781706e+01 4.5550823908e+02 -1.3418332178e-13 8.9729819785e+01
1.0000000000e+00 0.0000000000e+00 5.3719686019e+04 1.3911693281e+05 3.2835633316e+04 5.0034075424e+04 4.9661823807e+05 7.7064254887e+04 -7.1977812338e+01 3.7159105141e+02 -4.0786764039e+00 -1.2851558566e+02 6.1682758764e+02 -1.5211242955e-13 4.9290086143e+02
1.0000000000e+00 0.0000000000e+00 6.0877150802e+03 2.0906046231e+03 4.0732950997e+03 8.9701689868e+03 3.3127334183e+05 2.8196834192e+04 -1.9724428646e+01 4.5288174257e+01 2.2492864251e+01 -8.9261573503e+01 4.2262810549e+02 -1.1897919428e-13 7.8809179226e+01
1.0000000000e+00 0.0000000000e+00 2.1705912185e+04 3.2236213809e+04 8.6314172212e+03 2.9020216970e+04 5.9929127626e+05 5.8746212058e+04 -4.3645046324e+01 1.7067337938e+02 3.0128809744e+01 -1.4047252968e+02 6.2575105290e+02 -1.5390809068e-13 3.0722703319e+02
1.0000000000e+00 0.0000000000e+00 3.4830814854e+04 8.4524599102e+04 1.7016114175e+04 3.7126164888e+04 4.6107488249e+05 5.9316534357e+04 -5.9056082709e+01 2.9037721787e+02 7.3568092363e+00 -1.2331500589e+02 5.6830696868e+02 -1.3701217760e-13 2.9661639893e+02
1.0000000000e+00 0.0000000000e+00 1.5706008309e+04 6.8610017463e+04 4.8056732473e+03 1.6627977795e+04 4.3284760565e+05 4.2097973754e+04 -3.5224325372e+01 2.5368336972e+02 4.5720329413e+00 -1.0788233710e+02 5.0939181031e+02 -1.5103826227e-13 4.0126520187e+02
1.0000000000e+00 0.0000000000e+00 5.3039800831e+04 2.4425490226e+04 1.7316629974e+04 9.5896372991e+04 1.1845602285e+06 1.3170911436e+05 -6.6802700895e+01 1.5587172499e+02 7.4390314604e+01 -2.3502868302e+02 9.8865161516e+02 -1.5907480354e-13 1.9256950027e+02
1.0000000000e+00 0.0000000000e+00 2.1529898202e+04 5.1790328825e+03 1.2938159943e+04 3.0738307866e+04 5.9809344888e+05 5.9960539959e+04 -4.0203041792e+01 5.2849904063e+01 4.6021145567e+01 -1.4626964958e+02 6.4953013686e+02 -1.3210403208e-13 -6.7121756066e+01
1.0000000000e+00 0.0000000000e+00 2.8296990767e+04 6.1811664971e+04 2.5436320781e+04 2.2913213325e+04 7.1595174235e+05 7.2538754627e+04 -4.4666991255e+01 2.4841505149e+02 -5.4945458249e+00 -1.2790573094e+02 7.1240277673e+02 -1.5283446628e-13 3.0842041771e+02
1.0000000000e+00 0.0000000000e+00 3.0167896030e+04 6.2544560637e+04 1.4471583607e+04 3.5739462657e+04 5.6203529514e+05 6.3295742615e+04 -5.3497065951e+01 2.4608601578e+02 1.7039283890e+01 -1.4007746398e+02 6.5152055196e+02 -1.2996095201e-13 1.2583557258e+02
1.0000000000e+00 0.0000000000e+00 3.6460391550e+04 1.3298799783e+03 2.4330382304e+04 4.4831440970e+04 6.3847926656e+05 7.3770146925e+04 -4.2206791507e+01 -2.6777197257e+01 8.3884976795e+01 -1.7552936145e+02 6.6213120829e+02 -1.3477694271e-13 -4.6045162974e+01
1.0000000000e+00 0.0000000000e+00 4.0572673406e+04 1.0293958301e+04 1.4934318787e+04 8.5517977775e+04 1.2364032505e+06 1.2877702211e+05 -4.2882335352e+01 -3.4357930478e+01 1.0144761600e+02 -2.3783127097e+02 9.7399673350e+02 -1.5457364018e-13 -1.9033408836e+02
1.0000000000e+00 0.0000000000e+00 1.1084713705e+05 2.3257822545e+05 5.5692086274e+04 1.2926956618e+05 1.3144794399e+06 1.8237903410e+05 -1.0622983753e+02 4.8180274159e+02 2.1298540482e+01 -2.3179161087e+02 1.0674340510e+03 -1.8559646659e-13 5.3510853262e+02
1.0000000000e+00 0.0000000000e+00 2.1464186033e+05 6.5434078005e+05 1.6867457126e+05 1.4143506161e+05 1.6947697838e+06 2.8302869211e+05 -1.3232221686e+02 8.0282594235e+02 -5.0977940514e+01 -2.1543761231e+02 1.1846017533e+03 -2.2774930627e-13 9.6634380736e+02
1.0000000000e+00 0.0000000000e+00 2.0958733709e+04 1.1202786206e+04 1.9370883209e+04 1.8009844597e+04 5.0543998837e+05 5.1044160430e+04 -3.6922362563e+01 7.9645013904e+01 2.2425121238e+01 -1.1413295495e+02 5.6500088599e+02 -1.2581842662e-13 -1.1315846626e+02
1.0000000000e+00 0.0000000000e+00 6.7906757272e+03 8.9243613563e+03 1.7478578344e+03 1.1811454121e+04 3.3844943023e+05 2.9299895761e+04 -2.2486924718e+01 8.5651976973e+01 2.4050299322e+01 -9.5038812504e+01 4.2179715834e+02 -1.2031653995e-13 3.3414980072e+00
1.0000000000e+00 0.0000000000e+00 1.1240655947e+04 8.7936401995e+04 5.6203598207e+03 1.2440831718e+04 2.9129167942e+05 3.1990934185e+04 -4.3771773858e+00 2.8466353845e+02 -2.6831455116e+01 -6.5033071475e+01 3.9980423991e+02 -1.3029974870e-13 4.9065747183e+02
1.0000000000e+00 0.0000000000e+00 2.7053687691e+04 1.2749059702e+05 1.3115058647e+04 2.1618130390e+04 4.6436401129e+05 5.2969205670e+04 -4.7255642775e+01 3.5438674364e+02 -1.3473999096e+01 -1.1220954283e+02 5.8007426636e+02 -1.4621990338e-13 4.8726419118e+02
1.0000000000e+00 0.0000000000e+00 2.3337287268e+04 3.5335627101e+04 1.6343054004e+04 2.0691125135e+04 4.5603164186e+05 4.8822053243e+04 -4.6313161654e+01 1.8472069893e+02 9.1700730489e+00 -1.0656680649e+02 5.2180207641e+02 -1.3236092971e-13 1.3423020727e+02
1.0000000000e+00 0.0000000000e+00 3.6647324967e+04 1.4660923129e+05 2.0206434828e+04 2.9155422646e+04 6.7615263543e+05 7.4625082141e+04 -5.5743633122e+01 3.7811998019e+02 -1.1945667857e+01 -1.3125833439e+02 6.8088638531e+02 -1.6468793543e-13 4.9070353999e+02
1.0000000000e+00 0.0000000000e+00 6.8827689574e+04 8.3544572298e+04 8.5044197216e+04 3.1280261360e+04 9.2762764074e+05 1.1733065366e+05 -6.2663766060e+01 2.7309420110e+02 -1.7816756640e+01 -1.3686020723e+02 8.3342731994e+02 -1.5284597452e-13 4.0907011692e+00
1.0000000000e+00 0.0000000000e+00 2.0284532246e+04 4.8971868357e+04 1.4893527644e+04 2.4869178989e+04 5.8028728895e+05 5.9118426642e+04 -1.7821642280e+01 -2.1392646943e+02 8.5159852109e+01 -1.4477271492e+02 5.8483969871e+02 -1.2546570030e-13 -2.7740466799e+02
1.0000000000e+00 0.0000000000e+00 1.5794792937e+04 4.4136034048e+04 4.6888730009e+03 2.3475741155e+04 4.4364048306e+05 4.4659218548e+04 -3.7142540403e+01 2.0604397536e+02 1.3591959596e+01 -1.2019858611e+02 5.6942287194e+02 -1.3699108305e-13 3.1513093354e+02
1.0000000000e+00 0.0000000000e+00 2.3732237876e+04 1.1254621010e+05 1.9938009249e+04 2.5102758184e+04 9.0816633668e+05 8.6596802276e+04 -2.8781947912e+01 3.3540791999e+02 -2.4621346225e+01 -1.3230285273e+02 8.0056679894e+02 -1.6094963129e-13 3.5505137323e+02
1.0000000000e+00 0.0000000000e+00 1.8620800899e+04 1.8110287029e+05 6.0366690996e+03 2.2241390267e+04 6.3548586319e+05 6.4361534775e+04 -1.0891619144e+01 3.8294354574e+02 -2.4846337679e+01 -1.0995718586e+02 6.1681555979e+02 -1.7689855347e-13 8.0351358887e+02
1.0000000000e+00 0.0000000000e+00 1.5012322698e+04 1.0339913489e+05 7.4012634830e+03 8.8812062446e+03 3.5506587395e+05 3.6203447884e+04 -2.7882423192e+01 3.1409445094e+02 -1.9209870609e+01 -8.1658762721e+01 4.4108179001e+02 -1.4614921057e-13 4.3894678692e+02
1.0000000000e+00 0.0000000000e+00 1.4129245753e+05 4.5129097318e+05 1.1367592667e+05 9.3502177828e+04 1.2277786460e+06 1.9619024649e+05 -1.0764584435e+02 6.7169916630e+02 -4.4451859867e+01 -1.7964442792e+02 9.9858677182e+02 -1.9395591364e-13 6.2637122146e+02
1.0000000000e+00 0.0000000000e+00 6.8325957014e+04 6.3693782725e+04 3.9210890986e+04 9.0629942415e+04 9.1141013978e+05 1.2233672133e+05 -5.2656448747e+01 -2.3538042540e+02 1.4318282005e+02 -2.3950251768e+02 8.6559977814e+02 -1.3055135730e-13 -3.2322449919e+02
1.0000000000e+00 0.0000000000e+00 1.1077009430e+05 4.2716045147e+05 7.4950118884e+04 7.5198436960e+04 1.0428913821e+06 1.5759025997e+05 -9.5394135913e+01 6.5200986573e+02 -3.9377525469e+01 -1.6738349370e+02 8.9811641990e+02 -1.9637102590e-13 7.4858832603e+02
1.0000000000e+00 0.0000000000e+00 9.5205291196e+03 2.3633118722e+03 4.6616266219e+03 2.1713468593e+04 4.4613726745e+05 4.1951957847e+04 -1.4890304209e+01 -4.3261533597e+01 5.7439570936e+01 -1.2680511303e+02 5.1618057677e+02 -1.2355021942e-13 -2.0069146900e+01
1.0000000000e+00 0.0000000000e+00 2.0225567240e+04 5.1336001824e+04 1.5550020607e+04 2.1655083202e+04 2.6632262732e+05 3.6947893679e+04 -8.0877578634e+00 -2.1922851937e+02 8.5399712507e+01 -1.1548888184e+02 3.9032815225e+02 -8.9422175373e-14 -3.2215741279e+02
1.0000000000e+00 0.0000000000e+00 1.6147215326e+04 4.2776087851e+03 6.7650187916e+03 3.0844980245e+04 5.6153107187e+05 5.4843862003e+04 -2.8219665228e+01 -3.6870794031e+01 6.2612424470e+01 -1.4669416948e+02 6.1203908698e+02 -1.2618668146e-13 -6.9583403504e+01
1.0000000000e+00 0.0000000000e+00 1.0408224335e+04 1.8044438501e+03 4.6539443308e+03 1.7719780583e+04 3.6172972022e+05 3.4437900722e+04 -2.1725175851e+01 -3.5664895415e+01 5.3423474001e+01 -1.1579116683e+02 4.6228688551e+02 -1.1785554801e-13 6.1434071053e+00
1.0000000000e+00 0.0000000000e+00 3.0949126135e+03 1.5411830861e+04 8.4244678040e+02 4.7232501144e+03 2.2510719030e+05 1.8402012334e+04 -1.3808481538e+01 1.2227750059e+02 2.8005814747e+00 -6.6517351809e+01 3.3930423734e+02 -1.0952945749e-13 2.0928607334e+02
1.0000000000e+00 0.0000000000e+00 1.1469322095e+05 3.5677870870e+05 9.8320559184e+04 6.8865794745e+04 9.5295586080e+05 1.5527043980e+05 -9.3997038383e+01 5.9720258430e+02 -4.4583008320e+01 -1.5410241656e+02 8.8250439492e+02 -1.8002947628e-13 6.7036110186e+02
1.0000000000e+00 0.0000000000e+00 3.7191386435e+04 1.7749973549e+05 1.2975125259e+04 3.6852541471e+04 5.4547666639e+05 6.7727285700e+04 -5.7261287992e+01 4.1976328710e+02 -8.1995843928e+00 -1.3367697731e+02 6.4250696522e+02 -1.4599616177e-13 4.9366978019e+02
1.0000000000e+00 0.0000000000e+00 1.2794927213e+05 5.4049778439e+05 9.3139597596e+04 7.9816015384e+04 1.0299334944e+06 1.7225493678e+05 -1.0058759527e+02 7.3116512667e+02 -5.7192896694e+01 -1.6133814770e+02 9.1343568490e+02 -1.9466357953e-13 8.9456691488e+02
1.0000000000e+00 0.0000000000e+00 2.0993732565e+03 1.1635789261e+03 2.1385333970e+03 5.0212295574e+03 2.1322222714e+05 1.7591210859e+04 -2.0388218213e+00 4.6023233941e+00 2.0214256190e+01 -5.8783609291e+01 2.6225610837e+02 -1.0923520787e-13 8.0587810465e+01
1.0000000000e+00 0.0000000000e+00 2.0456195042e+04 4.4975676256e+04 1.8410801070e+04 1.2961293357e+04 4.0495887111e+05 4.3259902860e+04 -3.7347806224e+01 2.0840154285e+02 -6.1877142786e+00 -9.2851767240e+01 5.1061046927e+02 -1.3180827261e-13 2.9046969907e+02
1.0000000000e+00 0.0000000000e+00 1.1221855658e+04 2.8977648342e+04 6.2438909719e+03 2.4340600479e+04 5.0870866874e+05 4.9347183315e+04 -8.8084524933e+00 -1.6161622349e+02 6.5031658298e+01 -1.2808378981e+02 5.6317160720e+02 -1.1809643165e-13 -1.8825176284e+02
1.0000000000e+00 0.0000000000e+00 4.0645719541e+04 4.3647875643e+04 1.3565082143e+04 6.0259129706e+04 7.6138835605e+05 8.6465904265e+04 -6.0693768106e+01 2.0736710032e+02 5.0131407845e+01 -1.8438391430e+02 7.6577393052e+02 -1.5353557799e-13 2.1536519910e+02
1.0000000000e+00 0.0000000000e+00 2.7830506029e+04 9.2697361538e+04 4.0285974955e+03 4.7565475387e+04 9.1104113736e+05 8.9107164785e+04 -4.4085022774e+01 3.0022850363e+02 2.4845113831e+01 -1.7882601936e+02 8.2217209609e+02 -1.6651702744e-13 4.3352511877e+02
1.0000000000e+00 0.0000000000e+00 1.9058771037e+05 7.9660240365e+05 1.1719629964e+05 1.4966527755e+05 1.5232712372e+06 2.6006179131e+05 -1.2884645327e+02 8.8645138671e+02 -5.1630994928e+01 -2.1942591626e+02 1.1540909435e+03 -2.1974228724e-13 1.0618850546e+03
1.0000000000e+00 0.0000000000e+00 2.9172854080e+04 6.1577356250e+04 1.3967609363e+04 3.5377221945e+04 4.3117040833e+05 5.4064919704e+04 -5.4122659271e+01 2.4697498666e+02 1.2262918027e+01 -1.2002603957e+02 5.4667475383e+02 -1.3517997950e-13 2.6485903106e+02
1.0000000000e+00 0.0000000000e+00 1.6243330337e+04 6.8273962634e+03 8.6650317972e+03 2.7934214697e+04 5.5600444175e+05 5.4101152480e+04 -3.4373841738e+01 7.3444759747e+01 3.1707958391e+01 -1.3218372284e+02 6.3141980198e+02 -1.3113407738e-13 7.1120697208e+01
1.0000000000e+00 0.0000000000e+00 7.3863669035e+04 2.4334713858e+05 3.7697926538e+04 7.7579617881e+04 9.8862602422e+05 1.2986466917e+05 -8.2480676604e+01 4.9228412776e+02 -2.5071937495e+00 -1.8638340453e+02 9.0702438077e+02 -1.6903530084e-13 4.7998885084e+02
1.0000000000e+00 0.0000000000e+00 4.6043093126e+04 2.8507886357e+05 2.6281814882e+04 2.5094259546e+04 6.3669605162e+05 7.9604221490e+04 -5.4554935921e+01 5.2470997516e+02 -4.2601185392e+01 -1.1726943996e+02 6.7549669648e+02 -1.7531765689e-13 7.5043527264e+02
1.0000000000e+00 0.0000000000e+00 3.2015315201e+03 2.0393542674e+04 4.3061342343e+02 3.7893156749e+03 1.7673682516e+05 1.4795251393e+04 -1.1574466220e+01 1.1754437592e+02 3.1640608506e+00 -5.3909301392e+01 2.5569255621e+02 -1.1573439662e-13 2.9337933834e+02
1.0000000000e+00 0.0000000000e+00 4.5601053215e+04 2.1152566675e+05 2.0847813571e+04 3.9756189630e+04 5.5624152992e+05 7.4841433440e+04 -6.3453309069e+01 4.5286443323e+02 -1.6883174828e+01 -1.3107843338e+02 6.5634540957e+02 -1.5514997159e-13 6.0673480616e+02
1.0000000000e+00 0.0000000000e+00 3.1611886385e+04 1.0291742329e+04 1.2274216847e+04 6.2431475278e+04 9.6402117236e+05 9.8870538411e+04 -4.8475431610e+01 9.7385746087e+01 6.2679660038e+01 -1.9992579986e+02 8.7073165932e+02 -1.4850222574e-13 4.2250559003e+01
1.0000000000e+00 0.0000000000e+00 1.4746860231e+04 2.4893589337e+04 5.4970169793e+03 2.0051873875e+04 3.7386772392e+05 3.7814532634e+04 -3.7617140993e+01 1.5727140979e+02 1.9093137238e+01 -1.0567102034e+02 4.7237011350e+02 -1.3375962315e-13 2.2697243143e+02
1.0000000000e+00 0.0000000000e+00 6.1720322441e+03 3.0842244683e+04 9.5214841223e+02 1.1568523843e+04 4.2031139383e+05 3.5437350334e+04 -1.8242301704e+01 1.5670481799e+02 1.1083790816e+01 -1.0121188871e+02 4.9414236031e+02 -1.3860014261e-13 3.5901619897e+02
1.0000000000e+00 0.0000000000e+00 7.7857234541e+03 9.0452267394e+03 4.8390326261e+03 1.5592300407e+04 5.2494493083e+05 4.4891681268e+04 -1.3491048103e+01 -5.8390215860e+01 4.4886385293e+01 -1.1223049465e+02 5.0978045214e+02 -1.2433462231e-13 -3.3561169709e+02
1.0000000000e+00 0.0000000000e+00 6.0018473511e+03 1.0437906209e+04 3.9872815242e+03 1.9623834713e+04 4.4817238439e+05 4.1252706585e+04 -3.8337356344e+00 -9.9411935117e+01 5.2813110854e+01 -1.1717957278e+02 5.2242138555e+02 -1.1794313135e-13 -6.6199703679e+01
1.0000000000e+00 0.0000000000e+00 1.5962612830e+04 6.8018759372e+04 8.4151780062e+03 1.3117767738e+04 4.1376840677e+05 4.0754207524e+04 -3.3187498238e+01 2.5960619345e+02 -3.8413309533e+00 -9.7721627960e+01 4.9064882382e+02 -1.3847410796e-13 3.5939582185e+02
1.0000000000e+00 0.0000000000e+00 3.9141692973e+04 6.0429250984e+03 1.8440842653e+04 5.8949037146e+04 6.7282562032e+05 8.0158285931e+04 -5.5502224703e+01 1.4256341680e+00 7.6356881104e+01 -1.8212815858e+02 7.3400003348e+02 -1.2279559784e-13 -1.1933232555e+02
1.0000000000e+00 0.0000000000e+00 4.6773690191e+04 1.2008773398e+05 2.7664159844e+04 4.7237952265e+04 6.6445930520e+05 8.3918059781e+04 -6.6144211495e+01 3.4621495592e+02 2.5480881227e+00 -1.4757681676e+02 7.2116784024e+02 -1.5337410316e-13 3.8392798782e+02
1.0000000000e+00 0.0000000000e+00 2.9280812928e+04 2.7196862521e+04 1.0905585449e+04 5.6119184048e+04 9.8923732977e+05 9.7958584813e+04 -4.6926073051e+01 1.6339070005e+02 3.7509642633e+01 -1.8151588452e+02 8.5973486041e+02 -1.6434300855e-13 2.8515973893e+02
1.0000000000e+00 0.0000000000e+00 5.8991398728e+03 4.7029496730e+04 3.0928079134e+03 3.6805892822e+03 2.6907577613e+05 2.3422130784e+04 -1.2489644235e+01 2.0409776048e+02 -1.7739565348e+01 -5.4274038509e+01 3.2845842661e+02 -1.2911890709e-13 3.6591371705e+02
1.0000000000e+00 0.0000000000e+00 1.6797988335e+04 5.6027868826e+04 9.5340441936e+03 1.3955790711e+04 3.9588074756e+05 3.9819144983e+04 -3.5586816721e+01 2.3583045684e+02 -1.7475169455e+00 -9.8184756542e+01 4.9783053787e+02 -1.2922348557e-13 1.6428591518e+02
1.0000000000e+00 0.0000000000e+00 2.8628421525e+04 3.7115777971e+04 1.3385023293e+04 3.7857220574e+04 7.4780060229e+05 7.5021445507e+04 -5.1284393234e+01 1.8972675077e+02 2.7968453258e+01 -1.5608572512e+02 7.3054980422e+02 -1.6117517776e-13 3.2357266003e+02
1.0000000000e+00 0.0000000000e+00 6.2610402753e+03 9.2495002041e+03 2.5162855065e+03 9.6690557886e+03 2.6747744169e+05 2.3904934414e+04 -2.2556598169e+01 9.5073156825e+01 1.5306098177e+01 -8.3935472497e+01 3.9626415554e+02 -1.1403706148e-13 9.7499780524e+01
1.0000000000e+00 0.0000000000e+00 5.2494646524e+03 9.5283895229e+01 4.5484002234e+03 8.4839877799e+03 4.1763339155e+05 3.3891630716e+04 -1.5655705090e+01 2.2242742909e-02 2.5249464492e+01 -8.9328349695e+01 4.3870401930e+02 -1.3354201507e-13 4.5764488071e+01
1.0000000000e+00 0.0000000000e+00 1.9509474734e+04 1.3335295623e+05 1.0401778814e+04 8.9797822167e+03 4.5770370231e+05 4.5926750556e+04 -3.3808289781e+01 3.6115574497e+02 -2.9140586158e+01 -8.3826861087e+01 4.8469113913e+02 -1.6125130670e-13 4.7916510635e+02
1.0000000000e+00 0.0000000000e+00 1.0804431910e+04 2.2254589796e+04 5.4998034510e+03 1.7732695061e+04 3.7638038167e+05 3.6805483145e+04 -1.4022711618e+01 -1.4202267247e+02 6.5372460695e+01 -1.1645781143e+02 4.6841452636e+02 -1.1039881861e-13 -1.5762548505e+02
1.0000000000e+00 0.0000000000e+00 1.0786998418e+04 1.2728134227e+04 6.8633456345e+03 1.2179507837e+04 3.6158004235e+05 3.3415468511e+04 -2.2056924485e+01 -5.7160749842e+01 4.7419232431e+01 -1.0405699786e+02 4.3769233118e+02 -1.0631583153e-13 -2.3427953602e+02
1.0000000000e+00 0.0000000000e+00 2.8365819437e+03 1.3375413656e+04 6.1956787975e+02 7.5781004560e+03 2.4604692007e+05 2.0904501237e+04 -8.2096253624e+00 1.0415236276e+02 1.4302065309e+00 -6.7290057180e+01 3.6661392186e+02 -1.1811176005e-13 2.9445067995e+02
1.0000000000e+00 0.0000000000e+00 1.5482602481e+04 6.1788227775e+02 7.9951470543e+03 2.1827757705e+04 3.6528780870e+05 3.7916416666e+04 -3.1171104403e+01 -1.2189512474e+01 5.3511372184e+01 -1.2004539972e+02 4.7305754744e+02 -1.1637437196e-13 -2.6689609629e+01
1.0000000000e+00 0.0000000000e+00 1.9079265571e+04 6.5344257863e+02 6.2785533385e+03 4.9272525183e+04 6.4812416377e+05 6.8611708952e+04 -1.8622632566e+01 -2.6957337430e+00 6.7258114548e+01 -1.6525362514e+02 6.8190107466e+02 -1.2555660357e-13 -9.8808431544e+01
1.0000000000e+00 0.0000000000e+00 1.1219588902e+04 3.0849884840e+02 4.6921106203e+03 1.8784026955e+04 3.9824665404e+05 3.7317695050e+04 -2.4642721849e+01 -1.5622348068e+00 5.0639851123e+01 -1.2068522714e+02 4.8794667891e+02 -1.1715134243e-13 -6.1664170061e+01
1.0000000000e+00 0.0000000000e+00 1.5657762543e+04 1.6259561826e+04 1.3585964670e+04 1.1599777293e+04 3.1859953066e+05 3.3335198305e+04 -3.3406940903e+01 1.2393712052e+02 6.4906678269e+00 -8.3020127219e+01 4.2538028185e+02 -1.2304709398e-13 9.4158861259e+01
1.0000000000e+00 0.0000000000e+00 4.4540105770e+04 1.6166556683e+05 2.1166620709e+04 4.2300797221e+04 7.5653977474e+05 8.7134798437e+04 -6.1204500407e+01 3.9127642246e+02 -4.1841284201e-01 -1.5354148111e+02 7.4713676878e+02 -1.7011723901e-13 5.3427013538e+02
1.0000000000e+00 0.0000000000e+00 2.4963971996e+04 4.9384501478e+04 1.5744664496e+04 3.5754052726e+04 4.6442935402e+05 5.6635156970e+04 -1.6538656292e+01 -2.2118316363e+02 9.7000868885e+01 -1.5227849784e+02 5.6474607703e+02 -1.0643884189e-13 -1.8231240286e+02
1.0000000000e+00 0.0000000000e+00 5.9091540640e+04 1.5266550050e+05 3.0359689395e+04 6.8981264066e+04 8.9222527483e+05 1.1184316120e+05 -7.4794140200e+01 3.9059419024e+02 9.6767993474e+00 -1.7906822281e+02 8.5455092448e+02 -1.6471738029e-13 4.5693471284e+02
1.0000000000e+00 0.0000000000e+00 9.3902607908e+03 2.0637820976e+03 2.1264868489e+03 1.5406199999e+04 2.4369169917e+05 2.4375830034e+04 -2.7461998856e+01 4.4421090156e+01 3.5085084406e+01 -9.4033889281e+01 3.7464302909e+02 -1.0702574041e-13 1.1151865179e+02
1.0000000000e+00 0.0000000000e+00 1.4990062917e+04 3.0271002390e+03 6.5943548045e+03 2.7871046926e+04 5.6221739355e+05 5.3409824109e+04 -3.2188768272e+01 3.9670054440e+01 4.4256900530e+01 -1.3914975675e+02 6.2266516703e+02 -1.2955234958e-13 5.1590414538e+00
1.0000000000e+00 0.0000000000e+00 2.2040346851e+04 2.5651064562e+04 1.2947065090e+04 2.7378357350e+04 4.4338781594e+05 4.9052417974e+04 -4.4485059104e+01 1.5884290657e+02 2.2299961602e+01 -1.2161074009e+02 5.5782293131e+02 -1.2986750227e-13 1.7981810563e+02
1.0000000000e+00 0.0000000000e+00 1.4513467153e+04 1.1315479174e+04 6.6372800835e+03 1.9558754256e+04 2.9810597706e+05 3.2315662987e+04 -2.8737732297e+01 -7.4572849113e+01 5.9364935306e+01 -1.1275451256e+02 4.3240939249e+02 -9.6000141191e-14 -2.5558811504e+02
1.0000000000e+00 0.0000000000e+00 2.4246866425e+04 1.4500641456e+05 1.7213575244e+04 1.6125133417e+04 6.2652773371e+05 6.4025777618e+04 -3.3218475603e+01 3.7864222956e+02 -3.2627321600e+01 -1.0870577222e+02 6.6143656152e+02 -1.5009776272e-13 4.0899083565e+02
1.0000000000e+00 0.0000000000e+00 2.1580043328e+04 3.7920408365e+04 1.9872122226e+04 3.3740058501e+04 5.5642912480e+05 6.3124462384e+04 -1.0081649746e+00 -1.9410015495e+02 9.1475560902e+01 -1.5209898859e+02 5.7903187549e+02 -1.1740239243e-13 -2.4228201442e+02
1.0000000000e+00 0.0000000000e+00 2.2271550740e+04 7.1884364321e+04 1.7133842824e+04 2.6598997284e+04 4.6881192144e+05 5.4502126118e+04 -7.7760649831e+00 -2.5347100815e+02 9.7835951722e+01 -1.4396683892e+02 5.2726375605e+02 -1.0623353123e-13 -4.3212554045e+02
1.0000000000e+00 0.0000000000e+00 1.5539764270e+04 1.0205000793e+05 9.8503099724e+03 6.5844040997e+03 3.0988656123e+05 3.3115132639e+04 -2.7978788149e+01 3.1628471635e+02 -2.7680394455e+01 -7.2366080138e+01 4.3128630139e+02 -1.1921524607e-13 2.3126473746e+02
1.0000000000e+00 0.0000000000e+00 2.0100720920e+04 6.2051016264e+04 1.0466211971e+04 1.8722002676e+04 4.1428047143e+05 4.3911725884e+04 -4.2086785097e+01 2.4637975075e+02 2.0204543830e+00 -1.0854813007e+02 5.3559375054e+02 -1.2974951369e-13 2.3151596942e+02
1.0000000000e+00 0.0000000000e+00 1.3496510097e+05 4.6251969495e+05 8.5017231654e+04 1.1187638246e+05 1.2115730601e+06 1.9160995578e+05 -1.1184137946e+02 6.7414993045e+02 -2.8489316987e+01 -1.9618051807e+02 1.0056473831e+03 -2.0364542171e-13 9.0217259434e+02
1.0000000000e+00 0.0000000000e+00 1.1136065675e+04 1.4333346919e+04 7.5974289817e+03 2.6522539684e+04 5.4663901573e+05 5.2744007912e+04 -7.0905808860e+00 8.5316543174e+01 4.0479828040e+01 -1.3344157762e+02 5.7492288903e+02 -1.4493265402e-13 2.6660086208e+02
1.0000000000e+00 0.0000000000e+00 2.7376527083e+04 4.3106852694e+04 9.4750735606e+03 4.0205912047e+04 6.9187408421e+05 7.0932760470e+04 -5.0328446911e+01 2.0622550404e+02 2.8508596976e+01 -1.5514710529e+02 7.0864212590e+02 -1.5202265781e-13 3.5143757273e+02
1.0000000000e+00 0.0000000000e+00 2.0802111307e+04 9.8425351374e+04 9.9723398786e+03 1.6614769110e+04 3.4790066749e+05 4.0080798842e+04 -4.2601759691e+01 3.1243583944e+02 -1.3672655601e+01 -9.1658202053e+01 4.7403809473e+02 -1.3398234422e-13 3.8139710178e+02
1.0000000000e+00 0.0000000000e+00 1.1300015520e+04 3.2260499314e+04 3.2882845610e+03 1.6822418593e+04 4.0880082483e+05 3.8116116008e+04 -3.0452265997e+01 1.7793146612e+02 1.3912554549e+01 -1.1170111825e+02 5.3091774223e+02 -1.2448287070e-13 2.0448060306e+02
1.0000000000e+00 0.0000000000e+00 2.8382115570e+04 4.9171776164e+04 1.5135627666e+04 3.7796883585e+04 5.2060291394e+05 6.1064031613e+04 -5.1562674948e+01 2.2112094640e+02 1.8022280015e+01 -1.3721465198e+02 6.4433642732e+02 -1.3027871438e-13 1.7753261709e+02
1.0000000000e+00 0.0000000000e+00 5.7769036877e+03 2.1565865916e+03 7.6071315484e+03 5.3736725793e+03 2.3842803347e+05 2.1852467977e+04 -1.3791862154e+01 1.3224617037e+01 6.1798541558e+00 -6.1312250272e+01 3.6286432164e+02 -1.0215349465e-13 -2.9217663139e+01
1.0000000000e+00 0.0000000000e+00 9.0969442972e+03 1.9300525970e+04 4.8441414435e+03 8.6614920293e+03 2.3355885967e+05 2.2668727868e+04 -2.8903193397e+01 1.3748976689e+02 4.9504307020e+00 -6.8750739312e+01 3.2935106231e+02 -1.2140223013e-13 2.2841719994e+02
1.0000000000e+00 0.0000000000e+00 2.0011046818e+03 1.7380526878e+04 1.8157894122e+02 2.3413480864e+04 6.3901652340e+05 5.4505304694e+04 5.0554091677e+00 1.0565979524e+02 1.4580161460e-01 -9.5309253495e+01 5.6210921497e+02 -1.5892629834e-13 4.2990746817e+02
1.0000000000e+00 0.0000000000e+00 6.7134926562e+03 2.7117539991e+03 4.3191406394e+03 1.1892553212e+04 3.5770419565e+05 3.1432726520e+04 -1.5892668608e+01 -4.5884421285e+01 4.1204068288e+01 -9.9828108976e+01 4.4080218342e+02 -1.1828838224e-13 -9.1753731255e+01
1.0000000000e+00 0.0000000000e+00 1.1252496155e+04 2.5235193395e+03 1.0954881935e+04 2.6713654426e+04 5.1409971746e+05 5.1504939310e+04 6.9104229829e-01 2.9748719898e+01 4.8875011894e+01 -1.3106863360e+02 5.4603487689e+02 -1.3005577489e-13 1.0264150424e+02
1.0000000000e+00 0.0000000000e+00 5.8868446661e+04 1.2359446876e+05 3.7977966159e+04 5.5883206584e+04 7.9769900329e+05 1.0140856021e+05 -7.3494045990e+01 3.5055870578e+02 6.6173059737e+00 -1.6028505509e+02 7.7732912585e+02 -1.5746875539e-13 2.8395644195e+02
1.0000000000e+00 0.0000000000e+00 1.3463870346e+04 8.6104037244e+03 7.6327138985e+03 2.2342320391e+04 3.8395202738e+05 3.9643607143e+04 -2.1678969301e+01 -8.8258461507e+01 6.2080171396e+01 -1.2681427056e+02 5.1959619380e+02 -1.0309680239e-13 -1.7160789158e+02
1.0000000000e+00 0.0000000000e+00 1.4559272494e+04 6.1469949717e+03 8.9626432093e+03 1.8495327049e+04 2.9178779339e+05 3.2156574217e+04 -2.8284052028e+01 -6.5398968127e+01 5.6557690827e+01 -1.0934987013e+02 4.2076477177e+02 -1.0016199770e-13 -2.0805401570e+02
1.0000000000e+00 0.0000000000e+00 1.0038595587e+04 6.5104375468e+03 6.9924468178e+03 1.6865390101e+04 3.5095533582e+05 3.4567786351e+04 -1.6483346918e+01 -7.2596897977e+01 5.4571708857e+01 -1.1526968715e+02 4.7858651172e+02 -1.0700607952e-13 -8.3897127850e+00
1.0000000000e+00 0.0000000000e+00 4.8641082620e+03 1.2219902278e+04 5.8768756524e+03 2.8809836416e+03 1.9131112100e+05 1.7308215246e+04 -1.0686411512e+01 1.0340413415e+02 -1.1973599828e+01 -4.2421999860e+01 2.8588590706e+02 -1.0301907882e-13 5.1530815290e+01
1.0000000000e+00 0.0000000000e+00 3.6357388145e+04 1.3973158031e+05 1.3310056202e+04 4.5094840866e+04 7.6003205800e+05 8.4161145876e+04 -5.6281779306e+01 3.7082692517e+02 4.4558755082e+00 -1.6007749617e+02 7.7487887822e+02 -1.6241199671e-13 5.0434696177e+02
1.0000000000e+00 0.0000000000e+00 1.7516794285e+04 3.1078800419e+04 2.5271091311e+04 1.0465850979e+04 5.1652559251e+05 5.1905298694e+04 -1.5188589856e+01 1.5916794843e+02 -2.5940710274e+01 -7.2262131365e+01 5.3500257770e+02 -1.3092924666e-13 -4.5232158188e+01
1.0000000000e+00 0.0000000000e+00 3.5294199601e+04 8.7072610907e+04 8.9666295879e+03 5.1603458580e+04 8.4043377456e+05 8.8034496105e+04 -5.5200984817e+01 2.9174680254e+02 3.2731482602e+01 -1.8286150516e+02 8.0499524780e+02 -1.5949741519e-13 3.5288731305e+02
1.0000000000e+00 0.0000000000e+00 1.8154883403e+05 5.9123722932e+05 1.3932249502e+05 1.2238860400e+05 1.2675545120e+06 2.2990678217e+05 -1.2252651150e+02 7.6772685336e+02 -5.2614123030e+01 -1.8637438667e+02 1.0255142384e+03 -2.0926059806e-13 8.8845093001e+02
1.0000000000e+00 0.0000000000e+00 1.9522800204e+05 9.3044856653e+05 1.5247251620e+05 9.2101826095e+04 1.5091426773e+06 2.5491093303e+05 -1.1545574558e+02 9.5961688280e+02 -9.3658218851e+01 -1.8214706967e+02 1.1190146012e+03 -2.3584169536e-13 1.2463941774e+03
1.0000000000e+00 0.0000000000e+00 8.8929651923e+04 3.8208381315e+05 5.1163144033e+04 7.3129924475e+04 1.2085434473e+06 1.5531236881e+05 -8.6257027468e+01 6.0815167874e+02 -2.6986532188e+01 -1.8767676374e+02 9.8738938803e+02 -1.9786329366e-13 7.8980778513e+02
1.0000000000e+00 0.0000000000e+00 1.4290146742e+04 2.3938642197e+03 1.1074167672e+04 1.9475122117e+04 3.5919753929e+05 3.7858144917e+04 -1.5991142711e+01 1.7555572012e-01 5.8732414460e+01 -1.2771763178e+02 4.8207962665e+02 -1.1751355427e-13 1.6219426386e+02
1.0000000000e+00 0.0000000000e+00 5.4410032911e+04 3.5505505556e+05 2.9905149698e+04 2.8720401996e+04 8.1720145323e+05 9.8408444755e+04 -5.8204887859e+01 5.8685190503e+02 -4.6957982443e+01 -1.3481152065e+02 7.7564761231e+02 -1.7896210702e-13 7.0781704029e+02
1.0000000000e+00 0.0000000000e+00 7.1699998491e+04 6.0227757538e+04 3.4438668024e+04 9.1885003365e+04 1.2282464581e+06 1.4198581563e+05 -8.1802311936e+01 2.3683975084e+02 5.7312037621e+01 -2.2548212866e+02 9.7437480030e+02 -1.7657392654e-13 1.9991769790e+02
1.0000000000e+00 0.0000000000e+00 1.4373961836e+04 1.7610557996e+04 1.6419762864e+04 1.2270822937e+04 4.5374172022e+05 4.4016686169e+04 -2.7610786812e+01 1.1666609323e+02 2.0145414726e+00 -9.5928611044e+01 5.4620033135e+02 -1.2227945589e-13 -3.3520530929e+01
1.0000000000e+00 0.0000000000e+00 5.2985285022e+03 2.5759746442e+04 3.8669198375e+03 9.9166806496e+03 1.9114211452e+05 2.0281655379e+04 8.3390505486e+00 1.5722543358e+02 -2.1756873608e+01 -3.6543552135e+01 2.6948141010e+02 -1.1115976739e-13 2.2751785050e+02
1.0000000000e+00 0.0000000000e+00 2.6975615801e+03 3.3030359463e+03 1.5160687240e+03 3.5979751391e+03 1.6163473893e+05 1.3315393271e+04 -1.1517797209e+01 -9.9610045328e-01 2.1204996829e+01 -5.5287409110e+01 2.3651921489e+02 -9.5854142075e-14 -1.4048654841e+02
1.0000000000e+00 0.0000000000e+00 4.2746261485e+04 1.0474881431e+05 9.6296346379e+03 6.7135495291e+04 9.7534756418e+05 1.0529236170e+05 -6.1059902261e+01 3.2296596792e+02 2.6390933510e+01 -1.8878951404e+02 8.6252445671e+02 -1.6283183762e-13 3.1648852718e+02
1.0000000000e+00 0.0000000000e+00 8.3855557598e+03 1.3038096008e+04 4.6823694175e+03 2.0005952158e+04 4.4460874077e+05 4.1614082910e+04 -1.0198801694e+01 -1.0887358080e+02 6.0018824890e+01 -1.2354983555e+02 5.2602443793e+02 -1.1703865459e-13 -7.9799753829e+01
1.0000000000e+00 0.0000000000e+00 1.2897176120e+04 3.8894851825e+03 4.7220119995e+03 2.7203550150e+04 4.6131820558e+05 4.5557080302e+04 -2.5054910222e+01 5.8444234029e+01 4.8862863741e+01 -1.3728564582e+02 5.6680285124e+02 -1.2342875843e-13 1.2767229003e+01
1.0000000000e+00 0.0000000000e+00 1.6629535855e+03 1.0091110629e+04 1.4985809940e+03 3.5690883599e+03 2.1035178409e+05 1.6907300013e+04 -2.8232735975e+00 9.7938249430e+01 -1.1152407267e+01 -3.8910515131e+01 2.6103544816e+02 -1.1542799540e-13 1.6445397018e+02
1.0000000000e+00 0.0000000000e+00 1.9794686766e+04 1.6921829168e+04 1.2342091338e+04 2.5941987661e+04 5.7832197919e+05 5.6785884324e+04 -3.1269039686e+01 -8.9978683388e+01 6.7759594735e+01 -1.4650289435e+02 6.1682637402e+02 -1.2828005216e-13 -1.4252444179e+02
1.0000000000e+00 0.0000000000e+00 1.1664404765e+04 1.3497309496e+05 3.4612138428e+03 1.1171702421e+04 4.7319196915e+05 4.5047814132e+04 -1.1444421756e+01 3.3818730335e+02 -3.4186741863e+01 -8.1303402655e+01 5.1696234500e+02 -1.6062248519e-13 6.4188949397e+02
1.0000000000e+00 0.0000000000e+00 1.1224970555e+04 5.5396355772e+04 5.6959486357e+02 2.1790229153e+04 5.2027683116e+05 4.7832898215e+04 -2.2726446620e+01 2.1624776616e+02 1.5886289111e+01 -1.2411532056e+02 5.7354467977e+02 -1.5106485851e-13 4.3543824251e+02
1.0000000000e+00 0.0000000000e+00 8.2995102946e+04 4.1571083662e+05 4.7122841574e+04 6.1418081179e+04 9.4642747592e+05 1.3230853333e+05 -8.1593164067e+01 6.4122936450e+02 -3.9791729717e+01 -1.6314792991e+02 8.8022509574e+02 -1.7656021890e-13 7.4711390274e+02
1.0000000000e+00 0.0000000000e+00 9.1671925323e+04 2.4065544893e+05 6.5347509112e+04 7.9216308848e+04 9.8030106877e+05 1.4183097489e+05 -9.2451785685e+01 4.8904721300e+02 -1.3565446476e+01 -1.7130366626e+02 8.7890008841e+02 -1.8248779892e-13 6.1171718466e+02
1.0000000000e+00 0.0000000000e+00 2.4705706458e+04 2.4261451984e+04 2.3913473926e+04 1.7441292442e+04 4.8039444300e+05 5.1706796962e+04 -4.3661203275e+01 1.4780257668e+02 6.7910450109e+00 -1.0720792412e+02 5.6851477093e+02 -1.3604495460e-13 2.1669325891e+02
1.0000000000e+00 0.0000000000e+00 2.5394062818e+04 1.7037844748e+05 1.3893242784e+04 1.3221169017e+04 3.7584325664e+05 4.5675576009e+04 -3.9659109632e+01 4.0771909893e+02 -3.4291691627e+01 -8.4991051564e+01 4.9128369512e+02 -1.3963745140e-13 4.7180614703e+02
1.0000000000e+00 0.0000000000e+00 6.0580838496e+03 2.1878771220e+04 2.2375163494e+03 8.8847196276e+03 4.0684401669e+05 3.3428630201e+04 -1.6004245905e+01 1.4266789145e+02 1.3933608544e+01 -9.1433708435e+01 4.2046346388e+02 -1.3068966897e-13 4.5938737433e+01
1.0000000000e+00 0.0000000000e+00 6.2540699791e+03 8.1388833787e+03 5.5173350427e+03 6.1414017980e+03 2.8798338396e+05 2.4927771108e+04 -1.4010429144e+01 -7.0167145862e+01 3.4971378920e+01 -7.6467793279e+01 3.4155952694e+02 -1.0498761625e-13 -1.6931319619e+02
1.0000000000e+00 0.0000000000e+00 1.1839458312e+04 7.4420388735e+03 5.5611507130e+03 2.7415556258e+04 4.3382311246e+05 4.4341129031e+04 -1.3423678648e+01 -8.1123103700e+01 6.6266655029e+01 -1.3422329497e+02 5.3732615070e+02 -1.1019940387e-13 -1.3099288965e+02
1.0000000000e+00 0.0000000000e+00 2.1999259529e+04 3.8568908019e+04 4.8487932295e+03 4.0644768056e+04 6.4520214287e+05 6.5773247993e+04 -4.2340618289e+01 1.9605844920e+02 3.3816591861e+01 -1.5627568802e+02 6.8968741676e+02 -1.4099944127e-13 1.6798564619e+02
1.0000000000e+00 0.0000000000e+00 1.4324920020e+04 7.0040965655e+03 1.2348983668e+04 1.2406972766e+04 3.4153229741e+05 3.4251517789e+04 -3.1548087736e+01 -4.2988472545e+00 3.0926804285e+01 -9.5657275536e+01 4.4804385885e+02 -1.0964370275e-13 -1.6657590327e+02
1.0000000000e+00 0.0000000000e+00 8.8680241963e+03 1.3049787624e+04 7.3566738164e+03 4.2675513134e+04 6.9976580071e+05 7.0180076095e+04 1.0940667004e+01 7.9670178872e+01 3.0045165653e+01 -1.3268786594e+02 6.4088739721e+02 -1.5797337672e-13 3.1557772301e+02
1.0000000000e+00 0.0000000000e+00 1.8256366499e+04 1.4439195091e+04 1.6171264631e+04 1.5046675118e+04 3.7814937014e+05 3.9923553357e+04 -3.8114267105e+01 1.1917134237e+02 1.2268202814e+01 -9.9173583032e+01 5.0045496103e+02 -1.2591593981e-13 1.8008198331e+02
1.0000000000e+00 0.0000000000e+00 1.3171566913e+03 1.0347421413e+04 2.2674117728e+02 2.6277394878e+03 1.5611942064e+05 1.2298400304e+04 -5.0478132528e+00 9.9903228069e+01 3.8056520818e-01 -4.4010853699e+01 2.1996157343e+02 -1.0556232716e-13 1.3161627897e+02
1.0000000000e+00 0.0000000000e+00 1.7963468668e+03 3.8239582488e+03 1.1327523230e+03 4.8690772297e+03 1.7078822232e+05 1.4366353443e+04 -1.6804888981e+00 4.4513276018e+01 1.4231687862e+01 -5.7078247521e+01 2.5977893494e+02 -1.1377360841e-13 2.2726403254e+02
1.0000000000e+00 0.0000000000e+00 3.1271757288e+04 1.4432391371e+05 1.4750679527e+04 2.4777317050e+04 4.5696311334e+05 5.5437824796e+04 -5.0901625230e+01 3.7589877707e+02 -1.4805893304e+01 -1.0593395491e+02 5.3059730208e+02 -1.5689440276e-13 4.9819832177e+02
1.0000000000e+00 0.0000000000e+00 3.0466737466e+04 5.2615189221e+04 9.2645481236e+03 4.6809400813e+04 8.3979805031e+05 8.4247696318e+04 -5.1799438920e+01 2.2299920204e+02 3.0818621047e+01 -1.7134897213e+02 7.9042339945e+02 -1.6477090002e-13 4.1450268273e+02
1.0000000000e+00 0.0000000000e+00 2.7273080760e+03 1.5287048418e+03 6.7096099208e+02 5.2413147910e+03 2.0128167237e+05 1.6273028196e+04 -1.1408594858e+01 3.7722268375e+01 1.5633812186e+01 -6.2154204964e+01 2.8991284440e+02 -1.0217739023e-13 3.7270890613e-01
1.0000000000e+00 0.0000000000e+00 1.6327178499e+04 5.8931114545e+04 1.0785935524e+04 1.2258602081e+04 3.7197546215e+05 3.8127145049e+04 -3.6175210966e+01 2.3776753161e+02 -8.1451982178e+00 -8.9813975792e+01 4.8113378226e+02 -1.3426938317e-13 3.5354948139e+02
1.0000000000e+00 0.0000000000e+00 5.1309583768e+04 1.6574854021e+05 1.8325921051e+04 6.1857848468e+04 9.3203894000e+05 1.0675958782e+05 -6.9876544081e+01 3.9669906801e+02 1.2531003979e+01 -1.7754672655e+02 8.2153823071e+02 -1.8799897061e-13 6.3704875195e+02
1.0000000000e+00 0.0000000000e+00 4.5338866291e+03 1.4902979679e+04 3.2600121191e+03 3.7668697644e+03 1.9461562777e+05 1.6935704893e+04 -1.6171420542e+01 1.2189739162e+02 -3.6462928283e+00 -5.4834126151e+01 3.0235770963e+02 -1.0571906092e-13 1.2094597765e+02
1.0000000000e+00 0.0000000000e+00 1.0810587844e+05 4.2418378526e+05 7.6716247145e+04 7.3236200262e+04 8.7514780852e+05 1.4603469473e+05 -9.3475689372e+01 6.5059631457e+02 -4.4798646527e+01 -1.5286196484e+02 8.3627389542e+02 -1.8653399633e-13 7.3005054075e+02
1.0000000000e+00 0.0000000000e+00 9.9271025913e+03 7.0850931933e+04 2.1403692837e+03 1.6129206671e+04 4.9911709952e+05 4.5291586645e+04 -1.9700647972e+01 2.6212501005e+02 -4.1608016916e+00 -1.0767769337e+02 5.5777795550e+02 -1.4584902044e-13 3.7858918893e+02
1.0000000000e+00 0.0000000000e+00 1.3828733809e+05 3.9893740740e+05 8.0162994707e+04 1.4446741866e+05 1.3801293121e+06 2.1244598545e+05 -1.1565185921e+02 6.3065009359e+02 -6.7596292839e+00 -2.2605162204e+02 1.0991939599e+03 -1.8936627199e-13 6.4358211023e+02
1.0000000000e+00 0.0000000000e+00 1.7315999936e+05 6.0025588854e+05 1.1591802460e+05 1.4127706408e+05 1.5399166373e+06 2.4712365564e+05 -1.2465064007e+02 7.7006800356e+02 -3.7207766020e+01 -2.2124158315e+02 1.1594595357e+03 -2.1124159094e-13 9.3616128060e+02
1.0000000000e+00 0.0000000000e+00 2.6554894912e+04 2.5580728754e+04 1.2769959376e+04 3.8583809789e+04 5.8206894543e+05 6.3367148275e+04 -3.7501151748e+01 -1.2578996875e+02 8.2210646110e+01 -1.6337148644e+02 6.6395310090e+02 -1.1153633356e-13 -2.1047636811e+02
1.0000000000e+00 0.0000000000e+00 5.6371106350e+04 5.5129672500e+04 1.6833528705e+04 8.6171663324e+04 1.1372778284e+06 1.2544230283e+05 -7.2581972205e+01 2.3121368509e+02 5.9665516664e+01 -2.2175051947e+02 9.3834143407e+02 -1.6192913700e-13 8.9502303174e+01
1.0000000000e+00 0.0000000000e+00 5.6618578220e+04 9.8542586027e+04 3.0997982003e+04 6.4418484476e+04 7.9582927115e+05 1.0089398486e+05 -7.4034165676e+01 3.1109245884e+02 2.2015673745e+01 -1.7266309649e+02 7.9088280839e+02 -1.6315723374e-13 4.0685903683e+02
1.0000000000e+00 0.0000000000e+00 5.9832594183e+03 5.2993973943e+03 3.3074653728e+03 1.0582105895e+04 2.9352391442e+05 2.6215322215e+04 -1.5433644231e+01 -5.0740596124e+01 3.6771421561e+01 -8.9607626676e+01 4.0407220640e+02 -1.0555401664e-13 -1.2416986125e+02
1.0000000000e+00 0.0000000000e+00 3.2580419455e+04 7.4450748703e+04 1.6725071431e+04 3.9489989179e+04 6.0076160678e+05 6.9156851613e+04 -5.5169399543e+01 2.7232152957e+02 1.0543337824e+01 -1.3974980283e+02 6.7165477675e+02 -1.4751325489e-13 3.1074679071e+02
1.0000000000e+00 0.0000000000e+00 3.5330943325e+04 3.7047685910e+03 1.6772168976e+04 4.9491341645e+04 6.8397931477e+05 7.5796850926e+04 -5.4486969162e+01 4.9335955771e+01 6.4248854874e+01 -1.7232959678e+02 7.1048847281e+02 -1.4112574663e-13 1.9694331583e+01
1.0000000000e+00 0.0000000000e+00 1.6855481707e+05 3.5879303663e+05 9.3857940791e+04 1.8903589086e+05 1.5799028950e+06 2.4995347142e+05 -1.3074709847e+02 5.9639991095e+02 1.6006639542e+01 -2.5569136469e+02 1.1777379103e+03 -2.1186537972e-13 7.9445388209e+02
1.0000000000e+00 0.0000000000e+00 7.0371452218e+04 3.0812179489e+05 4.7249214707e+04 4.6211850146e+04 5.9499981919e+05 9.6527485537e+04 -7.6140213569e+01 5.5263302011e+02 -4.0329895031e+01 -1.2335527932e+02 6.8131580605e+02 -1.6267422558e-13 6.5617318002e+02
1.0000000000e+00 0.0000000000e+00 3.6441083852e+04 1.9134961689e+05 1.5770527857e+04 3.0433429512e+04 7.5774570753e+05 8.0992033090e+04 -5.3551688393e+01 4.2974862734e+02 -1.5932157955e+01 -1.3899183074e+02 7.2045408304e+02 -1.8140470014e-13 5.9945355832e+02
1.0000000000e+00 0.0000000000e+00 6.8087953722e+04 9.8772266833e+04 2.0404215453e+04 9.8767370661e+04 1.5198006858e+06 1.6056455755e+05 -7.9969431273e+01 3.1279670933e+02 5.5486227460e+01 -2.4459172920e+02 1.0586808447e+03 -1.9986195419e-13 3.5511379857e+02
1.0000000000e+00 0.0000000000e+00 1.3072130302e+04 9.0584288630e+04 9.1892959767e+03 4.8985393273e+03 2.9009723296e+05 3.0169605768e+04 -2.0199044447e+01 3.0074306497e+02 -2.8567477334e+01 -6.0560976327e+01 3.6903806394e+02 -1.3568063402e-13 3.1383942636e+02
1.0000000000e+00 0.0000000000e+00 7.3642529532e+04 1.5803870519e+05 5.0166525206e+04 7.3721480413e+04 9.4423486852e+05 1.2628900346e+05 -8.1526023223e+01 3.9724078364e+02 4.6105116024e+00 -1.7905354752e+02 8.8203465393e+02 -1.6172670530e-13 3.5436248656e+02
1.0000000000e+00 0.0000000000e+00 1.5042106869e+04 1.2993012248e+04 5.8771891721e+03 2.7973791559e+04 7.2463165287e+05 6.4564073449e+04 -3.3006711243e+01 1.1116492137e+02 3.5524449363e+01 -1.4960075357e+02 6.9630831854e+02 -1.4844241650e-13 2.1361177773e+02
1.0000000000e+00 0.0000000000e+00 7.1167544486e+04 3.9729794765e+04 4.1020509186e+04 9.6578441091e+04 1.1330778768e+06 1.3953037003e+05 -5.7564856757e+01 -1.9423541344e+02 1.3638560079e+02 -2.5096597544e+02 9.5596968784e+02 -1.4050794178e-13 -2.8705623334e+02
1.0000000000e+00 0.0000000000e+00 1.5824287620e+04 1.3250689994e+04 1.4641346719e+04 1.4998614801e+04 5.1279558216e+05 4.8239747981e+04 -3.0218312547e+01 1.1201643228e+02 1.2869547524e+01 -1.0536898108e+02 5.4351490290e+02 -1.5019311095e-13 2.0579002543e+02
1.0000000000e+00 0.0000000000e+00 3.1473354207e+04 7.8166397274e+04 1.6162317934e+04 3.7687248122e+04 6.4573382930e+05 7.1307720637e+04 -5.3533208938e+01 2.7898538087e+02 8.8133471381e+00 -1.4288523751e+02 6.9892064965e+02 -1.4945833582e-13 3.7396798568e+02
1.0000000000e+00 0.0000000000e+00 4.0685406902e+04 2.5681228485e+05 8.1890721452e+03 5.2438392586e+04 1.0821074682e+06 1.1272906861e+05 -5.2162832969e+01 4.9449690370e+02 -1.0378799053e+01 -1.7720959611e+02 8.9417289037e+02 -1.9085676504e-13 6.7123817818e+02
1.0000000000e+00 0.0000000000e+00 2.1950822164e+04 2.4750507971e+04 2.5863139589e+04 1.0573233053e+04 3.3208133587e+05 3.9490360503e+04 -3.5790593414e+01 1.4773999026e+02 -6.7202116528e+00 -7.6310214394e+01 4.4743400013e+02 -1.1810540929e-13 3.1326435629e+01
1.0000000000e+00 0.0000000000e+00 6.5739047208e+04 3.3117541140e+05 3.3062123488e+04 5.6439864773e+04 8.5223380832e+05 1.1347854463e+05 -7.2770130975e+01 5.6735170151e+02 -2.7430894850e+01 -1.5915522767e+02 8.2849815085e+02 -1.8231615870e-13 7.8506563604e+02
1.0000000000e+00 0.0000000000e+00 2.3167464997e+04 9.2124499127e+04 8.1127067100e+03 2.7431421313e+04 5.3318606229e+05 5.6320755949e+04 -4.3253901053e+01 2.9855423223e+02 6.5069102791e+00 -1.3075616008e+02 6.1776629295e+02 -1.5605467143e-13 5.0158121217e+02
1.0000000000e+00 0.0000000000e+00 9.3592327989e+04 4.1647006444e+05 4.1448595379e+04 9.1696980185e+04 1.4089798952e+06 1.7470271904e+05 -9.0399480133e+01 6.3511582936e+02 -1.6296751234e+01 -2.1453479910e+02 1.0796080845e+03 -2.0605346311e-13 8.4025963625e+02
1.0000000000e+00 0.0000000000e+00 1.9134084076e+04 1.5483196113e+03 5.4099097362e+03 3.7142657179e+04 5.7553672354e+05 5.7914392370e+04 -3.5138246892e+01 2.9192617926e+01 5.8957011131e+01 -1.5635616990e+02 6.5183277583e+02 -1.2430786156e-13 -9.9326609815e+00
1.0000000000e+00 0.0000000000e+00 5.3021487426e+04 1.6163438111e+05 4.3639318445e+04 3.4817387750e+04 7.3391588371e+05 9.1915347254e+04 -6.4123701727e+01 4.0049448282e+02 -2.1398944599e+01 -1.3151755846e+02 7.2676046558e+02 -1.6259248223e-13 3.4112778326e+02
1.0000000000e+00 0.0000000000e+00 2.8401982833e+04 6.7232192208e+03 1.4301877397e+04 4.2763690782e+04 5.7707955514e+05 6.4649106900e+04 -4.8720031360e+01 7.3095032257e+01 5.2689625438e+01 -1.5580050670e+02 6.5597458420e+02 -1.2528981677e-13 -7.1101851722e+01
1.0000000000e+00 0.0000000000e+00 1.0096089513e+04 3.7953621543e+03 1.0514962264e+04 8.5722194527e+03 3.4905148205e+05 3.2073881315e+04 -2.0837460685e+01 -1.0149739377e+01 2.9060764109e+01 -9.0479701161e+01 4.2949873222e+02 -1.2888907519e-13 2.0620067882e+02
1.0000000000e+00 0.0000000000e+00 8.7827376499e+03 7.6653546934e+04 2.3831489041e+03 9.5492127721e+03 3.5493108563e+05 3.3010054514e+04 -1.7824066617e+01 2.6742496455e+02 -1.3925084317e+01 -8.3817747995e+01 4.5605208322e+02 -1.3869833358e-13 4.3313894636e+02
1.0000000000e+00 0.0000000000e+00 7.4691114222e+03 4.3902170714e+04 2.0330513423e+03 1.0098780184e+04 3.2179835770e+05 2.9258870712e+04 -1.8026837608e+01 1.9727162402e+02 1.5395104798e+00 -8.5824163108e+01 4.2202475712e+02 -1.3635520428e-13 3.7629784794e+02
1.0000000000e+00 0.0000000000e+00 3.8663523889e+04 4.7271751027e+04 1.2088538449e+04 6.7477924070e+04 1.0529832717e+06 1.0888544321e+05 -5.7626388212e+01 2.1531542913e+02 4.9634193394e+01 -2.0419392505e+02 8.9629635302e+02 -1.7113438690e-13 2.6974012149e+02
1.0000000000e+00 0.0000000000e+00 2.7393492434e+04 5.7655351800e+04 1.4886005240e+04 3.2419808734e+04 4.9267442690e+05 5.7066238397e+04 -5.0506613465e+01 2.3814205000e+02 1.2518457412e+01 -1.2780496366e+02 6.0383129052e+02 -1.2916905226e-13 1.1921207804e+02
