1.0000000000e+00 0.0000000000e+00 3.1672069335e+04 6.8499257282e+04 1.7875288515e+04 4.0397503338e+04 6.1696868389e+05 7.0858705409e+04 -2.7381086930e+01 -2.3998909623e+02 1.0739880085e+02 -1.7035585299e+02 6.3346873936e+02 -1.1200883604e-13 -4.2417131249e+02
1.0000000000e+00 0.0000000000e+00 4.2131313309e+04 8.8951660152e+04 3.0419227767e+04 3.6784384519e+04 5.0487750570e+05 6.8105028199e+04 -6.2977896147e+01 2.9757279543e+02 -1.8572486645e+00 -1.1950370728e+02 5.9644652883e+02 -1.3934375834e-13 2.2505446638e+02
1.0000000000e+00 0.0000000000e+00 1.6434516280e+04 1.4416259903e+04 1.8220829575e+04 1.2914266742e+04 4.6418863364e+05 4.5628680549e+04 -3.1710263027e+01 1.1528649410e+02 4.6101224499e+00 -9.7860121262e+01 5.4356476590e+02 -1.3973884005e-13 1.7901598874e+02
1.0000000000e+00 0.0000000000e+00 3.1779949920e+04 9.8784237191e+04 1.4320689982e+04 3.5161875248e+04 6.9450007903e+05 7.3671892677e+04 -5.2947624647e+01 3.1273765616e+02 7.9276981223e+00 -1.4717458597e+02 7.0860808277e+02 -1.5912240246e-13 3.7594439925e+02
1.0000000000e+00 0.0000000000e+00 2.0630263968e+03 2.1727540700e+04 7.9132545072e+02 4.6325272226e+03 2.5541953049e+05 2.0690197178e+04 -1.7510706889e+00 1.4012541141e+02 -7.1827240657e+00 -5.0549223627e+01 2.8280903373e+02 -1.2111239674e-13 1.5788722136e+02
1.0000000000e+00 0.0000000000e+00 6.7457142521e+04 3.2735131148e+05 3.3567351463e+04 5.6024441256e+04 6.1637922367e+05 9.7455825122e+04 -7.6771340047e+01 5.6824350078e+02 -2.9896623224e+01 -1.4043858224e+02 7.1781443935e+02 -1.5609010362e-13 7.1560106085e+02
1.0000000000e+00 0.0000000000e+00 1.8120538895e+05 9.1694477238e+05 1.0544475505e+05 1.3562092502e+05 1.5464174060e+06 2.5615562311e+05 -1.2099276739e+02 9.4510432144e+02 -6.4088702755e+01 -2.1488786929e+02 1.1602852320e+03 -2.3069633709e-13 1.2814701782e+03
1.0000000000e+00 0.0000000000e+00 2.2156254223e+04 1.2224272529e+05 7.1436751510e+03 2.1445297722e+04 4.6660628566e+05 5.0208072533e+04 -4.1488424424e+01 3.4017902322e+02 -8.2700722197e+00 -1.1499311872e+02 5.7588507168e+02 -1.4690293493e-13 5.1186278582e+02
1.0000000000e+00 0.0000000000e+00 1.1678309411e+04 2.5327190311e+04 4.9892261661e+03 1.9348399275e+04 4.6075259804e+05 4.3142823984e+04 -2.8575911476e+01 1.5797593128e+02 1.5252744271e+01 -1.1503325604e+02 5.5940797488e+02 -1.3017383041e-13 1.8886091799e+02
1.0000000000e+00 0.0000000000e+00 7.2584896394e+03 1.5089498435e+04 2.7892269474e+03 1.3893377887e+04 3.3337536879e+05 3.0653947963e+04 -1.3416461755e+01 -5.7520800781e+01 4.7458932221e+01 -1.0344682244e+02 4.3360052967e+02 -1.0237254830e-13 -2.5419535345e+02
1.0000000000e+00 0.0000000000e+00 3.2622430912e+03 9.7838892229e+03 9.1885136829e+02 5.9228684555e+03 1.9653406010e+05 1.6777154824e+04 -1.3971446484e+01 9.3708691740e+01 1.2017187714e+01 -6.8548805207e+01 3.1490332046e+02 -1.1036565378e-13 1.9506858260e+02
1.0000000000e+00 0.0000000000e+00 2.9550776869e+04 6.1999997316e+04 1.4648651234e+04 3.3375671533e+04 4.1935901867e+05 5.2679917948e+04 -5.4598918155e+01 2.4873897248e+02 1.1650785524e+01 -1.1949703349e+02 5.4574411205e+02 -1.3379755348e-13 2.8430177961e+02
1.0000000000e+00 0.0000000000e+00 1.1413640943e+05 3.4238704198e+05 6.5165007844e+04 1.1309880781e+05 1.3518747966e+06 1.8709816592e+05 -1.0422239780e+02 5.8205810172e+02 -6.2009485123e+00 -2.1699314414e+02 1.0704546462e+03 -1.9019702845e-13 7.1798457022e+02
1.0000000000e+00 0.0000000000e+00 4.2176566674e+04 2.1580375228e+05 1.3981806870e+04 4.4795217470e+04 9.0896899910e+05 9.8096117121e+04 -5.7849386884e+01 4.5484025905e+02 -8.7383290431e+00 -1.6617739746e+02 8.3865856907e+02 -1.7209015872e-13 6.0743920714e+02
1.0000000000e+00 0.0000000000e+00 7.0589390976e+03 3.7441133219e+03 1.5471327481e+03 3.1661785828e+04 6.4696751240e+05 5.8683883095e+04 -1.0706919042e+01 4.3038679071e+01 3.8220750811e+01 -1.3862705926e+02 6.5536065842e+02 -1.2859976583e-13 -8.7440536964e+01
1.0000000000e+00 0.0000000000e+00 3.8808177958e+04 1.1438002327e+05 2.2356885045e+04 3.6616088144e+04 5.3920409055e+05 6.8120155420e+04 -6.0359460648e+01 3.3649410850e+02 -2.5380822698e+00 -1.3055006989e+02 6.4644636856e+02 -1.4535217976e-13 3.7901700125e+02
1.0000000000e+00 0.0000000000e+00 8.7095170933e+03 5.6000055710e+04 2.7777101936e+03 1.0845603205e+04 3.5560867147e+05 3.2790156510e+04 -1.2182208938e+01 2.1647151599e+02 7.9181585037e+00 -9.4059308390e+01 4.2238460487e+02 -1.3909779306e-13 4.2719873341e+02
1.0000000000e+00 0.0000000000e+00 4.7516717643e+04 2.8933199204e+05 3.0301475761e+04 2.3703583068e+04 6.5314735418e+05 8.2025113745e+04 -5.5829223746e+01 5.2633046559e+02 -4.8752365899e+01 -1.1058463940e+02 6.6878768961e+02 -1.8160074408e-13 8.5504882214e+02
1.0000000000e+00 0.0000000000e+00 1.5693117099e+05 3.3213713140e+05 9.9616204903e+04 1.6232123524e+05 1.5065274242e+06 2.3410191986e+05 -1.2478183191e+02 5.7591826268e+02 6.1393062225e+00 -2.3815283836e+02 1.1381344998e+03 -2.0130228510e-13 6.3573728487e+02
1.0000000000e+00 0.0000000000e+00 6.2736093901e+04 9.6788791821e+04 3.2856968043e+04 7.6593599506e+04 1.1338778807e+06 1.2985099982e+05 -7.7967468442e+01 3.1002142114e+02 2.9482693396e+01 -2.0413148219e+02 9.5537318291e+02 -1.7701130729e-13 4.3203412856e+02
1.0000000000e+00 0.0000000000e+00 1.3837637277e+04 9.2478496899e+04 5.6326877911e+03 3.1125674232e+04 8.4830658806e+05 7.8134527762e+04 -1.3339530143e+01 3.0270085429e+02 -1.2535031052e+01 -1.3082484337e+02 7.3722300198e+02 -1.5635663791e-13 2.6301063496e+02
1.0000000000e+00 0.0000000000e+00 1.1178415010e+04 7.5360606905e+04 7.6633497650e+03 4.3829307467e+03 2.7352890417e+05 2.7411119801e+04 -2.2157426354e+01 2.7383827415e+02 -2.7308768948e+01 -5.9439810895e+01 3.7322258432e+02 -1.3131907595e-13 3.4996153048e+02
1.0000000000e+00 0.0000000000e+00 2.6580253194e+04 2.5885279036e+03 7.8751299474e+03 5.5335857337e+04 8.8361015096e+05 8.7976131389e+04 -4.0433642161e+01 4.2859737973e+01 7.1571579163e+01 -1.9370973242e+02 8.1205647337e+02 -1.4620037243e-13 3.3682318443e+01
1.0000000000e+00 0.0000000000e+00 1.7015764710e+04 1.9615969992e+04 1.1871386292e+04 1.6895092015e+04 3.9861051538e+05 4.0538077864e+04 -3.8289159621e+01 1.3423677615e+02 1.4745535833e+01 -1.0486892976e+02 5.1178547190e+02 -1.2302528414e-13 6.9313244972e+01
1.0000000000e+00 0.0000000000e+00 5.2484602588e+04 1.9093462737e+05 4.1422450246e+04 2.9855306484e+04 7.4184839956e+05 9.0698994569e+04 -6.2865233708e+01 4.3176954119e+02 -2.8977739265e+01 -1.2857781774e+02 7.3256727788e+02 -1.6829186291e-13 5.7769883393e+02
1.0000000000e+00 0.0000000000e+00 9.6633006152e+04 1.9738084770e+05 6.6728312881e+04 9.1977311792e+04 1.0061342526e+06 1.4779318609e+05 -9.5199177558e+01 4.4414768920e+02 2.6601621590e+00 -1.8706101738e+02 9.1386710574e+02 -1.7122757789e-13 4.3581437780e+02
1.0000000000e+00 0.0000000000e+00 5.9287081951e+03 1.3537786998e+03 3.7653190303e+03 8.7457582518e+03 2.2035081718e+05 2.0465539929e+04 -1.8293543034e+01 -4.1883523580e+00 3.1445135129e+01 -8.1412893076e+01 3.4887603378e+02 -1.0073796552e-13 -3.0897289818e+01
1.0000000000e+00 0.0000000000e+00 4.0329700628e+04 1.1996997204e+05 2.4920808119e+04 3.6338156377e+04 7.7338759361e+05 8.5127379346e+04 -5.8191342941e+01 3.3483784297e+02 -2.4086978616e-01 -1.4668500780e+02 7.4141571806e+02 -1.7563916125e-13 5.9736138978e+02
1.0000000000e+00 0.0000000000e+00 1.8158167003e+04 6.0548518866e+04 6.1164726248e+03 2.1493751024e+04 4.6170870141e+05 4.6405629948e+04 -3.9705265321e+01 2.4341839639e+02 1.0112088022e+01 -1.1991205083e+02 5.6230966721e+02 -1.3777944125e-13 2.9411045094e+02
1.0000000000e+00 0.0000000000e+00 6.4772202065e+03 4.4276184416e+03 2.7960348290e+03 1.3524077283e+04 3.4540390097e+05 3.0771461420e+04 -1.9785781160e+01 4.3418337930e+01 2.9325802276e+01 -1.0367442555e+02 4.7710633700e+02 -1.0336712200e-13 -9.4594826122e+01
1.0000000000e+00 0.0000000000e+00 1.1171751892e+04 1.1301121494e+02 3.8841988623e+03 2.2561603158e+04 4.0747668154e+05 3.9288711213e+04 -2.0550415979e+01 1.0501459330e-01 5.5000769456e+01 -1.3043945058e+02 5.2434731565e+02 -1.1795646175e-13 6.6899519289e+01
1.0000000000e+00 0.0000000000e+00 3.5222256291e+04 1.8830649605e+05 1.6270617156e+04 2.9555978437e+04 6.6909588470e+05 7.4697745365e+04 -5.1577488718e+01 4.2943032968e+02 -1.8277588594e+01 -1.3437619895e+02 7.0468998868e+02 -1.6399947761e-13 5.7487295515e+02
1.0000000000e+00 0.0000000000e+00 1.2878479313e+04 7.1673105930e+03 7.7504809059e+03 1.9828506706e+04 4.1982482081e+05 4.0899066128e+04 -2.2749553106e+01 -8.3251040181e+01 5.6548749447e+01 -1.1996582833e+02 5.0532361662e+02 -1.2016759937e-13 -4.5182874869e+01
1.0000000000e+00 0.0000000000e+00 2.6616787952e+03 5.5073732920e+03 5.9755342793e+02 5.4756267078e+03 1.6196667317e+05 1.3899857038e+04 -1.3485029587e+01 7.1645603398e+01 1.1589099281e+01 -5.9275106023e+01 2.7152855787e+02 -1.0527360960e-13 7.1182875069e+01
1.0000000000e+00 0.0000000000e+00 2.0024234661e+04 6.9249363230e+03 1.5503901745e+04 3.0356276962e+04 5.4556015409e+05 5.7446849766e+04 -1.4027365164e+01 -8.2468717654e+01 8.2296943915e+01 -1.5541018544e+02 5.7801208650e+02 -1.2823723624e-13 -7.9153500977e+01
1.0000000000e+00 0.0000000000e+00 7.9773265957e+03 5.3096327323e+02 2.6112899924e+03 2.4154591277e+04 5.1651993153e+05 4.6815183579e+04 -1.5394725631e+01 -8.6757975105e+00 4.3324482645e+01 -1.2686653630e+02 5.8162184381e+02 -1.2970277054e-13 7.5274688131e+01
1.0000000000e+00 0.0000000000e+00 1.4841512859e+04 3.0273040477e+04 1.2531858811e+04 1.2672069986e+04 4.9056891346e+05 4.5625526142e+04 -3.2628546280e+01 1.6669615188e+02 1.0887298178e+00 -9.8982597700e+01 5.3586697328e+02 -1.3053334564e-13 5.3994712933e+01
1.0000000000e+00 0.0000000000e+00 2.4257350396e+04 5.9308006017e+04 1.0358249073e+04 2.9739550111e+04 4.5066248947e+05 5.1158476529e+04 -4.8522851831e+01 2.4316059985e+02 1.2292973355e+01 -1.1991091847e+02 5.4851378983e+02 -1.3950538367e-13 2.6042855927e+02
1.0000000000e+00 0.0000000000e+00 9.6520773633e+03 3.2986500423e+03 8.2857390363e+03 1.0414111950e+04 3.5416095196e+05 3.2264857999e+04 -2.2551257332e+01 -2.7965395940e+01 3.4847676807e+01 -9.6702374349e+01 4.4734771252e+02 -1.0593692083e-13 -1.6943962552e+02
1.0000000000e+00 0.0000000000e+00 5.7011586174e+04 4.1542012109e+04 2.2915451063e+04 8.6810494991e+04 1.0095759743e+06 1.1909161487e+05 -7.4198033255e+01 2.0359779270e+02 5.7501879341e+01 -2.1093093479e+02 8.9978163918e+02 -1.5449297297e-13 1.7112483094e+02
1.0000000000e+00 0.0000000000e+00 1.2310078630e+04 7.3425183888e+04 5.7907065051e+03 9.0966789456e+03 3.7117621441e+05 3.5207300041e+04 -2.7982777103e+01 2.6084650887e+02 -1.6180246742e+01 -8.2495141939e+01 4.6645289845e+02 -1.4130842443e-13 4.4939997003e+02
1.0000000000e+00 0.0000000000e+00 6.6552541850e+04 9.4265972763e+04 3.7403610744e+04 8.1561728272e+04 1.0284021559e+06 1.2683843252e+05 -8.0536822815e+01 3.0624368129e+02 2.9294151380e+01 -2.0007594852e+02 9.3209507262e+02 -1.5600425827e-13 2.9097432728e+02
1.0000000000e+00 0.0000000000e+00 2.7811361137e+03 6.1343471636e+03 2.5785800827e+03 4.9482998925e+03 2.3482404379e+05 1.9446773530e+04 -9.8648195858e+00 7.4851308923e+01 1.6756418743e+00 -5.8201640883e+01 3.2549180578e+02 -1.0935699516e-13 -1.8946680437e+00
1.0000000000e+00 0.0000000000e+00 1.2745732548e+05 5.4675408885e+05 7.6727995872e+04 1.0048291690e+05 1.0700494789e+06 1.7753307336e+05 -1.0594983632e+02 7.3154118358e+02 -4.3023218628e+01 -1.8149750787e+02 9.5787237919e+02 -1.9702731417e-13 1.0291916174e+03
1.0000000000e+00 0.0000000000e+00 1.5726124122e+04 1.4760096597e+04 1.7473961872e+04 1.1486737442e+04 3.8471838364e+05 3.9333085773e+04 -3.1750148215e+01 1.1574016169e+02 2.8812202428e+00 -9.1670717324e+01 5.1270095601e+02 -1.1609609858e-13 7.4829642674e+01
1.0000000000e+00 0.0000000000e+00 4.6127548328e+04 2.5850119523e+04 2.5592426165e+04 6.0141772092e+04 9.7688489656e+05 1.0521136261e+05 -6.4554755680e+01 1.5611704768e+02 4.8615778788e+01 -1.9385666875e+02 8.7686928642e+02 -1.6171372699e-13 2.8524476539e+02
1.0000000000e+00 0.0000000000e+00 5.7234683229e+03 3.8315442232e+03 2.8490945953e+03 2.3126780048e+04 4.1728715541e+05 3.9941868570e+04 5.5981827038e+00 -2.9200724496e+01 2.9703816404e+01 -9.4622143673e+01 4.6723942427e+02 -1.1158633486e-13 -9.1231825039e+01
1.0000000000e+00 0.0000000000e+00 3.9961470632e+04 1.6719567544e+04 3.5057606660e+04 3.8205255839e+04 6.5885505931e+05 7.7530063903e+04 -5.5964800355e+01 9.0777632403e+01 3.4056139687e+01 -1.4818305941e+02 7.1118361865e+02 -1.2774915200e-13 -1.0846517283e+02
1.0000000000e+00 0.0000000000e+00 4.4916956185e+04 2.4671194794e+05 2.4945432478e+04 2.9342567098e+04 4.2586789419e+05 6.4870841772e+04 -6.0004158631e+01 4.8909559769e+02 -3.6829341750e+01 -1.0190441930e+02 5.6140065314e+02 -1.4919450097e-13 5.8451630815e+02
1.0000000000e+00 0.0000000000e+00 3.6465202694e+04 1.2167883906e+04 1.6144100871e+04 5.3267343912e+04 6.3076328660e+05 7.4072945032e+04 -5.7831713074e+01 9.1831932203e+01 5.6724427546e+01 -1.7041018945e+02 7.1455308932e+02 -1.2540269530e-13 1.8724305732e+01
1.0000000000e+00 0.0000000000e+00 6.3226311141e+03 3.4755632242e+03 2.1234209109e+03 1.5328031076e+04 2.8819919628e+05 2.7402561133e+04 -1.1811432415e+01 -1.5960950593e+01 4.2226034229e+01 -9.9855651159e+01 4.1242746695e+02 -9.7792680042e-14 -2.0189238572e+02
1.0000000000e+00 0.0000000000e+00 9.9990356817e+04 4.2143700955e+05 7.6575020872e+04 5.8484833419e+04 8.6668283214e+05 1.3859824894e+05 -8.5562503841e+01 6.4852408436e+02 -5.0911587107e+01 -1.4646288772e+02 8.3395683957e+02 -1.7508470897e-13 5.9925830051e+02
1.0000000000e+00 0.0000000000e+00 6.7816341134e+04 2.9836121219e+05 3.6080175765e+04 5.8480643408e+04 7.4699485662e+05 1.0700067764e+05 -7.7466186647e+01 5.4065457917e+02 -2.4662424878e+01 -1.5081915380e+02 7.7434790437e+02 -1.7650343293e-13 7.7337728611e+02
1.0000000000e+00 0.0000000000e+00 9.0092517500e+04 2.9562626505e+05 6.0574857990e+04 7.1591141875e+04 8.6261683460e+05 1.3112970081e+05 -8.8922056602e+01 5.4286701090e+02 -2.2800024922e+01 -1.6438876206e+02 8.5201190260e+02 -1.6707659229e-13 5.6288520569e+02
1.0000000000e+00 0.0000000000e+00 1.2164034379e+04 2.0677689468e+04 6.5916127120e+03 1.5997685971e+04 4.4420389653e+05 4.0975372367e+04 -2.7485843921e+01 1.4021662961e+02 2.1209924587e+01 -1.1513788969e+02 5.3499287097e+02 -1.3709814553e-13 2.4752904753e+02
1.0000000000e+00 0.0000000000e+00 9.6572605536e+03 1.9167225500e+04 1.2988597136e+03 3.1832326443e+04 8.1374513725e+05 7.0634377566e+04 -1.8745492786e+01 1.3377204040e+02 3.0873868590e+01 -1.5154341688e+02 7.2254722082e+02 -1.5584724347e-13 1.9299552829e+02
1.0000000000e+00 0.0000000000e+00 5.6561533568e+04 2.1637506766e+05 4.4540619090e+04 3.6339174875e+04 7.5955379487e+05 9.7424534226e+04 -6.4931782559e+01 4.6476165238e+02 -3.2071252787e+01 -1.3343634664e+02 7.6079121831e+02 -1.6577498382e-13 4.7127344744e+02
1.0000000000e+00 0.0000000000e+00 4.4398420595e+04 8.4087100567e+04 2.5663059658e+04 4.8329045317e+04 6.0152296324e+05 7.7534696879e+04 -6.6598615683e+01 2.8263124404e+02 1.2786382114e+01 -1.4240378689e+02 6.6753795291e+02 -1.6227792157e-13 5.2856493604e+02
1.0000000000e+00 0.0000000000e+00 2.0840389071e+04 1.1037668487e+05 4.4532677976e+03 2.3273078059e+04 6.7929859025e+05 6.3593331897e+04 -3.7645043686e+01 3.2380963831e+02 4.9436148965e+00 -1.3854708771e+02 6.6158768869e+02 -1.6820321457e-13 4.8293260443e+02
1.0000000000e+00 0.0000000000e+00 3.5583576370e+04 4.0777795197e+04 5.7049020778e+03 7.2428228301e+04 1.0222121185e+06 1.0598107683e+05 -5.1498851016e+01 1.9849044011e+02 5.8580690802e+01 -2.1085289456e+02 8.9609923129e+02 -1.6066863271e-13 2.6367316458e+02
1.0000000000e+00 0.0000000000e+00 1.4342470703e+04 2.1080426514e+03 7.4007254073e+03 4.7919921817e+04 8.7938041537e+05 8.4109997537e+04 -6.5281706598e+00 4.5191661024e+01 5.5767189284e+01 -1.7035222956e+02 7.5460428001e+02 -1.5247278903e-13 1.5930763788e+01
1.0000000000e+00 0.0000000000e+00 6.8162927971e+03 7.0335150302e+03 7.7993341928e+03 7.1308652125e+03 2.3591465419e+05 2.2802119522e+04 -7.8313782586e+00 -8.1712204058e+01 3.9098270034e+01 -7.8552853932e+01 3.3761876774e+02 -1.0581156348e-13 1.8904510894e+01
1.0000000000e+00 0.0000000000e+00 3.1741575206e+04 1.5490850671e+05 2.2417441549e+04 1.8370781927e+04 2.8300217310e+05 4.4669018838e+04 -4.9498788549e+01 3.9259185870e+02 -3.4967701833e+01 -7.5370717787e+01 4.4206594504e+02 -1.2701098721e-13 3.8690048951e+02
1.0000000000e+00 0.0000000000e+00 9.1731194752e+03 2.8550681168e+03 4.0300331667e+03 1.8138202887e+04 4.8191732790e+05 4.2493891218e+04 -2.0474290874e+01 -2.7084626732e+01 4.1980906604e+01 -1.1250453933e+02 5.0721841707e+02 -1.3058490045e-13 -1.0629043580e+02
1.0000000000e+00 0.0000000000e+00 7.1050245475e+04 1.1807878499e+05 4.0178369638e+04 7.9572266565e+04 9.8856727978e+05 1.2563377555e+05 -8.2908498319e+01 3.4053416563e+02 2.4525829688e+01 -1.9328653517e+02 8.9178964664e+02 -1.6944948482e-13 4.4272463406e+02
1.0000000000e+00 0.0000000000e+00 2.6810371124e+03 7.8954649215e+03 3.5116470956e+03 3.8575349217e+03 2.0289115434e+05 1.7295111466e+04 -5.6563058548e+00 8.8326856598e+01 -1.0724745808e+01 -4.3643479413e+01 2.9718352201e+02 -1.0938792602e-13 1.2011943527e+02
1.0000000000e+00 0.0000000000e+00 2.0282212209e+05 5.1010375397e+05 1.3074615571e+05 1.9662709975e+05 1.6947660961e+06 2.8449932810e+05 -1.3996832217e+02 7.1363696395e+02 -8.9197298861e+00 -2.5276871801e+02 1.2316166965e+03 -1.9755640069e-13 6.6955826943e+02
1.0000000000e+00 0.0000000000e+00 1.3602662603e+05 1.5882036413e+05 7.7855460041e+04 1.6761419556e+05 1.8847478325e+06 2.4397921586e+05 -1.1504112413e+02 3.9498030767e+02 5.0020227743e+01 -2.7983683785e+02 1.2702163165e+03 -2.0491173783e-13 5.0158731282e+02
1.0000000000e+00 0.0000000000e+00 5.1953599710e+04 1.2364885078e+05 3.0306003227e+04 5.6723086451e+04 6.7468067390e+05 9.0209601017e+04 -6.8637094349e+01 3.5154440311e+02 7.4067448405e+00 -1.5418209896e+02 7.3051444496e+02 -1.5491787794e-13 3.8548048114e+02
1.0000000000e+00 0.0000000000e+00 9.6207917825e+04 2.9625777860e+05 6.1947918143e+04 7.9206336073e+04 8.0780376230e+05 1.3150960971e+05 -9.2937840908e+01 5.4182147812e+02 -1.9874758248e+01 -1.6163353826e+02 8.1550884360e+02 -1.7626129823e-13 6.9596120721e+02
1.0000000000e+00 0.0000000000e+00 1.5413522718e+04 6.0659296644e+03 8.9970706224e+03 2.4051757069e+04 3.9672862131e+05 4.1738208344e+04 -1.6747851231e+01 -7.3701189490e+01 6.8620385566e+01 -1.2997868588e+02 4.8824501970e+02 -1.2119901429e-13 5.4387989679e+00
1.0000000000e+00 0.0000000000e+00 1.7387663935e+04 6.8490464237e+03 5.5423709232e+03 2.6724804272e+04 3.6575787555e+05 3.9413310311e+04 -3.7808578557e+01 6.3464843336e+01 4.6826948040e+01 -1.2509761503e+02 4.9421908328e+02 -1.1443831528e-13 -7.6070852658e+01
1.0000000000e+00 0.0000000000e+00 6.0833708684e+04 2.5766343855e+05 3.1239665590e+04 5.8883978726e+04 8.8698781362e+05 1.1249885983e+05 -7.1565061076e+01 5.0469540607e+02 -1.4893818201e+01 -1.6844532531e+02 8.5668763880e+02 -1.6618112551e-13 5.3290284232e+02
1.0000000000e+00 0.0000000000e+00 8.7756815353e+04 1.6288764952e+05 3.4636070533e+04 1.3103913491e+05 1.7667424305e+06 2.0107356948e+05 -9.0682365227e+01 4.0125295024e+02 4.3129668323e+01 -2.6842527850e+02 1.2330465425e+03 -1.9473812568e-13 4.5694530029e+02
1.0000000000e+00 0.0000000000e+00 8.0242393773e+04 2.4742742553e+05 5.9372237388e+04 6.0619550136e+04 7.3309524733e+05 1.1455403716e+05 -8.4163114300e+01 4.9685560143e+02 -2.5875650854e+01 -1.4276053642e+02 7.6016180326e+02 -1.7064947272e-13 5.2840483614e+02
1.0000000000e+00 0.0000000000e+00 4.5231520038e+03 2.1258506811e+04 2.6454491099e+03 7.6098784705e+03 2.7938104809e+05 2.4424229070e+04 -5.5466861670e+00 1.2191442545e+02 1.4146749956e+01 -7.9529096713e+01 3.5432808726e+02 -1.2206952619e-13 2.5857048839e+02
1.0000000000e+00 0.0000000000e+00 3.6526281569e+04 2.3418619883e+03 1.3405555100e+04 6.1439080866e+04 6.6823201570e+05 7.8621543830e+04 -4.7881679970e+01 -3.6097701771e+01 9.0581172835e+01 -1.8986424385e+02 7.2244191277e+02 -1.2403707236e-13 -6.4134328099e+01
1.0000000000e+00 0.0000000000e+00 6.8333209549e+04 3.1128315795e+05 4.4196607448e+04 4.7060570780e+04 8.1405835898e+05 1.1048551625e+05 -7.3598970646e+01 5.5145571531e+02 -3.5608640308e+01 -1.4472865374e+02 7.9561432519e+02 -1.7900990184e-13 7.5306344636e+02
1.0000000000e+00 0.0000000000e+00 1.7869536460e+04 2.3250595909e+04 1.1172878719e+04 2.6207758517e+04 4.0814594333e+05 4.5269157786e+04 -2.2002485744e+01 -1.4075917870e+02 7.9427999883e+01 -1.3770658673e+02 5.2025412035e+02 -1.1544023943e-13 -1.3017020379e+02
1.0000000000e+00 0.0000000000e+00 2.3217382908e+04 6.9413244061e+04 1.6871200674e+04 1.6216418084e+04 3.3315246489e+05 4.0447422690e+04 -4.3424420794e+01 2.6199717850e+02 -9.5227822326e+00 -8.8833496745e+01 4.6554956164e+02 -1.2573491520e-13 1.8364496357e+02
1.0000000000e+00 0.0000000000e+00 6.6523242585e+04 1.5682194130e+05 7.1886819471e+04 2.9108685045e+04 7.1106898966e+05 9.9736282810e+04 -6.3550584347e+01 3.9554822827e+02 -3.7253860413e+01 -1.1382152197e+02 7.1304729517e+02 -1.6286183423e-13 3.4864133295e+02
1.0000000000e+00 0.0000000000e+00 6.3279298214e+04 1.8253659462e+04 2.9057534798e+04 9.7127456146e+04 1.0272390751e+06 1.2644042812e+05 -7.3541389680e+01 9.5971717165e+01 8.2057456054e+01 -2.2675020471e+02 9.2791362892e+02 -1.4401734900e-13 -6.8941302348e+01
1.0000000000e+00 0.0000000000e+00 1.5889491384e+04 9.1984379817e+02 7.9785818878e+03 2.2791971676e+04 3.6635467200e+05 3.8431972823e+04 -3.3591775612e+01 -7.7854502085e+00 5.1602238448e+01 -1.2263689459e+02 4.9947686924e+02 -1.1183667375e-13 -5.9155835079e+01
1.0000000000e+00 0.0000000000e+00 2.2846759507e+04 3.9141226908e+04 1.6779929762e+04 3.3580667807e+04 5.3174742475e+05 6.0119706356e+04 -1.2442592361e+01 -1.9440438997e+02 9.6827987449e+01 -1.5884093321e+02 5.9027633481e+02 -1.1373253905e-13 -3.0781218778e+02
1.0000000000e+00 0.0000000000e+00 5.3534496464e+04 1.3478636398e+05 3.8228378888e+04 4.2680282604e+04 7.1147623374e+05 9.0300740287e+04 -6.9476190490e+01 3.6653975962e+02 -8.1342927333e+00 -1.3797691059e+02 7.1014466148e+02 -1.6145898051e-13 2.9169342534e+02
1.0000000000e+00 0.0000000000e+00 2.1156649137e+03 6.7226314716e+03 1.7692027415e+03 5.5704822758e+03 2.5020050810e+05 2.0442522087e+04 -3.2484014011e+00 -5.4895393482e+01 2.7175072666e+01 -6.5873597331e+01 3.0907085162e+02 -1.0797216304e-13 -1.3693661444e+02
1.0000000000e+00 0.0000000000e+00 9.0225609514e+03 4.4874885165e+04 4.5539346397e+03 1.6868044853e+04 4.1470691393e+05 3.9703649193e+04 -6.3258039525e+00 -1.7939719994e+02 6.0454846976e+01 -1.1114914192e+02 4.9173321801e+02 -9.8954307951e-14 -3.9956270831e+02
1.0000000000e+00 0.0000000000e+00 1.8374313467e+04 5.1495827152e+04 3.8474868607e+03 2.8460724789e+04 4.8179106541e+05 4.9480733183e+04 -3.8837687923e+01 2.2321211305e+02 1.8616468771e+01 -1.2967540683e+02 5.8830392808e+02 -1.3695352391e-13 2.9901592760e+02
1.0000000000e+00 0.0000000000e+00 2.6709709585e+05 1.0068549163e+06 1.9323476408e+05 1.9120835981e+05 1.4552615493e+06 3.1745321804e+05 -1.5303472024e+02 9.9932121529e+02 -7.6252232271e+01 -2.0344563001e+02 1.1214403086e+03 -2.3010426598e-13 1.1525296613e+03
1.0000000000e+00 0.0000000000e+00 7.4989171031e+04 2.4306002141e+05 6.2716997569e+04 4.6684247308e+04 7.9530958039e+05 1.1366304386e+05 -7.7053379111e+01 4.9222415425e+02 -3.3809188030e+01 -1.4022331441e+02 7.9735894398e+02 -1.6345436086e-13 4.8052992679e+02
1.0000000000e+00 0.0000000000e+00 8.8124103835e+03 2.2074398918e+03 9.8808319324e+03 9.7119046900e+03 4.0726662328e+05 3.6152833165e+04 -1.5782603151e+01 -3.3199042924e+01 2.8310533897e+01 -9.1208453363e+01 4.5616015311e+02 -1.2670152439e-13 -5.6527988073e+01
1.0000000000e+00 0.0000000000e+00 3.5419308733e+04 1.0700434427e+05 2.2033383859e+04 7.4343213982e+04 1.0030439367e+06 1.1587307470e+05 -2.2204541310e+00 -3.1797447099e+02 1.2091012052e+02 -2.0625985417e+02 8.4561338716e+02 -1.2885569658e-13 -4.2012422374e+02
1.0000000000e+00 0.0000000000e+00 5.4406891527e+04 1.7815766585e+04 3.1529270263e+04 7.0353912019e+04 1.0386142783e+06 1.1614282644e+05 -6.9154991663e+01 1.0648876874e+02 6.2181685842e+01 -2.0508747503e+02 9.0192944031e+02 -1.5145647831e-13 -4.8662406911e+01
1.0000000000e+00 0.0000000000e+00 9.1113677252e+03 8.4218397138e+04 8.7468618499e+02 1.2628450120e+04 4.2973960836e+05 3.9157997866e+04 -1.4323186892e+01 2.6169018040e+02 -9.9609436116e+00 -9.3779440234e+01 5.0183505066e+02 -1.5187029465e-13 5.9151290330e+02
1.0000000000e+00 0.0000000000e+00 1.0166815012e+04 1.0500821999e+04 2.8381797413e+03 2.1597415803e+04 4.8049955784e+05 4.3827192133e+04 -2.4324180176e+01 9.5808876456e+01 3.7785112368e+01 -1.2914939512e+02 5.5562037269e+02 -1.2733283088e-13 -1.7559632521e+01
1.0000000000e+00 0.0000000000e+00 2.8970588819e+04 6.5141814994e+04 1.8011920762e+04 2.7590569503e+04 4.6605170905e+05 5.4809807267e+04 -5.2899727275e+01 2.5131349781e+02 3.2584348089e+00 -1.1430648616e+02 5.6274344903e+02 -1.4822238953e-13 4.5846531437e+02
1.0000000000e+00 0.0000000000e+00 4.8714947529e+04 9.6703863848e+04 3.1411290626e+04 6.7456725117e+04 7.9353613165e+05 1.0220079780e+05 -2.7827428182e+01 -3.0057260125e+02 1.3664181246e+02 -2.1395198818e+02 7.8369891704e+02 -1.1447031146e-13 -4.1249207377e+02
1.0000000000e+00 0.0000000000e+00 3.0799370410e+04 1.3908908006e+05 1.1603321268e+04 3.8334244594e+04 8.1196920761e+05 8.3829853081e+04 -4.7390919464e+01 3.7128847935e+02 -3.9165762387e+00 -1.5212610472e+02 7.7474379859e+02 -1.5825173777e-13 4.5065839738e+02
1.0000000000e+00 0.0000000000e+00 1.2493544432e+04 4.5253405226e+03 5.0331134814e+03 2.1790107899e+04 4.1951092106e+05 4.0462837875e+04 -2.9871287465e+01 4.9224195416e+01 3.9238750872e+01 -1.2375883597e+02 5.4432785644e+02 -1.0516650453e-13 -1.4740386311e+02
1.0000000000e+00 0.0000000000e+00 1.1151677876e+04 3.5873677866e+04 7.8150032342e+03 8.8891350893e+03 3.0425109449e+05 2.9626994360e+04 -2.9118049965e+01 1.8729279776e+02 -4.3744489169e+00 -8.1255295003e+01 4.3655239652e+02 -1.2250608270e-13 2.8432776191e+02
1.0000000000e+00 0.0000000000e+00 9.7569864783e+03 1.6447460834e+04 2.2017310817e+03 1.9872271469e+04 4.8502092391e+05 4.3371043677e+04 -1.9113866516e+01 1.2308698385e+02 3.3743533742e+01 -1.2507662604e+02 5.3407881184e+02 -1.3491426363e-13 1.3359957416e+02
1.0000000000e+00 0.0000000000e+00 2.5198465614e+04 6.1133659545e+04 1.7862950175e+04 2.2986318554e+04 3.3011033783e+05 4.3321969640e+04 -4.6991874701e+01 2.4659019016e+02 -2.7310906093e+00 -9.5498796516e+01 4.7816273848e+02 -1.2049575528e-13 1.8886137161e+02
1.0000000000e+00 0.0000000000e+00 2.8759404264e+03 2.3903390635e+02 3.0331153034e+03 3.4350063823e+03 2.0431667260e+05 1.6614864530e+04 -9.4607390157e+00 -3.2099719519e+00 1.6990806779e+01 -5.1862949728e+01 2.4213497547e+02 -1.0637580519e-13 -9.8407563864e+00
1.0000000000e+00 0.0000000000e+00 1.1714322118e+04 9.6702519106e+03 7.8015069864e+03 1.6915983573e+04 4.3770117088e+05 4.0930248793e+04 -2.2419344438e+01 -8.5696683341e+01 5.4751413147e+01 -1.1956908377e+02 5.1597479399e+02 -1.1586922426e-13 -1.6322946038e+02
1.0000000000e+00 0.0000000000e+00 3.2979947572e+04 3.7655951748e+04 2.5092382932e+04 3.4294241410e+04 8.7373056581e+05 8.6953911506e+04 -5.0588396503e+01 1.7691401140e+02 2.3346618261e+01 -1.5896398864e+02 7.8894709399e+02 -1.5370527218e-13 5.1942321723e+01
1.0000000000e+00 0.0000000000e+00 2.6215299940e+03 8.1517401914e+03 2.3635093083e+03 7.0881774751e+03 2.4177862147e+05 2.0889243677e+04 2.7975581992e-01 8.6839722305e+01 1.1271077210e+01 -6.7123894276e+01 3.1515810603e+02 -1.1404034959e-13 1.4464996031e+02
1.0000000000e+00 0.0000000000e+00 3.3926826969e+04 1.4355244924e+04 1.1780958505e+04 6.2089067128e+04 8.7860095352e+05 9.2958771375e+04 -4.0191626212e+01 1.0464818962e+02 7.8203638043e+01 -2.0555584795e+02 8.0374308548e+02 -1.5544725146e-13 1.9828815886e+02
1.0000000000e+00 0.0000000000e+00 3.4646022689e+04 9.7381549148e+03 1.2202353275e+04 6.1267764276e+04 7.4482161749e+05 8.3542689149e+04 -5.3613735949e+01 9.7975278346e+01 6.3114563586e+01 -1.8558623013e+02 7.7110625218e+02 -1.3500706719e-13 9.1146884991e+01
1.0000000000e+00 0.0000000000e+00 3.8901796082e+04 7.3240892779e+04 2.3618640885e+04 3.9347852756e+04 5.9719491546e+05 7.1764545337e+04 -6.1628315262e+01 2.6575461362e+02 1.1140325729e+01 -1.3433632565e+02 6.3626413421e+02 -1.5979421269e-13 4.5882994265e+02
1.0000000000e+00 0.0000000000e+00 4.7216154518e+04 1.4505146039e+05 3.0417334632e+04 3.8995631928e+04 5.1433768686e+05 7.2515755131e+04 -6.5573925444e+01 3.7958173634e+02 -1.1732355831e+01 -1.2249945900e+02 6.1955845617e+02 -1.5532867905e-13 5.3466308874e+02
1.0000000000e+00 0.0000000000e+00 3.0769305366e+04 1.7751876701e+05 1.7615967233e+04 2.2061707807e+04 6.9507842837e+05 7.3102804611e+04 -4.4667670065e+01 4.1480882066e+02 -2.7643666087e+01 -1.2345105022e+02 7.0202502432e+02 -1.6815904619e-13 5.7905355109e+02
1.0000000000e+00 0.0000000000e+00 7.7950648026e+04 5.9216732156e+04 3.3252065372e+04 1.1734272230e+05 1.3217177063e+06 1.5922267247e+05 -8.6619226425e+01 2.4248314817e+02 6.3628449870e+01 -2.4460613624e+02 1.0583102378e+03 -1.7255905419e-13 2.7424596108e+02
1.0000000000e+00 0.0000000000e+00 3.3825182517e+04 3.9853286653e+04 1.2546489349e+04 4.6299575010e+04 7.0186765180e+05 7.5523458897e+04 -5.6788384149e+01 1.9906225816e+02 3.8046149814e+01 -1.6539154175e+02 7.2165515371e+02 -1.4263954411e-13 1.4727655012e+02
1.0000000000e+00 0.0000000000e+00 2.1480154854e+04 5.9056466171e+04 1.1360258408e+04 1.9846851401e+04 4.7590632596e+05 4.8802557391e+04 -4.0175501308e+01 2.2164596792e+02 1.0880871420e+01 -1.1345199373e+02 5.2996604478e+02 -1.5619652971e-13 4.7717581937e+02
1.0000000000e+00 0.0000000000e+00 3.9125641694e+04 4.4325542434e+04 2.4669821272e+04 4.6184202205e+04 1.0380667570e+06 1.0353133897e+05 -5.7929007156e+01 2.0985899579e+02 2.9395708006e+01 -1.8184952562e+02 8.7980315695e+02 -1.6427865785e-13 2.2848826208e+02
1.0000000000e+00 0.0000000000e+00 1.1669280113e+04 1.5182053472e+03 5.2915573128e+03 2.7228019508e+04 5.2343067111e+05 4.9874014415e+04 -1.2003875065e+01 -3.7157631913e+01 6.1159853720e+01 -1.3620063138e+02 5.5101233676e+02 -1.3193789075e-13 2.4430183903e+01
1.0000000000e+00 0.0000000000e+00 2.7674897800e+04 1.6360096866e+05 8.8235290618e+03 2.6653038477e+04 7.0013482101e+05 7.1040192421e+04 -4.4875894788e+01 3.9628610673e+02 -1.1284386057e+01 -1.3773163236e+02 7.0680592042e+02 -1.6096668816e-13 5.4849710816e+02
1.0000000000e+00 0.0000000000e+00 9.1721650780e+03 4.0869351587e+04 2.2567840022e+03 9.1648920083e+03 2.2860076915e+05 2.2514558680e+04 -2.6597086768e+01 2.0038180111e+02 1.7401941078e-02 -7.0354411172e+01 3.2549017040e+02 -1.1641741970e-13 2.2156358526e+02
1.0000000000e+00 0.0000000000e+00 1.3052280521e+04 8.0124787156e+04 1.0054769496e+04 7.7614183474e+03 3.5025218829e+05 3.5365791098e+04 -2.2516316009e+01 2.8226939082e+02 -2.6506513936e+01 -7.4767100391e+01 4.6492408664e+02 -1.3274042306e-13 3.4140194328e+02
1.0000000000e+00 0.0000000000e+00 1.9678876327e+04 4.9458748120e+03 9.7614465725e+03 2.9364424710e+04 4.0168755558e+05 4.4748145044e+04 -4.2056631868e+01 6.6682095052e+01 3.9859672035e+01 -1.2498610328e+02 5.3575814089e+02 -1.1963308629e-13 2.7461764294e+01
1.0000000000e+00 0.0000000000e+00 6.4712011225e+03 5.2379970953e+04 4.9322848079e+03 6.5400154355e+03 2.9585242924e+05 2.7573772031e+04 -5.3865252877e+00 2.2697960298e+02 -3.1932562826e+01 -5.0565584434e+01 3.7766294486e+02 -1.2322352247e-13 1.4740479132e+02
1.0000000000e+00 0.0000000000e+00 2.7267902218e+04 2.6191417149e+04 1.1264133565e+04 4.5079184633e+04 6.3029840478e+05 6.8929217039e+04 -4.9508452289e+01 1.6103506864e+02 3.8590639588e+01 -1.5692341871e+02 6.8920492170e+02 -1.4153121022e-13 1.5156868594e+02
1.0000000000e+00 0.0000000000e+00 3.4762488452e+03 1.5451009146e+04 3.5860331137e+03 1.7572805879e+03 1.8052589364e+05 1.5246986701e+04 -1.0574833604e+01 1.2351636878e+02 -1.3276296175e+01 -3.8702261307e+01 2.5443428582e+02 -1.0728634868e-13 6.5885189234e+01
1.0000000000e+00 0.0000000000e+00 1.6487911501e+04 1.1323754293e+05 4.0326753737e+03 3.0125107483e+04 6.0485135308e+05 6.1644637808e+04 -1.4565334740e+01 3.0533764832e+02 -7.7616904477e+00 -1.2003406859e+02 6.3214395252e+02 -1.6114261471e-13 6.2639355507e+02
1.0000000000e+00 0.0000000000e+00 1.6761844716e+05 5.4820761644e+05 8.9390366099e+04 1.6048659273e+05 1.6366375689e+06 2.4830469856e+05 -1.2739042404e+02 7.3344867366e+02 -1.3309025765e+01 -2.4149180215e+02 1.1693623640e+03 -2.2319335131e-13 9.8559220355e+02
1.0000000000e+00 0.0000000000e+00 7.2553308953e+03 4.0649171414e+04 4.0799098919e+03 6.7476176185e+03 2.1586739109e+05 2.1340094347e+04 -5.3198346032e+00 -1.8437095952e+02 5.4196604152e+01 -7.5294191267e+01 2.9445093367e+02 -8.2678403710e-14 -3.6782968616e+02
1.0000000000e+00 0.0000000000e+00 5.7968196255e+03 2.1417046116e+04 3.7300085874e+03 1.3651759383e+04 4.2418562233e+05 3.7371145069e+04 -1.2468353469e+01 1.3381497282e+02 -1.5718095576e+00 -8.8676535186e+01 5.0781716168e+02 -1.3920137322e-13 3.6657236633e+02
1.0000000000e+00 0.0000000000e+00 5.1953139685e+04 1.5950441134e+05 3.6219846755e+04 3.8113759114e+04 5.5244738286e+05 7.7896619803e+04 -6.8409299729e+01 3.9478271251e+02 -1.7524689965e+01 -1.1890192853e+02 6.2131615041e+02 -1.6823193746e-13 5.7347411018e+02
1.0000000000e+00 0.0000000000e+00 4.1041845163e+04 1.8450640046e+04 3.5192763211e+04 4.1532483814e+04 1.0373352397e+06 1.0463490651e+05 -5.4661206935e+01 1.1169393369e+02 3.7545147767e+01 -1.7652805241e+02 8.6399919130e+02 -1.5446888423e-13 -1.0514202474e+02
1.0000000000e+00 0.0000000000e+00 1.1350003432e+05 6.5697359694e+05 4.8291901412e+04 9.4009364510e+04 1.3896424192e+06 1.8929593005e+05 -9.4686120657e+01 7.9984474334e+02 -4.4893142267e+01 -2.0407418639e+02 1.0713995487e+03 -2.1593748001e-13 1.0899872293e+03
1.0000000000e+00 0.0000000000e+00 7.1618329425e+03 2.4069427119e+04 2.3435876060e+03 1.3538961899e+04 5.7463227548e+05 4.6972673182e+04 -2.0210255662e+01 1.5162495521e+02 1.4596294491e+01 -1.1334635119e+02 5.5694572238e+02 -1.4899680591e-13 2.1278999103e+02
1.0000000000e+00 0.0000000000e+00 2.2776948935e+05 8.6868948560e+05 1.7987108128e+05 1.3828881960e+05 1.7501917454e+06 3.0076456153e+05 -1.3189939747e+02 9.2942069155e+02 -7.4312805396e+01 -2.1313224913e+02 1.2255471961e+03 -2.3118405514e-13 9.5913264217e+02
1.0000000000e+00 0.0000000000e+00 3.6961162329e+04 1.5131967939e+05 1.4269399322e+04 3.6922503751e+04 4.9144531088e+05 6.3387558861e+04 -5.8232626468e+01 3.8454460248e+02 -3.5632423381e+00 -1.2871433425e+02 6.0533239186e+02 -1.4695628521e-13 4.8583494445e+02
1.0000000000e+00 0.0000000000e+00 2.5158350925e+03 1.0606269477e+03 2.7741680617e+03 5.2631396644e+03 2.4863578534e+05 2.0351419262e+04 -9.2217299529e+00 2.0967852159e+01 1.1732352383e+01 -6.5432017413e+01 3.4927845667e+02 -1.1213682200e-13 4.8277064026e+01
1.0000000000e+00 0.0000000000e+00 1.3073322697e+04 7.4334646362e+04 3.8730473658e+03 1.5030300084e+04 4.0553458116e+05 3.9419634818e+04 -3.0551039656e+01 2.6766377464e+02 -4.7144454109e+00 -1.0053039027e+02 5.0920139958e+02 -1.3759792235e-13 3.2926798095e+02
1.0000000000e+00 0.0000000000e+00 2.5518267957e+04 8.1448641832e+04 1.3932190679e+04 2.8266151999e+04 4.7262902961e+05 5.4605702679e+04 -4.6697062268e+01 2.8123566911e+02 1.2419934588e+00 -1.2118951481e+02 5.9993283088e+02 -1.3791198160e-13 4.0396625163e+02
1.0000000000e+00 0.0000000000e+00 1.3986910522e+04 5.6298329143e+04 1.7840935795e+03 1.7284719022e+04 5.0277306442e+05 4.5186458674e+04 -3.3521438332e+01 2.2418968572e+02 1.4153728339e+01 -1.1759154096e+02 5.3494843621e+02 -1.4904732615e-13 3.5826820586e+02
1.0000000000e+00 0.0000000000e+00 3.6419666753e+04 1.2730134449e+03 1.7082921671e+04 5.8860515667e+04 8.6490217099e+05 9.2215891821e+04 -4.9402625181e+01 3.3093391230e+01 7.8201054742e+01 -1.9784456449e+02 8.0454819904e+02 -1.4863507840e-13 2.5588970204e+01
1.0000000000e+00 0.0000000000e+00 5.1900380314e+03 6.2981702576e+03 2.7424337222e+03 1.0615011514e+04 3.3064308141e+05 2.8532656117e+04 -1.6179468391e+01 7.5066799701e+01 1.7179574388e+01 -8.9451084567e+01 4.3605320535e+02 -1.1905794989e-13 7.7104536208e+01
1.0000000000e+00 0.0000000000e+00 8.7882829358e+03 2.4634263651e+04 1.8500124330e+03 1.5545337724e+04 3.9779131865e+05 3.5800844166e+04 -2.5172863906e+01 1.5661072778e+02 1.6725005776e+01 -1.0686789331e+02 4.9608059474e+02 -1.2522755058e-13 1.1829357057e+02
1.0000000000e+00 0.0000000000e+00 1.5982896174e+04 1.9867712740e+04 2.6593530021e+03 3.1841362677e+04 6.2555984021e+05 5.8602340476e+04 -3.3762565542e+01 1.3916102266e+02 3.5878475309e+01 -1.4755418668e+02 6.5968810730e+02 -1.3725015155e-13 1.0347550733e+02
1.0000000000e+00 0.0000000000e+00 7.2373163431e+03 5.8375684755e+03 3.3654348394e+03 9.4251469290e+03 2.7568144090e+05 2.4543701037e+04 -2.2283798203e+01 7.4461612031e+01 2.5277075267e+01 -8.5252960464e+01 3.5637544651e+02 -1.2226604173e-13 1.3054306533e+02
1.0000000000e+00 0.0000000000e+00 9.6655262705e+04 2.5936824126e+05 4.5525411985e+04 1.0748997463e+05 1.0754776058e+06 1.5339814910e+05 -9.8238083900e+01 5.0879939743e+02 9.7589774486e+00 -2.0726059238e+02 9.5661610143e+02 -1.7898946408e-13 5.3710642366e+02
1.0000000000e+00 0.0000000000e+00 1.8572491310e+04 5.9507777072e+04 1.4783913960e+04 3.0326365073e+04 6.9284438151e+05 6.9630599360e+04 -9.5393447854e+00 -2.3554931798e+02 8.7492761248e+01 -1.5442533527e+02 6.5068605412e+02 -1.2791516243e-13 -3.4996556328e+02
1.0000000000e+00 0.0000000000e+00 8.7534655493e+03 1.6002245217e+03 5.7765905738e+03 1.5016256720e+04 3.5462505693e+05 3.3211407539e+04 -1.9778768938e+01 -3.4296322118e+01 4.0340615322e+01 -1.0377371378e+02 4.6433895662e+02 -1.1618264209e-13 -4.1900969088e+01
1.0000000000e+00 0.0000000000e+00 1.9166036495e+04 5.5239258131e+04 1.1867918834e+04 1.6780208332e+04 3.1760929064e+05 3.6798878298e+04 -4.1457433858e+01 2.3429261302e+02 -2.4711051723e+00 -9.0725275837e+01 4.5344955295e+02 -1.2688092807e-13 2.8176569758e+02
1.0000000000e+00 0.0000000000e+00 4.1781246729e+04 1.4304984365e+05 2.2139545440e+04 4.2937977242e+04 5.5227189842e+05 7.3182404866e+04 -6.2827518752e+01 3.7758675959e+02 -6.8075751617e+00 -1.3135186949e+02 6.4897599691e+02 -1.4557280404e-13 2.8095637730e+02
1.0000000000e+00 0.0000000000e+00 4.5368094763e+04 1.8658461570e+05 1.7961319904e+04 4.6658219478e+04 7.3204760161e+05 8.7308856520e+04 -6.3446696831e+01 4.2672613879e+02 -4.6576003098e+00 -1.4948753136e+02 7.2097773578e+02 -1.7590320283e-13 6.2913612598e+02
1.0000000000e+00 0.0000000000e+00 5.6873725511e+04 1.4433978018e+05 5.4721373621e+04 3.4307227878e+04 7.8528154878e+05 9.9061204021e+04 -6.4094622964e+01 3.7988099282e+02 -2.4038892883e+01 -1.3477707801e+02 7.8075621937e+02 -1.6015648665e-13 3.8584046231e+02
1.0000000000e+00 0.0000000000e+00 8.4414687895e+03 2.3910485857e+04 2.5940838862e+03 2.3006147181e+04 5.2311874527e+05 4.7888922277e+04 -5.9097160647e+00 1.5331845353e+02 2.6558231202e+00 -9.9175743819e+01 5.3696135724e+02 -1.3331358915e-13 1.1167631031e+02
1.0000000000e+00 0.0000000000e+00 6.0109995107e+03 3.6902905717e+04 4.4575831874e+03 6.7442753825e+03 2.9882039079e+05 2.6895441939e+04 -6.8123731289e+00 1.9157053582e+02 -1.9501701756e+01 -5.7661753501e+01 3.7174215092e+02 -1.2147854745e-13 2.8955471732e+02
1.0000000000e+00 0.0000000000e+00 3.1440632082e+04 9.8196046381e+04 2.3345989362e+04 2.0752798823e+04 3.6638355510e+05 4.8948933391e+04 -4.9897528275e+01 3.1202703779e+02 -1.6527758628e+01 -9.2599389655e+01 4.9896547819e+02 -1.4283841184e-13 4.3731625203e+02
1.0000000000e+00 0.0000000000e+00 8.4140546760e+03 4.2280151786e+03 8.8006818829e+03 2.0294567047e+04 3.2328719830e+05 3.4924043342e+04 9.1040328268e+00 5.3126298049e+00 3.3505770156e+01 -9.1773285803e+01 3.9833305873e+02 -1.2214101711e-13 1.8276180910e+02
1.0000000000e+00 0.0000000000e+00 2.9726081498e+04 1.7064839843e+05 1.5554217235e+04 1.9571481918e+04 4.9103047314e+05 5.7023904127e+04 -4.5417854365e+01 4.0999712688e+02 -2.5500862653e+01 -1.0774306189e+02 5.8622620280e+02 -1.4832382568e-13 4.7455947427e+02
1.0000000000e+00 0.0000000000e+00 1.5262084748e+04 5.0358387823e+04 7.4344302142e+03 1.5651377896e+04 3.6606791818e+05 3.7395071052e+04 -3.6374199091e+01 2.2361828589e+02 2.0612060605e+00 -1.0159745367e+02 5.0534533871e+02 -1.2326476080e-13 2.7684604541e+02
1.0000000000e+00 0.0000000000e+00 1.3123219750e+04 5.1542313921e+04 1.1809703709e+04 2.3181491469e+04 4.7989954884e+05 5.0401018938e+04 6.6923509380e+00 -2.1699515859e+02 7.6906845342e+01 -1.2238644625e+02 4.8949057078e+02 -1.1566436502e-13 -2.2423803976e+02
1.0000000000e+00 0.0000000000e+00 2.2491747998e+04 9.8703523915e+04 1.1155612237e+04 2.3220437157e+04 6.0339567555e+05 6.0776115303e+04 -3.9130852228e+01 3.1374115330e+02 -5.7426580067e+00 -1.2387958061e+02 6.3887556527e+02 -1.5197011187e-13 4.0316475619e+02
1.0000000000e+00 0.0000000000e+00 1.8931000882e+05 8.1578959056e+05 1.2104123092e+05 1.3362809319e+05 1.3693452843e+06 2.4506376218e+05 -1.2808014652e+02 8.9676004155e+02 -6.2861881736e+01 -1.9513999804e+02 1.0552170495e+03 -2.2900071155e-13 1.0608314657e+03
1.0000000000e+00 0.0000000000e+00 1.0170411348e+04 3.5822418301e+04 3.2667927561e+03 1.3482033175e+04 3.3570310618e+05 3.1856076227e+04 -2.6350125938e+01 1.8877613492e+02 1.0964117977e+01 -9.8502297077e+01 4.5310325032e+02 -1.1773296707e-13 1.3614528941e+02
1.0000000000e+00 0.0000000000e+00 5.4777563908e+03 4.2301148140e+04 1.3158440158e+03 1.1133990975e+04 4.2674731598e+05 3.6397416907e+04 -1.4048217884e+01 1.9925238269e+02 -3.5731581048e+00 -9.3271353289e+01 5.0340348033e+02 -1.3363606420e-13 2.6737444107e+02
1.0000000000e+00 0.0000000000e+00 1.2311851031e+04 3.2084511385e+04 7.3281361436e+03 1.4292326999e+04 3.6799741830e+05 3.5960442228e+04 -3.1537483130e+01 1.7798359554e+02 4.2068006028e+00 -9.7462720328e+01 4.9736200378e+02 -1.2392790237e-13 1.2808127159e+02
1.0000000000e+00 0.0000000000e+00 1.3341199674e+04 5.2105667160e+02 4.2402211340e+03 2.4388053755e+04 3.9939206127e+05 3.9744496600e+04 -2.7307055952e+01 1.2885345413e+01 5.3532648497e+01 -1.2871050847e+02 5.1273288051e+02 -1.1498753998e-13 -5.7062009525e+01
1.0000000000e+00 0.0000000000e+00 2.7669051848e+04 3.4838469304e+03 1.0241143855e+04 4.2816932259e+04 6.4151714215e+05 6.7096448581e+04 -4.4022056943e+01 5.3786291504e+01 6.8625647108e+01 -1.7268628532e+02 6.8156104413e+02 -1.3864400500e-13 6.9576228556e+01
1.0000000000e+00 0.0000000000e+00 4.7468460726e+03 3.4182003126e+04 1.7747381571e+03 5.7158656681e+03 3.0421002849e+05 2.5501774513e+04 -1.4523951580e+01 1.8223551218e+02 -8.4367745430e+00 -6.9420862737e+01 3.8674633303e+02 -1.2305820297e-13 2.0618149251e+02
1.0000000000e+00 0.0000000000e+00 4.0031595955e+03 1.4693626025e+03 3.1861591928e+03 6.3892756393e+03 2.9897426609e+05 2.4444209079e+04 -1.2075181619e+01 -3.1529009523e+01 2.9025385718e+01 -7.7617996038e+01 3.5898198667e+02 -1.1927860465e-13 7.9147635885e+00
1.0000000000e+00 0.0000000000e+00 6.9025948200e+04 1.0268016360e+05 5.6157003984e+04 5.8213396321e+04 9.4862557236e+05 1.1941553012e+05 -7.7456709362e+01 3.2013457389e+02 7.4928917340e+00 -1.6875061048e+02 8.5100894036e+02 -1.7329852266e-13 4.0618209190e+02
1.0000000000e+00 0.0000000000e+00 2.4393541861e+04 6.7289752676e+04 1.4813569725e+04 2.5663247393e+04 5.4048098041e+05 5.7671887832e+04 -4.5003066541e+01 2.5099304454e+02 4.0662046574e+00 -1.2254931866e+02 6.1321818148e+02 -1.3385282065e-13 2.9468357602e-01
1.0000000000e+00 0.0000000000e+00 2.9634933505e+04 9.7290525087e+04 2.2928061201e+04 1.9744010941e+04 4.6598657951e+05 5.4967074109e+04 -4.8940966531e+01 3.1150460050e+02 -1.6551309858e+01 -1.0201997927e+02 5.6283495417e+02 -1.3984038074e-13 2.4999038547e+02
1.0000000000e+00 0.0000000000e+00 1.7571694038e+04 1.2926080488e+04 1.2883222234e+04 2.2201176238e+04 6.0732417265e+05 5.7080622305e+04 -3.6471251626e+01 1.0694369035e+02 2.3835685507e+01 -1.3030887894e+02 6.4463111470e+02 -1.4254624892e-13 9.5655841159e+01
1.0000000000e+00 0.0000000000e+00 6.1572675434e+03 5.8884852838e+03 7.0457163104e+03 2.1734052933e+04 7.0328173181e+05 6.0458838799e+04 -7.2666991803e+00 -2.9514083458e+01 2.6433032146e+01 -1.1541957065e+02 6.2825354479e+02 -1.3483112815e-13 -2.1201266941e+02
1.0000000000e+00 0.0000000000e+00 1.7884397081e+05 6.2109252363e+05 1.1861784102e+05 1.4654834802e+05 1.1180202841e+06 2.2332534719e+05 -1.2634782610e+02 7.8546354532e+02 -4.3296543333e+01 -1.9138845229e+02 9.8645872347e+02 -2.0277166114e-13 9.2236917513e+02
1.0000000000e+00 0.0000000000e+00 4.8332033242e+03 4.2916353829e+04 2.5165026772e+03 1.2878856988e+04 3.9211596563e+05 3.5405147532e+04 5.5825274740e+00 2.0234940485e+02 -1.8012532416e+01 -6.3279682554e+01 3.9203852170e+02 -1.3516229051e-13 2.3703128117e+02
1.0000000000e+00 0.0000000000e+00 1.1864730031e+04 3.3686771950e+04 5.6813144596e+03 1.2817652977e+04 3.4387547773e+05 3.3040534008e+04 -3.1522780372e+01 1.7947229467e+02 7.7502935872e+00 -9.1856405720e+01 4.3586477077e+02 -1.3742586884e-13 2.8585304462e+02
1.0000000000e+00 0.0000000000e+00 9.4303469105e+02 1.4836639588e+03 1.3492091672e+03 4.5900717327e+03 1.9073134779e+05 1.5559090549e+04 1.4857466358e+00 -1.7194375383e+01 1.2146036746e+01 -4.6766393391e+01 2.4920851477e+02 -9.7815943795e-14 -8.2381329101e+01
1.0000000000e+00 0.0000000000e+00 3.5868583165e+03 2.7149814158e+04 6.9244216987e+02 4.9931494463e+03 1.5735277781e+05 1.4482958426e+04 -1.0735513970e+01 1.6211070880e+02 -4.6602092838e+00 -5.6422588688e+01 2.8995695579e+02 -9.9695984667e-14 2.1947325636e+02
1.0000000000e+00 0.0000000000e+00 2.5669049919e+04 1.3469786345e+05 1.7729037833e+04 1.1372980394e+04 3.4566054882e+05 4.2698144857e+04 -4.1996856929e+01 3.5598174129e+02 -3.2110846597e+01 -7.4542370904e+01 4.4511474668e+02 -1.4647407584e-13 5.2862304175e+02
1.0000000000e+00 0.0000000000e+00 5.7497944279e+03 1.5639940253e+04 1.4405529242e+03 1.9096041736e+04 4.6258827783e+05 4.1143152777e+04 -3.0581895638e+00 1.1010709962e+02 1.3778983424e+01 -9.6911634193e+01 4.8223205331e+02 -1.3809100315e-13 2.1773577199e+02
1.0000000000e+00 0.0000000000e+00 6.7614160961e+04 4.6968788656e+04 4.1039046223e+04 8.6254069442e+04 1.2205540409e+06 1.4111158734e+05 -7.8522346310e+01 2.1596028065e+02 4.9115119530e+01 -2.1790140140e+02 9.9130375598e+02 -1.7354711098e-13 2.3181728500e+02
1.0000000000e+00 0.0000000000e+00 3.3952878373e+04 1.3899921564e+05 2.5604851856e+04 2.0441081390e+04 4.0363179426e+05 5.4305654084e+04 -4.9940998431e+01 3.7198942610e+02 -2.6856573964e+01 -9.2368761137e+01 5.1951057421e+02 -1.3684727428e-13 3.1295208397e+02
1.0000000000e+00 0.0000000000e+00 7.4594364403e+04 3.3068803966e+05 2.8557156880e+04 7.4679230083e+04 9.9267100543e+05 1.2920570038e+05 -8.1081877208e+01 5.6752784136e+02 -8.6769943651e+00 -1.8906967933e+02 9.0928347188e+02 -1.8933670241e-13 8.2030886204e+02
1.0000000000e+00 0.0000000000e+00 3.0965411382e+04 1.9896699852e+05 1.3463283428e+04 2.5358220502e+04 6.7663596818e+05 7.2623927473e+04 -4.4978606770e+01 4.3035497735e+02 -2.6208322944e+01 -1.2503484957e+02 6.9203856716e+02 -1.6705758351e-13 6.3140676807e+02
1.0000000000e+00 0.0000000000e+00 3.8514172801e+04 1.6772671430e+05 1.6087737087e+04 4.2363598240e+04 6.9786253045e+05 8.1327015419e+04 -5.7565817102e+01 4.0893931125e+02 -7.7715336468e+00 -1.4232467646e+02 7.0586305431e+02 -1.6546541954e-13 5.1631214179e+02
1.0000000000e+00 0.0000000000e+00 2.4225085442e+04 3.9335333060e+04 2.4959308186e+04 1.3332499265e+04 4.0345322422e+05 4.5870410658e+04 -4.1397181182e+01 1.9360516023e+02 -6.4996389802e+00 -9.1750211256e+01 5.1608725064e+02 -1.2384681272e-13 1.2890012860e+02
1.0000000000e+00 0.0000000000e+00 1.3776886536e+04 6.9350998792e+03 7.3923298150e+03 4.4105547076e+04 7.6911916996e+05 7.5204258443e+04 -2.8762335900e+00 -5.0039422145e+01 6.4128588719e+01 -1.5922958536e+02 6.9628270988e+02 -1.4981856976e-13 1.7564148119e+02
1.0000000000e+00 0.0000000000e+00 1.1708019687e+04 2.4879274821e+04 9.9856590125e+03 8.6691253954e+03 2.4618936235e+05 2.6014123931e+04 -3.0388629878e+01 1.4521197214e+02 -1.2909332790e+00 -6.9878860700e+01 3.7125799808e+02 -1.0914088695e-13 2.7737903783e+00
1.0000000000e+00 0.0000000000e+00 7.5262128781e+03 1.0812163310e+03 6.8988694552e+03 1.9052983896e+04 4.3264178725e+05 4.0742243678e+04 -3.6408905001e+00 2.4163233978e+00 4.7708402803e+01 -1.1927976436e+02 4.9435987436e+02 -1.1973298619e-13 -7.3494551887e+01
1.0000000000e+00 0.0000000000e+00 2.8453775756e+04 1.3505621627e+05 1.6794071938e+04 1.8874714867e+04 5.1095724218e+05 5.6822772499e+04 -4.6358568316e+01 3.6679253674e+02 -1.9696147303e+01 -1.0704335033e+02 5.7609666245e+02 -1.5247723239e-13 4.0521014921e+02
1.0000000000e+00 0.0000000000e+00 2.3678884454e+04 2.2546902430e+05 8.5398606974e+03 1.7022484011e+04 5.0683075581e+05 5.6622308628e+04 -2.0181396530e+01 4.5176104813e+02 -4.4068735851e+01 -9.3368520650e+01 5.7787432152e+02 -1.6100773363e-13 7.5973332646e+02
1.0000000000e+00 0.0000000000e+00 1.9631404578e+04 5.8031400269e+04 3.7669492338e+03 3.8339060616e+04 8.1913610481e+05 7.6925852077e+04 -3.6209701117e+01 2.4002660095e+02 2.5155191108e+01 -1.6448494703e+02 7.6805099361e+02 -1.5793563074e-13 2.2925501143e+02
1.0000000000e+00 0.0000000000e+00 1.7535272722e+04 5.2671079585e+03 8.3653190659e+03 2.2348733121e+04 3.8815296793e+05 4.0079476130e+04 -3.6477032383e+01 7.0736293803e+01 4.3194646305e+01 -1.2193745505e+02 4.9090543190e+02 -1.2710145366e-13 9.1454476499e+01
1.0000000000e+00 0.0000000000e+00 8.3407701962e+03 9.2335599243e+03 5.8495589981e+03 1.1257426215e+04 3.7044018392e+05 3.2984536378e+04 -1.7879825187e+01 -8.3909979429e+01 4.4984414997e+01 -9.9530695772e+01 4.4254263438e+02 -1.1666494284e-13 -1.2467711553e+02
1.0000000000e+00 0.0000000000e+00 1.3195898267e+05 4.9182827214e+05 9.5339053745e+04 9.0324245418e+04 9.4928797215e+05 1.7012277906e+05 -1.0442680140e+02 7.0059299676e+02 -4.8115849522e+01 -1.6353176589e+02 8.9249298455e+02 -1.7722265954e-13 6.7092071740e+02
1.0000000000e+00 0.0000000000e+00 1.7100534130e+04 2.2220235700e+04 1.0270449439e+04 1.7309146832e+04 2.8285760646e+05 3.2378511994e+04 -4.0396884928e+01 1.4615658905e+02 1.3568478286e+01 -8.8439136461e+01 4.0010522461e+02 -1.2750767564e-13 2.7502355261e+02
1.0000000000e+00 0.0000000000e+00 5.4717321148e+03 1.4581387883e+03 2.8009798468e+03 1.0132396838e+04 2.4803057398e+05 2.2543735064e+04 -1.8443964247e+01 3.3862927372e+01 2.7446403228e+01 -8.6879126120e+01 3.8326612819e+02 -1.0616042074e-13 5.3137025809e-01
1.0000000000e+00 0.0000000000e+00 4.2191652183e+03 6.3841566667e+03 2.4833443283e+03 1.2580056180e+04 2.6344759193e+05 2.4794240497e+04 -3.0138091270e+00 -7.7773703359e+01 3.8515155688e+01 -8.6497704181e+01 3.9187211079e+02 -1.0027863914e-13 -1.0125360802e+02
1.0000000000e+00 0.0000000000e+00 3.7760444858e+03 3.1391447125e+03 8.2434926174e+02 1.1946391185e+04 2.9774431423e+05 2.5938786318e+04 -9.0752690233e+00 5.3554747597e+01 2.0195353314e+01 -8.7339421745e+01 4.1835055040e+02 -1.1773369067e-13 1.3681242733e+02
1.0000000000e+00 0.0000000000e+00 3.9936702312e+04 1.1193187888e+05 2.1581458643e+04 3.6842385190e+04 5.5806703100e+05 6.9035807824e+04 -6.1453004329e+01 3.3070781278e+02 1.2780891950e+00 -1.3037934021e+02 6.2509572090e+02 -1.5021704890e-13 3.9602546856e+02
1.0000000000e+00 0.0000000000e+00 8.6662842648e+03 7.8231725961e+04 4.5456486865e+03 4.4938213846e+03 2.6544783064e+05 2.5715779042e+04 -1.5830470922e+01 2.7743888860e+02 -2.9282668958e+01 -5.9459681646e+01 3.8335904745e+02 -1.2080648883e-13 3.1380705091e+02
1.0000000000e+00 0.0000000000e+00 3.9506957209e+04 5.2542671778e+04 2.7243816543e+04 4.0258923270e+04 6.8455266668e+05 7.8590940402e+04 -6.0647062413e+01 2.2654791494e+02 1.7173613197e+01 -1.4464546160e+02 6.9574106935e+02 -1.4908813549e-13 1.9341893417e+02
1.0000000000e+00 0.0000000000e+00 1.5945697024e+03 1.0529443079e+03 9.5869198810e+02 2.5887646716e+03 1.4956664203e+05 1.1695756558e+04 -9.6360977487e+00 1.9247169886e+01 1.2351035223e+01 -4.7986546700e+01 2.2929355557e+02 -9.4934757995e-14 6.1632580043e+01
1.0000000000e+00 0.0000000000e+00 1.1493683710e+04 1.3578867143e+03 4.8717989644e+03 2.4713666741e+04 5.2452670881e+05 4.8621901624e+04 -2.2768930576e+01 -2.3988189116e+01 5.6487812885e+01 -1.4070820853e+02 6.0157436027e+02 -1.1831196774e-13 -1.1357675249e+02
1.0000000000e+00 0.0000000000e+00 7.6822209863e+03 4.6402840018e+04 4.3410389030e+03 6.1712601618e+03 3.0493696145e+05 2.7467471476e+04 -2.0822015868e+01 2.0865968327e+02 -1.2650891831e+01 -7.1558451758e+01 4.0869071707e+02 -1.3061803752e-13 3.3682116054e+02
1.0000000000e+00 0.0000000000e+00 3.5516896446e+04 1.0287367350e+05 3.0703731336e+04 2.1089534094e+04 4.9074336449e+05 6.0868811757e+04 -5.3711253892e+01 3.2058110527e+02 -2.0679714356e+01 -1.0145224414e+02 5.7880204643e+02 -1.4251945634e-13 3.3070678009e+02
1.0000000000e+00 0.0000000000e+00 7.8550408245e+04 2.4554443831e+05 6.1660550788e+04 5.5041981552e+04 8.1659026029e+05 1.1854109465e+05 -7.8660011448e+01 4.9415608697e+02 -2.7292557901e+01 -1.4667689683e+02 7.9755827553e+02 -1.7475694214e-13 5.7684790144e+02
1.0000000000e+00 0.0000000000e+00 1.6830990555e+04 1.2239717645e+05 6.8994326691e+03 9.7966485534e+03 3.0754217514e+05 3.4144509531e+04 -3.1282433395e+01 3.4512271089e+02 -2.2938585797e+01 -8.2009187354e+01 4.4451358551e+02 -1.3423560299e-13 4.6172355592e+02
1.0000000000e+00 0.0000000000e+00 9.5064331121e+04 4.7863821337e+05 4.8141238113e+04 7.5540225045e+04 1.2604200329e+06 1.6336549946e+05 -8.7147848473e+01 6.8509678911e+02 -3.3897592073e+01 -1.9393349541e+02 1.0171520122e+03 -2.1111819209e-13 1.0141748927e+03
1.0000000000e+00 0.0000000000e+00 1.9119785108e+04 7.9420762630e+04 4.5140900237e+03 2.7750026603e+04 6.0492241417e+05 5.9109993955e+04 -3.6864701546e+01 2.7925113629e+02 1.0169934066e+01 -1.3736459170e+02 6.5291535727e+02 -1.4743540932e-13 3.4550839585e+02
1.0000000000e+00 0.0000000000e+00 1.5762853165e+04 9.0393866383e+04 8.5385520837e+03 9.5992500499e+03 2.9723545761e+05 3.2485357707e+04 -3.1372122006e+01 3.0012170929e+02 -1.7690718597e+01 -7.7993011825e+01 4.1697790455e+02 -1.3159845017e-13 3.5467817659e+02
1.0000000000e+00 0.0000000000e+00 7.3352455117e+04 1.5257921203e+05 5.4194344159e+04 6.2389438814e+04 6.4915265600e+05 1.0278397207e+05 -8.2464563209e+01 3.8845147243e+02 -5.2567492904e+00 -1.4449684244e+02 7.1941807646e+02 -1.4738010429e-13 2.8012609999e+02
1.0000000000e+00 0.0000000000e+00 1.6424727911e+04 4.0307200733e+04 6.9494910776e+03 2.0923762547e+04 3.9397107031e+05 4.0949609913e+04 -3.8553435154e+01 1.9605171527e+02 1.2898814523e+01 -1.1232832245e+02 5.2830362840e+02 -1.3211723564e-13 3.0753698631e+02
1.0000000000e+00 0.0000000000e+00 1.1977968823e+05 5.0309161526e+05 6.4615439590e+04 1.0426249674e+05 1.3490287324e+06 1.9062456052e+05 -1.0165563802e+02 7.0286537907e+02 -2.7434720303e+01 -2.1079899381e+02 1.0760463516e+03 -2.0387384307e-13 9.0669019028e+02
1.0000000000e+00 0.0000000000e+00 9.2535002184e+03 9.2885466217e+03 5.7819445992e+03 1.0355636996e+04 3.0771244175e+05 2.8331292699e+04 -2.6487449971e+01 9.4651475209e+01 1.8213483606e+01 -9.0780611362e+01 4.2395970149e+02 -1.2106926854e-13 1.3334069081e+02
1.0000000000e+00 0.0000000000e+00 5.4493413431e+03 2.1663280357e+04 3.7872849353e+03 6.1060645968e+03 1.9319417439e+05 1.8459588517e+04 -4.4323688348e+00 -1.4055860586e+02 5.0306161524e+01 -7.4326026970e+01 2.8065128557e+02 -9.4856819178e-14 -1.7613963883e+02
1.0000000000e+00 0.0000000000e+00 6.2766286312e+03 3.4106951152e+03 2.3062831242e+03 1.1678244165e+04 3.2898296179e+05 2.8570906627e+04 -1.6268982591e+01 5.1644205310e+01 3.5564418249e+01 -1.0200546045e+02 4.1985054215e+02 -1.2239615280e-13 1.1704970432e+02
1.0000000000e+00 0.0000000000e+00 1.6372730602e+04 1.3340700585e+04 1.5584339560e+04 1.3618281239e+04 5.0273232947e+05 4.7349696502e+04 -3.2375063574e+01 1.1310852884e+02 1.2842517486e+01 -1.0707467414e+02 5.5435217627e+02 -1.3417815577e-13 4.5714967919e+01
1.0000000000e+00 0.0000000000e+00 1.4252136971e+04 4.7052477772e+04 9.2622031118e+03 1.1598130634e+04 4.2870871109e+05 4.0399828598e+04 -3.1898458716e+01 2.1170975043e+02 -2.0866549919e+00 -9.5190913810e+01 4.9761835360e+02 -1.4411613597e-13 3.8687368963e+02
1.0000000000e+00 0.0000000000e+00 5.4671490961e+04 1.6344863078e+05 4.1122397558e+04 4.1883933496e+04 5.8049316678e+05 8.3796322399e+04 -6.6972771316e+01 4.0387289014e+02 -1.7639392097e+01 -1.2779682982e+02 6.7516521920e+02 -1.4358100058e-13 3.2710431336e+02
1.0000000000e+00 0.0000000000e+00 2.5573763502e+05 9.7835044018e+05 1.3770008772e+05 2.4298392640e+05 2.2063870348e+06 3.6603534043e+05 -1.5395007266e+02 9.8526498583e+02 -3.4871440576e+01 -2.8370216098e+02 1.4061200471e+03 -2.4613465700e-13 1.1998475916e+03
1.0000000000e+00 0.0000000000e+00 1.2140487931e+04 3.9434979594e+04 1.1603345401e+04 6.9115277932e+03 2.8846201989e+05 2.9480067616e+04 -2.6143885717e+01 1.9720493809e+02 -1.3214380648e+01 -6.8375977101e+01 3.9933200690e+02 -1.1637993648e-13 9.5996321543e+01
1.0000000000e+00 0.0000000000e+00 4.0084169182e+04 3.4955561773e+04 2.0439819877e+04 5.6121081933e+04 5.5431992352e+05 7.3200979308e+04 -4.4367570022e+01 -1.5027990290e+02 1.0307787338e+02 -1.7697227169e+02 6.3966020903e+02 -1.0719376787e-13 -3.9455053685e+02
1.0000000000e+00 0.0000000000e+00 3.7277148788e+04 9.0400385698e+04 1.8254904632e+04 4.6334277872e+04 5.4176212353e+05 6.9731993009e+04 -5.9406819111e+01 3.0018610546e+02 1.2336334321e+01 -1.3987491895e+02 6.4050869657e+02 -1.5077132007e-13 4.1184350451e+02
1.0000000000e+00 0.0000000000e+00 2.1589222831e+04 4.1441819185e+04 1.2983776433e+04 2.2917165642e+04 5.3854207046e+05 5.4232201061e+04 -4.2671868325e+01 2.0219663266e+02 1.3349389185e+01 -1.2580375688e+02 6.1149078008e+02 -1.4619518517e-13 2.8893620630e+02
1.0000000000e+00 0.0000000000e+00 1.6115058787e+04 1.1534442303e+04 7.5052996915e+03 2.7866082234e+04 5.8684741076e+05 5.5877753174e+04 -2.9696878007e+01 -3.7477719084e+01 6.0076699900e+01 -1.4808991371e+02 6.3812118127e+02 -1.1889952785e-13 -2.0346098656e+02
1.0000000000e+00 0.0000000000e+00 9.7587830731e+04 6.0894965020e+04 2.9436804027e+04 1.5770486616e+05 1.5121014575e+06 1.8871722870e+05 -9.7800621512e+01 2.4509453293e+02 8.6168699733e+01 -2.7282764778e+02 1.1016550385e+03 -1.8633656114e-13 1.8914186715e+02
1.0000000000e+00 0.0000000000e+00 3.3667770481e+04 1.1078015960e+05 1.8556152993e+04 3.0664429582e+04 4.8269031025e+05 5.9811289080e+04 -5.5935585821e+01 3.3184352074e+02 -5.5212562475e+00 -1.1717950125e+02 5.7909720399e+02 -1.4005160060e-13 2.8198431851e+02
1.0000000000e+00 0.0000000000e+00 1.9563066688e+03 1.8081838377e+03 2.0006264609e+03 9.0920700522e+03 3.5276222895e+05 2.8789821544e+04 -6.0426970310e+00 3.6242528345e+01 1.1333130652e+01 -7.8594338182e+01 4.2909185505e+02 -1.1824470491e-13 2.8526238549e+01
1.0000000000e+00 0.0000000000e+00 9.4794195062e+03 9.7926968126e+03 8.9299755804e+03 8.6945613759e+03 3.2470674009e+05 3.0105220911e+04 -2.3765086506e+01 8.7699532415e+01 1.0834900581e+01 -8.3013366405e+01 4.2414556099e+02 -1.1315172904e-13 -3.2075562076e+01
1.0000000000e+00 0.0000000000e+00 6.0570767054e+04 3.2960264777e+05 3.3287014417e+04 3.9377289022e+04 9.0673275998e+05 1.0944784420e+05 -6.6711735261e+01 5.6732547391e+02 -3.6055848726e+01 -1.5148043376e+02 8.3219976175e+02 -1.8037682741e-13 7.3075607834e+02
1.0000000000e+00 0.0000000000e+00 1.1600002513e+05 5.4118894253e+05 6.4213895488e+04 8.8857900459e+04 9.0047277260e+05 1.5520081404e+05 -9.8109090623e+01 7.2413467012e+02 -4.3597503155e+01 -1.6692052504e+02 8.6900040122e+02 -1.9350161656e-13 9.9504099960e+02
1.0000000000e+00 0.0000000000e+00 1.5594205097e+05 5.4000454442e+05 1.1195606548e+05 1.1983404530e+05 1.0858279601e+06 2.0219696569e+05 -1.1696465472e+02 7.2820277892e+02 -4.4612498723e+01 -1.7935958902e+02 9.5614088032e+02 -2.0162666230e-13 9.1060969336e+02
1.0000000000e+00 0.0000000000e+00 2.5248217656e+04 2.3774599521e+04 1.3356132259e+04 3.7647365540e+04 5.1152705697e+05 5.8362422714e+04 -2.8707261504e+01 -1.5009391054e+02 9.0314847554e+01 -1.5887593994e+02 5.9966415214e+02 -1.1390131577e-13 -1.8526162073e+02
1.0000000000e+00 0.0000000000e+00 2.9924038415e+04 5.4118685411e+04 1.5041805080e+04 3.3446370701e+04 3.6365144914e+05 4.8744597718e+04 -5.5389959541e+01 2.3131799599e+02 1.4679413561e+01 -1.1605381247e+02 5.1599795138e+02 -1.3174829392e-13 3.4206779860e+02
1.0000000000e+00 0.0000000000e+00 5.0704993769e+03 1.7359493430e+04 4.9393382154e+03 4.0169728934e+03 2.8831197191e+05 2.4196235559e+04 -1.5061647706e+01 1.2962038913e+02 -7.2819182653e+00 -6.1439753232e+01 3.6438823787e+02 -1.1961769170e-13 9.9026776845e+01
1.0000000000e+00 0.0000000000e+00 7.6806264871e+04 2.8734679466e+05 4.5265059297e+04 6.2842655931e+04 7.4910579679e+05 1.1252964909e+05 -8.2766415713e+01 5.2633197782e+02 -2.1858781699e+01 -1.4989405675e+02 7.6069401191e+02 -1.8169541284e-13 7.1487570193e+02
1.0000000000e+00 0.0000000000e+00 7.6870113843e+03 1.9049830070e+04 1.5943697431e+03 1.2038250820e+04 3.0897665977e+05 2.7854883163e+04 -2.4990267260e+01 1.3731541166e+02 1.6006833700e+01 -9.1749896322e+01 4.1323827032e+02 -1.2120130837e-13 1.6360486994e+02
1.0000000000e+00 0.0000000000e+00 9.0998712003e+03 9.6745662702e+03 8.5518225937e+03 8.3100245912e+03 2.8804843290e+05 2.7296856839e+04 -2.5072510384e+01 8.9569122632e+01 7.9488884401e+00 -7.8529291609e+01 4.1112137919e+02 -1.0762827957e-13 -1.0818599131e-01
1.0000000000e+00 0.0000000000e+00 1.5683652638e+04 1.1042333555e+04 3.9383837807e+03 3.5120970265e+04 5.8470823785e+05 5.7452425573e+04 -3.2582304500e+01 1.0499691170e+02 4.2270302562e+01 -1.5062050157e+02 6.6446484880e+02 -1.3122357031e-13 1.2244039174e+02
1.0000000000e+00 0.0000000000e+00 1.0302201700e+04 3.2046334648e+04 1.5996979868e+03 2.1272987312e+04 4.6981252865e+05 4.3493693009e+04 -2.3525272404e+01 1.7728251100e+02 1.8539589625e+01 -1.2084320706e+02 5.6320106210e+02 -1.2959180295e-13 2.4281428595e+02
1.0000000000e+00 0.0000000000e+00 5.6352103512e+04 2.9498206721e+05 3.2423686183e+04 3.8752677339e+04 6.5099615456e+05 8.9879751511e+04 -6.5360439628e+01 5.3765877130e+02 -3.5395997606e+01 -1.3095217422e+02 7.1178086986e+02 -1.7044396291e-13 7.4879488931e+02
1.0000000000e+00 0.0000000000e+00 1.1331545747e+05 3.2825589642e+05 5.3372310932e+04 1.1840926192e+05 1.2094736181e+06 1.7413887309e+05 -1.0611845759e+02 5.7141565298e+02 4.2552354278e+00 -2.1609400254e+02 1.0052211600e+03 -1.8656282882e-13 6.3141264254e+02
1.0000000000e+00 0.0000000000e+00 7.1143131875e+04 3.6854228517e+05 4.7681382118e+04 4.0164828192e+04 9.7447705198e+05 1.2249202300e+05 -6.9679693373e+01 6.0385615005e+02 -4.6356974163e+01 -1.4948805894e+02 8.5795812954e+02 -1.8255979939e-13 6.5875586450e+02
1.0000000000e+00 0.0000000000e+00 4.9628826114e+04 2.3384411382e+05 3.3758367337e+04 3.0625615735e+04 3.9333413474e+05 6.6425334462e+04 -6.0891749871e+01 4.7907124686e+02 -3.8354521046e+01 -9.6783918605e+01 5.4412429521e+02 -1.4655104363e-13 5.7241829680e+02
1.0000000000e+00 0.0000000000e+00 2.0046733946e+04 6.9331240526e+03 7.7701925233e+03 3.7884795258e+04 6.4315228082e+05 6.4081648499e+04 -3.3211464634e+01 -2.9763241229e+01 6.5243431999e+01 -1.5683388880e+02 6.5811731798e+02 -1.2466962428e-13 -2.7193513682e+02
1.0000000000e+00 0.0000000000e+00 7.1207683362e+04 4.7957565492e+05 3.2554926583e+04 4.5198476796e+04 7.0579767286e+05 1.0566914048e+05 -7.1345620811e+01 6.7948921568e+02 -5.1726408332e+01 -1.3614913984e+02 7.4706431731e+02 -1.7993809066e-13 9.3015611082e+02
1.0000000000e+00 0.0000000000e+00 7.8278112778e+04 4.0919033522e+05 3.4020996156e+04 5.9622863761e+04 1.1448073309e+06 1.3886912362e+05 -7.8765974075e+01 6.3342258741e+02 -2.6717085818e+01 -1.8236674648e+02 9.3137570063e+02 -1.9820171850e-13 7.6622268105e+02
1.0000000000e+00 0.0000000000e+00 8.8133125311e+03 4.5495451354e+04 5.7774407832e+03 5.4365739859e+03 2.5061323727e+05 2.4055787962e+04 -2.2928170325e+01 2.1259655255e+02 -1.2402079837e+01 -6.5615643800e+01 3.6424703312e+02 -1.2114802693e-13 2.3301724113e+02
1.0000000000e+00 0.0000000000e+00 7.6898150934e+04 3.2538855167e+05 5.7046267873e+04 4.6658410866e+04 7.8480461872e+05 1.1457318699e+05 -7.6198876259e+01 5.6814168561e+02 -4.2797064973e+01 -1.3795831837e+02 7.8389702861e+02 -1.7469448842e-13 6.8900675192e+02
1.0000000000e+00 0.0000000000e+00 1.9472634213e+04 4.9937798547e+03 1.2820520425e+04 3.2783594582e+04 6.3897030754e+05 6.3574868325e+04 -3.2738199366e+01 -4.3593596035e+01 5.8413910828e+01 -1.5471240072e+02 6.9779962352e+02 -1.2137356331e-13 -1.4112609169e+02
1.0000000000e+00 0.0000000000e+00 3.4635513258e+03 1.6178406206e+04 2.2844600514e+03 7.8358969026e+03 2.6641431941e+05 2.3247354759e+04 -5.5209338252e-01 8.8311151403e+01 1.1978791885e+01 -7.0418212938e+01 3.3168745685e+02 -1.2658686317e-13 3.0535695950e+02
1.0000000000e+00 0.0000000000e+00 5.6672909246e+04 8.1571326115e+04 3.3429638038e+04 6.6565746232e+04 7.6752482773e+05 1.0016984538e+05 -7.4395509400e+01 2.8451718705e+02 2.4219997967e+01 -1.7172149814e+02 7.8997147032e+02 -1.4775509755e-13 2.1576781290e+02
1.0000000000e+00 0.0000000000e+00 6.1356763015e+03 1.2041121453e+04 1.9305134400e+03 1.4331863270e+04 3.7146808254e+05 3.2893336619e+04 -1.8886085120e+01 1.0767975894e+02 1.6203803004e+01 -9.7585202810e+01 4.7300450420e+02 -1.2998376744e-13 2.5106523848e+02
1.0000000000e+00 0.0000000000e+00 2.3032052482e+03 1.0237370902e+04 9.3877839323e+02 7.5630445245e+03 2.2912525405e+05 1.9741910695e+04 9.1764478675e-01 9.8048825162e+01 -5.2078303812e+00 -5.1148581652e+01 3.0512976104e+02 -1.1797664264e-13 2.0216799548e+02
1.0000000000e+00 0.0000000000e+00 1.6227139747e+05 1.9233481202e+05 1.0452558664e+05 1.8496702525e+05 1.8035230252e+06 2.5951784652e+05 -1.2393995263e+02 4.3192920974e+02 4.3366289480e+01 -2.7456642448e+02 1.2502531295e+03 -2.0138414644e-13 4.0745626714e+02
1.0000000000e+00 0.0000000000e+00 8.6590185773e+03 1.5823694093e+03 4.8890707016e+03 2.2260169188e+04 5.5179183377e+05 4.9364862535e+04 -2.1198569215e+01 3.7695649989e+01 3.4858472378e+01 -1.3128737522e+02 6.3149599585e+02 -1.2900352464e-13 1.0591696187e+02
1.0000000000e+00 0.0000000000e+00 2.3945678968e+04 1.8856750149e+04 1.9013337061e+04 2.4623862237e+04 5.4710874331e+05 5.7062057672e+04 -4.4658492864e+01 1.2102822413e+02 2.0629064162e+01 -1.2427085902e+02 6.1423014597e+02 -1.3222442448e-13 3.7415465501e+01
1.0000000000e+00 0.0000000000e+00 8.6705792882e+04 1.2306928083e+05 6.3224284609e+04 9.2524033999e+04 1.1564163475e+06 1.5296144663e+05 -8.9576861050e+01 3.4435377166e+02 1.8769141860e+01 -2.0003712628e+02 9.7126031421e+02 -1.7410689026e-13 2.5207673811e+02
1.0000000000e+00 0.0000000000e+00 4.0875252777e+04 1.6877501366e+05 2.5155704678e+04 3.2397211400e+04 6.8044282601e+05 7.9609661725e+04 -5.5504643548e+01 4.0541899419e+02 -1.6844116158e+01 -1.3189787470e+02 6.9650202900e+02 -1.7243568973e-13 5.9806724956e+02
1.0000000000e+00 0.0000000000e+00 2.8270522112e+04 1.9194169090e+05 1.0448537442e+04 2.0168614451e+04 4.3291435938e+05 5.2237490633e+04 -4.4520930243e+01 4.2735335037e+02 -2.4589838510e+01 -1.0536423894e+02 5.5162832079e+02 -1.5269393611e-13 6.7819027214e+02
1.0000000000e+00 0.0000000000e+00 5.1166315652e+04 2.4373014275e+05 3.4818661768e+04 2.9371382461e+04 6.8977868386e+05 8.6743087000e+04 -5.9164652665e+01 4.7940054362e+02 -3.5086345564e+01 -1.2394484592e+02 7.0553732354e+02 -1.7913239634e-13 7.3093518347e+02
1.0000000000e+00 0.0000000000e+00 3.8300961643e+03 1.2091861110e+04 3.0387179462e+03 9.9750847642e+03 2.3760792413e+05 2.2400134037e+04 2.2676930935e+00 1.0063736263e+02 1.0561877602e+01 -7.0022830123e+01 3.2904431340e+02 -1.1242767119e-13 1.7519112325e+02
1.0000000000e+00 0.0000000000e+00 4.3284124486e+04 5.3397382249e+04 1.3535019946e+04 6.5219623977e+04 7.9290110902e+05 9.1297860762e+04 -6.4585926516e+01 2.2995699733e+02 4.6333558126e+01 -1.8754234099e+02 7.9473364637e+02 -1.4793427280e-13 1.6651034678e+02
1.0000000000e+00 0.0000000000e+00 9.7848118552e+04 5.1683923276e+05 4.8781709739e+04 7.4920957907e+04 1.1017306628e+06 1.5457807101e+05 -8.9425269903e+01 7.1513526089e+02 -4.1342356636e+01 -1.8047270485e+02 9.5227673581e+02 -1.9385400803e-13 8.6160751691e+02
1.0000000000e+00 0.0000000000e+00 1.2050363397e+03 1.2466207655e+03 9.4261021098e+02 7.7535397574e+03 2.7532406645e+05 2.2492224721e+04 -1.5771546295e+00 9.6648028113e+00 1.7143680550e+01 -6.4336963951e+01 3.1554760316e+02 -1.2438190569e-13 1.9587648785e+02
1.0000000000e+00 0.0000000000e+00 1.1518090178e+05 3.4160307839e+05 6.4733460763e+04 1.1211569309e+05 1.2874173046e+06 1.8209341556e+05 -1.0493313129e+02 5.8172363001e+02 -5.5110216239e+00 -2.1207746178e+02 1.0332307933e+03 -2.0064667303e-13 6.9577990711e+02
1.0000000000e+00 0.0000000000e+00 2.2757927091e+04 6.9048254880e+04 1.3802822851e+04 1.7958569181e+04 4.2733859811e+05 4.6229327409e+04 -4.0191127705e+01 2.5101814352e+02 -1.6035471368e+00 -1.0413862713e+02 5.2576432854e+02 -1.4667716080e-13 4.7084197404e+02
1.0000000000e+00 0.0000000000e+00 1.0114043292e+04 7.0684066818e+03 3.1205353208e+03 1.5097950494e+04 3.2946714780e+05 3.0681773756e+04 -3.0083931293e+01 8.3505439413e+01 2.5543440272e+01 -9.8132936105e+01 4.3460774531e+02 -1.2203699294e-13 1.0796002358e+02
1.0000000000e+00 0.0000000000e+00 1.8183901748e+04 6.9301187890e+04 7.0367526191e+03 1.6166931200e+04 3.7936904696e+05 3.9288528309e+04 -3.7680495468e+01 2.6078382818e+02 3.9622296504e-01 -9.6863106786e+01 4.5685119681e+02 -1.4175808297e-13 3.1216560119e+02
1.0000000000e+00 0.0000000000e+00 1.0835226613e+04 1.8812456233e+03 6.2859284237e+03 2.0152814782e+04 4.4645014839e+05 4.1943663237e+04 -1.5894648586e+01 -4.1184622131e+00 5.7353628465e+01 -1.3103905720e+02 5.1640486262e+02 -1.2594643390e-13 1.8986733618e+01
1.0000000000e+00 0.0000000000e+00 8.8353912946e+04 3.5779654251e+05 5.9546412387e+04 6.5724771947e+04 7.7929168801e+05 1.2550494565e+05 -8.6497582786e+01 5.9593760462e+02 -3.7901857995e+01 -1.4828244934e+02 8.0148612293e+02 -1.7190761688e-13 6.8594858781e+02
1.0000000000e+00 0.0000000000e+00 4.4408229312e+04 2.1668693467e+05 2.8908737929e+04 2.6999752792e+04 6.2650474283e+05 7.7529337221e+04 -5.7569083961e+01 4.6497872780e+02 -3.2778083847e+01 -1.1796114169e+02 6.6112262136e+02 -1.6010495591e-13 5.2037944293e+02
1.0000000000e+00 0.0000000000e+00 1.3015267009e+03 4.1895894293e+03 8.3115316771e+02 3.9098833279e+03 1.3512245260e+05 1.1421830334e+04 6.0494067045e+00 2.4326940618e+01 -8.5736675986e+00 -1.7336449559e+01 1.5360985979e+02 -8.9975565296e-14 -9.3263818795e+01
1.0000000000e+00 0.0000000000e+00 4.2092955475e+04 3.6338163155e+04 2.4026777659e+04 5.4343472302e+04 8.2444315064e+05 9.2180233763e+04 -6.1720270890e+01 1.8648275314e+02 3.8339552526e+01 -1.7305497593e+02 7.8054832022e+02 -1.6323422407e-13 2.9065081199e+02
1.0000000000e+00 0.0000000000e+00 2.3202987094e+04 7.1144680587e+04 2.2036706965e+04 1.3840486638e+04 4.2446513680e+05 4.7827147387e+04 -3.9143063912e+01 2.6603534529e+02 -1.9542418323e+01 -9.0242347760e+01 5.3626954623e+02 -1.3748994253e-13 3.3547776963e+02
1.0000000000e+00 0.0000000000e+00 1.0247497971e+04 3.3334425025e+03 3.7563280138e+03 2.7285886309e+04 5.0742647938e+05 4.8251734622e+04 -1.1068942911e+01 4.7398855810e+01 4.2090641303e+01 -1.2839317276e+02 5.5854839106e+02 -1.2540413813e-13 -2.8253552495e+01
1.0000000000e+00 0.0000000000e+00 1.0202210602e+04 8.3579218613e+04 2.6580190178e+03 7.8567749333e+03 3.0322242969e+05 2.9227977638e+04 -2.3432384098e+01 2.8636440823e+02 -1.5108439755e+01 -7.9163220451e+01 4.1841365516e+02 -1.3153741919e-13 3.9066807326e+02
1.0000000000e+00 0.0000000000e+00 3.6607013206e+04 1.5461155622e+04 2.0420026823e+04 5.2681189447e+04 9.9223813241e+05 1.0012675658e+05 -4.9334403551e+01 -4.9987201738e+01 7.6592588691e+01 -1.9255017933e+02 8.4037221297e+02 -1.4199271318e-13 -2.7946095501e+02
1.0000000000e+00 0.0000000000e+00 2.7684414346e+03 4.7432657594e+03 3.7081552548e+03 5.0109254327e+03 2.3872826269e+05 2.0155811230e+04 -5.1850434866e+00 -2.6338322420e+00 7.8934424096e+00 -5.6477853422e+01 3.3104448851e+02 -9.8038075052e-14 -1.3433622428e+02
1.0000000000e+00 0.0000000000e+00 2.5886014477e+04 4.6397244719e+04 8.6073807207e+03 4.4700443182e+04 8.8672333687e+05 8.5859327096e+04 -4.5653033583e+01 2.1236059054e+02 3.0303606508e+01 -1.7248532332e+02 8.0918900612e+02 -1.5254117991e-13 2.1977753035e+02
1.0000000000e+00 0.0000000000e+00 3.5768292875e+04 1.4419602666e+05 2.0585921654e+04 2.6684087892e+04 5.9469009069e+05 6.8072652993e+04 -5.4324959218e+01 3.7094101372e+02 -1.3257497589e+01 -1.2491352388e+02 6.5191873909e+02 -1.6058076766e-13 5.8010046211e+02
1.0000000000e+00 0.0000000000e+00 4.8214869756e+04 2.2707887856e+05 2.7762256049e+04 3.6721094970e+04 7.2595294687e+05 8.8633892519e+04 -6.1017917730e+01 4.7132785404e+02 -2.3618533194e+01 -1.4117026199e+02 7.5378058054e+02 -1.5905645926e-13 4.6250854251e+02
1.0000000000e+00 0.0000000000e+00 1.2852269949e+05 3.8911301486e+05 1.0559858484e+05 7.9430591819e+04 1.0484237208e+06 1.7120588410e+05 -1.0071564607e+02 6.2334525911e+02 -4.4638850760e+01 -1.5556172839e+02 8.7344429136e+02 -2.0269474777e-13 6.9741440694e+02
1.0000000000e+00 0.0000000000e+00 1.4906032968e+04 2.3996479411e+04 9.2680493248e+03 2.4744221739e+04 7.7542782360e+05 6.8526355787e+04 -3.0140002831e+01 1.2067642932e+02 2.1130290182e+01 -1.3690526535e+02 6.9621703366e+02 -1.3710888323e-13 -1.4070450869e+02
1.0000000000e+00 0.0000000000e+00 8.2173664830e+02 8.3919757172e+02 7.3300058101e+02 4.9479884527e+03 2.3169199539e+05 1.8178409728e+04 -3.5444071173e-01 -2.8087571495e+01 1.7028496958e+01 -5.3784294191e+01 2.7310893272e+02 -1.0920310020e-13 3.7594765435e+00
1.0000000000e+00 0.0000000000e+00 1.8448893572e+04 1.5122592736e+05 2.4862840374e+03 1.7554267458e+04 6.7281415217e+05 6.1744192750e+04 -3.1546973214e+01 3.6438320706e+02 -1.2185292686e+01 -1.2220513285e+02 6.3166179115e+02 -1.7155631327e-13 6.7133890333e+02
1.0000000000e+00 0.0000000000e+00 5.4758068121e+03 2.0020165626e+04 2.8623734094e+03 1.4045760017e+04 4.5219168737e+05 3.8989851327e+04 -6.6518899029e+00 -1.1155577146e+02 4.8788980692e+01 -1.0574249632e+02 4.8025434631e+02 -1.1216685591e-13 -2.3333018859e+02
1.0000000000e+00 0.0000000000e+00 8.7404845693e+04 1.3638913275e+05 6.7497743683e+04 8.0876296332e+04 1.3331511586e+06 1.6208282375e+05 -8.6810988153e+01 3.6917001674e+02 1.2863160483e+01 -2.0853672382e+02 1.0480025377e+03 -1.8084593005e-13 4.0936478560e+02
1.0000000000e+00 0.0000000000e+00 6.3553328656e+03 1.9836828222e+04 4.0146386927e+03 1.3409392763e+04 5.2081758975e+05 4.3805500547e+04 -1.7472534038e+01 1.3875809794e+02 7.7375581301e+00 -1.0562626108e+02 5.5846740387e+02 -1.3888150673e-13 1.9083267841e+02
1.0000000000e+00 0.0000000000e+00 1.2665070870e+05 4.0319068338e+05 1.0381394874e+05 8.1048524397e+04 9.2728953739e+05 1.6371717109e+05 -1.0084009612e+02 6.3478223175e+02 -4.6035400591e+01 -1.5664669989e+02 8.8127705916e+02 -1.7516068521e-13 6.4353797029e+02
1.0000000000e+00 0.0000000000e+00 6.6164927239e+04 1.8407911951e+05 3.1609699098e+04 7.9964127018e+04 1.2563792231e+06 1.4339522908e+05 -7.7384549418e+01 4.2681400871e+02 1.2713313618e+01 -2.0884002571e+02 1.0086027338e+03 -1.8427533924e-13 5.6630418383e+02
1.0000000000e+00 0.0000000000e+00 7.2210780414e+04 2.7926456437e+05 5.1744413773e+04 5.0958837540e+04 6.3034431057e+05 1.0156144084e+05 -7.7605736819e+01 5.2792071917e+02 -3.5883309951e+01 -1.2803363561e+02 7.0244566430e+02 -1.6264114799e-13 5.9920098789e+02
1.0000000000e+00 0.0000000000e+00 2.3628525228e+03 7.5620136137e+03 1.4551454388e+03 5.9278705391e+03 2.1165380296e+05 1.7917632165e+04 -1.0014247591e+01 7.7978392327e+01 6.3918615344e+00 -6.3955954919e+01 3.3165022268e+02 -1.0784055917e-13 9.4030434746e+01
1.0000000000e+00 0.0000000000e+00 1.5602484855e+04 4.1492601104e+04 1.7583040632e+04 6.6061663136e+03 3.3491456622e+05 3.5145918044e+04 -2.8520881118e+01 1.9904309397e+02 -1.8402473731e+01 -7.1382576915e+01 4.5144511937e+02 -1.2279475719e-13 1.6450738790e+02
1.0000000000e+00 0.0000000000e+00 3.0829675731e+03 2.0784579792e+02 1.2357034745e+03 1.0778546069e+04 2.0560437764e+05 1.9245723247e+04 3.5962205463e+00 -6.9683694149e+00 1.8099786998e+01 -5.9976806202e+01 2.9234080424e+02 -1.0281167866e-13 1.7571751069e+01
1.0000000000e+00 0.0000000000e+00 4.7024527007e+04 1.3686964595e+04 2.3387653750e+04 6.2313721506e+04 1.0178227495e+06 1.0739476688e+05 -6.2965849997e+01 1.1444666188e+02 6.4780814584e+01 -2.0543799074e+02 8.8177409883e+02 -1.5255802826e-13 4.9483513538e+01
1.0000000000e+00 0.0000000000e+00 7.3449058370e+04 2.5780732262e+05 4.1159994798e+04 6.1822286146e+04 1.0066721887e+06 1.2616105828e+05 -7.9594688814e+01 5.0646844994e+02 -1.1440133562e+01 -1.7525228358e+02 8.7901081659e+02 -1.7735178990e-13 4.4191433300e+02
1.0000000000e+00 0.0000000000e+00 3.1608847373e+04 1.6444584123e+05 1.1079162988e+04 3.1100005965e+04 5.5500534932e+05 6.4303856781e+04 -5.0655047567e+01 4.0289239845e+02 -9.9223722622e+00 -1.2774895945e+02 6.2610411075e+02 -1.5467958051e-13 4.9074320532e+02
1.0000000000e+00 0.0000000000e+00 3.6184387871e+04 1.4003627463e+04 1.4427858277e+04 5.5291095069e+04 7.2581737151e+05 8.0732322303e+04 -5.6725769513e+01 1.1249412279e+02 5.8674543382e+01 -1.7776959074e+02 7.3633342901e+02 -1.4405427269e-13 6.0302022706e+01
1.0000000000e+00 0.0000000000e+00 1.2400796940e+04 7.7495164424e+04 3.9720501422e+03 1.5582436860e+04 5.2939636398e+05 4.8199230101e+04 -2.6271521291e+01 2.7574780056e+02 -8.5394604437e+00 -1.0598975983e+02 5.6447398233e+02 -1.4425525346e-13 2.2084341091e+02
1.0000000000e+00 0.0000000000e+00 2.0077202264e+04 8.6963587159e+04 1.0607560290e+04 1.6718141068e+04 5.0340053641e+05 5.0293197499e+04 -3.8957100536e+01 2.8867534001e+02 -6.9068610907e+00 -1.1093651965e+02 5.7775839971e+02 -1.5126385732e-13 4.4718416682e+02
1.0000000000e+00 0.0000000000e+00 1.2194222390e+04 2.7436224988e+04 5.0033034957e+03 1.4983450738e+04 3.7481591053e+05 3.5499406128e+04 -3.2044219041e+01 1.5188140755e+02 1.3817443697e+01 -1.0005263432e+02 4.7237581569e+02 -1.3110247533e-13 2.9140644549e+02
1.0000000000e+00 0.0000000000e+00 2.7247413224e+04 1.7114085935e+04 1.2204381067e+04 4.1300115858e+04 5.0708296474e+05 5.8889217704e+04 -3.5733703808e+01 -1.1251629251e+02 8.7923850143e+01 -1.5684205443e+02 5.7367523199e+02 -1.2118144321e-13 -2.6730970815e+02
1.0000000000e+00 0.0000000000e+00 4.4701833756e+04 1.8498465155e+05 2.2822680753e+04 4.1086783060e+04 8.7377013259e+05 9.6338249342e+04 -6.0973920068e+01 4.2048983340e+02 -9.3322243411e+00 -1.5603933562e+02 7.9957322452e+02 -1.8034885155e-13 6.2019296255e+02
1.0000000000e+00 0.0000000000e+00 1.1662772449e+04 9.3546449630e+02 3.4375885957e+03 2.1979020347e+04 5.1206989128e+05 4.5908334500e+04 -2.6104098382e+01 2.5151535781e+01 4.7960098793e+01 -1.3084526749e+02 5.5377852042e+02 -1.2924657332e-13 -2.8585941488e+01
1.0000000000e+00 0.0000000000e+00 5.4903031816e+04 1.2030463918e+05 4.1267508282e+04 6.0043913614e+04 6.7794204982e+05 9.6490477925e+04 -2.3814894312e+01 -3.3378306954e+02 1.4449179663e+02 -2.0383572977e+02 6.8980256931e+02 -1.0845787385e-13 -5.6941751329e+02
1.0000000000e+00 0.0000000000e+00 1.8184995062e+04 3.5373129774e+04 1.0221033343e+04 2.3872770596e+04 4.4572777005e+05 4.6930451731e+04 -2.2356374402e+01 -1.7213261965e+02 8.0244803214e+01 -1.3705164408e+02 5.3369218562e+02 -1.0398267916e-13 -3.4038010620e+02
1.0000000000e+00 0.0000000000e+00 2.6847578506e+05 1.0291934533e+06 1.8323785288e+05 1.9658907850e+05 1.7088312180e+06 3.3373689561e+05 -1.5154282332e+02 1.0092430438e+03 -6.7710100260e+01 -2.2815545413e+02 1.2255167888e+03 -2.3237680276e-13 1.1826511060e+03
1.0000000000e+00 0.0000000000e+00 7.9720072186e+03 6.3889991657e+02 4.0658950166e+03 2.1819015900e+04 4.8159821856e+05 4.4042652719e+04 -1.3693241947e+01 1.9851909557e+01 4.6429210319e+01 -1.2956474805e+02 5.5887958819e+02 -1.2170471952e-13 -3.6544825012e+00
1.0000000000e+00 0.0000000000e+00 2.6117925322e+04 6.4420316977e+03 1.2142134450e+04 4.6161050766e+04 6.0392335268e+05 6.7045896723e+04 -3.4928425855e+01 -6.9891740630e+01 8.2529065112e+01 -1.7327641430e+02 6.8738748669e+02 -1.1697769611e-13 -1.0951204456e+02
1.0000000000e+00 0.0000000000e+00 1.3367105560e+04 1.3625313861e+04 2.0373188418e+04 5.7080757135e+03 2.4072598647e+05 2.8228873153e+04 -5.0229390065e+00 -3.6958861009e+01 -1.0884735849e+01 -3.3059560648e+01 3.1920597174e+02 -9.5797897551e-14 -2.5104312621e+02
1.0000000000e+00 0.0000000000e+00 8.3456050591e+04 2.9375610451e+05 5.5539665184e+04 6.5635298022e+04 8.4362441013e+05 1.2489602729e+05 -8.4042211768e+01 5.4085594108e+02 -2.4449814486e+01 -1.5930077679e+02 8.2985873935e+02 -1.7061054514e-13 5.7611019608e+02
1.0000000000e+00 0.0000000000e+00 4.8129450442e+04 7.0204718648e+04 2.1712483219e+04 6.1913930355e+04 9.2973718806e+05 1.0336329086e+05 -6.7401502415e+01 2.6474278988e+02 3.5370705926e+01 -1.9049580011e+02 8.5926727590e+02 -1.6261390293e-13 3.2685270867e+02
1.0000000000e+00 0.0000000000e+00 5.1105290095e+04 7.7954248022e+04 3.2365103314e+04 5.3620962136e+04 6.8481618634e+05 8.8115628458e+04 -6.9726978058e+01 2.6362130293e+02 1.9421268568e+01 -1.5483053908e+02 7.2254026287e+02 -1.3784504420e-13 -3.0945837217e+01
1.0000000000e+00 0.0000000000e+00 8.1117044552e+04 9.8798766821e+04 4.4393807025e+04 1.1828085781e+05 1.4215997220e+06 1.7312614126e+05 -5.7960008128e+01 -2.7901966979e+02 1.5130639356e+02 -2.7162854362e+02 1.0616139104e+03 -1.4425214120e-13 -4.4396833312e+02
1.0000000000e+00 0.0000000000e+00 2.6342116470e+04 4.3889545507e+04 1.4394909827e+04 3.0183822241e+04 3.5098903331e+05 4.5632735886e+04 -5.1607489143e+01 2.0922198186e+02 1.2893691395e+01 -1.1203517200e+02 5.1667840392e+02 -1.1992231145e-13 2.6489144977e+02
1.0000000000e+00 0.0000000000e+00 7.7783162741e+04 3.3570515034e+05 4.2889290636e+04 6.2115685586e+04 6.1768388853e+05 1.0472976471e+05 -8.2509829038e+01 5.7360116141e+02 -3.1268588671e+01 -1.3510423142e+02 6.8680434494e+02 -1.7312355052e-13 7.3493598335e+02
1.0000000000e+00 0.0000000000e+00 4.7302991326e+04 1.4456883130e+05 3.0699133566e+04 3.8372988492e+04 5.4261593947e+05 7.4233792287e+04 -6.6363847906e+01 3.7899425120e+02 -1.2449199234e+01 -1.2373139750e+02 6.3286729106e+02 -1.4816577555e-13 4.8402822475e+02
1.0000000000e+00 0.0000000000e+00 4.6543570512e+04 8.2661069742e+04 3.3746840600e+04 4.1901459597e+04 9.0124871682e+05 9.8201926192e+04 -6.2168534253e+01 2.8578059045e+02 1.0871919562e+01 -1.6322333550e+02 8.1746081535e+02 -1.5892292990e-13 2.1707546551e+02
1.0000000000e+00 0.0000000000e+00 3.0457810633e+04 6.5478747593e+04 5.7617836029e+03 5.5776608269e+04 9.1847143034e+05 9.2720455856e+04 -4.9704617691e+01 2.4913343350e+02 3.5433181011e+01 -1.8704676482e+02 8.4716038815e+02 -1.5712618621e-13 3.1038959129e+02
1.0000000000e+00 0.0000000000e+00 1.3026421697e+04 4.8330333219e+04 7.6353055084e+03 9.7618137350e+03 3.3870759199e+05 3.2877924974e+04 -3.2406320997e+01 2.1936263025e+02 -5.3507008236e+00 -8.1534362348e+01 4.2109706329e+02 -1.3042343882e-13 1.7557615303e+02
1.0000000000e+00 0.0000000000e+00 2.9523922365e+04 2.2176286987e+04 2.8558537602e+04 2.7450289814e+04 7.6213671408e+05 7.7081830280e+04 -4.5211527096e+01 1.4844773050e+02 1.6767515770e+01 -1.4208296390e+02 7.3856187531e+02 -1.5036134452e-13 1.8415120410e+02
1.0000000000e+00 0.0000000000e+00 1.0473164390e+04 4.3842950539e+04 2.3815590088e+03 1.8160550176e+04 5.5259360590e+05 4.8574770995e+04 -2.6341411239e+01 2.0246253605e+02 1.1919111208e+01 -1.2298468795e+02 6.0150974559e+02 -1.5452703779e-13 3.3893437902e+02
1.0000000000e+00 0.0000000000e+00 3.8564386670e+04 3.2374160112e+04 2.2748067273e+04 4.6059416837e+04 8.2309319881e+05 8.7596182945e+04 -5.8711427736e+01 1.7695304765e+02 3.6460544900e+01 -1.7073605550e+02 7.8401082887e+02 -1.5774672659e-13 2.2550848049e+02
1.0000000000e+00 0.0000000000e+00 3.5906144319e+04 5.0667614148e+04 2.1774828240e+04 4.1281807181e+04 5.9076562153e+05 7.0295032753e+04 -5.8350483175e+01 2.2500839532e+02 1.9488389299e+01 -1.4297672043e+02 6.7081853555e+02 -1.4202768300e-13 2.5437766442e+02
1.0000000000e+00 0.0000000000e+00 5.4300350017e+03 3.9836802615e+03 1.3945281913e+03 9.8775146607e+03 2.5571973026e+05 2.2464294373e+04 -1.9759023912e+01 6.2139285022e+01 2.4901984898e+01 -8.4283328320e+01 3.6132423264e+02 -1.1441848678e-13 1.2141152613e+02
1.0000000000e+00 0.0000000000e+00 2.6090125806e+03 3.9341074928e+03 1.9940905024e+03 3.8746347348e+03 1.7938478807e+05 1.4871643496e+04 -9.8359514574e+00 -2.3277612179e+01 2.1496354633e+01 -5.9002297358e+01 2.7601575376e+02 -9.3698016070e-14 -1.3253072493e+02
1.0000000000e+00 0.0000000000e+00 5.8716335441e+04 2.6247568193e+05 4.3208065196e+04 3.4240174979e+04 9.8270439814e+05 1.1319066115e+05 -6.2724730335e+01 5.1212328322e+02 -3.3985454973e+01 -1.4832472515e+02 8.3831760649e+02 -1.8212693394e-13 5.6001816388e+02
1.0000000000e+00 0.0000000000e+00 1.7225521381e+04 9.2955800684e+04 2.2463050027e+03 2.5082787082e+04 4.8754618008e+05 4.9701231364e+04 -3.3769270098e+01 3.0071406373e+02 1.9670103623e+00 -1.2342558756e+02 5.9599194810e+02 -1.3671054322e-13 3.4599933686e+02
1.0000000000e+00 0.0000000000e+00 7.7456806203e+03 8.7963577583e+03 5.4662850399e+03 1.0784649154e+04 2.0480575991e+05 2.1443398273e+04 -1.0995126126e+01 -8.6817310942e+01 5.3785563150e+01 -8.9735801262e+01 3.2242145254e+02 -1.0142609165e-13 -9.6158631946e+01
1.0000000000e+00 0.0000000000e+00 1.0201425358e+05 3.5750339538e+05 6.8439156923e+04 7.9926719081e+04 8.7762312919e+05 1.4235959069e+05 -9.5332511868e+01 5.9227314213e+02 -3.0619791377e+01 -1.6171640248e+02 8.4782468287e+02 -1.8398240537e-13 7.9113136146e+02
1.0000000000e+00 0.0000000000e+00 3.2212355941e+04 1.1500846597e+05 2.4377658841e+04 2.0776906854e+04 4.5195616012e+05 5.5991892804e+04 -5.0282685323e+01 3.3871956406e+02 -1.9795137266e+01 -1.0317428009e+02 5.7136822250e+02 -1.3978741838e-13 3.7134011289e+02
1.0000000000e+00 0.0000000000e+00 2.6319946881e+05 6.3873882411e+05 1.5670011519e+05 2.7363474375e+05 2.3774053556e+06 3.8278714217e+05 -1.6164137035e+02 7.9889142898e+02 1.6200906412e+00 -3.0532113686e+02 1.4546641772e+03 -2.2546105162e-13 6.9090900891e+02
1.0000000000e+00 0.0000000000e+00 6.0199314439e+03 1.2257567307e+04 4.3119490461e+03 9.7239388482e+03 4.0252718780e+05 3.3936040294e+04 -1.7368906432e+01 1.0363958925e+02 7.5554487814e+00 -8.8650435220e+01 4.7133774383e+02 -1.2128783844e-13 1.0519804664e+01
1.0000000000e+00 0.0000000000e+00 1.8767374696e+04 3.5660480945e+04 4.6334432703e+03 3.3832532206e+04 6.8016609987e+05 6.4807808421e+04 -3.8639492948e+01 1.8537588526e+02 2.6894624714e+01 -1.4741464701e+02 6.8233716397e+02 -1.4989363546e-13 2.9959739554e+02
1.0000000000e+00 0.0000000000e+00 2.8161171253e+04 8.3553672854e+04 3.0079309261e+04 1.0029701473e+04 4.0396334299e+05 4.8805971666e+04 -4.0787785837e+01 2.8889029130e+02 -2.9463370293e+01 -7.9284708217e+01 5.0937716146e+02 -1.3792206541e-13 3.2734914287e+02
1.0000000000e+00 0.0000000000e+00 1.5487816638e+04 4.6304647670e+04 9.1578787032e+03 1.5621054496e+04 4.7891987245e+05 4.5514141578e+04 -3.3092907087e+01 2.1033485850e+02 5.3836796156e+00 -1.0886983585e+02 5.4271310518e+02 -1.3118285504e-13 9.7379210578e+01
1.0000000000e+00 0.0000000000e+00 8.4030739844e+04 2.0912182157e+05 4.7016603978e+04 8.2830731985e+04 1.0227960201e+06 1.3686134524e+05 -9.0871629863e+01 4.5571166879e+02 4.1499613014e+00 -1.8372301254e+02 8.7337156653e+02 -1.9261360927e-13 5.6335059673e+02
1.0000000000e+00 0.0000000000e+00 1.0618359074e+04 7.8689954799e+04 2.3435004064e+03 1.5791210999e+04 4.5604006201e+05 4.2716785059e+04 -2.0258132894e+01 2.7705353252e+02 -8.5847393952e+00 -1.0190036892e+02 5.3631095688e+02 -1.3892968033e-13 3.0751528437e+02
1.0000000000e+00 0.0000000000e+00 1.2708844485e+04 4.0576662171e+04 9.5995561122e+02 3.0445868988e+04 5.4487850808e+05 5.2836655053e+04 -2.3095681826e+01 1.9301455874e+02 2.3352036615e+01 -1.3384657993e+02 6.0820645270e+02 -1.4588384697e-13 3.0924991804e+02
1.0000000000e+00 0.0000000000e+00 1.7428546014e+04 8.4749031880e+04 8.0704944427e+03 2.1141551529e+04 6.2442183418e+05 5.9229984816e+04 -3.3190774459e+01 2.8698718315e+02 -6.8966047356e+00 -1.2338761317e+02 6.6264258380e+02 -1.4744920410e-13 3.9710126229e+02
1.0000000000e+00 0.0000000000e+00 1.0440377309e+04 4.9483385592e+02 6.0268037545e+03 1.5371216007e+04 3.4180260927e+05 3.2562659063e+04 -2.4930876833e+01 1.0392535380e+00 4.2876126637e+01 -1.1064891021e+02 4.6831922762e+02 -1.0916311634e-13 -6.0240249431e+01
1.0000000000e+00 0.0000000000e+00 1.8827304584e+04 1.0416437598e+04 8.8017501336e+03 2.6638153438e+04 3.9757499162e+05 4.3095689192e+04 -3.1870159890e+01 -9.8301373639e+01 7.2247285021e+01 -1.3497167605e+02 5.1666126992e+02 -1.1155417543e-13 -1.0935220442e+02
1.0000000000e+00 0.0000000000e+00 4.9308543791e+03 1.2264383172e+03 3.1448720155e+03 8.9006102868e+03 2.7528370402e+05 2.3956559750e+04 -1.7411190261e+01 3.3889394365e+01 2.2112616116e+01 -8.3000666118e+01 3.9135760816e+02 -1.1704338892e-13 8.7976420691e+01
1.0000000000e+00 0.0000000000e+00 9.1719109075e+03 2.9456530038e+04 2.4939792250e+03 1.6070929948e+04 4.9289966741e+05 4.2951627935e+04 -2.4742974337e+01 1.6813834998e+02 1.5762409515e+01 -1.1648972895e+02 5.5845836644e+02 -1.3963742173e-13 2.7001420888e+02
1.0000000000e+00 0.0000000000e+00 7.6218288477e+03 4.2482534716e+03 7.4146861962e+03 7.4920958369e+03 2.7335148996e+05 2.5179840063e+04 -2.1680635823e+01 4.7114491915e+01 1.3835968902e+01 -7.6388587051e+01 3.9022457559e+02 -1.1457979503e-13 -2.0628948883e+01
1.0000000000e+00 0.0000000000e+00 1.5597660495e+04 7.0487629650e+04 9.8257275278e+03 1.5875500749e+04 5.5243090800e+05 5.2057798309e+04 -3.0953902830e+01 2.6226386362e+02 -9.1083760158e+00 -1.1049509816e+02 6.0832746755e+02 -1.4537520302e-13 3.1979658013e+02
1.0000000000e+00 0.0000000000e+00 6.6504390505e+03 2.0972622469e+04 3.6023377219e+03 8.7368877127e+03 1.9585984563e+05 1.9714599409e+04 -4.1270320159e+00 -1.3752224889e+02 4.9698806950e+01 -7.4251263382e+01 2.8180799903e+02 -9.2957041404e-14 -1.8988937791e+02
1.0000000000e+00 0.0000000000e+00 1.4491978491e+04 1.4133437848e+04 8.9048174234e+03 1.8933231306e+04 5.2442576519e+05 4.8371898542e+04 -2.8496251330e+01 1.0734735726e+02 3.3717179641e+01 -1.2804993561e+02 5.6581424780e+02 -1.3462948541e-13 9.7267171203e+01
1.0000000000e+00 0.0000000000e+00 2.6247657084e+04 1.3299725681e+04 1.3273541400e+04 3.6088319053e+04 4.0250099299e+05 4.9770583360e+04 -5.0724862674e+01 1.1485654498e+02 3.6931158824e+01 -1.3058848191e+02 5.5675824778e+02 -1.2247011691e-13 1.4126755296e+02
1.0000000000e+00 0.0000000000e+00 1.0454343987e+03 3.0971425260e+03 2.4408048910e+02 4.7296278540e+03 1.8000975070e+05 1.4504482958e+04 -1.8447957520e+00 4.4224620909e+01 9.4566984292e+00 -5.3341352105e+01 2.6547244678e+02 -9.8465624404e-14 -5.1457449210e+01
1.0000000000e+00 0.0000000000e+00 9.9921105743e+03 1.6457758525e+04 7.4445733066e+03 1.8009635916e+04 2.6334682071e+05 2.9879700904e+04 -2.2522026620e+00 -1.2803376846e+02 5.9584064484e+01 -1.0270354836e+02 4.0275518716e+02 -9.8804385652e-14 -9.1579225026e+01
1.0000000000e+00 0.0000000000e+00 5.6770858627e+03 4.7744742338e+04 1.1001369360e+03 6.0593212391e+03 2.4337398922e+05 2.1945436993e+04 -1.5212799320e+01 1.9604487097e+02 -4.7099098821e+00 -7.0622221469e+01 3.6077924121e+02 -1.2735246856e-13 4.4572639124e+02
1.0000000000e+00 0.0000000000e+00 2.8240594934e+03 4.0167422744e+03 1.9811589509e+03 5.4688233667e+03 1.7596695198e+05 1.5361140706e+04 -7.7737724394e+00 4.2029410524e+01 2.0491246617e+01 -6.9045059067e+01 3.0193911525e+02 -1.0324055148e-13 1.6192034036e+02
1.0000000000e+00 0.0000000000e+00 5.2225967887e+04 1.8074365664e+05 2.4765334544e+04 5.6828533890e+04 8.3666007018e+05 1.0158804185e+05 -6.9177308024e+01 4.2431068574e+02 -1.6665869325e+00 -1.6591965292e+02 8.1405669258e+02 -1.5983216007e-13 4.0198147450e+02
1.0000000000e+00 0.0000000000e+00 3.1759062533e+04 1.4020226830e+05 2.3782688562e+04 2.1043821530e+04 6.8088350687e+05 7.2500049722e+04 -4.4830517742e+01 3.7424170917e+02 -2.3751199449e+01 -1.2070551338e+02 6.8845763528e+02 -1.5616012689e-13 4.0653408032e+02
1.0000000000e+00 0.0000000000e+00 3.2109100634e+04 3.4173147091e+04 1.9017131942e+04 3.6770904683e+04 5.2571948550e+05 6.1875485984e+04 -5.6169955466e+01 1.6868873493e+02 2.5804083853e+01 -1.2873575544e+02 5.7602329295e+02 -1.3409508353e-13 -6.4154375571e+01
1.0000000000e+00 0.0000000000e+00 4.6806282458e+04 3.0422144355e+05 2.3649794880e+04 4.0183848156e+04 1.0024345523e+06 1.1083930342e+05 -4.9730025461e+01 5.4794191291e+02 -3.4696148116e+01 -1.5779094075e+02 8.8016769618e+02 -1.8023085913e-13 6.8163864046e+02
1.0000000000e+00 0.0000000000e+00 8.6063681039e+03 1.9987856843e+04 2.2714265467e+03 1.4065749450e+04 4.1185735773e+05 3.6029673164e+04 -2.4595538844e+01 1.4002643649e+02 2.0767583101e+01 -1.0887281497e+02 4.9584799745e+02 -1.3706467929e-13 2.1131573467e+02
1.0000000000e+00 0.0000000000e+00 2.1273644294e+04 1.0979141791e+04 1.4918375429e+04 2.6165495539e+04 4.6180726020e+05 4.9866819767e+04 -3.9177644668e+01 -2.1606570536e+01 4.6628002383e+01 -1.2500109243e+02 5.5741845079e+02 -1.1380900998e-13 -2.1331859303e+02
1.0000000000e+00 0.0000000000e+00 1.5838128817e+03 8.9957003179e+02 8.9749291246e+02 1.0066226286e+04 2.6143776530e+05 2.2567378083e+04 -2.0083108688e+00 -1.6644306272e+01 2.7859869785e+01 -7.8511156601e+01 3.6150852425e+02 -1.0930471500e-13 -2.1504459467e+01
1.0000000000e+00 0.0000000000e+00 3.0492726177e+04 1.4303663856e+05 2.7241961642e+04 1.4037942539e+04 5.4601870452e+05 6.1892617104e+04 -3.8640658356e+01 3.7719759609e+02 -3.6607607976e+01 -9.7123446879e+01 6.1014235141e+02 -1.4305530710e-13 2.9081651151e+02
1.0000000000e+00 0.0000000000e+00 1.6192880495e+05 4.8041999391e+05 1.0886207384e+05 1.4237311908e+05 1.6525069499e+06 2.4622182529e+05 -1.2038186262e+02 6.9238838301e+02 -1.9997042776e+01 -2.3367039712e+02 1.1898460416e+03 -2.0438609968e-13 6.2705267076e+02
1.0000000000e+00 0.0000000000e+00 7.4700789235e+03 3.8069528424e+04 1.8133300824e+03 1.0870016681e+04 3.6379720134e+05 3.2049165576e+04 -2.1494587965e+01 1.9443122879e+02 2.0342991164e-01 -8.9344118781e+01 4.5634180007e+02 -1.2737451024e-13 2.0551143914e+02
1.0000000000e+00 0.0000000000e+00 1.3372106029e+04 3.3841704424e+04 1.4053009789e+03 2.4068378684e+04 4.4819348380e+05 4.3308653873e+04 -3.0471627516e+01 1.6768920120e+02 2.8378377562e+01 -1.2588732681e+02 5.4110926805e+02 -1.4388034912e-13 3.8101742641e+02
1.0000000000e+00 0.0000000000e+00 4.1877000911e+03 1.0151144737e+03 2.0206816189e+03 9.6012104128e+03 2.8009001542e+05 2.4101554080e+04 -1.2535943710e+01 2.9687923387e+01 3.0994492684e+01 -9.1061123850e+01 3.9171174273e+02 -1.1286009626e-13 7.5607270655e+01
1.0000000000e+00 0.0000000000e+00 1.9448042543e+04 5.8586168620e+04 7.2766231131e+03 2.6825035228e+04 6.1931618163e+05 5.9820005605e+04 -3.9642154493e+01 2.4171505540e+02 1.3431570769e+01 -1.3743252019e+02 6.6007651012e+02 -1.4768424781e-13 3.1661772620e+02
1.0000000000e+00 0.0000000000e+00 6.7435983695e+04 2.1423536880e+05 4.2621656482e+04 5.9858320574e+04 8.8356029687e+05 1.1546704170e+05 -7.7451665705e+01 4.6072879617e+02 -1.1251902746e+01 -1.6338806440e+02 8.3168492654e+02 -1.7313744311e-13 5.1450088037e+02
1.0000000000e+00 0.0000000000e+00 1.6363448371e+04 4.1565185530e+03 1.1515235888e+04 3.9058931178e+04 5.4435129195e+05 5.9444327186e+04 1.9151182456e+00 -6.4126716090e+01 6.2156757525e+01 -1.3618540193e+02 5.6435728825e+02 -1.2626750480e-13 -9.0627973026e+01
1.0000000000e+00 0.0000000000e+00 1.7491307324e+05 4.4396105645e+05 1.3444683155e+05 1.3928771557e+05 1.5812194971e+06 2.4925739999e+05 -1.2438193865e+02 6.6620640806e+02 -2.4330092703e+01 -2.2283825476e+02 1.1640514740e+03 -2.0250222006e-13 6.6565459764e+02
1.0000000000e+00 0.0000000000e+00 2.7023184285e+04 8.2693289936e+04 2.4147837961e+04 1.5147698279e+04 4.6565463805e+05 5.2670044602e+04 -4.2906664861e+01 2.8601791258e+02 -1.8640597540e+01 -9.5636327149e+01 5.5205512541e+02 -1.4780260442e-13 3.9101431867e+02
1.0000000000e+00 0.0000000000e+00 1.6997174432e+04 6.9401423981e+03 8.3337041372e+03 3.2266591973e+04 5.3053401828e+05 5.4209799649e+04 -3.1192200868e+01 -2.4280980787e+01 5.6433625252e+01 -1.4405688375e+02 6.2465003591e+02 -1.1351085305e-13 -2.0054179021e+02
1.0000000000e+00 0.0000000000e+00 3.4190791820e+03 8.9547380576e+03 3.1989025351e+03 5.9928115223e+03 2.5001805886e+05 2.1347969571e+04 -5.9253708097e+00 -8.3415533271e+01 3.0394414835e+01 -6.9690322869e+01 3.3507453842e+02 -1.1845747019e-13 9.1160830940e+01
1.0000000000e+00 0.0000000000e+00 2.8119158069e+04 9.8166879131e+04 2.2548299851e+04 1.8749541586e+04 3.3470760656e+05 4.5567267204e+04 -4.6333027448e+01 3.1304859970e+02 -2.0525448443e+01 -8.6480824051e+01 4.8270147727e+02 -1.3092562247e-13 3.1451874167e+02
1.0000000000e+00 0.0000000000e+00 1.2474751813e+04 1.8534205779e+03 9.5738966405e+03 1.5603129074e+04 4.0010328255e+05 3.8185115679e+04 -2.9590832852e+01 3.2202316081e+01 3.0959396277e+01 -1.0948569065e+02 5.1395490205e+02 -1.2231737773e-13 6.5060166735e+01
1.0000000000e+00 0.0000000000e+00 3.7963297685e+04 1.5358071085e+04 1.2295257786e+04 6.0712113443e+04 6.1791191055e+05 7.5073616093e+04 -6.0007637999e+01 1.1973900004e+02 6.0128414510e+01 -1.7591877012e+02 7.0924330425e+02 -1.2941398594e-13 3.2447308814e+01
1.0000000000e+00 0.0000000000e+00 1.0431554600e+04 2.3841737314e+04 1.8486061716e+03 2.3937039793e+04 5.0563771257e+05 4.6809324284e+04 -2.3967050303e+01 1.5212243708e+02 2.7370233414e+01 -1.2956323126e+02 5.8373363301e+02 -1.2890003369e-13 7.7078990924e+01
1.0000000000e+00 0.0000000000e+00 8.2987677028e+03 4.1418179728e+03 4.8459760922e+03 1.2833454981e+04 3.8553975431e+05 3.4028253917e+04 -1.9517776253e+01 -5.5264420261e+01 4.4497291180e+01 -1.0545109212e+02 4.6439746295e+02 -1.1312029988e-13 -1.1783334050e+02
1.0000000000e+00 0.0000000000e+00 1.5580576521e+04 9.3295399912e+03 1.3743845982e+04 1.6915121128e+04 5.1153647726e+05 4.8440787979e+04 -3.1806536746e+01 3.9415327593e+01 2.7468496230e+01 -1.1578169269e+02 5.7335136270e+02 -1.2440998279e-13 -1.3060324055e+02
1.0000000000e+00 0.0000000000e+00 1.9434430725e+04 8.3723555458e+03 1.1202913997e+04 2.5415025230e+04 4.4933932995e+05 4.6958239541e+04 -3.7661031888e+01 -7.9755293588e+00 5.1031847298e+01 -1.2986546865e+02 5.5186989288e+02 -1.1513545632e-13 -1.9935669693e+02
1.0000000000e+00 0.0000000000e+00 8.4888178185e+03 2.3278575604e+04 4.1534553006e+03 1.0123013749e+04 2.7787201621e+05 2.6209146134e+04 -2.6457414702e+01 1.4994149909e+02 7.1076029233e+00 -8.2073703294e+01 3.9593621928e+02 -1.2294605733e-13 1.3015846906e+02
1.0000000000e+00 0.0000000000e+00 4.4654012426e+04 1.5485194123e+05 2.4984014366e+04 4.1352702127e+04 7.1786174248e+05 8.5413154342e+04 -6.2187312977e+01 3.9191848384e+02 -6.0923307353e+00 -1.4678060488e+02 7.3757707410e+02 -1.6490256938e-13 5.1443485520e+02
1.0000000000e+00 0.0000000000e+00 2.5569202481e+04 5.8135105983e+04 1.3326736158e+04 2.7653961668e+04 3.7313789914e+05 4.6222779863e+04 -4.8836165773e+01 2.3675621709e+02 9.9266693717e+00 -1.1227018456e+02 5.1702237627e+02 -1.3473972404e-13 3.5619375212e+02
1.0000000000e+00 0.0000000000e+00 3.1644775970e+04 7.5719824239e+04 2.0559373884e+04 3.7297037852e+04 5.1596172269e+05 6.4177323104e+04 -2.4584897383e+01 -2.6823416111e+02 1.0924086259e+02 -1.6262612205e+02 5.9047108283e+02 -1.0976536708e-13 -3.3860295549e+02
1.0000000000e+00 0.0000000000e+00 3.1444829322e+04 5.3090721312e+04 8.6588222547e+03 4.0279989403e+04 6.8723597490e+05 7.0796347351e+04 -5.2551609700e+01 2.2739800481e+02 3.7472585728e+01 -1.5961809011e+02 6.6567459454e+02 -1.6324467248e-13 3.2741863656e+02
1.0000000000e+00 0.0000000000e+00 6.0395769365e+03 1.9158748919e+04 4.4981152747e+03 1.3820490237e+04 2.6239111542e+05 2.6784607275e+04 4.5475453683e+00 -1.3596143868e+02 4.2924613703e+01 -7.9231479840e+01 3.5755940215e+02 -9.7535028725e-14 -1.7567634699e+02
1.0000000000e+00 0.0000000000e+00 2.0928977266e+04 5.9142895460e+03 1.1010664790e+04 4.3762012157e+04 5.5773779624e+05 6.2340801393e+04 -1.9770440475e+01 -7.4883625797e+01 8.2110669015e+01 -1.6551933972e+02 6.4159030674e+02 -1.2223357329e-13 1.2102044210e+00
1.0000000000e+00 0.0000000000e+00 3.9279349194e+04 3.7641389580e+04 3.0277330814e+04 4.0933295082e+04 6.1014017134e+05 7.4461433419e+04 -5.7365311442e+01 1.8685615042e+02 2.2296438788e+01 -1.4407493055e+02 6.8826660637e+02 -1.3367378967e-13 3.1425999934e+01
1.0000000000e+00 0.0000000000e+00 2.3743783040e+03 3.3929378620e+03 1.4675653550e+03 8.4870680644e+03 3.0909271230e+05 2.5427662095e+04 -2.0900902465e+00 4.8388321877e+01 1.5810718595e+01 -7.3381708481e+01 3.5641579403e+02 -1.2842151178e-13 1.1935755526e+02
1.0000000000e+00 0.0000000000e+00 4.7561546596e+04 9.1925881543e+04 1.7523241140e+04 6.6293881983e+04 8.1096105778e+05 9.6623668381e+04 -6.8668289706e+01 2.9743525417e+02 3.0142050183e+01 -1.8070768122e+02 8.0292747769e+02 -1.6374938021e-13 4.4689003136e+02
1.0000000000e+00 0.0000000000e+00 1.3121357860e+04 6.6143474382e+04 2.9433952963e+03 1.4347323015e+04 4.0948948279e+05 3.8570816814e+04 -3.1592749565e+01 2.5597404001e+02 1.7290359070e+00 -1.0084113302e+02 4.7859073219e+02 -1.3958808182e-13 2.8915463786e+02
1.0000000000e+00 0.0000000000e+00 1.3899804674e+04 5.5707697568e+04 1.1196397242e+04 1.0260545601e+04 4.1109246422e+05 3.9872125333e+04 -2.9114083744e+01 2.3482074361e+02 -1.4121568765e+01 -8.9184950903e+01 5.1737651870e+02 -1.3670735081e-13 2.7609605796e+02
1.0000000000e+00 0.0000000000e+00 1.0776151792e+04 4.2347602594e+04 2.1269027475e+03 1.5549561891e+04 3.6539703386e+05 3.4619604268e+04 -2.8941553795e+01 2.0141110341e+02 6.9868568555e+00 -9.9765265447e+01 4.7779198986e+02 -1.2579387314e-13 2.7838020853e+02
1.0000000000e+00 0.0000000000e+00 6.7242159739e+03 2.2532822762e+03 4.9023811642e+03 1.1532169330e+04 4.2726325409e+05 3.6177025189e+04 -1.6946547678e+01 -3.4037238031e+01 3.6323661596e+01 -1.0240524129e+02 4.8069394546e+02 -1.2038581887e-13 -8.1240530995e+01
1.0000000000e+00 0.0000000000e+00 1.3421019138e+04 5.0122352662e+04 2.5311290183e+03 1.5697435028e+04 3.5419329057e+05 3.4491798627e+04 -3.2096911525e+01 2.1045951766e+02 1.3942631920e+01 -1.0287641421e+02 4.4747123442e+02 -1.3829933194e-13 3.9838086863e+02
1.0000000000e+00 0.0000000000e+00 5.5228564358e+04 2.6123170050e+05 2.8902331371e+04 4.6199243549e+04 6.9485556574e+05 9.3009234013e+04 -6.8140857597e+01 5.0820429257e+02 -2.4490233350e+01 -1.4240855079e+02 7.4056851791e+02 -1.6224031457e-13 5.6209731557e+02
1.0000000000e+00 0.0000000000e+00 8.2173020938e+04 4.5347338497e+05 5.5467505952e+04 4.2805815976e+04 6.4135778897e+05 1.0883895537e+05 -7.7247202478e+01 6.7137100765e+02 -6.3993940527e+01 -1.1688851755e+02 7.0217307594e+02 -1.7900808548e-13 8.0567882461e+02
1.0000000000e+00 0.0000000000e+00 6.3744720926e+03 2.7474062092e+04 4.8657738584e+03 7.9477852361e+03 3.2484279731e+05 2.8899407462e+04 -1.7119772027e+01 1.6569117717e+02 -7.8729689772e+00 -7.6701221331e+01 4.4424729225e+02 -1.1550591707e-13 1.6782154516e+02
1.0000000000e+00 0.0000000000e+00 1.4615329681e+04 7.3708318757e+04 9.6801431023e+03 1.5874070621e+04 2.6228876900e+05 3.2638885164e+04 -4.5624786188e+00 -2.4381969498e+02 7.8342783842e+01 -1.0807646281e+02 4.0381223463e+02 -7.3036034663e-14 -4.9462525425e+02
1.0000000000e+00 0.0000000000e+00 3.7497691702e+04 7.0974468563e+04 2.4893112089e+04 3.5585800056e+04 6.2908119990e+05 7.2645346072e+04 -5.8942098441e+01 2.6216172278e+02 8.7101368209e+00 -1.3809592620e+02 6.7975822495e+02 -1.5307631857e-13 4.2390399905e+02
1.0000000000e+00 0.0000000000e+00 1.1395614899e+05 3.5509770189e+05 8.6654794500e+04 8.4613446266e+04 8.8099986425e+05 1.5243944137e+05 -9.9306298710e+01 5.9564340770e+02 -3.4866429683e+01 -1.5986346668e+02 8.6010636458e+02 -1.7211933787e-13 6.7157974345e+02
1.0000000000e+00 0.0000000000e+00 2.3050360459e+05 6.1839412816e+05 1.5222024034e+05 2.1099834153e+05 2.0556695823e+06 3.2988647490e+05 -1.4869850987e+02 7.8506522004e+02 -1.7559184045e+01 -2.6838016913e+02 1.3394063335e+03 -2.1688221565e-13 6.6707869558e+02
1.0000000000e+00 0.0000000000e+00 2.5427457070e+03 3.7644049566e+03 1.9514340325e+03 1.0722833620e+04 3.0287937666e+05 2.6247697878e+04 1.0659309645e+00 -5.4861827741e+01 3.5377403292e+01 -8.2720005562e+01 3.6973295642e+02 -1.1558622384e-13 6.5350789462e+01
1.0000000000e+00 0.0000000000e+00 1.0615109131e+04 2.7481934795e+03 7.0426814768e+03 3.8290801163e+04 6.8510983958e+05 6.6566630252e+04 1.3505487247e+00 -5.0836420825e+01 5.7580579836e+01 -1.4502703244e+02 6.4335367967e+02 -1.4000404969e-13 9.7930239545e+00
1.0000000000e+00 0.0000000000e+00 1.4151449548e+04 1.5177052693e+05 2.7363311821e+03 1.1127640555e+04 4.6133085713e+05 4.4748631965e+04 -1.9549280304e+01 3.7140726737e+02 -2.7279130246e+01 -9.3702888403e+01 5.3161633677e+02 -1.5519631859e-13 6.3354926885e+02
1.0000000000e+00 0.0000000000e+00 2.6276848613e+04 1.3244752981e+03 1.2204469710e+04 3.9873887366e+04 6.0565309391e+05 6.4092982631e+04 -4.2576170334e+01 -1.3993247014e+00 6.9648614854e+01 -1.6630003899e+02 6.7266115462e+02 -1.3049486413e-13 2.9890666986e+01
1.0000000000e+00 0.0000000000e+00 1.2368701940e+04 5.2767476676e+03 8.5856448355e+03 1.7190310305e+04 4.1201683957e+05 3.9447452127e+04 -3.0262396900e+01 6.1483110120e+01 2.7016882494e+01 -1.1011840649e+02 5.2194014947e+02 -1.1915639690e-13 4.4466438179e+01
1.0000000000e+00 0.0000000000e+00 2.5366228796e+03 2.0184356451e+03 1.4300372796e+03 5.0406465113e+03 2.2418763132e+05 1.8074388907e+04 -1.2054512821e+01 4.0280064526e+01 1.4346861647e+01 -6.6642733724e+01 3.2645610841e+02 -1.0789294987e-13 7.2394142377e+01
1.0000000000e+00 0.0000000000e+00 8.7288106139e+04 3.3442005190e+05 5.1946517732e+04 7.1303159870e+04 7.3004727568e+05 1.2028256249e+05 -8.8581179213e+01 5.7197220850e+02 -2.7919852065e+01 -1.4947790914e+02 7.6317321884e+02 -1.7982006490e-13 8.3875164121e+02
1.0000000000e+00 0.0000000000e+00 1.1737614421e+05 4.9468337225e+05 8.0621571114e+04 8.0288903317e+04 7.7946827924e+05 1.4795972228e+05 -9.8604720463e+01 6.9931877245e+02 -5.2777998587e+01 -1.4651972970e+02 8.0893993944e+02 -1.7676382540e-13 8.3662978355e+02
1.0000000000e+00 0.0000000000e+00 1.9247343472e+04 8.0511953936e+04 1.3551903268e+04 1.1164391426e+04 2.4323603751e+05 3.1233412823e+04 -3.7888976898e+01 2.8294503623e+02 -1.9710985210e+01 -7.0980445337e+01 3.9541520928e+02 -1.1895621919e-13 3.3708714082e+02
1.0000000000e+00 0.0000000000e+00 1.2066850000e+04 3.9513238350e+04 1.2057890672e+04 5.3131947681e+03 3.2869057988e+05 3.1662903239e+04 -2.4299094103e+01 1.9827381818e+02 -1.6392171436e+01 -6.6054744842e+01 4.0330757166e+02 -1.2441989645e-13 1.7254377481e+02
1.0000000000e+00 0.0000000000e+00 1.8645397001e+04 3.4470836960e+04 3.7545778138e+03 3.5935036377e+04 5.9626409897e+05 5.9677592662e+04 -3.8395440745e+01 1.8252856136e+02 2.9230315995e+01 -1.4956378198e+02 6.8390995070e+02 -1.3409643329e-13 2.9644951150e+02
1.0000000000e+00 0.0000000000e+00 3.7893572598e+03 3.5859697392e+03 3.1035794473e+03 7.5819400089e+03 2.1119738759e+05 1.9148789363e+04 -3.9788558741e+00 5.8807579754e+01 2.1378963769e+01 -7.4504673150e+01 3.2061330186e+02 -1.0028995592e-13 3.1343065459e+01
1.0000000000e+00 0.0000000000e+00 9.7315403114e+03 4.2069887235e+03 6.2604693427e+03 1.0851699747e+04 2.6603206945e+05 2.5707089756e+04 -2.7805388689e+01 3.0110655676e+01 2.7675630604e+01 -9.0030548680e+01 4.0574377471e+02 -1.0329482114e-13 -4.1842002440e+01
1.0000000000e+00 0.0000000000e+00 4.4194873569e+03 2.9815776968e+03 6.8302690618e+03 3.1770848270e+03 2.3983863373e+05 2.0660003641e+04 -6.7332944651e+00 -2.1834370791e+01 4.6471986015e+00 -4.5458508616e+01 2.9189062593e+02 -1.0815828198e-13 -5.2536880701e+01
1.0000000000e+00 0.0000000000e+00 2.4726432000e+04 1.0137896049e+05 7.7498789344e+03 3.1439516388e+04 6.6098302574e+05 6.7030148487e+04 -4.5035395323e+01 3.1487656365e+02 5.8634196234e+00 -1.4389223229e+02 6.9819821943e+02 -1.5328721188e-13 4.3751140220e+02
1.0000000000e+00 0.0000000000e+00 3.0308798246e+04 8.1662770447e+04 2.2773673705e+04 2.3174967387e+04 4.5275207665e+05 5.4788659845e+04 -5.0601658504e+01 2.8562541366e+02 -8.0291963268e+00 -1.0775667004e+02 5.6581707857e+02 -1.3702841951e-13 3.0608454008e+02
1.0000000000e+00 0.0000000000e+00 7.4024947720e+04 3.2342519018e+05 3.3824467586e+04 6.6160946227e+04 9.1035544893e+05 1.2172871249e+05 -8.0946609887e+01 5.6537055106e+02 -1.6887239435e+01 -1.7249224469e+02 8.5204247030e+02 -1.7420479342e-13 6.3079487519e+02
1.0000000000e+00 0.0000000000e+00 1.4877542067e+04 9.9226452337e+03 5.3711115466e+03 2.0061963295e+04 4.5840025747e+05 4.2709800929e+04 -3.5358015448e+01 8.5606104789e+01 3.5726250188e+01 -1.2066040622e+02 5.1924955257e+02 -1.2356524833e-13 -7.1023149889e+01
1.0000000000e+00 0.0000000000e+00 6.6518943577e+04 1.8507894008e+05 3.4474056625e+04 6.7023217693e+04 6.7995340126e+05 1.0005764273e+05 -8.0695408754e+01 4.2534521550e+02 7.0329823903e-01 -1.5618269918e+02 7.3264536137e+02 -1.6265260837e-13 6.0815221541e+02
1.0000000000e+00 0.0000000000e+00 3.4078437397e+03 9.8278885206e+03 1.6756464939e+03 5.9956355434e+03 1.9944444372e+05 1.7334229781e+04 -6.2553156861e+00 7.7896905790e+01 1.5762647983e+01 -6.5054907657e+01 2.7903847248e+02 -1.1887462384e-13 2.7412023382e+02
1.0000000000e+00 0.0000000000e+00 2.9333129033e+04 1.0264104583e+05 1.3924812860e+04 2.8274774418e+04 4.3754617782e+05 5.3295192052e+04 -5.3076799479e+01 3.1809019787e+02 -3.7594390408e+00 -1.1415001835e+02 5.5755422606e+02 -1.4448755289e-13 4.7308511346e+02
1.0000000000e+00 0.0000000000e+00 1.9085583002e+04 2.9972322306e+04 1.8398332155e+04 1.2621327401e+04 3.8928376526e+05 4.1304254638e+04 -3.7598550630e+01 1.7102428667e+02 -1.4888837931e+00 -9.0804585205e+01 4.9422363144e+02 -1.3354747253e-13 2.6478580692e+02
1.0000000000e+00 0.0000000000e+00 1.1967825660e+04 1.5319348511e+04 9.9429875338e+03 1.1477747513e+04 3.9120989478e+05 3.6546815125e+04 -2.9418124442e+01 1.2045281156e+02 9.9526604567e+00 -9.5219304003e+01 4.8776886543e+02 -1.2359022406e-13 6.1825199930e+01
1.0000000000e+00 0.0000000000e+00 3.3147877378e+04 1.3060236046e+05 1.6666449128e+04 2.7408967133e+04 5.8837739184e+05 6.5613711727e+04 -5.2021552222e+01 3.5194420502e+02 -6.9762438529e+00 -1.2661866123e+02 6.3709691758e+02 -1.6060845188e-13 4.8877914613e+02
1.0000000000e+00 0.0000000000e+00 2.1370174898e+04 5.5265543292e+04 1.4928534172e+04 1.5886098837e+04 3.7124641748e+05 4.1322873118e+04 -4.1811310563e+01 2.3303254617e+02 -2.5022398982e+00 -9.3636641213e+01 4.7414892609e+02 -1.3149561997e-13 2.4814658213e+02
1.0000000000e+00 0.0000000000e+00 1.3432466698e+04 3.4565240916e+04 1.1929249530e+04 1.2762378160e+04 3.6165339137e+05 3.6948124713e+04 -9.3374387438e+00 -1.8563696979e+02 7.1681514076e+01 -1.0955826484e+02 4.1367265222e+02 -1.1031990567e-13 -1.7830143194e+02
1.0000000000e+00 0.0000000000e+00 4.4563679151e+04 2.5197726665e+04 1.2864390247e+04 7.6652118123e+04 9.8339852268e+05 1.0759603512e+05 -6.1255258984e+01 1.5554429906e+02 6.7950615250e+01 -2.1341913006e+02 8.8488603842e+02 -1.5691915352e-13 1.5903492614e+02
1.0000000000e+00 0.0000000000e+00 5.9693463583e+04 1.2457935535e+05 2.5274446330e+04 7.1741318542e+04 7.7403915904e+05 1.0156041584e+05 -7.7369515856e+01 3.4262803381e+02 2.5417338502e+01 -1.7773353079e+02 7.7997336401e+02 -1.6948952211e-13 5.5180799917e+02
1.0000000000e+00 0.0000000000e+00 5.6583802585e+03 2.5683401544e+04 5.4706587022e+02 1.5957907496e+04 3.6548543464e+05 3.3304743290e+04 -8.4975894918e+00 1.4468073331e+02 9.8362830730e+00 -9.5374661006e+01 4.7173868114e+02 -1.2742166925e-13 2.9207416790e+02
1.0000000000e+00 0.0000000000e+00 9.6872812857e+04 6.3698544420e+04 3.3008032377e+04 1.5136860892e+05 1.3960195354e+06 1.7972265580e+05 -9.8540158554e+01 2.5212776101e+02 7.8154178656e+01 -2.6294696801e+02 1.0814216435e+03 -1.7213027271e-13 2.2947392713e+02
1.0000000000e+00 0.0000000000e+00 3.8270599637e+04 8.3993526026e+03 2.5147204933e+04 4.7989604072e+04 9.9285074554e+05 9.9734956728e+04 -5.5611908649e+01 5.4068688169e+01 5.3662154147e+01 -1.7801210447e+02 8.1306367671e+02 -1.5797846747e-13 -9.4884518425e+01
1.0000000000e+00 0.0000000000e+00 4.7162476402e+03 6.7870557000e+03 4.0343996499e+03 1.4213260812e+04 3.2187017128e+05 3.0150796196e+04 3.7306965303e+00 -7.1696165238e+01 4.2280499526e+01 -9.1745529298e+01 3.9854967335e+02 -1.0631391991e-13 -1.0157657103e+02
1.0000000000e+00 0.0000000000e+00 2.8359201687e+04 5.6343848302e+03 1.2665327120e+04 4.6164416479e+04 6.8084617397e+05 7.2406800565e+04 -4.7948614165e+01 5.8210505817e+01 5.7990793868e+01 -1.6636383443e+02 7.0396292727e+02 -1.4268986687e-13 5.0227483619e+00
1.0000000000e+00 0.0000000000e+00 4.4487640535e+04 3.0129809046e+04 3.2831442407e+04 4.9400168461e+04 7.3012899256e+05 8.7089839980e+04 -6.2631525330e+01 1.3849807332e+02 3.5310090029e+01 -1.5785901005e+02 7.3309759292e+02 -1.3791159123e-13 -1.2677012241e+02
1.0000000000e+00 0.0000000000e+00 3.2916207849e+04 1.3103809716e+05 1.1890992323e+04 3.7984801827e+04 8.3477288308e+05 8.4931319615e+04 -5.1746958750e+01 3.6143984347e+02 5.4876104652e+00 -1.5963136734e+02 7.7217145095e+02 -1.6945677440e-13 4.1157561028e+02
1.0000000000e+00 0.0000000000e+00 1.4175769383e+03 2.1506464890e+02 9.8842073115e+02 7.4099423954e+03 2.5659428684e+05 2.1045813509e+04 1.7845316009e-02 7.8428346869e+00 2.1750982937e+01 -6.9873635912e+01 3.2458111254e+02 -1.0999307756e-13 3.8261397858e+00
1.0000000000e+00 0.0000000000e+00 3.5061042115e+04 1.1764496470e+05 1.9792181524e+04 3.6379609957e+04 5.6555632749e+05 6.8841582512e+04 -5.5374046027e+01 3.4239970417e+02 -4.0955050068e+00 -1.3369484201e+02 6.7322670732e+02 -1.3975578105e-13 3.9648165467e+02
1.0000000000e+00 0.0000000000e+00 9.4439102899e+04 8.5701078766e+03 4.9360763767e+04 1.4295126945e+05 1.5439957746e+06 1.9019139912e+05 -8.7379606504e+01 8.0041472990e+01 1.0451318704e+02 -2.7963205624e+02 1.1512286986e+03 -1.5776917317e-13 -6.4762596672e+01
1.0000000000e+00 0.0000000000e+00 3.2117527718e+04 4.8566369650e+04 1.9406509866e+04 4.4646795847e+04 5.6033471693e+05 6.8644956447e+04 -2.4179189574e+01 -2.0252985102e+02 1.0772154637e+02 -1.7148632074e+02 6.1144759882e+02 -1.0658819613e-13 -4.0524466236e+02
1.0000000000e+00 0.0000000000e+00 8.0347876738e+04 3.4352646951e+05 5.7269576021e+04 4.8827915469e+04 7.5143724476e+05 1.1430350809e+05 -7.8126184158e+01 5.7955281867e+02 -4.3541323455e+01 -1.3463167094e+02 7.5790894825e+02 -1.7720872542e-13 7.8373471260e+02
1.0000000000e+00 0.0000000000e+00 4.0682586864e+04 3.7116054734e+04 3.2144934025e+04 3.9942118167e+04 6.7261135192e+05 7.8994131566e+04 -5.8451189379e+01 1.9120025834e+02 2.1445624690e+01 -1.4675669794e+02 7.0855386886e+02 -1.4439392610e-13 1.1551608762e+02
1.0000000000e+00 0.0000000000e+00 4.0274102219e+03 7.2442656134e+03 3.3708505463e+03 1.5692730770e+04 5.5802019384e+05 4.6439714695e+04 -5.2834889512e+00 -8.1244573000e+01 3.7954388930e+01 -1.0654714594e+02 5.3281078768e+02 -1.3491359913e-13 -1.3100072103e+01
1.0000000000e+00 0.0000000000e+00 8.7085252083e+04 2.8055403441e+05 5.4696487780e+04 7.0011038218e+04 9.5221174565e+05 1.3316159186e+05 -8.9148236940e+01 5.2937781139e+02 -1.8635291997e+01 -1.6627751973e+02 8.4793885591e+02 -1.8322028395e-13 5.8888161283e+02
1.0000000000e+00 0.0000000000e+00 9.4291921145e+03 8.4654211185e+02 3.2588583165e+03 2.5137743730e+04 4.8794476940e+05 4.5632564552e+04 -1.8822980434e+01 -1.0311798408e+01 5.1777101504e+01 -1.3259256535e+02 5.6714593512e+02 -1.1811952806e-13 -4.6232649993e+01
1.0000000000e+00 0.0000000000e+00 5.0732473746e+03 1.4144282680e+04 5.0621358335e+03 4.3264638511e+03 1.9355276585e+05 1.7856590592e+04 -3.5929590069e+00 -9.1108196800e+01 3.8644226436e+01 -6.2911595638e+01 2.4228438656e+02 -1.1053988925e-13 9.7930963869e+01
1.0000000000e+00 0.0000000000e+00 1.6219994441e+04 1.2029669502e+04 2.3928702288e+04 9.7789239479e+03 5.4335005956e+05 5.1877803312e+04 -1.9759056803e+01 2.7281584115e+01 2.8373442112e+00 -8.8175749640e+01 5.5455021108e+02 -1.2424860302e-13 -1.5855254882e+02
1.0000000000e+00 0.0000000000e+00 2.5146362773e+03 1.3655307910e+04 1.5161877032e+03 8.4934870348e+03 1.7893016358e+05 1.7204544762e+04 7.4526201872e+00 -8.1908682433e+01 1.3678669751e+01 -4.4071579523e+01 2.6886810629e+02 -8.8275312304e-14 -1.9004421340e+02
1.0000000000e+00 0.0000000000e+00 7.9461010337e+04 4.2133102899e+05 3.4519065362e+04 6.8146965067e+04 1.1152191553e+06 1.4154882756e+05 -8.0831439131e+01 6.3666685596e+02 -2.8068886871e+01 -1.8283915948e+02 9.4082949305e+02 -2.0642655596e-13 9.6151455596e+02
1.0000000000e+00 0.0000000000e+00 3.5081727923e+04 1.3009433538e+05 1.9193549128e+04 3.8655733221e+04 9.9016817356e+05 9.8787859234e+04 -5.1507346247e+01 3.5981598778e+02 -5.6185917757e+00 -1.6013069555e+02 8.4790547330e+02 -1.7953114984e-13 4.8979826535e+02
1.0000000000e+00 0.0000000000e+00 2.5511366122e+04 9.8171396147e+04 1.0292741301e+04 2.9318473211e+04 4.8068310516e+05 5.4881654185e+04 -4.7199265618e+01 3.0568705084e+02 1.7546092628e+00 -1.2535548545e+02 6.0667009569e+02 -1.4392218874e-13 5.0804114718e+02
1.0000000000e+00 0.0000000000e+00 2.4822148483e+04 1.9964740170e+04 1.7438523723e+04 2.6043967610e+04 3.2572531336e+05 4.2189983777e+04 -2.4859333392e+01 -1.3593030815e+02 9.0925251410e+01 -1.4081120172e+02 4.6388551979e+02 -1.0461934961e-13 -1.4470332700e+02
1.0000000000e+00 0.0000000000e+00 1.0895333395e+04 8.8299720279e+04 1.7484203877e+03 1.9878408222e+04 4.6888360134e+05 4.5647683418e+04 -1.5715265086e+01 2.8369876306e+02 -6.6509077808e+00 -1.0801855299e+02 5.6016100680e+02 -1.4077422701e-13 4.4875429797e+02
1.0000000000e+00 0.0000000000e+00 2.0753829982e+05 6.1934441247e+05 1.4303569719e+05 1.6989710896e+05 1.7334592683e+06 2.8571713312e+05 -1.3816015325e+02 7.8475331163e+02 -3.2282623458e+01 -2.3431106384e+02 1.2049569861e+03 -2.3442830189e-13 9.7754974283e+02
1.0000000000e+00 0.0000000000e+00 6.5965841932e+04 1.3439761751e+05 2.1360751140e+04 9.3344070803e+04 1.1588746642e+06 1.3601129744e+05 -8.0498175999e+01 3.6529974047e+02 3.6664561874e+01 -2.1972914824e+02 9.7354588952e+02 -1.7791529244e-13 4.8706420412e+02
1.0000000000e+00 0.0000000000e+00 6.2751618936e+03 8.0503632372e+03 4.5519094355e+03 8.5311265500e+03 2.9979643827e+05 2.6382346975e+04 -2.0558104301e+01 8.3380159740e+01 9.8771401910e+00 -8.1292543002e+01 4.2189213661e+02 -1.2208809028e-13 1.7537948941e+02
1.0000000000e+00 0.0000000000e+00 3.1931850761e+04 6.4509604142e+04 1.5895372626e+04 3.8107302567e+04 5.4607136149e+05 6.4003701793e+04 -5.5884143563e+01 2.5247269038e+02 1.4966317895e+01 -1.3817286808e+02 6.4730459040e+02 -1.4522592336e-13 3.7278460038e+02
1.0000000000e+00 0.0000000000e+00 2.4196484074e+04 5.7545639100e+03 1.2577244693e+04 3.7754159584e+04 5.7992529806e+05 6.1783898215e+04 -3.7856849995e+01 -7.1223624964e+01 7.4549480534e+01 -1.5414177899e+02 6.1086904224e+02 -1.3591750047e-13 -3.0995412565e+01
1.0000000000e+00 0.0000000000e+00 1.0354659861e+04 4.8382139690e+03 7.3348514171e+03 1.1993362845e+04 2.9465795588e+05 2.8643074233e+04 -2.9263063426e+01 6.7068926620e+01 1.9113403601e+01 -8.9619706874e+01 4.3067514555e+02 -1.1217806544e-13 1.0715698404e+01
1.0000000000e+00 0.0000000000e+00 1.9152653358e+05 5.9791106054e+05 1.2147104671e+05 1.7518456491e+05 1.3117500081e+06 2.4938749852e+05 -1.3466472692e+02 7.6916687960e+02 -2.8662188513e+01 -2.1784349556e+02 1.0825062191e+03 -2.0069875499e-13 9.3647859898e+02
1.0000000000e+00 0.0000000000e+00 1.9584167299e+04 1.2675714283e+05 7.2405211517e+03 1.7991691262e+04 4.8013000115e+05 4.9821093663e+04 -3.5372763284e+01 3.5380160086e+02 -1.6085363290e+01 -1.0903226787e+02 5.7588090350e+02 -1.3560204717e-13 3.3009638164e+02
1.0000000000e+00 0.0000000000e+00 2.2725492030e+04 3.7387617131e+04 1.7761227233e+04 1.8343272621e+04 4.0358475369e+05 4.4945705661e+04 -4.3814988770e+01 1.8630201773e+02 5.6353411078e+00 -9.8951880480e+01 4.9209915849e+02 -1.2787234963e-13 1.3890980457e+02
1.0000000000e+00 0.0000000000e+00 4.6835128995e+04 1.5118965070e+04 1.7183611403e+04 8.4609563827e+04 1.1867878556e+06 1.2623747960e+05 -6.1449594227e+01 1.1278930027e+02 7.2757590792e+01 -2.2863135574e+02 9.8779592639e+02 -1.4964253529e-13 2.8848717118e+01
1.0000000000e+00 0.0000000000e+00 2.9520211798e+04 6.5437730569e+04 1.3339392622e+04 3.8699742121e+04 5.9174907310e+05 6.6287929201e+04 -5.2505644640e+01 2.5048993407e+02 1.7358253752e+01 -1.4440218334e+02 6.7531186235e+02 -1.4348801111e-13 3.3222567904e+02
1.0000000000e+00 0.0000000000e+00 3.5058048531e+05 1.3542139309e+06 2.5702132143e+05 2.3992379521e+05 2.0139680120e+06 4.2174184689e+05 -1.7003151424e+02 1.1578400632e+03 -8.9953621571e+01 -2.4001980254e+02 1.3385464479e+03 -2.5637673798e-13 1.4721864260e+03
1.0000000000e+00 0.0000000000e+00 5.4441674843e+03 6.7023334176e+03 3.6984200122e+03 1.0866189877e+04 4.0017087109e+05 3.3754751356e+04 -1.7129026535e+01 7.5090512227e+01 1.6101458313e+01 -9.5590549531e+01 4.8422108549e+02 -1.2427221939e-13 2.6490609158e+01
1.0000000000e+00 0.0000000000e+00 2.2786989005e+05 9.5080637753e+05 1.7152320042e+05 1.3398013712e+05 1.7341592640e+06 2.9820174367e+05 -1.3202113019e+02 9.7026963612e+02 -8.0637110905e+01 -2.0746255253e+02 1.1979183118e+03 -2.4248031948e-13 1.2139777536e+03
1.0000000000e+00 0.0000000000e+00 1.8382159321e+04 3.1180539402e+04 1.9710878491e+04 1.0348790012e+04 3.3432550396e+05 3.7205772167e+04 -3.4972887602e+01 1.7525060132e+02 -7.9388940792e+00 -8.0658997142e+01 4.6424648498e+02 -1.1880391877e-13 1.1262256029e+02
1.0000000000e+00 0.0000000000e+00 1.7427566903e+03 1.4384207572e+03 1.5622447439e+03 8.7125310674e+03 2.4250938250e+05 2.0995366515e+04 2.8357751120e+00 3.0870843465e+01 1.7720649060e+01 -6.8298157223e+01 3.2288277284e+02 -1.0843034553e-13 1.5151344385e+00
1.0000000000e+00 0.0000000000e+00 7.6795983849e+04 4.1515109401e+05 4.7184169051e+04 4.4154337840e+04 7.4244745499e+05 1.1078128522e+05 -7.5973860706e+01 6.3414305156e+02 -5.1334448019e+01 -1.3324340629e+02 7.5837079418e+02 -1.7949018786e-13 7.8953027481e+02
1.0000000000e+00 0.0000000000e+00 3.1956453552e+04 7.5311321998e+04 4.1022092096e+03 6.2249740206e+04 1.0021072964e+06 1.0104383289e+05 -4.8699917370e+01 2.6505414991e+02 3.9921856355e+01 -1.9752937793e+02 8.7715517604e+02 -1.6349837950e-13 3.0878205570e+02
1.0000000000e+00 0.0000000000e+00 2.6048483509e+04 1.8636011314e+05 1.5542182379e+04 9.4453518975e+03 3.8079234185e+05 4.5802563627e+04 -3.7631192068e+01 4.3100853112e+02 -4.2574533715e+01 -7.8396815007e+01 4.8290762925e+02 -1.4552469133e-13 4.5862623750e+02
1.0000000000e+00 0.0000000000e+00 1.1827913472e+03 5.5406246822e+02 6.0351124113e+02 6.4038717461e+03 1.6119232033e+05 1.4025030050e+04 4.3629694905e+00 1.5250158006e+01 8.7177538834e+00 -4.5270587425e+01 2.3726089996e+02 -1.0053673767e-13 4.6549199477e+01
1.0000000000e+00 0.0000000000e+00 6.4894672815e+03 1.6212389278e+03 2.6263542530e+03 1.0716345252e+04 2.8599573610e+05 2.5294098572e+04 -2.0977157475e+01 2.6210100580e+01 3.2263489649e+01 -9.2545380691e+01 3.9611506724e+02 -1.1850022932e-13 1.2287669766e+02
1.0000000000e+00 0.0000000000e+00 1.5647899260e+05 5.8348664854e+05 1.0593519666e+05 1.1828820801e+05 1.3791577467e+06 2.2078284223e+05 -1.1608946423e+02 7.6070867662e+02 -4.2887704092e+01 -2.0383879831e+02 1.0857496810e+03 -2.1448189690e-13 1.0096331630e+03
1.0000000000e+00 0.0000000000e+00 5.6394884149e+04 8.6297949876e+04 3.1709785976e+04 7.4987294819e+04 7.8900405251e+05 1.0491504833e+05 -3.9581113309e+01 -2.7887550317e+02 1.4196457289e+02 -2.2050185065e+02 7.7765935497e+02 -1.1859820413e-13 -4.5245635874e+02
1.0000000000e+00 0.0000000000e+00 1.2254526014e+04 1.4581531622e+04 9.5301487916e+03 1.3065514339e+04 3.0876643207e+05 3.1505194088e+04 -2.0144602251e+01 -1.1361370459e+02 5.6781494444e+01 -1.0426739948e+02 4.2062483305e+02 -1.0818977522e-13 -1.5220638579e+02
1.0000000000e+00 0.0000000000e+00 6.2500750361e+03 4.8685504646e+04 2.4998885129e+03 7.3387978912e+03 2.8939126920e+05 2.6269051744e+04 -8.6362518058e+00 2.0801551840e+02 -4.0238252992e+00 -7.5664916247e+01 3.8147892425e+02 -1.2610191992e-13 3.1814175316e+02
1.0000000000e+00 0.0000000000e+00 1.9130495149e+03 1.4006172999e+04 3.1654524504e+02 2.3719012515e+03 1.2262904356e+05 1.0149884137e+04 -9.2231145375e+00 1.1118267349e+02 -8.6700627710e-02 -4.4387905946e+01 2.1719486248e+02 -1.0021346828e-13 1.5155333035e+02
1.0000000000e+00 0.0000000000e+00 1.7979087807e+03 1.7024436577e+03 1.1180874054e+03 9.1153958046e+03 3.2282279752e+05 2.6400974808e+04 5.3963274171e-01 -3.8507204963e+01 2.0203072033e+01 -6.7957646711e+01 3.5571314891e+02 -1.1548936610e-13 -1.9366174192e+01
1.0000000000e+00 0.0000000000e+00 3.8943723109e+04 1.9508481229e+05 1.9837230323e+04 3.0441098110e+04 5.7433279882e+05 7.0597105186e+04 -5.5949587508e+01 4.2967338934e+02 -2.0986260642e+01 -1.2111055464e+02 6.3268740954e+02 -1.6612437870e-13 5.7687598243e+02
1.0000000000e+00 0.0000000000e+00 6.5392092559e+03 4.0197236229e+03 1.8737170296e+03 1.5830381942e+04 3.5244620636e+05 3.1870220522e+04 -1.9298226605e+01 5.6115543673e+01 3.2661944888e+01 -1.0633109795e+02 4.6424553551e+02 -1.1723658205e-13 7.7630886267e+00
1.0000000000e+00 0.0000000000e+00 6.8595647016e+03 6.2169228041e+04 2.4787298155e+03 1.0402072532e+04 3.2984506859e+05 3.1033064815e+04 -5.2199345084e+00 2.4396009077e+02 -1.8267690679e+01 -6.9323379016e+01 4.0369922932e+02 -1.3337785716e-13 3.4640764726e+02
1.0000000000e+00 0.0000000000e+00 1.0382576888e+04 9.7600660199e+03 6.1391818383e+03 1.7190288696e+04 4.3673171139e+05 4.0276919660e+04 -2.7675173087e+01 9.6877068051e+01 2.1847024063e+01 -1.1240963433e+02 5.4444543283e+02 -1.2233184868e-13 4.6945383396e+01
1.0000000000e+00 0.0000000000e+00 3.5538215164e+04 3.9607588986e+04 2.5467276033e+04 3.8858544220e+04 7.9974556865e+05 8.4299775912e+04 -5.4437298888e+01 1.9669132111e+02 2.3256159378e+01 -1.5739159715e+02 7.6440879574e+02 -1.5395384541e-13 1.1939208222e+02
1.0000000000e+00 0.0000000000e+00 3.1547933204e+03 1.2680864869e+04 6.3596905006e+02 7.4959989847e+03 2.6325951445e+05 2.1997797945e+04 -1.1880508785e+01 1.1140971690e+02 7.2940487273e+00 -7.5517389144e+01 3.7900495139e+02 -1.0778886257e-13 5.9797432976e+01
1.0000000000e+00 0.0000000000e+00 1.0297653318e+04 8.8509852421e+03 8.6782059786e+03 9.1361126676e+03 2.5483589234e+05 2.5450276327e+04 -2.6269323017e+01 9.3304748653e+01 1.1864729271e+01 -7.9345923170e+01 3.8876618729e+02 -1.1544365001e-13 9.8680188844e+01
1.0000000000e+00 0.0000000000e+00 2.7936304636e+04 1.0793076635e+05 1.7683252999e+04 2.6184874504e+04 5.3174015276e+05 6.0567520999e+04 -4.7145035661e+01 3.2797903103e+02 -1.3520969657e+01 -1.1380558818e+02 6.1052931892e+02 -1.4582591598e-13 3.5586634623e+02
1.0000000000e+00 0.0000000000e+00 2.3342692140e+04 1.1143460669e+04 8.3271153338e+03 3.5662176969e+04 3.8792381685e+05 4.6358429938e+04 -4.7554618198e+01 8.6922615581e+01 4.2692265412e+01 -1.2609893908e+02 5.1019718055e+02 -1.2006899746e-13 3.3732971066e+01
1.0000000000e+00 0.0000000000e+00 1.7987069734e+04 2.7132363997e+04 1.0907664471e+04 2.4937378578e+04 4.9151521815e+05 5.0379804646e+04 -2.2091465167e+01 -1.6193179860e+02 7.8950321910e+01 -1.3847414800e+02 5.4404922151e+02 -1.3048066346e-13 -8.3350111026e+01
1.0000000000e+00 0.0000000000e+00 6.7278979421e+04 2.4268179381e+05 4.6819380943e+04 4.8490802561e+04 6.9340370009e+05 1.0075385708e+05 -7.3749900056e+01 4.8948859582e+02 -2.6563279638e+01 -1.3731951386e+02 7.3340792540e+02 -1.6697160248e-13 6.3882458504e+02
1.0000000000e+00 0.0000000000e+00 2.8636400731e+04 2.9492750159e+04 1.6287258106e+04 4.6246330286e+04 6.5605620020e+05 7.3518156253e+04 -3.2538875184e+01 -1.5040603249e+02 9.3869482965e+01 -1.7897748568e+02 7.1225302084e+02 -1.1956465024e-13 -2.0764951873e+02
1.0000000000e+00 0.0000000000e+00 4.5016004379e+04 4.2375255608e+04 1.1986180142e+04 7.0969848888e+04 1.1280540443e+06 1.1522729943e+05 -6.3348319137e+01 2.0353068850e+02 5.8273098192e+01 -2.1313026772e+02 9.0967407654e+02 -1.6669140437e-13 7.9132478613e+01
1.0000000000e+00 0.0000000000e+00 1.1330363874e+04 1.9775557437e+04 6.4383095895e+03 1.5074731442e+04 2.9798300550e+05 3.0612553610e+04 -1.5946398724e+01 -1.3075330502e+02 6.3632913119e+01 -1.0620588302e+02 4.0235140197e+02 -1.0084489584e-13 -2.1036973084e+02
1.0000000000e+00 0.0000000000e+00 9.4859271837e+04 4.0441701330e+04 3.8505590044e+04 1.5495416052e+05 1.3441837344e+06 1.7907688189e+05 -9.4865706779e+01 1.9032013668e+02 8.6515727066e+01 -2.6514158225e+02 1.0880463323e+03 -1.5620912141e-13 6.1439823243e-02
1.0000000000e+00 0.0000000000e+00 7.3023380056e+03 5.4062630366e+03 4.9496971711e+03 1.3228260704e+04 3.7582552993e+05 3.3660670979e+04 -1.6925754667e+01 -3.7255528217e+01 4.0630301252e+01 -1.0465037730e+02 4.7055266216e+02 -1.1596644349e-13 -8.4088265828e+01
1.0000000000e+00 0.0000000000e+00 3.2127434274e+03 1.9482867958e+04 1.7479872729e+03 3.4494147177e+03 1.6553802427e+05 1.4411174130e+04 -5.4800300576e+00 1.1207912036e+02 8.8365943518e+00 -5.7076933485e+01 2.4465152195e+02 -1.1442824566e-13 3.4288285360e+02
1.0000000000e+00 0.0000000000e+00 2.4795075975e+04 6.9747102192e+04 1.4620980935e+04 2.6333614692e+04 6.6978789782e+05 6.6710694711e+04 -4.4820508797e+01 2.6273149156e+02 5.0713467045e+00 -1.3643479034e+02 6.9149337637e+02 -1.5279654956e-13 3.5389064106e+02
1.0000000000e+00 0.0000000000e+00 9.3696874399e+04 2.8908844657e+05 5.8445865340e+04 7.8496200016e+04 1.0589884799e+06 1.4621871591e+05 -9.2790317981e+01 5.3488057624e+02 -1.4008133967e+01 -1.8099845055e+02 9.1320290685e+02 -1.8659195106e-13 6.5062194803e+02
1.0000000000e+00 0.0000000000e+00 2.3620235048e+04 1.3615747300e+04 1.0776071323e+04 3.8509202621e+04 6.5678431968e+05 6.6907271766e+04 -4.3999186540e+01 1.1039256947e+02 4.3395079494e+01 -1.5723786765e+02 6.9777543732e+02 -1.4617930474e-13 2.7040599206e+02
1.0000000000e+00 0.0000000000e+00 2.6942043578e+04 2.1950393975e+05 1.3156905777e+04 1.1919274683e+04 5.3694840873e+05 5.8035656109e+04 -3.4629541718e+01 4.6358079238e+02 -4.1166621736e+01 -9.7866977695e+01 5.8082297812e+02 -1.5075859276e-13 4.9415190140e+02
1.0000000000e+00 0.0000000000e+00 2.0277138630e+05 6.1587726051e+05 1.1040383030e+05 2.0277625130e+05 1.8446995178e+06 2.9382788427e+05 -1.4061717876e+02 7.8167335913e+02 -1.0420637104e+01 -2.6546986519e+02 1.2765824363e+03 -2.2399943039e-13 9.6853933429e+02
1.0000000000e+00 0.0000000000e+00 1.3767179728e+04 1.4588407073e+04 7.3632493795e+03 1.5799531077e+04 4.2247350788e+05 3.9455585328e+04 -3.5513823157e+01 1.2059182287e+02 2.0106262973e+01 -1.0580425415e+02 4.9375164288e+02 -1.3095612657e-13 8.6508524765e+01
1.0000000000e+00 0.0000000000e+00 2.1181202545e+05 9.5412763913e+05 1.4965344640e+05 1.2855127033e+05 1.3110123632e+06 2.5802280152e+05 -1.2859764241e+02 9.7135253608e+02 -8.2140962083e+01 -1.8533831390e+02 1.0580199911e+03 -2.2017848994e-13 1.1731286266e+03
1.0000000000e+00 0.0000000000e+00 2.5324544035e+04 2.0760018451e+04 9.4386136090e+03 3.8202440838e+04 5.5419741264e+05 5.9645489022e+04 -4.8296458597e+01 1.4308594869e+02 4.0045830545e+01 -1.5019461149e+02 6.4784294551e+02 -1.3786002824e-13 2.5046520831e+02
1.0000000000e+00 0.0000000000e+00 1.5576735909e+04 4.3215825930e+04 1.2533863492e+04 1.1027186840e+04 2.8153762559e+05 3.1463547270e+04 -3.5119545972e+01 2.0770753443e+02 -7.8282593220e+00 -7.6746670236e+01 4.1336169385e+02 -1.2157768680e-13 2.3450533449e+02
1.0000000000e+00 0.0000000000e+00 2.8196085685e+04 1.9278025114e+04 7.7530252133e+03 5.2372811159e+04 9.0116652141e+05 8.8590148870e+04 -4.7005069201e+01 1.3498311494e+02 5.5434607711e+01 -1.8676074831e+02 8.0100476506e+02 -1.6077808595e-13 2.2351799200e+02
1.0000000000e+00 0.0000000000e+00 9.6129119726e+04 3.0558848529e+05 7.0945371012e+04 7.0328559315e+04 7.2024461961e+05 1.2594630671e+05 -9.2591096183e+01 5.5174207961e+02 -3.3218473593e+01 -1.3981069773e+02 7.4702124201e+02 -1.6892037399e-13 4.9332946944e+02
1.0000000000e+00 0.0000000000e+00 2.0874742250e+04 3.5614299216e+04 7.8812323980e+03 3.1760696703e+04 4.9631462704e+05 5.2902972045e+04 -4.3741282434e+01 1.8852062105e+02 2.4510573590e+01 -1.3473659535e+02 6.1007007344e+02 -1.3352522894e-13 2.2191070948e+02
1.0000000000e+00 0.0000000000e+00 3.9366226549e+04 7.6037290294e+04 2.3271194637e+04 6.4577215225e+04 9.2844631400e+05 1.0544124644e+05 -2.6114868193e+01 -2.5802994135e+02 1.2282851575e+02 -2.1446698004e+02 8.4440263089e+02 -1.1759969392e-13 -5.0579369729e+02
1.0000000000e+00 0.0000000000e+00 7.8660973475e+03 2.7672757942e+04 3.2970764261e+03 8.3059895554e+03 2.5873872598e+05 2.3948837053e+04 -2.5193108600e+01 1.6410316972e+02 3.8129441598e+00 -7.6862412181e+01 3.7160083480e+02 -1.1585911006e-13 1.1788137160e+02
1.0000000000e+00 0.0000000000e+00 3.3993664219e+04 4.7886074129e+04 1.7350918448e+04 3.9417113191e+04 8.1637035332e+05 8.2581241387e+04 -5.3698324343e+01 1.9399260621e+02 3.3908395816e+01 -1.6481977694e+02 7.4806010238e+02 -1.7561337045e-13 4.4812682197e+02
1.0000000000e+00 0.0000000000e+00 1.7141767215e+03 1.1344949812e+04 6.0767274481e+02 5.4935687613e+03 1.5825838836e+05 1.3951710884e+04 3.3630149330e+00 1.0369663429e+02 -1.2293001935e+01 -3.5474294167e+01 2.4100874150e+02 -1.0607626658e-13 1.9825861191e+02
1.0000000000e+00 0.0000000000e+00 1.2311411997e+05 4.7911851616e+05 8.7837861179e+04 8.4572878199e+04 1.3145889690e+06 1.8822967304e+05 -9.9737466871e+01 6.8780067001e+02 -4.3553527631e+01 -1.8640428812e+02 1.0264321402e+03 -2.1465702575e-13 8.0101144844e+02
1.0000000000e+00 0.0000000000e+00 5.6599111384e+04 2.8137288354e+05 3.1810088282e+04 3.7535569782e+04 7.3166888127e+05 9.3817624504e+04 -6.8128679051e+01 5.2442391130e+02 -3.3200549730e+01 -1.3238141909e+02 7.1705314044e+02 -1.7541422833e-13 7.0880260881e+02
1.0000000000e+00 0.0000000000e+00 2.7830856856e+04 7.5409606799e+04 1.4025837898e+04 2.6686973538e+04 3.7450112404e+05 4.7033188703e+04 -5.2006617270e+01 2.6761670562e+02 3.1756133624e+00 -1.0582683013e+02 4.9427426064e+02 -1.4288116243e-13 4.3252089789e+02
1.0000000000e+00 0.0000000000e+00 1.6150632247e+04 3.7928849398e+04 7.2936283555e+03 2.0263866641e+04 3.1931111337e+05 3.5660308565e+04 -1.7832784479e+01 -1.7640488248e+02 7.8736476806e+01 -1.1775322767e+02 4.1675936222e+02 -9.5084999525e-14 -3.4880438081e+02
1.0000000000e+00 0.0000000000e+00 1.6706245712e+04 7.0206828564e+04 1.0018732267e+04 1.1245552793e+04 2.2937562459e+05 2.8304955954e+04 -3.4234077880e+01 2.6293558655e+02 -1.4971881578e+01 -6.9557567522e+01 3.7019275537e+02 -1.1925048617e-13 2.4744157495e+02
1.0000000000e+00 0.0000000000e+00 3.8048340108e+03 1.4455668945e+04 2.4593560668e+03 1.5979175260e+04 3.4762555073e+05 3.2382013586e+04 6.9065200626e+00 1.1681199124e+02 -7.2179143794e+00 -6.5981184263e+01 4.0393093692e+02 -1.2500383812e-13 1.8186348264e+02
1.0000000000e+00 0.0000000000e+00 3.7234153619e+04 2.3938216713e+05 2.6110200104e+04 1.2608443840e+04 6.1831363494e+05 7.0387262363e+04 -4.5969583132e+01 4.7094595040e+02 -5.0722276270e+01 -9.1390593113e+01 5.9310992136e+02 -1.8152949039e-13 6.8353208950e+02
1.0000000000e+00 0.0000000000e+00 3.1871223263e+04 7.2210994656e+03 1.6038115020e+04 4.8478827692e+04 6.8667897259e+05 7.5378106704e+04 -4.3901564480e+01 -6.0667848977e+01 8.2456665501e+01 -1.7866741023e+02 7.1731045607e+02 -1.2911843785e-13 -1.7895942083e+02
1.0000000000e+00 0.0000000000e+00 6.9730599705e+04 1.2641335834e+05 4.4993697656e+04 8.5673216579e+04 1.1592554475e+06 1.4236108357e+05 -4.2778697530e+01 -3.4038693089e+02 1.5408862195e+02 -2.4829892640e+02 9.3207564996e+02 -1.3460646175e-13 -5.5836439736e+02
1.0000000000e+00 0.0000000000e+00 3.1304141782e+04 1.3476341733e+05 2.3717753243e+04 1.5808309571e+04 4.2013637966e+05 5.2297829475e+04 -4.7627160732e+01 3.6635678554e+02 -2.9702573564e+01 -8.8453353207e+01 5.1557123619e+02 -1.3926408969e-13 2.7777839523e+02
1.0000000000e+00 0.0000000000e+00 8.1144882659e+03 4.9788161860e+03 1.2158747252e+04 4.3974639286e+03 2.4488347691e+05 2.3946986770e+04 -1.4614500045e+01 5.4039970802e+01 -4.1454439775e+00 -5.5204304058e+01 3.5795725257e+02 -1.0556026144e-13 -5.6288565900e+01
1.0000000000e+00 0.0000000000e+00 1.4537500636e+04 6.8665471667e+04 1.2728863982e+04 6.1591847021e+03 2.6587463795e+05 2.9551935260e+04 -2.8811294474e+01 2.5744924308e+02 -2.5914797234e+01 -6.3234242840e+01 4.0185280315e+02 -1.2591071514e-13 3.7148466992e+02
1.0000000000e+00 0.0000000000e+00 1.5922395893e+04 4.8619681145e+04 5.1116734151e+03 2.3169184225e+04 5.7090507202e+05 5.3484439974e+04 -3.3623697026e+01 2.1754855848e+02 1.4600023801e+01 -1.2574720242e+02 5.9180299899e+02 -1.4609792048e-13 3.0290270492e+02
1.0000000000e+00 0.0000000000e+00 7.2973509752e+04 2.1744739992e+05 3.5983327503e+04 7.9114130309e+04 9.9861672579e+05 1.2921007325e+05 -8.4549038228e+01 4.5548160266e+02 2.4157968394e+00 -1.8458722427e+02 8.9046557937e+02 -1.9137941915e-13 7.5846899349e+02
1.0000000000e+00 0.0000000000e+00 2.3594367635e+04 1.3312119166e+05 1.6935302213e+04 1.0357126561e+04 3.8201990036e+05 4.4264139021e+04 -3.7023137201e+01 3.6259044761e+02 -3.1952357256e+01 -8.2667343808e+01 4.9386187332e+02 -1.3857082925e-13 4.4440773126e+02
1.0000000000e+00 0.0000000000e+00 1.5927916497e+04 1.8215028867e+05 4.1007000092e+03 1.3287781000e+04 5.4729838858e+05 5.3598657038e+04 -1.2033593407e+01 4.0774060237e+02 -3.2431037895e+01 -9.4310094226e+01 5.4199400737e+02 -1.6542308678e-13 6.0738567664e+02
1.0000000000e+00 0.0000000000e+00 3.2813592045e+04 4.9749876428e+03 9.4345818695e+03 5.8554350457e+04 7.9029851129e+05 8.3945697608e+04 -4.9810301454e+01 6.9430594845e+01 6.7941871908e+01 -1.8163300691e+02 7.3458503874e+02 -1.5396556015e-13 1.1768961214e+02
1.0000000000e+00 0.0000000000e+00 1.3528223926e+04 3.5429276788e+04 1.0911339457e+04 1.1534283123e+04 2.6648870331e+05 2.9596002381e+04 -9.9243709065e+00 -1.8513477882e+02 7.2374427323e+01 -9.6735807563e+01 3.2265732206e+02 -1.0694713452e-13 -2.1280883904e+02
1.0000000000e+00 0.0000000000e+00 2.1090135140e+04 1.3602684452e+05 1.1463917126e+04 1.2513756414e+04 4.2180217986e+05 4.5700188278e+04 -3.5245054601e+01 3.6315662964e+02 -2.6249280830e+01 -9.3640058519e+01 5.3066200154e+02 -1.4630784920e-13 5.3060809160e+02
1.0000000000e+00 0.0000000000e+00 2.0580921107e+04 2.3986959191e+03 1.0774585011e+04 2.8020930182e+04 5.2031923316e+05 5.2430491500e+04 -3.8337023030e+01 -2.1807662522e+01 5.8485228945e+01 -1.4077614336e+02 5.8762524566e+02 -1.1990794199e-13 -1.3650885986e+02
1.0000000000e+00 0.0000000000e+00 1.4074651704e+04 3.2211524438e+04 1.4165880173e+04 6.5801338591e+03 2.4890220487e+05 2.7416751570e+04 -3.1100140833e+01 1.6004637176e+02 -1.0240056557e+01 -5.6971889795e+01 3.3093103176e+02 -1.0901404063e-13 -8.2638965694e+01
1.0000000000e+00 0.0000000000e+00 1.3670247461e+04 1.2030143279e+03 3.3259841587e+03 2.5739168234e+04 4.8641851114e+05 4.5848435650e+04 -2.7930212888e+01 3.0725990207e+01 5.2525548539e+01 -1.3523983536e+02 5.4996160942e+02 -1.3075709078e-13 8.3592772450e+01
1.0000000000e+00 0.0000000000e+00 1.4107009844e+04 5.9631710660e+03 7.3432781474e+03 2.7390828247e+04 7.2320637366e+05 6.4488832298e+04 -2.7607696938e+01 1.2961920782e+01 5.1272491600e+01 -1.5316210523e+02 6.9154964727e+02 -1.3463297556e-13 -1.6183538434e+02
1.0000000000e+00 0.0000000000e+00 4.3936192341e+04 1.7019428760e+05 3.1825557222e+04 2.6842634423e+04 4.1222047702e+05 6.2002935073e+04 -5.9737885767e+01 4.1225384022e+02 -2.9400674077e+01 -9.7840070821e+01 5.4298382773e+02 -1.3535825118e-13 3.3861450665e+02
1.0000000000e+00 0.0000000000e+00 1.5471120523e+04 1.5404030174e+04 6.4659807824e+03 2.1889382821e+04 4.2803650959e+05 4.2237033137e+04 -3.7330511489e+01 1.2315662570e+02 2.5985405152e+01 -1.1657868223e+02 5.2662018482e+02 -1.3043339303e-13 1.5368444581e+02
1.0000000000e+00 0.0000000000e+00 7.9944465897e+03 9.4886451842e+03 1.5578816760e+03 1.9783166838e+04 3.8322390813e+05 3.5862106838e+04 -2.1335650434e+01 9.3698974756e+01 2.4535486825e+01 -1.0814241651e+02 5.0086361465e+02 -1.2661696530e-13 1.8229796072e+02
1.0000000000e+00 0.0000000000e+00 5.9863683542e+04 4.1047379460e+05 3.9621018413e+04 2.1683645926e+04 8.0279802149e+05 1.0118780621e+05 -5.3857764480e+01 6.3894031582e+02 -6.3394229569e+01 -1.2256053930e+02 7.6031612796e+02 -1.7733221349e-13 6.8180346264e+02
1.0000000000e+00 0.0000000000e+00 6.3910279466e+04 2.9891444162e+05 4.3202470002e+04 3.7398584297e+04 5.9150421191e+05 9.0107162161e+04 -6.8642662194e+01 5.3811843435e+02 -4.1871019779e+01 -1.1741706039e+02 6.6194689369e+02 -1.7707780069e-13 8.5680111155e+02
1.0000000000e+00 0.0000000000e+00 3.5133397064e+04 2.1633258430e+05 1.7982647515e+04 2.4646455601e+04 5.8537362895e+05 6.8971150223e+04 -4.8827426855e+01 4.5616121606e+02 -3.0575793291e+01 -1.1899912075e+02 6.6047144656e+02 -1.5952248464e-13 6.4501890010e+02
1.0000000000e+00 0.0000000000e+00 4.5690229560e+03 2.7088012549e+04 2.4815130000e+03 1.0957380747e+04 3.4330852335e+05 3.0455376903e+04 -5.3738345679e+00 1.6170774657e+02 -2.6202535823e+00 -7.9638763257e+01 4.3326016108e+02 -1.1551445589e-13 8.9851304182e+01
1.0000000000e+00 0.0000000000e+00 2.5453527058e+04 1.4977740504e+04 8.9803417293e+03 4.6209038588e+04 7.2621933957e+05 7.4352450736e+04 -4.5157596539e+01 1.2204790496e+02 4.9196403719e+01 -1.7251749800e+02 7.5474461050e+02 -1.3802191378e-13 1.2514163458e+02
1.0000000000e+00 0.0000000000e+00 9.5297154239e+02 1.9882921415e+03 8.5536388220e+02 4.6177678747e+03 1.5096635831e+05 1.2709113147e+04 4.8789442230e+00 -3.9250330799e+01 1.4635727870e+01 -4.1912267479e+01 2.1684028712e+02 -9.4778227844e-14 1.0556063977e+01
1.0000000000e+00 0.0000000000e+00 6.8007834769e+04 1.9361094509e+05 4.3827538494e+04 6.0070743993e+04 7.0099531037e+05 1.0278335768e+05 -7.8216721991e+01 4.3976711633e+02 -8.8529899041e+00 -1.5168288452e+02 7.5303427159e+02 -1.5914437441e-13 5.1697570028e+02
1.0000000000e+00 0.0000000000e+00 3.0248582913e+04 8.7160761438e+04 1.9425740178e+04 2.2897527017e+04 4.5949520030e+05 5.3945498270e+04 -5.0015472622e+01 2.8628509988e+02 -3.8401326828e+00 -1.0702515974e+02 5.3356509834e+02 -1.5069804509e-13 3.7998410909e+02
1.0000000000e+00 0.0000000000e+00 2.1101183521e+04 1.1094533961e+04 6.6455996707e+03 3.1247285299e+04 5.3642689158e+05 5.3623047570e+04 -4.0814422389e+01 1.0506193775e+02 4.9603235752e+01 -1.4839155156e+02 6.0243312469e+02 -1.3394481729e-13 9.1504824699e+01
1.0000000000e+00 0.0000000000e+00 7.4867074165e+03 3.8508199861e+02 5.6490336741e+03 9.9333610722e+03 2.7785916310e+05 2.5634659750e+04 -1.3851924567e+01 2.0058809349e+00 4.2821444633e+01 -9.6864346308e+01 3.7528562175e+02 -1.1337987843e-13 6.7450378973e+01
1.0000000000e+00 0.0000000000e+00 1.1193806802e+04 4.3813189725e+04 1.0183147943e+04 4.5894386639e+03 2.7287971153e+05 2.6986370190e+04 -2.4646763915e+01 2.0798544846e+02 -1.9584770465e+01 -5.8541657593e+01 3.6611634302e+02 -1.3341291414e-13 3.1933887896e+02
1.0000000000e+00 0.0000000000e+00 1.1376091696e+05 4.8902244685e+05 7.9766509591e+04 7.0213561868e+04 6.8493365940e+05 1.3639679748e+05 -9.2315515895e+01 6.9092824724e+02 -5.9169302140e+01 -1.2779688016e+02 7.3020208519e+02 -1.9128381830e-13 1.0074658157e+03
1.0000000000e+00 0.0000000000e+00 8.9210833875e+04 3.2445523584e+05 6.1182267472e+04 6.8262929383e+04 8.6336971935e+05 1.3136344626e+05 -8.8708851520e+01 5.6844039885e+02 -3.2070224830e+01 -1.5779637558e+02 8.4829658351e+02 -1.6949464702e-13 5.9882947607e+02
1.0000000000e+00 0.0000000000e+00 2.0985260144e+04 5.0240600069e+04 1.5726702227e+04 1.8279838100e+04 4.6013908794e+05 4.8479651754e+04 -4.1106713692e+01 2.2085107525e+02 -1.8277866386e-01 -1.0852491527e+02 5.6833608471e+02 -1.2924673202e-13 6.8898734671e+01
1.0000000000e+00 0.0000000000e+00 3.4011613669e+04 3.0456057388e+04 8.1135353900e+03 7.1949825187e+04 9.8634891542e+05 1.0388029563e+05 -5.0761971802e+01 1.6868085782e+02 5.6388150362e+01 -2.0288292887e+02 8.7849610251e+02 -1.5767006257e-13 2.5286795886e+02
1.0000000000e+00 0.0000000000e+00 4.4047417652e+04 9.2713799690e+04 1.4194237578e+04 6.5650748111e+04 1.0406306315e+06 1.1038423157e+05 -6.3599257412e+01 3.0263388027e+02 3.1747204200e+01 -1.9644185559e+02 8.9459607154e+02 -1.6893559878e-13 3.3006955484e+02
1.0000000000e+00 0.0000000000e+00 2.2954297868e+04 1.2102311303e+04 1.4464409677e+04 2.9900326823e+04 4.3931251891e+05 4.9902529763e+04 -4.4930546272e+01 1.0780373318e+02 3.1947398722e+01 -1.2568036637e+02 5.6089104866e+02 -1.3326840578e-13 2.4207213308e+02
1.0000000000e+00 0.0000000000e+00 4.2476104630e+04 2.8892003416e+03 2.3351718757e+04 5.8190813232e+04 6.8337976472e+05 8.2486280526e+04 -5.7879920395e+01 2.9771808461e+00 7.5257888339e+01 -1.7915760651e+02 7.1993164875e+02 -1.2911943516e-13 -1.2379836677e+02
1.0000000000e+00 0.0000000000e+00 2.7424787659e+03 9.4748002435e+03 4.2092486799e+02 8.8024015674e+03 2.4476386326e+05 2.1093209379e+04 -8.3439329370e+00 8.4397657323e+01 1.1127055897e+01 -7.5802651250e+01 3.7622435289e+02 -1.1240490584e-13 2.1505432732e+02
1.0000000000e+00 0.0000000000e+00 2.4799768397e+04 2.0386401956e+05 1.0328515610e+04 1.1212697868e+04 5.0131549776e+05 5.3326485464e+04 -3.4101829250e+01 4.4135003729e+02 -3.5979607574e+01 -9.4054647796e+01 5.3829940382e+02 -1.6788405343e-13 6.2014196429e+02
1.0000000000e+00 0.0000000000e+00 2.3501978453e+04 1.0753996620e+05 5.9790964073e+03 2.8465263228e+04 5.8345409760e+05 6.0012115429e+04 -4.3711225770e+01 3.2285632776e+02 5.2006380875e+00 -1.3602789924e+02 6.4370514686e+02 -1.4956874317e-13 4.4132021385e+02
1.0000000000e+00 0.0000000000e+00 1.3298216335e+04 1.3037384029e+03 8.0820184515e+03 2.9025122419e+04 5.7489342754e+05 5.5340314226e+04 -1.5018007647e+01 -2.8682898731e+01 6.4463264575e+01 -1.4700589326e+02 5.9624975787e+02 -1.3058129517e-13 2.5489604717e+01
1.0000000000e+00 0.0000000000e+00 3.2665345061e+04 4.9732170767e+04 1.4157276468e+04 5.1288944026e+04 9.9224226470e+05 9.8493160188e+04 -5.2521881728e+01 2.2255695017e+02 3.0558551225e+01 -1.8263637806e+02 8.6830034112e+02 -1.6032487578e-13 2.2259244432e+02
1.0000000000e+00 0.0000000000e+00 2.0337623251e+04 1.8912970671e+04 9.7454663513e+03 2.8306426912e+04 3.5049251570e+05 4.1510468808e+04 -4.4222884806e+01 1.3385059605e+02 2.8553454100e+01 -1.1525204915e+02 4.9337614955e+02 -1.3178233795e-13 2.9365212382e+02
1.0000000000e+00 0.0000000000e+00 2.3117262240e+04 1.2233680920e+05 1.4785311901e+04 1.2412734574e+04 3.1805975035e+05 3.9431365348e+04 -3.9818508762e+01 3.4848982635e+02 -2.6820640105e+01 -8.0828749644e+01 4.5898204535e+02 -1.2415704736e-13 2.6730344434e+02
1.0000000000e+00 0.0000000000e+00 1.0234934610e+03 4.2930011118e+03 5.8334669669e+02 1.5825568324e+03 1.1619758514e+05 8.9948630132e+03 -5.3088477328e+00 6.4628021277e+01 -5.8642395313e-02 -3.4397794643e+01 1.8409457786e+02 -9.6879384111e-14 8.9323811915e+01
1.0000000000e+00 0.0000000000e+00 4.9840385230e+03 1.7102329243e+04 9.1976326079e+02 1.3578681814e+04 3.0795927255e+05 2.8095852470e+04 -1.0022456055e+01 1.2842609175e+02 7.4157539435e+00 -8.5363544873e+01 4.3190405539e+02 -1.1493933912e-13 1.9410859574e+02
1.0000000000e+00 0.0000000000e+00 1.3378623829e+04 3.6806124874e+04 1.0930486572e+04 9.3001027010e+03 3.0502290838e+05 3.1253906780e+04 -3.0823031127e+01 1.9128354388e+02 -6.1131569627e+00 -8.1425242619e+01 4.4590345537e+02 -1.2294304317e-13 2.7660317973e+02
1.0000000000e+00 0.0000000000e+00 1.1200994033e+05 3.7565297079e+04 5.8361386843e+04 1.6117368620e+05 1.8614476935e+06 2.2509744309e+05 -7.6275253359e+01 -1.7487527921e+02 1.6975562533e+02 -3.2489110182e+02 1.2248478331e+03 -1.6679776582e-13 -3.3780992961e+02
1.0000000000e+00 0.0000000000e+00 1.3494037975e+04 8.0449965234e+03 6.8799137437e+03 1.7531547729e+04 2.9477461761e+05 3.1117726193e+04 -3.4438143122e+01 7.3951459002e+01 2.9679109712e+01 -9.7181086884e+01 4.0872918466e+02 -1.1563836452e-13 5.9729289277e+00
1.0000000000e+00 0.0000000000e+00 1.1325824108e+05 3.8535846957e+05 7.7904518484e+04 8.6536900974e+04 8.4640333763e+05 1.4870719473e+05 -1.0131119968e+02 6.1900418197e+02 -3.4811227571e+01 -1.5851055759e+02 8.3347428582e+02 -1.8435143897e-13 7.8626800317e+02
1.0000000000e+00 0.0000000000e+00 5.7907620759e+04 1.5695076748e+05 3.8805437026e+04 5.1079504141e+04 6.0346457221e+05 8.8179187424e+04 -7.3009291309e+01 3.9440873745e+02 -8.5094955529e+00 -1.3790611056e+02 6.9157478227e+02 -1.5077374628e-13 4.5489406717e+02
1.0000000000e+00 0.0000000000e+00 1.7205116219e+04 1.9019321950e+04 1.4306615305e+04 1.7698321640e+04 3.0502973922e+05 3.5627353701e+04 -1.2414664128e+01 -1.3620068250e+02 7.5386293524e+01 -1.1668577945e+02 4.0148349520e+02 -1.0502141221e-13 -1.5783542299e+02
1.0000000000e+00 0.0000000000e+00 1.0358546726e+05 4.1070856369e+05 6.8161456659e+04 7.0962779520e+04 1.0214989809e+06 1.5049572476e+05 -9.1281923851e+01 6.3893531802e+02 -3.7611794829e+01 -1.6720416005e+02 8.9521053785e+02 -1.9022213601e-13 7.1077597443e+02
1.0000000000e+00 0.0000000000e+00 7.1134704354e+04 1.7730916990e+05 5.0223858625e+04 6.0966673268e+04 5.8338405464e+05 9.7228874171e+04 -8.2386644246e+01 4.1970662465e+02 -1.2447923353e+01 -1.3410044992e+02 6.7262438512e+02 -1.5822329077e-13 4.7858044859e+02
1.0000000000e+00 0.0000000000e+00 1.9169081310e+04 4.5695254679e+04 1.2481387393e+04 1.9236746749e+04 3.3730632706e+05 3.9026796011e+04 -4.1598935622e+01 2.0244424547e+02 3.0591366761e+00 -9.2989906855e+01 4.5665542328e+02 -1.4075352928e-13 4.2026720272e+02
1.0000000000e+00 0.0000000000e+00 1.4120640270e+05 5.3848963274e+05 1.0764721082e+05 8.8345444597e+04 9.1145719628e+05 1.7429780331e+05 -1.0591102649e+02 7.3065186139e+02 -5.9272466691e+01 -1.5271662429e+02 8.6917957009e+02 -1.8950049536e-13 8.5975425853e+02
1.0000000000e+00 0.0000000000e+00 2.1640449325e+04 3.5385138689e+04 2.8596038237e+03 4.7046332305e+04 7.1873400705e+05 7.2598636605e+04 -3.8876130576e+01 1.8588000958e+02 3.4837853734e+01 -1.6229610541e+02 7.3110352633e+02 -1.4837151946e-13 2.8169035582e+02
1.0000000000e+00 0.0000000000e+00 1.5909245290e+05 3.1445596518e+05 1.0018900229e+05 1.6431506510e+05 1.5556208793e+06 2.3767770551e+05 -1.2628538251e+02 5.5377569507e+02 1.1017465878e+01 -2.4133944746e+02 1.1445791871e+03 -2.1370844970e-13 8.4643951540e+02
1.0000000000e+00 0.0000000000e+00 5.7856306382e+04 1.7997038308e+05 4.9782988581e+04 3.5530942756e+04 5.7037071444e+05 8.4793585018e+04 -6.5658290858e+01 4.2300045654e+02 -2.9978992231e+01 -1.1693753271e+02 6.6717738289e+02 -1.5054347933e-13 5.3659912487e+02
1.0000000000e+00 0.0000000000e+00 8.4039681102e+03 2.4765725166e+03 5.2230047930e+03 1.9307109224e+04 5.1858698278e+05 4.5984384523e+04 -1.5590298763e+01 -4.6954379058e+01 4.7644144519e+01 -1.2466181882e+02 5.6726905377e+02 -1.2814843314e-13 2.5021706411e-01
1.0000000000e+00 0.0000000000e+00 6.5457800124e+03 6.3991862757e+04 1.5351053900e+03 4.2187239168e+03 2.2749339318e+05 2.1036311423e+04 -1.4291898684e+01 2.4623439043e+02 -1.8459228080e+01 -5.6880686234e+01 3.1960227249e+02 -1.2387854860e-13 3.6150103611e+02
1.0000000000e+00 0.0000000000e+00 1.0611869597e+04 5.3690586076e+03 9.8631283700e+03 1.2210926822e+04 5.1312637464e+05 4.4551712958e+04 -2.5448983333e+01 7.0902499630e+01 1.7693022003e+01 -1.0597749801e+02 5.4693181344e+02 -1.3938365330e-13 1.3926621632e+02
1.0000000000e+00 0.0000000000e+00 7.9751587444e+04 3.2863933313e+05 4.6247383225e+04 6.5915371251e+04 6.9413905477e+05 1.1268832663e+05 -8.4625218332e+01 5.7142209539e+02 -2.9823138730e+01 -1.4648069954e+02 7.5562640255e+02 -1.5977591100e-13 5.9741864070e+02
1.0000000000e+00 0.0000000000e+00 1.1797582713e+04 1.7093003279e+03 6.1534462023e+03 1.6398273283e+04 3.6005147796e+05 3.4369164564e+04 -2.4501094236e+01 3.8413532951e+01 4.5796678833e+01 -1.1589669340e+02 4.5739108914e+02 -1.2128441647e-13 9.4297344666e+01
1.0000000000e+00 0.0000000000e+00 6.2678061648e+04 1.4670828781e+05 3.4474905703e+04 6.6602526109e+04 8.4531059352e+05 1.0909136547e+05 -7.8170617840e+01 3.8284930636e+02 8.8547711117e+00 -1.7423351134e+02 8.3301259853e+02 -1.5805666527e-13 4.3471246971e+02
1.0000000000e+00 0.0000000000e+00 1.4812300026e+05 5.4496005403e+05 1.2353661253e+05 8.6961903954e+04 9.8391722303e+05 1.8571560562e+05 -1.0837115170e+02 7.3613580900e+02 -6.5445880145e+01 -1.5344705236e+02 9.0962363762e+02 -1.8898231494e-13 8.5684959402e+02
1.0000000000e+00 0.0000000000e+00 2.5528672392e+04 1.5557411762e+05 1.8868614750e+04 1.1012367451e+04 4.4145354323e+05 5.0502121942e+04 -3.5955839013e+01 3.8708793655e+02 -3.7773518155e+01 -8.6537930515e+01 5.3917425666e+02 -1.4235085406e-13 3.9608769342e+02
1.0000000000e+00 0.0000000000e+00 4.0190185837e+03 2.4048642456e+03 2.6688752456e+03 7.3844181104e+03 2.3842197492e+05 2.0644761768e+04 -1.0054421801e+01 -2.7549321578e+01 3.2378153576e+01 -7.7444256978e+01 3.3339794183e+02 -1.0434031164e-13 -8.8532335206e+01
1.0000000000e+00 0.0000000000e+00 1.0070856790e+04 7.6526542366e+04 6.7451937288e+03 5.3875186382e+03 3.0044519168e+05 2.9337634286e+04 -1.7061656318e+01 2.6137826257e+02 -2.8053264844e+01 -6.2048745329e+01 4.0469882643e+02 -1.3223819922e-13 4.4867995764e+02
1.0000000000e+00 0.0000000000e+00 2.6749180489e+04 5.6777670982e+04 1.2567984999e+04 3.2738118338e+04 6.0897038412e+05 6.3989506978e+04 -5.0060618124e+01 2.3524194034e+02 1.5860954722e+01 -1.3785750946e+02 6.5212433496e+02 -1.5592195114e-13 3.5604295416e+02
1.0000000000e+00 0.0000000000e+00 5.7822481300e+04 1.7901268531e+05 4.4190260464e+04 4.2117665421e+04 6.4137326247e+05 9.0089275456e+04 -6.9105346306e+01 4.2263170324e+02 -2.1064598736e+01 -1.3207206756e+02 7.1206274676e+02 -1.5809389247e-13 4.6298856949e+02
1.0000000000e+00 0.0000000000e+00 1.9916268567e+04 3.5058100013e+04 3.9093852551e+03 3.1829317845e+04 5.4518855001e+05 5.4481521848e+04 -4.0925971213e+01 1.7612121642e+02 3.3253831742e+01 -1.3864674920e+02 5.8944020432e+02 -1.3533623881e-13 -3.3970355671e+01
1.0000000000e+00 0.0000000000e+00 1.5376384315e+04 5.9476199237e+04 1.4441129437e+04 1.2701773750e+04 2.5561395256e+05 3.2103777970e+04 6.0040280820e-01 -2.3864663957e+02 8.0994741727e+01 -1.0213946755e+02 3.4309595685e+02 -9.2602710534e-14 -3.5034697184e+02
1.0000000000e+00 0.0000000000e+00 7.5954662940e+04 3.1061773023e+05 4.5408160549e+04 5.9150447227e+04 8.3114618128e+05 1.1759104224e+05 -8.0783089441e+01 5.5184769426e+02 -2.6929900527e+01 -1.5570748210e+02 8.1351185735e+02 -1.8780981730e-13 8.0370227975e+02
1.0000000000e+00 0.0000000000e+00 2.2238048064e+03 2.2783212698e+04 6.8574696599e+02 2.2173893349e+03 1.7530725922e+05 1.4216505864e+04 -6.0247871211e+00 1.3952592032e+02 -8.8189054483e+00 -4.1712684166e+01 2.3432899918e+02 -1.1691324742e-13 2.0917189694e+02
1.0000000000e+00 0.0000000000e+00 8.6831710895e+03 1.5799759566e+04 5.9642507799e+03 9.2852499623e+03 3.6821609274e+05 3.2317443617e+04 -2.4643997489e+01 1.1066754146e+02 1.1472579272e+01 -8.8551931948e+01 4.4040024190e+02 -1.1526413376e-13 -7.0272349759e+01
1.0000000000e+00 0.0000000000e+00 1.3228191402e+04 5.8266814045e+03 4.5455263561e+03 3.0151999302e+04 5.4597467273e+05 5.2604036353e+04 -2.4123193446e+01 -1.4350298962e+01 5.8387484234e+01 -1.4720221737e+02 6.2596879541e+02 -1.1798740157e-13 -1.6070355089e+02
1.0000000000e+00 0.0000000000e+00 8.5246216544e+03 9.7662195238e+03 6.2007551636e+03 2.9464559128e+04 4.9821411025e+05 4.9989272059e+04 4.8076989432e+00 4.5339878837e+01 3.3972660696e+01 -1.1838638319e+02 5.4481791988e+02 -1.3633908975e-13 2.5746356247e+02
1.0000000000e+00 0.0000000000e+00 1.9130066032e+04 6.3646558976e+04 9.8616598796e+03 1.9202442185e+04 5.1368838214e+05 5.0633429242e+04 -4.0026572607e+01 2.4950555314e+02 1.6767619968e+00 -1.1738456075e+02 5.9490440392e+02 -1.4806677342e-13 4.1017923759e+02
1.0000000000e+00 0.0000000000e+00 2.5761354207e+04 1.6229926692e+05 1.3549556586e+04 1.4697914628e+04 4.6008200365e+05 5.1461349058e+04 -4.1149467694e+01 3.9341473662e+02 -2.9282691609e+01 -9.6852800239e+01 5.4944712579e+02 -1.5694234624e-13 6.1258590514e+02
1.0000000000e+00 0.0000000000e+00 1.5801891504e+03 2.1187760248e+03 1.2258134045e+03 6.0286718994e+03 2.3062085682e+05 1.8870780092e+04 -6.3692988215e+00 4.4670193488e+01 1.1416556077e+01 -6.7948021957e+01 3.5078352774e+02 -1.0449482751e-13 7.0296775957e+01
1.0000000000e+00 0.0000000000e+00 4.7795815835e+04 1.5200954725e+05 4.2553876541e+04 4.5947907446e+04 6.6404121894e+05 9.1304567814e+04 -4.3419635561e+00 -3.8818248882e+02 1.4067134478e+02 -1.8937946755e+02 6.5711278493e+02 -1.1053724526e-13 -4.2418411502e+02
1.0000000000e+00 0.0000000000e+00 9.3921855726e+03 1.8071031872e+03 3.7045263298e+03 1.4825272094e+04 3.1715485189e+05 2.9721815960e+04 -2.4397426621e+01 1.7937381803e+01 4.1583307375e+01 -1.0718558390e+02 4.4089224578e+02 -1.0454410072e-13 -1.2179993833e+02
1.0000000000e+00 0.0000000000e+00 4.3231654362e+04 1.5569231832e+05 2.5972412464e+04 3.3969092988e+04 6.6336636966e+05 7.8876729577e+04 -6.1639207098e+01 3.9343211258e+02 -1.3463547715e+01 -1.3107750054e+02 6.7813650580e+02 -1.6672077646e-13 5.1514035192e+02
1.0000000000e+00 0.0000000000e+00 5.2687405025e+04 1.8076162627e+05 3.8765059806e+04 3.5797286881e+04 4.8740293581e+05 7.4623124592e+04 -6.6769053856e+01 4.2459580531e+02 -2.6055395798e+01 -1.1396323057e+02 6.2086043691e+02 -1.4245381051e-13 5.3131510759e+02
1.0000000000e+00 0.0000000000e+00 6.1824116611e+04 2.2324820521e+05 5.0753696693e+04 3.7569789438e+04 6.6113684397e+05 9.4379905516e+04 -6.8223437183e+01 4.7180677641e+02 -3.5523024383e+01 -1.2360725570e+02 7.1165200841e+02 -1.6403042500e-13 6.0692580880e+02
1.0000000000e+00 0.0000000000e+00 1.3203516564e+04 1.9079713423e+04 5.7894121467e+03 1.6877188163e+04 3.5025065169e+05 3.4628940738e+04 -3.3994388342e+01 1.2804888220e+02 2.2154878489e+01 -1.0621832906e+02 4.7792037736e+02 -1.3028600915e-13 3.2256230940e+02
1.0000000000e+00 0.0000000000e+00 1.8885932934e+04 8.1501012443e+04 1.6381281814e+04 8.2012676481e+03 3.6235272433e+05 3.9173909156e+04 -3.2157439303e+01 2.8482891454e+02 -2.4139047036e+01 -7.7210202428e+01 4.6429260652e+02 -1.3167741781e-13 2.6296499403e+02
1.0000000000e+00 0.0000000000e+00 3.4999126896e+04 3.1954005404e+05 7.7708766455e+03 2.8701685475e+04 6.7879520952e+05 7.7792088297e+04 -3.4371025088e+01 5.4438782499e+02 -3.4235172387e+01 -1.3087084721e+02 6.9884459972e+02 -1.7976149975e-13 8.7718821825e+02
1.0000000000e+00 0.0000000000e+00 2.6121425748e+04 2.2592120143e+04 3.3850409312e+04 9.8771936754e+03 4.3234527008e+05 4.9255745508e+04 -3.7702242317e+01 1.3123756107e+02 -8.2533288434e+00 -8.0102669700e+01 4.9489484255e+02 -1.3424411557e-13 1.0088990783e+02
1.0000000000e+00 0.0000000000e+00 2.7603822076e+04 2.4598346704e+03 3.1547763698e+04 2.1415435615e+04 5.8835097070e+05 6.2977409825e+04 -3.9321498546e+01 1.5335159283e+01 2.9849346378e+01 -1.2487197239e+02 6.3691730694e+02 -1.3401714011e-13 -2.5966705733e+01
1.0000000000e+00 0.0000000000e+00 4.9719803554e+04 1.5662182076e+05 3.4370713638e+04 4.9351767266e+04 5.2959158422e+05 8.0501250519e+04 -1.9432611103e+01 -3.9105745419e+02 1.3952395299e+02 -1.8025009527e+02 6.0520495808e+02 -1.1082287108e-13 -4.4111251986e+02
1.0000000000e+00 0.0000000000e+00 1.2014288648e+04 2.3995865615e+04 3.6211915278e+03 1.6973492710e+04 3.7929798497e+05 3.5934724163e+04 -3.1074214909e+01 1.3623034665e+02 2.4749998924e+01 -1.1347112842e+02 5.0403006588e+02 -1.3427959036e-13 3.3365989431e+02
1.0000000000e+00 0.0000000000e+00 2.1064427053e+04 1.7923089652e+04 8.1402221003e+03 3.2464758245e+04 6.8499813366e+05 6.5148540454e+04 -4.2399225070e+01 1.3351830057e+02 3.6888017495e+01 -1.5104681370e+02 6.8084890613e+02 -1.4440186717e-13 1.0274764166e+02
1.0000000000e+00 0.0000000000e+00 1.2997925474e+04 2.2785884189e+04 3.2898176912e+03 2.5582475429e+04 5.2092091883e+05 4.9150354868e+04 -3.0676875244e+01 1.4587624328e+02 2.9668965157e+01 -1.3482537452e+02 6.0897193237e+02 -1.3264652237e-13 2.2365046912e+02
1.0000000000e+00 0.0000000000e+00 5.0022845819e+04 9.1460009720e+04 5.3555578697e+04 2.5750845611e+04 6.5768810875e+05 8.3491645185e+04 -5.8058531211e+01 2.9022644485e+02 -1.6965070488e+01 -1.2055550604e+02 7.0575135858e+02 -1.3469646856e-13 4.1113669610e+01
1.0000000000e+00 0.0000000000e+00 8.1476821779e+04 2.3431740504e+05 5.4699348321e+04 6.9128837424e+04 8.2353207104e+05 1.2182155104e+05 -8.6698888151e+01 4.8296689767e+02 -1.4450099530e+01 -1.6345348625e+02 8.3626591201e+02 -1.6437795623e-13 6.0686521266e+02
1.0000000000e+00 0.0000000000e+00 1.0308728016e+04 1.0022259751e+04 5.0349749501e+03 2.5848533218e+04 4.6182227776e+05 4.5416581340e+04 -1.1992508256e+01 -9.0876160618e+01 6.1524030616e+01 -1.2967354214e+02 5.4430883708e+02 -1.1194710066e-13 -1.7780302407e+02
1.0000000000e+00 0.0000000000e+00 1.2940989057e+05 5.7705888049e+05 8.5247190901e+04 8.6735936798e+04 1.0816916868e+06 1.7727169721e+05 -1.0283815803e+02 7.5134210065e+02 -5.4012563573e+01 -1.7037913481e+02 9.3899336042e+02 -2.0292513570e-13 9.9438913798e+02
1.0000000000e+00 0.0000000000e+00 1.6066866651e+04 9.9060516368e+04 1.1870723550e+04 8.1276994287e+03 4.1936853860e+05 4.1899772076e+04 -2.7017028143e+01 3.0189377240e+02 -2.8356156297e+01 -8.2632213341e+01 5.1522133056e+02 -1.4049502910e-13 5.0290939663e+02
1.0000000000e+00 0.0000000000e+00 8.5053730139e+04 1.3532558181e+05 3.8345171690e+04 1.1313950500e+05 1.1374718517e+06 1.5089055889e+05 -9.2453038223e+01 3.6735917284e+02 3.7470405924e+01 -2.2419351557e+02 9.9687999608e+02 -1.7021609519e-13 4.5841803910e+02
1.0000000000e+00 0.0000000000e+00 3.6968031488e+05 1.0059585093e+06 2.5903385704e+05 3.3087362960e+05 2.6758121441e+06 4.9102194071e+05 -1.8659504412e+02 1.0027082606e+03 -3.5297000523e+01 -3.0714295935e+02 1.5536089747e+03 -2.5034364163e-13 1.0483896807e+03
1.0000000000e+00 0.0000000000e+00 1.3797632078e+05 6.8205134088e+05 8.8748621937e+04 8.6324985108e+04 1.3643721697e+06 2.0280243811e+05 -1.0241385764e+02 8.2165501938e+02 -6.1298676829e+01 -1.9033111796e+02 1.0681106700e+03 -2.1262142254e-13 9.4822810978e+02
1.0000000000e+00 0.0000000000e+00 1.2906307738e+04 1.9871526193e+03 5.6118282274e+03 2.5171961466e+04 5.1361090630e+05 4.8445089022e+04 -2.6661686917e+01 1.0696703863e+01 5.0000946627e+01 -1.3711124968e+02 5.9345619615e+02 -1.3422768826e-13 1.8769139781e+02
1.0000000000e+00 0.0000000000e+00 1.7982706423e+04 7.5171888427e+03 9.5145816648e+03 2.6693151345e+04 4.1171828573e+05 4.4235689957e+04 -2.6375752592e+01 -8.1667213121e+01 7.1590505087e+01 -1.3564550257e+02 5.1316581582e+02 -1.1460473212e-13 -1.0059799341e+02
1.0000000000e+00 0.0000000000e+00 3.7875582170e+03 1.1794556215e+04 1.3470034872e+03 6.6748436080e+03 2.5846688630e+05 2.1566803551e+04 -1.4633095917e+01 1.0184495657e+02 1.1841630251e+01 -7.7297831670e+01 3.6886335509e+02 -1.0677512247e-13 1.6589547214e+01
1.0000000000e+00 0.0000000000e+00 1.3317072831e+04 9.5399045685e+03 1.0820376092e+04 1.2540675169e+04 4.3537091799e+05 4.0090014539e+04 -2.9281610738e+01 6.3478795311e+01 2.2332717436e+01 -1.0043258423e+02 4.8537692225e+02 -1.2098731881e-13 -1.4856699824e+02
1.0000000000e+00 0.0000000000e+00 3.2914065520e+04 2.6872373195e+05 7.6551528388e+03 4.8394050410e+04 1.0519612381e+06 1.0923177809e+05 -2.5838965566e+01 4.9532309549e+02 -1.6071541086e+01 -1.7104279011e+02 8.8859232095e+02 -1.9016692698e-13 8.5573126554e+02
1.0000000000e+00 0.0000000000e+00 3.6414347121e+04 1.4070224496e+05 1.7699536893e+04 3.2461199246e+04 6.2361386162e+05 7.1213247979e+04 -5.4449312618e+01 3.6566246897e+02 -4.2490546763e+00 -1.3642048825e+02 6.7542463368e+02 -1.5833133321e-13 5.0197110923e+02
1.0000000000e+00 0.0000000000e+00 3.4962658579e+04 1.9526700256e+05 2.5156482074e+04 1.7450417819e+04 4.8961695678e+05 6.1327042244e+04 -4.4849819441e+01 4.3345259004e+02 -3.7754178028e+01 -1.0009826551e+02 5.9611297859e+02 -1.5267836471e-13 5.5993966765e+02
1.0000000000e+00 0.0000000000e+00 1.3793070036e+04 5.6170154318e+04 5.2167177881e+03 1.3537359576e+04 3.8993792722e+05 3.7376130625e+04 -3.3313452824e+01 2.3539083745e+02 2.5409182011e+00 -9.9496730260e+01 4.7948850264e+02 -1.2907330452e-13 1.2453092886e+02
1.0000000000e+00 0.0000000000e+00 4.7490809047e+03 4.1963111152e+03 1.6614747793e+03 6.6197479824e+03 2.1695862405e+05 1.8509725547e+04 -1.5674755362e+01 6.2162511322e+01 2.2817161871e+01 -7.1967472354e+01 2.9187032226e+02 -1.1067525384e-13 1.0829106118e+02
1.0000000000e+00 0.0000000000e+00 4.1485680116e+04 3.3293342666e+03 1.9973907559e+04 6.3691191077e+04 7.0788969675e+05 8.5187640055e+04 -5.0721208829e+01 -5.1256731819e+01 9.2897765350e+01 -1.9359035792e+02 7.4379479557e+02 -1.3115953248e-13 -1.2651801292e+02
1.0000000000e+00 0.0000000000e+00 3.5112510457e+05 1.6144774775e+06 2.3021335553e+05 2.3047143585e+05 2.9630990082e+06 4.8262503622e+05 -1.6712680382e+02 1.2661807916e+03 -9.1085595167e+01 -2.9104353266e+02 1.6091434916e+03 -2.7873065050e-13 1.3809929688e+03
1.0000000000e+00 0.0000000000e+00 2.7564076049e+04 7.9594426864e+04 1.0459608496e+04 3.2308887656e+04 6.0774649965e+05 6.3932997623e+04 -4.9128218121e+01 2.7996346754e+02 1.4095848039e+01 -1.4222896330e+02 6.5993214851e+02 -1.5091936774e-13 3.6340684708e+02
1.0000000000e+00 0.0000000000e+00 1.0203612382e+03 4.4885015081e+03 2.1085652773e+02 2.8475788393e+03 1.4989438681e+05 1.1682415138e+04 -5.5858318772e+00 6.2341359519e+01 4.9222642796e+00 -4.5943838918e+01 2.3147613227e+02 -1.0428680450e-13 1.2259569325e+02
1.0000000000e+00 0.0000000000e+00 2.9604177455e+04 1.1175009179e+05 1.1479886802e+04 3.2213017239e+04 6.2056133128e+05 6.6782196218e+04 -5.1584097232e+01 3.2305940588e+02 2.5151795576e+00 -1.3792854634e+02 6.7354558144e+02 -1.5386981707e-13 4.4934535645e+02
1.0000000000e+00 0.0000000000e+00 9.1709801852e+04 2.9633082367e+05 4.6969240011e+04 9.3704555415e+04 1.4000448586e+06 1.7144589122e+05 -9.1235572438e+01 5.3805864395e+02 4.9293090889e-01 -2.1695227761e+02 1.0596402572e+03 -2.0510340611e-13 7.6581965192e+02
1.0000000000e+00 0.0000000000e+00 1.1530147852e+04 3.7167561537e+04 7.1398239753e+03 2.2553960221e+04 5.0948716880e+05 4.9383049462e+04 -1.1461089040e+01 -1.6241129127e+02 6.1862338679e+01 -1.2557856847e+02 5.6722692949e+02 -1.0837668016e-13 -3.2086369422e+02
1.0000000000e+00 0.0000000000e+00 4.5185079696e+03 4.8215986304e+04 1.9254091291e+03 4.0983421892e+03 2.5957682875e+05 2.2527586464e+04 -7.3368299908e+00 2.0079226074e+02 -2.2154923098e+01 -4.9930658102e+01 3.2998858819e+02 -1.3169297927e-13 3.6902680640e+02
1.0000000000e+00 0.0000000000e+00 2.1481177253e+04 4.5428568265e+04 1.7730738422e+04 1.4727199566e+04 2.5381555616e+05 3.3621820208e+04 -4.0247818673e+01 2.1058767671e+02 -6.5138702920e+00 -7.5164418224e+01 3.9218154878e+02 -1.1632571406e-13 1.2555936889e+02
1.0000000000e+00 0.0000000000e+00 1.4664387686e+05 6.2325923548e+05 7.9944326794e+04 1.1418290504e+05 9.9365417447e+05 1.8376103537e+05 -1.1216081642e+02 7.8140351399e+02 -4.4516725254e+01 -1.7536631304e+02 8.8954928396e+02 -2.0913718861e-13 9.7658806120e+02
1.0000000000e+00 0.0000000000e+00 9.4710997995e+04 5.8936018149e+05 6.8992073510e+04 3.8553004106e+04 1.1633226206e+06 1.5457586200e+05 -7.0629914450e+01 7.6115827912e+02 -7.7649077038e+01 -1.5049834971e+02 9.4960825418e+02 -2.0638739616e-13 9.8786727936e+02
1.0000000000e+00 0.0000000000e+00 1.1976963753e+04 3.6901562931e+03 7.8866183007e+03 1.9288778500e+04 4.0400199802e+05 3.9477438576e+04 -1.8714500862e+01 -3.5344690256e+01 5.8994961966e+01 -1.2570607604e+02 4.9299973962e+02 -1.3475450451e-13 1.5395291278e+02
1.0000000000e+00 0.0000000000e+00 8.4841932042e+02 3.3261740449e+03 6.5283336122e+02 3.5043066171e+03 1.8570055287e+05 1.4520711619e+04 -1.8926073768e+00 4.7922842311e+01 7.4154475884e+00 -4.8251726459e+01 2.4161784042e+02 -1.0779218347e-13 7.7249495607e+01
1.0000000000e+00 0.0000000000e+00 7.6965415510e+03 3.7851243292e+04 6.6650780368e+03 9.4401598904e+03 3.8505851308e+05 3.4913351080e+04 -1.3690101850e+01 1.9155048305e+02 -1.8524414919e+01 -7.2286507584e+01 4.6381485812e+02 -1.3341748240e-13 2.5246899154e+02
1.0000000000e+00 0.0000000000e+00 1.4713326553e+05 5.2211271135e+05 7.1545600556e+04 1.5035861233e+05 1.4111171697e+06 2.1957300869e+05 -1.1989790975e+02 7.2079012790e+02 -1.3611497286e+01 -2.2987751696e+02 1.1025294291e+03 -2.0862433600e-13 8.0170681021e+02
1.0000000000e+00 0.0000000000e+00 3.0939248223e+04 2.5324514447e+05 1.5172651944e+04 1.2434465015e+04 5.4865092300e+05 6.1593923204e+04 -3.6006656189e+01 4.9583698315e+02 -4.2335894541e+01 -1.0172887667e+02 5.9055493230e+02 -1.6661621540e-13 7.1726662294e+02
1.0000000000e+00 0.0000000000e+00 1.8185821986e+03 1.7142511902e+03 8.3216367524e+02 4.5824737754e+03 1.5784947743e+05 1.3132550903e+04 -5.8696836047e+00 -3.1114837021e+01 2.5028177481e+01 -5.8520604516e+01 2.5590551463e+02 -9.9613166926e-14 1.6414094020e+01
1.0000000000e+00 0.0000000000e+00 1.7961233449e+04 1.0518754380e+04 3.2906181162e+03 4.7004882818e+04 8.1181440633e+05 7.7796058945e+04 -3.0226411961e+01 9.8393037221e+01 5.1555967125e+01 -1.7522221355e+02 7.7520426331e+02 -1.3904224303e-13 -2.5182553039e+01
1.0000000000e+00 0.0000000000e+00 9.1208332448e+04 2.5736560433e+05 5.7523204681e+04 8.7916190558e+04 1.1931508186e+06 1.5753484960e+05 -9.1424669827e+01 5.0711461763e+02 -6.6238726475e+00 -1.9718281358e+02 9.9510491883e+02 -1.7878188935e-13 5.3503834806e+02
1.0000000000e+00 0.0000000000e+00 2.7233926417e+04 1.2768346777e+04 1.8080505413e+04 3.3581428902e+04 6.4103618758e+05 6.6726708996e+04 -4.7161270709e+01 1.0735858866e+02 3.7154429970e+01 -1.4876176461e+02 6.8302054139e+02 -1.3476606661e-13 3.4808165901e+01
1.0000000000e+00 0.0000000000e+00 1.0149050409e+04 3.7593051465e+04 8.2662659907e+03 1.0251027970e+04 4.4600484493e+05 4.0056712211e+04 -2.1857611262e+01 1.9242039864e+02 -9.5067719076e+00 -8.8693396682e+01 5.1568136902e+02 -1.3208582104e-13 1.2919604528e+02
1.0000000000e+00 0.0000000000e+00 5.6081702708e+03 2.6927588739e+03 5.5202162689e+03 4.0708502748e+03 1.9817824282e+05 1.7683056583e+04 -1.9875025306e+01 1.3231226734e+01 1.3305505763e+01 -5.4952962303e+01 2.7443598709e+02 -1.0612042001e-13 -2.3610488115e+01
1.0000000000e+00 0.0000000000e+00 5.2058041487e+03 1.7072220013e+04 1.1767320133e+03 6.7244293576e+03 2.2999930454e+05 1.9862202324e+04 -1.9321530569e+01 1.2523339455e+02 1.1219194198e+01 -7.3454885516e+01 3.2981367244e+02 -1.1715376636e-13 1.8424505270e+02
1.0000000000e+00 0.0000000000e+00 4.1416069478e+04 8.4342083884e+04 3.6010419102e+04 2.9219668490e+04 4.7589409576e+05 6.4917208878e+04 -5.7994507785e+01 2.8700529445e+02 -8.7135799443e+00 -1.1169442243e+02 5.9566188071e+02 -1.4541420360e-13 4.1764999294e+02
1.0000000000e+00 0.0000000000e+00 9.6596699244e+03 1.8358227698e+04 1.3225965599e+03 1.9332296220e+04 3.5626614897e+05 3.4182430245e+04 -2.5283186268e+01 1.2220191325e+02 2.7542636567e+01 -1.1231768996e+02 4.8869520897e+02 -1.2944589214e-13 3.0550602248e+02
1.0000000000e+00 0.0000000000e+00 1.1754026414e+04 1.1208235707e+04 3.8419439033e+03 1.9113635983e+04 3.3253415784e+05 3.3219680370e+04 -3.0886612972e+01 9.2501568483e+01 3.2179334703e+01 -1.1341887598e+02 4.8822629629e+02 -1.0990025916e-13 2.1498651176e+01
1.0000000000e+00 0.0000000000e+00 3.6340876441e+04 1.3280271869e+04 1.4312580152e+04 7.3026504464e+04 9.9760509101e+05 1.0694683333e+05 -4.3089837340e+01 -4.9908272217e+01 9.4006071167e+01 -2.1464816244e+02 8.7727032298e+02 -1.3672884032e-13 -2.6516587840e+02
1.0000000000e+00 0.0000000000e+00 2.9804560834e+03 3.1229540952e+04 1.0871568071e+03 4.1681831138e+03 1.7911327032e+05 1.5945511423e+04 -2.4750453993e+00 1.6580954391e+02 -2.0868686168e+01 -3.9216216442e+01 2.7544306258e+02 -1.1687556467e-13 3.7145570567e+02
1.0000000000e+00 0.0000000000e+00 5.2799477788e+04 3.1397881756e+05 2.7171529191e+04 3.5224607143e+04 8.8021023045e+05 1.0237694089e+05 -6.1183758409e+01 5.4915906891e+02 -3.5910717890e+01 -1.4600346784e+02 8.0781021651e+02 -1.8946244954e-13 8.1461973582e+02
1.0000000000e+00 0.0000000000e+00 1.3250278635e+04 1.9232213248e+04 3.2347818649e+03 2.6324744271e+04 6.1211771100e+05 5.5420323325e+04 -2.8086721382e+01 1.3216902513e+02 3.9819261147e+01 -1.4753612762e+02 6.3945200957e+02 -1.4130223493e-13 1.9013440549e+02
1.0000000000e+00 0.0000000000e+00 9.3480148976e+04 2.6306126521e+05 3.6406099829e+04 1.1390579206e+05 1.6592185297e+06 1.9181295436e+05 -9.3334822542e+01 5.0898338970e+02 2.3409101403e+01 -2.5083697890e+02 1.1619557869e+03 -2.0961681732e-13 6.3940712250e+02
1.0000000000e+00 0.0000000000e+00 1.7946684624e+04 7.6170701492e+04 1.5115744212e+04 1.7682800398e+04 4.2581945748e+05 4.6920794237e+04 -3.7391423102e+00 -2.6879855242e+02 8.5736434624e+01 -1.2078690559e+02 4.6024901966e+02 -1.0568126961e-13 -4.2635520111e+02
1.0000000000e+00 0.0000000000e+00 1.4445531079e+05 6.4168831605e+05 8.5226759512e+04 1.1662431179e+05 1.2708368923e+06 2.0669709410e+05 -1.1052465194e+02 7.9544150812e+02 -4.5690683191e+01 -1.9809694179e+02 1.0395651643e+03 -2.1418147157e-13 1.0551342682e+03
1.0000000000e+00 0.0000000000e+00 1.5516505207e+04 3.7680502184e+03 1.4289269434e+04 2.0125073174e+04 4.4925739593e+05 4.5663396435e+04 -3.0039992144e+01 1.1073172728e+01 3.2831009866e+01 -1.1570949042e+02 5.5934285929e+02 -1.1146332604e-13 -1.2865332844e+02
1.0000000000e+00 0.0000000000e+00 5.5715530640e+04 2.3665837502e+05 1.7824139174e+04 6.6339922118e+04 1.0658411196e+06 1.2107752331e+05 -6.8079107839e+01 4.8340167183e+02 1.7146492309e+00 -1.9312037177e+02 9.3179119356e+02 -1.7378303582e-13 5.9704693937e+02
1.0000000000e+00 0.0000000000e+00 3.9684497194e+04 3.6937642250e+04 1.4860385191e+04 6.4466803408e+04 9.0720073155e+05 9.8402243078e+04 -5.9892774393e+01 1.8436038263e+02 4.8504754991e+01 -1.9287273301e+02 8.5019188298e+02 -1.4303790304e-13 5.0235556332e+01
1.0000000000e+00 0.0000000000e+00 1.7883494272e+04 2.4524080010e+04 6.0121645350e+03 3.0401860868e+04 6.2319145585e+05 5.9467830646e+04 -3.7819804368e+01 1.5402780160e+02 2.9307679533e+01 -1.4374439105e+02 6.6525393668e+02 -1.4014376600e-13 1.1142119389e+02
1.0000000000e+00 0.0000000000e+00 7.4076632740e+03 1.5053962060e+03 4.7934999189e+03 1.0521279116e+04 2.6913557602e+05 2.5000378205e+04 -2.0777629929e+01 -2.9737163500e+01 3.6744449667e+01 -9.1226934207e+01 3.9968281233e+02 -1.0684917886e-13 -5.1736781537e+01
1.0000000000e+00 0.0000000000e+00 1.6698370471e+04 6.1076315445e+03 7.3587063895e+03 3.1129700538e+04 6.0619274469e+05 5.8322998097e+04 -2.9782701657e+01 -3.8809411087e+01 5.7217597163e+01 -1.4713923928e+02 6.5103410519e+02 -1.2400340769e-13 -1.4996773606e+02
1.0000000000e+00 0.0000000000e+00 1.6273976615e+04 5.2712399459e+04 1.0532642943e+04 1.3337807753e+04 2.6976563976e+05 3.1323711111e+04 -3.7533536472e+01 2.2856722380e+02 -6.1862630775e+00 -7.8597361975e+01 3.9993674742e+02 -1.1834904581e-13 1.8592167313e+02
1.0000000000e+00 0.0000000000e+00 3.7027702729e+03 1.3533546229e+04 1.1734968494e+03 4.9624140838e+03 1.9770866218e+05 1.6717132944e+04 -1.6278833448e+01 1.1590747392e+02 3.8540662458e+00 -6.1993026168e+01 3.0682069483e+02 -1.1230173010e-13 1.8941805262e+02
1.0000000000e+00 0.0000000000e+00 1.6533114103e+04 3.0454322495e+04 7.1904208108e+03 1.9289535691e+04 3.6650981822e+05 3.7980027087e+04 -3.9270072953e+01 1.6826955268e+02 1.8064005149e+01 -1.0637987532e+02 4.7564216063e+02 -1.1733057248e-13 4.3756825811e+01
1.0000000000e+00 0.0000000000e+00 9.4013939402e+03 1.6092399589e+04 2.3993521078e+03 2.2091169361e+04 4.9641635104e+05 4.5208470527e+04 -2.3944656524e+01 1.1609824238e+02 2.5680601484e+01 -1.2312543972e+02 5.7777905344e+02 -1.3546013125e-13 2.0532829634e+02
1.0000000000e+00 0.0000000000e+00 3.4590219856e+03 9.9399729182e+02 1.8584874440e+03 1.7296526268e+04 4.0975488806e+05 3.6231491537e+04 -8.3718363619e+00 2.1279035804e+01 2.6229677778e+01 -1.0421972337e+02 5.1690053183e+02 -1.1681619985e-13 3.8427530554e+01
1.0000000000e+00 0.0000000000e+00 3.3628805176e+04 1.9169204517e+04 2.2404835424e+04 3.8738254995e+04 5.9198817790e+05 6.7940408301e+04 -5.4497887850e+01 1.1271119575e+02 3.7250298478e+01 -1.4467272757e+02 6.5097861557e+02 -1.3563415135e-13 3.0402641116e+01
1.0000000000e+00 0.0000000000e+00 7.8758504518e+04 3.4397314504e+05 5.3674603094e+04 5.3262052250e+04 8.7595923349e+05 1.2315620918e+05 -7.8849542536e+01 5.8098081128e+02 -3.8892947616e+01 -1.5426892520e+02 8.5908640639e+02 -1.7203048923e-13 7.2357142442e+02
1.0000000000e+00 0.0000000000e+00 6.2996106185e+04 2.1598088900e+05 4.7904349339e+04 6.6024875770e+04 6.7818763646e+05 1.0680581945e+05 -1.1744404455e+01 -4.5262756184e+02 1.6162434087e+02 -2.0918299190e+02 7.0335944199e+02 -9.8303012249e-14 -6.3431420341e+02
1.0000000000e+00 0.0000000000e+00 3.6362354387e+04 9.7071553847e+03 1.8692564109e+04 4.8492810862e+04 5.3320282707e+05 6.6328970103e+04 -5.7027285163e+01 9.6023750042e+01 5.3697758645e+01 -1.5687817065e+02 6.3989335415e+02 -1.2897838191e-13 5.9548294503e+01
1.0000000000e+00 0.0000000000e+00 1.5899188757e+04 3.3355138110e+03 9.9447294280e+03 3.6218639099e+04 5.7320733228e+05 5.9383200810e+04 -8.8216746112e+00 3.2085568815e+01 5.5321932099e+01 -1.4599203019e+02 6.0332539856e+02 -1.2989413049e-13 6.5501242419e+01
1.0000000000e+00 0.0000000000e+00 3.9671435511e+04 5.1166490236e+04 2.7962713857e+04 3.8680968638e+04 5.8557743519e+05 7.1462205248e+04 -5.9880861057e+01 2.2572932456e+02 1.6390350450e+01 -1.3942612604e+02 6.6627392561e+02 -1.4171203728e-13 2.4682672516e+02
1.0000000000e+00 0.0000000000e+00 3.2136487749e+04 1.3947375897e+05 1.4678023290e+04 2.9450711114e+04 5.2929961886e+05 6.2145113037e+04 -5.2201433824e+01 3.6235970582e+02 -7.4957651253e+00 -1.2423944220e+02 6.1677028461e+02 -1.5275629868e-13 5.6288893846e+02
1.0000000000e+00 0.0000000000e+00 3.4929034468e+03 2.4996593869e+03 2.5193133477e+03 1.0245021000e+04 3.0237554735e+05 2.6179986280e+04 -1.0023205480e+01 9.2733810099e-01 2.1954991700e+01 -8.3547947895e+01 4.2029203800e+02 -1.0199175666e-13 -1.4227255574e+02
1.0000000000e+00 0.0000000000e+00 3.0154666785e+04 9.3828508677e+04 2.1892238271e+04 2.6653249850e+04 8.4816731402e+05 8.3178837391e+04 -4.6796565826e+01 3.0614747200e+02 -5.6742536844e+00 -1.4290578904e+02 7.7193503806e+02 -1.6480864788e-13 3.5987796862e+02
1.0000000000e+00 0.0000000000e+00 1.5773046891e+04 3.8800372395e+04 4.0331300274e+03 2.3599189168e+04 5.5463967931e+05 5.1634153639e+04 -3.5688717959e+01 1.9664502447e+02 2.3519597362e+01 -1.3448239011e+02 6.0873669515e+02 -1.4019658495e-13 2.4221797592e+02
1.0000000000e+00 0.0000000000e+00 4.6947384822e+04 2.5117517409e+05 2.8726742248e+04 2.5733282396e+04 5.3868385480e+05 7.2677607414e+04 -5.8454739597e+01 4.8116642347e+02 -3.7822406551e+01 -1.0350112659e+02 5.8433227738e+02 -1.8610751315e-13 8.8928830804e+02
1.0000000000e+00 0.0000000000e+00 3.3425831065e+04 2.1177417357e+05 1.2635487773e+04 3.0973130742e+04 6.9865272879e+05 7.6920481519e+04 -4.5894113221e+01 4.5812925727e+02 -2.1233886970e+01 -1.3806704837e+02 7.2734201257e+02 -1.5760302006e-13 4.9714709204e+02
1.0000000000e+00 0.0000000000e+00 1.4698598064e+04 1.6189472533e+05 3.1943728771e+03 1.6879625554e+04 6.8542015064e+05 6.3120057426e+04 -1.5712570188e+01 3.7322120465e+02 -2.7551914581e+01 -1.0910788415e+02 6.3559765443e+02 -1.7099069910e-13 6.4839153083e+02
1.0000000000e+00 0.0000000000e+00 7.1941600869e+04 1.7453541947e+03 2.4272222458e+04 1.3867171447e+05 1.8081307800e+06 1.9486894174e+05 -6.5349153050e+01 3.7526991452e+01 1.2095023490e+02 -3.0024888863e+02 1.2157563611e+03 -1.7713076989e-13 -6.9870699070e+00
1.0000000000e+00 0.0000000000e+00 6.1289043749e+04 3.6444784962e+05 3.4260223760e+04 5.5194796258e+04 1.5345655861e+06 1.6097143438e+05 -5.8614029530e+01 6.0059315528e+02 -3.8234924269e+01 -1.8915340872e+02 1.0749703750e+03 -2.0969007153e-13 6.1933001441e+02
1.0000000000e+00 0.0000000000e+00 1.3425498495e+04 6.4068875591e+03 1.5809564277e+04 1.1544209403e+04 4.6983229315e+05 4.3953054189e+04 -1.6989345307e+01 -6.7746417146e+01 3.7220975346e+01 -9.9782010049e+01 4.8210129236e+02 -1.2880234731e-13 -1.8100137798e+02
1.0000000000e+00 0.0000000000e+00 8.3330828373e+04 2.5031373918e+05 6.2454783789e+04 6.0770241424e+04 1.1727714273e+06 1.4566624696e+05 -8.0392609024e+01 4.9349776722e+02 -1.7530120710e+01 -1.7911685764e+02 9.5356499092e+02 -1.9787236021e-13 6.8018523412e+02
1.0000000000e+00 0.0000000000e+00 5.9111379106e+04 1.9493109307e+05 3.9512501893e+04 4.8561855264e+04 5.8402370115e+05 8.7916927842e+04 -7.2510555638e+01 4.3708783630e+02 -1.8114500080e+01 -1.3280717339e+02 6.8746383157e+02 -1.5484775384e-13 5.4248535804e+02
1.0000000000e+00 0.0000000000e+00 9.9093109454e+03 4.4525347007e+04 7.1223484332e+03 6.3657647300e+03 2.8773553991e+05 2.7504560006e+04 -2.5248172025e+01 2.0882259275e+02 -1.2153590481e+01 -7.1977704223e+01 4.0820217034e+02 -1.2992897199e-13 3.6063662736e+02
1.0000000000e+00 0.0000000000e+00 1.9755288014e+04 1.3993366930e+04 9.3625206259e+03 3.2698393692e+04 6.2866895756e+05 6.1798012811e+04 -2.7155619822e+01 -1.0803665375e+02 8.0145718447e+01 -1.6123855589e+02 6.4978994779e+02 -1.2684782357e-13 -1.4952184174e+02
1.0000000000e+00 0.0000000000e+00 6.0050332555e+04 3.4607432646e+05 2.8536056437e+04 3.9604377678e+04 5.9474286437e+05 8.7333037478e+04 -6.7870353471e+01 5.7550682270e+02 -3.7802367885e+01 -1.2603465041e+02 6.6630497662e+02 -1.7432492268e-13 8.9153454196e+02
1.0000000000e+00 0.0000000000e+00 3.3783875254e+04 3.0912333397e+05 1.2097888706e+04 3.6330759484e+04 8.4324431579e+05 9.3652583941e+04 -1.5731606255e+01 5.4037094419e+02 -5.5527060053e+01 -1.1842232394e+02 7.5457368984e+02 -1.8166145103e-13 8.0886376126e+02
1.0000000000e+00 0.0000000000e+00 2.7145663029e+04 7.6378177612e+04 2.1436733774e+04 1.7010371033e+04 4.2094218374e+05 4.9023836569e+04 -4.3829803696e+01 2.7575134766e+02 -1.2150161598e+01 -9.5489275466e+01 5.1701898477e+02 -1.3893166787e-13 2.5149841296e+02
1.0000000000e+00 0.0000000000e+00 1.2990622327e+04 1.1761904126e+04 6.4483848114e+03 1.7061634556e+04 3.2485192709e+05 3.2926083616e+04 -3.3685084973e+01 8.2857121225e+01 2.7277477616e+01 -1.0455423814e+02 4.6714085736e+02 -1.0348844002e-13 -1.0002441878e+02
1.0000000000e+00 0.0000000000e+00 2.7402639234e+04 3.2293102916e+04 8.1935271428e+03 4.8053502081e+04 7.4064463642e+05 7.6674166914e+04 -4.7312169778e+01 1.7627224998e+02 4.6125030177e+01 -1.7650935995e+02 7.6138298394e+02 -1.5096138778e-13 2.4685334129e+02
1.0000000000e+00 0.0000000000e+00 5.6683910567e+04 9.2460633567e+04 5.5191342944e+04 4.0743826592e+04 7.0759344271e+05 9.4382493560e+04 -6.6276817512e+01 3.0010351273e+02 -7.7429389251e+00 -1.3617765767e+02 7.4440639205e+02 -1.5407929303e-13 3.4021029332e+02
1.0000000000e+00 0.0000000000e+00 1.5514853928e+04 4.0261639587e+04 8.7304574227e+03 1.9741155232e+04 5.6623907747e+05 5.2767023252e+04 -3.4176530375e+01 2.0021081435e+02 8.7379059294e+00 -1.2455304159e+02 6.3409915563e+02 -1.4322416778e-13 2.8253560345e+02
1.0000000000e+00 0.0000000000e+00 6.8131537894e+03 1.5706673672e+04 4.0988327554e+03 8.8483396440e+03 1.9073261092e+05 1.9373655306e+04 -1.2259713251e+01 -1.1138238715e+02 4.8496596709e+01 -7.9240353239e+01 3.0382790608e+02 -9.0970064259e-14 -1.8049399390e+02
1.0000000000e+00 0.0000000000e+00 1.7244088969e+05 7.8665932654e+05 1.1528347871e+05 1.1968880710e+05 1.3716387493e+06 2.3499169284e+05 -1.1759478364e+02 8.8508496363e+02 -6.5898936256e+01 -1.9399270895e+02 1.0755566269e+03 -2.1484632336e-13 9.1327307904e+02
1.0000000000e+00 0.0000000000e+00 3.7807898231e+04 1.4234337212e+05 2.5300828795e+04 2.9126423669e+04 5.2600278730e+05 6.6498028202e+04 -5.4847567752e+01 3.7325249789e+02 -1.6822761562e+01 -1.1740483969e+02 6.2258870504e+02 -1.5311539863e-13 5.1104136602e+02
1.0000000000e+00 0.0000000000e+00 4.3729480424e+04 6.2618323899e+04 1.4601590486e+04 6.2938880757e+04 8.7286239630e+05 9.6560669579e+04 -6.5096653864e+01 2.4968256252e+02 3.9369665647e+01 -1.8567479265e+02 8.1230277380e+02 -1.6147095963e-13 2.9499603314e+02
1.0000000000e+00 0.0000000000e+00 2.3849995552e+04 6.5991355315e+04 1.5105386988e+04 2.8626707361e+04 5.6155170744e+05 6.0490688049e+04 -2.4913640128e+01 -2.2090951774e+02 8.5334702555e+01 -1.4793876267e+02 6.1014054264e+02 -1.0708319427e-13 -4.6155970560e+02
1.0000000000e+00 0.0000000000e+00 2.2360900047e+05 8.5353854692e+05 1.4925049039e+05 1.7418580955e+05 1.1429856211e+06 2.6220653751e+05 -1.4305525122e+02 9.2048041471e+02 -6.4697329954e+01 -1.8610534155e+02 9.8879407234e+02 -2.1905771522e-13 1.1090176681e+03
1.0000000000e+00 0.0000000000e+00 3.1443683023e+04 5.3545523052e+04 8.1000565537e+03 5.0033642352e+04 8.4833599686e+05 8.5823934934e+04 -5.1538263229e+01 2.2563332465e+02 4.2088308259e+01 -1.8380621942e+02 8.0000502217e+02 -1.6047123715e-13 3.4976352310e+02
1.0000000000e+00 0.0000000000e+00 8.2856823331e+04 3.1329693082e+05 6.1093537986e+04 5.5045909838e+04 7.8939131221e+05 1.1982089674e+05 -8.2147013321e+01 5.5843411225e+02 -3.8008495602e+01 -1.4331128733e+02 7.9633387666e+02 -1.7435650627e-13 7.0627539662e+02
1.0000000000e+00 0.0000000000e+00 1.0144124492e+04 1.7208113628e+04 3.2340141479e+03 1.7118575674e+04 3.9038284927e+05 3.6243182214e+04 -2.8124737258e+01 1.2472070116e+02 2.3651412267e+01 -1.1075775032e+02 5.0129504153e+02 -1.2980503390e-13 2.2865150969e+02
1.0000000000e+00 0.0000000000e+00 9.5384168519e+03 3.1917337451e+04 7.7324215422e+02 1.8514956588e+04 4.3002501245e+05 3.9207810419e+04 -2.2153853737e+01 1.6347839424e+02 2.2315735402e+01 -1.1573986945e+02 5.1484262408e+02 -1.3454307918e-13 2.7345492534e+02
1.0000000000e+00 0.0000000000e+00 1.1785050687e+04 4.2081144994e+04 7.3028481480e+03 8.0537867402e+03 2.1960961043e+05 2.3642625192e+04 -2.9057120732e+01 2.0503656877e+02 -8.6383578962e+00 -6.3785323341e+01 3.3337979788e+02 -1.1614116941e-13 2.4610545413e+02
1.0000000000e+00 0.0000000000e+00 7.9493232702e+03 4.6451728544e+04 3.8248658146e+03 5.8137648022e+03 1.9719646114e+05 1.9839140398e+04 -2.1339547751e+01 2.1335726876e+02 -1.0621671673e+01 -6.3656426299e+01 3.3910463784e+02 -1.0327407728e-13 2.1723429577e+02
1.0000000000e+00 0.0000000000e+00 3.4208553690e+04 3.6776925087e+04 1.2295329991e+04 5.0194556964e+04 8.1137888477e+05 8.4389921798e+04 -5.4851008626e+01 1.8754259760e+02 4.6481904811e+01 -1.8082457126e+02 7.7981691604e+02 -1.5613809564e-13 2.6556868685e+02
1.0000000000e+00 0.0000000000e+00 1.3045140902e+05 5.8389968843e+05 1.0225424790e+05 6.5435545118e+04 1.0414469356e+06 1.7260307716e+05 -9.6519767522e+01 7.5832775383e+02 -7.1307709079e+01 -1.5195012297e+02 9.2080688471e+02 -2.0383263251e-13 1.0022709575e+03
1.0000000000e+00 0.0000000000e+00 2.7579919691e+04 2.1583024201e+04 1.3829436728e+04 3.7923121475e+04 4.1365016496e+05 5.1999568472e+04 -3.6257189714e+01 -1.3111807914e+02 8.8994212256e+01 -1.5105781845e+02 5.4161010413e+02 -1.0728699210e-13 -1.8690920442e+02
1.0000000000e+00 0.0000000000e+00 5.6533575369e+03 5.0910860795e+04 1.2822775608e+03 1.0013128014e+04 2.8194255555e+05 2.6562541536e+04 -7.9662663817e+00 2.1835167169e+02 -1.4033739498e+01 -7.0295960460e+01 4.0193726369e+02 -1.2115712630e-13 3.0624582846e+02
1.0000000000e+00 0.0000000000e+00 1.1267587943e+04 9.7158186537e+02 5.1500207566e+03 1.7482663556e+04 3.1575131283e+05 3.1410839282e+04 -2.8709839068e+01 1.9311248735e+01 4.1325144922e+01 -1.0851155126e+02 4.5045077551e+02 -1.0814314645e-13 -3.4543945217e+01
1.0000000000e+00 0.0000000000e+00 1.2405521164e+04 2.0569870881e+04 1.1019191751e+04 1.3019492674e+04 3.4602893016e+05 3.4928802744e+04 -1.9496935703e+01 -1.1963256751e+02 5.0297781117e+01 -1.0509731753e+02 4.7218730855e+02 -1.0228878234e-13 -1.7407272538e+02
1.0000000000e+00 0.0000000000e+00 1.6135906493e+04 4.8938183642e+04 1.5198836407e+04 8.5747522184e+03 2.9668043644e+05 3.2805021394e+04 -3.2092070799e+01 2.1977547463e+02 -1.4433059673e+01 -7.2518635502e+01 4.1839231250e+02 -1.1878495931e-13 1.5697457876e+02
1.0000000000e+00 0.0000000000e+00 4.5058618560e+03 3.5698007634e+04 7.0819528757e+02 5.8695188697e+03 3.0547876787e+05 2.5271818018e+04 -1.4077328318e+01 1.8058720378e+02 -5.4195805640e+00 -7.0036568662e+01 3.7276008046e+02 -1.3032737283e-13 2.5673436147e+02
1.0000000000e+00 0.0000000000e+00 1.2141129911e+03 9.6243761746e+03 8.4939369524e+02 5.8973316647e+03 2.1994999986e+05 1.8302720412e+04 1.3402812230e+00 6.3288894807e+01 4.1906146418e+00 -5.1830089256e+01 2.7504155728e+02 -1.1751269978e-13 2.6176564425e+02
1.0000000000e+00 0.0000000000e+00 2.1135023512e+03 7.3729929117e+03 2.5673219313e+03 3.4211957501e+03 1.6192735108e+05 1.3909665491e+04 -1.4864002815e+00 8.5591410710e+01 -1.2657992291e+01 -3.4503401217e+01 2.5013785307e+02 -9.9058342679e-14 1.2645158928e+02
1.0000000000e+00 0.0000000000e+00 7.6715845526e+03 1.4157078262e+02 2.5142787581e+03 1.4884153013e+04 2.9634218996e+05 2.7753095030e+04 -2.1387606584e+01 6.7586223650e+00 3.5846201098e+01 -9.8442409527e+01 4.2710528245e+02 -1.0784438888e-13 1.6302397255e+01
1.0000000000e+00 0.0000000000e+00 2.2603866693e+04 8.8807394749e+03 1.1924663717e+04 3.4336926981e+04 6.1683949288e+05 6.2594855376e+04 -4.2196540104e+01 9.3375488306e+01 4.1966589435e+01 -1.5064847996e+02 6.7514751500e+02 -1.3575304526e-13 1.1751461008e+02
1.0000000000e+00 0.0000000000e+00 4.2839933788e+04 9.4972707464e+04 2.3286730766e+04 4.7876340141e+04 5.8595411227e+05 7.5796969019e+04 -6.4679976220e+01 3.0772511350e+02 1.0467940987e+01 -1.4509558737e+02 6.8203686446e+02 -1.4670230259e-13 3.6976142154e+02
1.0000000000e+00 0.0000000000e+00 3.0448676034e+04 1.3917213974e+05 1.9047060174e+04 1.9777342038e+04 5.2239041223e+05 5.9174767860e+04 -4.6134578105e+01 3.5581331849e+02 -1.9152265748e+01 -1.0725794620e+02 5.8212912155e+02 -1.6121354258e-13 6.1532273725e+02
1.0000000000e+00 0.0000000000e+00 7.5164400600e+03 4.6726671929e+04 3.3410289560e+03 1.1969910212e+04 3.0329974946e+05 2.9564339142e+04 -5.3359403551e+00 2.1026288455e+02 -6.8523537752e+00 -7.7789128960e+01 4.1223570585e+02 -1.2517657035e-13 3.5993134358e+02
1.0000000000e+00 0.0000000000e+00 2.6075752125e+04 1.1493470849e+05 1.3905243567e+04 2.0467865876e+04 3.8500529443e+05 4.6830913020e+04 -4.6468198026e+01 3.2952487230e+02 -1.2989248813e+01 -1.0170676613e+02 5.2464444229e+02 -1.4162433187e-13 5.5465301681e+02
1.0000000000e+00 0.0000000000e+00 1.4702275129e+04 2.9725882882e+04 1.6883177159e+04 1.3186299797e+04 5.3427172362e+05 5.0646204083e+04 -2.4870233956e+01 1.6716883859e+02 -8.0908243229e+00 -9.9474224437e+01 5.9765872563e+02 -1.3193205148e-13 1.3086012859e+02
1.0000000000e+00 0.0000000000e+00 3.7477721582e+04 7.9693388597e+04 1.1553043470e+04 4.9337112039e+04 6.8791204519e+05 7.7501042153e+04 -6.1541556989e+01 2.7965135654e+02 2.4690284144e+01 -1.6138946815e+02 7.2107444244e+02 -1.5622837502e-13 3.8229482315e+02
1.0000000000e+00 0.0000000000e+00 7.9845282978e+04 3.2667455611e+05 6.2334715020e+04 4.5830662662e+04 9.6374443680e+05 1.2857770213e+05 -7.5965259196e+01 5.7025725307e+02 -4.2339071557e+01 -1.5099857531e+02 8.6707468691e+02 -1.8310500546e-13 6.3926735143e+02
1.0000000000e+00 0.0000000000e+00 9.9164034945e+03 3.8229954891e+04 3.6531594916e+03 1.6346965342e+04 4.7705126491e+05 4.2944232919e+04 -2.5263676405e+01 1.9397243600e+02 8.0829112425e+00 -1.1267248037e+02 5.6301320171e+02 -1.3500069031e-13 2.3053980155e+02
1.0000000000e+00 0.0000000000e+00 2.5941855799e+03 1.9643172460e+04 1.1048939769e+03 6.7052659554e+03 3.0157177835e+05 2.4763693780e+04 -4.5487290822e+00 1.3380996308e+02 -8.3146523069e+00 -5.8094034033e+01 3.4543258192e+02 -1.3890034382e-13 3.2626874560e+02
1.0000000000e+00 0.0000000000e+00 8.0153300043e+03 7.7942651787e+03 1.5140416014e+03 2.0672728714e+04 4.9766321464e+05 4.3858769772e+04 -1.8990112210e+01 8.1681914873e+01 2.4405867240e+01 -1.1650352835e+02 5.6674480593e+02 -1.2983401430e-13 1.1775342483e+02
1.0000000000e+00 0.0000000000e+00 1.9628079627e+04 1.3210060352e+05 1.2839226880e+04 8.7779701202e+03 4.3933241942e+05 4.5588640215e+04 -3.0959700801e+01 3.6157040403e+02 -3.4825896095e+01 -7.9846993107e+01 4.9406833228e+02 -1.4950045219e-13 4.2621641056e+02
1.0000000000e+00 0.0000000000e+00 5.4109942128e+04 1.2576684685e+05 5.2020673145e+04 3.3974613650e+04 1.0073834508e+06 1.1176621391e+05 -6.0565326181e+01 3.4985464259e+02 -1.5099024626e+01 -1.5253295557e+02 8.6491575921e+02 -1.6322431185e-13 1.8905572892e+02
1.0000000000e+00 0.0000000000e+00 2.3114751919e+04 7.4444679502e+03 8.5330932676e+03 3.6478076627e+04 5.3125373619e+05 5.6273475468e+04 -4.4878829283e+01 8.5793697033e+01 4.8449711539e+01 -1.4657947147e+02 6.1181633676e+02 -1.3308963795e-13 7.9983244341e+01
1.0000000000e+00 0.0000000000e+00 1.0992675498e+05 7.1870328882e+05 5.9393017715e+04 5.9680774952e+04 9.9691105011e+05 1.5519756486e+05 -8.6102823356e+01 8.4098155324e+02 -7.1675500295e+01 -1.5671983057e+02 8.9443577346e+02 -2.0044163165e-13 1.0113173581e+03
1.0000000000e+00 0.0000000000e+00 1.1193229031e+04 8.2576323536e+04 5.8432154284e+03 1.0013585577e+04 3.8308056455e+05 3.6897952208e+04 -2.0671290992e+01 2.8314451085e+02 -2.0291308007e+01 -8.4509794457e+01 4.8994522207e+02 -1.3720187987e-13 4.0609921385e+02
1.0000000000e+00 0.0000000000e+00 1.5516700757e+05 7.3607326822e+05 9.9094637205e+04 1.0816981197e+05 9.5451961015e+05 1.9224637572e+05 -1.1370977892e+02 8.4984065443e+02 -6.6902860473e+01 -1.6459558131e+02 9.1027880250e+02 -1.9056535536e-13 1.0033990948e+03
1.0000000000e+00 0.0000000000e+00 2.0639687879e+04 5.1666078683e+04 1.3435822525e+04 1.8080921571e+04 3.4439038400e+05 3.9687452315e+04 -4.3422713316e+01 2.2491881825e+02 -1.8964642474e-01 -9.5320231584e+01 4.7661355070e+02 -1.2040092916e-13 1.1525398187e+02
1.0000000000e+00 0.0000000000e+00 1.8137232707e+04 1.3998206073e+04 8.0658943147e+03 2.5274940894e+04 4.2049618742e+05 4.3880917714e+04 -4.0106134535e+01 1.0591067429e+02 3.3919024310e+01 -1.2438556553e+02 5.4094188689e+02 -1.2047567776e-13 4.2301858797e+01
1.0000000000e+00 0.0000000000e+00 1.2754635434e+04 3.8371134158e+04 1.0899792456e+04 7.2371751500e+03 3.6394685358e+05 3.4348477349e+04 -2.9567293570e+01 1.9107432959e+02 -8.9245382755e+00 -7.4864965695e+01 4.1997175625e+02 -1.4158636566e-13 2.4358739149e+02
1.0000000000e+00 0.0000000000e+00 1.6851840337e+04 7.2069052053e+04 1.1778822010e+04 1.1971100115e+04 3.9779088402e+05 4.0811453495e+04 -3.4384028947e+01 2.6779565929e+02 -1.4997772391e+01 -9.0953421413e+01 5.1062742622e+02 -1.3544695022e-13 3.2346583494e+02
1.0000000000e+00 0.0000000000e+00 4.3875022253e+03 3.6017216620e+03 3.9177730841e+03 6.8706712976e+03 2.6893248232e+05 2.3062169887e+04 -1.4747416265e+01 5.6888835517e+01 8.6031387218e+00 -7.2054339772e+01 3.8743482939e+02 -1.0798078422e-13 4.3606006707e+00
1.0000000000e+00 0.0000000000e+00 9.6609656590e+03 8.3446981314e+03 1.1595676259e+04 5.9147520247e+03 2.6331307975e+05 2.5796432348e+04 -2.3377435329e+01 7.9705512977e+01 8.2443503219e-01 -6.6579652918e+01 3.8370202209e+02 -1.1240525074e-13 4.3686334952e+01
1.0000000000e+00 0.0000000000e+00 1.6913265965e+05 5.1616744349e+05 1.0075088215e+05 1.6417236824e+05 1.5190960825e+06 2.4537781134e+05 -1.2767074024e+02 7.1538636650e+02 -1.6431796404e+01 -2.3407923516e+02 1.1528281440e+03 -2.0756606376e-13 8.1730394674e+02
1.0000000000e+00 0.0000000000e+00 1.4331499140e+04 3.9407399957e+04 6.2398344525e+03 2.5462093228e+04 5.2653114219e+05 5.1567267402e+04 -3.1328318525e+01 1.9832178519e+02 8.4777357016e+00 -1.2247451155e+02 6.2318223151e+02 -1.3300242000e-13 2.2421474757e+02
1.0000000000e+00 0.0000000000e+00 9.0651516537e+03 8.4933779899e+03 3.3557371288e+03 1.3246022270e+04 3.9659223942e+05 3.4531056259e+04 -2.7539051087e+01 9.1549842796e+01 2.3422329979e+01 -1.0302951493e+02 4.7520506566e+02 -1.2570790836e-13 6.8349638533e+01
1.0000000000e+00 0.0000000000e+00 3.1810674719e+04 7.4335520787e+04 1.7349924867e+04 3.3567411496e+04 5.4170580747e+05 6.2770354670e+04 -5.4275991675e+01 2.7113109270e+02 9.6376232482e+00 -1.2971518544e+02 6.1087301428e+02 -1.4458282195e-13 2.4874959985e+02
1.0000000000e+00 0.0000000000e+00 1.4157163096e+04 2.7225947750e+04 1.0632602787e+04 1.2462916855e+04 3.4424849966e+05 3.4720013567e+04 -3.4321451763e+01 1.6245067401e+02 3.8306269116e+00 -8.9546316633e+01 4.5797636983e+02 -1.2405974471e-13 1.9616407834e+02
1.0000000000e+00 0.0000000000e+00 1.4442555077e+04 2.0312887557e+04 6.1178345604e+03 2.5228410486e+04 6.5672453043e+05 5.9221118970e+04 -3.2733210925e+01 1.4234264137e+02 2.5049506355e+01 -1.3975109165e+02 6.7429379281e+02 -1.4049639590e-13 1.4040792067e+02
1.0000000000e+00 0.0000000000e+00 2.4635676369e+03 2.5453333140e+03 2.1917091601e+03 2.3209935520e+03 1.2508568517e+05 1.0533462186e+04 -1.0398643797e+01 -1.5941061012e+01 1.7047405344e+01 -4.5480423463e+01 2.0822693350e+02 -1.0258179436e-13 1.4518645854e+02
1.0000000000e+00 0.0000000000e+00 2.4661619937e+04 1.7389169141e+04 5.0040331292e+03 5.2321074462e+04 7.8104747732e+05 7.9209102610e+04 -3.9412485628e+01 1.2932771797e+02 5.6957888368e+01 -1.8046956611e+02 7.5310602908e+02 -1.4700924112e-13 1.5448999859e+02
1.0000000000e+00 0.0000000000e+00 4.2119607726e+04 1.5951581904e+05 2.8369409183e+04 3.0042168391e+04 5.6556688686e+05 7.1745550699e+04 -5.9092951620e+01 3.9657978095e+02 -2.0636751141e+01 -1.1908882119e+02 6.4119685303e+02 -1.5380815178e-13 4.6800761754e+02
1.0000000000e+00 0.0000000000e+00 4.6653337679e+04 1.4721126815e+05 2.8561624393e+04 4.2405674641e+04 5.8357725771e+05 7.8021626799e+04 -6.4715904773e+01 3.8342784685e+02 -8.7151314805e+00 -1.3421054486e+02 6.7612446741e+02 -1.4884650070e-13 4.0408052514e+02
1.0000000000e+00 0.0000000000e+00 2.9526354302e+03 2.1378956167e+03 1.7398068707e+03 6.0445211177e+03 2.1144625232e+05 1.7810791533e+04 -7.3671087090e+00 -4.2838356138e+01 2.9950530828e+01 -6.9700800766e+01 3.0814393063e+02 -1.1073315594e-13 6.1358751871e+01
1.0000000000e+00 0.0000000000e+00 1.1286911958e+04 2.2118004982e+04 9.7262618123e+03 2.5393251633e+04 3.8665910573e+05 4.2776009136e+04 8.5360651227e+00 1.4354297219e+02 5.3410822043e+00 -8.9294913494e+01 4.6051259794e+02 -1.2929317057e-13 2.8630056679e+02
1.0000000000e+00 0.0000000000e+00 2.6520049922e+04 3.4526280227e+03 1.2119337736e+04 5.5552396585e+04 9.4818169600e+05 9.4289464961e+04 -3.7335741783e+01 -3.8819398315e+01 7.3976633458e+01 -1.9037562566e+02 8.3430480262e+02 -1.4751676687e-13 -5.6777928274e+01
1.0000000000e+00 0.0000000000e+00 6.4086145600e+03 1.4278329437e+04 4.5851638195e+03 5.3587975234e+03 2.3698951210e+05 2.1045948760e+04 -2.2147582991e+01 1.1751161987e+02 2.4620250705e+00 -6.5699412550e+01 3.3948064551e+02 -1.1181413068e-13 6.2703138909e+01
1.0000000000e+00 0.0000000000e+00 2.0327621300e+04 8.2997620728e+04 1.3474012645e+04 1.6509222378e+04 4.3097588284e+05 4.6366955754e+04 -3.7414078799e+01 2.8708454207e+02 -1.1110313021e+01 -1.0082510028e+02 5.3789087101e+02 -1.3470038009e-13 2.8242170619e+02
1.0000000000e+00 0.0000000000e+00 1.3962340035e+04 7.9645067672e+04 7.3522738570e+03 1.5143648102e+04 4.2264571660e+05 4.2384335594e+04 -2.7856724085e+01 2.8165613090e+02 -1.3610514121e+01 -9.8707674136e+01 5.4367276027e+02 -1.2866397287e-13 2.1530334666e+02
1.0000000000e+00 0.0000000000e+00 1.3877432369e+04 5.6241510795e+04 3.8450353397e+03 2.2726903725e+04 6.3183494408e+05 5.7213604205e+04 -3.1018222243e+01 2.2631860490e+02 1.0876334776e+01 -1.3189134308e+02 6.5052525187e+02 -1.4854115003e-13 3.3224405679e+02
1.0000000000e+00 0.0000000000e+00 2.5128279556e+05 8.6390658367e+05 1.6515280025e+05 2.1238135128e+05 2.0955258023e+06 3.5091356799e+05 -1.5084166969e+02 9.2872380567e+02 -4.2710594313e+01 -2.6384443722e+02 1.3644487382e+03 -2.3542644536e-13 1.0520780748e+03
1.0000000000e+00 0.0000000000e+00 7.0341316145e+04 1.6696157309e+05 5.7324466357e+04 5.1033076004e+04 8.3660508417e+05 1.1231765577e+05 -7.7156334821e+01 4.0820414174e+02 -1.3666793418e+01 -1.5269511283e+02 8.1390815259e+02 -1.6731223334e-13 5.0345516257e+02
1.0000000000e+00 0.0000000000e+00 3.0253053808e+04 8.4240814758e+04 1.2070847682e+04 3.5268251032e+04 6.4496129152e+05 6.8698671428e+04 -4.9372406402e+01 2.7290917875e+02 2.0786609867e+01 -1.5266192367e+02 6.9237832626e+02 -1.5904885697e-13 4.8316518868e+02
1.0000000000e+00 0.0000000000e+00 3.0576123271e+04 1.4060425191e+05 2.0726666296e+04 1.7672619286e+04 4.0652585803e+05 5.1224946654e+04 -4.8250944468e+01 3.7165633633e+02 -2.7107423483e+01 -9.2415495762e+01 5.2167753156e+02 -1.4870145224e-13 5.3697364710e+02
1.0000000000e+00 0.0000000000e+00 1.9237109085e+04 7.6127599128e+04 8.8914489334e+03 1.8029157491e+04 3.7900168480e+05 4.1243135143e+04 -4.0910856294e+01 2.7450364012e+02 -3.6142519456e+00 -1.0106645828e+02 5.0072295120e+02 -1.3169999436e-13 3.0387673215e+02
1.0000000000e+00 0.0000000000e+00 4.2574967209e+04 1.6081346153e+05 1.0047498027e+04 5.9205781241e+04 1.0159729002e+06 1.0739287928e+05 -6.0360664282e+01 3.9852092758e+02 1.5718417156e+01 -1.8693966451e+02 8.6291754947e+02 -1.7887684636e-13 4.4834044760e+02
1.0000000000e+00 0.0000000000e+00 3.0272073487e+04 3.5404335363e+04 2.0597119957e+04 4.3096584801e+04 5.3024157980e+05 6.5782027200e+04 -2.2398691717e+01 -1.8485939676e+02 1.0497582719e+02 -1.7112048842e+02 6.1358890246e+02 -1.1497850658e-13 -2.2944784736e+02
1.0000000000e+00 0.0000000000e+00 5.0094616807e+04 1.0806004402e+04 2.7293469462e+04 6.8679635308e+04 1.0568257311e+06 1.1443786464e+05 -6.4893512887e+01 9.8678506324e+01 6.6061973249e+01 -2.0638518193e+02 8.9152880102e+02 -1.6653649426e-13 1.4668508638e+02
1.0000000000e+00 0.0000000000e+00 1.3918799115e+04 4.9020208695e+04 1.9157472316e+03 1.7510903897e+04 3.6694205649e+05 3.5849489287e+04 -3.5225629748e+01 2.1736052387e+02 1.2857103028e+01 -1.0622967065e+02 4.7189654849e+02 -1.2859897574e-13 3.0140940467e+02
1.0000000000e+00 0.0000000000e+00 5.3365541461e+03 1.2477594173e+04 3.5529742386e+03 1.2927678331e+04 2.6989325969e+05 2.6147517886e+04 1.3221311107e+00 -1.0905869408e+02 4.7230212651e+01 -8.8417886631e+01 3.7193554130e+02 -9.7386362728e-14 -1.4937014724e+02
1.0000000000e+00 0.0000000000e+00 1.0548955093e+04 9.0248237251e+03 1.0761051029e+04 2.1262518554e+04 4.1617598085e+05 4.2691789319e+04 1.4292717515e+00 -7.1527960060e+01 6.1861639447e+01 -1.2033123114e+02 4.6510569609e+02 -1.2657806636e-13 8.6051550790e+01
1.0000000000e+00 0.0000000000e+00 4.2781542529e+04 4.7865707254e+04 1.8137383784e+04 5.5995082015e+04 7.1315970949e+05 8.3473647285e+04 -6.5134859709e+01 2.1571795950e+02 3.8216610711e+01 -1.6913800536e+02 7.3349906518e+02 -1.4587229981e-13 1.3640758754e+02
1.0000000000e+00 0.0000000000e+00 7.0498958030e+04 2.8691981352e+05 3.9585553783e+04 5.4254385479e+04 8.7430099179e+05 1.1459727881e+05 -7.6851833601e+01 5.3253928659e+02 -2.1720285175e+01 -1.5930630654e+02 8.1851883318e+02 -1.8222395204e-13 6.5296637560e+02
1.0000000000e+00 0.0000000000e+00 1.6127866035e+05 7.4641307935e+05 9.0238106962e+04 1.3406305920e+05 1.5265520789e+06 2.3912316011e+05 -1.1733359442e+02 8.5708060419e+02 -4.7380088981e+01 -2.1997994192e+02 1.1521737342e+03 -2.2027565216e-13 1.0756986994e+03
1.0000000000e+00 0.0000000000e+00 8.9449616458e+03 4.8748391759e+04 6.3831399230e+03 1.4868374660e+04 2.9565265290e+05 3.1772063090e+04 4.4229680510e+00 2.0274758716e+02 -5.6725027462e+00 -7.3392947001e+01 3.8064614205e+02 -1.3376572080e-13 4.3643992492e+02
1.0000000000e+00 0.0000000000e+00 1.5671142386e+04 4.6629820077e+04 9.2825483562e+03 1.5084637308e+04 2.6089202268e+05 3.0676949139e+04 -3.7381111083e+01 2.1418119335e+02 -1.1905442463e+00 -8.4760824313e+01 4.1993601326e+02 -1.1616263321e-13 2.4187328827e+02
1.0000000000e+00 0.0000000000e+00 6.7161529218e+03 9.1700209265e+03 5.0929536529e+03 5.8714802833e+03 2.2236549202e+05 2.0260352567e+04 -1.8571337415e+01 9.2913697271e+01 9.1106232883e+00 -6.3777051211e+01 3.0203670886e+02 -1.1935123831e-13 1.8522443864e+02
1.0000000000e+00 0.0000000000e+00 5.3014242852e+04 1.6495176288e+05 3.2845956284e+04 4.2980937229e+04 6.6219107625e+05 8.6293851409e+04 -6.7678336915e+01 4.0587234716e+02 -1.0160132226e+01 -1.3899356442e+02 7.0103315759e+02 -1.5939606530e-13 4.6664588264e+02
1.0000000000e+00 0.0000000000e+00 2.0178516708e+04 1.6097460791e+03 7.2454384975e+03 3.4208142359e+04 3.9414980586e+05 4.5181751011e+04 -3.8397343932e+01 2.3308348746e+01 5.8408733254e+01 -1.3852619362e+02 5.3980469842e+02 -1.1794524909e-13 6.7246795257e+01
1.0000000000e+00 0.0000000000e+00 6.3596589117e+04 2.5051533764e+05 3.5136338315e+04 5.1542221170e+04 8.3862124647e+05 1.0725208843e+05 -7.3725580676e+01 4.9755961125e+02 -1.6806669152e+01 -1.5988783115e+02 8.1666455950e+02 -1.7483571230e-13 6.8027951448e+02
1.0000000000e+00 0.0000000000e+00 1.1063211094e+04 3.8705727394e+04 3.1250408762e+03 1.1662337378e+04 2.8816837294e+05 2.7917608796e+04 -3.2218183037e+01 1.9330250135e+02 6.6854864546e+00 -8.3817540614e+01 3.7847179855e+02 -1.3652818505e-13 3.4294542796e+02
1.0000000000e+00 0.0000000000e+00 1.4170019042e+04 5.0317398734e+03 6.2195962720e+03 2.6278752940e+04 6.4615307476e+05 5.8272914926e+04 -3.0195893706e+01 3.4359982474e+01 4.4391699389e+01 -1.4090612844e+02 6.3751497870e+02 -1.2972754463e-13 -1.5206811138e+02
1.0000000000e+00 0.0000000000e+00 1.6929605519e+04 1.0638031325e+05 1.2743399036e+04 8.1975896022e+03 3.5861500266e+05 3.8583439109e+04 -2.5934183284e+01 3.2556884825e+02 -3.0060016080e+01 -7.8673800193e+01 4.8211567196e+02 -1.3045673602e-13 3.1925561818e+02
1.0000000000e+00 0.0000000000e+00 1.0109095474e+04 1.1001972519e+04 8.4873317645e+03 1.0696608818e+04 3.0314355729e+05 2.9429191269e+04 -2.5639567596e+01 9.5110709874e+01 1.2652724787e+01 -8.7783366448e+01 4.3911196253e+02 -1.0968373863e-13 -2.6777424163e+01
1.0000000000e+00 0.0000000000e+00 3.4845821804e+04 3.1613436208e+05 1.5078676122e+04 1.8379348020e+04 6.5554687320e+05 7.4542618783e+04 -2.7297970815e+01 5.3834763488e+02 -4.8154526947e+01 -1.0903575888e+02 6.4570383976e+02 -1.7969090355e-13 8.6816364320e+02
1.0000000000e+00 0.0000000000e+00 3.8422723945e+04 2.2244737506e+04 1.8116147533e+04 5.7082821680e+04 7.5984124295e+05 8.5828612641e+04 -5.8583967875e+01 1.4650857921e+02 4.9036654059e+01 -1.7586719456e+02 7.6029663339e+02 -1.5041034646e-13 2.3629727645e+02
1.0000000000e+00 0.0000000000e+00 6.9380615698e+03 4.9444604965e+04 5.1315465196e+03 1.3407892098e+04 4.4222598894e+05 4.0465019133e+04 -4.0086353852e+00 2.1608647245e+02 -2.5426742034e+01 -7.1936161421e+01 4.8765124185e+02 -1.3995926090e-13 2.9080577462e+02
1.0000000000e+00 0.0000000000e+00 3.3643476959e+04 5.6456612432e+04 1.9593345550e+04 3.6790220501e+04 5.4688501782e+05 6.4658608266e+04 -5.5170200128e+01 2.3711535568e+02 1.6707732666e+01 -1.3284139273e+02 6.1159598178e+02 -1.4462625171e-13 1.7461780682e+02
1.0000000000e+00 0.0000000000e+00 8.2509330515e+03 1.0947062658e+04 2.6289095128e+03 1.2381711175e+04 2.6524045886e+05 2.5113626342e+04 -2.5047547338e+01 1.0444920100e+02 2.3550345693e+01 -9.2174103155e+01 3.9191610936e+02 -1.1776006482e-13 1.4250615285e+02
1.0000000000e+00 0.0000000000e+00 9.3438434354e+04 5.3208083537e+05 4.7741879065e+04 6.6562672276e+04 1.1540012876e+06 1.5462006824e+05 -8.3799558323e+01 7.2078949063e+02 -4.5471368727e+01 -1.8104938384e+02 9.7845878444e+02 -2.0203197770e-13 1.0191964597e+03
1.0000000000e+00 0.0000000000e+00 4.2996091641e+04 1.4091425307e+05 2.2710666014e+04 4.6040802345e+04 6.1534659616e+05 7.8968379376e+04 -6.2544717064e+01 3.7493068564e+02 -2.1685533601e+00 -1.4415372698e+02 7.0726328371e+02 -1.4636979603e-13 4.2034685594e+02
1.0000000000e+00 0.0000000000e+00 1.8493619489e+03 7.1407581574e+03 8.9914245553e+02 6.0413692449e+03 2.1064252932e+05 1.7640411768e+04 -3.8110754635e+00 7.4789116642e+01 4.4944830645e-01 -5.3325162358e+01 3.0061218098e+02 -1.0326120253e-13 -6.2276132415e+01
1.0000000000e+00 0.0000000000e+00 4.1973608164e+04 1.0527114243e+05 1.9167361993e+04 5.3494848861e+04 9.4923030081e+05 1.0150505936e+05 -6.0833303047e+01 3.2427326277e+02 1.7260590714e+01 -1.8098267623e+02 8.6759666042e+02 -1.5992539926e-13 3.2704811083e+02
1.0000000000e+00 0.0000000000e+00 3.2635193306e+04 3.2969651265e+04 2.3579130939e+04 3.6090341443e+04 4.9218608709e+05 6.1219373408e+04 -2.1869094520e+01 -1.7924138329e+02 1.0777225180e+02 -1.6514181683e+02 5.5133922682e+02 -1.2161493858e-13 -5.4763776442e+01
1.0000000000e+00 0.0000000000e+00 5.7142991441e+03 2.2607833313e+04 5.5911170627e+03 4.8022901923e+03 2.9410453472e+05 2.5481566060e+04 -1.3759627589e+01 1.4692747026e+02 -8.8942328509e+00 -6.3627930692e+01 3.7670302800e+02 -1.2215664104e-13 2.3484790571e+02
1.0000000000e+00 0.0000000000e+00 6.0334831705e+03 7.2642882637e+03 3.9289002913e+03 9.2136245754e+03 2.0897453337e+05 2.0274858955e+04 -6.1959378931e+00 -8.4158545883e+01 4.5323995070e+01 -7.8609925297e+01 2.9989947723e+02 -9.8272370537e-14 -5.7620090614e+01
1.0000000000e+00 0.0000000000e+00 4.2957007951e+04 1.3778968969e+05 2.4713330094e+04 3.9968221007e+04 9.1108572339e+05 9.6822489769e+04 -5.8359347532e+01 3.6704332934e+02 1.2821003841e+00 -1.5871646488e+02 7.8885327582e+02 -1.7106949902e-13 3.5671252522e+02
1.0000000000e+00 0.0000000000e+00 2.0677278683e+04 6.5440030759e+04 1.9002961390e+04 1.3470568278e+04 4.0673023903e+05 4.4877012556e+04 -3.6628196704e+01 2.5405963233e+02 -1.6924090542e+01 -8.6793642743e+01 5.0511104830e+02 -1.3973445300e-13 3.4573715763e+02
1.0000000000e+00 0.0000000000e+00 1.4977571542e+04 1.0919692533e+02 4.5920531560e+03 3.6024883499e+04 6.4442995330e+05 6.1618921956e+04 -2.4672497050e+01 8.3619385648e+00 6.1685808156e+01 -1.5966204771e+02 6.7189020556e+02 -1.3279118204e-13 5.1293357505e+01
1.0000000000e+00 0.0000000000e+00 4.7596840354e+04 9.3049536306e+04 4.8244689695e+04 2.8523679331e+04 5.4883885178e+05 7.5213511851e+04 -5.7727627304e+01 3.0397665783e+02 -1.6751576696e+01 -1.1467101388e+02 6.5470801412e+02 -1.4029451884e-13 3.4092195950e+02
1.0000000000e+00 0.0000000000e+00 9.3014917886e+03 1.9251293115e+03 2.7234966555e+03 2.5543761391e+04 4.4361422839e+05 4.2657078596e+04 -1.5063491859e+01 2.6176727911e+01 4.6493725937e+01 -1.2663352043e+02 5.3410742170e+02 -1.1452105466e-13 -4.9881197036e+01
1.0000000000e+00 0.0000000000e+00 7.1515192639e+03 1.0665609950e+04 1.2414577695e+03 2.5953989253e+04 4.6181721349e+05 4.3860426075e+04 -1.0289030886e+01 9.7518995276e+01 2.6844856158e+01 -1.2076130650e+02 5.6808878207e+02 -1.2210024529e-13 1.6947350017e+02
1.0000000000e+00 0.0000000000e+00 2.0134605335e+04 1.2675125886e+05 1.0465710552e+04 1.6270592514e+04 5.1440782477e+05 5.2738392656e+04 -2.8669989368e+01 3.5325246262e+02 -1.9761743336e+01 -1.0763209506e+02 5.9043442113e+02 -1.4577004699e-13 4.6615121463e+02
1.0000000000e+00 0.0000000000e+00 1.7279433922e+05 6.5956466268e+05 1.1267728182e+05 1.3273477190e+05 1.3426627752e+06 2.3153084182e+05 -1.2376287076e+02 8.0866419767e+02 -4.7341259216e+01 -2.0314676824e+02 1.0743681591e+03 -2.0987964230e-13 1.0010034630e+03
1.0000000000e+00 0.0000000000e+00 1.2934340973e+05 5.1548965525e+05 1.0182191182e+05 1.1914417363e+05 1.0877184855e+06 1.9643069370e+05 -5.9927635333e+00 -6.9989554914e+02 2.3015726664e+02 -2.7691425764e+02 9.0134286433e+02 -9.8553790786e-14 -1.0355332320e+03
1.0000000000e+00 0.0000000000e+00 1.4204933362e+04 2.5145493204e+04 1.2811443431e+04 9.6729912080e+03 2.9676542428e+05 3.1101103991e+04 -3.2552187041e+01 1.5071810229e+02 1.8096472539e-01 -7.8014107728e+01 4.1246719194e+02 -1.1050141137e-13 -1.1152358608e+01
1.0000000000e+00 0.0000000000e+00 1.2071742475e+04 2.7555022683e+04 5.6462215080e+03 1.5587508724e+04 3.4896692825e+05 3.4316988714e+04 -3.2406167944e+01 1.6516115888e+02 9.9469671475e+00 -1.0077663522e+02 4.9228242494e+02 -1.1401473820e-13 8.9946772618e+01
1.0000000000e+00 0.0000000000e+00 6.3366264235e+04 4.2262290738e+05 3.8336834946e+04 3.1410807797e+04 7.4358690367e+05 1.0165120182e+05 -6.0491520140e+01 6.4502594130e+02 -5.8372523160e+01 -1.2932698360e+02 7.6914499243e+02 -1.7273900115e-13 7.8240650013e+02
1.0000000000e+00 0.0000000000e+00 2.1100384065e+05 8.6509132680e+05 1.3004663557e+05 1.6463587925e+05 2.1235685187e+06 3.1613486480e+05 -1.3330931920e+02 9.2322410445e+02 -4.6929045636e+01 -2.5703260181e+02 1.3497354631e+03 -2.4454466704e-13 1.1796089862e+03
1.0000000000e+00 0.0000000000e+00 1.9968885915e+03 7.1528851807e+03 6.8351229205e+02 5.1436439958e+03 2.3094691871e+05 1.8507785055e+04 -9.2223286071e+00 7.4401047375e+01 7.8348768192e+00 -6.3708116649e+01 3.2336661090e+02 -1.0666312236e-13 -5.8263942068e+00
1.0000000000e+00 0.0000000000e+00 4.8244506272e+03 1.8192437144e+03 3.7280211660e+03 1.1080595351e+04 2.2548553577e+05 2.1873622940e+04 -2.5718399256e+00 -4.2009682157e+01 3.7064874229e+01 -8.2115725133e+01 3.4540171421e+02 -9.4232747683e-14 -7.4473781053e+01
1.0000000000e+00 0.0000000000e+00 5.2404177850e+03 9.1071880084e+03 3.6365206438e+03 6.0890731609e+03 1.6763458764e+05 1.6046611663e+04 -2.0428080756e+01 9.1061085889e+01 6.3798969214e+00 -5.8861961705e+01 2.8785738112e+02 -1.0193630679e-13 6.3770044444e+01
1.0000000000e+00 0.0000000000e+00 5.9996381114e+04 2.0747092542e+05 4.5434369589e+04 4.0622060527e+04 9.1956895526e+05 1.1006851598e+05 -6.7525723897e+01 4.5141326472e+02 -2.2632583808e+01 -1.5204575526e+02 8.3522480389e+02 -1.7470936619e-13 5.0901448260e+02
1.0000000000e+00 0.0000000000e+00 2.4598575094e+04 5.8414475723e+04 1.5788741352e+04 2.0566289863e+04 3.3860535604e+05 4.1770360450e+04 -4.6015191825e+01 2.3390388325e+02 1.8785873800e+00 -9.6883664703e+01 4.6725973185e+02 -1.3307377363e-13 3.2719589590e+02
1.0000000000e+00 0.0000000000e+00 4.3325717143e+04 7.5122313935e+04 3.0891837554e+04 3.8346234847e+04 6.0325561710e+05 7.4947713112e+04 -6.2827209965e+01 2.6658995258e+02 8.1404983427e+00 -1.3526255238e+02 6.6110340219e+02 -1.5324933231e-13 4.0438525633e+02
1.0000000000e+00 0.0000000000e+00 3.4199612832e+03 1.2791287115e+04 1.9489126475e+03 5.1468384913e+03 3.1319306487e+05 2.4865509096e+04 -1.1162550257e+01 1.1295608278e+02 5.7153278454e-01 -6.4250807685e+01 3.4520917430e+02 -1.2399883714e-13 1.0960844839e+02
1.0000000000e+00 0.0000000000e+00 1.9542766346e+05 5.3768157530e+05 1.1139104520e+05 1.9496586410e+05 1.7973837151e+06 2.8367079588e+05 -1.3772705886e+02 7.2978410132e+02 -4.2152977607e+00 -2.6370631950e+02 1.2631209691e+03 -2.1533952745e-13 9.1934128764e+02
1.0000000000e+00 0.0000000000e+00 3.7027654227e+04 2.0765983149e+05 1.8751775327e+04 2.9059818996e+04 6.6168870083e+05 7.6002222676e+04 -5.1207088693e+01 4.5324484810e+02 -2.4891431792e+01 -1.3146739030e+02 7.1000762589e+02 -1.5757498840e-13 5.1324729689e+02
1.0000000000e+00 0.0000000000e+00 4.3047204172e+04 1.2588754433e+05 2.2105628832e+04 4.5171369900e+04 9.8824005680e+05 1.0265167441e+05 -6.0174160972e+01 3.5330725272e+02 7.9476469332e+00 -1.7373340479e+02 8.5719368479e+02 -1.6475677465e-13 3.2304979388e+02
1.0000000000e+00 0.0000000000e+00 3.0902482872e+04 5.6297514950e+04 1.4565247593e+04 5.4126807062e+04 7.1198053225e+05 8.1426776895e+04 -2.7940340826e+01 -1.8692469935e+02 1.0334794805e+02 -1.8722803964e+02 7.3383196734e+02 -1.1736697680e-13 -3.9188695514e+02
1.0000000000e+00 0.0000000000e+00 1.2713627237e+04 1.1314787781e+05 4.6179077710e+03 8.2583617082e+03 3.9965847757e+05 3.8203514522e+04 -2.1150376187e+01 3.3140827089e+02 -2.4490393771e+01 -8.3577056970e+01 4.7508774938e+02 -1.4346542562e-13 4.7950756358e+02
1.0000000000e+00 0.0000000000e+00 1.5775275331e+05 5.9851990562e+05 1.0360026361e+05 1.1643354946e+05 1.0987624686e+06 2.0082209487e+05 -1.1508942002e+02 7.7142809383e+02 -4.7700230738e+01 -1.7998285153e+02 9.4832733235e+02 -1.9560328227e-13 7.6698898136e+02
1.0000000000e+00 0.0000000000e+00 5.4176861729e+03 9.6690447853e+02 3.3317915201e+03 7.2172697368e+03 2.6872837194e+05 2.2822210354e+04 -1.5060206941e+01 -2.5956333472e+01 3.5353215994e+01 -7.9053488047e+01 3.2397705861e+02 -1.1270295422e-13 -1.1878108128e+01
1.0000000000e+00 0.0000000000e+00 8.3833956173e+04 3.4408366397e+05 5.4456961105e+04 6.1522550584e+04 8.4804431592e+05 1.2535665548e+05 -8.2596246764e+01 5.8512321437e+02 -3.3759634530e+01 -1.5595918006e+02 8.3450224155e+02 -1.7210138753e-13 6.7544965341e+02
1.0000000000e+00 0.0000000000e+00 1.1306351906e+04 8.9607358269e+03 5.6986376285e+03 1.4684467372e+04 3.2879745664e+05 3.1654758421e+04 -3.0178856121e+01 9.3986723287e+01 2.6144353654e+01 -1.0137519062e+02 4.4484450595e+02 -1.1970252167e-13 6.2470632551e+01
1.0000000000e+00 0.0000000000e+00 5.6081510914e+04 5.8695592306e+04 3.3422988206e+04 7.2081966014e+04 8.9034891527e+05 1.0979071379e+05 -4.2319290653e+01 -2.2769199444e+02 1.3651565326e+02 -2.2775891259e+02 8.2372452472e+02 -1.2947164105e-13 -2.9850877580e+02
1.0000000000e+00 0.0000000000e+00 5.8190732060e+04 1.8371629280e+05 3.1530590213e+04 5.4395675617e+04 6.4203876514e+05 9.0461255807e+04 -7.5528820212e+01 4.2509005607e+02 -7.4383525365e+00 -1.4434703058e+02 7.0544434114e+02 -1.6685405560e-13 6.1047264357e+02
1.0000000000e+00 0.0000000000e+00 4.2286799330e+04 3.5360011982e+03 1.9971245251e+04 7.2000766283e+04 1.0169136536e+06 1.0973899444e+05 -4.9860925584e+01 -2.8853639760e+01 9.6156511461e+01 -2.1991379223e+02 8.8340172907e+02 -1.4254876712e-13 -1.9623340906e+02
1.0000000000e+00 0.0000000000e+00 2.7300078366e+05 1.3546839721e+06 1.7200430016e+05 1.7763343953e+05 1.7129170526e+06 3.3670030713e+05 -1.4825693151e+02 1.1541307133e+03 -9.4234417630e+01 -2.1810534927e+02 1.2213815743e+03 -2.4834582254e-13 1.4231816346e+03
1.0000000000e+00 0.0000000000e+00 5.6641747437e+04 3.3474692182e+05 2.4414293923e+04 4.2739237923e+04 8.3590199032e+05 1.0263361541e+05 -6.5807221119e+01 5.7268376216e+02 -3.0994265039e+01 -1.5209020093e+02 7.9991692451e+02 -1.7707970712e-13 6.8971676049e+02
1.0000000000e+00 0.0000000000e+00 3.0077775741e+05 1.3260140505e+06 1.9592228409e+05 2.0691867725e+05 1.7818866450e+06 3.6347380274e+05 -1.5855461882e+02 1.1440110748e+03 -8.7052170711e+01 -2.2703540532e+02 1.2428284027e+03 -2.5131954508e-13 1.3894340791e+03
1.0000000000e+00 0.0000000000e+00 4.0695603570e+04 1.9859379709e+04 1.7021630069e+04 6.5910790887e+04 7.5041504371e+05 8.8596635067e+04 -4.4013290384e+01 -1.1957291664e+02 1.0832683787e+02 -2.0263216861e+02 7.5594253596e+02 -1.3103866918e-13 -1.6120990249e+02
1.0000000000e+00 0.0000000000e+00 3.6106560231e+04 1.0653823817e+05 2.6921352181e+04 2.5491352530e+04 4.6970822318e+05 5.9995193518e+04 -5.3994062936e+01 3.2562656004e+02 -1.3693044002e+01 -1.0518775776e+02 5.5542518093e+02 -1.4347790368e-13 2.7147870393e+02
1.0000000000e+00 0.0000000000e+00 1.1731600557e+05 2.0206717104e+05 7.3154243069e+04 1.2545406965e+05 1.8365368353e+06 2.2178532592e+05 -1.0424157676e+02 4.4576922917e+02 2.5738432840e+01 -2.5423573672e+02 1.2163725548e+03 -2.0671532256e-13 3.7262404393e+02
1.0000000000e+00 0.0000000000e+00 6.0798176879e+03 2.3790378985e+04 1.1585380155e+03 1.3297776028e+04 4.4288897885e+05 3.7477950932e+04 -1.7995524888e+01 1.5334546431e+02 1.1333860272e+01 -1.0273802552e+02 5.0527068559e+02 -1.2901212014e-13 1.0547898787e+02
1.0000000000e+00 0.0000000000e+00 4.4057523783e+04 1.0147467315e+05 2.7701014283e+04 4.2654484587e+04 8.7614364268e+05 9.5178355703e+04 -6.2244880651e+01 3.1836623048e+02 7.5956140120e+00 -1.6072744496e+02 7.9771181797e+02 -1.6566798673e-13 3.5047557612e+02
1.0000000000e+00 0.0000000000e+00 9.5348828708e+03 7.8333183067e+03 5.5372961531e+03 1.1489946198e+04 2.6920227567e+05 2.6076573589e+04 -2.9137158341e+01 8.7787472490e+01 1.7940705352e+01 -8.4303934668e+01 3.8721429470e+02 -1.2136998515e-13 1.3045881243e+02
1.0000000000e+00 0.0000000000e+00 5.9533185717e+04 9.6727595692e+04 3.5949817229e+04 7.3980787988e+04 8.6124467948e+05 1.1166258538e+05 -3.6491302532e+01 -3.0509337900e+02 1.4716909699e+02 -2.2687525777e+02 8.0643454435e+02 -1.2228695875e-13 -3.9401065352e+02
1.0000000000e+00 0.0000000000e+00 2.1983791323e+04 9.3816726390e+03 1.0438473565e+04 3.7408105783e+04 5.2577572367e+05 5.7242788426e+04 -3.1393162992e+01 -9.3623144631e+01 7.8988565234e+01 -1.5823017393e+02 6.2637954854e+02 -1.1516274008e-13 -1.3956950098e+02
1.0000000000e+00 0.0000000000e+00 2.0723697329e+04 4.2657723414e+03 1.5978182729e+04 2.4315545168e+04 4.6198712481e+05 4.9167143738e+04 -4.0554855508e+01 4.5626582386e+01 3.4704595702e+01 -1.1915178701e+02 5.4506164955e+02 -1.3451066569e-13 8.0476109139e+01
1.0000000000e+00 0.0000000000e+00 4.1945448932e+04 6.6870970562e+04 1.7401965660e+04 5.7380753637e+04 6.7925777738e+05 8.2443194657e+04 -6.4671015867e+01 2.5817749931e+02 3.0556941822e+01 -1.6498538308e+02 7.2344346460e+02 -1.4637385444e-13 2.4920543615e+02
1.0000000000e+00 0.0000000000e+00 9.2953008882e+03 3.6817727050e+02 5.7334939547e+03 1.1921467152e+04 3.3324028635e+05 3.0294133524e+04 -2.5860703501e+01 1.6292901760e+01 3.3598120993e+01 -9.8639441230e+01 4.3582565487e+02 -1.2062807160e-13 4.5690397374e+01
1.0000000000e+00 0.0000000000e+00 4.1143742111e+03 1.2125574468e+04 1.0060943235e+03 7.2783057710e+03 2.6339733143e+05 2.2040714280e+04 -1.5426031225e+01 1.0862952725e+02 1.4804240032e+01 -8.1408085999e+01 3.7251796426e+02 -1.2302198604e-13 2.2813761164e+02
1.0000000000e+00 0.0000000000e+00 1.3095284695e+04 7.4349182318e+03 7.5909078560e+03 2.0444525448e+04 4.7882693675e+05 4.5090527285e+04 -2.3693789385e+01 -7.4584406178e+01 5.8525208985e+01 -1.2913015425e+02 5.4789272850e+02 -1.1910662538e-13 -1.6978103402e+02
1.0000000000e+00 0.0000000000e+00 4.2950666895e+04 1.3119148328e+05 2.0970287213e+04 4.4061860470e+04 6.2529218612e+05 7.7511215438e+04 -6.4031656988e+01 3.5699575224e+02 2.1783599396e+00 -1.4257714213e+02 6.8199523334e+02 -1.5950621996e-13 4.9772483526e+02
1.0000000000e+00 0.0000000000e+00 1.2454107198e+04 1.7331704589e+04 9.0994992734e+03 1.0412461232e+04 3.0862390276e+05 3.0246350386e+04 -3.3162571331e+01 1.2991125977e+02 7.0693666843e+00 -8.0213370480e+01 3.9840732642e+02 -1.2045704829e-13 9.2156313133e+00
1.0000000000e+00 0.0000000000e+00 8.8763643177e+03 3.1561002569e+04 6.8419473974e+03 5.8013484652e+03 2.1772629529e+05 2.1778299460e+04 -2.4653124479e+01 1.7580662514e+02 -8.3077812302e+00 -6.0562688572e+01 3.3109510502e+02 -1.0968069608e-13 1.2555043592e+02
1.0000000000e+00 0.0000000000e+00 1.4764757021e+04 1.9634833817e+03 7.0772471756e+03 2.0663900568e+04 3.8794182392e+05 3.8584716022e+04 -3.1480051327e+01 -2.3935843483e+01 5.4516292027e+01 -1.2022231289e+02 4.7644598819e+02 -1.1455426139e-13 -1.3568734283e+02
1.0000000000e+00 0.0000000000e+00 4.1263139824e+03 5.9974717329e+03 4.8142460289e+03 4.1659041620e+03 2.5034368496e+05 2.1093821994e+04 -1.1854419440e+01 2.1621507342e+01 8.8858404273e+00 -6.1107709889e+01 3.3796958210e+02 -1.0143478430e-13 -1.7558820584e+02
1.0000000000e+00 0.0000000000e+00 1.7867616031e+05 8.6985574928e+05 1.3060338011e+05 9.1178077417e+04 1.3142699501e+06 2.2896107204e+05 -1.1293878913e+02 9.2609710507e+02 -8.5960263976e+01 -1.7337531899e+02 1.0353592321e+03 -2.2573597763e-13 1.1526240714e+03
1.0000000000e+00 0.0000000000e+00 1.9178335179e+03 5.5878474594e+03 1.2961902089e+03 7.0735652927e+03 2.2828826689e+05 1.9388334740e+04 7.5973275329e-01 -2.2033028620e+01 1.4595612942e+01 -5.5669180886e+01 2.9692062246e+02 -1.0028759046e-13 -1.5829424293e+02
1.0000000000e+00 0.0000000000e+00 3.2809393922e+04 2.3226733999e+04 1.7443007110e+04 4.8368875035e+04 7.2180048826e+05 7.9088103968e+04 -3.8462760668e+01 -1.2823339485e+02 9.3949193068e+01 -1.8048584908e+02 7.0557400615e+02 -1.2699978434e-13 -3.6000926327e+02
1.0000000000e+00 0.0000000000e+00 3.5544520316e+04 8.1999554688e+04 1.1271280224e+04 4.9371636888e+04 6.2566213591e+05 7.3322377040e+04 -5.8576158600e+01 2.8529919243e+02 2.3431643992e+01 -1.5883397525e+02 7.0780673459e+02 -1.3523518703e-13 1.8447029538e+02
1.0000000000e+00 0.0000000000e+00 1.3519374700e+04 7.3507532592e+04 4.2176829864e+03 3.3152105709e+04 6.8302498420e+05 6.6385556776e+04 -1.1731944596e+01 2.6834105122e+02 -3.0915850460e-01 -1.3083851804e+02 6.8422892764e+02 -1.4863656332e-13 3.7295815798e+02
1.0000000000e+00 0.0000000000e+00 6.5705151857e+04 1.3632964414e+05 3.7146959617e+04 7.4157067811e+04 7.6890436675e+05 1.0800678448e+05 -8.0262062478e+01 3.6666822423e+02 1.3579330976e+01 -1.7274511016e+02 8.0462694181e+02 -1.6064432188e-13 5.1463758581e+02
1.0000000000e+00 0.0000000000e+00 3.7453275036e+04 8.4850121701e+03 1.9461096267e+04 4.9613056462e+04 6.5585171768e+05 7.5355681536e+04 -5.8135542893e+01 8.6599308501e+01 5.5051830287e+01 -1.6862989433e+02 7.1715315166e+02 -1.3588644572e-13 8.4008098252e+01
1.0000000000e+00 0.0000000000e+00 4.5429314824e+04 1.5049277424e+05 2.2872207990e+04 4.7887836946e+04 5.1632947984e+05 7.3687233838e+04 -6.5080688145e+01 3.7786390703e+02 -2.2243650266e+00 -1.3400685492e+02 6.3724647595e+02 -1.5096872707e-13 5.3652989956e+02
1.0000000000e+00 0.0000000000e+00 1.1264898384e+04 1.4783062184e+04 7.7029298928e+03 2.6479376972e+04 4.3815275403e+05 4.5495477233e+04 -3.8726687148e+00 -1.1834011888e+02 6.6234627454e+01 -1.2805877746e+02 5.2346211128e+02 -1.1587366684e-13 -1.5474082309e+02
1.0000000000e+00 0.0000000000e+00 6.1448000735e+03 1.3314657039e+03 2.9080547603e+03 9.0976438755e+03 2.0407125384e+05 1.9159042569e+04 -1.9807748840e+01 -2.8051417824e+01 3.6109724954e+01 -7.9304788258e+01 3.2235888222e+02 -9.8359116550e-14 -3.2304453190e+01
1.0000000000e+00 0.0000000000e+00 3.4740108767e+05 1.6333349504e+06 2.2224265980e+05 2.4710686400e+05 2.6833513470e+06 4.6882846050e+05 -1.6859246350e+02 1.2668733101e+03 -9.1712839664e+01 -2.8222931153e+02 1.5533966321e+03 -2.7729803181e-13 1.6359917331e+03
1.0000000000e+00 0.0000000000e+00 5.9977179724e+04 4.0071785377e+04 3.2107622297e+04 7.8400158567e+04 9.0727616321e+05 1.1229782656e+05 -7.7398911052e+01 1.9723636967e+02 4.5106989076e+01 -1.9020428782e+02 8.4455846250e+02 -1.6052915351e-13 3.1534667186e+02
1.0000000000e+00 0.0000000000e+00 2.2917480131e+04 1.4634462685e+05 1.0422292708e+04 1.5754387391e+04 4.2988380875e+05 4.7770527547e+04 -3.9330217087e+01 3.6609462698e+02 -2.1802673034e+01 -9.9810472468e+01 5.4148493711e+02 -1.5222137595e-13 6.5698201093e+02
1.0000000000e+00 0.0000000000e+00 6.1069358632e+04 2.1586661964e+05 4.2087545072e+04 4.8662809971e+04 9.0352455859e+05 1.1159785722e+05 -7.0949278421e+01 4.6191599823e+02 -1.9754345999e+01 -1.5939993114e+02 8.5849408728e+02 -1.6913796672e-13 5.4818490557e+02
1.0000000000e+00 0.0000000000e+00 1.0790261268e+05 5.0128180488e+05 4.9307739715e+04 1.0044206475e+05 1.4669542699e+06 1.9014019415e+05 -9.4865514185e+01 7.0001679287e+02 -2.1256375337e+01 -2.2100077554e+02 1.1071290918e+03 -2.0996097303e-13 9.4780438035e+02
1.0000000000e+00 0.0000000000e+00 1.4606456372e+03 1.7889038418e+03 7.2059482332e+02 1.9164670984e+03 1.0125804599e+05 8.0763075717e+03 -1.0669855179e+01 3.2471930080e+01 7.4915273683e+00 -3.5373839172e+01 1.6591740955e+02 -9.3140530857e-14 1.1771347345e+02
1.0000000000e+00 0.0000000000e+00 1.8868695456e+04 1.0081801360e+05 1.3022307368e+04 9.7065586194e+03 2.6934800430e+05 3.3106764034e+04 -3.3581789544e+01 3.1566128797e+02 -2.4342753541e+01 -7.3349858610e+01 4.1696691784e+02 -1.1587063723e-13 2.4341577758e+02
1.0000000000e+00 0.0000000000e+00 2.5117280263e+04 3.2418288388e+03 1.6714689811e+04 4.3973536290e+04 7.1223259405e+05 7.5154412859e+04 -2.2262698994e+01 -1.9908242897e+01 8.3561488085e+01 -1.7983686228e+02 6.8811132407e+02 -1.4163895253e-13 1.0599193169e+02
1.0000000000e+00 0.0000000000e+00 1.5876362392e+04 1.1650979564e+04 5.0193230506e+03 3.0412870797e+04 7.6773765586e+05 6.8130071046e+04 -3.2584244677e+01 9.0627462988e+01 4.1291944758e+01 -1.5484378910e+02 7.0969767015e+02 -1.3833283765e-13 -1.0237702461e+02
1.0000000000e+00 0.0000000000e+00 1.5589229339e+04 1.0163587556e+05 6.4966868711e+03 1.1155588846e+04 3.3686744025e+05 3.5530686088e+04 -3.2339631176e+01 3.1717877626e+02 -1.8164146602e+01 -8.5153848755e+01 4.5560815376e+02 -1.3188125342e-13 3.5389851023e+02
1.0000000000e+00 0.0000000000e+00 5.2349287846e+04 3.6915369760e+04 2.0181625629e+04 8.0871487003e+04 1.0700660365e+06 1.1906722982e+05 -6.6297023728e+01 1.8681266697e+02 6.6121900955e+01 -2.2227392798e+02 9.3313817726e+02 -1.6623988836e-13 3.3755479221e+02
1.0000000000e+00 0.0000000000e+00 2.2235955271e+04 3.3136461906e+03 1.6997485468e+04 2.6349379045e+04 6.2356640778e+05 6.1346868655e+04 -3.9915475089e+01 1.7906164484e+01 4.3471247029e+01 -1.4030855546e+02 6.5149934178e+02 -1.3025105287e-13 -7.0399280190e+01
1.0000000000e+00 0.0000000000e+00 1.3473750984e+05 5.7498390827e+05 7.8678542303e+04 1.0401737503e+05 1.2562154977e+06 1.9389018190e+05 -1.0734456801e+02 7.5312690836e+02 -4.0238348778e+01 -1.9596348237e+02 1.0214004764e+03 -2.0247427844e-13 9.0062053616e+02
1.0000000000e+00 0.0000000000e+00 1.6262985754e+04 3.6491581629e+04 1.5371117645e+03 2.9296072470e+04 5.5357627211e+05 5.2948450434e+04 -3.3487250129e+01 1.7126738744e+02 3.0326492466e+01 -1.3906234602e+02 6.1456652599e+02 -1.4379841782e-13 4.0373765611e+02
1.0000000000e+00 0.0000000000e+00 1.3949157399e+04 1.3666502677e+04 9.4032365468e+03 1.7385890265e+04 3.7576376865e+05 3.7865032329e+04 -3.2760290874e+01 7.2775083487e+01 2.5504092169e+01 -1.0557020362e+02 4.9275297415e+02 -1.1255946165e-13 -1.1750430637e+02
1.0000000000e+00 0.0000000000e+00 3.6379181313e+04 2.5985591745e+05 1.1656741512e+04 3.5535175742e+04 6.9677575419e+05 8.0813892805e+04 -4.6539611452e+01 4.9977097620e+02 -2.5737731793e+01 -1.4080853091e+02 7.4401021894e+02 -1.5566334102e-13 6.5605886951e+02
1.0000000000e+00 0.0000000000e+00 2.0766192424e+04 1.1234589068e+05 1.1613757454e+04 1.3882833689e+04 3.8027968001e+05 4.2419527745e+04 -3.7504164068e+01 3.2929430874e+02 -1.9699913725e+01 -9.3265557864e+01 5.1107458060e+02 -1.4179643931e-13 4.7991898231e+02
1.0000000000e+00 0.0000000000e+00 1.9545778787e+04 9.9405938627e+04 2.5225837177e+03 2.8286957987e+04 6.1728063121e+05 6.0314191058e+04 -3.6643474658e+01 2.9679944016e+02 1.2351749524e+01 -1.4178297299e+02 6.5572868777e+02 -1.5978464054e-13 5.7258634139e+02
1.0000000000e+00 0.0000000000e+00 9.7105792366e+04 4.0126051257e+05 5.6611800609e+04 7.5783030328e+04 1.0426458846e+06 1.4865139972e+05 -9.2151427705e+01 6.2117891094e+02 -2.9892409926e+01 -1.7588037625e+02 9.1712527561e+02 -1.9694094943e-13 9.2196667480e+02
1.0000000000e+00 0.0000000000e+00 1.2600680302e+04 5.0371539709e+03 6.9119416637e+03 1.7272589191e+04 2.8928339015e+05 3.0496294668e+04 -2.9777129928e+01 6.9204201858e+01 3.5129630531e+01 -1.0357986339e+02 4.2030583338e+02 -1.1848124696e-13 1.3002869532e+02
1.0000000000e+00 0.0000000000e+00 1.0792594658e+04 6.6816253724e+03 5.1742647724e+03 3.2420546846e+04 5.6090139368e+05 5.4947136811e+04 -1.1415833967e+01 -6.7866222165e+01 6.3278381797e+01 -1.4550130058e+02 6.2254946536e+02 -1.1806078187e-13 -1.3887851775e+02
1.0000000000e+00 0.0000000000e+00 3.6241519732e+04 2.1364879086e+04 1.8265884969e+04 5.4098993796e+04 9.7550481144e+05 9.9005838766e+04 -5.6116271889e+01 1.4268689269e+02 4.4583159894e+01 -1.8082532300e+02 8.2498457848e+02 -1.7134835404e-13 2.2152756355e+02
1.0000000000e+00 0.0000000000e+00 2.9144381769e+03 1.0586741036e+04 1.7308810823e+03 5.4031590599e+03 2.2759175845e+05 1.9020851137e+04 -6.8167345432e+00 -1.5128978386e+01 1.7125098019e+01 -6.1178898395e+01 3.1267189983e+02 -9.3885143890e-14 -2.0560308540e+02
1.0000000000e+00 0.0000000000e+00 9.3298804243e+04 1.8125664017e+05 6.6208420566e+04 8.3962226860e+04 9.2794335533e+05 1.3788799518e+05 -9.3192113668e+01 4.2547521619e+02 1.6362802973e+00 -1.7681418030e+02 8.6527465234e+02 -1.7463957230e-13 5.0817378690e+02
1.0000000000e+00 0.0000000000e+00 1.3321867272e+04 3.5243976481e+04 5.4257682512e+03 1.5324077560e+04 3.3371343791e+05 3.3457279284e+04 -3.3708534570e+01 1.8529230650e+02 1.1225568629e+01 -9.8757513769e+01 4.5570583969e+02 -1.3548905973e-13 3.0721050118e+02
1.0000000000e+00 0.0000000000e+00 7.0040407938e+04 1.8125069233e+03 3.5657182986e+04 1.0086854747e+05 1.2752133514e+06 1.4684236912e+05 -7.1943840457e+01 1.9788296979e+01 1.0279313348e+02 -2.4891029612e+02 1.0000302396e+03 -1.6314772561e-13 -4.9220223171e+01
1.0000000000e+00 0.0000000000e+00 3.0957937399e+04 2.3389573336e+04 2.3535381863e+04 3.3719443323e+04 8.1363893200e+05 8.1275273785e+04 -5.0097251280e+01 1.5124383865e+02 2.6047166244e+01 -1.5385764833e+02 7.5619019142e+02 -1.5932869035e-13 2.3062737717e+02
1.0000000000e+00 0.0000000000e+00 1.0273096764e+04 4.9438764076e+04 6.9704617884e+03 1.1603581371e+04 4.5719849693e+05 4.1448623755e+04 -2.2007921707e+01 2.1908009753e+02 -1.1893018237e+01 -9.1670011280e+01 5.3137793091e+02 -1.3996433223e-13 3.2175770027e+02
1.0000000000e+00 0.0000000000e+00 1.4147624151e+04 5.2778329148e+04 3.6472456220e+03 1.9588638688e+04 3.9575399247e+05 3.9659230094e+04 -3.2857985223e+01 2.2587804091e+02 1.2051419281e+01 -1.0987593915e+02 4.9530916418e+02 -1.3940543775e-13 2.9846611717e+02
1.0000000000e+00 0.0000000000e+00 8.0753747426e+04 2.4084000445e+05 7.0741590367e+04 5.1388311590e+04 9.4382047248e+05 1.2912837822e+05 -7.7878849739e+01 4.9044426798e+02 -3.0664243913e+01 -1.5342946144e+02 8.6729573271e+02 -1.7303063083e-13 4.9182853303e+02
1.0000000000e+00 0.0000000000e+00 1.1383819820e+04 8.6992945319e+04 1.6444117559e+03 1.8291979829e+04 4.5428707259e+05 4.3839084770e+04 -1.2358399733e+01 2.7132651556e+02 -1.4456536335e+01 -9.0620495337e+01 5.0232317288e+02 -1.5196002923e-13 5.2814017800e+02
1.0000000000e+00 0.0000000000e+00 4.0973135494e+04 8.7741407906e+04 2.4047586065e+04 4.4527658682e+04 5.8315221909e+05 7.4064542879e+04 -6.2258807713e+01 2.9333422439e+02 1.0048105996e+01 -1.4289712837e+02 6.8053258013e+02 -1.5637417878e-13 4.8010575953e+02
1.0000000000e+00 0.0000000000e+00 1.8980092412e+04 1.3869325745e+05 1.0321484184e+04 1.9303244798e+04 4.2412635675e+05 4.8566033778e+04 -8.2053925429e+00 3.5659639225e+02 -3.3287700102e+01 -8.2896524397e+01 5.0837006937e+02 -1.4742454541e-13 6.1405729302e+02
1.0000000000e+00 0.0000000000e+00 1.2171034571e+04 4.9972037582e+03 5.5945800845e+03 2.9042359007e+04 4.4064416754e+05 4.5428984101e+04 -1.2471980643e+01 5.3855779454e+01 4.8494636877e+01 -1.3203781898e+02 5.3725695991e+02 -1.2585855775e-13 1.4764289423e+02
1.0000000000e+00 0.0000000000e+00 1.2834946311e+04 2.6712071902e+03 7.7524978796e+03 1.8980523904e+04 3.1834821848e+05 3.3468786260e+04 -2.7147167221e+01 -4.7993999434e+01 5.0545350163e+01 -1.1187236486e+02 4.6345612033e+02 -1.1168138621e-13 8.9243626315e+00
1.0000000000e+00 0.0000000000e+00 1.8344808311e+04 4.6463068377e+04 9.6877445587e+03 1.9733160223e+04 3.5531984859e+05 3.9296536122e+04 -4.1695493044e+01 2.1409999382e+02 4.6927096204e+00 -9.9500188232e+01 4.8138054495e+02 -1.2678608386e-13 2.5152382410e+02
1.0000000000e+00 0.0000000000e+00 1.7361876026e+04 2.8626695019e+04 9.7072095776e+03 2.9592828920e+04 6.3615346491e+05 6.1769661402e+04 -2.4851738381e+01 -1.1756817768e+02 6.7609579314e+01 -1.5195887817e+02 6.7476132957e+02 -1.0634769024e-13 -3.5614445377e+02
1.0000000000e+00 0.0000000000e+00 5.3309365055e+04 2.2557900973e+05 4.8625380067e+04 2.0364356957e+04 6.6491696362e+05 8.6051964689e+04 -5.4494795085e+01 4.7435188459e+02 -5.0702189636e+01 -1.0496883100e+02 6.8176195483e+02 -1.6801915493e-13 4.8810725476e+02
1.0000000000e+00 0.0000000000e+00 2.8264793338e+04 2.5115767933e+04 7.6389599704e+03 5.1862417300e+04 8.4548656287e+05 8.4853978625e+04 -4.7700036468e+01 1.5828832484e+02 5.1536799549e+01 -1.8541410518e+02 7.9979159310e+02 -1.5495211195e-13 1.8566700156e+02
1.0000000000e+00 0.0000000000e+00 2.0274906079e+04 1.1104344113e+05 4.9635165371e+03 1.7770605904e+04 4.7415866907e+05 4.7560523751e+04 -4.1130152296e+01 3.2805652090e+02 -6.6902359853e+00 -1.0470604891e+02 5.0551645520e+02 -1.4894714717e-13 4.1443071709e+02
1.0000000000e+00 0.0000000000e+00 3.0284798431e+04 1.4155995639e+05 1.3529114313e+04 2.7295026433e+04 5.0620470598e+05 5.9224924356e+04 -5.0653108246e+01 3.7145332390e+02 -1.2891363094e+01 -1.1804818579e+02 6.0303985989e+02 -1.4522864215e-13 4.6240287704e+02
1.0000000000e+00 0.0000000000e+00 2.1102877203e+04 3.5961469924e+03 1.2235026504e+04 3.0431731133e+04 5.5043826714e+05 5.6235224454e+04 -2.9084390559e+01 -5.9324175722e+01 7.7386829055e+01 -1.5583763995e+02 5.9533242848e+02 -1.3436497204e-13 -4.7466004765e+01
1.0000000000e+00 0.0000000000e+00 5.6844215036e+03 3.7245333978e+04 2.0711966728e+03 5.4979343590e+03 2.4675138798e+05 2.1817932694e+04 -1.8343428387e+01 1.8218385393e+02 -6.0514795388e+00 -6.5724966174e+01 3.4664896031e+02 -1.2609071767e-13 3.1169425371e+02
1.0000000000e+00 0.0000000000e+00 2.5387933593e+04 7.6305570777e+03 6.8311946959e+03 4.1208798133e+04 5.4555434064e+05 5.8650026362e+04 -4.5639209416e+01 8.5502608641e+01 5.9139400360e+01 -1.6116334616e+02 6.4156416076e+02 -1.2588891815e-13 8.8096189104e+01
1.0000000000e+00 0.0000000000e+00 3.2796681578e+05 8.5810300645e+05 1.7993597341e+05 3.4846879545e+05 2.9045775328e+06 4.7295225328e+05 -1.8167386919e+02 9.2356794030e+02 1.4618491158e+00 -3.4229080029e+02 1.6125197890e+03 -2.5256107933e-13 1.0056932930e+03
1.0000000000e+00 0.0000000000e+00 1.6157535177e+04 1.2654885880e+04 1.1876805362e+04 2.0716218421e+04 3.3246739804e+05 3.7475127514e+04 -1.7655576414e+01 -1.1123868489e+02 7.2284308205e+01 -1.2257554083e+02 4.4260111669e+02 -1.1172966057e-13 -1.1272935956e+02
1.0000000000e+00 0.0000000000e+00 8.8959579007e+03 5.3596095298e+04 2.8626849284e+03 9.1981423325e+03 3.4025512083e+05 3.0930230987e+04 -2.3616874887e+01 2.2827630586e+02 -7.0150676687e+00 -8.6029759584e+01 4.5543048119e+02 -1.2121284184e-13 2.3465966508e+02
1.0000000000e+00 0.0000000000e+00 1.1897627325e+04 1.6902440885e+04 5.9099682626e+03 2.0927068578e+04 3.4534565115e+05 3.6074577971e+04 -1.5539934007e+01 -1.2511658053e+02 6.9262624374e+01 -1.2100712349e+02 4.6163120464e+02 -1.0914103854e-13 -1.3732090223e+02
1.0000000000e+00 0.0000000000e+00 6.7419223684e+04 2.4350449517e+05 5.4640752914e+04 3.8867520699e+04 6.1490459300e+05 9.4534925037e+04 -7.3312049784e+01 4.8810866261e+02 -3.9109446770e+01 -1.1523140535e+02 6.6633719901e+02 -1.6950206316e-13 6.7830929020e+02
1.0000000000e+00 0.0000000000e+00 1.3682932396e+04 1.5701079945e+04 5.2601538648e+03 2.0714439819e+04 3.6608833255e+05 3.7034016145e+04 -3.5411315760e+01 1.2522981012e+02 2.4601762559e+01 -1.1288128019e+02 5.0910592981e+02 -1.1634310180e-13 1.4082897740e+02
1.0000000000e+00 0.0000000000e+00 7.6128497262e+03 1.3576669196e+04 2.2712386841e+03 1.2245942139e+04 3.5050639395e+05 3.0763090752e+04 -2.1731400859e+01 1.1300009223e+02 2.2805426028e+01 -1.0227739233e+02 4.5832502266e+02 -1.0879944034e-13 2.3512212115e+01
1.0000000000e+00 0.0000000000e+00 4.2433960623e+04 6.1313334775e+04 1.3425424472e+04 6.7393261599e+04 8.5307692915e+05 9.6672517443e+04 -6.3771526684e+01 2.4741105921e+02 3.8522181542e+01 -1.8423094457e+02 8.0969836912e+02 -1.5676678747e-13 2.6449000560e+02
1.0000000000e+00 0.0000000000e+00 9.3309031399e+04 3.1303381664e+05 6.9856205319e+04 6.6769243735e+04 6.1181526563e+05 1.1694274087e+05 -8.9104441110e+01 5.5884701113e+02 -3.8648737669e+01 -1.2664518166e+02 6.8808807812e+02 -1.5758562137e-13 5.1183292394e+02
1.0000000000e+00 0.0000000000e+00 3.2820385571e+03 1.6823187170e+04 2.2649035231e+03 8.7346067666e+03 2.2603912070e+05 2.0961585397e+04 1.5651193568e+00 -1.2462564718e+02 4.1816442314e+01 -7.4887024467e+01 3.2711647131e+02 -9.4155485147e-14 -1.1355543087e+02
1.0000000000e+00 0.0000000000e+00 3.7001764590e+04 1.3343282157e+05 1.5066699030e+04 3.7788524709e+04 5.0370957030e+05 6.4062854872e+04 -6.0060080479e+01 3.6207046313e+02 -1.4525753148e+00 -1.3009401139e+02 6.1761063750e+02 -1.4169381412e-13 3.6523970673e+02
1.0000000000e+00 0.0000000000e+00 3.1281089080e+04 7.9370505051e+04 2.0977570147e+04 3.0041866543e+04 6.1830931076e+05 6.8141394608e+04 -2.6987676281e+01 -2.5844830986e+02 1.0385533406e+02 -1.6058150324e+02 6.0404464049e+02 -1.2404084775e-13 -3.9677192601e+02
1.0000000000e+00 0.0000000000e+00 4.9781017596e+03 3.2655216581e+03 3.0784951827e+03 7.1199070237e+03 1.7952083713e+05 1.6782647239e+04 -9.1315083218e+00 -5.5346989208e+01 4.2723388326e+01 -7.5005116375e+01 2.7114050708e+02 -9.8989016220e-14 -2.0814461395e+01
1.0000000000e+00 0.0000000000e+00 7.6356871491e+04 1.5015268629e+04 4.4739703719e+04 1.0439207265e+05 1.3877297796e+06 1.6057196157e+05 -8.0533822225e+01 1.0822796082e+02 7.8757367915e+01 -2.4505215442e+02 1.0630931591e+03 -1.6173625449e-13 -3.3878298748e+01
1.0000000000e+00 0.0000000000e+00 1.8111071116e+04 4.2501231765e+04 1.5894662256e+04 1.2892177354e+04 4.9222282086e+05 4.7890902154e+04 -3.6446001340e+01 2.0543114766e+02 -5.4551875735e+00 -9.8578211920e+01 5.4659900871e+02 -1.3922419509e-13 1.7399345385e+02
1.0000000000e+00 0.0000000000e+00 1.0936038260e+04 4.9188549640e+04 3.4062265237e+03 1.7703068193e+04 6.4640370574e+05 5.5383709647e+04 -2.1751781601e+01 2.0231124608e+02 1.2794608777e+01 -1.2457204924e+02 6.0668149267e+02 -1.6524878365e-13 4.0048381222e+02
1.0000000000e+00 0.0000000000e+00 2.2411883573e+05 7.4356602815e+05 1.3888681973e+05 2.0027668092e+05 2.0655130717e+06 3.2614504413e+05 -1.4332456523e+02 8.6104510628e+02 -2.9335749381e+01 -2.6444892483e+02 1.3325698892e+03 -2.3781111393e-13 9.7041128114e+02
1.0000000000e+00 0.0000000000e+00 1.0507907315e+05 3.0017827744e+05 8.3197931264e+04 7.2240036271e+04 9.7426716070e+05 1.4891033695e+05 -9.3809561942e+01 5.4768384204e+02 -2.9500242345e+01 -1.6293040405e+02 8.8160796440e+02 -1.8841024977e-13 6.3516170245e+02
1.0000000000e+00 0.0000000000e+00 3.8585260085e+04 7.4694515890e+02 1.5343765622e+04 7.0165584483e+04 8.3244274022e+05 9.4368901077e+04 -4.8522819417e+01 -1.9206324198e+01 9.3323991119e+01 -2.0813656997e+02 8.1528235073e+02 -1.4274947280e-13 3.8485292872e+01
1.0000000000e+00 0.0000000000e+00 1.2681918985e+04 3.0536893697e+04 5.8732629046e+03 1.3651759442e+04 3.9264552061e+05 3.6624871815e+04 -3.2883409516e+01 1.7396283692e+02 1.1220493581e+01 -1.0085728143e+02 4.7818826961e+02 -1.3213963089e-13 1.9045757391e+02
1.0000000000e+00 0.0000000000e+00 2.6417284246e+04 4.2215306975e+04 1.3384659773e+04 3.2410337732e+04 6.2469557649e+05 6.4530587847e+04 -4.9153468964e+01 2.0504726165e+02 1.8300400524e+01 -1.3621357207e+02 6.4764644938e+02 -1.4851394074e-13 2.2444766035e+02
1.0000000000e+00 0.0000000000e+00 9.9985301236e+04 4.0504938852e+05 5.9202133344e+04 8.0775500928e+04 1.3941628738e+06 1.7585589744e+05 -9.1925199934e+01 6.3470210348e+02 -2.6565382766e+01 -1.9678607303e+02 1.0264028349e+03 -2.1141963744e-13 7.4969766363e+02
1.0000000000e+00 0.0000000000e+00 2.5833316667e+04 8.5844239206e+04 1.5977166384e+04 2.4357279983e+04 4.9484914403e+05 5.5431707410e+04 -4.6543271176e+01 2.8974495565e+02 -5.3608832950e+00 -1.1473923585e+02 5.9262858128e+02 -1.4457597412e-13 3.9770995157e+02
1.0000000000e+00 0.0000000000e+00 4.7996364106e+04 1.5629438398e+05 2.8334560197e+04 3.9761441220e+04 5.7024368825e+05 7.6280612732e+04 -6.6357474624e+01 3.8453279858e+02 -1.0748095444e+01 -1.2223008901e+02 6.0779741095e+02 -1.7220640765e-13 5.8503963084e+02
1.0000000000e+00 0.0000000000e+00 5.0011753902e+04 1.5240304759e+05 2.0216416843e+04 5.8653901624e+04 8.5422314228e+05 1.0023169396e+05 -6.9020280986e+01 3.8801325723e+02 9.6987560799e+00 -1.7605583620e+02 8.3605641199e+02 -1.5477414504e-13 3.8989645533e+02
1.0000000000e+00 0.0000000000e+00 7.7465414929e+04 1.9295832797e+05 4.3061282917e+04 7.8870487529e+04 1.0267620599e+06 1.3283262353e+05 -8.5540783160e+01 4.3715976239e+02 7.7323264789e+00 -1.8896660544e+02 8.9930930816e+02 -1.8678381791e-13 5.0864199169e+02
1.0000000000e+00 0.0000000000e+00 4.6397839020e+04 3.2621881229e+05 2.1828262875e+04 2.4805438867e+04 5.9594700330e+05 7.6848270958e+04 -5.4354636878e+01 5.6681573041e+02 -4.3999919522e+01 -1.1826425376e+02 6.6017930714e+02 -1.6442413667e-13 7.0975658170e+02
1.0000000000e+00 0.0000000000e+00 6.3015368396e+04 2.2087926813e+05 4.9694307383e+04 4.1370078431e+04 7.5275606501e+05 1.0168672239e+05 -6.9460015613e+01 4.6927816573e+02 -2.8953461193e+01 -1.3680741348e+02 7.6014993707e+02 -1.6658381734e-13 5.0895219531e+02
1.0000000000e+00 0.0000000000e+00 1.8031634844e+04 5.6899328527e+04 3.6338741450e+03 3.1907833563e+04 7.2598224587e+05 6.7638894012e+04 -3.5273086887e+01 2.3658616093e+02 1.7355854801e+01 -1.5027269445e+02 7.2502119807e+02 -1.4599022723e-13 2.1190672456e+02
1.0000000000e+00 0.0000000000e+00 4.6694346811e+03 8.9854944504e+02 4.0782583576e+03 9.5736187840e+03 3.2620540062e+05 2.8072002968e+04 -5.8690785773e+00 -8.6545160132e+00 3.9240652796e+01 -9.3514331167e+01 3.8355498133e+02 -1.2327306137e-13 2.2384721617e+01
1.0000000000e+00 0.0000000000e+00 1.5345358450e+04 7.2151392533e+04 2.7615054132e+03 1.5823905900e+04 3.6525355869e+05 3.6482026640e+04 -3.6407633597e+01 2.5738984195e+02 4.4904222114e+00 -9.8856280346e+01 4.4650679870e+02 -1.4353420758e-13 4.0470521735e+02
1.0000000000e+00 0.0000000000e+00 1.0362256398e+05 3.3602835562e+05 4.7579884412e+04 1.1415384835e+05 1.7320438081e+06 2.0524999193e+05 -9.8589083327e+01 5.7376658717e+02 3.1305446544e+00 -2.4267440008e+02 1.1893993869e+03 -2.1627916490e-13 7.5723911678e+02
1.0000000000e+00 0.0000000000e+00 1.6045829553e+05 6.1686265151e+05 1.4174901581e+05 7.3697205443e+04 1.4122997081e+06 2.1993860816e+05 -1.0210129833e+02 7.8349952671e+02 -7.5881197732e+01 -1.7048784296e+02 1.0562332054e+03 -2.1844678936e-13 9.0694326230e+02
1.0000000000e+00 0.0000000000e+00 7.0756510562e+04 3.4770235290e+05 2.0619268523e+04 7.8510227242e+04 1.2449639461e+06 1.4532696110e+05 -7.7642592105e+01 5.8661343754e+02 -6.3124751281e+00 -2.0591306258e+02 9.9332787400e+02 -1.8894238590e-13 5.5997980738e+02
1.0000000000e+00 0.0000000000e+00 2.7761439810e+04 1.0346551374e+05 1.7181158521e+04 2.4292931197e+04 5.6954311719e+05 6.1817277103e+04 -4.7724197907e+01 3.2087947454e+02 -1.0707552659e+01 -1.1745384103e+02 6.2224641886e+02 -1.4921502489e-13 2.9668979308e+02
1.0000000000e+00 0.0000000000e+00 1.4673442697e+04 4.2319592445e+04 5.8771598783e+03 1.5690403503e+04 3.4171716092e+05 3.4705885461e+04 -3.5358444529e+01 2.0560698992e+02 9.6272467864e+00 -1.0193741920e+02 4.7238609182e+02 -1.2370820106e-13 2.3764126463e+02
1.0000000000e+00 0.0000000000e+00 3.3232630060e+05 1.5139718903e+06 2.3581738585e+05 2.0753894429e+05 1.8950389743e+06 3.9786166859e+05 -1.6117153517e+02 1.2229609421e+03 -1.0595339172e+02 -2.2605360202e+02 1.2993002479e+03 -2.5073570052e-13 1.4569525287e+03
1.0000000000e+00 0.0000000000e+00 2.0776463706e+05 8.4890657307e+05 1.2344719028e+05 1.6600916085e+05 1.8508311620e+06 2.9476602571e+05 -1.3644894990e+02 9.1573855238e+02 -4.7654099313e+01 -2.4099486695e+02 1.2520673620e+03 -2.4060986316e-13 1.1177885621e+03
1.0000000000e+00 0.0000000000e+00 1.0110072335e+04 8.8980554147e+02 6.1103258066e+03 1.9191533308e+04 4.5157771435e+05 4.1729117410e+04 -2.4574845306e+01 2.0195897113e+01 3.6867211660e+01 -1.1901411712e+02 5.4898052486e+02 -1.2901335585e-13 9.0068769463e+01
1.0000000000e+00 0.0000000000e+00 1.8279300793e+04 3.4131282582e+04 1.6619530646e+04 1.3369531557e+04 3.6832953472e+05 3.9672144707e+04 -3.7182595002e+01 1.7925421891e+02 -1.6209220285e+00 -9.1835007854e+01 4.9594397034e+02 -1.1719052612e-13 5.5629474189e+01
1.0000000000e+00 0.0000000000e+00 6.6014968184e+03 1.4435990405e+04 2.2365299661e+03 8.6621021777e+03 2.3698360088e+05 2.1534590606e+04 -2.3971565017e+01 1.0720373225e+02 1.3829143328e+01 -7.8787187277e+01 3.6219614763e+02 -1.1834391506e-13 2.6929817579e+02
1.0000000000e+00 0.0000000000e+00 1.8765069659e+04 6.5719603316e+04 2.6287000697e+03 3.3441146173e+04 5.5429129755e+05 5.6787410925e+04 -3.4352199952e+01 2.4314956509e+02 2.3145951194e+01 -1.4152713568e+02 6.2428722587e+02 -1.5112217222e-13 4.2535832928e+02
1.0000000000e+00 0.0000000000e+00 1.1122716126e+04 7.8837656588e+04 7.9536368854e+03 5.2647696990e+03 2.7445312934e+05 2.8169190662e+04 -1.7227842483e+01 2.7618678235e+02 -2.6712440340e+01 -6.3110900896e+01 3.9235373333e+02 -1.3016497943e-13 4.1787389633e+02
1.0000000000e+00 0.0000000000e+00 3.7302598386e+04 6.5687569867e+04 2.1233781921e+04 3.7501897007e+04 7.8811337694e+05 8.2369177508e+04 -5.5911686259e+01 2.5419046565e+02 1.9429648544e+01 -1.5628042608e+02 7.3917081883e+02 -1.6260197132e-13 3.2644333097e+02
1.0000000000e+00 0.0000000000e+00 3.5696408420e+04 1.4533169128e+05 2.3266171148e+04 2.4488098389e+04 5.8150122087e+05 6.7404183153e+04 -5.3510409431e+01 3.6860492438e+02 -1.8166528263e+01 -1.1874879083e+02 6.4365506344e+02 -1.6712815207e-13 6.4821654140e+02
1.0000000000e+00 0.0000000000e+00 6.2253028958e+03 2.7669168387e+04 3.3033577990e+03 8.8517665349e+03 3.4380919856e+05 2.9919963667e+04 -1.6400490390e+01 1.6469824607e+02 1.6911736659e-01 -8.3091385009e+01 4.3639454695e+02 -1.3271037599e-13 2.9318178814e+02
1.0000000000e+00 0.0000000000e+00 8.1737284048e+03 1.0953655227e+04 2.1716736641e+03 2.8584085740e+04 6.0502159645e+05 5.5096832629e+04 -1.3116541837e+01 7.8590827134e+01 3.4142409740e+01 -1.3532706785e+02 6.3316420759e+02 -1.4582017746e-13 3.0073297861e+02
1.0000000000e+00 0.0000000000e+00 8.1578670526e+04 3.3253144352e+05 4.2467510556e+04 7.0968751112e+04 7.0036048452e+05 1.1395493717e+05 -8.6820678172e+01 5.6469764688e+02 -2.3357816410e+01 -1.5340712317e+02 7.6570056309e+02 -1.7833300673e-13 9.0219469778e+02
1.0000000000e+00 0.0000000000e+00 1.5079574600e+04 2.3750686101e+04 7.1855969339e+03 2.0244068609e+04 5.6518107668e+05 5.1440477016e+04 -3.4819009629e+01 1.5377209325e+02 2.2052624404e+01 -1.2830007786e+02 6.0811011176e+02 -1.4286444469e-13 1.5943455509e+02
1.0000000000e+00 0.0000000000e+00 1.6785676936e+05 6.0118707074e+05 1.1136429828e+05 1.3322769682e+05 1.4373632286e+06 2.3466918850e+05 -1.2141447627e+02 7.7462706922e+02 -3.9562045913e+01 -2.0906343374e+02 1.0893221644e+03 -2.1202496087e-13 7.3613548902e+02
1.0000000000e+00 0.0000000000e+00 2.9962615333e+04 9.0824066482e+04 8.7568831327e+03 3.5633780675e+04 5.3947730601e+05 6.0666234603e+04 -5.4763441051e+01 2.9679273273e+02 1.2350415377e+01 -1.3491320193e+02 6.0955696850e+02 -1.5477815591e-13 4.5370540575e+02
1.0000000000e+00 0.0000000000e+00 7.3030228434e+04 4.1330750316e+05 3.6209300170e+04 5.3284876844e+04 9.0613382445e+05 1.2109713703e+05 -7.5053958315e+01 6.3170546566e+02 -3.8716255555e+01 -1.5861650757e+02 8.4987269673e+02 -1.9084642283e-13 8.8414729600e+02
1.0000000000e+00 0.0000000000e+00 9.3355162051e+04 7.3399849412e+04 6.5614702992e+04 1.0242569425e+05 1.0280464214e+06 1.4737793723e+05 -9.3784209907e+01 2.6606254377e+02 3.8765452843e+01 -2.0427137813e+02 9.2915137275e+02 -1.5819235945e-13 1.2858137136e+02
1.0000000000e+00 0.0000000000e+00 1.5301806666e+05 6.5495441866e+05 1.0212774898e+05 1.0517709120e+05 1.2345481116e+06 2.0702214097e+05 -1.1337695399e+02 8.0643634481e+02 -5.7140575975e+01 -1.8517985464e+02 1.0180224359e+03 -2.0187484228e-13 8.2237739860e+02
1.0000000000e+00 0.0000000000e+00 6.8862829227e+04 2.4084324474e+05 4.6358232783e+04 5.2221072760e+04 6.2019528820e+05 9.7226905847e+04 -7.7944462759e+01 4.8625491761e+02 -2.6298930843e+01 -1.2898949891e+02 6.7808976647e+02 -1.6343466539e-13 5.4151290407e+02
1.0000000000e+00 0.0000000000e+00 3.1237300464e+04 1.0123741390e+03 1.8187126641e+04 4.4268051030e+04 6.7627858915e+05 7.3393785849e+04 -4.6448048117e+01 -2.2506384025e+01 6.9312427919e+01 -1.6842514913e+02 7.0462792753e+02 -1.3316162735e-13 -1.2960279947e+01
1.0000000000e+00 0.0000000000e+00 4.6434327670e+03 1.6739445569e+04 2.4169058921e+03 1.9418543968e+04 3.9219473256e+05 3.7029627752e+04 7.8074137994e+00 1.2538804596e+02 -7.0177523092e+00 -7.1875192729e+01 4.3596522668e+02 -1.2530272922e-13 8.1896380649e+01
1.0000000000e+00 0.0000000000e+00 1.0020536755e+04 3.6773318739e+03 8.3286775626e+03 1.2202410822e+04 4.1092169636e+05 3.6928446011e+04 -2.4529568425e+01 1.8530295726e+01 2.6885005107e+01 -1.0023246412e+02 4.8791597348e+02 -1.1043590179e-13 -1.8658057491e+02
1.0000000000e+00 0.0000000000e+00 9.3281836098e+03 1.2809445590e+04 4.0891270033e+03 1.5048846443e+04 3.8935775141e+05 3.5389352573e+04 -2.6748660381e+01 1.0980135203e+02 2.0537598667e+01 -1.0540197008e+02 4.9621934830e+02 -1.2989565201e-13 2.4388186715e+02
1.0000000000e+00 0.0000000000e+00 7.6655318786e+03 2.6018502300e+04 8.5461008610e+03 5.9470739421e+03 3.2018298458e+05 2.9195825524e+04 -9.2761594762e+00 -1.1184990229e+02 2.7478240158e+01 -6.9401517447e+01 3.7273799837e+02 -1.1063887899e-13 -1.8191406451e+02
1.0000000000e+00 0.0000000000e+00 3.3447973649e+04 5.8936038940e+04 1.5355873134e+04 4.0395564364e+04 5.2529973124e+05 6.3133019846e+04 -5.7196705319e+01 2.2658424773e+02 2.3983629684e+01 -1.4171297604e+02 6.3235212251e+02 -1.4793388856e-13 4.8465754310e+02
1.0000000000e+00 0.0000000000e+00 1.1578725047e+05 4.2844935441e+05 8.0427393908e+04 8.1886003253e+04 1.0170046716e+06 1.6129807325e+05 -9.7990535575e+01 6.5074579682e+02 -3.8856054831e+01 -1.7033134255e+02 9.1552221650e+02 -1.9483736121e-13 8.7287169524e+02
1.0000000000e+00 0.0000000000e+00 2.1617143522e+04 1.4962686335e+04 9.3764758838e+03 2.8977864536e+04 4.0008560788e+05 4.4795198473e+04 -3.2515209503e+01 -1.0738010801e+02 8.0330116813e+01 -1.3741908528e+02 4.8798780014e+02 -1.1714635259e-13 -1.7085046609e+02
1.0000000000e+00 0.0000000000e+00 2.3346232510e+04 1.0548895964e+04 1.2327019323e+04 3.1997636886e+04 5.1094510204e+05 5.4670629929e+04 -4.4094991621e+01 8.4273874855e+01 4.3093539571e+01 -1.4041208647e+02 6.0580028676e+02 -1.2277620137e-13 -2.7434672586e+01
1.0000000000e+00 0.0000000000e+00 1.6735681579e+04 3.8860167785e+04 5.0018285889e+03 3.2057703930e+04 6.5597924609e+05 6.2695562368e+04 -3.3976346058e+01 1.9255134821e+02 1.8066427585e+01 -1.4155922447e+02 6.9427586752e+02 -1.4341687964e-13 2.6937929738e+02
1.0000000000e+00 0.0000000000e+00 4.0330298805e+04 1.6472757086e+04 1.9178838444e+04 7.5478448953e+04 1.3170883640e+06 1.3179958473e+05 -5.5274941002e+01 1.2538838127e+02 5.8555862512e+01 -2.2307524828e+02 1.0321980544e+03 -1.6650558649e-13 1.5830915143e+02
1.0000000000e+00 0.0000000000e+00 9.9420560853e+03 5.0519283979e+04 3.5141856180e+03 1.1338651740e+04 3.4732559156e+05 3.2502327497e+04 -2.5928429841e+01 2.2238503963e+02 -4.7929589466e+00 -8.5013202581e+01 4.3868735799e+02 -1.3426831678e-13 3.1050034906e+02
1.0000000000e+00 0.0000000000e+00 5.8454442009e+03 9.0213273869e+03 4.7434719902e+03 6.6436273472e+03 3.4832518119e+05 2.8923489269e+04 -1.6833796251e+01 5.1743593106e+01 1.4092274897e+01 -7.7419664010e+01 3.9210885543e+02 -1.1354011314e-13 -1.4072527380e+02
1.0000000000e+00 0.0000000000e+00 5.5329200630e+04 2.9013819619e+05 2.5440959679e+04 5.1118922631e+04 1.0455652565e+06 1.1876033684e+05 -6.5089203448e+01 5.2570996816e+02 -2.1051450998e+01 -1.7192030784e+02 9.0405875219e+02 -1.8544597188e-13 7.1512129422e+02
1.0000000000e+00 0.0000000000e+00 6.6574800169e+04 1.4928184925e+05 5.2428030079e+04 5.1177159800e+04 9.3709558868e+05 1.1615632840e+05 -7.3008718172e+01 3.8599624768e+02 -6.1840632104e+00 -1.6190026595e+02 8.4416993077e+02 -1.7353616602e-13 4.0600328816e+02
1.0000000000e+00 0.0000000000e+00 3.3746617619e+04 9.8757438425e+04 1.9633997311e+04 3.1138917296e+04 5.5123170066e+05 6.4505765553e+04 -5.5579614301e+01 3.1404601954e+02 -1.6010500163e+00 -1.2623984215e+02 6.2797458634e+02 -1.4655462752e-13 3.4127388724e+02
1.0000000000e+00 0.0000000000e+00 4.5654240078e+04 1.5801373010e+05 1.9650844526e+04 5.4117477388e+04 8.5021407741e+05 9.7944510872e+04 -6.4224924656e+01 3.9307700848e+02 3.2057742552e+00 -1.6988295133e+02 8.3244704509e+02 -1.5529150170e-13 4.1638889411e+02
1.0000000000e+00 0.0000000000e+00 1.8995161902e+04 5.8009879571e+03 8.5888432075e+03 2.7666983417e+04 4.8492697470e+05 4.9116051533e+04 -3.6252041714e+01 7.5466525975e+01 4.9731154668e+01 -1.3998987186e+02 5.6689761777e+02 -1.3249702861e-13 1.1758790845e+02
1.0000000000e+00 0.0000000000e+00 9.5382877182e+03 4.2967844871e+03 3.3180249657e+03 2.6281177196e+04 6.2147933648e+05 5.5327282460e+04 -1.5290140593e+01 2.9870366707e+01 4.9455451641e+01 -1.4290704166e+02 6.2181436303e+02 -1.4612598846e-13 2.6558291138e+02
1.0000000000e+00 0.0000000000e+00 8.8909140059e+04 1.0366069113e+04 5.4914198701e+04 1.1646710701e+05 1.2572914557e+06 1.6141493217e+05 -8.7742185634e+01 9.7935636231e+01 8.3401362987e+01 -2.4290483627e+02 1.0264625905e+03 -1.5960287759e-13 2.4045681899e+01
1.0000000000e+00 0.0000000000e+00 5.9285476899e+04 3.4407851698e+05 2.7709129514e+04 4.7545235278e+04 9.4878805489e+05 1.1428148469e+05 -6.4965346741e+01 5.8155237663e+02 -3.0146391800e+01 -1.6407172992e+02 8.6851083361e+02 -1.7767208232e-13 6.6948875047e+02
1.0000000000e+00 0.0000000000e+00 7.5398242617e+04 2.1153967906e+05 5.7069548035e+04 5.6988845537e+04 8.4037030059e+05 1.1735947744e+05 -7.8924049618e+01 4.5953584865e+02 -1.8023882062e+01 -1.5392506061e+02 8.1234642298e+02 -1.6915636972e-13 4.5612309388e+02
1.0000000000e+00 0.0000000000e+00 4.5380107700e+04 4.8473399602e+03 2.0361862440e+04 7.2110101494e+04 7.7606484416e+05 9.3822305799e+04 -5.4168647522e+01 -4.6303206993e+01 9.6367167065e+01 -2.0057192346e+02 7.6485175425e+02 -1.3797032555e-13 -1.5587505088e+02
1.0000000000e+00 0.0000000000e+00 5.8113862820e+03 3.8822916158e+03 3.2740341880e+03 1.2410898369e+04 4.5299921951e+05 3.7683996966e+04 -1.5256091566e+01 -2.9553079153e+01 3.5966740817e+01 -1.0303928094e+02 4.8394590551e+02 -1.2116852979e-13 -1.5617076309e+02
1.0000000000e+00 0.0000000000e+00 4.9417366673e+04 2.5442513849e+05 3.5676435993e+04 2.6845940888e+04 5.7090221321e+05 7.8504416792e+04 -5.7901094980e+01 5.0273954460e+02 -4.4147801646e+01 -1.0712963925e+02 6.3339996088e+02 -1.6357326859e-13 5.6477729012e+02
1.0000000000e+00 0.0000000000e+00 2.7736012729e+03 2.2947946675e+04 1.4040237567e+03 5.1047441159e+03 2.6478664063e+05 2.1858254703e+04 -6.6250506559e+00 1.4762975190e+02 -1.1890821592e+01 -5.6008489220e+01 3.4416721211e+02 -1.2322893935e-13 2.7344169193e+02
1.0000000000e+00 0.0000000000e+00 1.0891748043e+05 1.6887430065e+05 4.5747649672e+04 1.4848585696e+05 1.5658525927e+06 2.0053712817e+05 -1.0491994018e+02 4.0902901370e+02 4.7476018574e+01 -2.6263167528e+02 1.1605198559e+03 -1.8798904123e-13 5.0319098925e+02
1.0000000000e+00 0.0000000000e+00 5.4376299760e+04 1.2459218473e+05 2.6576298945e+04 5.9242276288e+04 6.6227485883e+05 8.8953176743e+04 -7.2562131547e+01 3.5137936968e+02 1.3315245554e+01 -1.5961319747e+02 7.2927971931e+02 -1.5282340576e-13 4.5460553122e+02
1.0000000000e+00 0.0000000000e+00 2.9708511209e+04 4.6336467101e+04 9.2072285811e+03 5.7929267232e+04 9.5317724558e+05 9.6566425498e+04 -4.8666953453e+01 2.0948927116e+02 3.8615087431e+01 -1.8549638450e+02 8.4550329907e+02 -1.4882731756e-13 2.0915532107e+01
1.0000000000e+00 0.0000000000e+00 1.1419442931e+04 2.0724778737e+04 3.7633567538e+03 2.5948585529e+04 4.9053639270e+05 4.7374421791e+04 -2.7800526336e+01 1.3710829398e+02 2.4833236776e+01 -1.2764802811e+02 5.9816155449e+02 -1.3242879874e-13 2.9412602920e+02
1.0000000000e+00 0.0000000000e+00 2.7454304492e+04 6.6024200434e+04 1.6831032745e+04 4.3439035226e+04 6.1791438920e+05 7.1725035284e+04 -1.7059631356e+01 -2.4996243555e+02 1.0676092619e+02 -1.7235694911e+02 6.5834610383e+02 -1.1928184474e-13 -2.4489997633e+02
1.0000000000e+00 0.0000000000e+00 2.4027092245e+04 3.4253657967e+04 9.9167170483e+03 3.5742050836e+04 7.1569222655e+05 7.0268675308e+04 -4.5009060397e+01 1.8497645142e+02 3.1885843110e+01 -1.5974017790e+02 7.3350495967e+02 -1.4075234090e-13 2.0485307551e+02
1.0000000000e+00 0.0000000000e+00 8.4816567260e+03 6.6460999124e+03 1.5830926451e+03 1.7585558925e+04 3.8309097534e+05 3.4729685446e+04 -2.3451581655e+01 7.9274239482e+01 3.1141852805e+01 -1.1273744144e+02 5.0002373272e+02 -1.2161344524e-13 1.4920033928e+02
1.0000000000e+00 0.0000000000e+00 4.0549867103e+03 1.2709120466e+03 2.0541927419e+03 1.6987278334e+04 4.1680356407e+05 3.6663810845e+04 -6.7313396301e+00 -1.3370729261e+01 3.5395101073e+01 -1.0739507037e+02 5.0499078196e+02 -1.1114489969e-13 -1.2357227623e+02
1.0000000000e+00 0.0000000000e+00 1.0609356184e+04 2.5852337593e+04 7.3179639277e+03 1.4546939822e+04 4.3923090883e+05 4.0554006496e+04 -1.5227156637e+01 -1.3494848340e+02 5.9926359678e+01 -1.1548385422e+02 4.9156885417e+02 -1.1217259296e-13 -3.4790731987e+02
1.0000000000e+00 0.0000000000e+00 4.4030405967e+04 1.2287057112e+05 2.0565538884e+04 4.9233822670e+04 6.8796982566e+05 8.3479431716e+04 -6.4653220016e+01 3.4964744861e+02 8.1587985120e+00 -1.5607847847e+02 7.3983889602e+02 -1.5444886577e-13 4.5037071826e+02
1.0000000000e+00 0.0000000000e+00 9.1165599446e+04 9.6077702934e+04 3.9472914677e+04 1.3198603207e+05 1.3224037252e+06 1.7039557577e+05 -9.6531171758e+01 3.0990003934e+02 5.4282046452e+01 -2.4186244464e+02 1.0501805008e+03 -1.7839951368e-13 3.3927022536e+02
