3.167206933497742648e+04 6.849925728225489729e+04 1.787528851549554383e+04 4.039750333785628027e+04 6.169686838894976536e+05 7.085870540880462795e+04
4.213131330918189633e+04 8.895166015249556222e+04 3.041922776656894712e+04 3.678438451871384314e+04 5.048775056951851002e+05 6.810502819943586655e+04
1.643451628045453617e+04 1.441625990345485843e+04 1.822082957545927275e+04 1.291426674236284816e+04 4.641886336352711078e+05 4.562868054854818183e+04
3.177994991962669519e+04 9.878423719077378337e+04 1.432068998157856731e+04 3.516187524835499062e+04 6.945000790284337709e+05 7.367189267687943357e+04
2.063026396803012631e+03 2.172754070034778852e+04 7.913254507171997147e+02 4.632527222613846789e+03 2.554195304891518026e+05 2.069019717832314564e+04
6.745714252116311400e+04 3.273513114834930166e+05 3.356735146313394216e+04 5.602444125604457804e+04 6.163792236711293226e+05 9.745582512159853650e+04
1.812053889472796291e+05 9.169447723809970776e+05 1.054447550490126450e+05 1.356209250218062662e+05 1.546417406045463867e+06 2.561556231064484455e+05
2.215625422250376141e+04 1.222427252922981133e+05 7.143675150985775872e+03 2.144529772215427874e+04 4.666062856559629436e+05 5.020807253262008453e+04
1.167830941070869267e+04 2.532719031062669819e+04 4.989226166146067044e+03 1.934839927542389341e+04 4.607525980375361978e+05 4.314282398428928718e+04
7.258489639386363706e+03 1.508949843500296447e+04 2.789226947410226785e+03 1.389337788688807268e+04 3.333753687886017142e+05 3.065394796317094369e+04
3.262243091208872556e+03 9.783889222889392840e+03 9.188513682893546957e+02 5.922868455483051548e+03 1.965340600964742480e+05 1.677715482423347930e+04
2.955077686917104802e+04 6.199999731588106079e+04 1.464865123420332384e+04 3.337567153276180761e+04 4.193590186662072083e+05 5.267991794781439239e+04
1.141364094298941200e+05 3.423870419788335566e+05 6.516500784445006138e+04 1.130988078107889014e+05 1.351874796616080450e+06 1.870981659242319583e+05
4.217656667422148894e+04 2.158037522802096792e+05 1.398180686997724479e+04 4.479521746983797493e+04 9.089689990951366490e+05 9.809611712137478753e+04
7.058939097567810677e+03 3.744113321876065584e+03 1.547132748146344056e+03 3.166178582823491161e+04 6.469675124003668316e+05 5.868388309509019746e+04
3.880817795827515511e+04 1.143800232748307753e+05 2.235688504527669647e+04 3.661608814429207268e+04 5.392040905455177417e+05 6.812015541988823679e+04
8.709517093318161642e+03 5.600005571042891825e+04 2.777710193628324760e+03 1.084560320545001741e+04 3.556086714730364620e+05 3.279015651018299832e+04
4.751671764266083483e+04 2.893319920413506916e+05 3.030147576144716004e+04 2.370358306786678440e+04 6.531473541774721816e+05 8.202511374545519357e+04
1.569311709943291789e+05 3.321371313981054118e+05 9.961620490304815758e+04 1.623212352426323923e+05 1.506527424220583169e+06 2.341019198625117715e+05
6.273609390145196085e+04 9.678879182128267712e+04 3.285696804306199192e+04 7.659359950637117436e+04 1.133877880715943407e+06 1.298509998246037867e+05
1.383763727679369185e+04 9.247849689906946151e+04 5.632687791124011710e+03 3.112567423188749308e+04 8.483065880628498271e+05 7.813452776183056994e+04
1.117841501022469311e+04 7.536060690522541699e+04 7.663349765008548275e+03 4.382930746686533894e+03 2.735289041652236483e+05 2.741111980140805827e+04
2.658025319426246278e+04 2.588527903603608138e+03 7.875129947384402840e+03 5.533585733650637121e+04 8.836101509591899812e+05 8.797613138865414658e+04
1.701576471036122166e+04 1.961596999175018209e+04 1.187138629163207588e+04 1.689509201468080573e+04 3.986105153754745261e+05 4.053807786387802480e+04
5.248460258797578717e+04 1.909346273711630492e+05 4.142245024575087155e+04 2.985530648414513053e+04 7.418483995568109676e+05 9.069899456855792960e+04
9.663300615156588901e+04 1.973808476973474026e+05 6.672831288075078919e+04 9.197731179215875454e+04 1.006134252618675237e+06 1.477931860943210195e+05
5.928708195075426374e+03 1.353778699821793907e+03 3.765319030265242418e+03 8.745758251835970441e+03 2.203508171771434718e+05 2.046553992881540034e+04
4.032970062755054096e+04 1.199699720387105044e+05 2.492080811938510305e+04 3.633815637651066936e+04 7.733875936127707828e+05 8.512737934556172695e+04
1.815816700259422578e+04 6.054851886619121069e+04 6.116472624783275933e+03 2.149375102448676625e+04 4.617087014105629642e+05 4.640562994811458339e+04
6.477220206491999306e+03 4.427618441631375390e+03 2.796034828981763894e+03 1.352407728280374977e+04 3.454039009677918511e+05 3.077146141962158072e+04
1.117175189248382776e+04 1.130112149354421973e+02 3.884198862347448085e+03 2.256160315767318752e+04 4.074766815357186133e+05 3.928871121273671451e+04
3.522225629076122277e+04 1.883064960502875037e+05 1.627061715611151158e+04 2.955597843682815437e+04 6.690958846979545197e+05 7.469774536479196104e+04
1.287847931347357189e+04 7.167310592960349823e+03 7.750480905931117377e+03 1.982850670590537266e+04 4.198248208074711729e+05 4.089906612783851597e+04
2.661678795230681317e+03 5.507373292021365160e+03 5.975534279283816659e+02 5.475626707813276880e+03 1.619666731689140142e+05 1.389985703821488096e+04
2.002423466076845580e+04 6.924936322950255089e+03 1.550390174488185585e+04 3.035627696202509833e+04 5.455601540853651240e+05 5.744684976620689122e+04
7.977326595690820795e+03 5.309632732273198599e+02 2.611289992352213176e+03 2.415459127666787026e+04 5.165199315349692479e+05 4.681518357911745989e+04
1.484151285889750034e+04 3.027304047678495772e+04 1.253185881133527619e+04 1.267206998614923396e+04 4.905689134569513262e+05 4.562552614200762036e+04
2.425735039582873651e+04 5.930800601728572656e+04 1.035824907252002595e+04 2.973955011139286580e+04 4.506624894675984397e+05 5.115847652928296156e+04
9.652077363326106934e+03 3.298650042303496775e+03 8.285739036272649173e+03 1.041411194982533925e+04 3.541609519637967460e+05 3.226485799916218457e+04
5.701158617364702513e+04 4.154201210851865471e+04 2.291545106289404794e+04 8.681049499070500315e+04 1.009575974266940495e+06 1.190916148666919180e+05
1.231007862987666704e+04 7.342518388810813485e+04 5.790706505113354069e+03 9.096678945593825119e+03 3.711762144131782698e+05 3.520730004079619539e+04
6.655254184989714122e+04 9.426597276296258497e+04 3.740361074362194631e+04 8.156172827243621578e+04 1.028402155915052979e+06 1.268384325207392540e+05
2.781136113737007236e+03 6.134347163637862650e+03 2.578580082726056844e+03 4.948299892540613655e+03 2.348240437901817204e+05 1.944677352971543587e+04
1.274573254814286629e+05 5.467540888515082188e+05 7.672799587202802650e+04 1.004829169038488471e+05 1.070049478936597239e+06 1.775330733611916658e+05
1.572612412189869065e+04 1.476009659700464726e+04 1.747396187226975235e+04 1.148673744155552413e+04 3.847183836408629431e+05 3.933308577345701633e+04
4.612754832849127706e+04 2.585011952320929049e+04 2.559242616470965368e+04 6.014177209235215560e+04 9.768848965625365963e+05 1.052113626138971013e+05
5.723468322928692942e+03 3.831544223192653590e+03 2.849094595324460897e+03 2.312678004839704590e+04 4.172871554077918991e+05 3.994186856954960967e+04
3.996147063197290845e+04 1.671956754443756654e+04 3.505760666008428962e+04 3.820525583902424842e+04 6.588550593118378893e+05 7.753006390262047353e+04
4.491695618467492022e+04 2.467119479380576231e+05 2.494543247831107874e+04 2.934256709842038617e+04 4.258678941912181908e+05 6.487084177247387561e+04
3.646520269410189212e+04 1.216788390570269621e+04 1.614410087149871833e+04 5.326734391155115736e+04 6.307632865965835517e+05 7.407294503175670980e+04
6.322631114091102972e+03 3.475563224235342659e+03 2.123420910908922451e+03 1.532803107560384342e+04 2.881991962845686940e+05 2.740256113276985343e+04
9.999035681745830516e+04 4.214370095467017964e+05 7.657502087166825368e+04 5.848483341869319702e+04 8.666828321444288595e+05 1.385982489410125418e+05
6.781634113430221623e+04 2.983612121943797683e+05 3.608017576466428000e+04 5.848064340788101981e+04 7.469948566226810217e+05 1.070006776372754684e+05
9.009251749982540787e+04 2.956262650515151909e+05 6.057485799039568519e+04 7.159114187514313380e+04 8.626168345968052745e+05 1.311297008131042821e+05
1.216403437867101275e+04 2.067768946823441365e+04 6.591612712042049679e+03 1.599768597116543788e+04 4.442038965345747420e+05 4.097537236657698668e+04
9.657260553649803114e+03 1.916722550027264879e+04 1.298859713563948844e+03 3.183232644323254135e+04 8.137451372500503203e+05 7.063437756570799684e+04
5.656153356783385971e+04 2.163750676598073333e+05 4.454061908996122656e+04 3.633917487493957742e+04 7.595537948696734384e+05 9.742453422570700059e+04
4.439842059532659914e+04 8.408710056665478623e+04 2.566305965836604446e+04 4.832904531696062622e+04 6.015229632433290826e+05 7.753469687905852334e+04
2.084038907094932438e+04 1.103766848739796696e+05 4.453267797649279601e+03 2.327307805940542312e+04 6.792985902547516162e+05 6.359333189741220849e+04
3.558357636976628419e+04 4.077779519704770792e+04 5.704902077786185146e+03 7.242822830050265475e+04 1.022212118524160935e+06 1.059810768310448475e+05
1.434247070265075490e+04 2.108042651354781810e+03 7.400725407346746579e+03 4.791992181690803409e+04 8.793804153689102968e+05 8.410999753692932427e+04
6.816292797095929018e+03 7.033515030182627015e+03 7.799334192813596928e+03 7.130865212540542416e+03 2.359146541939136514e+05 2.280211952233780903e+04
3.174157520564691731e+04 1.549085067125078349e+05 2.241744154886062825e+04 1.837078192676547042e+04 2.830021730971119250e+05 4.466901883845284465e+04
9.173119475152421728e+03 2.855068116755000119e+03 4.030033166709044508e+03 1.813820288704011182e+04 4.819173278972573462e+05 4.249389121752685605e+04
7.105024547505205555e+04 1.180787849850694765e+05 4.017836963798729266e+04 7.957226656509948953e+04 9.885672797821634449e+05 1.256337755463696376e+05
2.681037112407521363e+03 7.895464921454039541e+03 3.511647095622085089e+03 3.857534921699542338e+03 2.028911543380784278e+05 1.729511146589441341e+04
2.028221220904285146e+05 5.101037539745796239e+05 1.307461557105229876e+05 1.966270997528267908e+05 1.694766096144128591e+06 2.844993280957082752e+05
1.360266260289180500e+05 1.588203641251028748e+05 7.785546004074097436e+04 1.676141955600352667e+05 1.884747832450864837e+06 2.439792158636813110e+05
5.195359971038491494e+04 1.236488507824476546e+05 3.030600322662019607e+04 5.672308645086622710e+04 6.746806739006537246e+05 9.020960101672133896e+04
9.620791782524454175e+04 2.962577786017404287e+05 6.194791814295176300e+04 7.920633607311376545e+04 8.078037623033962445e+05 1.315096097103167267e+05
1.541352271820687201e+04 6.065929664392941049e+03 8.997070622350831400e+03 2.405175706869547503e+04 3.967286213062736206e+05 4.173820834395096608e+04
1.738766393519626581e+04 6.849046423711943135e+03 5.542370923197407137e+03 2.672480427154683275e+04 3.657578755466433940e+05 3.941331031139782135e+04
6.083370868448226247e+04 2.576634385509238346e+05 3.123966558970973711e+04 5.888397872618593829e+04 8.869878136207243660e+05 1.124988598327225191e+05
8.775681535268174775e+04 1.628876495219963836e+05 3.463607053255625942e+04 1.310391349052470177e+05 1.766742430531886639e+06 2.010735694777951285e+05
8.024239377250091638e+04 2.474274255336959613e+05 5.937223738839993894e+04 6.061955013587223220e+04 7.330952473343544407e+05 1.145540371641045786e+05
4.523152003761550077e+03 2.125850681104209070e+04 2.645449109875779868e+03 7.609878470460362223e+03 2.793810480935355299e+05 2.442422906992308344e+04
3.652628156926563679e+04 2.341861988261027363e+03 1.340555510049553413e+04 6.143908086625620490e+04 6.682320156973305857e+05 7.862154383022649563e+04
6.833320954914779577e+04 3.112831579540112289e+05 4.419660744781679387e+04 4.706057077955659770e+04 8.140583589765031356e+05 1.104855162528540386e+05
1.786953645976735788e+04 2.325059590924911390e+04 1.117287871875144083e+04 2.620775851694553421e+04 4.081459433257019264e+05 4.526915778638634220e+04
2.321738290750942906e+04 6.941324406075765728e+04 1.687120067380959154e+04 1.621641808424694682e+04 3.331524648942321655e+05 4.044742268996017810e+04
6.652324258481695142e+04 1.568219413020664360e+05 7.188681947077954828e+04 2.910868504548593046e+04 7.110689896644491237e+05 9.973628281046083430e+04
6.327929821433062170e+04 1.825365946182005791e+04 2.905753479831932054e+04 9.712745614617934916e+04 1.027239075122498558e+06 1.264404281197492237e+05
1.588949138358891651e+04 9.198437981711396105e+02 7.978581887794101021e+03 2.279197167606935909e+04 3.663546719951848499e+05 3.843197282303578686e+04
2.284675950734670914e+04 3.914122690765028528e+04 1.677992976216748139e+04 3.358066780664828548e+04 5.317474247498640325e+05 6.011970635554857290e+04
5.353449646381018829e+04 1.347863639750327275e+05 3.822837888754921732e+04 4.268028260447395587e+04 7.114762337379574310e+05 9.030074028735086904e+04
2.115664913653392887e+03 6.722631471598776443e+03 1.769202741536766553e+03 5.570482275756095078e+03 2.502005081012491137e+05 2.044252208713276195e+04
9.022560951431923968e+03 4.487488516549480846e+04 4.553934639707964379e+03 1.686804485333076809e+04 4.147069139307223377e+05 3.970364919304812065e+04
1.837431346726631818e+04 5.149582715210728929e+04 3.847486860736874860e+03 2.846072478920635695e+04 4.817910654057678767e+05 4.948073318270038726e+04
2.670970958507288015e+05 1.006854916261604056e+06 1.932347640848010778e+05 1.912083598146449658e+05 1.455261549272931647e+06 3.174532180365964305e+05
7.498917103096048231e+04 2.430600214082888560e+05 6.271699756869381235e+04 4.668424730824197468e+04 7.953095803899324965e+05 1.136630438637362677e+05
8.812410383460113735e+03 2.207439891812210135e+03 9.880831932431283349e+03 9.711904690018058318e+03 4.072666232846234343e+05 3.615283316463440133e+04
3.541930873338499805e+04 1.070043442737319419e+05 2.203338385925021794e+04 7.434321398239395057e+04 1.003043936671436299e+06 1.158730747027973994e+05
5.440689152692609787e+04 1.781576658547945408e+04 3.152927026306432890e+04 7.035391201947157970e+04 1.038614278342637932e+06 1.161428264387433737e+05
9.111367725234671525e+03 8.421839713786916400e+04 8.746861849874508152e+02 1.262845012043870520e+04 4.297396083629183122e+05 3.915799786557751941e+04
1.016681501157166531e+04 1.050082199915905949e+04 2.838179741349481901e+03 2.159741580300790883e+04 4.804995578422495164e+05 4.382719213293470966e+04
2.897058881870143523e+04 6.514181499422408524e+04 1.801192076216019268e+04 2.759056950302666155e+04 4.660517090507811517e+05 5.480980726746143046e+04
4.871494752889587107e+04 9.670386384763903334e+04 3.141129062566643915e+04 6.745672511703982309e+04 7.935361316484591225e+05 1.022007977967041224e+05
3.079937040980404345e+04 1.390890800591626903e+05 1.160332126788403002e+04 3.833424459421886422e+04 8.119692076126245083e+05 8.382985308105403965e+04
1.249354443168108264e+04 4.525340522615518239e+03 5.033113481381055863e+03 2.179010789936732908e+04 4.195109210551459691e+05 4.046283787515391305e+04
1.115167787647722253e+04 3.587367786638723919e+04 7.815003234212810639e+03 8.889135089274235725e+03 3.042510944933053688e+05 2.962699436011438593e+04
9.756986478320535753e+03 1.644746083442771851e+04 2.201731081673739936e+03 1.987227146864266615e+04 4.850209239086699672e+05 4.337104367717980494e+04
2.519846561375126112e+04 6.113365954479858192e+04 1.786295017503710187e+04 2.298631855397490654e+04 3.301103378312981804e+05 4.332196964018191647e+04
2.875940426400235538e+03 2.390339063496593894e+02 3.033115303389431574e+03 3.435006382342003235e+03 2.043166725980155170e+05 1.661486452979469686e+04
1.171432211760340397e+04 9.670251910646295073e+03 7.801506986444936047e+03 1.691598357290712011e+04 4.377011708802065114e+05 4.093024879286650685e+04
3.297994757228690287e+04 3.765595174815470818e+04 2.509238293199966938e+04 3.429424141038909875e+04 8.737305658058105037e+05 8.695391150634542282e+04
2.621529994024804637e+03 8.151740191363331178e+03 2.363509308252430856e+03 7.088177475124030025e+03 2.417786214698203548e+05 2.088924367656406685e+04
3.392682696942060284e+04 1.435524492391005515e+04 1.178095850544745917e+04 6.208906712770873128e+04 8.786009535151108867e+05 9.295877137518323434e+04
3.464602268858226307e+04 9.738154914829270638e+03 1.220235327475189297e+04 6.126776427620813047e+04 7.448216174880453618e+05 8.354268914928931918e+04
3.890179608206292323e+04 7.324089277932010009e+04 2.361864088523417740e+04 3.934785275642134366e+04 5.971949154561557807e+05 7.176454533680119494e+04
4.721615451782671153e+04 1.450514603872808802e+05 3.041733463217057215e+04 3.899563192771298054e+04 5.143376868634223938e+05 7.251575513063484686e+04
3.076930536553581987e+04 1.775187670096817019e+05 1.761596723304808984e+04 2.206170780677372386e+04 6.950784283732525073e+05 7.310280461126747832e+04
7.795064802643246367e+04 5.921673215554042690e+04 3.325206537152561941e+04 1.173427222965908441e+05 1.321717706263454864e+06 1.592226724737694894e+05
3.382518251699051325e+04 3.985328665259978152e+04 1.254648934885418385e+04 4.629957500973822607e+04 7.018676518047094578e+05 7.552345889718536637e+04
2.148015485421991980e+04 5.905646617106467602e+04 1.136025840828373293e+04 1.984685140093613882e+04 4.759063259623562917e+05 4.880255739074725716e+04
3.912564169405909342e+04 4.432554243358087115e+04 2.466982127222257623e+04 4.618420220537143905e+04 1.038066756994530326e+06 1.035313389718980325e+05
1.166928011333502764e+04 1.518205347179856972e+03 5.291557312817736602e+03 2.722801950790467527e+04 5.234306711129291798e+05 4.987401441479875211e+04
2.767489780032079216e+04 1.636009686608357006e+05 8.823529061796887618e+03 2.665303847651399701e+04 7.001348210147741484e+05 7.104019242124691664e+04
9.172165078013182210e+03 4.086935158717379818e+04 2.256784002171424618e+03 9.164892008275577609e+03 2.286007691540111846e+05 2.251455868044274393e+04
1.305228052083068724e+04 8.012478715573734371e+04 1.005476949595369297e+04 7.761418347405565328e+03 3.502521882909590495e+05 3.536579109795631666e+04
1.967887632650158412e+04 4.945874812017994373e+03 9.761446572472612388e+03 2.936442471029002263e+04 4.016875555767171900e+05 4.474814504402390594e+04
6.471201122510355162e+03 5.237997095303404058e+04 4.932284807929289855e+03 6.540015435526454894e+03 2.958524292407232570e+05 2.757377203098139944e+04
2.726790221802750966e+04 2.619141714868912095e+04 1.126413356521942296e+04 4.507918463286649785e+04 6.302984047796232626e+05 6.892921703915919352e+04
3.476248845184884431e+03 1.545100914579089113e+04 3.586033113685779426e+03 1.757280587927043825e+03 1.805258936437712400e+05 1.524698670065960505e+04
1.648791150090942756e+04 1.132375429348734033e+05 4.032675373660504647e+03 3.012510748275601873e+04 6.048513530792340171e+05 6.164463780824441346e+04
1.676184471639163385e+05 5.482076164361153496e+05 8.939036609945869714e+04 1.604865927345397940e+05 1.636637568941783858e+06 2.483046985632579017e+05
7.255330895345669887e+03 4.064917141372055630e+04 4.079909891851256361e+03 6.747617618501566540e+03 2.158673910900803457e+05 2.134009434738714481e+04
5.796819625457640541e+03 2.141704611633812965e+04 3.730008587409194661e+03 1.365175938346601833e+04 4.241856223256362719e+05 3.737114506933820667e+04
5.195313968472662236e+04 1.595044113388299593e+05 3.621984675470428192e+04 3.811375911382563936e+04 5.524473828571633203e+05 7.789661980340506125e+04
4.104184516292815533e+04 1.845064004618906620e+04 3.519276321132289013e+04 4.153248381415988842e+04 1.037335239683285006e+06 1.046349065148460795e+05
1.135000343226848199e+05 6.569735969400393078e+05 4.829190141238350043e+04 9.400936450969944417e+04 1.389642419245721772e+06 1.892959300543733116e+05
7.161832942507615371e+03 2.406942711899621281e+04 2.343587606026927460e+03 1.353896189916160256e+04 5.746322754842616851e+05 4.697267318154725945e+04
2.277694893484149361e+05 8.686894855961463181e+05 1.798710812785330927e+05 1.382888196036209702e+05 1.750191745375482365e+06 3.007645615334523027e+05
3.696116232869832311e+04 1.513196793867875531e+05 1.426939932242712530e+04 3.692250375101259124e+04 4.914453108835959574e+05 6.338755886050487607e+04
2.515835092535425701e+03 1.060626947683534809e+03 2.774168061674627097e+03 5.263139664388817437e+03 2.486357853428564558e+05 2.035141926204339688e+04
1.307332269672151051e+04 7.433464636165791308e+04 3.873047365846088269e+03 1.503030008434855154e+04 4.055345811600320158e+05 3.941963481809758377e+04
2.551826795665274039e+04 8.144864183155770297e+04 1.393219067889074904e+04 2.826615199894781108e+04 4.726290296064040740e+05 5.460570267946363310e+04
1.398691052179248618e+04 5.629832914318022813e+04 1.784093579465483117e+03 1.728471902165723077e+04 5.027730644181788084e+05 4.518645867378143885e+04
3.641966675264850346e+04 1.273013444854454519e+03 1.708292167062779481e+04 5.886051566669152817e+04 8.649021709906583419e+05 9.221589182112638082e+04
5.190038031367687836e+03 6.298170257618215146e+03 2.742433722160023990e+03 1.061501151379353905e+04 3.306430814129343489e+05 2.853265611652459847e+04
8.788282935751622063e+03 2.463426365057916701e+04 1.850012433012492920e+03 1.554533772407933793e+04 3.977913186483493773e+05 3.580084416628415056e+04
1.598289617421856565e+04 1.986771273991170165e+04 2.659353002064325665e+03 3.184136267724705613e+04 6.255598402075121412e+05 5.860234047628270491e+04
7.237316343135967145e+03 5.837568475549320283e+03 3.365434839392512913e+03 9.425146929037560767e+03 2.756814408979435684e+05 2.454370103740197737e+04
9.665526270521577680e+04 2.593682412612143671e+05 4.552541198522607010e+04 1.074899746290334733e+05 1.075477605769227725e+06 1.533981491007292061e+05
1.857249130956423687e+04 5.950777707231074601e+04 1.478391395980609741e+04 3.032636507319256998e+04 6.928443815135861514e+05 6.963059935989644146e+04
8.753465549327022018e+03 1.600224521654444970e+03 5.776590573826129912e+03 1.501625672016690987e+04 3.546250569313522428e+05 3.321140753924493765e+04
1.916603649537255842e+04 5.523925813100031519e+04 1.186791883408113063e+04 1.678020833212594880e+04 3.176092906387900584e+05 3.679887829765742208e+04
4.178124672899094003e+04 1.430498436457735661e+05 2.213954543996991924e+04 4.293797724226395803e+04 5.522718984192510834e+05 7.318240486628605868e+04
4.536809476317209919e+04 1.865846157028118032e+05 1.796131990404428143e+04 4.665821947807768447e+04 7.320476016143000452e+05 8.730885652009806654e+04
5.687372551116141403e+04 1.443397801836295985e+05 5.472137362076192221e+04 3.430722787815739139e+04 7.852815487753830384e+05 9.906120402075858146e+04
8.441468789487034883e+03 2.391048585708601604e+04 2.594083886246326983e+03 2.300614718077317593e+04 5.231187452725623734e+05 4.788892227704459219e+04
6.010999510718308557e+03 3.690290571743370674e+04 4.457583187354284746e+03 6.744275382548874404e+03 2.988203907866892405e+05 2.689544193920788894e+04
3.144063208230829696e+04 9.819604638123478799e+04 2.334598936210116517e+04 2.075279882313407870e+04 3.663835550983455032e+05 4.894893339131365792e+04
8.414054675998004313e+03 4.228015178644547632e+03 8.800681882892473368e+03 2.029456704693935535e+04 3.232871983045523521e+05 3.492404334221456520e+04
2.972608149828352543e+04 1.706483984321777825e+05 1.555421723470739926e+04 1.957148191826321272e+04 4.910304731430196553e+05 5.702390412737004226e+04
1.526208474763929007e+04 5.035838782290285599e+04 7.434430214154638634e+03 1.565137789577144758e+04 3.660679181846003630e+05 3.739507105242124089e+04
1.312321974950582990e+04 5.154231392089048313e+04 1.180970370869872568e+04 2.318149146929093695e+04 4.798995488385523786e+05 5.040101893765663408e+04
2.249174799787057782e+04 9.870352391521006939e+04 1.115561223694902947e+04 2.322043715723833157e+04 6.033956755519916769e+05 6.077611530273897370e+04
1.893100088166413188e+05 8.157895905584312277e+05 1.210412309153503302e+05 1.336280931914110843e+05 1.369345284297589445e+06 2.450637621776376618e+05
1.017041134804040666e+04 3.582241830143352854e+04 3.266792756088729675e+03 1.348203317513941511e+04 3.357031061811429099e+05 3.185607622740356601e+04
5.477756390768300662e+03 4.230114813973332639e+04 1.315844015820764753e+03 1.113399097472005815e+04 4.267473159832968377e+05 3.639741690675864083e+04
1.231185103145877110e+04 3.208451138499246372e+04 7.328136143561861900e+03 1.429232699946212415e+04 3.679974182990376139e+05 3.596044222813440138e+04
1.334119967409164565e+04 5.210566716038644017e+02 4.240221134011117101e+03 2.438805375507375356e+04 3.993920612670232658e+05 3.974449659976909606e+04
2.766905184830288999e+04 3.483846930392437116e+03 1.024114385497560943e+04 4.281693225946490566e+04 6.415171421506947372e+05 6.709644858093903167e+04
4.746846072574539903e+03 3.418200312614185532e+04 1.774738157112698900e+03 5.715865668135399574e+03 3.042100284938368713e+05 2.550177451289369856e+04
4.003159595494213136e+03 1.469362602519169059e+03 3.186159192820006865e+03 6.389275639344054071e+03 2.989742660871838452e+05 2.444420907927876760e+04
6.902594820004458597e+04 1.026801635975303798e+05 5.615700398359481187e+04 5.821339632066206104e+04 9.486255723640837241e+05 1.194155301167037105e+05
2.439354186074173413e+04 6.728975267592938326e+04 1.481356972502278222e+04 2.566324739266055985e+04 5.404809804095062427e+05 5.767188783182231418e+04
2.963493350486056079e+04 9.729052508664496418e+04 2.292806120062854097e+04 1.974401094103210198e+04 4.659865795052991016e+05 5.496707410886152502e+04
1.757169403791930745e+04 1.292608048844083714e+04 1.288322223397103880e+04 2.220117623759638445e+04 6.073241726456127362e+05 5.708062230476065452e+04
6.157267543442864735e+03 5.888485283824458747e+03 7.045716310437172069e+03 2.173405293283085484e+04 7.032817318052944029e+05 6.045883879889167292e+04
1.788439708056631207e+05 6.210925236329287291e+05 1.186178410193468735e+05 1.465483480231370777e+05 1.118020284060496371e+06 2.233253471882786253e+05
4.833203324244502255e+03 4.291635382905114966e+04 2.516502677169638901e+03 1.287885698752435746e+04 3.921159656300147180e+05 3.540514753226767061e+04
1.186473003143352435e+04 3.368677195015086909e+04 5.681314459615885426e+03 1.281765297736639695e+04 3.438754777345260372e+05 3.304053400844850694e+04
9.430346910452789189e+02 1.483663958848422453e+03 1.349209167217211416e+03 4.590071732675468411e+03 1.907313477862755826e+05 1.555909054905249650e+04
3.586858316537080100e+03 2.714981415830757032e+04 6.924421698710954161e+02 4.993149446253437418e+03 1.573527778135239496e+05 1.448295842647603968e+04
2.566904991857662390e+04 1.346978634538948827e+05 1.772903783263236983e+04 1.137298039443877315e+04 3.456605488212177879e+05 4.269814485725680424e+04
5.749794427932596591e+03 1.563994025277336368e+04 1.440552924175469798e+03 1.909604173572913714e+04 4.625882778301125509e+05 4.114315277698256250e+04
6.761416096102043230e+04 4.696878865570169728e+04 4.103904622250088141e+04 8.625406944242143072e+04 1.220554040875006234e+06 1.411115873350434122e+05
3.395287837346426386e+04 1.389992156350286969e+05 2.560485185587098749e+04 2.044108139013199616e+04 4.036317942613226478e+05 5.430565408444747300e+04
7.459436440312086779e+04 3.306880396558971843e+05 2.855715688030601086e+04 7.467923008295598265e+04 9.926710054314305307e+05 1.292057003754671168e+05
3.096541138154409782e+04 1.989669985201035161e+05 1.346328342795928620e+04 2.535822050181397208e+04 6.766359681839983677e+05 7.262392747340860660e+04
3.851417280119369389e+04 1.677267142977522453e+05 1.608773708706073194e+04 4.236359823978764325e+04 6.978625304542514496e+05 8.132701541918022849e+04
2.422508544160702149e+04 3.933533306011538662e+04 2.495930818644211831e+04 1.333249926489749123e+04 4.034532242162080365e+05 4.587041065818466450e+04
1.377688653614923714e+04 6.935099879249843980e+03 7.392329814980779702e+03 4.410554707600127585e+04 7.691191699559622211e+05 7.520425844330561813e+04
1.170801968728381871e+04 2.487927482097010579e+04 9.985659012454247204e+03 8.669125395427667172e+03 2.461893623548097094e+05 2.601412393090096157e+04
7.526212878094305779e+03 1.081216331025225600e+03 6.898869455237599141e+03 1.905298389567869162e+04 4.326417872531295870e+05 4.074224367816345330e+04
2.845377575567622262e+04 1.350562162696272426e+05 1.679407193842751440e+04 1.887471486651202576e+04 5.109572421807383071e+05 5.682277249875653069e+04
2.367888445425781902e+04 2.254690243049288110e+05 8.539860697374724623e+03 1.702248401102412754e+04 5.068307558120057802e+05 5.662230862775501009e+04
1.963140457757930926e+04 5.803140026889720320e+04 3.766949233775942048e+03 3.833906061612584745e+04 8.191361048122063512e+05 7.692585207727694069e+04
1.753527272171719596e+04 5.267107958513722224e+03 8.365319065881911229e+03 2.234873312123739379e+04 3.881529679268894834e+05 4.007947613000946876e+04
8.340770196202212901e+03 9.233559924269608018e+03 5.849558998110514949e+03 1.125742621529789540e+04 3.704401839219781687e+05 3.298453637764466839e+04
1.319589826740593126e+05 4.918282721426637145e+05 9.533905374489510723e+04 9.032424541829283407e+04 9.492879721501235617e+05 1.701227790552436491e+05
1.710053412974205276e+04 2.222023569956334541e+04 1.027044943870363932e+04 1.730914683150128985e+04 2.828576064610830508e+05 3.237851199369487949e+04
5.471732114810235544e+03 1.458138788320628692e+03 2.800979846818616807e+03 1.013239683813832562e+04 2.480305739761652658e+05 2.254373506365710637e+04
4.219165218308111434e+03 6.384156666664967815e+03 2.483344328274904001e+03 1.258005617956922470e+04 2.634475919295746717e+05 2.479424049698203089e+04
3.776044485771197742e+03 3.139144712498248737e+03 8.243492617365786828e+02 1.194639118455974494e+04 2.977443142265344504e+05 2.593878631825312550e+04
3.993670231224008603e+04 1.119318788812871499e+05 2.158145864292311671e+04 3.684238519041668042e+04 5.580670309989027446e+05 6.903580782355200790e+04
8.666284264838488525e+03 7.823172596131185128e+04 4.545648686547310717e+03 4.493821384641675650e+03 2.654478306443339679e+05 2.571577904181016856e+04
3.950695720933294069e+04 5.254267177814688330e+04 2.724381654306408745e+04 4.025892326969636633e+04 6.845526666775596095e+05 7.859094040153450624e+04
1.594569702420479871e+03 1.052944307915649688e+03 9.586919881013322993e+02 2.588764671557236852e+03 1.495666420342092460e+05 1.169575655761481903e+04
1.149368371043198567e+04 1.357886714262396481e+03 4.871798964357182740e+03 2.471366674078078358e+04 5.245267088071909966e+05 4.862190162377997331e+04
7.682220986336928945e+03 4.640284001830490888e+04 4.341038902992022486e+03 6.171260161810844693e+03 3.049369614540459588e+05 2.746747147577623036e+04
3.551689644556580606e+04 1.028736734987444797e+05 3.070373133604737814e+04 2.108953409447918602e+04 4.907433644906805712e+05 6.086881175681594323e+04
7.855040824507648358e+04 2.455444383089427720e+05 6.166055078779984615e+04 5.504198155163683987e+04 8.165902602853468852e+05 1.185410946543604223e+05
1.683099055505973593e+04 1.223971764520544093e+05 6.899432669092366268e+03 9.796648553370263471e+03 3.075421751353542204e+05 3.414450953129889240e+04
9.506433112130245718e+04 4.786382133670069743e+05 4.814123811255695182e+04 7.554022504514732282e+04 1.260420032900122926e+06 1.633654994591811555e+05
1.911978510790005021e+04 7.942076262959606538e+04 4.514090023745142389e+03 2.775002660266163366e+04 6.049224141736050369e+05 5.910999395525987347e+04
1.576285316461150614e+04 9.039386638332731673e+04 8.538552083738164583e+03 9.599250049879832659e+03 2.972354576135261450e+05 3.248535770663256699e+04
7.335245511739388166e+04 1.525792120256097987e+05 5.419434415947268280e+04 6.238943881404052081e+04 6.491526560014882125e+05 1.027839720673148404e+05
1.642472791124082869e+04 4.030720073295188195e+04 6.949491077598173433e+03 2.092376254679268459e+04 3.939710703082649270e+05 4.094960991337770247e+04
1.197796882318401622e+05 5.030916152642237139e+05 6.461543959025496588e+04 1.042624967422453337e+05 1.349028732386357384e+06 1.906245605171284697e+05
9.253500218366725676e+03 9.288546621729672552e+03 5.781944599211771674e+03 1.035563699578069463e+04 3.077124417503352161e+05 2.833129269893845776e+04
5.449341343078713180e+03 2.166328035687153897e+04 3.787284935326673804e+03 6.106064596798481944e+03 1.931941743881363655e+05 1.845958851708217844e+04
6.276628631163684076e+03 3.410695115234739660e+03 2.306283124205353033e+03 1.167824416496625599e+04 3.289829617896312848e+05 2.857090662678490844e+04
1.637273060206056289e+04 1.334070058518914811e+04 1.558433956020728510e+04 1.361828123933231473e+04 5.027323294701829436e+05 4.734969650189083768e+04
1.425213697087633227e+04 4.705247777249527280e+04 9.262203111773125784e+03 1.159813063442516250e+04 4.287087110883610439e+05 4.039982859822727187e+04
5.467149096137856395e+04 1.634486307800208742e+05 4.112239755777052051e+04 4.188393349627339194e+04 5.804931667814118555e+05 8.379632239949295763e+04
2.557376350198294967e+05 9.783504401766961673e+05 1.377000877234284708e+05 2.429839264012274507e+05 2.206387034817469306e+06 3.660353404338376713e+05
1.214048793078880408e+04 3.943497959368630836e+04 1.160334540135074894e+04 6.911527793170377663e+03 2.884620198876032373e+05 2.948006761591854229e+04
4.008416918219328363e+04 3.495556177307030157e+04 2.043981987716861113e+04 5.612108193274140649e+04 5.543199235169545282e+05 7.320097930845973315e+04
3.727714878823611798e+04 9.040038569822369027e+04 1.825490463217643628e+04 4.633427787207480287e+04 5.417621235280962428e+05 6.973199300941449474e+04
2.158922283127151240e+04 4.144181918514076096e+04 1.298377643257804084e+04 2.291716564228110656e+04 5.385420704551475355e+05 5.423220106137041876e+04
1.611505878674187079e+04 1.153444230310252715e+04 7.505299691543867084e+03 2.786608223375043599e+04 5.868474107613957021e+05 5.587775317390896817e+04
9.758783073091844562e+04 6.089496501973193517e+04 2.943680402655692160e+04 1.577048661617878824e+05 1.512101457517681178e+06 1.887172287001418299e+05
3.366777048126562295e+04 1.107801596018656710e+05 1.855615299331795904e+04 3.066442958154739244e+04 4.826903102544738213e+05 5.981128908026374120e+04
1.956306668845671993e+03 1.808183837743040158e+03 2.000626460852382706e+03 9.092070052199953352e+03 3.527622289466180373e+05 2.878982154397092017e+04
9.479419506226608064e+03 9.792696812570000475e+03 8.929975580417982201e+03 8.694561375936440527e+03 3.247067400904885726e+05 3.010522091089009700e+04
6.057076705379851046e+04 3.296026477654863847e+05 3.328701441665584571e+04 3.937728902153956733e+04 9.067327599803435151e+05 1.094478442040817172e+05
1.160000251262903766e+05 5.411889425252323272e+05 6.421389548765154905e+04 8.885790045875795477e+04 9.004727726017389214e+05 1.552008140434552915e+05
1.559420509654052148e+05 5.400045444226999534e+05 1.119560654825557722e+05 1.198340453019672568e+05 1.085827960117289564e+06 2.021969656904760050e+05
2.524821765592053998e+04 2.377459952080925723e+04 1.335613225877913283e+04 3.764736553965465282e+04 5.115270569747709669e+05 5.836242271366178466e+04
2.992403841487477985e+04 5.411868541127754725e+04 1.504180507974385910e+04 3.344637070077347744e+04 3.636514491371046752e+05 4.874459771796163113e+04
5.070499376870923697e+03 1.735949343003774629e+04 4.939338215423879774e+03 4.016972893359738464e+03 2.883119719088494894e+05 2.419623555880288768e+04
7.680626487137748336e+04 2.873467946559874108e+05 4.526505929701271089e+04 6.284265593104248546e+04 7.491057967866911786e+05 1.125296490895143943e+05
7.687011384335951334e+03 1.904983007031665693e+04 1.594369743143707865e+03 1.203825082043308248e+04 3.089766597656207741e+05 2.785488316269516508e+04
9.099871200292063804e+03 9.674566270214027099e+03 8.551822593722168676e+03 8.310024591229968792e+03 2.880484328971180366e+05 2.729685683882040030e+04
1.568365263843361754e+04 1.104233355545570157e+04 3.938383780669832959e+03 3.512097026497832849e+04 5.847082378535708413e+05 5.745242557255677821e+04
1.030220170003487510e+04 3.204633464783854288e+04 1.599697986780835436e+03 2.127298731183524433e+04 4.698125286464303499e+05 4.349369300896326604e+04
5.635210351188167260e+04 2.949820672130603925e+05 3.242368618288960715e+04 3.875267733905315254e+04 6.509961545634996146e+05 8.987975151105652913e+04
1.133154574748799932e+05 3.282558964231402497e+05 5.337231093156681163e+04 1.184092619170906837e+05 1.209473618137793615e+06 1.741388730939998059e+05
7.114313187536630721e+04 3.685422851681707543e+05 4.768138211756409873e+04 4.016482819211135211e+04 9.744770519769353559e+05 1.224920229998198920e+05
4.962882611428426026e+04 2.338441138190181809e+05 3.375836733672964328e+04 3.062561573513655458e+04 3.933341347384182154e+05 6.642533446213608840e+04
2.004673394580495733e+04 6.933124052590430438e+03 7.770192523274035011e+03 3.788479525760718388e+04 6.431522808243654436e+05 6.408164849911241618e+04
7.120768336219691264e+04 4.795756549200426671e+05 3.255492658283836136e+04 4.519847679569863976e+04 7.057976728579308838e+05 1.056691404799397133e+05
7.827811277827802405e+04 4.091903352233528276e+05 3.402099615618817916e+04 5.962286376097016182e+04 1.144807330873491941e+06 1.388691236188526091e+05
8.813312531107079849e+03 4.549545135414117976e+04 5.777440783226580606e+03 5.436573985889600408e+03 2.506132372668122698e+05 2.405578796162813524e+04
7.689815093404694926e+04 3.253885516720731393e+05 5.704626787326430349e+04 4.665841086638857087e+04 7.848046187177775428e+05 1.145731869925900683e+05
1.947263421253282650e+04 4.993779854703087949e+03 1.282052042453521244e+04 3.278359458213138714e+04 6.389703075355283218e+05 6.357486832541596232e+04
3.463551325808139154e+03 1.617840620623607720e+04 2.284460051440434654e+03 7.835896902626733208e+03 2.664143194102273555e+05 2.324735475902520557e+04
5.667290924575030658e+04 8.157132611457427265e+04 3.342963803835932049e+04 6.656574623210571008e+04 7.675248277263211785e+05 1.001698453828781494e+05
6.135676301521701134e+03 1.204112145317556133e+04 1.930513440011775401e+03 1.433186327015754796e+04 3.714680825403007912e+05 3.289333661918359576e+04
2.303205248202755229e+03 1.023737090239959070e+04 9.387783932341782247e+02 7.563044524489329888e+03 2.291252540500903269e+05 1.974191069503987092e+04
1.622713974674081837e+05 1.923348120213901275e+05 1.045255866417309880e+05 1.849670252513110172e+05 1.803523025247162208e+06 2.595178465189540002e+05
8.659018577348626422e+03 1.582369409290346766e+03 4.889070701553515391e+03 2.226016918761890338e+04 5.517918337734799134e+05 4.936486253519304591e+04
2.394567896756438495e+04 1.885675014885489145e+04 1.901333706142793380e+04 2.462386223714632069e+04 5.471087433070577681e+05 5.706205767221014685e+04
8.670579288174476824e+04 1.230692808329332620e+05 6.322428460862093198e+04 9.252403399908720166e+04 1.156416347477993695e+06 1.529614466273435683e+05
4.087525277712460229e+04 1.687750136570359464e+05 2.515570467776995429e+04 3.239721139972350647e+04 6.804428260126400273e+05 7.960966172481048852e+04
2.827052211210754467e+04 1.919416908962510643e+05 1.044853744167003788e+04 2.016861445088838445e+04 4.329143593763650279e+05 5.223749063329199998e+04
5.116631565194589348e+04 2.437301427489985072e+05 3.481866176770911261e+04 2.937138246131180495e+04 6.897786838573928690e+05 8.674308700031478656e+04
3.830096164285365376e+03 1.209186110988581640e+04 3.038717946184548055e+03 9.975084764197878030e+03 2.376079241265299497e+05 2.240013403696594833e+04
4.328412448581257195e+04 5.339738224868646648e+04 1.353501994590744289e+04 6.521962397683333256e+04 7.929011090207155794e+05 9.129786076158915239e+04
9.784811855238002317e+04 5.168392327622530283e+05 4.878170973947188031e+04 7.492095790685471729e+04 1.101730662816466996e+06 1.545780710085925530e+05
1.205036339668905612e+03 1.246620765532612040e+03 9.426102109798803212e+02 7.753539757447193551e+03 2.753240664456476807e+05 2.249222472114761331e+04
1.151809017820068984e+05 3.416030783855164191e+05 6.473346076293577062e+04 1.121156930861383880e+05 1.287417304590098094e+06 1.820934155552417797e+05
2.275792709071097124e+04 6.904825488042956567e+04 1.380282285083593160e+04 1.795856918145373493e+04 4.273385981117337942e+05 4.622932740885081876e+04
1.011404329150057310e+04 7.068406681840442616e+03 3.120535320839533142e+03 1.509795049413792731e+04 3.294671478007189580e+05 3.068177375555312028e+04
1.818390174770835074e+04 6.930118789020219992e+04 7.036752619149034217e+03 1.616693119998821930e+04 3.793690469614491449e+05 3.928852830926649040e+04
1.083522661297184641e+04 1.881245623285618422e+03 6.285928423679679327e+03 2.015281478177494137e+04 4.464501483879749430e+05 4.194366323669091798e+04
8.835391294574864150e+04 3.577965425132478704e+05 5.954641238702430564e+04 6.572477194743955624e+04 7.792916880136338295e+05 1.255049456487747666e+05
4.440822931186298229e+04 2.166869346705986827e+05 2.890873792866599615e+04 2.699975279170841168e+04 6.265047428323434433e+05 7.752933722134097479e+04
1.301526700913279683e+03 4.189589429257639495e+03 8.311531677073818400e+02 3.909883327923245361e+03 1.351224525951341202e+05 1.142183033382858594e+04
4.209295547491523757e+04 3.633816315514969028e+04 2.402677765883565735e+04 5.434347230221929931e+04 8.244431506408804562e+05 9.218023376320135139e+04
2.320298709413011966e+04 7.114468058739784465e+04 2.203670696486846646e+04 1.384048663841891721e+04 4.244651367986956029e+05 4.782714738700092130e+04
1.024749797123491589e+04 3.333442502522967061e+03 3.756328013830050168e+03 2.728588630904646197e+04 5.074264793846115354e+05 4.825173462165382080e+04
1.020221060242798740e+04 8.357921861260318838e+04 2.658019017775653083e+03 7.856774933328868428e+03 3.032224296928510303e+05 2.922797763807071533e+04
3.660701320640675112e+04 1.546115562206973118e+04 2.042002682302222456e+04 5.268118944723047753e+04 9.922381324117640033e+05 1.001267565786197956e+05
2.768441434583868158e+03 4.743265759374977279e+03 3.708155254847471952e+03 5.010925432679921869e+03 2.387282626904962235e+05 2.015581122964136011e+04
2.588601447737264971e+04 4.639724471946214908e+04 8.607380720735352952e+03 4.470044318161941919e+04 8.867233368681074353e+05 8.585932709614968917e+04
3.576829287481205392e+04 1.441960266612601699e+05 2.058592165397511781e+04 2.668408789234818323e+04 5.946900906946492614e+05 6.807265299275150755e+04
4.821486975614274706e+04 2.270788785571871558e+05 2.776225604947502870e+04 3.672109496958545060e+04 7.259529468719738070e+05 8.863389251944790885e+04
1.285226994889811031e+05 3.891130148578698863e+05 1.055985848375986679e+05 7.943059181855975476e+04 1.048423720848454512e+06 1.712058840951730090e+05
1.490603296770552515e+04 2.399647941070394518e+04 9.268049324785179124e+03 2.474422173882325660e+04 7.754278236002095509e+05 6.852635578688848182e+04
8.217366482992865713e+02 8.391975717188638555e+02 7.330005810133328623e+02 4.947988452683569449e+03 2.316919953947319300e+05 1.817840972784653422e+04
1.844889357238862431e+04 1.512259273608487856e+05 2.486284037369075122e+03 1.755426745768811452e+04 6.728141521716167917e+05 6.174419274966669764e+04
5.475806812114135937e+03 2.002016562616670126e+04 2.862373409371101388e+03 1.404576001655958862e+04 4.521916873701207805e+05 3.898985132746573800e+04
8.740484569319376897e+04 1.363891327491418924e+05 6.749774368315514585e+04 8.087629633193965128e+04 1.333151158567173406e+06 1.620828237478502269e+05
6.355332865632738503e+03 1.983682822173146633e+04 4.014638692661823370e+03 1.340939276256206722e+04 5.208175897481579450e+05 4.380550054687211377e+04
1.266507086964985210e+05 4.031906833805039059e+05 1.038139487390156428e+05 8.104852439733990468e+04 9.272895373868106399e+05 1.637171710923352512e+05
6.616492723933960951e+04 1.840791195140868658e+05 3.160969909794627529e+04 7.996412701812223531e+04 1.256379223092584871e+06 1.433952290799512411e+05
7.221078041407134151e+04 2.792645643687178381e+05 5.174441377301610191e+04 5.095883754009033146e+04 6.303443105696017155e+05 1.015614408437496459e+05
2.362852522803512784e+03 7.562013613721129332e+03 1.455145438787288640e+03 5.927870539135719810e+03 2.116538029629005177e+05 1.791763216477259266e+04
1.560248485465488011e+04 4.149260110394345975e+04 1.758304063186408894e+04 6.606166313575052300e+03 3.349145662184229586e+05 3.514591804415456863e+04
3.082967573137913860e+03 2.078457979180078041e+02 1.235703474493896238e+03 1.077854606853548830e+04 2.056043776444097748e+05 1.924572324742754790e+04
4.702452700740227738e+04 1.368696459533794223e+04 2.338765374999527921e+04 6.231372150587176293e+04 1.017822749521140126e+06 1.073947668753214966e+05
7.344905836996161088e+04 2.578073226233897731e+05 4.115999479838912521e+04 6.182228614562510484e+04 1.006672188744010986e+06 1.261610582756615186e+05
3.160884737259092435e+04 1.644458412338881171e+05 1.107916298778324017e+04 3.110000596479028900e+04 5.550053493175642798e+05 6.430385678130127781e+04
3.618438787146868708e+04 1.400362746271933429e+04 1.442785827673203494e+04 5.529109506858048553e+04 7.258173715100100962e+05 8.073232230324136617e+04
1.240079693980051707e+04 7.749516442418894439e+04 3.972050142199932907e+03 1.558243685966089834e+04 5.293963639760712394e+05 4.819923010056484782e+04
2.007720226441543855e+04 8.696358715896170179e+04 1.060756028984261684e+04 1.671814106849875316e+04 5.034005364053986850e+05 5.029319749901151954e+04
1.219422238992251914e+04 2.743622498754127082e+04 5.003303495718467275e+03 1.498345073829892681e+04 3.748159105333033367e+05 3.549940612757336930e+04
2.724741322353556825e+04 1.711408593464521982e+04 1.220438106679278462e+04 4.130011585847505921e+04 5.070829647350997548e+05 5.888921770353426109e+04
4.470183375555293605e+04 1.849846515477775247e+05 2.282268075326455437e+04 4.108678305974105751e+04 8.737701325862850063e+05 9.633824934163221042e+04
1.166277244859855273e+04 9.354644962998156643e+02 3.437588595735619492e+03 2.197902034748105871e+04 5.120698912819294492e+05 4.590833450048773375e+04
5.490303181595314527e+04 1.203046391838302225e+05 4.126750828248200560e+04 6.004391361449286342e+04 6.779420498190451181e+05 9.649047792463754013e+04
1.818499506165424464e+04 3.537312977430245519e+04 1.022103334276830174e+04 2.387277059627816197e+04 4.457277700534499018e+05 4.693045173055477790e+04
2.684757850625906140e+05 1.029193453288711607e+06 1.832378528794986196e+05 1.965890785015278379e+05 1.708831217989331810e+06 3.337368956144090625e+05
7.972007218578164611e+03 6.388999165707838301e+02 4.065895016587315695e+03 2.181901590026745907e+04 4.815982185598229989e+05 4.404265271853948070e+04
2.611792532167331592e+04 6.442031697673045528e+03 1.214213444986891409e+04 4.616105076595320861e+04 6.039233526833491633e+05 6.704589672330764006e+04
1.336710555984555867e+04 1.362531386059310171e+04 2.037318841849313685e+04 5.708075713496559729e+03 2.407259864701736369e+05 2.822887315341529029e+04
8.345605059133845498e+04 2.937561045054016868e+05 5.553966518363448995e+04 6.563529802226721949e+04 8.436244101346781245e+05 1.248960272931189829e+05
4.812945044165511354e+04 7.020471864839922637e+04 2.171248321885580663e+04 6.191393035470701579e+04 9.297371880589686334e+05 1.033632908576983027e+05
5.110529009539261460e+04 7.795424802199461556e+04 3.236510331386909820e+04 5.362096213614146109e+04 6.848161863396661356e+05 8.811562845835326880e+04
8.111704455242150289e+04 9.879876682058416191e+04 4.439380702468634263e+04 1.182808578127795045e+05 1.421599721993703162e+06 1.731261412589006068e+05
2.634211646990818554e+04 4.388954550742587162e+04 1.439490982716841791e+04 3.018382224064908223e+04 3.509890333103238954e+05 4.563273588560078497e+04
7.778316274086748308e+04 3.357051503350986168e+05 4.288929063582536764e+04 6.211568558571747417e+04 6.176838885342116700e+05 1.047297647083657357e+05
4.730299132607915817e+04 1.445688312972979038e+05 3.069913356555018254e+04 3.837298849227001483e+04 5.426159394651319599e+05 7.423379228690518357e+04
4.654357051176566165e+04 8.266106974150735186e+04 3.374684060025987128e+04 4.190145959748428140e+04 9.012487168177266140e+05 9.820192619245927199e+04
3.045781063252738022e+04 6.547874759327701759e+04 5.761783602880767830e+03 5.577660826872425969e+04 9.184714303421742516e+05 9.272045585568776005e+04
1.302642169685595036e+04 4.833033321935211279e+04 7.635305508360261229e+03 9.761813735015088241e+03 3.387075919929192751e+05 3.287792497420863219e+04
2.952392236468166811e+04 2.217628698651796731e+04 2.855853760158169462e+04 2.745028981444997771e+04 7.621367140847382834e+05 7.708183028004698281e+04
1.047316438976044628e+04 4.384295053899994673e+04 2.381559008841946252e+03 1.816055017553473590e+04 5.525936058982302202e+05 4.857477099493770220e+04
3.856438666976917739e+04 3.237416011248547875e+04 2.274806727300288912e+04 4.605941683717745764e+04 8.230931988112934632e+05 8.759618294521783537e+04
3.590614431873765716e+04 5.066761414789188711e+04 2.177482823985967480e+04 4.128180718081739906e+04 5.907656215301349293e+05 7.029503275257202040e+04
5.430035001701722649e+03 3.983680261486851123e+03 1.394528191283609431e+03 9.877514660685723356e+03 2.557197302553653426e+05 2.246429437257115205e+04
2.609012580628531850e+03 3.934107492780852681e+03 1.994090502412979049e+03 3.874634734767323607e+03 1.793847880671717576e+05 1.487164349559059337e+04
5.871633544112342497e+04 2.624756819340742659e+05 4.320806519551928068e+04 3.424017497910932434e+04 9.827043981438955525e+05 1.131906611525087937e+05
1.722552138143471893e+04 9.295580068402308098e+04 2.246305002727745887e+03 2.508278708246708629e+04 4.875461800781451748e+05 4.970123136363678350e+04
7.745680620299236580e+03 8.796357758321213623e+03 5.466285039860731558e+03 1.078464915372025280e+04 2.048057599138914375e+05 2.144339827349363622e+04
1.020142535757446167e+05 3.575033953825682402e+05 6.843915692284688703e+04 7.992671908072993392e+04 8.776231291881136131e+05 1.423595906936705869e+05
3.221235594107462748e+04 1.150084659725133242e+05 2.437765884079321040e+04 2.077690685402255258e+04 4.519561601234489935e+05 5.599189280424545723e+04
2.631994688101586071e+05 6.387388241079116706e+05 1.567001151938727126e+05 2.736347437526914873e+05 2.377405355598905124e+06 3.827871421746416599e+05
6.019931443888121976e+03 1.225756730711427554e+04 4.311949046062585694e+03 9.723938848229796349e+03 4.025271877955355449e+05 3.393604029391648510e+04
1.876737469645567398e+04 3.566048094509246584e+04 4.633443270282879894e+03 3.383253220555195003e+04 6.801660998709294945e+05 6.480780842131986719e+04
2.816117125349415073e+04 8.355367285391138284e+04 3.007930926128910141e+04 1.002970147325847029e+04 4.039633429881603224e+05 4.880597166624361853e+04
1.548781663756772286e+04 4.630464767019114515e+04 9.157878703213027620e+03 1.562105449633281023e+04 4.789198724514120840e+05 4.551414157759632508e+04
8.403073984351052786e+04 2.091218215652767976e+05 4.701660397752239805e+04 8.283073198540943849e+04 1.022796020117960870e+06 1.368613452418361558e+05
1.061835907386202052e+04 7.868995479875268938e+04 2.343500406446428769e+03 1.579121099901460548e+04 4.560400620143354754e+05 4.271678505917853181e+04
1.270884448475186218e+04 4.057666217126133415e+04 9.599556112185925940e+02 3.044586898821865179e+04 5.448785080819288269e+05 5.283665505303199461e+04
1.742854601356877174e+04 8.474903187971413718e+04 8.070494442726911984e+03 2.114155152875648491e+04 6.244218341794828884e+05 5.922998481640188402e+04
1.044037730872508837e+04 4.948338559162624506e+02 6.026803754548833240e+03 1.537121600718219997e+04 3.418026092698824941e+05 3.256265906337770139e+04
1.882730458416620604e+04 1.041643759769961798e+04 8.801750133638319312e+03 2.663815343845086318e+04 3.975749916177255218e+05 4.309568919248654129e+04
4.930854379116345626e+03 1.226438317187142729e+03 3.144872015539215226e+03 8.900610286814548090e+03 2.752837040237513138e+05 2.395655974963141853e+04
9.171910907450990635e+03 2.945653003797322526e+04 2.493979224969169081e+03 1.607092994820698186e+04 4.928996674124838901e+05 4.295162793485441944e+04
7.621828847656925063e+03 4.248253471610221823e+03 7.414686196225969070e+03 7.492095836861153657e+03 2.733514899645887199e+05 2.517984006283010967e+04
1.559766049485471922e+04 7.048762965047630132e+04 9.825727527781309618e+03 1.587550074941352796e+04 5.524309079972850159e+05 5.205779830923393456e+04
6.650439050488832436e+03 2.097262246913103809e+04 3.602337721874826912e+03 8.736887712697496681e+03 1.958598456288436719e+05 1.971459940909450597e+04
1.449197849100846543e+04 1.413343784839355794e+04 8.904817423407364913e+03 1.893323130564553867e+04 5.244257651899959892e+05 4.837189854166142322e+04
2.624765708449922386e+04 1.329972568129311185e+04 1.327354139965793911e+04 3.608831905289720453e+04 4.025009929850496701e+05 4.977058335993178480e+04
1.045434398662587000e+03 3.097142526025895222e+03 2.440804891038685014e+02 4.729627853958724700e+03 1.800097506964686909e+05 1.450448295842932384e+04
9.992110574332740725e+03 1.645775852536545790e+04 7.444573306623634380e+03 1.800963591637338686e+04 2.633468207128875656e+05 2.987970090365813667e+04
5.677085862703625025e+03 4.774474233813447063e+04 1.100136935957731794e+03 6.059321239146099288e+03 2.433739892160011514e+05 2.194543699267012198e+04
2.824059493432836007e+03 4.016742274398410700e+03 1.981158950930270748e+03 5.468823366702451494e+03 1.759669519764321449e+05 1.536114070580524094e+04
5.222596788745804224e+04 1.807436566357490665e+05 2.476533454440788046e+04 5.682853388968670333e+04 8.366600701822718838e+05 1.015880418476375635e+05
3.175906253303167250e+04 1.402022683023086865e+05 2.378268856224261981e+04 2.104382152978226441e+04 6.808835068735368550e+05 7.250004972212991561e+04
3.210910063445669584e+04 3.417314709120025509e+04 1.901713194245670093e+04 3.677090468274489831e+04 5.257194854966072598e+05 6.187548598385463993e+04
4.680628245839146985e+04 3.042214435526801972e+05 2.364979488038434283e+04 4.018384815635712584e+04 1.002434552281811484e+06 1.108393034175981884e+05
8.606368103858114409e+03 1.998785684254772787e+04 2.271426546738141496e+03 1.406574944965032046e+04 4.118573577328329557e+05 3.602967316409116756e+04
2.127364429410234516e+04 1.097914179118496395e+04 1.491837542946557369e+04 2.616549553923169151e+04 4.618072601989263203e+05 4.986681976657760970e+04
1.583812881704851861e+03 8.995700317944533708e+02 8.974929124595997791e+02 1.006622628605241152e+04 2.614377653019720165e+05 2.256737808301762925e+04
3.049272617667578743e+04 1.430366385568845435e+05 2.724196164242481245e+04 1.403794253896203554e+04 5.460187045214006212e+05 6.189261710445808421e+04
1.619288049516807951e+05 4.804199939134119777e+05 1.088620738357742666e+05 1.423731190759036690e+05 1.652506949920592131e+06 2.462218252890520089e+05
7.470078923490436864e+03 3.806952842423208494e+04 1.813330082415308652e+03 1.087001668114625863e+04 3.637972013356692041e+05 3.204916557640463725e+04
1.337210602945670144e+04 3.384170442387410003e+04 1.405300978933512397e+03 2.406837868409908697e+04 4.481934838037709123e+05 4.330865387321532762e+04
4.187700091091885042e+03 1.015114473737234221e+03 2.020681618856551495e+03 9.601210412765722140e+03 2.800900154161651735e+05 2.410155408013069973e+04
1.944804254299211971e+04 5.858616861979860550e+04 7.276623113122681389e+03 2.682503522783751032e+04 6.193161816305281827e+05 5.982000560490013595e+04
6.743598369488398021e+04 2.142353687999954564e+05 4.262165648187359329e+04 5.985832057402411738e+04 8.835602968670765404e+05 1.154670417032710538e+05
1.636344837125446793e+04 4.156518553026988229e+03 1.151523588837023453e+04 3.905893117825569789e+04 5.443512919496945105e+05 5.944432718580525398e+04
1.749130732371828344e+05 4.439610564458873123e+05 1.344468315494225826e+05 1.392877155669463682e+05 1.581219497136231046e+06 2.492573999943168310e+05
2.702318428518344081e+04 8.269328993637950043e+04 2.414783796147005341e+04 1.514769827877643911e+04 4.656546380507414578e+05 5.267004460173477855e+04
1.699717443174538857e+04 6.940142398147563654e+03 8.333704137157068544e+03 3.226659197338403465e+04 5.305340182790801628e+05 5.420979964920313796e+04
3.419079181956210505e+03 8.954738057634074721e+03 3.198902535140296095e+03 5.992811522294919087e+03 2.500180588586840313e+05 2.134796957129719885e+04
2.811915806920563045e+04 9.816687913119833684e+04 2.254829985124604718e+04 1.874954158607145655e+04 3.347076065576153924e+05 4.556726720411187853e+04
1.247475181331364547e+04 1.853420577876897369e+03 9.573896640481101713e+03 1.560312907397306844e+04 4.001032825497887679e+05 3.818511567896242923e+04
3.796329768516145850e+04 1.535807108456285823e+04 1.229525778599349360e+04 6.071211344321353681e+04 6.179119105484933825e+05 7.507361609294929076e+04
1.043155459958081701e+04 2.384173731374289127e+04 1.848606171605115378e+03 2.393703979343450555e+04 5.056377125698846066e+05 4.680932428425979742e+04
8.298767702798979371e+03 4.141817972760375596e+03 4.845976092226576839e+03 1.283345498128823783e+04 3.855397543137417524e+05 3.402825391674615094e+04
1.558057652131651594e+04 9.329539991237754293e+03 1.374384598207205272e+04 1.691512112766827340e+04 5.115364772608864587e+05 4.844078797895733442e+04
1.943443072459087489e+04 8.372355545756110587e+03 1.120291399723433096e+04 2.541502523038102299e+04 4.493393299500127905e+05 4.695823954102533753e+04
8.488817818464051015e+03 2.327857560401027149e+04 4.153455300649541641e+03 1.012301374859015050e+04 2.778720162050179206e+05 2.620914613396430286e+04
4.465401242607253516e+04 1.548519412336420501e+05 2.498401436637144798e+04 4.135270212685050501e+04 7.178617424834611593e+05 8.541315434228771483e+04
2.556920248117119991e+04 5.813510598282485444e+04 1.332673615754745879e+04 2.765396166811526564e+04 3.731378991366483388e+05 4.622277986311228597e+04
3.164477597014391722e+04 7.571982423864913289e+04 2.055937388416297472e+04 3.729703785158158280e+04 5.159617226949390606e+05 6.417732310426911135e+04
3.144482932241023809e+04 5.309072131222431926e+04 8.658822254723721926e+03 4.027998940305468568e+04 6.872359749043351039e+05 7.079634735126238957e+04
6.039576936521759308e+03 1.915874891939313602e+04 4.498115274656409383e+03 1.382049023703058083e+04 2.623911154209610540e+05 2.678460727519401189e+04
2.092897726604381387e+04 5.914289545959341922e+03 1.101066478999372703e+04 4.376201215718572348e+04 5.577377962444412988e+05 6.234080139342285838e+04
3.927934919384097157e+04 3.764138957988247421e+04 3.027733081422345640e+04 4.093329508157773671e+04 6.101401713372319937e+05 7.446143341865771799e+04
2.374378303974428036e+03 3.392937862000467248e+03 1.467565355009742461e+03 8.487068064448985751e+03 3.090927122996953549e+05 2.542766209465832435e+04
4.756154659634106793e+04 9.192588154251431115e+04 1.752324114027668111e+04 6.629388198315894988e+04 8.109610577809402021e+05 9.662366838074219413e+04
1.312135785963929084e+04 6.614347438245918602e+04 2.943395296337599575e+03 1.434732301458676375e+04 4.094894827905758866e+05 3.857081681426218711e+04
1.389980467355984729e+04 5.570769756776100257e+04 1.119639724205556195e+04 1.026054560133990890e+04 4.110924642235746142e+05 3.987212533320203511e+04
1.077615179189278024e+04 4.234760259366263199e+04 2.126902747452439144e+03 1.554956189103106590e+04 3.653970338600630057e+05 3.461960426813243976e+04
6.724215973891042267e+03 2.253282276167355121e+03 4.902381164174657897e+03 1.153216932977794932e+04 4.272632540902860346e+05 3.617702518933899410e+04
1.342101913771926229e+04 5.012235266160049650e+04 2.531129018339349386e+03 1.569743502821370930e+04 3.541932905717057874e+05 3.449179862737343501e+04
5.522856435768306983e+04 2.612317005031026492e+05 2.890233137106795402e+04 4.619924354942224454e+04 6.948555657438960625e+05 9.300923401293739153e+04
8.217302093778099515e+04 4.534733849705292378e+05 5.546750595156264171e+04 4.280581597640910331e+04 6.413577889743304113e+05 1.088389553656476637e+05
6.374472092624811012e+03 2.747406209157444027e+04 4.865773858406781983e+03 7.947785236072251791e+03 3.248427973050319124e+05 2.889940746197984481e+04
1.461532968088585767e+04 7.370831875683528779e+04 9.680143102342015482e+03 1.587407062139511800e+04 2.622887690007667406e+05 3.263888516418527797e+04
3.749769170199063228e+04 7.097446856273425510e+04 2.489311208882663050e+04 3.558580005632460961e+04 6.290811998973267619e+05 7.264534607213010895e+04
1.139561489909489028e+05 3.550977018928530742e+05 8.665479449974776071e+04 8.461344626643996162e+04 8.809998642482403666e+05 1.524394413678178098e+05
2.305036045875457639e+05 6.183941281621543458e+05 1.522202403439868358e+05 2.109983415264379873e+05 2.055669582256304799e+06 3.298864748995524715e+05
2.542745707018522353e+03 3.764404956636703446e+03 1.951434032455908664e+03 1.072283361977035565e+04 3.028793766555276234e+05 2.624769787759983592e+04
1.061510913116044867e+04 2.748193479459717764e+03 7.042681476819265299e+03 3.829080116268191341e+04 6.851098395758923143e+05 6.656663025178694807e+04
1.415144954779407453e+04 1.517705269303499081e+05 2.736331182069630358e+03 1.112764055457901122e+04 4.613308571281155455e+05 4.474863196509449335e+04
2.627684861305282902e+04 1.324475298109051437e+03 1.220446970981455343e+04 3.987388736562561098e+04 6.056530939108742168e+05 6.409298263097639574e+04
1.236870194039875605e+04 5.276747667607003677e+03 8.585644835530922137e+03 1.719031030544896566e+04 4.120168395676292130e+05 3.944745212666108273e+04
2.536622879621917036e+03 2.018435645140503084e+03 1.430037279573614796e+03 5.040646511305340027e+03 2.241876313237606082e+05 1.807438890736004396e+04
8.728810613899309828e+04 3.344200519032523734e+05 5.194651773232277628e+04 7.130315986962198804e+04 7.300472756799121853e+05 1.202825624852251349e+05
1.173761442144854373e+05 4.946833722484787577e+05 8.062157111375837121e+04 8.028890331718132074e+04 7.794682792362293694e+05 1.479597222819592571e+05
1.924734347226125465e+04 8.051195393576269271e+04 1.355190326837102657e+04 1.116439142633928168e+04 2.432360375076077180e+05 3.123341282255036640e+04
1.206685000048099027e+04 3.951323835039443657e+04 1.205789067164124572e+04 5.313194768074292369e+03 3.286905798833730514e+05 3.166290323914305918e+04
1.864539700102261486e+04 3.447083695956190786e+04 3.754577813757995045e+03 3.593503637670906755e+04 5.962640989683641819e+05 5.967759266225053580e+04
3.789357259767406958e+03 3.585969739202322216e+03 3.103579447289511336e+03 7.581940008932731871e+03 2.111973875856871018e+05 1.914878936292988874e+04
9.731540311446487976e+03 4.206988723476221821e+03 6.260469342670319747e+03 1.085169974735401411e+04 2.660320694499938400e+05 2.570708975564891080e+04
4.419487356933100273e+03 2.981577696787790956e+03 6.830269061816961766e+03 3.177084827032834255e+03 2.398386337313310360e+05 2.066000364107911082e+04
2.472643200013528985e+04 1.013789604877507518e+05 7.749878934393775125e+03 3.143951638777228800e+04 6.609830257382517448e+05 6.703014848659036215e+04
3.030879824623180320e+04 8.166277044696989469e+04 2.277367370483816921e+04 2.317496738650837506e+04 4.527520766456709243e+05 5.478865984500335617e+04
7.402494772011066379e+04 3.234251901798813487e+05 3.382446758638135361e+04 6.616094622713445278e+04 9.103554489289219491e+05 1.217287124941182701e+05
1.487754206664731282e+04 9.922645233686867869e+03 5.371111546624722905e+03 2.006196329520440122e+04 4.584002574707701569e+05 4.270980092892268294e+04
6.651894357689151366e+04 1.850789400793896930e+05 3.447405662538491015e+04 6.702321769318358565e+04 6.799534012553377543e+05 1.000576427297056071e+05
3.407843739661378549e+03 9.827888520553055059e+03 1.675646493917003227e+03 5.995635543423201852e+03 1.994444437191945035e+05 1.733422978149275878e+04
2.933312903303609710e+04 1.026410458327459346e+05 1.392481286014151556e+04 2.827477441795618870e+04 4.375461778156340006e+05 5.329519205221124867e+04
1.908558300231751855e+04 2.997232230590053223e+04 1.839833215485064284e+04 1.262132740105824814e+04 3.892837652560378192e+05 4.130425463786377077e+04
1.196782566010517621e+04 1.531934851132469521e+04 9.942987533810062814e+03 1.147774751328792445e+04 3.912098947837883607e+05 3.654681512511718756e+04
3.314787737758826552e+04 1.306023604614940414e+05 1.666644912796772405e+04 2.740896713252114205e+04 5.883773918396459194e+05 6.561371172684230260e+04
2.137017489840889903e+04 5.526554329197743209e+04 1.492853417202315723e+04 1.588609883680890198e+04 3.712464174808901153e+05 4.132287311790663080e+04
1.343246669825610479e+04 3.456524091623591084e+04 1.192924952988408404e+04 1.276237815965923801e+04 3.616533913734607049e+05 3.694812471296431613e+04
4.456367915104917483e+04 2.519772666519412087e+04 1.286439024694901673e+04 7.665211812255252153e+04 9.833985226769812871e+05 1.075960351209244691e+05
5.969346358265329036e+04 1.245793553474303917e+05 2.527444633006503864e+04 7.174131854173532338e+04 7.740391590431429213e+05 1.015604158448781236e+05
5.658380258545609649e+03 2.568340154356334097e+04 5.470658702220387113e+02 1.595790749581700766e+04 3.654854346427525161e+05 3.330474329007226333e+04
9.687281285662749724e+04 6.369854442043888412e+04 3.300803237696575525e+04 1.513686089241880109e+05 1.396019535430579679e+06 1.797226557993440656e+05
3.827059963746993890e+04 8.399352602577855578e+03 2.514720493264274774e+04 4.798960407171493716e+04 9.928507455440175254e+05 9.973495672778291919e+04
4.716247640188298647e+03 6.787055699990631183e+03 4.034399649941487496e+03 1.421326081189955949e+04 3.218701712838333333e+05 3.015079619636867574e+04
2.835920168667182952e+04 5.634384830194877395e+03 1.266532711995120371e+04 4.616441647909635503e+04 6.808461739730249392e+05 7.240680056465390953e+04
4.448764053454245004e+04 3.012980904583327720e+04 3.283144240719461231e+04 4.940016846125886514e+04 7.301289925647086930e+05 8.708983997994063247e+04
3.291620784904661559e+04 1.310380971617703181e+05 1.189099232301364282e+04 3.798480182654444798e+04 8.347728830814813264e+05 8.493131961450661765e+04
1.417576938308809758e+03 2.150646489015565237e+02 9.884207311506065707e+02 7.409942395425531686e+03 2.565942868444714404e+05 2.104581350939948970e+04
3.506104211477145145e+04 1.176449646952573239e+05 1.979218152394212302e+04 3.637960995729836577e+04 5.655563274923295248e+05 6.884158251200614905e+04
9.443910289942275267e+04 8.570107876550120636e+03 4.936076376653774059e+04 1.429512694541713281e+05 1.543995774595672032e+06 1.901913991210458626e+05
3.211752771772432243e+04 4.856636965046259866e+04 1.940650986615569491e+04 4.464679584691383934e+04 5.603347169298292138e+05 6.864495644746672770e+04
8.034787673800562334e+04 3.435264695121963741e+05 5.726957602133450564e+04 4.882791546946752351e+04 7.514372447638609447e+05 1.143035080943559005e+05
4.068258686393299286e+04 3.711605473382312630e+04 3.214493402512011380e+04 3.994211816714073211e+04 6.726113519236088032e+05 7.899413156620707014e+04
4.027410221869810357e+03 7.244265613410299011e+03 3.370850546285043492e+03 1.569273076976039738e+04 5.580201938384280074e+05 4.643971469533872005e+04
8.708525208291357558e+04 2.805540344065544778e+05 5.469648778004398628e+04 7.001103821819349832e+04 9.522117456451921025e+05 1.331615918613607937e+05
9.429192114505347490e+03 8.465421118475425146e+02 3.258858316502708476e+03 2.513774372968072203e+04 4.879447694018532638e+05 4.563256455234611349e+04
5.073247374606894482e+03 1.414428267994695489e+04 5.062135833508822543e+03 4.326463851148618232e+03 1.935527658483870036e+05 1.785659059208590043e+04
1.621999444086177937e+04 1.202966950159151384e+04 2.392870228753979245e+04 9.778923947946314001e+03 5.433500595569700236e+05 5.187780331171659782e+04
2.514636277327960215e+03 1.365530790967382381e+04 1.516187703224463576e+03 8.493487034828380274e+03 1.789301635830318264e+05 1.720454476223074380e+04
7.946101033650986210e+04 4.213310289888863335e+05 3.451906536198117101e+04 6.814696506733576825e+04 1.115219155306902248e+06 1.415488275568827812e+05
3.508172792315387051e+04 1.300943353796443116e+05 1.919354912797239012e+04 3.865573322124977130e+04 9.901681735568045406e+05 9.878785923379159067e+04
2.551136612236252040e+04 9.817139614676681231e+04 1.029274130064429119e+04 2.931847321111712881e+04 4.806831051631828886e+05 5.488165418497011706e+04
2.482214848301006714e+04 1.996474016981893146e+04 1.743852372312306761e+04 2.604396760984512730e+04 3.257253133613342070e+05 4.218998377718593838e+04
1.089533339537628490e+04 8.829972027892665938e+04 1.748420387656886533e+03 1.987840822233342988e+04 4.688836013373991591e+05 4.564768341781295021e+04
2.075382998178083508e+05 6.193444124733841745e+05 1.430356971906540275e+05 1.698971089589488984e+05 1.733459268326116493e+06 2.857171331187764299e+05
6.596584193199338915e+04 1.343976175067975128e+05 2.136075114022672642e+04 9.334407080314021732e+04 1.158874664189016679e+06 1.360112974373286415e+05
6.275161893550272907e+03 8.050363237226698402e+03 4.551909435516196936e+03 8.531126550032093292e+03 2.997964382670081686e+05 2.638234697512798448e+04
3.193185076113693140e+04 6.450960414247939480e+04 1.589537262557777467e+04 3.810730256686596840e+04 5.460713614862803370e+05 6.400370179259258293e+04
2.419648407423817480e+04 5.754563909963319020e+03 1.257724469315115857e+04 3.775415958357135241e+04 5.799252980613724794e+05 6.178389821485925495e+04
1.035465986073889144e+04 4.838213969039141375e+03 7.334851417103350286e+03 1.199336284533137768e+04 2.946579558838336379e+05 2.864307423257721530e+04
1.915265335801200708e+05 5.979110605395182502e+05 1.214710467120531976e+05 1.751845649109275546e+05 1.311750008075820981e+06 2.493874985184292309e+05
1.958416729882513027e+04 1.267571428323138243e+05 7.240521151679745344e+03 1.799169126173511904e+04 4.801300011545154266e+05 4.982109366337319807e+04
2.272549203049645803e+04 3.738761713051043625e+04 1.776122723256296376e+04 1.834327262064927345e+04 4.035847536932174116e+05 4.494570566114292888e+04
4.683512899473269499e+04 1.511896507006396860e+04 1.718361140323308427e+04 8.460956382692384068e+04 1.186787855601866497e+06 1.262374796035656618e+05
2.952021179800213213e+04 6.543773056948263547e+04 1.333939262165828222e+04 3.869974212144551711e+04 5.917490731035441859e+05 6.628792920130182756e+04
3.505804853051383980e+05 1.354213930861795321e+06 2.570213214273454505e+05 2.399237952095622604e+05 2.013968011999933980e+06 4.217418468912110548e+05
5.444167484305641665e+03 6.702333417578351145e+03 3.698420012171737199e+03 1.086618987724283397e+04 4.001708710857666447e+05 3.375475135584393865e+04
2.278698900492340035e+05 9.508063775345823960e+05 1.715232004227503494e+05 1.339801371172635700e+05 1.734159264018982183e+06 2.982017436703983694e+05
1.838215932126241023e+04 3.118053940233903995e+04 1.971087849086050119e+04 1.034879001215216340e+04 3.343255039611074608e+05 3.720577216654274525e+04
1.742756690348670645e+03 1.438420757218052131e+03 1.562244743887177947e+03 8.712531067393972990e+03 2.425093825040474767e+05 2.099536651534369958e+04
7.679598384932933550e+04 4.151510940118073486e+05 4.718416905128945655e+04 4.415433783993861289e+04 7.424474549888027832e+05 1.107812852211933787e+05
3.195645355231505528e+04 7.531132199781533564e+04 4.102209209550690503e+03 6.224974020649706654e+04 1.002107296364229871e+06 1.010438328906300449e+05
2.604848350894975010e+04 1.863601131432934781e+05 1.554218237924021014e+04 9.445351897452774210e+03 3.807923418483839487e+05 4.580256362652712414e+04
1.182791347167605409e+03 5.540624682238047853e+02 6.035112411312971972e+02 6.403871746119400996e+03 1.611923203260381997e+05 1.402503004986417727e+04
6.489467281534017275e+03 1.621238927808702329e+03 2.626354253008480555e+03 1.071634525155140182e+04 2.859957360959271900e+05 2.529409857168910457e+04
1.564789926016360114e+05 5.834866485363288084e+05 1.059351966573791724e+05 1.182882080076305720e+05 1.379157746696215821e+06 2.207828422342023114e+05
5.639488414886483952e+04 8.629794987597242289e+04 3.170978597615770195e+04 7.498729481858400686e+04 7.890040525140932295e+05 1.049150483309680276e+05
1.225452601385035996e+04 1.458153162217902900e+04 9.530148791558756784e+03 1.306551433857265511e+04 3.087664320651654270e+05 3.150519408790444868e+04
6.250075036131526758e+03 4.868550464592048957e+04 2.499888512875237211e+03 7.338797891218539007e+03 2.893912692003997508e+05 2.626905174438816903e+04
1.913049514850609739e+03 1.400617299899166755e+04 3.165452450433667764e+02 2.371901251516781940e+03 1.226290435583277140e+05 1.014988413739855059e+04
1.797908780736271865e+03 1.702443657718839631e+03 1.118087405368021336e+03 9.115395804643356314e+03 3.228227975199340144e+05 2.640097480819093471e+04
3.894372310922484758e+04 1.950848122898947622e+05 1.983723032340299687e+04 3.044109810983242642e+04 5.743327988156309584e+05 7.059710518610935833e+04
6.539209255946233498e+03 4.019723622927124325e+03 1.873717029637011592e+03 1.583038194239715995e+04 3.524462063577430090e+05 3.187022052230589543e+04
6.859564701638271799e+03 6.216922804135455954e+04 2.478729815470675021e+03 1.040207253158757339e+04 3.298450685902319383e+05 3.103306481453993547e+04
1.038257688770086497e+04 9.760066019867486830e+03 6.139181838253891328e+03 1.719028869644138467e+04 4.367317113877680385e+05 4.027691965981024987e+04
3.553821516396292282e+04 3.960758898625053553e+04 2.546727603271995395e+04 3.885854421994053700e+04 7.997455686528572114e+05 8.429977591208902595e+04
3.154793320439247054e+03 1.268086486887849605e+04 6.359690500556222332e+02 7.495998984693913371e+03 2.632595144499951275e+05 2.199779794466398016e+04
1.029765331792382858e+04 8.850985242050617671e+03 8.678205978593348846e+03 9.136112667580131529e+03 2.548358923420798383e+05 2.545027632734617146e+04
2.793630463605781551e+04 1.079307663467899256e+05 1.768325299907131921e+04 2.618487450444150090e+04 5.317401527604047442e+05 6.056752099935115984e+04
2.334269214016463593e+04 1.114346066941960271e+04 8.327115333811392702e+03 3.566217696905200864e+04 3.879238168547993992e+05 4.635842993781344558e+04
1.798706973446264237e+04 2.713236399705784788e+04 1.090766447110360787e+04 2.493737857750375770e+04 4.915152181532227551e+05 5.037980464603599103e+04
6.727897942050981510e+04 2.426817938114008866e+05 4.681938094277639902e+04 4.849080256095882942e+04 6.934037000903321896e+05 1.007538570804234914e+05
2.863640073140400636e+04 2.949275015876960242e+04 1.628725810603503305e+04 4.624633028555783676e+04 6.560562002026533009e+05 7.351815625262180401e+04
4.501600437937202514e+04 4.237525560777000646e+04 1.198618014222846068e+04 7.096984888804923685e+04 1.128054044273091014e+06 1.152272994338557182e+05
1.133036387354415820e+04 1.977555743673704637e+04 6.438309589539381705e+03 1.507473144235863401e+04 2.979830054967681062e+05 3.061255361039648778e+04
9.485927183651448286e+04 4.044170132979561458e+04 3.850559004369622562e+04 1.549541605200102204e+05 1.344183734425666044e+06 1.790768818892364798e+05
7.302338005582022561e+03 5.406263036552455560e+03 4.949697171097815954e+03 1.322826070407771294e+04 3.758255299307660316e+05 3.366067097884846589e+04
3.212743427427782080e+03 1.948286795844610970e+04 1.747987272850708905e+03 3.449414717745194594e+03 1.655380242668858846e+05 1.441117412973693354e+04
2.479507597519584306e+04 6.974710219229939685e+04 1.462098093455726666e+04 2.633361469171101635e+04 6.697878978236955591e+05 6.671069471066855476e+04
9.369687439940295008e+04 2.890884465711758239e+05 5.844586534011661570e+04 7.849620001591855544e+04 1.058988479857889935e+06 1.462187159058875113e+05
2.362023504783356111e+04 1.361574730024534256e+04 1.077607132254311909e+04 3.850920262066592113e+04 6.567843196766499896e+05 6.690727176585103734e+04
2.694204357830360459e+04 2.195039397463904170e+05 1.315690577666008176e+04 1.191927468309659707e+04 5.369484087255659979e+05 5.803565610870270757e+04
2.027713863004293817e+05 6.158772605079177301e+05 1.104038303041335603e+05 2.027762513009360700e+05 1.844699517820993438e+06 2.938278842707399162e+05
1.376717972797128459e+04 1.458840707326816482e+04 7.363249379525075710e+03 1.579953107701491172e+04 4.224735078785972437e+05 3.945558532783293776e+04
2.118120254498338327e+05 9.541276391263474943e+05 1.496534463989510841e+05 1.285512703290340869e+05 1.311012363184698625e+06 2.580228015170755389e+05
2.532454403461945185e+04 2.076001845142079037e+04 9.438613609032578097e+03 3.820244083768427663e+04 5.541974126418208471e+05 5.964548902182187157e+04
1.557673590921710456e+04 4.321582592999724875e+04 1.253386349191689806e+04 1.102718683982791117e+04 2.815376255930015468e+05 3.146354726957603270e+04
2.819608568524873772e+04 1.927802511381018485e+04 7.753025213250652087e+03 5.237281115874621901e+04 9.011665214098513825e+05 8.859014887045959767e+04
9.612911972643637273e+04 3.055884852885793662e+05 7.094537101223961508e+04 7.032855931524923653e+04 7.202446196070398437e+05 1.259463067112328572e+05
2.087474224974612298e+04 3.561429921613779152e+04 7.881232398013927195e+03 3.176069670263248554e+04 4.963146270350748091e+05 5.290297204460693320e+04
3.936622654927617259e+04 7.603729029387033370e+04 2.327119463660318434e+04 6.457721522536471457e+04 9.284463140032571973e+05 1.054412464377584256e+05
7.866097347489642743e+03 2.767275794174602561e+04 3.297076426148012615e+03 8.305989555443869904e+03 2.587387259795981518e+05 2.394883705255971654e+04
3.399366421915434330e+04 4.788607412919987109e+04 1.735091844802721243e+04 3.941711319054936757e+04 8.163703533182786778e+05 8.258124138749908889e+04
1.714176721453370874e+03 1.134494981172905136e+04 6.076727448096796707e+02 5.493568761316447308e+03 1.582583883590608020e+05 1.395171088437469916e+04
1.231141199683595332e+05 4.791185161618294660e+05 8.783786117868853034e+04 8.457287819866045902e+04 1.314588968963283347e+06 1.882296730436899816e+05
5.659911138384171500e+04 2.813728835352496826e+05 3.181008828235539841e+04 3.753556978212900140e+04 7.316688812748056371e+05 9.381762450385010743e+04
2.783085685640735028e+04 7.540960679918398091e+04 1.402583789752158737e+04 2.668697353840670621e+04 3.745011240381918615e+05 4.703318870290069026e+04
1.615063224708346570e+04 3.792884939813686651e+04 7.293628355480977007e+03 2.026386664097574976e+04 3.193111133733386523e+05 3.566030856455206958e+04
1.670624571249937799e+04 7.020682856368857028e+04 1.001873226718797923e+04 1.124555279251589127e+04 2.293756245925434341e+05 2.830495595363095708e+04
3.804834010794614642e+03 1.445566894527356089e+04 2.459356066838804054e+03 1.597917525974917407e+04 3.476255507308540400e+05 3.238201358581500608e+04
3.723415361871517962e+04 2.393821671292517858e+05 2.611020010354485566e+04 1.260844383970931631e+04 6.183136349408375099e+05 7.038726236327191873e+04
3.187122326338205312e+04 7.221099465610616789e+03 1.603811501965586103e+04 4.847882769247170654e+04 6.866789725920314668e+05 7.537810670418087102e+04
6.973059970478665491e+04 1.264133583448349236e+05 4.499369765557460778e+04 8.567321657868199691e+04 1.159255447540889028e+06 1.423610835719796887e+05
3.130414178153089961e+04 1.347634173275122885e+05 2.371775324317633203e+04 1.580830957076005870e+04 4.201363796577612520e+05 5.229782947473674722e+04
8.114488265929206136e+03 4.978816186003774419e+03 1.215874725227735871e+04 4.397463928601219777e+03 2.448834769144041347e+05 2.394698677040894472e+04
1.453750063581090762e+04 6.866547166684361582e+04 1.272886398178092350e+04 6.159184702147595999e+03 2.658746379525081138e+05 2.955193526043794191e+04
1.592239589314354089e+04 4.861968114505756239e+04 5.111673415082716019e+03 2.316918422539532912e+04 5.709050720188712003e+05 5.348443997360041249e+04
7.297350975194154307e+04 2.174473999214409268e+05 3.598332750273447891e+04 7.911413030898828583e+04 9.986167257949194172e+05 1.292100732506305940e+05
2.359436763528667143e+04 1.331211916569888999e+05 1.693530221301503843e+04 1.035712656091081772e+04 3.820199003563995939e+05 4.426413902076422528e+04
1.592791649703221447e+04 1.821502886691791355e+05 4.100700009206321738e+03 1.328778100011516835e+04 5.472983885808417108e+05 5.359865703836315515e+04
3.281359204470930854e+04 4.974987642764030170e+03 9.434581869451101738e+03 5.855435045693469874e+04 7.902985112944460707e+05 8.394569760775580653e+04
1.352822392599177510e+04 3.542927678824579925e+04 1.091133945705509541e+04 1.153428312330606241e+04 2.664887033133498626e+05 2.959600238149512734e+04
2.109013513969546329e+04 1.360268445224807074e+05 1.146391712572278084e+04 1.251375641402342262e+04 4.218021798567738733e+05 4.570018827849848458e+04
2.058092110671009141e+04 2.398695919077419148e+03 1.077458501087639343e+04 2.802093018182519518e+04 5.203192331563191256e+05 5.243049150019386434e+04
1.407465170422544907e+04 3.221152443789411700e+04 1.416588017308916460e+04 6.580133859058838425e+03 2.489022048653232341e+05 2.741675157035331358e+04
1.367024746094467446e+04 1.203014327865333144e+03 3.325984158652701353e+03 2.573916823391637445e+04 4.864185111350781517e+05 4.584843565028138983e+04
1.410700984397893808e+04 5.963171065988273767e+03 7.343278147399372756e+03 2.739082824675325901e+04 7.232063736633546650e+05 6.448883229764319549e+04
4.393619234094194690e+04 1.701942876020947006e+05 3.182555722242707998e+04 2.684263442322331321e+04 4.122204770177641767e+05 6.200293507256433804e+04
1.547112052345009761e+04 1.540403017355382872e+04 6.465980782350345180e+03 2.188938282074573726e+04 4.280365095904713380e+05 4.223703313738410361e+04
7.994446589690042856e+03 9.488645184164879538e+03 1.557881675976994984e+03 1.978316683794324854e+04 3.832239081255096826e+05 3.586210683774786594e+04
5.986368354232463753e+04 4.104737945955059258e+05 3.962101841303329275e+04 2.168364592604986683e+04 8.027980214866388123e+05 1.011878062123201671e+05
6.391027946642792085e+04 2.989144416178017855e+05 4.320247000177230802e+04 3.739858429748343769e+04 5.915042119145657634e+05 9.010716216059926955e+04
3.513339706397603732e+04 2.163325842974592233e+05 1.798264751512116709e+04 2.464645560083332020e+04 5.853736289515834069e+05 6.897115022346806654e+04
4.569022956033368246e+03 2.708801254913221783e+04 2.481513000049058519e+03 1.095738074746525672e+04 3.433085233468916849e+05 3.045537690340733025e+04
2.545352705803271601e+04 1.497774050389498007e+04 8.980341729253403173e+03 4.620903858787425270e+04 7.262193395713140490e+05 7.435245073646193487e+04
9.529715423909291303e+02 1.988292141541222236e+03 8.553638821973522681e+02 4.617767874655733976e+03 1.509663583058381046e+05 1.270911314740577291e+04
6.800783476947000599e+04 1.936109450913035253e+05 4.382753849422516214e+04 6.007074399336502393e+04 7.009953103690257994e+05 1.027833576777750277e+05
3.024858291340954020e+04 8.716076143806808977e+04 1.942574017825880219e+04 2.289752701734074799e+04 4.594952002960265381e+05 5.394549827024975821e+04
2.110118352104055884e+04 1.109453396094238815e+04 6.645599670742714807e+03 3.124728529887767218e+04 5.364268915770823369e+05 5.362304756970780727e+04
7.486707416543419640e+03 3.850819986078632837e+02 5.649033674128087114e+03 9.933361072243938906e+03 2.778591630951801781e+05 2.563465975036398595e+04
1.119380680152496461e+04 4.381318972524358833e+04 1.018314794349074873e+04 4.589438663878232546e+03 2.728797115337263094e+05 2.698637018985288159e+04
1.137609169643969508e+05 4.890224468483199598e+05 7.976650959118983883e+04 7.021356186805263860e+04 6.849336593953568954e+05 1.363967974782551464e+05
8.921083387478685472e+04 3.244552358388173743e+05 6.118226747228962631e+04 6.826292938274746120e+04 8.633697193463169970e+05 1.313634462633913208e+05
2.098526014351288541e+04 5.024060006851482467e+04 1.572670222747539810e+04 1.827983810037445801e+04 4.601390879390692571e+05 4.847965175371221994e+04
3.401161366852817446e+04 3.045605738837477475e+04 8.113535389997839957e+03 7.194982518698234344e+04 9.863489154249442508e+05 1.038802956313276372e+05
4.404741765201459202e+04 9.271379969020943099e+04 1.419423757784402369e+04 6.565074811121253879e+04 1.040630631466376013e+06 1.103842315652019606e+05
2.295429786845612034e+04 1.210231130257984842e+04 1.446440967725800147e+04 2.990032682297043357e+04 4.393125189075740636e+05 4.990252976330550882e+04
4.247610462963967439e+04 2.889200341559090703e+03 2.335171875725126301e+04 5.819081323169206007e+04 6.833797647189110285e+05 8.248628052571100125e+04
2.742478765859591022e+03 9.474800243454959855e+03 4.209248679904271739e+02 8.802401567445256660e+03 2.447638632643353485e+05 2.109320937930119908e+04
2.479976839651931732e+04 2.038640195599948638e+05 1.032851561034202132e+04 1.121269786771705367e+04 5.013154977581915446e+05 5.332648546430797433e+04
2.350197845259753740e+04 1.075399661967319844e+05 5.979096407288088812e+03 2.846526322821233043e+04 5.834540976031863829e+05 6.001211542883176298e+04
1.329821633465523155e+04 1.303738402866345723e+03 8.082018451472305969e+03 2.902512241880203874e+04 5.748934275426453678e+05 5.534031422640125675e+04
3.266534506082365624e+04 4.973217076663338958e+04 1.415727646834117149e+04 5.128894402644860384e+04 9.922422646966524189e+05 9.849316018834582064e+04
2.033762325091737875e+04 1.891297067149421491e+04 9.745466351273718828e+03 2.830642691184129944e+04 3.504925156982450862e+05 4.151046880823398533e+04
2.311726224042101239e+04 1.223368092005029030e+05 1.478531190099859305e+04 1.241273457376113220e+04 3.180597503497478319e+05 3.943136534803617542e+04
1.023493460993895951e+03 4.293001111764448069e+03 5.833466966939681697e+02 1.582556832370297798e+03 1.161975851441112172e+05 8.994863013181317001e+03
4.984038523043000168e+03 1.710232924262244342e+04 9.197632607890909640e+02 1.357868181449060648e+04 3.079592725536333164e+05 2.809585247041754337e+04
1.337862382908825202e+04 3.680612487418625824e+04 1.093048657165720397e+04 9.300102700963623647e+03 3.050229083759970963e+05 3.125390677992524070e+04
1.120099403271008778e+05 3.756529707892435545e+04 5.836138684313797421e+04 1.611736862044452573e+05 1.861447693492332008e+06 2.250974430875770631e+05
1.349403797518332249e+04 8.044996523440128840e+03 6.879913743667302697e+03 1.753154772865776977e+04 2.947746176098508295e+05 3.111772619305031185e+04
1.132582410835369956e+05 3.853584695678067510e+05 7.790451848424212949e+04 8.653690097370516742e+04 8.464033376308894949e+05 1.487071947261038586e+05
5.790762075908394036e+04 1.569507674836738734e+05 3.880543702621349075e+04 5.107950414056416048e+04 6.034645722088139737e+05 8.817918742427170218e+04
1.720511621859815568e+04 1.901932194960345441e+04 1.430661530452360057e+04 1.769832164047066908e+04 3.050297392203032505e+05 3.562735370092494850e+04
1.035854672609600821e+05 4.107085636925672297e+05 6.816145665920898318e+04 7.096277952031618042e+04 1.021498980945126037e+06 1.504957247589912731e+05
7.113470435418591660e+04 1.773091698969366553e+05 5.022385862456871837e+04 6.096667326784009492e+04 5.833840546353110112e+05 9.722887417113779520e+04
1.916908130980618807e+04 4.569525467870007560e+04 1.248138739287530734e+04 1.923674674867751673e+04 3.373063270595115609e+05 3.902679601107737108e+04
1.412064026972102292e+05 5.384896327439745655e+05 1.076472108175751346e+05 8.834544459734963311e+04 9.114571962785384385e+05 1.742978033145876252e+05
2.164044932459129996e+04 3.538513868865659606e+04 2.859603823706012918e+03 4.704633230499942147e+04 7.187340070549891097e+05 7.259863660547278414e+04
1.590924528968670929e+05 3.144559651779265259e+05 1.001890022876654984e+05 1.643150650977288897e+05 1.555620879304320784e+06 2.376777055145443592e+05
5.785630638216842635e+04 1.799703830772307992e+05 4.978298858146420389e+04 3.553094275615829247e+04 5.703707144411158515e+05 8.479358501837019867e+04
8.403968110210587838e+03 2.476572516605449437e+03 5.223004792997117875e+03 1.930710922406547252e+04 5.185869827778299223e+05 4.598438452259142650e+04
6.545780012440306564e+03 6.399186275666506845e+04 1.535105390043625675e+03 4.218723916796890990e+03 2.274933931785133900e+05 2.103631142320824438e+04
1.061186959667789961e+04 5.369058607574156667e+03 9.863128370043674295e+03 1.221092682173333378e+04 5.131263746398123913e+05 4.455171295762818045e+04
7.975158744422215386e+04 3.286393331250119372e+05 4.624738322481551586e+04 6.591537125124757586e+04 6.941390547737014713e+05 1.126883266263822006e+05
1.179758271258513378e+04 1.709300327896945873e+03 6.153446202271621587e+03 1.639827328268524434e+04 3.600514779573117848e+05 3.436916456432365521e+04
6.267806164807108144e+04 1.467082878122382972e+05 3.447490570337652025e+04 6.660252610921094310e+04 8.453105935215391219e+05 1.090913654746037937e+05
1.481230002558643173e+05 5.449600540317421546e+05 1.235366125322471926e+05 8.696190395400366106e+04 9.839172230347294826e+05 1.857156056183460460e+05
2.552867239195402726e+04 1.555741176198394387e+05 1.886861474998124322e+04 1.101236745060648900e+04 4.414535432334581274e+05 5.050212194159176579e+04
4.019018583725478948e+03 2.404864245604177540e+03 2.668875245586344136e+03 7.384418110445647471e+03 2.384219749167343543e+05 2.064476176839191976e+04
1.007085678992737667e+04 7.652654236569415662e+04 6.745193728762613318e+03 5.387518638197777364e+03 3.004451916815627483e+05 2.933763428579386891e+04
2.674918048856117457e+04 5.677767098183289636e+04 1.256798499885425736e+04 3.273811833778474829e+04 6.089703841247590026e+05 6.398950697808906989e+04
5.782248129971991875e+04 1.790126853098236606e+05 4.419026046441059589e+04 4.211766542055658647e+04 6.413732624705415219e+05 9.008927545601504971e+04
1.991626856651527851e+04 3.505810001312069653e+04 3.909385255111442802e+03 3.182931784535207771e+04 5.451885500095860334e+05 5.448152184775271598e+04
1.537638431513017531e+04 5.947619923656040191e+04 1.444112943696980801e+04 1.270177375022728120e+04 2.556139525638385094e+05 3.210377796989512717e+04
7.595466294043666858e+04 3.106177302304807818e+05 4.540816054880400770e+04 5.915044722734261450e+04 8.311461812833180884e+05 1.175910422373694601e+05
2.223804806379753245e+03 2.278321269817202119e+04 6.857469659946439151e+02 2.217389334896296987e+03 1.753072592210772564e+05 1.421650586371877944e+04
8.683171089478100839e+03 1.579975956630709152e+04 5.964250779855979999e+03 9.285249962263462294e+03 3.682160927425747504e+05 3.231744361733672486e+04
1.322819140244771370e+04 5.826681404541222037e+03 4.545526356136703725e+03 3.015199930199247319e+04 5.459746727348970016e+05 5.260403635263922479e+04
8.524621654364194910e+03 9.766219523830277467e+03 6.200755163584824913e+03 2.946455912766889742e+04 4.982141102487096214e+05 4.998927205913609941e+04
1.913006603224079299e+04 6.364655897626133083e+04 9.861659879551534686e+03 1.920244218483407167e+04 5.136883821396285202e+05 5.063342924247419433e+04
2.576135420727991732e+04 1.622992669158671051e+05 1.354955658559878248e+04 1.469791462821959794e+04 4.600820036470406922e+05 5.146134905767691816e+04
1.580189150441274023e+03 2.118776024790193787e+03 1.225813404453909698e+03 6.028671899410912374e+03 2.306208568221039895e+05 1.887078009151779406e+04
4.779581583517671243e+04 1.520095472451171663e+05 4.255387654110474978e+04 4.594790744633052236e+04 6.640412189426606055e+05 9.130456781392583798e+04
9.392185572584041438e+03 1.807103187223364785e+03 3.704526329824835102e+03 1.482527209413695891e+04 3.171548518874186557e+05 2.972181596005032407e+04
4.323165436182928534e+04 1.556923183194189623e+05 2.597241246350963775e+04 3.396909298791953915e+04 6.633663696645821910e+05 7.887672957706546003e+04
5.268740502503843891e+04 1.807616262722915853e+05 3.876505980598853057e+04 3.579728688085266185e+04 4.874029358061482781e+05 7.462312459207003121e+04
6.182411661119388737e+04 2.232482052073618397e+05 5.075369669292574690e+04 3.756978943825359602e+04 6.611368439661524026e+05 9.437990551603802305e+04
1.320351656422914130e+04 1.907971342271845424e+04 5.789412146662952182e+03 1.687718816285093271e+04 3.502506516892179498e+05 3.462894073793619464e+04
1.888593293443270159e+04 8.150101244250574382e+04 1.638128181382132243e+04 8.201267648096878474e+03 3.623527243325684103e+05 3.917390915559283894e+04
3.499912689599354053e+04 3.195400540399067686e+05 7.770876645461080443e+03 2.870168547516049148e+04 6.787952095205684891e+05 7.779208829736718326e+04
2.612142574788035199e+04 2.259212014322076720e+04 3.385040931203910441e+04 9.877193675411137519e+03 4.323452700774877449e+05 4.925574550797140546e+04
2.760382207620734698e+04 2.459834670350710439e+03 3.154776369795731080e+04 2.141543561528295686e+04 5.883509707038276829e+05 6.297740982548290776e+04
4.971980355352033075e+04 1.566218207642361813e+05 3.437071363778536761e+04 4.935176726606889861e+04 5.295915842203523498e+05 8.050125051886271103e+04
1.201428864778562456e+04 2.399586561453454124e+04 3.621191527772384688e+03 1.697349271036771825e+04 3.792979849664965877e+05 3.593472416277958109e+04
2.106442705344726346e+04 1.792308965206127687e+04 8.140222100278990183e+03 3.246475824473968896e+04 6.849981336591300787e+05 6.514854045426521770e+04
1.299792547440735689e+04 2.278588418876296055e+04 3.289817691244770231e+03 2.558247542905733280e+04 5.209209188340469263e+05 4.915035486812423187e+04
5.002284581859503669e+04 9.146000972034050210e+04 5.355557869716934511e+04 2.575084561087732436e+04 6.576881087485770695e+05 8.349164518522957223e+04
8.147682177922700066e+04 2.343174050402443390e+05 5.469934832067233219e+04 6.912883742364979116e+04 8.235320710372561589e+05 1.218215510449697613e+05
1.030872801598774458e+04 1.002225975149722763e+04 5.034974950092760992e+03 2.584853321777535166e+04 4.618222777587239980e+05 4.541658134008041816e+04
1.294098905668105726e+05 5.770588804937447421e+05 8.524719090062074247e+04 8.673593679803030682e+04 1.081691686824484495e+06 1.772716972130324575e+05
1.606686665131412155e+04 9.906051636796414095e+04 1.187072355039194554e+04 8.127699428706804611e+03 4.193685385957137914e+05 4.189977207608889876e+04
8.505373013946780702e+04 1.353255818059572193e+05 3.834517169042381283e+04 1.131395050009108818e+05 1.137471851717411308e+06 1.508905588932635437e+05
3.696803148795978050e+05 1.005958509255584679e+06 2.590338570370102243e+05 3.308736295999996946e+05 2.675812144093790557e+06 4.910219407135377405e+05
1.379763207790571905e+05 6.820513408752335235e+05 8.874862193720511277e+04 8.632498510827480641e+04 1.364372169654666446e+06 2.028024381140498153e+05
1.290630773811629660e+04 1.987152619341047057e+03 5.611828227425106888e+03 2.517196146567554388e+04 5.136109062972533284e+05 4.844508902171936643e+04
1.798270642344256703e+04 7.517188842678691799e+03 9.514581664762050423e+03 2.669315134520351785e+04 4.117182857312068809e+05 4.423568995726647699e+04
3.787558216997017098e+03 1.179455621456036170e+04 1.347003487220163834e+03 6.674843607985181734e+03 2.584668862992600189e+05 2.156680355089061413e+04
1.331707283063563045e+04 9.539904568549045507e+03 1.082037609162963236e+04 1.254067516903837168e+04 4.353709179916969151e+05 4.009001453857352317e+04
3.291406552030184685e+04 2.687237319531626417e+05 7.655152838829330904e+03 4.839405041030965367e+04 1.051961238054006593e+06 1.092317780862117361e+05
3.641434712082285841e+04 1.407022449623552675e+05 1.769953689265809589e+04 3.246119924583979446e+04 6.236138616165871499e+05 7.121324797855924407e+04
3.496265857878149109e+04 1.952670025614154292e+05 2.515648207412934062e+04 1.745041781853892462e+04 4.896169567825184786e+05 6.132704224388109287e+04
1.379307003578719559e+04 5.617015431786960835e+04 5.216717788119740362e+03 1.353735957640725792e+04 3.899379272210228955e+05 3.737613062533128686e+04
4.749080904702325824e+03 4.196311115232335396e+03 1.661474779287233332e+03 6.619747982392667836e+03 2.169586240502441069e+05 1.850972554687409865e+04
4.148568011605989886e+04 3.329334266550109078e+03 1.997390755864948005e+04 6.369119107670802623e+04 7.078896967457914725e+05 8.518764005472048302e+04
3.511251045714310021e+05 1.614477477519713109e+06 2.302133555302290770e+05 2.304714358496827190e+05 2.963099008166906890e+06 4.826250362220255192e+05
2.756407604881809311e+04 7.959442686351930024e+04 1.045960849555149434e+04 3.230888765639742996e+04 6.077464996492492501e+05 6.393299762274694513e+04
1.020361238237751422e+03 4.488501508095672762e+03 2.108565277301268281e+02 2.847578839275168775e+03 1.498943868106382724e+05 1.168241513800693065e+04
2.960417745458540958e+04 1.117500917914423771e+05 1.147988680225380631e+04 3.221301723938344003e+04 6.205613312767363386e+05 6.678219621822836052e+04
9.170980185175153019e+04 2.963308236733047524e+05 4.696924001066544588e+04 9.370455541528914182e+04 1.400044858630653704e+06 1.714458912204641965e+05
1.153014785227693937e+04 3.716756153663599980e+04 7.139823975290509225e+03 2.255396022136566535e+04 5.094871687972316286e+05 4.938304946199146798e+04
4.518507969604236678e+03 4.821598630418934772e+04 1.925409129137507307e+03 4.098342189203373891e+03 2.595768287538032164e+05 2.252758646414578470e+04
2.148117725271829477e+04 4.542856826493843982e+04 1.773073842184756359e+04 1.472719956647066647e+04 2.538155561610403820e+05 3.362182020791693503e+04
1.466438768607757520e+05 6.232592354800858302e+05 7.994432679401479254e+04 1.141829050374177459e+05 9.936541744665001752e+05 1.837610353656220250e+05
9.471099799523952242e+04 5.893601814949931577e+05 6.899207350983659853e+04 3.855300410574934358e+04 1.163322620555662783e+06 1.545758620032703911e+05
1.197696375274490129e+04 3.690156293081096010e+03 7.886618300688509407e+03 1.928877850047043103e+04 4.040019980201117578e+05 3.947743857569761167e+04
8.484193204175466008e+02 3.326174044880231577e+03 6.528333612186814889e+02 3.504306617121162617e+03 1.857005528714201937e+05 1.452071161925859815e+04
7.696541551007564522e+03 3.785124329234577453e+04 6.665078036803593022e+03 9.440159890435652414e+03 3.850585130808163085e+05 3.491335108014557773e+04
1.471332655317573517e+05 5.221127113521926804e+05 7.154560055598559848e+04 1.503586123256874271e+05 1.411117169748330256e+06 2.195730086892429099e+05
3.093924822270097502e+04 2.532451444671888603e+05 1.517265194413900099e+04 1.243446501470626572e+04 5.486509230037711095e+05 6.159392320368514629e+04
1.818582198565459294e+03 1.714251190183998688e+03 8.321636752438075746e+02 4.582473775353966630e+03 1.578494774297768017e+05 1.313255090256975018e+04
1.796123344870137589e+04 1.051875437998991765e+04 3.290618116243820168e+03 4.700488281779301906e+04 8.118144063274610089e+05 7.779605894509640348e+04
9.120833244815557555e+04 2.573656043343634519e+05 5.752320468082136358e+04 8.791619055795468739e+04 1.193150818565105554e+06 1.575348495967361669e+05
2.723392641665855990e+04 1.276834677676827778e+04 1.808050541325725862e+04 3.358142890161557443e+04 6.410361875809805933e+05 6.672670899622231082e+04
1.014905040935465331e+04 3.759305146476575464e+04 8.266265990652360415e+03 1.025102797008173911e+04 4.460048449279897031e+05 4.005671221140892158e+04
5.608170270837006683e+03 2.692758873929626134e+03 5.520216268942824172e+03 4.070850274828073452e+03 1.981782428152863868e+05 1.768305658307172780e+04
5.205804148737816831e+03 1.707222001311699569e+04 1.176732013306748513e+03 6.724429357611827982e+03 2.299993045367830491e+05 1.986220232369806399e+04
4.141606947760677576e+04 8.434208388360436948e+04 3.601041910179664410e+04 2.921966849023078976e+04 4.758940957578911912e+05 6.491720887750568363e+04
9.659669924413750778e+03 1.835822769804247946e+04 1.322596559882208112e+03 1.933229621995768684e+04 3.562661489714779309e+05 3.418243024517015874e+04
1.175402641370619494e+04 1.120823570677996759e+04 3.841943903253296867e+03 1.911363598313162947e+04 3.325341578435713891e+05 3.321968037011998968e+04
3.634087644135719165e+04 1.328027186945832182e+04 1.431258015230749697e+04 7.302650446424564871e+04 9.976050910142081557e+05 1.069468333285827102e+05
2.980456083355411920e+03 3.122954095209668958e+04 1.087156807136676207e+03 4.168183113796644648e+03 1.791132703206553124e+05 1.594551142258348409e+04
5.279947778760904475e+04 3.139788175595387584e+05 2.717152919123051106e+04 3.522460714301822736e+04 8.802102304485316854e+05 1.023769408892866195e+05
1.325027863458475440e+04 1.923221324795636974e+04 3.234781864869495621e+03 2.632474427147888491e+04 6.121177109999436652e+05 5.542032332471702830e+04
9.348014897608799220e+04 2.630612652065524599e+05 3.640609982916426088e+04 1.139057920625510305e+05 1.659218529691531789e+06 1.918129543551955139e+05
1.794668462411894143e+04 7.617070149225757632e+04 1.511574421231849556e+04 1.768280039834486524e+04 4.258194574758571107e+05 4.692079423685809888e+04
1.444553107875506976e+05 6.416883160453861346e+05 8.522675951236813853e+04 1.166243117938249343e+05 1.270836892291072989e+06 2.066970940975830599e+05
1.551650520666000193e+04 3.768050218381561081e+03 1.428926943370254048e+04 2.012507317353118560e+04 4.492573959266661550e+05 4.566339643547297601e+04
5.571553063984666369e+04 2.366583750236460473e+05 1.782413917438860153e+04 6.633992211776130716e+04 1.065841119642518926e+06 1.210775233065454522e+05
3.968449719374735287e+04 3.693764225038242876e+04 1.486038519145943064e+04 6.446680340803658328e+04 9.072007315473221242e+05 9.840224307760426018e+04
1.788349427243524042e+04 2.452408001005410551e+04 6.012164534960706987e+03 3.040186086819096090e+04 6.231914558491541538e+05 5.946783064596924669e+04
7.407663273980663689e+03 1.505396206042505355e+03 4.793499918942002296e+03 1.052127911576240331e+04 2.691355760157775367e+05 2.500037820511309837e+04
1.669837047123944285e+04 6.107631544474299517e+03 7.358706389514540206e+03 3.112970053814937273e+04 6.061927446878629271e+05 5.832299809689859103e+04
1.627397661527370656e+04 5.271239945871341479e+04 1.053264294258123118e+04 1.333780775340975197e+04 2.697656397644751123e+05 3.132371111103044677e+04
3.702770272921016385e+03 1.353354622870949606e+04 1.173496849447325530e+03 4.962414083810952434e+03 1.977086621811931254e+05 1.671713294422425315e+04
1.653311410343484022e+04 3.045432249508318637e+04 7.190420810759233063e+03 1.928953569124416754e+04 3.665098182238567970e+05 3.798002708654700837e+04
9.401393940228383144e+03 1.609239958862061576e+04 2.399352107830259683e+03 2.209116936084777262e+04 4.964163510376547929e+05 4.520847052685032395e+04
3.459021985571613641e+03 9.939972918189008624e+02 1.858487444024841352e+03 1.729652626810060974e+04 4.097548880567332963e+05 3.623149153694765846e+04
3.362880517637285084e+04 1.916920451696907185e+04 2.240483542440793462e+04 3.873825499489983486e+04 5.919881779031943297e+05 6.794040830123063643e+04
7.875850451845183852e+04 3.439731450449569966e+05 5.367460309439149569e+04 5.326205224996069592e+04 8.759592334868068574e+05 1.231562091829063429e+05
6.299610618451194023e+04 2.159808890041947889e+05 4.790434933914864814e+04 6.602487577016481373e+04 6.781876364635588834e+05 1.068058194512811897e+05
3.636235438746727596e+04 9.707155384694089662e+03 1.869256410921136558e+04 4.849281086193199735e+04 5.332028270677524852e+05 6.632897010326779855e+04
1.589918875743196440e+04 3.335513810994457799e+03 9.944729428005528462e+03 3.621863909851347853e+04 5.732073322794482810e+05 5.938320081043034588e+04
3.967143551101696357e+04 5.116649023565999232e+04 2.796271385721866682e+04 3.868096863807539921e+04 5.855774351893552812e+05 7.146220524776102684e+04
3.213648774885295643e+04 1.394737589670866437e+05 1.467802329033891692e+04 2.945071111424254195e+04 5.292996188605268253e+05 6.214511303691694047e+04
3.492903446825843730e+03 2.499659386919497592e+03 2.519313347716696171e+03 1.024502099977974285e+04 3.023755473476799089e+05 2.617998628038502284e+04
3.015466678478937320e+04 9.382850867702894902e+04 2.189223827066710874e+04 2.665324984953506646e+04 8.481673140198304318e+05 8.317883739079724182e+04
1.577304689139589209e+04 3.880037239451660571e+04 4.033130027423994761e+03 2.359918916776027254e+04 5.546396793065138627e+05 5.163415363930638705e+04
4.694738482151151402e+04 2.511751740897768759e+05 2.872674224766436237e+04 2.573328239585497431e+04 5.386838547990196384e+05 7.267760741385028814e+04
3.342583106478784612e+04 2.117741735650031769e+05 1.263548777301154587e+04 3.097313074212059655e+04 6.986527287889870349e+05 7.692048151914517803e+04
1.469859806392672181e+04 1.618947253251896764e+05 3.194372877133133443e+03 1.687962555425985192e+04 6.854201506442932878e+05 6.312005742555890902e+04
7.194160086881183088e+04 1.745354194712071376e+03 2.427222245847391241e+04 1.386717144748973951e+05 1.808130780024094274e+06 1.948689417425031716e+05
6.128904374942105642e+04 3.644478496190850274e+05 3.426022376019309013e+04 5.519479625837921776e+04 1.534565586142305052e+06 1.609714343816987821e+05
1.342549849463929422e+04 6.406887559112271447e+03 1.580956427672752216e+04 1.154420940260375028e+04 4.698322931517788675e+05 4.395305418899796496e+04
8.333082837344672589e+04 2.503137391807636595e+05 6.245478378883753612e+04 6.077024142372066854e+04 1.172771427283330588e+06 1.456662469574836432e+05
5.911137910577019647e+04 1.949310930700083263e+05 3.951250189279821643e+04 4.856185526374969777e+04 5.840237011470668949e+05 8.791692784194946580e+04
9.909310945445915422e+03 4.452534700686542055e+04 7.122348433187883529e+03 6.365764730001529642e+03 2.877355399061548524e+05 2.750456000618066901e+04
1.975528801415541602e+04 1.399336692968088755e+04 9.362520625888228096e+03 3.269839369173527666e+04 6.286689575580105884e+05 6.179801281134607416e+04
6.005033255511056632e+04 3.460743264638517867e+05 2.853605643724748006e+04 3.960437767818191787e+04 5.947428643681668909e+05 8.733303747786655731e+04
3.378387525437278236e+04 3.091233339730150765e+05 1.209788870583556127e+04 3.633075948374302243e+04 8.432443157873742748e+05 9.365258394072842202e+04
2.714566302932059261e+04 7.637817761219138629e+04 2.143673377369225636e+04 1.701037103344988645e+04 4.209421837374683237e+05 4.902383656906153919e+04
1.299062232669258810e+04 1.176190412616966569e+04 6.448384811415043259e+03 1.706163455621940739e+04 3.248519270851491019e+05 3.292608361579312623e+04
2.740263923432524825e+04 3.229310291551818227e+04 8.193527142750299390e+03 4.805350208077691786e+04 7.406446364225181751e+05 7.667416691400384298e+04
5.668391056689162360e+04 9.246063356730956002e+04 5.519134294432284514e+04 4.074382659179873008e+04 7.075934427138064057e+05 9.438249355969372846e+04
1.551485392822086033e+04 4.026163958744726551e+04 8.730457422739962567e+03 1.974115523233958447e+04 5.662390774700432085e+05 5.276702325249477872e+04
6.813153789377393878e+03 1.570667367209620170e+04 4.098832755441772861e+03 8.848339644017227329e+03 1.907326109204686072e+05 1.937365530630180365e+04
1.724408896903872665e+05 7.866593265402216930e+05 1.152834787065832788e+05 1.196888070979363983e+05 1.371638749286982231e+06 2.349916928419412579e+05
3.780789823102152877e+04 1.423433721223371977e+05 2.530082879478836549e+04 2.912642366934680103e+04 5.260027872984015848e+05 6.649802820220112335e+04
4.372948042375533987e+04 6.261832389916800457e+04 1.460159048566917772e+04 6.293888075652590487e+04 8.728623963030389277e+05 9.656066957915481180e+04
2.384999555176105059e+04 6.599135531538409123e+04 1.510538698776008277e+04 2.862670736051053609e+04 5.615517074353951029e+05 6.049068804871170141e+04
2.236090004737251729e+05 8.535385469158608466e+05 1.492504903906731342e+05 1.741858095482428907e+05 1.142985621069873450e+06 2.622065375144103309e+05
3.144368302254141236e+04 5.354552305155643262e+04 8.100056553660701866e+03 5.003364235162220575e+04 8.483359968592439545e+05 8.582393493363102607e+04
8.285682333082730474e+04 3.132969308190369629e+05 6.109353798610721424e+04 5.504590983775285713e+04 7.893913122144117951e+05 1.198208967433092475e+05
1.014412449192009990e+04 1.720811362753807407e+04 3.234014147900015359e+03 1.711857567389322503e+04 3.903828492663888610e+05 3.624318221385137440e+04
9.538416851872749248e+03 3.191733745061433365e+04 7.732421542239035261e+02 1.851495658825861392e+04 4.300250124514129711e+05 3.920781041942802403e+04
1.178505068746254801e+04 4.208114499418819469e+04 7.302848147978398629e+03 8.053786740191199897e+03 2.196096104301503801e+05 2.364262519171023814e+04
7.949323270153498015e+03 4.645172854422879027e+04 3.824865814629871238e+03 5.813764802245709689e+03 1.971964611372845538e+05 1.983914039821616825e+04
3.420855369033672469e+04 3.677692508698922029e+04 1.229532999145510803e+04 5.019455696442220506e+04 8.113788847653128905e+05 8.438992179798826692e+04
1.304514090179309278e+05 5.838996884280348895e+05 1.022542478982673638e+05 6.543554511787833326e+04 1.041446935647437931e+06 1.726030771560201538e+05
2.757991969135027830e+04 2.158302420137502850e+04 1.382943672772136961e+04 3.792312147505665052e+04 4.136501649599097436e+05 5.199956847215317248e+04
5.653357536865424663e+03 5.091086079536809120e+04 1.282277560838775116e+03 1.001312801431471053e+04 2.819425555465117213e+05 2.656254153616949043e+04
1.126758794327367468e+04 9.715818653696751426e+02 5.150020756555360094e+03 1.748266355644781652e+04 3.157513128275286290e+05 3.141083928152378212e+04
1.240552116379052131e+04 2.056987088133474026e+04 1.101919175065602758e+04 1.301949267427910127e+04 3.460289301633042633e+05 3.492880274394600565e+04
1.613590649316106828e+04 4.893818364229252620e+04 1.519883640734332766e+04 8.574752218358706159e+03 2.966804364400713821e+05 3.280502139389452350e+04
4.505861855979507709e+03 3.569800763405680482e+04 7.081952875695138800e+02 5.869518869682414334e+03 3.054787678681697580e+05 2.527181801828851167e+04
1.214112991105650281e+03 9.624376174646356958e+03 8.493936952362126931e+02 5.897331664664468917e+03 2.199499998622835556e+05 1.830272041195807833e+04
2.113502351249027924e+03 7.372992911684952560e+03 2.567321931318811039e+03 3.421195750098850567e+03 1.619273510835679772e+05 1.390966549083800419e+04
7.671584552646821066e+03 1.415707826246400884e+02 2.514278758086203197e+03 1.488415301328395981e+04 2.963421899571953109e+05 2.775309503003323698e+04
2.260386669317135238e+04 8.880739474863206851e+03 1.192466371719090421e+04 3.433692698060145631e+04 6.168394928810177371e+05 6.259485537646354351e+04
4.283993378756315360e+04 9.497270746388973203e+04 2.328673076596583996e+04 4.787634014118354389e+04 5.859541122725461610e+05 7.579696901861310471e+04
3.044867603440575840e+04 1.391721397449389624e+05 1.904706017420579155e+04 1.977734203842556235e+04 5.223904122293121764e+05 5.917476786002976587e+04
7.516440060001020356e+03 4.672667192946339492e+04 3.341028955998880065e+03 1.196991021169329724e+04 3.032997494640613440e+05 2.956433914185902177e+04
2.607575212542607551e+04 1.149347084943207592e+05 1.390524356748137143e+04 2.046786587582648281e+04 3.850052944348456804e+05 4.683091301972570363e+04
1.470227512939303233e+04 2.972588288224223288e+04 1.688317715854358175e+04 1.318629979744825505e+04 5.342717236241481733e+05 5.064620408260583645e+04
3.747772158160577237e+04 7.969338859663765470e+04 1.155304347010542551e+04 4.933711203936144739e+04 6.879120451864971546e+05 7.750104215313187160e+04
7.984528297812717210e+04 3.266745561075839796e+05 6.233471501973825070e+04 4.583066266163352702e+04 9.637444368046880700e+05 1.285777021277400054e+05
9.916403494493622929e+03 3.822995489079619438e+04 3.653159491628460728e+03 1.634696534192249237e+04 4.770512649118650588e+05 4.294423291922979115e+04
2.594185579896824038e+03 1.964317246027440706e+04 1.104893976928885877e+03 6.705265955407641741e+03 3.015717783469262649e+05 2.476369378042824974e+04
8.015330004268266748e+03 7.794265178735443442e+03 1.514041601415750165e+03 2.067272871431701424e+04 4.976632146423776867e+05 4.385876977153950429e+04
1.962807962673091242e+04 1.321006035204780055e+05 1.283922687959771793e+04 8.777970120202451653e+03 4.393324194205884705e+05 4.558864021544966818e+04
5.410994212841652916e+04 1.257668468505321362e+05 5.202067314533861645e+04 3.397461364958133345e+04 1.007383450761730666e+06 1.117662139054537984e+05
2.311475191908757915e+04 7.444467950237009973e+03 8.533093267586707952e+03 3.647807662726229319e+04 5.312537361854120390e+05 5.627347546794674417e+04
1.099267549822548026e+05 7.187032888201501919e+05 5.939301771539444599e+04 5.968077495171586634e+04 9.969110501139900880e+05 1.551975648608921329e+05
1.119322903060780118e+04 8.257632353632034210e+04 5.843215428397603318e+03 1.001358557672338975e+04 3.830805645495837671e+05 3.689795220785376296e+04
1.551670075728633092e+05 7.360732682154044742e+05 9.909463720495208690e+04 1.081698119660414668e+05 9.545196101536194328e+05 1.922463757180969114e+05
2.063968787927209632e+04 5.166607868268460879e+04 1.343582252543803224e+04 1.808092157071072506e+04 3.443903840035788016e+05 3.968745231524467818e+04
1.813723270650085396e+04 1.399820607262799422e+04 8.065894314725676850e+03 2.527494089373600946e+04 4.204961874199517188e+05 4.388091771385561151e+04
1.275463543357485287e+04 3.837113415791954321e+04 1.089979245564524899e+04 7.237175149960376075e+03 3.639468535762217944e+05 3.434847734904213576e+04
1.685184033743157852e+04 7.206905205254703469e+04 1.177882200999986708e+04 1.197110011471588768e+04 3.977908840179573162e+05 4.081145349509548396e+04
4.387502225291427749e+03 3.601721662012634624e+03 3.917773084144953373e+03 6.870671297583307933e+03 2.689324823228434543e+05 2.306216988656335525e+04
9.660965658957387859e+03 8.344698131448076310e+03 1.159567625886616406e+04 5.914752024714539402e+03 2.633130797510289703e+05 2.579643234827066044e+04
1.691326596510763920e+05 5.161674434931835858e+05 1.007508821503282379e+05 1.641723682434397633e+05 1.519096082458166173e+06 2.453778113436171552e+05
1.433149914012751287e+04 3.940739995728246140e+04 6.239834452508854156e+03 2.546209322766227706e+04 5.265311421942801680e+05 5.156726740184840310e+04
9.065151653695746063e+03 8.493377989868782606e+03 3.355737128796963589e+03 1.324602227043468338e+04 3.965922394154178910e+05 3.453105625885513291e+04
3.181067471867801214e+04 7.433552078681169951e+04 1.734992486658927010e+04 3.356741149621587829e+04 5.417058074678080156e+05 6.277035467021460499e+04
1.415716309643389650e+04 2.722594775010892772e+04 1.063260278736154942e+04 1.246291685493193836e+04 3.442484996635828866e+05 3.472001356674497220e+04
1.444255507682642747e+04 2.031288755688752281e+04 6.117834560400352530e+03 2.522841048625440089e+04 6.567245304327758495e+05 5.922111896980175516e+04
2.463567636900561411e+03 2.545333313972862470e+03 2.191709160055303528e+03 2.320993551964917515e+03 1.250856851731330826e+05 1.053346218622586093e+04
2.466161993689925657e+04 1.738916914095660104e+04 5.004033129229047518e+03 5.232107446171603078e+04 7.810474773197647883e+05 7.920910261001510662e+04
4.211960772646398982e+04 1.595158190371915407e+05 2.836940918335034803e+04 3.004216839132334644e+04 5.655668868618359556e+05 7.174555069853499299e+04
4.665333767898500082e+04 1.472112681502725754e+05 2.856162439316092787e+04 4.240567464140529773e+04 5.835772577099800110e+05 7.802162679902928357e+04
2.952635430169848860e+03 2.137895616679892555e+03 1.739806870657221452e+03 6.044521117720120856e+03 2.114462523154081719e+05 1.781079153250866511e+04
1.128691195843373134e+04 2.211800498183702803e+04 9.726261812262613603e+03 2.539325163342758606e+04 3.866591057302562986e+05 4.277600913614929595e+04
2.652004992247474365e+04 3.452628022686084478e+03 1.211933773640028994e+04 5.555239658520244848e+04 9.481816959955792408e+05 9.428946496100460354e+04
6.408614560046485167e+03 1.427832943717833950e+04 4.585163819522234007e+03 5.358797523370150884e+03 2.369895120980365318e+05 2.104594876039208975e+04
2.032762129984792773e+04 8.299762072845772491e+04 1.347401264457981233e+04 1.650922237804599717e+04 4.309758828392464784e+05 4.636695575424734125e+04
1.396234003453543301e+04 7.964506767232499260e+04 7.352273856975622948e+03 1.514364810229022987e+04 4.226457165996941039e+05 4.238433559360029176e+04
1.387743236919825722e+04 5.624151079484996444e+04 3.845035339695833954e+03 2.272690372496056079e+04 6.318349440844577039e+05 5.721360420492419507e+04
2.512827955584818264e+05 8.639065836650462588e+05 1.651528002476639813e+05 2.123813512809583917e+05 2.095525802267925581e+06 3.509135679934422951e+05
7.034131614477255789e+04 1.669615730855837755e+05 5.732446635735566815e+04 5.103307600360198558e+04 8.366050841683082981e+05 1.123176557686775486e+05
3.025305380813141164e+04 8.424081475783826318e+04 1.207084768231325870e+04 3.526825103230740206e+04 6.449612915216304827e+05 6.869867142751961364e+04
3.057612327095610090e+04 1.406042519127548148e+05 2.072666629632775584e+04 1.767261928641840495e+04 4.065258580347893294e+05 5.122494665397415520e+04
1.923710908506153282e+04 7.612759912757850543e+04 8.891448933389719969e+03 1.802915749055814376e+04 3.790016847972517135e+05 4.124313514300663519e+04
4.257496720865945099e+04 1.608134615255691751e+05 1.004749802665760035e+04 5.920578124099255365e+04 1.015972900241021183e+06 1.073928792780834483e+05
3.027207348673442903e+04 3.540433536334675591e+04 2.059711995679029860e+04 4.309658480088754004e+04 5.302415798040830996e+05 6.578202719955109933e+04
5.009461680652909126e+04 1.080600440211590285e+04 2.729346946181019302e+04 6.867963530767751217e+04 1.056825731136220740e+06 1.144378646440621960e+05
1.391879911548166456e+04 4.902020869451867475e+04 1.915747231616548106e+03 1.751090389747374138e+04 3.669420564945806400e+05 3.584948928706983861e+04
5.336554146094139469e+03 1.247759417274893531e+04 3.552974238600347235e+03 1.292767833060275007e+04 2.698932596855951706e+05 2.614751788579167624e+04
1.054895509345687606e+04 9.024823725106609345e+03 1.076105102922390688e+04 2.126251855373379294e+04 4.161759808541524690e+05 4.269178931917889713e+04
4.278154252861494751e+04 4.786570725404657423e+04 1.813738378363408629e+04 5.599508201506433397e+04 7.131597094919709489e+05 8.347364728474503499e+04
7.049895803044545755e+04 2.869198135227356688e+05 3.958555378331105749e+04 5.425438547906689928e+04 8.743009917945532361e+05 1.145972788110537804e+05
1.612786603457572928e+05 7.464130793495883700e+05 9.023810696230763278e+04 1.340630592008041858e+05 1.526552078883288195e+06 2.391231601051092439e+05
8.944961645813968062e+03 4.874839175882686686e+04 6.383139923049165191e+03 1.486837465977610918e+04 2.956526529007689096e+05 3.177206308952745167e+04
1.567114238588354056e+04 4.662982007699720998e+04 9.282548356157154558e+03 1.508463730780740480e+04 2.608920226814272173e+05 3.067694913924940920e+04
6.716152921832382162e+03 9.170020926494600644e+03 5.092953652875878106e+03 5.871480283289845829e+03 2.223654920180502231e+05 2.026035256674784614e+04
5.301424285215523560e+04 1.649517628796625941e+05 3.284595628414335806e+04 4.298093722881404392e+04 6.621910762535496615e+05 8.629385140909600887e+04
2.017851670788937554e+04 1.609746079149017078e+03 7.245438497544868369e+03 3.420814235867894604e+04 3.941498058609461295e+05 4.518175101112461562e+04
6.359658911724805512e+04 2.505153376359814138e+05 3.513633831477619970e+04 5.154222116956229002e+04 8.386212464651144110e+05 1.072520884265184723e+05
1.106321109353737302e+04 3.870572739376154641e+04 3.125040876195033434e+03 1.166233737750861110e+04 2.881683729368646746e+05 2.791760879600663975e+04
1.417001904234741050e+04 5.031739873394010829e+03 6.219596271966481254e+03 2.627875293953139408e+04 6.461530747647786047e+05 5.827291492599035701e+04
1.692960551900328574e+04 1.063803132517217164e+05 1.274339903601924016e+04 8.197589602191445010e+03 3.586150026554550859e+05 3.858343910941696959e+04
1.010909547350115099e+04 1.100197251940697970e+04 8.487331764508942797e+03 1.069660881758613505e+04 3.031435572902494459e+05 2.942919126857366791e+04
3.484582180370314745e+04 3.161343620804887614e+05 1.507867612235663546e+04 1.837934801978901305e+04 6.555468731984825572e+05 7.454261878299622913e+04
3.842272394474051544e+04 2.224473750591215139e+04 1.811614753296052731e+04 5.708282167985073465e+04 7.598412429461879656e+05 8.582861264094835497e+04
6.938061569805172439e+03 4.944460496532819525e+04 5.131546519632614945e+03 1.340789209808226042e+04 4.422259889412927441e+05 4.046501913275908737e+04
3.364347695911967458e+04 5.645661243199916498e+04 1.959334555010607073e+04 3.679022050146834954e+04 5.468850178205410484e+05 6.465860826558375993e+04
8.250933051500107467e+03 1.094706265754417109e+04 2.628909512768253080e+03 1.238171117523379326e+04 2.652404588600323186e+05 2.511362634224528665e+04
9.343843435361945012e+04 5.320808353683382738e+05 4.774187906528866006e+04 6.656267227601169725e+04 1.154001287634027656e+06 1.546200682447271829e+05
4.299609164130205318e+04 1.409142530705181416e+05 2.271066601354078375e+04 4.604080234474242752e+04 6.153465961621591123e+05 7.896837937582290033e+04
1.849361948930903282e+03 7.140758157394068803e+03 8.991424555337779339e+02 6.041369244923697806e+03 2.106425293221045868e+05 1.764041176814924984e+04
4.197360816423051438e+04 1.052711424268633709e+05 1.916736199281823065e+04 5.349484886144295160e+04 9.492303008060454158e+05 1.015050593640495790e+05
3.263519330643024659e+04 3.296965126462157059e+04 2.357913093930149626e+04 3.609034144273919810e+04 4.921860870853778906e+05 6.121937340785819106e+04
5.714299144136607538e+03 2.260783331325065228e+04 5.591117062658176110e+03 4.802290192349871177e+03 2.941045347249567858e+05 2.548156605950538142e+04
6.033483170468804019e+03 7.264288263737646957e+03 3.928900291252616626e+03 9.213624575420195470e+03 2.089745333716871100e+05 2.027485895526650347e+04
4.295700795147226017e+04 1.377896896891607612e+05 2.471333009436629800e+04 3.996822100692098320e+04 9.110857233925297624e+05 9.682248976899329864e+04
2.067727868336125175e+04 6.544003075891081971e+04 1.900296138980847172e+04 1.347056827790490752e+04 4.067302390309303883e+05 4.487701255614955153e+04
1.497757154247289145e+04 1.091969253279153520e+02 4.592053156041672992e+03 3.602488349912042759e+04 6.444299532961007208e+05 6.161892195593027282e+04
4.759684035408340424e+04 9.304953630555189739e+04 4.824468969454885519e+04 2.852367933103629548e+04 5.488388517816466046e+05 7.521351185109498329e+04
9.301491788612040182e+03 1.925129311501742450e+03 2.723496655481797006e+03 2.554376139065676034e+04 4.436142283877745504e+05 4.265707859638769150e+04
7.151519263946364845e+03 1.066560994990434483e+04 1.241457769459398833e+03 2.595398925347285331e+04 4.618172134930158500e+05 4.386042607534379204e+04
2.013460533472982570e+04 1.267512588562480523e+05 1.046571055217539470e+04 1.627059251360860981e+04 5.144078247676753090e+05 5.273839265570333373e+04
1.727943392159600917e+05 6.595646626817343058e+05 1.126772818200103502e+05 1.327347718984345556e+05 1.342662775202586083e+06 2.315308418213014666e+05
1.293434097285408498e+05 5.154896552507332526e+05 1.018219118226289429e+05 1.191441736284647050e+05 1.087718485466183163e+06 1.964306936951097741e+05
1.420493336158636703e+04 2.514549320421876837e+04 1.281144343077265876e+04 9.672991207997436504e+03 2.967654242792957230e+05 3.110110399051815330e+04
1.207174247466576162e+04 2.755502268295276735e+04 5.646221508024916147e+03 1.558750872445925597e+04 3.489669282493804931e+05 3.431698871359290206e+04
6.336626423508111475e+04 4.226229073815855663e+05 3.833683494564098510e+04 3.141080779670223274e+04 7.435869036676039686e+05 1.016512018164634210e+05
2.110038406509743945e+05 8.650913267973451875e+05 1.300466355736894475e+05 1.646358792549892096e+05 2.123568518744347151e+06 3.161348648034001235e+05
1.996888591520806585e+03 7.152885180710625718e+03 6.835122920476213721e+02 5.143643995775727490e+03 2.309469187094414083e+05 1.850778505515812503e+04
4.824450627234410604e+03 1.819243714379683524e+03 3.728021166023110709e+03 1.108059535137464263e+04 2.254855357667653298e+05 2.187362293994504580e+04
5.240417784957138792e+03 9.107188008357812578e+03 3.636520643843395192e+03 6.089073160918163921e+03 1.676345876412557263e+05 1.604661166329586558e+04
5.999638111356744776e+04 2.074709254160778946e+05 4.543436958924746432e+04 4.062206052662996808e+04 9.195689552589636296e+05 1.100685159815024526e+05
2.459857509431457947e+04 5.841447572282727924e+04 1.578874135249709616e+04 2.056628986326803351e+04 3.386053560385584133e+05 4.177036045002550236e+04
4.332571714289357624e+04 7.512231393495474185e+04 3.089183755386271150e+04 3.834623484674443171e+04 6.032556170998257585e+05 7.494771311181377678e+04
3.419961283172640833e+03 1.279128711504224702e+04 1.948912647478913641e+03 5.146838491298288318e+03 3.131930648658204591e+05 2.486550909631067043e+04
1.954276634599424724e+05 5.376815753031495260e+05 1.113910451983963139e+05 1.949658640954036382e+05 1.797383715068700025e+06 2.836707958815035527e+05
3.702765422694224253e+04 2.076598314942481520e+05 1.875177532695582340e+04 2.905981899618458920e+04 6.616887008305999916e+05 7.600222267634687887e+04
4.304720417174571048e+04 1.258875443259673339e+05 2.210562883232450622e+04 4.517136989968817215e+04 9.882400568019560305e+05 1.026516744117107446e+05
3.090248287160356631e+04 5.629751494988158811e+04 1.456524759317829194e+04 5.412680706241761072e+04 7.119805322502108756e+05 8.142677689452633786e+04
1.271362723677097711e+04 1.131478778114131419e+05 4.617907770952428109e+03 8.258361708216045372e+03 3.996584775741757476e+05 3.820351452164194052e+04
1.577527533116273407e+05 5.985199056187935639e+05 1.036002636141377880e+05 1.164335494565014378e+05 1.098762468573985156e+06 2.008220948729917873e+05
5.417686172872766292e+03 9.669044785293946234e+02 3.331791520070103161e+03 7.217269736789176022e+03 2.687283719391252962e+05 2.282221035385590585e+04
8.383395617277866404e+04 3.440836639703884721e+05 5.445696110500951181e+04 6.152255058368281607e+04 8.480443159196557244e+05 1.253566554770403163e+05
1.130635190624674397e+04 8.960735826888882002e+03 5.698637628450996999e+03 1.468446737199146992e+04 3.287974566372099216e+05 3.165475842085706972e+04
5.608151091404799809e+04 5.869559230586182821e+04 3.342298820611837436e+04 7.208196601385051326e+04 8.903489152704252629e+05 1.097907137885216362e+05
5.819073205969893024e+04 1.837162927967296564e+05 3.153059021284756818e+04 5.439567561650638527e+04 6.420387651441160124e+05 9.046125580671016360e+04
4.228679933015452116e+04 3.536001198215622480e+03 1.997124525053657635e+04 7.200076628315074777e+04 1.016913653626053245e+06 1.097389944400348031e+05
2.730007836554237874e+05 1.354683972096073208e+06 1.720043001569434709e+05 1.776334395283724007e+05 1.712917052550726337e+06 3.367003071301112650e+05
5.664174743743656290e+04 3.347469218208582606e+05 2.441429392273903431e+04 4.273923792252124986e+04 8.359019903164848220e+05 1.026336154133026575e+05
3.007777574124198291e+05 1.326014050457552075e+06 1.959222840946333599e+05 2.069186772450835269e+05 1.781886645024851663e+06 3.634738027374660014e+05
4.069560357035270135e+04 1.985937970926428170e+04 1.702163006874614803e+04 6.591079088667967881e+04 7.504150437141370494e+05 8.859663506746507483e+04
3.610656023063660541e+04 1.065382381654161145e+05 2.692135218099596750e+04 2.549135253029156593e+04 4.697082231807757635e+05 5.999519351773076050e+04
1.173160055706072453e+05 2.020671710393008252e+05 7.315424306942198018e+04 1.254540696487334499e+05 1.836536835343592102e+06 2.217853259204967471e+05
6.079817687897902942e+03 2.379037898451414731e+04 1.158538015476127839e+03 1.329777602788452350e+04 4.428889788488862105e+05 3.747795093227293546e+04
4.405752378348485945e+04 1.014746731473696709e+05 2.770101428334804223e+04 4.265448458658949676e+04 8.761436426837542094e+05 9.517835570269975869e+04
9.534882870785218984e+03 7.833318306721895169e+03 5.537296153093670910e+03 1.148994619822234563e+04 2.692022756743589416e+05 2.607657358930712871e+04
5.953318571685170173e+04 9.672759569186143926e+04 3.594981722944809735e+04 7.398078798756007745e+04 8.612446794805139070e+05 1.116625853751762479e+05
2.198379132335484974e+04 9.381672639011298088e+03 1.043847356537911219e+04 3.740810578280500340e+04 5.257757236687216209e+05 5.724278842570267443e+04
2.072369732879122967e+04 4.265772341433210386e+03 1.597818272892328241e+04 2.431554516810326459e+04 4.619871248149837484e+05 4.916714373844709917e+04
4.194544893226479326e+04 6.687097056193322351e+04 1.740196565952619858e+04 5.738075363741241017e+04 6.792577773848847719e+05 8.244319465681315341e+04
9.295300888235165985e+03 3.681772705037961941e+02 5.733493954698773450e+03 1.192146715174402016e+04 3.332402863484543632e+05 3.029413352408644278e+04
4.114374211114979516e+03 1.212557446824247745e+04 1.006094323513639893e+03 7.278305770977183784e+03 2.633973314319416531e+05 2.204071428013764671e+04
1.309528469454152037e+04 7.434918231785789430e+03 7.590907856048122994e+03 2.044452544793540801e+04 4.788269367509314325e+05 4.509052728506225685e+04
4.295066689471228165e+04 1.311914832765746978e+05 2.097028721341699202e+04 4.406186047019629041e+04 6.252921861171766650e+05 7.751121543823850516e+04
1.245410719768059971e+04 1.733170458906020576e+04 9.099499273405657732e+03 1.041246123202940362e+04 3.086239027565736906e+05 3.024635038572542908e+04
8.876364317687590301e+03 3.156100256855059342e+04 6.841947397385192744e+03 5.801348465151408163e+03 2.177262952949417813e+05 2.177829945956902884e+04
1.476475702145542164e+04 1.963483381727637834e+03 7.077247175640835849e+03 2.066390056755593105e+04 3.879418239219326642e+05 3.858471602225559036e+04
4.126313982361398303e+03 5.997471732935715409e+03 4.814246028911526992e+03 4.165904161950641537e+03 2.503436849574260123e+05 2.109382199389172820e+04
1.786761603069716366e+05 8.698557492782414192e+05 1.306033801075860392e+05 9.117807741686301597e+04 1.314269950060348725e+06 2.289610720350840420e+05
1.917833517943091692e+03 5.587847459414566401e+03 1.296190208892014198e+03 7.073565292654188852e+03 2.282882668933447276e+05 1.938833473988391779e+04
3.280939392235226842e+04 2.322673399861768485e+04 1.744300711035781933e+04 4.836887503524176282e+04 7.218004882593890652e+05 7.908810396789167135e+04
3.554452031636631727e+04 8.199955468801771349e+04 1.127128022407486242e+04 4.937163688759302022e+04 6.256621359088275349e+05 7.332237704000437225e+04
1.351937470037792082e+04 7.350753259237030579e+04 4.217682986396680462e+03 3.315210570897442085e+04 6.830249841974002775e+05 6.638555677561035554e+04
6.570515185658352857e+04 1.363296441353595292e+05 3.714695961663717026e+04 7.415706781109285657e+04 7.689043667524195043e+05 1.080067844780784508e+05
3.745327503567950043e+04 8.485012170123498436e+03 1.946109626711884630e+04 4.961305646201885975e+04 6.558517176786578493e+05 7.535568153644166887e+04
4.542931482441172557e+04 1.504927742375979142e+05 2.287220799029611590e+04 4.788783694623481279e+04 5.163294798384975875e+05 7.368723383811769600e+04
1.126489838378920285e+04 1.478306218436210656e+04 7.702929892820238820e+03 2.647937697193859640e+04 4.381527540326891467e+05 4.549547723319318902e+04
6.144800073496405275e+03 1.331465703946170152e+03 2.908054760252903634e+03 9.097643875489415223e+03 2.040712538370126858e+05 1.915904256860772148e+04
3.474010876671756851e+05 1.633334950370367849e+06 2.222426597959017090e+05 2.471068639961753797e+05 2.683351346984005067e+06 4.688284605014611734e+05
5.997717972404618195e+04 4.007178537730326934e+04 3.210762229709277381e+04 7.840015856671433721e+04 9.072761632062947610e+05 1.122978265635988500e+05
2.291748013117186565e+04 1.463446268466512847e+05 1.042229270805847955e+04 1.575438739103369699e+04 4.298838087546600145e+05 4.777052754715939955e+04
6.106935863168481592e+04 2.158666196442209766e+05 4.208754507196135819e+04 4.866280997050727456e+04 9.035245585871392395e+05 1.115978572210141574e+05
1.079026126781914645e+05 5.012818048750734888e+05 4.930773971518828330e+04 1.004420647481869964e+05 1.466954269852947444e+06 1.901401941503641137e+05
1.460645637173515524e+03 1.788903841792809772e+03 7.205948233246017480e+02 1.916467098391104400e+03 1.012580459919792775e+05 8.076307571699063374e+03
1.886869545577839381e+04 1.008180135976846213e+05 1.302230736778457140e+04 9.706558619431820262e+03 2.693480043015509727e+05 3.310676403395964735e+04
2.511728026348355706e+04 3.241828838789539986e+03 1.671468981104343038e+04 4.397353628964673408e+04 7.122325940465630265e+05 7.515441285936218628e+04
1.587636239228737941e+04 1.165097956388097191e+04 5.019323050594408414e+03 3.041287079697379886e+04 7.677376558600957505e+05 6.813007104603997141e+04
1.558922933856642157e+04 1.016358755590567744e+05 6.496686871134177636e+03 1.115558884635756294e+04 3.368674402548599755e+05 3.553068608825533738e+04
5.234928784645455744e+04 3.691536975977485417e+04 2.018162562901150523e+04 8.087148700257232122e+04 1.070066036466857884e+06 1.190672298199228680e+05
2.223595527127517926e+04 3.313646190582289819e+03 1.699748546762257683e+04 2.634937904541562239e+04 6.235664077847512672e+05 6.134686865526182373e+04
1.347375098356816161e+05 5.749839082744704792e+05 7.867854230346489931e+04 1.040173750344308210e+05 1.256215497696378268e+06 1.938901819036011002e+05
1.626298575396736851e+04 3.649158162860271841e+04 1.537111764533345422e+03 2.929607246991082502e+04 5.535762721051516710e+05 5.294845043377163529e+04
1.394915739943097105e+04 1.366650267656157848e+04 9.403236546842492317e+03 1.738589026535624726e+04 3.757637686522770673e+05 3.786503232945971104e+04
3.637918131302539405e+04 2.598559174457187764e+05 1.165674151226634785e+04 3.553517574241437978e+04 6.967757541873705341e+05 8.081389280457512359e+04
2.076619242364607999e+04 1.123458906762102561e+05 1.161375745404092413e+04 1.388283368860545488e+04 3.802796800053098123e+05 4.241952774516544741e+04
1.954577878692338345e+04 9.940593862733471906e+04 2.522583717681873622e+03 2.828695798733199990e+04 6.172806312055442249e+05 6.031419105805980507e+04
9.710579236602676974e+04 4.012605125708153937e+05 5.661180060899147065e+04 7.578303032837672799e+04 1.042645884610244655e+06 1.486513997243976628e+05
1.260068030171692408e+04 5.037153970860675145e+03 6.911941663729051470e+03 1.727258919051382327e+04 2.892833901484329253e+05 3.049629466823366965e+04
1.079259465780852406e+04 6.681625372359399989e+03 5.174264772449895645e+03 3.242054684570235258e+04 5.609013936763701495e+05 5.494713681117826491e+04
3.624151973220139917e+04 2.136487908550539942e+04 1.826588496918480814e+04 5.409899379610860342e+04 9.755048114444635576e+05 9.900583876595011679e+04
2.914438176891419516e+03 1.058674103611406645e+04 1.730881082258463948e+03 5.403159059858377987e+03 2.275917584493005415e+05 1.902085113678976631e+04
9.329880424346482323e+04 1.812566401713710802e+05 6.620842056560933997e+04 8.396222685981453105e+04 9.279433553339157952e+05 1.378879951845340838e+05
1.332186727213187260e+04 3.524397648097467754e+04 5.425768251249412970e+03 1.532407756027059077e+04 3.337134379059636267e+05 3.345727928423003323e+04
7.004040793786285212e+04 1.812506923293946556e+03 3.565718298633772065e+04 1.008685474729732086e+05 1.275213351354672341e+06 1.468423691175850399e+05
3.095793739891717632e+04 2.338957333603817096e+04 2.353538186309652519e+04 3.371944332315540669e+04 8.136389319961691508e+05 8.127527378510727431e+04
1.027309676444041907e+04 4.943876407621477847e+04 6.970461788352116855e+03 1.160358137124423229e+04 4.571984969316633069e+05 4.144862375518427871e+04
1.414762415109253743e+04 5.277832914790717768e+04 3.647245622045314576e+03 1.958863868787383763e+04 3.957539924715093803e+05 3.965923009448065568e+04
8.075374742631417757e+04 2.408400044515924819e+05 7.074159036708848726e+04 5.138831159030674462e+04 9.438204724788947497e+05 1.291283782226920739e+05
1.138381982033313943e+04 8.699294531890963844e+04 1.644411755904063966e+03 1.829197982923685777e+04 4.542870725863297703e+05 4.383908477009546914e+04
4.097313549413177680e+04 8.774140790644341905e+04 2.404758606477397916e+04 4.452765868175749347e+04 5.831522190900759306e+05 7.406454287944627868e+04
1.898009241241182099e+04 1.386932574516273744e+05 1.032148418411509374e+04 1.930324479829382835e+04 4.241263567512140144e+05 4.856603377768197970e+04
1.217103457070581499e+04 4.997203758225637102e+03 5.594580084530172826e+03 2.904235900714219679e+04 4.406441675359641667e+05 4.542898410123062786e+04
1.283494631148240296e+04 2.671207190218525284e+03 7.752497879551668120e+03 1.898052390426474813e+04 3.183482184828475001e+05 3.346878626034475747e+04
1.834480831149443475e+04 4.646306837711279513e+04 9.687744558655362198e+03 1.973316022326213351e+04 3.553198485856105108e+05 3.929653612186188548e+04
1.736187602609217356e+04 2.862669501877734365e+04 9.707209577610739871e+03 2.959282891973925871e+04 6.361534649082248798e+05 6.176966140193090541e+04
5.330936505492567085e+04 2.255790097255456494e+05 4.862538006730609777e+04 2.036435695695549657e+04 6.649169636243960122e+05 8.605196468853055558e+04
2.826479333823465277e+04 2.511576793251368144e+04 7.638959970445609542e+03 5.186241729951775778e+04 8.454865628688754514e+05 8.485397862540009373e+04
2.027490607941095368e+04 1.110434411307094124e+05 4.963516537127702577e+03 1.777060590391879305e+04 4.741586690724864602e+05 4.756052375081630453e+04
3.028479843066319881e+04 1.415599563939542277e+05 1.352911431314603578e+04 2.729502643256207739e+04 5.062047059836167609e+05 5.922492435643919453e+04
2.110287720276443360e+04 3.596146992447344019e+03 1.223502650408474437e+04 3.043173113346383616e+04 5.504382671429350739e+05 5.623522445362765575e+04
5.684421503554846822e+03 3.724533397768673603e+04 2.071196672805817343e+03 5.497934359039999435e+03 2.467513879845831252e+05 2.181793269386972315e+04
2.538793359290076478e+04 7.630557077736697465e+03 6.831194695877288723e+03 4.120879813340422697e+04 5.455543406353542814e+05 5.865002636210136552e+04
3.279668157808415708e+05 8.581030064542772016e+05 1.799359734107927070e+05 3.484687954528593691e+05 2.904577532844470348e+06 4.729522532816882012e+05
1.615753517669987377e+04 1.265488588035193425e+04 1.187680536190000021e+04 2.071621842065827877e+04 3.324673980436465354e+05 3.747512751378602843e+04
8.895957900684441483e+03 5.359609529815970018e+04 2.862684928421329005e+03 9.198142332529843770e+03 3.402551208307189518e+05 3.093023098682949058e+04
1.189762732546739971e+04 1.690244088540768644e+04 5.909968262560921175e+03 2.092706857777658297e+04 3.453456511509683332e+05 3.607457797056406707e+04
6.741922368352554622e+04 2.435044951678320940e+05 5.464075291445879702e+04 3.886752069862376811e+04 6.149045929990453878e+05 9.453492503737604420e+04
1.368293239622780857e+04 1.570107994546904956e+04 5.260153864797790447e+03 2.071443981931049711e+04 3.660883325456148596e+05 3.703401614501696167e+04
7.612849726222928439e+03 1.357666919630354823e+04 2.271238684077900871e+03 1.224594213934460822e+04 3.505063939503357979e+05 3.076309075209666116e+04
4.243396062319770135e+04 6.131333477482247690e+04 1.342542447244148389e+04 6.739326159858862229e+04 8.530769291461057728e+05 9.667251744296646211e+04
9.330903139936458319e+04 3.130338166429735720e+05 6.985620531907580153e+04 6.676924373507138807e+04 6.118152656286407728e+05 1.169427408704007394e+05
3.282038557052214401e+03 1.682318716962100370e+04 2.264903523084905828e+03 8.734606766634644373e+03 2.260391206958357943e+05 2.096158539696953085e+04
3.700176458998687303e+04 1.334328215681321453e+05 1.506669902970140538e+04 3.778852470908051328e+04 5.037095703049973818e+05 6.406285487215944886e+04
3.128108908001135205e+04 7.937050505131276441e+04 2.097757014679873828e+04 3.004186654267297126e+04 6.183093107600156218e+05 6.814139460768457502e+04
4.978101759592813323e+03 3.265521658125435806e+03 3.078495182711185407e+03 7.119907023652213866e+03 1.795208371301046864e+05 1.678264723874412812e+04
7.635687149120827962e+04 1.501526862885040646e+04 4.473970371934614377e+04 1.043920726516157883e+05 1.387729779590182006e+06 1.605719615707845369e+05
1.811107111608726336e+04 4.250123176459324168e+04 1.589466225561288229e+04 1.289217735406884094e+04 4.922228208578406484e+05 4.789090215355504188e+04
1.093603826035259590e+04 4.918854964007959643e+04 3.406226523734743296e+03 1.770306819269177868e+04 6.464037057432123693e+05 5.538370964691949484e+04
2.241188357304790698e+05 7.435660281514829258e+05 1.388868197256445128e+05 2.002766809220803552e+05 2.065513071725370362e+06 3.261450441310071619e+05
1.050790731485063443e+05 3.001782774408729165e+05 8.319793126436327293e+04 7.224003627148843952e+04 9.742671606987636769e+05 1.489103369493473729e+05
3.858526008514056593e+04 7.469451588964250277e+02 1.534376562196345003e+04 7.016558448344779026e+04 8.324427402175052557e+05 9.436890107670165889e+04
1.268191898453901922e+04 3.053689369715558496e+04 5.873262904624166367e+03 1.365175944233595328e+04 3.926455206094331807e+05 3.662487181509433140e+04
2.641728424582635125e+04 4.221530697548134776e+04 1.338465977281414234e+04 3.241033773201496297e+04 6.246955764929048019e+05 6.453058784741649288e+04
9.998530123565754911e+04 4.050493885169258574e+05 5.920213334350466175e+04 8.077550092847738415e+04 1.394162873815824511e+06 1.758558974371899385e+05
2.583331666706408214e+04 8.584423920612277288e+04 1.597716638384979160e+04 2.435727998281768305e+04 4.948491440348291071e+05 5.543170740984407894e+04
4.799636410578128562e+04 1.562943839798550471e+05 2.833456019667558940e+04 3.976144121986299433e+04 5.702436882498904597e+05 7.628061273241988965e+04
5.001175390155459900e+04 1.524030475908164517e+05 2.021641684271845224e+04 5.865390162446488102e+04 8.542231422758016270e+05 1.002316939565406210e+05
7.746541492866222688e+04 1.929583279739104328e+05 4.306128291705100128e+04 7.887048752888441959e+04 1.026762059905756498e+06 1.328326235318703693e+05
4.639783902010900056e+04 3.262188122940528556e+05 2.182826287461040192e+04 2.480543886709977232e+04 5.959470033042996656e+05 7.684827095848372846e+04
6.301536839642089762e+04 2.208792681259038218e+05 4.969430738261730585e+04 4.137007843119650352e+04 7.527560650101521751e+05 1.016867223899087694e+05
1.803163484364923352e+04 5.689932852727011050e+04 3.633874145002993373e+03 3.190783356267231284e+04 7.259822458693804219e+05 6.763889401176838146e+04
4.669434681082715542e+03 8.985494450422864929e+02 4.078258357604286630e+03 9.573618783972537130e+03 3.262054006187436753e+05 2.807200296829977742e+04
1.534535845017900829e+04 7.215139253313986410e+04 2.761505413233884155e+03 1.582390589987492967e+04 3.652535586902647628e+05 3.648202663984678657e+04
1.036225639843288081e+05 3.360283556166058988e+05 4.757988441208066070e+04 1.141538483452770015e+05 1.732043808131877799e+06 2.052499919329558033e+05
1.604582955349543190e+05 6.168626515086513245e+05 1.417490158132595243e+05 7.369720544255089771e+04 1.412299708133083303e+06 2.199386081553612894e+05
7.075651056196293212e+04 3.477023529043635353e+05 2.061926852306096407e+04 7.851022724172512244e+04 1.244963946129036369e+06 1.453269610961411090e+05
2.776143980951907361e+04 1.034655137421443069e+05 1.718115852114226436e+04 2.429293119699012459e+04 5.695431171876097796e+05 6.181727710342956561e+04
1.467344269716683812e+04 4.231959244462328206e+04 5.877159878285299783e+03 1.569040350286028661e+04 3.417171609201945248e+05 3.470588546145918372e+04
3.323263005957286805e+05 1.513971890258374391e+06 2.358173858522412484e+05 2.075389442938189022e+05 1.895038974303491414e+06 3.978616685920335585e+05
2.077646370625470008e+05 8.489065730744899483e+05 1.234471902789424203e+05 1.660091608538906730e+05 1.850831161977052689e+06 2.947660257053024834e+05
1.011007233539276967e+04 8.898055414677189674e+02 6.110325806638321410e+03 1.919153330798825118e+04 4.515777143477839418e+05 4.172911741010497644e+04
1.827930079309448774e+04 3.413128258230411302e+04 1.661953064600105063e+04 1.336953155746642369e+04 3.683295347202346311e+05 3.967214470688565052e+04
6.601496818362321392e+03 1.443599040450027132e+04 2.236529966139985845e+03 8.662102177716727965e+03 2.369836008825470635e+05 2.153459060643648991e+04
1.876506965890867650e+04 6.571960331566940295e+04 2.628700069664271268e+03 3.344114617254226323e+04 5.542912975502586924e+05 5.678741092469140858e+04
1.112271612567037664e+04 7.883765658834337955e+04 7.953636885399717357e+03 5.264769698995061844e+03 2.744531293420551810e+05 2.816919066220906097e+04
3.730259838608094287e+04 6.568756986684641743e+04 2.123378192142919579e+04 3.750189700743964204e+04 7.881133769383914769e+05 8.236917750769137638e+04
3.569640842027198232e+04 1.453316912758971448e+05 2.326617114810254134e+04 2.448809838878777009e+04 5.815012208710768027e+05 6.740418315319210524e+04
6.225302895812391398e+03 2.766916838685590119e+04 3.303357799020165658e+03 8.851766534940485144e+03 3.438091985615275917e+05 2.991996366744139596e+04
8.173728404795332608e+03 1.095365522706388037e+04 2.171673664104342606e+03 2.858408573954345775e+04 6.050215964477696689e+05 5.509683262915239175e+04
8.157867052554956172e+04 3.325314435244332417e+05 4.246751055607481976e+04 7.096875111239089165e+04 7.003604845197312534e+05 1.139549371701670170e+05
1.507957460044122126e+04 2.375068610105998232e+04 7.185596933887018167e+03 2.024406860899117237e+04 5.651810766770823393e+05 5.144047701636386773e+04
1.678567693573307770e+05 6.011870707380601671e+05 1.113642982787817018e+05 1.332276968216430396e+05 1.437363228571617743e+06 2.346691884959057206e+05
2.996261533321971365e+04 9.082406648181051423e+04 8.756883132663224387e+03 3.563378067509907851e+04 5.394773060082026059e+05 6.066623460254061501e+04
7.303022843439139251e+04 4.133075031629107543e+05 3.620930016956432519e+04 5.328487684414381511e+04 9.061338244514671387e+05 1.210971370328076155e+05
9.335516205136875215e+04 7.339984941151550447e+04 6.561470299167065241e+04 1.024256942455457465e+05 1.028046421388727729e+06 1.473779372262817633e+05
1.530180666592176131e+05 6.549544186564632691e+05 1.021277489796040027e+05 1.051770911955683841e+05 1.234548111622437369e+06 2.070221409696389746e+05
6.886282922680724005e+04 2.408432447370699956e+05 4.635823278315998323e+04 5.222107275991997449e+04 6.201952881979071535e+05 9.722690584693163692e+04
3.123730046445845801e+04 1.012374138955798344e+03 1.818712664105501608e+04 4.426805103021670948e+04 6.762785891465934692e+05 7.339378584871345083e+04
4.643432767018778577e+03 1.673944556932609703e+04 2.416905892106590272e+03 1.941854396795900539e+04 3.921947325585334329e+05 3.702962775151905225e+04
1.002053675494013078e+04 3.677331873933816041e+03 8.328677562561713785e+03 1.220241082190738780e+04 4.109216963595356792e+05 3.692844601070519275e+04
9.328183609827703549e+03 1.280944559017295978e+04 4.089127003256940498e+03 1.504884644287782976e+04 3.893577514134356170e+05 3.538935257284127147e+04
7.665531878583521575e+03 2.601850230020039453e+04 8.546100860978620403e+03 5.947073942063057984e+03 3.201829845783129567e+05 2.919582552425771428e+04
3.344797364851707971e+04 5.893603894019640575e+04 1.535587313395961428e+04 4.039556436382859101e+04 5.252997312359821517e+05 6.313301984617620474e+04
1.157872504665010492e+05 4.284493544129859656e+05 8.042739390763563279e+04 8.188600325277030061e+04 1.017004671625642572e+06 1.612980732478931895e+05
2.161714352160128692e+04 1.496268633467933068e+04 9.376475883779581636e+03 2.897786453625117429e+04 4.000856078831232153e+05 4.479519847283352283e+04
2.334623251048318707e+04 1.054889596407502358e+04 1.232701932258377383e+04 3.199763688562977404e+04 5.109451020357961534e+05 5.467062992916554504e+04
1.673568157893162788e+04 3.886016778538096696e+04 5.001828588921624032e+03 3.205770392982893827e+04 6.559792460864441236e+05 6.269556236794367578e+04
4.033029880499342107e+04 1.647275708634039984e+04 1.917883844388490252e+04 7.547844895312606241e+04 1.317088364046820207e+06 1.317995847287511860e+05
9.942056085305934175e+03 5.051928397872756614e+04 3.514185617979481322e+03 1.133865173972795856e+04 3.473255915638416191e+05 3.250232749655299995e+04
5.845444200874921080e+03 9.021327386926530380e+03 4.743471990239574552e+03 6.643627347153992559e+03 3.483251811931630364e+05 2.892348926944581763e+04
5.532920062979823706e+04 2.901381961940401234e+05 2.544095967947088866e+04 5.111892263103411096e+04 1.045565256479753414e+06 1.187603368352285615e+05
6.657480016871068801e+04 1.492818492464703158e+05 5.242803007944281126e+04 5.117715979979231633e+04 9.370955886827125214e+05 1.161563283971453056e+05
3.374661761934773676e+04 9.875743842510263494e+04 1.963399731061542479e+04 3.113891729637189565e+04 5.512317006632382981e+05 6.450576555285710492e+04
4.565424007821895066e+04 1.580137301017462742e+05 1.965084452594255708e+04 5.411747738843730622e+04 8.502140774110421771e+05 9.794451087230960547e+04
1.899516190225488026e+04 5.800987957071190067e+03 8.588843207534644534e+03 2.766698341687908032e+04 4.849269746956556919e+05 4.911605153252161108e+04
9.538287718188390500e+03 4.296784487115853153e+03 3.318024965730936401e+03 2.628117719599959310e+04 6.214793364845633041e+05 5.532728246037993085e+04
8.890914005858794553e+04 1.036606911341717750e+04 5.491419870070702746e+04 1.164671070072397124e+05 1.257291455691715935e+06 1.614149321700096480e+05
5.928547689896597876e+04 3.440785169835272827e+05 2.770912951385767883e+04 4.754523527782079327e+04 9.487880548868821934e+05 1.142814846925331221e+05
7.539824261748042773e+04 2.115396790607871662e+05 5.706954803491974599e+04 5.698884553743009019e+04 8.403703005941062002e+05 1.173594774350541556e+05
4.538010769978292956e+04 4.847339960187584438e+03 2.036186243992478194e+04 7.211010149441024987e+04 7.760648441593057942e+05 9.382230579861129809e+04
5.811386281972781035e+03 3.882291615812281634e+03 3.274034188020561487e+03 1.241089836877583730e+04 4.529992195131391054e+05 3.768399696612950356e+04
4.941736667327881878e+04 2.544251384906712919e+05 3.567643599295305467e+04 2.684594088776052013e+04 5.709022132145829964e+05 7.850441679182637017e+04
2.773601272861707457e+03 2.294794667454835508e+04 1.404023756687142395e+03 5.104744115944665282e+03 2.647866406301363022e+05 2.185825470295279956e+04
1.089174804302377888e+05 1.688743006508234248e+05 4.574764967234878713e+04 1.484858569640766364e+05 1.565852592692624778e+06 2.005371281716566300e+05
5.437629976002991316e+04 1.245921847297275672e+05 2.657629894487632191e+04 5.924227628830007598e+04 6.622748588259490207e+05 8.895317674327375425e+04
2.970851120942983471e+04 4.633646710082172649e+04 9.207228581149718593e+03 5.792926723240166029e+04 9.531772455799309537e+05 9.656642549797208630e+04
1.141944293117193592e+04 2.072477873694998925e+04 3.763356753799639137e+03 2.594858552942713141e+04 4.905363926958165830e+05 4.737442179051903804e+04
2.745430449227680583e+04 6.602420043375549722e+04 1.683103274542858344e+04 4.343903522568549670e+04 6.179143892009365372e+05 7.172503528392298904e+04
2.402709224490743145e+04 3.425365796670087002e+04 9.916717048282940596e+03 3.574205083585641114e+04 7.156922265542796813e+05 7.026867530790787714e+04
8.481656725972496133e+03 6.646099912435102851e+03 1.583092645052053285e+03 1.758555892469251194e+04 3.830909753372906707e+05 3.472968544648115494e+04
4.054986710259440315e+03 1.270912046590851560e+03 2.054192741917623607e+03 1.698727833429833117e+04 4.168035640674966271e+05 3.666381084460075363e+04
1.060935618383658948e+04 2.585233759305217609e+04 7.317963927710048665e+03 1.454693982229541871e+04 4.392309088332946412e+05 4.055400649616539158e+04
4.403040596660380106e+04 1.228705711164172535e+05 2.056553888358784388e+04 4.923382267021850566e+04 6.879698256611155812e+05 8.347943171631924633e+04
9.116559944556759729e+04 9.607770293353802117e+04 3.947291467748150899e+04 1.319860320697409043e+05 1.322403725227816263e+06 1.703955757689902093e+05
