1.0000000000e+00 0.0000000000e+00 1.4551525032e+04 7.8341200412e+04 8.5042503519e+03 2.3301372813e+04 4.0601828580e+05 4.5386865586e+04 -3.0182778286e+00 -2.5727225214e+02 7.3658823932e+01 -1.1853625944e+02 5.1404866188e+02 -8.5545120700e-14 -4.8014021150e+02
1.0000000000e+00 0.0000000000e+00 2.8830646978e+04 2.6108939321e+04 9.2711170970e+03 4.7567866286e+04 8.3718912402e+05 8.3106703133e+04 -4.8534578820e+01 1.5466939525e+02 4.7933098749e+01 -1.7955581741e+02 7.8616550194e+02 -1.4294710491e-13 1.3642360147e+01
1.0000000000e+00 0.0000000000e+00 1.3648181756e+04 2.3974963922e+04 5.3508422714e+03 1.7853191573e+04 3.6351911283e+05 3.6015821352e+04 -3.5783493074e+01 1.4717936056e+02 1.7934565275e+01 -1.0353600791e+02 4.7286518634e+02 -1.3325562949e-13 2.5878565784e+02
1.0000000000e+00 0.0000000000e+00 2.4655656019e+04 1.0291644130e+05 1.1871208074e+04 2.1010236186e+04 4.1911291226e+05 4.7898819512e+04 -4.5402116326e+01 3.1300554714e+02 -6.8709914002e+00 -1.0679412203e+02 5.3178355082e+02 -1.4802486732e-13 4.5799119205e+02
1.0000000000e+00 0.0000000000e+00 3.5775051313e+04 1.3917122810e+05 2.5031929302e+04 2.7415248688e+04 6.4862139688e+05 7.3698689593e+04 -5.1635604929e+01 3.7160889898e+02 -1.8173794902e+01 -1.2510907451e+02 6.8425204214e+02 -1.5487989231e-13 4.2404544969e+02
1.0000000000e+00 0.0000000000e+00 2.5861100387e+05 8.0977986164e+05 2.0570053756e+05 1.8147445670e+05 2.1023664550e+06 3.5219983989e+05 -1.4627508360e+02 8.9805242887e+02 -5.6350792693e+01 -2.4619120711e+02 1.3557504149e+03 -2.3605188363e-13 1.0136246515e+03
1.0000000000e+00 0.0000000000e+00 2.1488045564e+04 2.8451593322e+04 7.0206211489e+03 3.2578305965e+04 5.5278398077e+05 5.6345437672e+04 -4.4049986520e+01 1.6560890497e+02 3.3538508079e+01 -1.4423038923e+02 6.3288642762e+02 -1.3995790031e-13 2.5290448778e+02
1.0000000000e+00 0.0000000000e+00 3.8555618095e+04 6.5018085195e+04 2.0972639244e+04 4.0755537325e+04 5.9509274210e+05 7.0712236438e+04 -6.0279071535e+01 2.5480474483e+02 1.8583215665e+01 -1.4282922189e+02 6.5371208792e+02 -1.4441317001e-13 2.7334240666e+02
1.0000000000e+00 0.0000000000e+00 1.1066970838e+04 3.0772569386e+04 4.3734466118e+03 1.7401451984e+04 4.2810979795e+05 4.0070845193e+04 -2.8874118540e+01 1.7484477301e+02 1.3391509505e+01 -1.1180139234e+02 5.3720177717e+02 -1.3519482998e-13 2.5598587083e+02
1.0000000000e+00 0.0000000000e+00 7.0494211521e+04 1.7565297592e+05 6.4009852837e+04 3.8620089460e+04 7.8820838501e+05 1.0676151426e+05 -6.9693368349e+01 4.1723399761e+02 -2.7863263391e+01 -1.2932407236e+02 7.4113277447e+02 -1.7570528258e-13 5.3284080091e+02
1.0000000000e+00 0.0000000000e+00 3.6951193120e+04 1.6699659934e+05 2.0241817796e+04 2.9574176444e+04 5.2323388304e+05 6.5553038842e+04 -5.5374268255e+01 4.0225295506e+02 -1.8560160465e+01 -1.1582527290e+02 6.0177388330e+02 -1.5968158504e-13 5.7444829389e+02
1.0000000000e+00 0.0000000000e+00 4.5445172352e+04 2.0004471217e+05 2.8059782085e+04 3.2880811001e+04 5.8936916235e+05 7.6501636547e+04 -6.0928092523e+01 4.4649767192e+02 -2.5688595839e+01 -1.1946177383e+02 6.3936637196e+02 -1.5804788360e-13 4.2622291456e+02
1.0000000000e+00 0.0000000000e+00 8.5934610469e+04 3.1317237464e+05 5.2550375845e+04 7.4756516664e+04 7.9397572209e+05 1.2535306533e+05 -8.9304177790e+01 5.5488353270e+02 -2.4698703935e+01 -1.5571885721e+02 7.9705501766e+02 -1.7785364400e-13 7.0163469506e+02
1.0000000000e+00 0.0000000000e+00 5.9932065008e+04 1.7400206815e+05 3.6866755126e+04 5.5864399477e+04 6.2885768902e+05 9.2058593486e+04 -7.5231659579e+01 4.1686123811e+02 -8.0169249175e+00 -1.4109777938e+02 6.9336058006e+02 -1.6068152286e-13 4.4211328332e+02
1.0000000000e+00 0.0000000000e+00 7.4133493426e+04 4.5222051777e+03 4.0821266530e+04 1.0932108041e+05 1.5370137358e+06 1.7063326441e+05 -7.3362436521e+01 -4.1076913120e+00 1.0532215860e+02 -2.6528499698e+02 1.1114838994e+03 -1.6326797634e-13 -1.4081826305e+02
1.0000000000e+00 0.0000000000e+00 6.4476843075e+04 9.4647930982e+04 3.7579246981e+04 8.9674379021e+04 1.0051621482e+06 1.2903833711e+05 -4.4522940911e+01 -2.8854332411e+02 1.4828252242e+02 -2.4171307399e+02 8.8687918051e+02 -1.2544746427e-13 -4.5068581426e+02
1.0000000000e+00 0.0000000000e+00 1.3150689498e+04 7.8232743988e+02 5.5673509661e+03 2.5357025618e+04 4.3691835613e+05 4.3291684118e+04 -2.8003484753e+01 1.0453468505e+00 5.0593614473e+01 -1.2971105882e+02 5.4700536431e+02 -1.2684894326e-13 1.0369276437e+02
1.0000000000e+00 0.0000000000e+00 1.2945413863e+04 9.7602099099e+03 6.7436490349e+03 1.8740207334e+04 4.9515674781e+05 4.5167995155e+04 -3.1272069346e+01 9.6745291701e+01 2.9884326223e+01 -1.2364030863e+02 5.6853250407e+02 -1.3455442857e-13 1.3860432685e+02
1.0000000000e+00 0.0000000000e+00 2.4484504257e+04 1.7353109871e+05 8.0072225222e+03 2.1878607193e+04 5.0644878025e+05 5.5993394745e+04 -3.8989360401e+01 4.0712879692e+02 -2.1817622829e+01 -1.1436467489e+02 6.0924593336e+02 -1.5333114846e-13 6.8403443355e+02
1.0000000000e+00 0.0000000000e+00 2.4235408207e+04 2.7761625009e+03 1.1736298858e+04 3.7699441304e+04 7.3006945121e+05 7.1347923187e+04 -4.3032169215e+01 3.8214320056e+01 5.4506436827e+01 -1.6336638007e+02 7.2085128245e+02 -1.4073497406e-13 5.3986257821e+01
1.0000000000e+00 0.0000000000e+00 3.8929251898e+04 1.2437380280e+05 1.6564929716e+04 4.3617652521e+04 7.4545316793e+05 8.3155963275e+04 -5.8787221318e+01 3.4424952770e+02 9.4783882030e+00 -1.5716660455e+02 7.4266708994e+02 -1.6882421808e-13 5.2154715301e+02
1.0000000000e+00 0.0000000000e+00 1.7933935582e+05 7.2291661370e+05 9.4770587473e+04 1.5781179535e+05 1.8054468610e+06 2.6941176578e+05 -1.2698544941e+02 8.4273372525e+02 -3.1009602991e+01 -2.4772555233e+02 1.2443361879e+03 -2.3706964537e-13 1.1937618190e+03
1.0000000000e+00 0.0000000000e+00 4.3513150652e+04 5.5570462918e+04 2.3796855708e+04 6.0519046026e+04 7.7013168884e+05 9.2172103427e+04 -4.2162059807e+01 -2.0937783909e+02 1.1360858592e+02 -2.0069678395e+02 7.7513372965e+02 -1.1058065008e-13 -4.7523128967e+02
1.0000000000e+00 0.0000000000e+00 3.6411674998e+04 2.5873151725e+04 2.2599900344e+04 4.4554468495e+04 8.0586364928e+05 8.5371327625e+04 -5.6666202250e+01 1.5829012632e+02 3.6837773329e+01 -1.6345186574e+02 7.4634901808e+02 -1.5731278346e-13 1.2831139576e+02
1.0000000000e+00 0.0000000000e+00 8.4122670010e+04 2.7866411341e+05 5.7012488900e+04 7.1795125731e+04 1.1300796918e+06 1.4683654690e+05 -8.3987603355e+01 5.2765166122e+02 -1.7996480377e+01 -1.8626869935e+02 9.7951411059e+02 -1.7159260923e-13 5.2978835117e+02
1.0000000000e+00 0.0000000000e+00 9.6867668245e+03 6.0980450235e+04 6.2680386881e+03 4.2680924256e+03 2.1242634330e+05 2.1936547086e+04 -2.1676649854e+01 2.3428925334e+02 -2.4425554853e+01 -5.1637963533e+01 3.3138154505e+02 -1.1571983830e-13 3.6362782475e+02
1.0000000000e+00 0.0000000000e+00 2.3153324777e+04 4.2606815713e+04 1.4808152702e+04 2.2786635615e+04 4.7956576604e+05 5.1050551204e+04 -4.5221234006e+01 2.0614541392e+02 1.0209939574e+01 -1.1750611211e+02 5.7292314253e+02 -1.3995664931e-13 2.5631792798e+02
1.0000000000e+00 0.0000000000e+00 2.0642931905e+04 1.4209421324e+04 1.1784251997e+04 2.5468831545e+04 4.6918636700e+05 4.8856850348e+04 -4.2660205004e+01 1.1211955145e+02 3.1329640230e+01 -1.2528466348e+02 5.5901568982e+02 -1.3132254160e-13 7.8794175292e+01
1.0000000000e+00 0.0000000000e+00 2.6104327295e+05 8.3276114777e+05 1.8536239859e+05 2.1255317385e+05 2.1810047337e+06 3.6391176865e+05 -1.5183668861e+02 9.1203861518e+02 -4.3161275470e+01 -2.6725308071e+02 1.4025260313e+03 -2.2537808453e-13 9.6087418297e+02
1.0000000000e+00 0.0000000000e+00 1.0787066227e+04 2.9635086918e+04 8.3493542975e+03 1.1619668030e+04 3.8871199107e+05 3.6464217273e+04 -2.5568741051e+01 1.6902002508e+02 1.9578989392e+00 -9.3284485066e+01 4.9027874858e+02 -1.2628114214e-13 2.0765748390e+02
1.0000000000e+00 0.0000000000e+00 6.9973279601e+04 7.4271259423e+04 4.1544478448e+04 8.3613631881e+04 9.5130584200e+05 1.2337669175e+05 -8.1791620235e+01 2.6522846931e+02 3.8192783235e+01 -1.9499541263e+02 8.7107330444e+02 -1.7162654043e-13 3.9577775479e+02
1.0000000000e+00 0.0000000000e+00 1.3085856214e+04 1.0696080723e+04 8.8898763830e+03 2.3033464724e+04 5.6236095005e+05 5.2600968234e+04 -1.7655169511e+01 -9.9920263307e+01 6.7095369671e+01 -1.4168349519e+02 5.9599534054e+02 -1.3235163577e-13 4.5863301098e-01
1.0000000000e+00 0.0000000000e+00 1.9032614583e+04 4.3640349947e+04 1.2126842885e+04 3.7539894487e+04 5.8872013914e+05 6.3958669946e+04 -9.2115847888e+00 -2.0399961066e+02 8.9591647514e+01 -1.5778487766e+02 6.3661381456e+02 -1.1115209267e-13 -2.4339775652e+02
1.0000000000e+00 0.0000000000e+00 1.7873604987e+04 1.9264101936e+04 3.3243152850e+03 4.4731442340e+04 8.3776427187e+05 7.8960599281e+04 -3.2566078960e+01 1.3736466848e+02 4.4435124021e+01 -1.7549744007e+02 7.9402892445e+02 -1.5104560604e-13 1.7631297129e+02
1.0000000000e+00 0.0000000000e+00 1.3735033779e+04 2.3107156790e+04 1.4620849044e+03 3.9425347171e+04 8.7369046331e+05 7.8364994896e+04 -2.2802595291e+01 1.5031966963e+02 3.5902828551e+01 -1.6434726216e+02 7.6422361451e+02 -1.5934871624e-13 1.9663568756e+02
1.0000000000e+00 0.0000000000e+00 5.9226951977e+04 7.8508845900e+04 5.2251481540e+04 4.7210721586e+04 7.6359778530e+05 9.9115994806e+04 -6.9516053723e+01 2.7290859003e+02 6.5294159381e+00 -1.5041986026e+02 7.6868366349e+02 -1.4757872767e-13 1.5438181050e+02
1.0000000000e+00 0.0000000000e+00 5.4932679057e+04 6.8083074260e+04 3.7259950671e+04 6.4708069959e+04 7.0647926755e+05 9.6207835408e+04 -3.5836645425e+01 -2.4986824871e+02 1.3731810120e+02 -2.1134124010e+02 7.2451750485e+02 -1.1719927974e-13 -3.8343344258e+02
1.0000000000e+00 0.0000000000e+00 3.3473249740e+04 8.6921386233e+04 2.6185010833e+04 2.3007151021e+04 5.4499829672e+05 6.2647948587e+04 -5.1662924647e+01 2.9457645226e+02 -9.1071155082e+00 -1.1259565485e+02 5.9867423889e+02 -1.5052165955e-13 3.2377467424e+02
1.0000000000e+00 0.0000000000e+00 5.2301058693e+03 3.5900065672e+04 3.7962359337e+03 7.1439593153e+03 2.1606034622e+05 2.1175056669e+04 2.8032687115e+00 1.6865045449e+02 -3.1090466244e+00 -5.8750424762e+01 2.9085486032e+02 -1.1690211614e-13 3.0437087739e+02
1.0000000000e+00 0.0000000000e+00 1.7728796378e+04 1.2773026601e+04 8.0651051136e+03 2.5733884679e+04 5.0232798288e+05 4.9531465264e+04 -2.7996808081e+01 6.0570722028e+01 5.6256129235e+01 -1.4229363122e+02 5.5152179457e+02 -1.4713220053e-13 2.8455167411e+02
1.0000000000e+00 0.0000000000e+00 8.6578738482e+03 5.9913675213e+03 1.8964373580e+03 1.7759391492e+04 4.1612940047e+05 3.7133127862e+04 -2.2754414170e+01 7.6133548418e+01 3.4560234229e+01 -1.1686862022e+02 5.0819825165e+02 -1.2892690287e-13 1.3071442075e+02
1.0000000000e+00 0.0000000000e+00 7.2103249093e+03 3.2970669650e+03 3.4606284686e+03 2.2919818645e+04 4.2573510638e+05 4.0653671112e+04 -1.7952638313e+00 -5.7028237894e+01 4.6300343240e+01 -1.1079963001e+02 4.9009658074e+02 -1.1725734834e-13 -3.2177776948e+01
1.0000000000e+00 0.0000000000e+00 2.9895731568e+04 1.1165240090e+05 1.5217214003e+04 2.4350972005e+04 3.9363816994e+05 4.9570622116e+04 -5.1665107520e+01 3.3310111509e+02 -9.6029575764e+00 -1.0274232969e+02 5.0727238048e+02 -1.3473407804e-13 3.5717701317e+02
1.0000000000e+00 0.0000000000e+00 6.1005822548e+03 5.2119341075e+04 2.1026578455e+03 7.6031145341e+03 2.4272916553e+05 2.3248735873e+04 -5.9901507447e+00 2.2073706311e+02 -1.0857064876e+01 -6.2351009447e+01 3.2640895656e+02 -1.1880510652e-13 2.6970672708e+02
1.0000000000e+00 0.0000000000e+00 2.7806621036e+03 8.2829816178e+02 1.0316434356e+03 6.1720542107e+03 1.8296191695e+05 1.5582548362e+04 -9.4525300603e+00 -9.1994656460e+00 2.8555160686e+01 -6.9739449464e+01 2.9260441372e+02 -9.2775678896e-14 -5.0600624921e+01
1.0000000000e+00 0.0000000000e+00 8.4108702713e+03 5.1914740962e+03 6.0218485710e+03 1.9205108144e+04 4.9615777543e+05 4.4908362941e+04 -2.1167945431e+01 6.5354081024e+01 2.3480880332e+01 -1.1644218819e+02 5.8427063853e+02 -1.2541619813e-13 2.2084011374e+01
1.0000000000e+00 0.0000000000e+00 1.1691910630e+04 8.3517536977e+01 7.3007165020e+03 2.8559900794e+04 5.5948877130e+05 5.3696663656e+04 -1.1526392211e+01 -2.6681590255e+00 5.7972141208e+01 -1.4221425564e+02 5.8650431996e+02 -1.2718323850e-13 -3.9113631883e+01
1.0000000000e+00 0.0000000000e+00 2.7176269249e+04 1.3417541399e+05 1.8217390730e+04 1.5923693549e+04 5.0609109111e+05 5.5731069964e+04 -4.3192886238e+01 3.6076270383e+02 -2.4583301238e+01 -1.0518594571e+02 5.9936766020e+02 -1.5022539186e-13 5.6866779902e+02
1.0000000000e+00 0.0000000000e+00 4.1905663145e+04 1.2107405649e+05 1.5912101214e+04 5.0662599504e+04 1.0795918715e+06 1.0837093521e+05 -5.8850238024e+01 3.2582591206e+02 2.2904388572e+01 -1.8918537763e+02 8.8542844584e+02 -1.9188262068e-13 6.2161388399e+02
1.0000000000e+00 0.0000000000e+00 2.6784245412e+03 9.0398111136e+02 1.5314493514e+03 6.2419989233e+03 2.9226653519e+05 2.3185162832e+04 -9.1362246714e+00 1.5818443272e+01 1.9367629988e+01 -7.1528930919e+01 3.4511879303e+02 -1.1124895885e-13 -7.6479563576e+01
1.0000000000e+00 0.0000000000e+00 2.3585706478e+04 3.2958041058e+04 1.8724763846e+04 2.2092050125e+04 6.0854947352e+05 6.0622910509e+04 -4.3563658148e+01 1.8128728596e+02 1.0955924134e+01 -1.2581313639e+02 6.4227380470e+02 -1.4630875653e-13 2.3578885952e+02
1.0000000000e+00 0.0000000000e+00 4.9327659371e+04 2.5252439798e+05 2.8098758347e+04 3.2897002700e+04 5.7592754009e+05 7.8217953543e+04 -6.2535025005e+01 4.9447981258e+02 -3.2475358903e+01 -1.2210349794e+02 6.6533213037e+02 -1.6268185729e-13 7.2999208191e+02
1.0000000000e+00 0.0000000000e+00 2.1107596354e+04 1.1334957544e+03 1.2326948109e+04 3.6554092302e+04 7.0915725099e+05 6.9596823239e+04 -2.4933035587e+01 -3.0019473499e+01 7.5782536308e+01 -1.6960143223e+02 6.7659351636e+02 -1.4361883277e-13 -6.8903993954e+01
1.0000000000e+00 0.0000000000e+00 3.1511783178e+04 2.0655228273e+05 1.3178775140e+04 2.3678044212e+04 5.8231045786e+05 6.5772495705e+04 -4.4914119750e+01 4.4705630392e+02 -2.5133812669e+01 -1.2086612378e+02 6.4484111221e+02 -1.5423109565e-13 5.5846601483e+02
1.0000000000e+00 0.0000000000e+00 7.2743740092e+04 8.2159560143e+04 4.9220445249e+04 8.0735622537e+04 9.3555781763e+05 1.2471534019e+05 -8.2296508157e+01 2.7543951541e+02 2.9912010566e+01 -1.8645363238e+02 8.5921035393e+02 -1.5620562385e-13 9.3194473819e+01
1.0000000000e+00 0.0000000000e+00 8.4409953335e+03 5.6517002570e+04 3.6308423637e+03 8.1092490793e+03 3.1524586350e+05 2.9231382930e+04 -2.1063167539e+01 2.3432529693e+02 -1.2472672947e+01 -7.6412960161e+01 4.2130712199e+02 -1.2946621093e-13 2.5173070321e+02
1.0000000000e+00 0.0000000000e+00 2.9154056638e+04 4.0096961944e+04 1.7459997502e+04 3.2764238128e+04 4.2419697981e+05 5.2857180535e+04 -5.4114415754e+01 1.9831637590e+02 1.6802196417e+01 -1.1945676494e+02 5.4954429838e+02 -1.2924589146e-13 1.6728411126e+02
1.0000000000e+00 0.0000000000e+00 6.2424591001e+04 2.5749282894e+05 3.5237641767e+04 5.0896888219e+04 4.7247268281e+05 8.2722138010e+04 -7.6561464794e+01 5.0384387048e+02 -2.8022494859e+01 -1.1542911102e+02 5.8503326457e+02 -1.5988717505e-13 6.9859016038e+02
1.0000000000e+00 0.0000000000e+00 1.1487098779e+04 6.5205566790e+04 5.4303792656e+03 7.6014376291e+03 2.4723796383e+05 2.5633168748e+04 -2.9588165361e+01 2.5275321984e+02 -1.4309796375e+01 -6.7322785518e+01 3.5841442921e+02 -1.2818819131e-13 2.6821650048e+02
1.0000000000e+00 0.0000000000e+00 1.2097513387e+04 1.0988856039e+04 6.0212019107e+03 1.6312843650e+04 4.4370747630e+05 4.0359271728e+04 -3.2102294228e+01 1.0330680762e+02 2.2850861882e+01 -1.0981650251e+02 5.1584872796e+02 -1.3185303815e-13 8.0649085924e+01
1.0000000000e+00 0.0000000000e+00 8.5604890920e+03 1.1453092293e+04 5.6621977919e+03 9.2228157466e+03 3.5466755342e+05 3.1032694216e+04 -2.6127789645e+01 1.0692434475e+02 1.1470697851e+01 -8.7441517405e+01 4.3570028702e+02 -1.2668767775e-13 1.0341531149e+02
1.0000000000e+00 0.0000000000e+00 2.3197842566e+04 5.6619992370e+03 1.1447316903e+04 3.7310949250e+04 7.2314778744e+05 7.0724897352e+04 -3.0741500808e+01 -7.4494601191e+01 8.3060551716e+01 -1.7338486668e+02 6.8809574171e+02 -1.4192034811e-13 -1.8183214654e+01
1.0000000000e+00 0.0000000000e+00 3.3411022118e+04 1.8874637103e+04 1.7119282056e+04 5.3128122365e+04 9.0482085150e+05 9.3195172300e+04 -4.0966866812e+01 -1.1757726053e+02 9.3557835947e+01 -1.9493602130e+02 7.9739228268e+02 -1.4118007838e-13 -1.7066477584e+02
1.0000000000e+00 0.0000000000e+00 9.2587009004e+04 1.7907362568e+05 5.3953609165e+04 1.0013998769e+05 1.0705404607e+06 1.4940347408e+05 -9.5284541354e+01 4.2285659752e+02 1.6047048777e+01 -2.0280513039e+02 9.4957438054e+02 -1.7031607620e-13 4.6360732635e+02
1.0000000000e+00 0.0000000000e+00 1.0101068309e+04 3.5867307939e+03 4.3674889091e+03 1.4841129165e+04 2.8376258870e+05 2.7856871137e+04 -2.3944785355e+01 -4.5635905446e+00 4.6090175952e+01 -1.0492736635e+02 4.1337490010e+02 -1.0085884892e-13 -1.2262073536e+02
1.0000000000e+00 0.0000000000e+00 6.2463272053e+03 1.6530364392e+04 7.1557295489e+02 1.8664876649e+04 4.6897633229e+05 4.1109368006e+04 -1.3309433824e+01 1.0855147588e+02 1.9634073985e+01 -1.0928019380e+02 5.2900275984e+02 -1.4347776534e-13 3.6905295061e+02
1.0000000000e+00 0.0000000000e+00 9.2049699876e+03 5.9755851221e+03 2.4780978019e+03 1.8493457295e+04 3.5189060317e+05 3.3394349535e+04 -2.4384461749e+01 7.0609963325e+01 3.6097247784e+01 -1.1472622226e+02 4.8800666038e+02 -1.1915936485e-13 1.9016286539e+02
1.0000000000e+00 0.0000000000e+00 3.6135690308e+03 1.2783451772e+04 4.0711261567e+03 7.4931202297e+03 2.9664440003e+05 2.5727869361e+04 -2.3576492674e+00 1.0969241796e+02 -1.5923539148e+01 -5.0400179726e+01 3.6021386222e+02 -1.2248971898e-13 6.6506848738e+01
1.0000000000e+00 0.0000000000e+00 1.7944984365e+05 5.0510338706e+05 1.7157791192e+05 9.4516002186e+04 1.4815529913e+06 2.4134031375e+05 -1.1608611781e+02 7.0995758155e+02 -6.1370805402e+01 -1.7925554255e+02 1.0762699182e+03 -2.1816395123e-13 7.7994362121e+02
1.0000000000e+00 0.0000000000e+00 1.1029531678e+05 4.4323904103e+05 6.6880049633e+04 8.5072976281e+04 9.8640092436e+05 1.5557239374e+05 -9.6451338984e+01 6.6019669490e+02 -3.4098817090e+01 -1.7319195477e+02 8.9731209178e+02 -1.9867460362e-13 9.5064129158e+02
1.0000000000e+00 0.0000000000e+00 1.8876327790e+04 4.2515336768e+03 6.4907851336e+03 2.8203192723e+04 3.9017302116e+05 4.2004309037e+04 -4.0477162914e+01 5.1485393693e+01 4.7993958567e+01 -1.2944039666e+02 5.2474708015e+02 -1.1279633887e-13 -1.2498260987e+01
1.0000000000e+00 0.0000000000e+00 7.4953301190e+03 4.9657814189e+04 3.2702847179e+03 1.8016283646e+04 3.5703863400e+05 3.6027377805e+04 2.7154458948e+00 2.1505689363e+02 -1.8644939994e+01 -7.1380432318e+01 4.4120598793e+02 -1.2907514547e-13 2.7354704616e+02
1.0000000000e+00 0.0000000000e+00 7.0231009423e+04 3.0850812507e+05 4.7801384097e+04 4.3123230860e+04 6.8822301434e+05 1.0165816069e+05 -7.2871717451e+01 5.4898205031e+02 -3.9534315220e+01 -1.3211524486e+02 7.3779505185e+02 -1.6808911317e-13 7.4662519979e+02
1.0000000000e+00 0.0000000000e+00 3.0201083452e+04 5.8843475587e+03 1.2722696428e+04 4.8270598144e+04 5.5254494750e+05 6.4766790834e+04 -4.5741934680e+01 -3.4301950988e+01 7.6788310268e+01 -1.6779559917e+02 6.6115661521e+02 -1.1400786819e-13 -5.1726120108e+01
1.0000000000e+00 0.0000000000e+00 2.3731403638e+04 3.0415992776e+04 1.1647161494e+04 3.0929521752e+04 4.2524811540e+05 4.9113488880e+04 -4.7708248240e+01 1.7367608968e+02 2.4682615808e+01 -1.2171781509e+02 5.3236135974e+02 -1.3652658996e-13 1.7138010762e+02
1.0000000000e+00 0.0000000000e+00 4.1833400607e+03 2.4801576994e+02 4.4451080253e+03 1.2932260292e+04 3.1685126051e+05 2.9087530150e+04 1.0065957936e+01 -5.2422029954e+00 2.0364795077e+01 -6.6146211998e+01 3.1803077098e+02 -1.2344787649e-13 5.5735233636e+01
1.0000000000e+00 0.0000000000e+00 1.5155084295e+05 6.9054197702e+05 8.0263520560e+04 1.2585629025e+05 1.3978781588e+06 2.1969369423e+05 -1.1494370271e+02 8.1967721249e+02 -4.1297459615e+01 -2.1381004184e+02 1.0992201058e+03 -2.2165222694e-13 1.1419720427e+03
1.0000000000e+00 0.0000000000e+00 2.3679474981e+03 8.4338779254e+03 1.4175711144e+03 1.3767175567e+04 3.8170086832e+05 3.2926668086e+04 4.9797178536e+00 -6.5202408042e+01 1.9031218129e+01 -7.2058841858e+01 4.1043136751e+02 -1.1624831184e-13 -1.3633880725e+02
1.0000000000e+00 0.0000000000e+00 1.3411014180e+04 7.4256806226e+03 1.0228173772e+04 2.7934140930e+04 4.8118059592e+05 4.9771943187e+04 -8.3444212878e+00 -7.3489917102e+01 6.8688348300e+01 -1.3903232606e+02 5.4852130040e+02 -1.2619948004e-13 2.4594311725e+01
1.0000000000e+00 0.0000000000e+00 9.0548982711e+03 4.7307620386e+04 3.5247244814e+03 1.4116246694e+04 5.4535154100e+05 4.6923110236e+04 -2.2720102935e+01 2.0939512086e+02 5.3684122291e-01 -1.0957084534e+02 5.7918187405e+02 -1.5089100649e-13 3.1612926104e+02
1.0000000000e+00 0.0000000000e+00 2.1919901483e+04 1.8042998708e+04 7.0565875832e+03 4.0928526033e+04 7.7834224758e+05 7.4792797819e+04 -4.0499238837e+01 1.3404627333e+02 4.6730766479e+01 -1.7206687911e+02 7.5869280650e+02 -1.5346169778e-13 1.5343575494e+02
1.0000000000e+00 0.0000000000e+00 1.7978127273e+04 1.1350731663e+05 1.3053205156e+04 8.6966217975e+03 4.0218837775e+05 4.2225959908e+04 -2.8613954595e+01 3.2871013999e+02 -3.2565383847e+01 -7.9406668693e+01 5.0078976068e+02 -1.4896229954e-13 4.9869860090e+02
1.0000000000e+00 0.0000000000e+00 1.8488619444e+04 8.8874105976e+04 8.5067620245e+03 2.0740167806e+04 5.6727530188e+05 5.5596977156e+04 -3.4194527901e+01 2.9570205093e+02 -9.2747563445e+00 -1.1458091442e+02 6.1226759753e+02 -1.5163845526e-13 4.0767734127e+02
1.0000000000e+00 0.0000000000e+00 1.4851776684e+04 7.3391764792e+03 7.1457345453e+03 1.7956210017e+04 3.8652954080e+05 3.7560822957e+04 -3.1132663663e+01 -1.7497190177e+01 5.1790961246e+01 -1.1474522345e+02 4.5235524145e+02 -1.1428504725e-13 -2.2223191911e+02
1.0000000000e+00 0.0000000000e+00 2.2039830781e+04 7.6402170681e+02 1.4595690920e+04 2.8316045237e+04 5.7045691315e+05 5.7502527928e+04 -3.6358168137e+01 -9.2182926956e+00 5.9096276462e+01 -1.4771708260e+02 6.2111259195e+02 -1.3779871883e-13 9.7365510447e+01
1.0000000000e+00 0.0000000000e+00 5.5325082239e+04 2.1828566824e+05 1.1603956884e+04 8.1979193069e+04 1.1567710847e+06 1.3067489739e+05 -6.8936851742e+01 4.5927665513e+02 1.7384474556e+01 -2.1373772158e+02 9.8771353594e+02 -1.7990811421e-13 6.8573147256e+02
1.0000000000e+00 0.0000000000e+00 4.1417957502e+04 1.1251794087e+05 2.9231906523e+04 3.4519761097e+04 5.8089221661e+05 7.2847753941e+04 -5.8499883474e+01 3.3444798488e+02 -6.2785323199e+00 -1.2791364940e+02 6.5420037148e+02 -1.4657453795e-13 2.9086097880e+02
1.0000000000e+00 0.0000000000e+00 3.2165627997e+04 5.3641943422e+04 2.2867817041e+04 3.0510717497e+04 4.6428325402e+05 5.7535687391e+04 -5.3514184807e+01 2.3106267590e+02 8.3900346445e+00 -1.1846681595e+02 5.7271860678e+02 -1.3364001533e-13 1.5929513502e+02
1.0000000000e+00 0.0000000000e+00 6.3905941491e+04 2.0704968432e+05 3.9943944030e+04 5.2794448210e+04 8.1799693666e+05 1.0635329880e+05 -7.4448763803e+01 4.5465281171e+02 -1.2110381252e+01 -1.5354517572e+02 7.7548290190e+02 -1.6961655551e-13 3.8884824150e+02
1.0000000000e+00 0.0000000000e+00 4.5507320654e+04 2.6691052462e+05 2.9177414301e+04 2.1357800081e+04 4.8403563990e+05 6.7996205667e+04 -5.4408429583e+01 5.0754637689e+02 -4.6263630167e+01 -1.0072101696e+02 6.0034035531e+02 -1.5927205332e-13 6.9194696534e+02
1.0000000000e+00 0.0000000000e+00 2.9303138828e+05 1.1789714753e+06 1.8682429123e+05 2.1853733427e+05 1.5674522080e+06 3.4310830986e+05 -1.5911519938e+02 1.0719251283e+03 -7.5191977725e+01 -2.1623115771e+02 1.1471985782e+03 -2.5490998406e-13 1.4491805990e+03
1.0000000000e+00 0.0000000000e+00 1.7415720453e+05 7.8995698024e+05 1.0137056211e+05 1.2776039906e+05 1.4250038205e+06 2.3639634036e+05 -1.2052424074e+02 8.7763784311e+02 -5.4433638515e+01 -2.0568502200e+02 1.0861570350e+03 -2.2840806956e-13 1.0862411009e+03
1.0000000000e+00 0.0000000000e+00 4.9554722806e+04 2.5608924875e+05 2.8210218771e+04 3.6162353290e+04 6.8021307192e+05 8.6933102448e+04 -6.1784409121e+01 5.0225962775e+02 -3.2091262960e+01 -1.3225832392e+02 7.2541851255e+02 -1.6272901350e-13 6.0395901393e+02
1.0000000000e+00 0.0000000000e+00 2.3920421094e+04 1.8486596652e+04 1.4363711292e+04 3.4745987549e+04 8.2473017633e+05 7.8289124532e+04 -3.3414736744e+01 -1.0705360536e+02 7.7767985005e+01 -1.7244529582e+02 7.3964889227e+02 -1.3834938793e-13 -1.9415072129e+02
1.0000000000e+00 0.0000000000e+00 8.0689571624e+03 8.7161263879e+03 2.8592173856e+03 1.1726973118e+04 3.2322917926e+05 2.8706775534e+04 -2.5937450028e+01 9.3179875436e+01 2.2505143626e+01 -9.5047890877e+01 4.2622446309e+02 -1.2080800683e-13 9.2128303889e+01
1.0000000000e+00 0.0000000000e+00 8.2249305344e+03 1.2159585710e+04 1.9878800006e+03 1.7731107277e+04 4.0033866928e+05 3.6402833311e+04 -2.1630145912e+01 9.9545066837e+01 2.9882022583e+01 -1.1669804628e+02 5.1981537007e+02 -1.2741964743e-13 2.5630562555e+02
1.0000000000e+00 0.0000000000e+00 8.6098552331e+02 3.1638338314e+03 8.9231879709e+02 4.4082456521e+03 1.5033375255e+05 1.2645908852e+04 4.3348863102e+00 3.2674300733e+01 -8.4611281698e-01 -3.5842919581e+01 2.2236035723e+02 -8.8983052511e-14 -8.4858342416e+01
1.0000000000e+00 0.0000000000e+00 3.2268709954e+04 6.9635852070e+04 1.8291234598e+04 3.2778043139e+04 4.6034322921e+05 5.7114284418e+04 -5.5266683314e+01 2.6357187929e+02 8.4435327173e+00 -1.2531046843e+02 5.9447360461e+02 -1.3195328149e-13 2.9576926210e+02
1.0000000000e+00 0.0000000000e+00 1.4059619566e+05 6.2425512649e+05 7.6247452390e+04 1.0922970489e+05 1.3521104588e+06 2.0408650372e+05 -1.1082939446e+02 7.7502949602e+02 -3.9640733526e+01 -2.0507349827e+02 1.0627063137e+03 -2.1370368011e-13 1.0349313309e+03
1.0000000000e+00 0.0000000000e+00 2.5128459942e+04 5.6702930781e+04 2.2952205441e+04 1.4074854630e+04 4.5399057739e+05 4.9599190073e+04 -4.2113862714e+01 2.2829191743e+02 -9.7999388376e+00 -9.3098146054e+01 5.2078847776e+02 -1.4428445933e-13 3.3082653416e+02
1.0000000000e+00 0.0000000000e+00 1.0100029979e+05 3.5646483462e+05 6.4946521997e+04 7.5551814069e+04 1.0975323914e+06 1.5361533520e+05 -9.3695391842e+01 5.9359148504e+02 -2.6889496598e+01 -1.7660628414e+02 9.2305062069e+02 -1.9479039305e-13 6.2535005223e+02
1.0000000000e+00 0.0000000000e+00 8.9621322335e+03 5.0825926347e+04 4.0739966284e+03 7.9829548608e+03 3.2039049347e+05 2.9429789037e+04 -2.2184132323e+01 2.2452870965e+02 -9.8250052092e+00 -7.7669410356e+01 4.1999032393e+02 -1.2717723279e-13 3.0094088068e+02
1.0000000000e+00 0.0000000000e+00 8.0073975103e+04 1.1054350000e+05 4.2657285702e+04 8.9914665651e+04 9.7614657444e+05 1.3017086542e+05 -8.8562619705e+01 3.3179123664e+02 3.2852959534e+01 -1.9882598314e+02 8.8209106356e+02 -1.6981370049e-13 4.1823628781e+02
1.0000000000e+00 0.0000000000e+00 2.2052936514e+03 1.6697395689e+04 1.5714963292e+03 4.5111563699e+03 2.1784721458e+05 1.8195685652e+04 -4.8596079497e+00 1.2798200410e+02 -1.1444583120e+01 -4.9764061020e+01 3.1377775032e+02 -1.1401247679e-13 2.1155054775e+02
1.0000000000e+00 0.0000000000e+00 6.0276343797e+04 4.7577726621e+05 3.1716212681e+04 2.3586877431e+04 8.6812724959e+05 1.0626547974e+05 -5.5046505488e+01 6.8217203231e+02 -6.9673892813e+01 -1.2295472140e+02 7.7141572264e+02 -1.8777213922e-13 8.3951274123e+02
1.0000000000e+00 0.0000000000e+00 4.0619164981e+04 1.0238835795e+05 2.5712046744e+04 4.1111430755e+04 9.0413672345e+05 9.5551203075e+04 -5.8582559047e+01 3.1701828979e+02 5.7371255460e+00 -1.6125783785e+02 8.1418064415e+02 -1.6934873904e-13 3.9261714493e+02
1.0000000000e+00 0.0000000000e+00 9.5278266439e+04 3.8693713089e+05 8.2100793204e+04 4.3215500056e+04 8.3595475536e+05 1.3030225039e+05 -8.0147036587e+01 6.1717332166e+02 -6.1116563198e+01 -1.2788881694e+02 7.9755018570e+02 -1.8623338560e-13 7.6770454022e+02
1.0000000000e+00 0.0000000000e+00 1.2439232656e+04 2.8812105656e+04 1.4658373918e+04 1.0354174335e+04 4.7134578796e+05 4.4128905482e+04 -2.1149936237e+01 1.6085967200e+02 -9.7415418110e+00 -8.9896243587e+01 5.4848685395e+02 -1.2650133440e-13 1.1007479369e+02
1.0000000000e+00 0.0000000000e+00 6.4626252094e+04 1.6241905521e+05 4.0849093060e+04 6.1008325509e+04 7.9405583713e+05 1.0663944365e+05 -7.8005813282e+01 4.0217270270e+02 -5.2232171305e-01 -1.6328647768e+02 8.0530336255e+02 -1.6455551765e-13 5.1276073437e+02
1.0000000000e+00 0.0000000000e+00 6.8134178220e+04 2.9519853325e+05 4.7236174886e+04 4.6599584473e+04 7.9443246640e+05 1.0947161051e+05 -7.2812502722e+01 5.4243222986e+02 -3.6502088124e+01 -1.4166160100e+02 7.8735810653e+02 -1.6836932490e-13 5.1606120536e+02
1.0000000000e+00 0.0000000000e+00 1.7908130657e+03 2.0707228583e+03 9.5994505963e+02 9.1472692766e+03 2.5219234771e+05 2.1614859176e+04 2.0617104471e+00 -9.4486139090e+00 1.6718559492e+01 -6.4371541367e+01 3.3256341037e+02 -1.0085455868e-13 -1.9153221555e+02
1.0000000000e+00 0.0000000000e+00 8.5285763691e+04 2.0031224338e+05 5.4538330655e+04 8.3639635883e+04 8.0593095290e+05 1.2544753894e+05 -9.0661348119e+01 4.4660006167e+02 -1.4693263203e+00 -1.6834483397e+02 8.1270212895e+02 -1.6209603578e-13 5.0700448237e+02
1.0000000000e+00 0.0000000000e+00 1.6612928197e+04 6.7061592877e+02 5.5480266285e+03 2.7643152740e+04 3.3838974461e+05 3.7684582414e+04 -3.6189496937e+01 1.6932475465e+01 5.2815790740e+01 -1.2236712356e+02 4.7170427082e+02 -1.1952707012e-13 8.1195675692e+01
1.0000000000e+00 0.0000000000e+00 4.7792326088e+04 7.0285106973e+04 2.5571966417e+04 5.8244901355e+04 8.6244655727e+05 9.8846017798e+04 -6.7356715420e+01 2.6073095875e+02 2.7878781871e+01 -1.7723666214e+02 8.2109522404e+02 -1.5866784245e-13 2.9897356120e+02
1.0000000000e+00 0.0000000000e+00 1.8754631218e+04 8.8448881755e+04 1.5929670326e+04 2.5339883263e+04 5.6659188840e+05 6.0809793832e+04 -2.0458872550e+00 -2.8963294850e+02 8.2142321516e+01 -1.3328181567e+02 5.8261192988e+02 -1.0741613535e-13 -3.6363918111e+02
1.0000000000e+00 0.0000000000e+00 1.3036653736e+04 3.7716066873e+03 7.2162176954e+03 2.2448720043e+04 4.7565709305e+05 4.5440834476e+04 -2.0758670959e+01 -5.1164930939e+01 6.4840307463e+01 -1.3655055017e+02 5.4007869372e+02 -1.2071794506e-13 -1.3050998263e+02
1.0000000000e+00 0.0000000000e+00 4.4314621267e+04 8.6590608893e+04 2.4569321926e+04 5.9325286261e+04 6.9814859554e+05 8.8658376558e+04 -3.0421993926e+01 -2.8039043410e+02 1.2559510081e+02 -1.9463689139e+02 7.0980089841e+02 -1.1300387083e-13 -3.8708906424e+02
1.0000000000e+00 0.0000000000e+00 1.3338272653e+04 1.1535179386e+05 4.9479010094e+03 5.9422002806e+03 3.1798558666e+05 3.1914186337e+04 -2.1775528716e+01 3.3602452983e+02 -2.2489860245e+01 -7.0467016727e+01 3.7073206831e+02 -1.4652861987e-13 4.8704790485e+02
1.0000000000e+00 0.0000000000e+00 1.0533919958e+04 1.9234644717e+03 4.6536817649e+03 2.0557079005e+04 3.4549391654e+05 3.4634642050e+04 -1.7505300619e+01 -3.8165748428e+01 5.6620917995e+01 -1.2043662474e+02 4.7486430604e+02 -1.0993553520e-13 -1.4428124968e+01
1.0000000000e+00 0.0000000000e+00 7.5212976692e+04 2.1521887413e+05 4.4319483757e+04 6.8277505532e+04 7.0136357521e+05 1.0780014609e+05 -8.5656520109e+01 4.6309491254e+02 -9.6010294191e+00 -1.5030323534e+02 7.3139486954e+02 -1.6516342047e-13 4.8819939906e+02
1.0000000000e+00 0.0000000000e+00 6.8002848915e+04 2.0358213649e+05 5.5257727269e+04 4.6839811041e+04 7.1696710808e+05 1.0329547899e+05 -7.3604333066e+01 4.5077125912e+02 -2.5685434888e+01 -1.3803617953e+02 7.6107773765e+02 -1.5586382106e-13 4.3755694193e+02
1.0000000000e+00 0.0000000000e+00 1.0581559728e+04 5.2718717583e+04 7.4756464232e+03 7.8641035457e+03 2.6662677940e+05 2.7319960965e+04 -6.0890370796e+00 -2.1591863808e+02 6.6354340241e+01 -8.2326205191e+01 2.8700916411e+02 -9.8411765735e-14 -4.0812769848e+02
1.0000000000e+00 0.0000000000e+00 1.0148330230e+05 2.2009401272e+05 5.3820087268e+04 1.1979543741e+05 1.3587776275e+06 1.7964985777e+05 -1.0005877577e+02 4.6712517440e+02 1.8800019609e+01 -2.2648329306e+02 1.0585560288e+03 -1.9718795771e-13 6.5843401823e+02
1.0000000000e+00 0.0000000000e+00 1.8880047262e+04 6.1378935882e+03 5.7652941470e+03 3.4359639854e+04 5.6090470834e+05 5.6052070179e+04 -3.6710237716e+01 7.1819945511e+01 5.0369522171e+01 -1.4995348543e+02 6.3247333016e+02 -1.3035423993e-13 3.7252330784e+01
1.0000000000e+00 0.0000000000e+00 3.2211515869e+04 5.6901495062e+04 1.0440043183e+04 4.5953128076e+04 8.2083988082e+05 8.3304175116e+04 -5.4317552290e+01 2.3809367118e+02 3.2952717879e+01 -1.7242438972e+02 7.7287284323e+02 -1.5928009499e-13 2.9475149148e+02
1.0000000000e+00 0.0000000000e+00 2.8229920296e+04 8.1494544143e+04 1.7114535499e+04 2.7822985698e+04 4.8500943295e+05 5.6612142603e+04 -5.0288785986e+01 2.8471488892e+02 -1.3198152705e+00 -1.1529658273e+02 5.7417510664e+02 -1.3831172691e-13 2.1731546806e+02
1.0000000000e+00 0.0000000000e+00 4.7770404467e+04 8.9638699670e+04 3.8543871162e+04 3.8147126682e+04 5.3574143230e+05 7.4333532981e+04 -6.6135295020e+01 2.9792331618e+02 -4.6388116108e+00 -1.1858448240e+02 6.0783658342e+02 -1.4906590298e-13 2.8289964706e+02
1.0000000000e+00 0.0000000000e+00 1.3450972047e+05 4.4388617132e+05 9.0521006117e+04 1.0991933577e+05 9.0451942382e+05 1.7152346770e+05 -1.1013575103e+02 6.6407654572e+02 -3.3732272043e+01 -1.7150982168e+02 8.8080011551e+02 -1.8627057904e-13 7.8541617350e+02
1.0000000000e+00 0.0000000000e+00 6.2410067282e+04 2.2189579464e+05 2.4111155838e+04 7.1665179703e+04 8.4780412986e+05 1.1080034372e+05 -7.6992255257e+01 4.6503584940e+02 3.3390515627e+00 -1.7593317546e+02 8.1933985278e+02 -1.7459858144e-13 6.2871536291e+02
1.0000000000e+00 0.0000000000e+00 3.4678319119e+03 1.8676561799e+04 9.6046790088e+02 4.2663222515e+03 2.1143070271e+05 1.7487911776e+04 -1.2818989569e+01 1.2782914120e+02 4.2774985796e+00 -6.2877611876e+01 3.0128500823e+02 -1.1800915820e-13 2.0953179629e+02
1.0000000000e+00 0.0000000000e+00 2.7136622118e+04 2.1854724048e+04 6.7147256681e+03 5.8635301307e+04 1.0162765073e+06 9.8844073536e+04 -4.3593823905e+01 1.4719460227e+02 5.5380380218e+01 -1.9926590265e+02 8.7644198714e+02 -1.5793172116e-13 1.4718715691e+02
1.0000000000e+00 0.0000000000e+00 2.2134645681e+03 6.1780591886e+03 1.0753736565e+03 3.1337333645e+03 1.6164248236e+05 1.3058247538e+04 -9.3749880938e+00 7.6623258850e+01 6.4432095962e+00 -5.1282828011e+01 2.4711693065e+02 -1.0786140362e-13 1.2590218931e+02
1.0000000000e+00 0.0000000000e+00 3.4067678735e+04 7.5995100599e+04 1.1529497798e+04 4.3147137918e+04 5.7854412226e+05 6.7152884240e+04 -5.8442872143e+01 2.7410485739e+02 2.1852221236e+01 -1.4892162246e+02 6.5952316924e+02 -1.3806588866e-13 2.0764090897e+02
1.0000000000e+00 0.0000000000e+00 3.1944022441e+04 3.9462606790e+04 1.9846955260e+04 4.9965563495e+04 7.1925058302e+05 8.1478120376e+04 -2.4353058376e+01 -1.8589685987e+02 1.0715088028e+02 -1.8997197541e+02 7.2714930619e+02 -1.1752453818e-13 -3.2515723214e+02
1.0000000000e+00 0.0000000000e+00 1.8639614321e+04 1.6684549255e+04 5.5122665582e+03 5.0464125762e+04 1.1001668205e+06 1.0001748946e+05 -2.5833666207e+01 1.1217995778e+02 5.8970787831e+01 -1.9913665191e+02 8.7831571981e+02 -1.7642296869e-13 3.2667096160e+02
1.0000000000e+00 0.0000000000e+00 2.4383959941e+04 1.2644891410e+04 1.0824934639e+04 3.4273829937e+04 5.9197317434e+05 6.0605968847e+04 -4.6827284493e+01 1.0896826059e+02 4.0566809872e+01 -1.4605160730e+02 6.4174542053e+02 -1.3818909854e-13 9.8881877811e+01
1.0000000000e+00 0.0000000000e+00 5.4819145368e+03 4.0691474558e+03 1.7668096926e+03 1.5502085835e+04 3.2932329659e+05 3.0122891963e+04 -1.2218000912e+01 -5.5186883033e+00 3.9208265452e+01 -1.0363447523e+02 4.4949337776e+02 -1.0294590424e-13 -1.5667849348e+02
1.0000000000e+00 0.0000000000e+00 4.1030285306e+04 2.2106794305e+05 1.6164736776e+04 3.8887174390e+04 8.2867199019e+05 9.1225310899e+04 -5.5839175920e+01 4.6385647053e+02 -1.7401276786e+01 -1.4891271719e+02 7.7148020951e+02 -1.7817761265e-13 6.1858996322e+02
1.0000000000e+00 0.0000000000e+00 2.5868850797e+04 7.7958513939e+04 4.9377138563e+03 4.0416298268e+04 5.6531371236e+05 6.2283686847e+04 -4.7925784214e+01 2.6939635612e+02 2.3072550212e+01 -1.4981596957e+02 6.6117768964e+02 -1.4353844506e-13 4.3676422420e+02
1.0000000000e+00 0.0000000000e+00 2.1657619613e+04 1.1540507230e+05 1.6368327207e+04 1.4910405905e+04 6.0174051043e+05 5.9980510168e+04 -3.3076674479e+01 3.2995461767e+02 -2.7616767955e+01 -1.0394899291e+02 6.3315447584e+02 -1.6707639456e-13 5.7682132191e+02
1.0000000000e+00 0.0000000000e+00 2.5533039383e+05 8.5867472620e+05 1.4962312379e+05 2.4492107497e+05 2.2358342187e+06 3.6811114492e+05 -1.5481765390e+02 9.2040268161e+02 -2.7345348906e+01 -2.8528294988e+02 1.4162195108e+03 -2.5097315214e-13 1.2408361712e+03
1.0000000000e+00 0.0000000000e+00 1.4121219505e+04 1.0466461296e+04 1.5014121267e+04 1.2832651107e+04 4.8082114455e+05 4.5132703508e+04 -2.8249254576e+01 9.5389425676e+01 1.1311053166e+01 -1.0169526931e+02 5.4103527481e+02 -1.4487023345e-13 2.6548521980e+02
1.0000000000e+00 0.0000000000e+00 4.8878546169e+04 1.7841877847e+05 3.1037586820e+04 3.8840773881e+04 5.9265992837e+05 7.9631779536e+04 -6.4611948330e+01 4.1812614644e+02 -1.7824161214e+01 -1.2635085244e+02 6.5614440463e+02 -1.6554900999e-13 5.7681146633e+02
1.0000000000e+00 0.0000000000e+00 9.1130300119e+03 6.2986145098e+04 3.4675867620e+03 8.0339620576e+03 3.3178639228e+05 3.0559512473e+04 -2.1634398758e+01 2.3378106970e+02 -1.2178019756e+01 -7.7580077177e+01 4.2766539173e+02 -1.3924272790e-13 4.6186678249e+02
1.0000000000e+00 0.0000000000e+00 2.5322836292e+04 3.3127356684e+04 3.1899468003e+04 1.5368236989e+04 7.8258275355e+05 7.4975711478e+04 -3.2578410147e+01 1.4567399618e+02 -2.7997255140e+00 -1.1691287314e+02 6.9679625650e+02 -1.4549827259e-13 -7.0833958244e+01
1.0000000000e+00 0.0000000000e+00 2.2836299483e+05 7.8925867398e+05 1.5418903833e+05 1.7898486978e+05 1.8925416257e+06 3.1374030645e+05 -1.4162598529e+02 8.8539918311e+02 -4.5666398495e+01 -2.4249272854e+02 1.2717134499e+03 -2.3774757585e-13 1.0286953842e+03
1.0000000000e+00 0.0000000000e+00 7.5156372989e+04 1.6599514944e+05 5.1560715798e+04 7.0058549311e+04 1.0602195507e+06 1.3342840324e+05 -8.2985272863e+01 3.9467598135e+02 3.5586270718e+00 -1.8292742477e+02 9.1670689982e+02 -1.8332584229e-13 6.1895025264e+02
1.0000000000e+00 0.0000000000e+00 2.3719586505e+03 1.4612878457e+04 8.2373319555e+02 4.0660923314e+03 1.8906188056e+05 1.5632870796e+04 -7.4918332281e+00 1.1429384314e+02 -2.6532226912e+00 -5.2297284249e+01 2.8453045791e+02 -1.1079393049e-13 2.1081484324e+02
1.0000000000e+00 0.0000000000e+00 4.9618402577e+04 1.8897331687e+05 2.1817877412e+04 5.0896850081e+04 8.0557119465e+05 9.5951339683e+04 -6.7622866703e+01 4.3308291068e+02 -6.3953602547e+00 -1.5905058970e+02 7.9173193623e+02 -1.6178437943e-13 4.7801726706e+02
1.0000000000e+00 0.0000000000e+00 9.1565075446e+04 3.4522701561e+05 6.3352193448e+04 6.7107178445e+04 1.2699501563e+06 1.6015030989e+05 -8.5896543728e+01 5.8504571903e+02 -2.9523339063e+01 -1.8714701018e+02 1.0170822490e+03 -1.9202285401e-13 6.6572283301e+02
1.0000000000e+00 0.0000000000e+00 2.7669060050e+04 1.1326736897e+05 1.4345434962e+04 2.4771658642e+04 6.2600082799e+05 6.5093551334e+04 -4.5777295322e+01 3.2848141743e+02 -4.4898994307e+00 -1.3345428026e+02 6.8437461799e+02 -1.5409768115e-13 4.8882307028e+02
1.0000000000e+00 0.0000000000e+00 6.3977246529e+04 2.5294170048e+05 4.7585467603e+04 4.6667798182e+04 9.7875433718e+05 1.1995991662e+05 -6.7689772366e+01 5.0251643376e+02 -2.8626058683e+01 -1.5710853802e+02 8.7008721462e+02 -1.7122064414e-13 4.4313190886e+02
1.0000000000e+00 0.0000000000e+00 1.2688087595e+04 9.0813643172e+03 3.8025354772e+03 2.9572404659e+04 7.1141351981e+05 6.3310025269e+04 -2.7834156912e+01 9.2295884388e+01 3.6815535059e+01 -1.4901365458e+02 6.9796523612e+02 -1.4354281538e-13 1.4294046239e+02
1.0000000000e+00 0.0000000000e+00 2.5176313174e+04 7.9676845219e+03 1.2148987138e+04 3.8031502020e+04 5.3125415650e+05 5.8560578942e+04 -4.2184473683e+01 -3.1139651945e+01 6.5845542196e+01 -1.5138988993e+02 6.1867083952e+02 -1.1663601889e-13 -1.3859102574e+02
1.0000000000e+00 0.0000000000e+00 5.3284276382e+03 4.2847172937e+02 2.2686535944e+03 1.3661795210e+04 3.3048888326e+05 2.9405365673e+04 -8.2294020664e+00 -1.6195293644e+01 3.9129558606e+01 -9.5790222227e+01 4.0511426353e+02 -1.1094244449e-13 -4.0742601067e+01
1.0000000000e+00 0.0000000000e+00 5.5229194593e+04 1.8476957572e+05 2.4878955418e+04 6.3928287491e+04 9.5314869480e+05 1.1288156119e+05 -7.0744495551e+01 4.2437107965e+02 4.5577880325e+00 -1.8248549194e+02 8.8549006075e+02 -1.7019016589e-13 5.8922392275e+02
1.0000000000e+00 0.0000000000e+00 8.3878131180e+03 7.1266847682e+03 2.5674319025e+03 1.1997370029e+04 2.6361713507e+05 2.4615145957e+04 -2.7427994672e+01 8.2161690342e+01 2.4939755776e+01 -9.0303319583e+01 3.8682709235e+02 -1.1069948596e-13 6.3208539047e+00
1.0000000000e+00 0.0000000000e+00 1.4387563819e+04 1.3273311277e+04 3.8903892679e+03 2.2781803021e+04 4.2890376911e+05 4.1483193095e+04 -3.5115774476e+01 1.1464168574e+02 3.3536913625e+01 -1.2362747688e+02 5.3187235339e+02 -1.2484547358e-13 6.7567327904e+01
1.0000000000e+00 0.0000000000e+00 1.8859309540e+04 1.1142372838e+05 1.0078000884e+04 1.4082329751e+04 5.0819117110e+05 5.0405348280e+04 -3.4329364963e+01 3.2594358217e+02 -1.8410278037e+01 -1.0189362818e+02 5.6327972219e+02 -1.5886382845e-13 5.3789073804e+02
1.0000000000e+00 0.0000000000e+00 5.0247890464e+04 2.1017779103e+05 2.6423439363e+04 4.2612202042e+04 6.1981489061e+05 8.2745679482e+04 -6.6312182536e+01 4.5394322111e+02 -1.6851150213e+01 -1.3808815110e+02 7.0247272622e+02 -1.5605151742e-13 6.2132276259e+02
1.0000000000e+00 0.0000000000e+00 9.3603633700e+04 3.9628842318e+05 6.6833281608e+04 5.9037328011e+04 8.9692212819e+05 1.3543829494e+05 -8.5670886831e+01 6.2916996418e+02 -4.5631527047e+01 -1.5219149938e+02 8.5286441615e+02 -1.7340331984e-13 6.8126632740e+02
1.0000000000e+00 0.0000000000e+00 5.3837516786e+04 2.0949438393e+05 4.1708170409e+04 2.8733881536e+04 5.2182449851e+05 7.6434544118e+04 -5.9869564148e+01 4.5484129308e+02 -3.9150187148e+01 -9.7392307206e+01 5.7113613934e+02 -1.6123711723e-13 4.3511918227e+02
1.0000000000e+00 0.0000000000e+00 2.7938121472e+03 1.2490189981e+03 2.1024632127e+03 8.0510456704e+03 2.7881697827e+05 2.3361797569e+04 -7.5164011561e+00 -1.4067605216e+01 1.9134922574e+01 -7.1380951579e+01 3.6759771851e+02 -1.1070698444e-13 -9.7013831277e+01
1.0000000000e+00 0.0000000000e+00 2.5612665831e+04 1.0020578845e+05 1.1492828071e+04 2.2544493225e+04 3.6644328855e+05 4.4752833034e+04 -4.8741060312e+01 3.0940991935e+02 -5.9024195794e+00 -1.0291805643e+02 5.0216179186e+02 -1.3985592105e-13 5.0712915376e+02
1.0000000000e+00 0.0000000000e+00 4.7115101918e+04 1.3398936398e+05 1.4640942606e+04 7.9616569758e+04 1.6195590598e+06 1.5787238458e+05 -6.0742762340e+01 3.6301877610e+02 2.5936712147e+01 -2.3087771293e+02 1.1189326790e+03 -2.0540340225e-13 5.6945312674e+02
1.0000000000e+00 0.0000000000e+00 2.0599813261e+04 1.3835268606e+04 1.9273781043e+04 1.6662308530e+04 4.2736409127e+05 4.5271848704e+04 -3.8639643595e+01 8.8701648994e+01 1.8329427582e+01 -1.0360696901e+02 5.1382400744e+02 -1.2338003409e-13 -1.5960409183e+01
1.0000000000e+00 0.0000000000e+00 1.1185803250e+04 4.1017091377e+03 9.0883439562e+03 1.1588023413e+04 2.7575455701e+05 2.7907819367e+04 -1.8988830970e+01 -6.0320685690e+01 5.2208610237e+01 -1.0105121831e+02 3.8911242558e+02 -1.0536868420e-13 -1.5428636109e+01
1.0000000000e+00 0.0000000000e+00 1.8525435819e+04 9.1038267038e+04 8.4030151826e+03 1.7846874503e+04 5.8881877343e+05 5.5800023937e+04 -3.2648061208e+01 2.8218034483e+02 -7.2919264969e-01 -1.2128569332e+02 6.1251845569e+02 -1.6355758764e-13 5.4054235533e+02
1.0000000000e+00 0.0000000000e+00 2.6272449947e+04 3.1264864746e+04 1.0813098844e+04 4.2638813057e+04 9.0062504930e+05 8.6064338939e+04 -4.4855872696e+01 1.7539627898e+02 4.1364470336e+01 -1.7755183118e+02 7.9954750148e+02 -1.6256948803e-13 1.6501549303e+02
1.0000000000e+00 0.0000000000e+00 1.9150073431e+04 1.5524283751e+05 7.4783654430e+03 1.4169814713e+04 4.2928469536e+05 4.6184842754e+04 -3.0390081396e+01 3.9001994916e+02 -2.8577077499e+01 -9.5090943999e+01 5.3557675566e+02 -1.4258325917e-13 4.5246989254e+02
1.0000000000e+00 0.0000000000e+00 4.8055963971e+04 9.3345115624e+04 1.4400475962e+04 8.1383892282e+04 9.9451098711e+05 1.1451665169e+05 -6.6261399214e+01 2.9940746506e+02 3.9054723912e+01 -2.0548921729e+02 9.1095841193e+02 -1.6981788028e-13 5.0610445930e+02
1.0000000000e+00 0.0000000000e+00 1.4395959181e+04 6.4577920855e+04 5.3312777223e+03 1.4178718958e+04 2.9268424764e+05 3.1590233818e+04 -3.4689868848e+01 2.4670425574e+02 -1.3453732669e+00 -9.1881245183e+01 4.4487674506e+02 -1.3148245451e-13 3.6596608999e+02
1.0000000000e+00 0.0000000000e+00 7.3085655404e+03 9.0256225801e+03 5.1954145931e+03 1.9662508950e+04 5.5300347123e+05 4.8772029727e+04 -1.5235029998e+01 8.6410679053e+01 1.5550244414e+01 -1.1399771932e+02 6.0317824749e+02 -1.2630010138e-13 4.1995428930e+01
1.0000000000e+00 0.0000000000e+00 3.2292041745e+04 1.0685093055e+05 2.4312437468e+04 1.9459912117e+04 5.3417485289e+05 6.0494679879e+04 -4.6942917783e+01 3.2551002345e+02 -1.7851336815e+01 -1.0499348170e+02 5.8085641009e+02 -1.5561297858e-13 4.2963230853e+02
1.0000000000e+00 0.0000000000e+00 5.1096479577e+04 2.9262217313e+05 3.2728679097e+04 2.4451472720e+04 4.4005797494e+05 6.9240095455e+04 -5.8225382227e+01 5.2760973797e+02 -4.9961044605e+01 -9.3754531953e+01 5.6244532770e+02 -1.5866201400e-13 7.6771481315e+02
1.0000000000e+00 0.0000000000e+00 1.5342815557e+04 3.5410302251e+04 1.0497231618e+04 1.7807602354e+04 5.5831575033e+05 5.1881407259e+04 -3.3689092433e+01 1.8423570527e+02 5.7506740939e+00 -1.1389597696e+02 5.9334838754e+02 -1.4014301773e-13 1.7690284369e+02
1.0000000000e+00 0.0000000000e+00 7.2015940638e+03 5.0912826637e+04 9.3848828361e+02 2.1517030692e+04 5.5562364013e+05 5.0023989726e+04 -7.6997420783e+00 2.1497232392e+02 -5.8433846316e+00 -1.0553563420e+02 5.8884365812e+02 -1.4411949456e-13 3.4606499643e+02
1.0000000000e+00 0.0000000000e+00 2.3203930701e+04 1.9939351284e+04 7.2954129738e+03 3.7330333262e+04 6.3815733006e+05 6.3933744406e+04 -4.4483952103e+01 1.4074096871e+02 4.2643060804e+01 -1.5800586935e+02 6.8543619763e+02 -1.3744592645e-13 1.7107926872e+02
1.0000000000e+00 0.0000000000e+00 2.8979860963e+03 3.6194660135e+02 1.1506583342e+03 8.2579491962e+03 2.4767184409e+05 2.0906353159e+04 -7.8297650562e+00 5.5575085384e+00 2.5931904924e+01 -7.5359332172e+01 3.3634551855e+02 -1.1213445581e-13 4.4808660444e+01
1.0000000000e+00 0.0000000000e+00 1.5338494267e+05 6.5352915199e+05 1.0212542922e+05 1.0962917834e+05 9.2302204155e+05 1.8801067573e+05 -1.1303814580e+02 8.0344952482e+02 -6.0029274725e+01 -1.6272236597e+02 8.8775298084e+02 -1.9371182980e-13 1.0000404399e+03
1.0000000000e+00 0.0000000000e+00 8.1456772053e+04 2.8478676201e+05 4.8683393088e+04 7.1696277436e+04 1.0095074199e+06 1.3539455985e+05 -8.5129291035e+01 5.3140218385e+02 -1.5827415664e+01 -1.7804298836e+02 9.0755220455e+02 -1.7347153047e-13 6.0052454574e+02
1.0000000000e+00 0.0000000000e+00 6.8241631949e+03 3.7681274171e+04 1.3982107548e+03 7.0541301040e+03 2.2372220611e+05 2.0704138334e+04 -2.1587598040e+01 1.8262943458e+02 -2.2731406110e+00 -6.5317199839e+01 3.1936342655e+02 -1.2212059895e-13 2.7834352983e+02
1.0000000000e+00 0.0000000000e+00 4.1216210131e+04 1.1549827037e+05 1.6898155767e+04 5.0849306993e+04 6.4189390043e+05 7.9165204095e+04 -6.2961259601e+01 3.3301224333e+02 1.2534816560e+01 -1.5321264196e+02 7.0476071833e+02 -1.6104999883e-13 5.0932276311e+02
1.0000000000e+00 0.0000000000e+00 1.7230479940e+04 8.3758809876e+04 7.3734132793e+03 1.7817038974e+04 4.9252732506e+05 4.8506034988e+04 -3.5446518053e+01 2.8604674518e+02 -4.4509134817e+00 -1.1456859036e+02 5.8836926713e+02 -1.4544550438e-13 3.9810361432e+02
1.0000000000e+00 0.0000000000e+00 7.3501384112e+04 1.7210767973e+05 3.8164644766e+04 8.2944935638e+04 1.2264440950e+06 1.4496316521e+05 -8.3411132263e+01 4.1424646784e+02 1.6056783468e+01 -2.0759730144e+02 9.8806263856e+02 -1.8639819288e-13 4.8320782811e+02
1.0000000000e+00 0.0000000000e+00 3.0366228543e+04 9.6192517911e+04 1.3623201141e+04 3.0033276739e+04 7.8207738017e+05 7.6814343546e+04 -5.2398868770e+01 3.0883749013e+02 4.3775758946e+00 -1.4414079426e+02 7.1383442914e+02 -1.6799674246e-13 4.1926121467e+02
1.0000000000e+00 0.0000000000e+00 7.9291740194e+03 9.8968544362e+03 3.5865818044e+03 1.1031988400e+04 2.7490511564e+05 2.5514226900e+04 -2.6046815739e+01 9.1284268735e+01 1.8261455952e+01 -8.5649008417e+01 3.9162937224e+02 -1.1204351995e-13 5.0879686428e+01
1.0000000000e+00 0.0000000000e+00 1.1424887720e+05 5.4012350181e+05 8.6874400244e+04 5.9625937705e+04 9.1551486624e+05 1.5271021656e+05 -9.0585245037e+01 7.3007510240e+02 -6.8194267320e+01 -1.4350032447e+02 8.6482520406e+02 -1.9252397164e-13 9.0037304822e+02
1.0000000000e+00 0.0000000000e+00 7.5526763765e+03 2.6830668828e+03 4.6290647194e+03 1.4756810559e+04 3.7489491485e+05 3.4016321797e+04 -2.2043357876e+01 4.8463012206e+01 2.6920319199e+01 -9.9845071433e+01 4.6306858380e+02 -1.2310125903e-13 3.6773011871e+01
1.0000000000e+00 0.0000000000e+00 3.0628686177e+03 9.5068495229e+02 4.2631074514e+03 7.5011027296e+03 2.9120559581e+05 2.4863037618e+04 -5.6751034477e+00 -2.8010710433e+01 1.5954998252e+01 -6.9550428746e+01 3.8592785156e+02 -1.1100680554e-13 5.1440002781e-01
1.0000000000e+00 0.0000000000e+00 3.8960773845e+04 7.6981350669e+04 3.2825234154e+04 3.1334550326e+04 6.0674421511e+05 7.2937214213e+04 -5.6191216194e+01 2.7710816021e+02 -2.8727949523e+00 -1.2869452081e+02 6.7979742182e+02 -1.4791542983e-13 3.3004841272e+02
1.0000000000e+00 0.0000000000e+00 7.9177547976e+04 1.9632468399e+05 7.4658080666e+04 4.5339281483e+04 7.5782187936e+05 1.1336899814e+05 -7.6829378615e+01 4.4084347991e+02 -3.0741592863e+01 -1.3123716373e+02 7.5507675261e+02 -1.7403456462e-13 6.0656197258e+02
1.0000000000e+00 0.0000000000e+00 5.2262446600e+03 4.9276153480e+01 7.0495743324e+03 3.8371170601e+03 2.4447374397e+05 2.1219687574e+04 -1.3490350677e+01 3.7761625010e+00 1.0603242666e+01 -5.8773163165e+01 3.2439313490e+02 -1.0624660155e-13 8.2240118510e+00
1.0000000000e+00 0.0000000000e+00 1.1014583231e+04 1.8194852939e+04 2.2983398459e+03 1.9804146821e+04 3.3020191923e+05 3.3055269693e+04 -3.0232065561e+01 1.3428589321e+02 2.5803438676e+01 -1.0919049037e+02 4.6992994036e+02 -1.1873276435e-13 9.8877366317e+01
1.0000000000e+00 0.0000000000e+00 1.7564792322e+04 1.3980404510e+03 9.8782119372e+03 2.1897420894e+04 4.0011750311e+05 4.1140904871e+04 -3.5915994688e+01 1.7078961322e+01 4.7572345996e+01 -1.2105331201e+02 4.9637047566e+02 -1.1633665696e-13 -4.7984183594e+01
1.0000000000e+00 0.0000000000e+00 5.9983172402e+03 7.9476848750e+03 2.6445345120e+03 1.1644344546e+04 3.2192005108e+05 2.8450798000e+04 -1.4716929163e+01 7.6318740517e+01 2.8654458607e+01 -9.9456813309e+01 4.2885484722e+02 -1.1966460200e-13 2.1376240347e+02
1.0000000000e+00 0.0000000000e+00 3.0436309126e+04 7.6763366481e+04 2.5384203314e+04 2.4803662757e+04 5.6896141865e+05 6.4224298609e+04 -4.8497177240e+01 2.7582213170e+02 -9.0286809675e+00 -1.1705829650e+02 6.4196819731e+02 -1.4133725664e-13 1.8319771181e+02
1.0000000000e+00 0.0000000000e+00 1.0653608129e+04 4.6974974428e+04 6.1141404043e+03 2.0217407781e+04 4.3902730587e+05 4.3630432322e+04 -3.5546132714e+00 -1.9839784379e+02 6.5872599646e+01 -1.1390857994e+02 4.8953665159e+02 -1.0452363630e-13 -3.5803110453e+02
1.0000000000e+00 0.0000000000e+00 1.8088133344e+05 6.9957545500e+05 1.1454886694e+05 1.3685265014e+05 1.5086952638e+06 2.4734637884e+05 -1.2503069076e+02 8.2784743777e+02 -4.5446734053e+01 -2.1616261223e+02 1.1356206619e+03 -2.1981572249e-13 1.1034068981e+03
1.0000000000e+00 0.0000000000e+00 1.0076705309e+04 1.6261881807e+03 4.7800804385e+03 1.5377798704e+04 3.8810548778e+05 3.5198474920e+04 -2.6496322266e+01 3.5509355122e+01 3.7268488518e+01 -1.1163961955e+02 4.8556655465e+02 -1.2206947072e-13 2.4375172559e+01
1.0000000000e+00 0.0000000000e+00 2.8582802931e+04 8.9745678158e+04 2.2274743645e+04 2.1199683634e+04 6.0487105568e+05 6.4311724714e+04 -4.5789170312e+01 2.8994863458e+02 -1.0047878834e+01 -1.1658960013e+02 6.3495891619e+02 -1.6092136438e-13 4.7575995178e+02
1.0000000000e+00 0.0000000000e+00 2.3932316942e+04 6.5440573099e+04 1.7022914281e+04 2.3680214596e+04 7.0235185271e+05 6.8523493769e+04 -4.1819571312e+01 2.5534608417e+02 1.1882527939e+00 -1.3426983924e+02 7.0725853452e+02 -1.4684447791e-13 2.3483970907e+02
1.0000000000e+00 0.0000000000e+00 3.2212303053e+03 2.7250994382e+04 8.2764682274e+02 4.8341100831e+03 2.2701812468e+05 1.9159996272e+04 -8.9608172836e+00 1.6385192318e+02 -8.4396428131e+00 -5.8307659784e+01 3.2557289856e+02 -1.1487856826e-13 2.4462140591e+02
1.0000000000e+00 0.0000000000e+00 1.2370982191e+04 3.6152625052e+04 1.1091522742e+04 7.1032531679e+03 3.1963822229e+05 3.1280637814e+04 -2.8273487529e+01 1.8990849542e+02 -1.0169191393e+01 -7.5033167387e+01 4.2993740231e+02 -1.2314920265e-13 1.9761241485e+02
1.0000000000e+00 0.0000000000e+00 8.8215539146e+04 2.9892641536e+04 5.1026233318e+04 1.2539887988e+05 1.8318811826e+06 2.0339037616e+05 -8.7374273578e+01 1.5497880972e+02 7.5885842039e+01 -2.7051185924e+02 1.2182751622e+03 -1.8074931684e-13 -3.1291409535e+01
1.0000000000e+00 0.0000000000e+00 1.0868479272e+04 2.5061946545e+03 1.1459799735e+04 1.2280651830e+04 4.3037107526e+05 3.9563823553e+04 -2.2781794316e+01 -1.0086882402e+00 2.5670716584e+01 -1.0189233730e+02 5.2122958906e+02 -1.1749977086e-13 -3.8047770540e+01
1.0000000000e+00 0.0000000000e+00 8.3199298542e+03 2.6216538965e+04 4.4863107614e+03 2.0705765895e+04 4.6636263267e+05 4.3961130095e+04 -6.8989086306e+00 1.5745252796e+02 1.4777720623e+01 -1.0917126577e+02 5.2342757979e+02 -1.3030003598e-13 1.4351394809e+02
1.0000000000e+00 0.0000000000e+00 2.6568807355e+04 1.3713779037e+04 1.6776285822e+04 3.0645422056e+04 6.6472115079e+05 6.6476678743e+04 -4.6600781246e+01 1.1567103241e+02 3.5740146286e+01 -1.4526920179e+02 6.6249059223e+02 -1.5092950184e-13 1.7226578890e+02
1.0000000000e+00 0.0000000000e+00 1.1907197168e+04 1.2939159324e+04 7.3184966834e+03 1.4483337583e+04 3.1621527553e+05 3.1612655538e+04 -3.2416648752e+01 1.0792138484e+02 1.6738462104e+01 -9.6184880080e+01 4.5998568940e+02 -1.1057888557e-13 -5.2162720661e+00
1.0000000000e+00 0.0000000000e+00 4.7147362070e+03 2.3108348514e+04 2.4716688278e+03 7.0796830922e+03 2.1022961744e+05 1.9549987819e+04 -6.0367269785e+00 -1.2205166153e+02 4.2796677790e+01 -7.2539324392e+01 3.0315711870e+02 -8.7095278372e-14 -3.2345952755e+02
1.0000000000e+00 0.0000000000e+00 1.2631281694e+04 3.9009766108e+04 1.0645042246e+04 8.4915034879e+03 4.2332160417e+05 3.8830960744e+04 -2.8514909658e+01 1.9620903191e+02 -7.2520565877e+00 -8.5933049752e+01 4.7988590336e+02 -1.3288316823e-13 1.4595383448e+02
1.0000000000e+00 0.0000000000e+00 6.3948649741e+04 2.3082659875e+05 4.5258918385e+04 4.6306140871e+04 6.1028065896e+05 9.2915976153e+04 -7.4359226309e+01 4.7473629961e+02 -2.8131945721e+01 -1.2838070979e+02 6.9421756058e+02 -1.6042666417e-13 6.4113410532e+02
1.0000000000e+00 0.0000000000e+00 1.7555741854e+05 4.5667232364e+05 1.0757234235e+05 1.7557915320e+05 2.1883969170e+06 2.9554996128e+05 -1.2807256387e+02 6.7491714987e+02 2.9676193975e-01 -2.7861206710e+02 1.3747694038e+03 -2.1597769225e-13 6.5338193560e+02
1.0000000000e+00 0.0000000000e+00 3.2095534925e+04 2.4172667099e+04 2.6747980481e+04 3.3102853602e+04 7.4338693760e+05 7.7694985638e+04 -4.9793937376e+01 1.2730577747e+02 2.6783108085e+01 -1.4976026031e+02 7.4153409511e+02 -1.3953184427e-13 -2.8298977954e+01
1.0000000000e+00 0.0000000000e+00 1.0394088114e+05 2.3358208694e+05 6.6969563492e+04 9.7525792193e+04 1.2012029637e+06 1.6531730383e+05 -9.8410109138e+01 4.8194385377e+02 3.5340499519e+00 -2.0354184907e+02 9.9126562868e+02 -1.7901044128e-13 3.9962944170e+02
1.0000000000e+00 0.0000000000e+00 5.1323467040e+03 9.3191387170e+02 1.5656560771e+03 7.8169501133e+03 1.4366146895e+05 1.3918342192e+04 -1.7315036029e+01 -2.3408923795e+01 3.3271418522e+01 -6.9314999499e+01 2.6997466683e+02 -9.0562046229e-14 -4.0781766154e+01
1.0000000000e+00 0.0000000000e+00 4.2945860335e+04 8.8905898027e+04 1.7130741396e+04 5.5327623056e+04 9.0141735159e+05 9.7430353942e+04 -6.3525131380e+01 2.9781524690e+02 2.6949589216e+01 -1.8318494840e+02 8.3976389507e+02 -1.5831787099e-13 3.2795411012e+02
1.0000000000e+00 0.0000000000e+00 2.2642054130e+04 3.4570669657e+04 1.3842019895e+04 2.5755525946e+04 5.7385608840e+05 5.7920914124e+04 -4.4924005509e+01 1.8495870534e+02 1.4509492991e+01 -1.2601995728e+02 6.1818800471e+02 -1.4284311262e-13 1.7027522339e+02
1.0000000000e+00 0.0000000000e+00 6.8486392135e+04 1.3438922329e+05 4.4509589464e+04 9.6205880811e+04 1.1501357371e+06 1.4669628333e+05 -2.4617413646e+01 -3.4961915601e+02 1.6616503133e+02 -2.5714605136e+02 9.2094420023e+02 -1.2476505996e-13 -5.9198341424e+02
1.0000000000e+00 0.0000000000e+00 4.3323457893e+03 1.1929826400e+04 3.1572049926e+03 7.5687074923e+03 3.0898004891e+05 2.6155531260e+04 -1.4332636322e+01 1.0634071186e+02 5.1989417164e+00 -7.7618115656e+01 4.1028460288e+02 -1.1255372060e-13 3.5709545847e+01
1.0000000000e+00 0.0000000000e+00 1.4393269159e+04 1.3432978340e+04 1.3873190507e+04 1.4753777967e+04 4.7762052401e+05 4.5441054463e+04 -3.0407586724e+01 1.1554014152e+02 1.0438127535e+01 -1.0627850103e+02 5.6262137888e+02 -1.3057655266e-13 1.4338059727e+02
1.0000000000e+00 0.0000000000e+00 3.6807390727e+04 1.3100880282e+05 1.5297368326e+04 4.1820467529e+04 7.0949416976e+05 7.9706537966e+04 -5.7534111288e+01 3.5361603673e+02 3.3422088273e+00 -1.5229203690e+02 7.4233457757e+02 -1.6145094739e-13 5.3163980305e+02
1.0000000000e+00 0.0000000000e+00 3.0518536139e+03 1.8882143759e+04 2.8685680857e+03 6.7903905925e+03 1.8111879385e+05 1.7423211244e+04 6.1170062882e+00 -1.1868638312e+02 1.7457500999e+01 -4.2096203275e+01 2.5841954438e+02 -8.7932953819e-14 -2.7741505634e+02
1.0000000000e+00 0.0000000000e+00 4.4971333539e+04 2.7568111176e+05 1.5007472409e+04 4.2656711531e+04 9.5208805256e+05 1.0343368698e+05 -5.6921561636e+01 5.1563178058e+02 -1.8811343372e+01 -1.6469909566e+02 8.4856625003e+02 -1.8023497822e-13 6.6934867974e+02
1.0000000000e+00 0.0000000000e+00 2.6913484317e+04 1.2281627559e+05 1.6399278327e+04 1.6674107722e+04 3.0723286669e+05 4.1349553311e+04 -4.4603016203e+01 3.4884667097e+02 -2.3563169260e+01 -8.2083141621e+01 4.4627479027e+02 -1.3455021142e-13 4.4396025259e+02
1.0000000000e+00 0.0000000000e+00 1.4427572693e+05 5.9758456930e+05 7.7084605660e+04 1.1868089488e+05 1.4208983583e+06 2.1202826285e+05 -1.1445941603e+02 7.6310805347e+02 -3.3244909215e+01 -2.1263268224e+02 1.0813025113e+03 -2.1802915519e-13 9.7150596236e+02
1.0000000000e+00 0.0000000000e+00 7.5188870648e+03 9.6875216515e+03 4.6451454378e+03 2.1046253017e+04 3.5153976433e+05 3.5642902754e+04 -2.7318034950e+00 6.8612934329e+01 3.1109904524e+01 -1.0530527429e+02 4.5810411349e+02 -1.2472582166e-13 2.9713898607e+02
1.0000000000e+00 0.0000000000e+00 6.9321324125e+04 2.3352268118e+05 4.2314881456e+04 5.9696937042e+04 8.8951220623e+05 1.1661632416e+05 -7.8369902787e+01 4.8306775162e+02 -1.3342164387e+01 -1.6403065385e+02 8.3297094973e+02 -1.7239532402e-13 5.3951896436e+02
1.0000000000e+00 0.0000000000e+00 7.4271201017e+03 1.1000726971e+04 5.6097808628e+03 8.3935608007e+03 3.0516239288e+05 2.7283046465e+04 -2.2567055281e+01 9.5611139485e+01 1.0668686082e+01 -8.1094808055e+01 4.0649320021e+02 -1.2279955659e-13 1.9531349138e+02
1.0000000000e+00 0.0000000000e+00 6.1400447234e+04 5.2003341772e+05 2.8664490550e+04 2.9636793776e+04 7.5721422101e+05 1.0241507392e+05 -5.2574777384e+01 7.1337543339e+02 -6.7765808140e+01 -1.2849828383e+02 7.7350418497e+02 -1.7576858341e-13 8.9429999842e+02
1.0000000000e+00 0.0000000000e+00 7.7024962677e+03 4.2367295353e+03 2.6928355077e+03 1.8822822545e+04 4.5950916124e+05 4.0788208686e+04 -1.9148188912e+01 6.1589317092e+01 3.4963221356e+01 -1.2090943738e+02 5.4347947790e+02 -1.2712416375e-13 1.1738184027e+02
1.0000000000e+00 0.0000000000e+00 4.7029773908e+04 1.9664309605e+03 2.1186107526e+04 7.4644877165e+04 7.8028531456e+05 9.5465152360e+04 -5.8623025791e+01 -3.3719302022e+00 8.9982521492e+01 -2.0389500134e+02 7.9653604608e+02 -1.3433310753e-13 -1.5180124513e+01
1.0000000000e+00 0.0000000000e+00 3.6023652739e+04 2.1700438066e+04 1.8387307033e+04 5.0335693020e+04 7.7228620788e+05 8.3704680157e+04 -5.6781718681e+01 1.4487914947e+02 4.4198454073e+01 -1.7280027673e+02 7.7188570160e+02 -1.4394023101e-13 7.8221081882e+01
1.0000000000e+00 0.0000000000e+00 2.7581409822e+04 5.0259033158e+04 1.4574118873e+04 4.3263736589e+04 5.1356592224e+05 6.2874478464e+04 -1.9523182872e+01 -2.1033948013e+02 1.0393120392e+02 -1.6407985409e+02 5.9169181341e+02 -1.1050688496e-13 -3.0016280574e+02
1.0000000000e+00 0.0000000000e+00 3.1629583020e+04 1.0762771763e+04 1.6775462598e+04 3.9058538542e+04 5.9618506072e+05 6.5524895912e+04 -5.1419884451e+01 1.0266327319e+02 4.9253033639e+01 -1.5367040599e+02 6.4193150475e+02 -1.4532203617e-13 1.8696615121e+02
1.0000000000e+00 0.0000000000e+00 8.9457404730e+04 3.0020948120e+05 7.3370710023e+04 5.3828876798e+04 7.7556464827e+05 1.2298564053e+05 -8.4802276889e+01 5.4295724033e+02 -4.0848368771e+01 -1.3600088375e+02 7.7677164716e+02 -1.7670319743e-13 6.4224169680e+02
1.0000000000e+00 0.0000000000e+00 3.4381485335e+04 1.3354331227e+05 2.2306104143e+04 2.5325070374e+04 4.5841113922e+05 5.8506595679e+04 -5.4249634185e+01 3.6445122773e+02 -1.8972584787e+01 -1.0707241280e+02 5.7337666037e+02 -1.4402790056e-13 4.7332170933e+02
1.0000000000e+00 0.0000000000e+00 1.0187048844e+04 3.7429203085e+04 2.9719402262e+03 2.6663353079e+04 4.3608800300e+05 4.4520684052e+04 -8.4689423321e+00 1.9138826485e+02 7.3746872211e+00 -1.0761726883e+02 5.3546716419e+02 -1.2730708025e-13 2.5193704283e+02
1.0000000000e+00 0.0000000000e+00 1.9152628736e+05 6.9869309461e+05 1.2216244090e+05 1.4689623148e+05 1.3810504597e+06 2.4654102915e+05 -1.2980395328e+02 8.3455502748e+02 -4.5255540705e+01 -2.0590910904e+02 1.0605276670e+03 -2.0560387401e-13 7.4180525048e+02
1.0000000000e+00 0.0000000000e+00 1.3689703794e+05 3.8903233324e+05 7.4216342197e+04 1.3998240129e+05 1.2161599448e+06 1.9633588683e+05 -1.1667900477e+02 6.2051262227e+02 -4.0690461534e+00 -2.1610615200e+02 1.0225427641e+03 -1.9104460836e-13 6.8413447082e+02
1.0000000000e+00 0.0000000000e+00 2.6140719063e+04 3.6965159541e+04 1.5133284201e+04 4.9030458074e+04 6.4566278041e+05 7.3950249838e+04 -1.5618620350e+01 -1.8539391181e+02 9.5627200401e+01 -1.6874165155e+02 6.5790710625e+02 -1.2752741633e-13 -1.3197575926e+02
1.0000000000e+00 0.0000000000e+00 6.8097910296e+04 8.5529141973e+03 2.6759245861e+04 1.0615256781e+05 1.1611395590e+06 1.3805685487e+05 -7.6630036498e+01 8.2382117295e+01 9.2586157376e+01 -2.4297518922e+02 9.7950793259e+02 -1.4805082340e-13 -1.4416254499e+01
1.0000000000e+00 0.0000000000e+00 3.5259060887e+04 8.2520500360e+03 1.7150764443e+04 4.7292607598e+04 5.8074474572e+05 6.8247274367e+04 -5.6731223622e+01 7.9536899855e+01 5.5076388114e+01 -1.5781771941e+02 6.4950058648e+02 -1.3610182106e-13 -1.8683255346e+00
1.0000000000e+00 0.0000000000e+00 1.4300887685e+04 1.1283725493e+05 5.1164766883e+03 9.3340160513e+03 4.0054631612e+05 3.8949181840e+04 -2.8066951643e+01 3.1833295171e+02 -2.0207555813e+01 -8.8472721965e+01 4.9016863229e+02 -1.4777434743e-13 5.6438274680e+02
1.0000000000e+00 0.0000000000e+00 9.5390121153e+03 7.3181957938e+03 4.9493457178e+03 1.7439257887e+04 4.5791803563e+05 4.1180758504e+04 -2.5717891047e+01 8.3072940396e+01 2.3546551323e+01 -1.1381764362e+02 5.5317214424e+02 -1.3116154994e-13 1.8565954407e+02
1.0000000000e+00 0.0000000000e+00 1.7628819402e+04 3.4515593406e+04 4.4190600563e+03 2.8179058994e+04 4.6263472669e+05 4.7471272716e+04 -3.9069471968e+01 1.7706161621e+02 2.3583647739e+01 -1.2766422967e+02 5.7689227644e+02 -1.3499084721e-13 3.6266632111e+02
1.0000000000e+00 0.0000000000e+00 8.8217594983e+03 2.1091114639e+03 3.7411454183e+03 1.5759212499e+04 3.5427850401e+05 3.2671776933e+04 -2.4589070114e+01 4.3157785750e+01 3.5726396788e+01 -1.1104449936e+02 4.8582356232e+02 -1.1773403017e-13 1.1582578756e+02
1.0000000000e+00 0.0000000000e+00 1.6278647970e+05 7.0200592412e+05 1.0202769388e+05 1.1660447444e+05 1.2836957151e+06 2.1777966034e+05 -1.1793259749e+02 8.3520865486e+02 -5.4753863016e+01 -1.9269545948e+02 1.0320893625e+03 -2.1427840811e-13 1.0447768815e+03
1.0000000000e+00 0.0000000000e+00 2.5979932762e+04 7.1597140080e+04 1.1082323999e+04 2.8839836932e+04 4.9718769637e+05 5.4801012184e+04 -4.9036176770e+01 2.6657024815e+02 1.0733740245e+01 -1.3079919254e+02 6.1449011260e+02 -1.3773089979e-13 3.3235104709e+02
1.0000000000e+00 0.0000000000e+00 5.4942163958e+04 3.1142465774e+05 3.3408940500e+04 3.0373909648e+04 5.1072495622e+05 7.7894601985e+04 -6.2958310420e+01 5.5231237841e+02 -4.6718265961e+01 -1.0725588211e+02 6.1426082440e+02 -1.6421156601e-13 7.5843843363e+02
1.0000000000e+00 0.0000000000e+00 1.1943917346e+04 4.8173948584e+03 1.1261673895e+04 1.3531198243e+04 3.5681447618e+05 3.5210844012e+04 -1.5861590962e+01 -6.7925062192e+01 5.4261118794e+01 -1.0913973155e+02 4.3592940527e+02 -1.1984317721e-13 -1.0132555489e+02
1.0000000000e+00 0.0000000000e+00 6.0839009029e+03 3.4354267735e+03 4.4337375236e+03 1.8664222726e+04 2.9132512267e+05 3.0115337743e+04 2.1607835563e+00 -5.5825937929e+01 4.2980599683e+01 -9.5805745868e+01 4.0968607797e+02 -1.0315968493e-13 -2.4770481047e+01
1.0000000000e+00 0.0000000000e+00 1.8212580685e+04 3.7771040172e+04 2.5464962187e+03 3.3737452614e+04 5.9719440065e+05 5.8388934740e+04 -3.7565450589e+01 1.8864828498e+02 2.9984155553e+01 -1.4522541781e+02 6.4541045125e+02 -1.4692699385e-13 2.7307640630e+02
1.0000000000e+00 0.0000000000e+00 7.9662235077e+03 4.4903178816e+03 3.2197449092e+03 1.5344827877e+04 2.9631566844e+05 2.8478877522e+04 -1.5974100487e+01 -6.1007907927e+01 4.9300587169e+01 -1.0173774342e+02 4.1287169054e+02 -1.0428043316e-13 -6.6845980469e+01
1.0000000000e+00 0.0000000000e+00 7.2861921283e+03 9.4731623034e+03 1.1058453276e+04 2.8579909781e+03 1.8597055086e+05 1.9036427048e+04 -9.9909793079e+00 8.9122563674e+01 -1.7346635208e+01 -3.8226008289e+01 3.0261828107e+02 -9.9048348718e-14 -1.4309429513e+01
1.0000000000e+00 0.0000000000e+00 2.6103924282e+04 1.8241095523e+04 1.5760767208e+04 3.2202791046e+04 4.1499426128e+05 5.0170567949e+04 -5.0620726840e+01 1.2647408474e+02 2.7632367082e+01 -1.2009412873e+02 5.3725845634e+02 -1.2870464481e-13 7.0367565134e+01
1.0000000000e+00 0.0000000000e+00 3.3547328639e+04 4.3065365158e+03 2.1235046726e+04 4.5742072853e+04 7.0303117476e+05 7.7336563086e+04 -5.0804990336e+01 9.5336029866e+00 6.0566780871e+01 -1.6756371727e+02 7.3132316833e+02 -1.3197345905e-13 -1.3767715347e+02
1.0000000000e+00 0.0000000000e+00 4.1085399292e+03 9.4995089969e+02 3.7975817412e+03 9.0829843832e+03 3.1009182139e+05 2.6647900911e+04 -1.2893865379e+01 2.7488567649e+01 1.7546183796e+01 -8.3444979763e+01 4.2832025658e+02 -1.1867367182e-13 5.6433822226e+01
1.0000000000e+00 0.0000000000e+00 2.8005026980e+04 3.4267862935e+04 1.2428761246e+04 3.7512733863e+04 5.5422735316e+05 6.1292895191e+04 -5.0388434939e+01 1.7850501057e+02 3.3076245681e+01 -1.4718784613e+02 6.4624649477e+02 -1.4166574325e-13 3.1626904862e+02
1.0000000000e+00 0.0000000000e+00 1.2317985811e+05 2.3494364092e+05 7.9975074039e+04 1.2589996455e+05 1.2388486417e+06 1.8635350973e+05 -1.0910352869e+02 4.7829233095e+02 1.1394634902e+01 -2.1333104201e+02 1.0093832095e+03 -1.9501299582e-13 6.6191591072e+02
1.0000000000e+00 0.0000000000e+00 3.2572913183e+04 4.1833888081e+03 1.8592369222e+04 4.3144889408e+04 5.1982569555e+05 6.2694523478e+04 -4.9510620047e+01 -3.4891664096e+01 7.0560306116e+01 -1.5607939416e+02 6.2273974231e+02 -1.2061210907e-13 -7.1873480118e+01
1.0000000000e+00 0.0000000000e+00 5.3447395436e+04 1.3296971110e+05 2.7543459889e+04 5.5783090509e+04 5.7010329682e+05 8.2020949169e+04 -7.2940891496e+01 3.6037727920e+02 5.5289301851e+00 -1.4178529472e+02 6.5270972484e+02 -1.5521982435e-13 4.6120628605e+02
1.0000000000e+00 0.0000000000e+00 1.9829423192e+04 1.2742982809e+05 1.2726039677e+04 8.6504640853e+03 3.1085843461e+05 3.6610011144e+04 -3.2730972891e+01 3.5331106628e+02 -3.2165116850e+01 -7.2240842228e+01 4.3195387238e+02 -1.3718940120e-13 4.5017427362e+02
1.0000000000e+00 0.0000000000e+00 4.1262599280e+04 5.2058970182e+04 2.3572358043e+04 5.0558185246e+04 7.6556987350e+05 8.7090641853e+04 -6.1723060540e+01 2.2685357941e+02 2.8853058796e+01 -1.6782713768e+02 7.7650902517e+02 -1.4624396953e-13 2.0514230900e+02
1.0000000000e+00 0.0000000000e+00 2.0792650229e+04 4.0175846164e+03 1.2997476359e+04 3.2609340565e+04 6.4712893426e+05 6.4072808161e+04 -3.7628435435e+01 4.6398677624e+00 5.1901190172e+01 -1.4781647872e+02 6.5770288853e+02 -1.3489927882e-13 -8.6374378372e+01
1.0000000000e+00 0.0000000000e+00 5.3536850718e+04 1.4681174929e+05 4.1223430470e+04 6.5906155704e+04 7.4136727846e+05 1.0469959903e+05 -1.3461748596e+01 -3.6673677703e+02 1.4647301994e+02 -2.0889661036e+02 7.3536715452e+02 -1.0415696236e-13 -5.2730306590e+02
1.0000000000e+00 0.0000000000e+00 3.6924144756e+04 3.2805150458e+04 2.3064638760e+04 5.0776213377e+04 7.9982872602e+05 8.8322073219e+04 -3.2771604504e+01 -1.7535424843e+02 1.1060926126e+02 -1.9658543260e+02 7.4169114047e+02 -1.3104199247e-13 -2.6299635985e+02
1.0000000000e+00 0.0000000000e+00 1.9422540026e+04 6.3502251893e+04 1.5050524543e+04 2.6376771987e+04 5.1868239630e+05 5.6443140821e+04 -1.2839671130e+01 -2.3813887130e+02 8.4288303366e+01 -1.4013710481e+02 5.7706978565e+02 -1.1697862095e-13 -3.2460186859e+02
1.0000000000e+00 0.0000000000e+00 9.3951431538e+03 5.3061092268e+04 2.1495574528e+03 1.3969804766e+04 4.1558781106e+05 3.7820858134e+04 -2.1945604969e+01 2.2901993894e+02 -1.6214420862e+00 -9.8042633656e+01 5.0107639259e+02 -1.3349079094e-13 2.8354704600e+02
1.0000000000e+00 0.0000000000e+00 2.4477654995e+04 8.5186519352e+04 1.8563041257e+04 3.2273572553e+04 5.9395646371e+05 6.6759435532e+04 -3.9037034004e+00 -2.8602238186e+02 1.0139392895e+02 -1.5262453559e+02 5.8660782241e+02 -1.1074148019e-13 -4.4957062191e+02
1.0000000000e+00 0.0000000000e+00 1.9036898691e+04 1.6028920075e+05 2.9272558537e+03 2.8319412200e+04 6.1436683350e+05 6.3319345938e+04 -2.2974378764e+01 3.8990577732e+02 -1.5463662772e+01 -1.2763873536e+02 6.7043084994e+02 -1.5076335352e-13 4.7668644308e+02
1.0000000000e+00 0.0000000000e+00 1.1775241072e+05 4.7442664172e+05 6.4435044927e+04 1.0528578221e+05 9.7401266586e+05 1.6436797011e+05 -1.0477557018e+02 6.7437341980e+02 -2.9443357038e+01 -1.8221028214e+02 9.1767634587e+02 -1.9237460651e-13 1.0599212932e+03
1.0000000000e+00 0.0000000000e+00 9.0171324386e+04 2.1066408603e+05 6.2326669246e+04 8.3164994577e+04 9.5070643329e+05 1.3884001384e+05 -9.1448140766e+01 4.5775587484e+02 -3.4615697333e+00 -1.7948781235e+02 8.9217925038e+02 -1.6036221091e-13 3.7209769136e+02
1.0000000000e+00 0.0000000000e+00 4.5077954309e+04 1.0452067136e+05 1.5171972398e+04 6.5232940470e+04 7.6950335847e+05 9.2964992361e+04 -6.5427492149e+01 3.1940777173e+02 2.8155493992e+01 -1.8041829883e+02 7.9755274290e+02 -1.5571986358e-13 4.0423522779e+02
1.0000000000e+00 0.0000000000e+00 1.5034159672e+04 4.5064023088e+04 7.4328631845e+03 1.4298647229e+04 3.0057734254e+05 3.2115921293e+04 -3.5958864376e+01 2.1212586776e+02 2.3915379471e+00 -8.6860112941e+01 4.1260268455e+02 -1.2688906551e-13 2.5808723707e+02
1.0000000000e+00 0.0000000000e+00 2.2412395974e+04 5.7449371547e+04 1.9619327058e+04 1.3701419644e+04 4.1810383522e+05 4.5616775757e+04 -4.0094647138e+01 2.3953399586e+02 -1.0849318113e+01 -9.2859100587e+01 5.1763817300e+02 -1.3208893447e-13 2.4697365882e+02
1.0000000000e+00 0.0000000000e+00 1.1122239389e+05 6.1905098122e+05 6.9096937719e+04 6.5502458833e+04 1.2094713662e+06 1.7137997561e+05 -8.8809378915e+01 7.7793027774e+02 -6.2851554820e+01 -1.7278849018e+02 9.9228625376e+02 -2.0503835887e-13 1.0347299243e+03
1.0000000000e+00 0.0000000000e+00 1.0933387141e+05 3.0996336798e+05 6.5683041521e+04 1.0004638482e+05 1.1348241584e+06 1.6521659246e+05 -1.0119696042e+02 5.5395154692e+02 -7.5266587952e+00 -1.9617817979e+02 9.5968670203e+02 -1.9148044974e-13 7.0903327322e+02
1.0000000000e+00 0.0000000000e+00 1.0697534392e+05 1.8806514427e+05 5.8708513486e+04 1.2591575995e+05 1.2232602975e+06 1.7382532412e+05 -1.0402341346e+02 4.3302460943e+02 2.5284837551e+01 -2.2171859414e+02 1.0100424261e+03 -1.8827946284e-13 5.3494340247e+02
1.0000000000e+00 0.0000000000e+00 1.5168159988e+04 7.0291913032e+04 1.0715002859e+04 8.6799597185e+03 2.3021561612e+05 2.7505695346e+04 -3.4066661931e+01 2.6469161558e+02 -2.1006225222e+01 -6.2047142706e+01 3.5708457606e+02 -1.2336055094e-13 3.3374122638e+02
1.0000000000e+00 0.0000000000e+00 3.9500963281e+04 6.3507089344e+02 2.2005116186e+04 5.5707685380e+04 8.0137136884e+05 8.8607501450e+04 -5.1774551577e+01 1.1005360948e+01 7.8762894671e+01 -1.9242910902e+02 7.8078588624e+02 -1.3856324088e-13 -4.9587011991e+01
1.0000000000e+00 0.0000000000e+00 1.2853936097e+04 4.2042706548e+04 7.7186596876e+03 1.8886351282e+04 2.8847286064e+05 3.3349995548e+04 -6.3125659047e+00 -1.9512999230e+02 7.3326401652e+01 -1.1061448957e+02 4.1721355209e+02 -9.3500945861e-14 -2.4749437342e+02
1.0000000000e+00 0.0000000000e+00 8.7371557502e+03 4.7954070934e+04 4.9534871449e+03 7.5346558021e+03 1.7537809212e+05 1.9710659930e+04 -4.2235216654e+00 -2.0580653409e+02 6.1051532961e+01 -7.5884466061e+01 2.7025089894e+02 -8.6444824665e-14 -2.3964699571e+02
1.0000000000e+00 0.0000000000e+00 1.4057512790e+04 1.6423023338e+04 8.6442511095e+03 2.2140941352e+04 4.0560531372e+05 4.1831501738e+04 -1.4176144569e+01 -1.2659990567e+02 6.8110616882e+01 -1.2481784045e+02 4.9572507485e+02 -1.1654737708e-13 -5.3517208581e+01
1.0000000000e+00 0.0000000000e+00 1.4039818249e+03 1.7927901992e+03 6.6721459190e+02 2.5116071963e+03 1.4058267863e+05 1.0967559634e+04 -8.0288873713e+00 4.1015242576e+01 1.1578273571e+01 -4.8081138590e+01 2.1887110444e+02 -9.4453952508e-14 1.8748895100e+01
1.0000000000e+00 0.0000000000e+00 8.9421529199e+04 1.5660781619e+05 6.5032007791e+04 8.8353581404e+04 8.3315839063e+05 1.3177193732e+05 -9.2005331944e+01 3.9507782227e+02 5.4665575824e+00 -1.7341094008e+02 8.4020393196e+02 -1.6073109859e-13 4.8357309570e+02
1.0000000000e+00 0.0000000000e+00 2.8107784562e+04 1.3149589403e+05 1.4155587401e+04 2.1879116129e+04 4.2311145789e+05 5.0959295353e+04 -4.8118663054e+01 3.5908189915e+02 -1.4819825707e+01 -1.0485790389e+02 5.3582178859e+02 -1.4784360906e-13 4.7473938766e+02
1.0000000000e+00 0.0000000000e+00 1.1300100543e+04 1.8288828171e+04 5.3504582800e+03 1.5296684570e+04 3.1062144036e+05 3.1020465486e+04 -3.1975925266e+01 1.3317344353e+02 1.5915986953e+01 -9.6007341686e+01 4.4548974294e+02 -1.1468377857e-13 8.9266140816e+01
1.0000000000e+00 0.0000000000e+00 4.6139178128e+04 9.4835252636e+04 3.1632290597e+04 5.2881336705e+04 5.2424830196e+05 7.7500683488e+04 -2.8970268041e+01 -2.9797725041e+02 1.3295764653e+02 -1.8661277676e+02 6.2160229968e+02 -1.0745108363e-13 -3.4823515994e+02
1.0000000000e+00 0.0000000000e+00 3.6080940938e+04 3.4823490113e+04 1.7852370343e+04 5.0920146364e+04 8.8621178495e+05 9.2050167402e+04 -5.6260434416e+01 1.8562088104e+02 4.0540806021e+01 -1.8090233062e+02 8.1983129111e+02 -1.4959663707e-13 1.5152758454e+02
1.0000000000e+00 0.0000000000e+00 1.9329931937e+05 3.3775823749e+04 8.8318334604e+04 3.1141295893e+05 3.4120193855e+06 4.1005050719e+05 -1.2866859373e+02 1.7825040763e+02 1.4158210241e+02 -4.1061898489e+02 1.7220277058e+03 -2.2143415749e-13 1.4872335864e+02
1.0000000000e+00 0.0000000000e+00 1.2144849423e+04 3.0891181452e+04 8.4683156649e+03 1.9819818946e+04 4.9405667277e+05 4.7371054858e+04 -1.0178955152e+01 -1.7279131931e+02 6.8642741142e+01 -1.2509310759e+02 5.2814065953e+02 -1.1826364292e-13 -2.0188110029e+02
1.0000000000e+00 0.0000000000e+00 3.1294439448e+04 5.8213588846e+04 1.0081137863e+04 5.2781969053e+04 8.4546200922e+05 8.7958332391e+04 -5.2196994121e+01 2.3963493097e+02 2.9600969145e+01 -1.7714748061e+02 8.2497460937e+02 -1.5076780587e-13 2.7399105089e+02
1.0000000000e+00 0.0000000000e+00 6.9651918734e+04 2.1603415437e+05 4.5738946321e+04 5.9912305491e+04 6.8622407104e+05 1.0365150534e+05 -7.9397747594e+01 4.6192713015e+02 -1.5683756223e+01 -1.4525673205e+02 7.3731221166e+02 -1.6204165015e-13 5.2903639776e+02
1.0000000000e+00 0.0000000000e+00 1.7607189011e+04 2.6484405117e+04 1.3010795463e+04 1.6056520944e+04 4.4945938546e+05 4.4409940667e+04 -3.6462867517e+01 1.5698365957e+02 1.1027993151e+01 -1.0313157895e+02 5.0720088711e+02 -1.3799248577e-13 1.1677469237e+02
1.0000000000e+00 0.0000000000e+00 2.0440913657e+04 5.1230665741e+04 1.0913186044e+04 2.2416897627e+04 5.4942563191e+05 5.4329684841e+04 -4.2042450770e+01 2.2514955129e+02 9.0760909509e+00 -1.2466152593e+02 6.1431760395e+02 -1.3786595938e-13 1.6400292831e+02
1.0000000000e+00 0.0000000000e+00 6.8065938449e+03 2.6874249171e+04 3.1615789655e+03 2.1770369314e+04 5.2206352914e+05 4.7650412028e+04 -2.8830468248e+00 1.5595518771e+02 1.6796012834e+01 -1.1471228214e+02 5.4884518654e+02 -1.3504772664e-13 1.7448984297e+02
1.0000000000e+00 0.0000000000e+00 1.9123860009e+04 1.6027274722e+03 1.3070802823e+04 2.9439286934e+04 5.9062867152e+05 5.8751319757e+04 -3.5085613788e+01 -6.9277063826e+00 5.0869432509e+01 -1.4309692567e+02 6.4109471159e+02 -1.3613975064e-13 -9.8456959394e+00
1.0000000000e+00 0.0000000000e+00 7.2248536130e+03 5.1146341605e+04 2.7088045242e+03 5.3847347646e+03 2.4002736136e+05 2.2277063195e+04 -2.0614326168e+01 2.2084888550e+02 -1.2397302599e+01 -6.3342108014e+01 3.4286162403e+02 -1.2363189062e-13 3.2258560543e+02
1.0000000000e+00 0.0000000000e+00 3.7614368914e+04 1.3329348253e+05 2.4565496984e+04 2.7808885483e+04 5.0745204898e+05 6.3889838092e+04 -5.7017387665e+01 3.6171928268e+02 -1.5872990777e+01 -1.1051338470e+02 5.7865349211e+02 -1.5586980631e-13 4.1146561885e+02
1.0000000000e+00 0.0000000000e+00 6.0758671713e+04 1.9068056529e+05 3.2309098781e+04 6.2603529628e+04 9.2196478247e+05 1.1368056083e+05 -7.4509417996e+01 4.3598094825e+02 -1.2008063211e+00 -1.7442730373e+02 8.5968407228e+02 -1.7020845596e-13 5.0338297812e+02
1.0000000000e+00 0.0000000000e+00 5.4807808380e+03 2.1508768596e+02 2.2681952565e+03 8.7113390974e+03 2.7983199396e+05 2.3748934967e+04 -1.6700898103e+01 -1.2978223149e+00 3.7106150222e+01 -8.8697154964e+01 3.5943877511e+02 -1.1790429104e-13 6.4473945758e+01
1.0000000000e+00 0.0000000000e+00 1.0755210611e+05 4.9407781409e+05 8.0799302940e+04 5.2590616998e+04 8.7114850800e+05 1.4164804532e+05 -8.6903625443e+01 7.0153498804e+02 -6.5467122038e+01 -1.3597256329e+02 8.1772966260e+02 -1.8226046542e-13 7.0148215876e+02
1.0000000000e+00 0.0000000000e+00 3.0121809860e+05 1.5580007605e+06 1.6717525582e+05 2.3331923189e+05 2.8582935224e+06 4.4689480507e+05 -1.5624921604e+02 1.2359324580e+03 -8.0364209115e+01 -2.9566454908e+02 1.5937429186e+03 -2.7830350559e-13 1.5929088770e+03
1.0000000000e+00 0.0000000000e+00 2.2980995753e+04 6.0764464359e+04 1.7565840924e+04 2.2121371330e+04 3.8188422671e+05 4.6266801055e+04 -1.9718197014e+01 -2.4110150025e+02 8.9084185203e+01 -1.3080421780e+02 4.8576617001e+02 -1.0086384286e-13 -3.9324760937e+02
1.0000000000e+00 0.0000000000e+00 8.1955417276e+03 1.4365604531e+04 8.9324418032e+03 4.6861221162e+03 3.0338778763e+05 2.7086060161e+04 -2.2181136099e+01 1.1709515295e+02 -4.2333717208e+00 -6.6464216396e+01 3.8784132663e+02 -1.1505347345e-13 2.2162789625e+01
1.0000000000e+00 0.0000000000e+00 6.8961583514e+03 3.3165682968e+03 6.1413120307e+03 9.8975874871e+03 3.6047431182e+05 3.1532384482e+04 -1.9170961195e+01 1.8923667805e+01 1.8629154706e+01 -8.8014736633e+01 4.5840130345e+02 -1.1217285482e-13 -6.4633850414e+01
1.0000000000e+00 0.0000000000e+00 8.5511022813e+03 6.4598792909e+03 4.6518351203e+03 1.3991950585e+04 2.8746532152e+05 2.7986648348e+04 -2.0121211129e+01 -5.2612569671e+01 4.5687105318e+01 -1.0289854407e+02 4.3766040654e+02 -9.6354137313e-14 -1.3542409393e+02
1.0000000000e+00 0.0000000000e+00 2.5797723173e+04 1.0888291956e+05 1.7198543144e+04 2.4523538827e+04 3.9407518215e+05 5.0395156721e+04 -7.4148668083e+00 -3.1924557887e+02 1.0327772004e+02 -1.3230162654e+02 4.6234086573e+02 -9.5451791135e-14 -4.6699247448e+02
1.0000000000e+00 0.0000000000e+00 2.9721167878e+04 2.6518253092e+04 2.1256742058e+04 3.3021303124e+04 5.1288484672e+05 5.9903484822e+04 -5.1904399043e+01 1.6236444471e+02 2.1684601429e+01 -1.2975613827e+02 6.1393791400e+02 -1.3484158664e-13 1.9187940724e+02
1.0000000000e+00 0.0000000000e+00 8.1557142599e+04 1.5502299769e+05 5.2872212440e+04 8.3633313630e+04 1.0329893330e+06 1.3775774865e+05 -8.7519577848e+01 3.9143157584e+02 1.2049774459e+01 -1.9082051398e+02 9.1773615405e+02 -1.8449695321e-13 5.9236753175e+02
1.0000000000e+00 0.0000000000e+00 7.7341848619e+03 1.4799035870e+04 5.6060348538e+03 8.5092377632e+03 4.3197314112e+05 3.6050887274e+04 -2.1980467563e+01 1.2126758809e+02 7.2798736651e+00 -8.7389902426e+01 4.5166341753e+02 -1.4009542906e-13 1.0450666324e+02
1.0000000000e+00 0.0000000000e+00 2.7598282079e+04 8.3540203500e+04 7.5843406172e+03 4.4941308820e+04 7.2111537187e+05 7.6226035673e+04 -4.7552226284e+01 2.8587983583e+02 1.5157442193e+01 -1.5725900383e+02 7.4982277390e+02 -1.4870704405e-13 3.4356679886e+02
1.0000000000e+00 0.0000000000e+00 4.0033950924e+04 3.1319717665e+03 2.1994413840e+04 5.0246107412e+04 7.1692337635e+05 8.0576841110e+04 -5.6315373750e+01 5.2654879507e+01 6.7543112583e+01 -1.7713536085e+02 7.1924245793e+02 -1.4957635984e-13 1.1952090422e+02
1.0000000000e+00 0.0000000000e+00 2.8809372644e+04 3.9721650105e+03 1.6084922705e+04 4.3435142893e+04 7.6153681957e+05 7.7991790183e+04 -3.9753451176e+01 -5.7239401413e+01 7.9098151880e+01 -1.7962321350e+02 7.4274015518e+02 -1.4165350645e-13 -9.7613947725e+00
1.0000000000e+00 0.0000000000e+00 2.0384810441e+04 5.8231835913e+04 1.8580464886e+04 1.1120808757e+04 3.6759255467e+05 4.0643370128e+04 -3.6690412511e+01 2.4102973809e+02 -1.5058046866e+01 -8.4792526788e+01 4.8928161705e+02 -1.2946138382e-13 2.2563928633e+02
1.0000000000e+00 0.0000000000e+00 1.6582878306e+04 4.5658007164e+03 6.0226109004e+03 3.2845024538e+04 5.5485050144e+05 5.4993133403e+04 -2.6285934172e+01 -6.2555815419e+01 6.7915931765e+01 -1.4716368312e+02 6.0009628566e+02 -1.2685527758e-13 -3.9484105689e+01
1.0000000000e+00 0.0000000000e+00 4.5111883702e+03 9.6884655479e+03 5.3561468252e+03 1.0455588224e+04 4.0917371006e+05 3.5036961954e+04 -6.7067753264e+00 9.7308900729e+01 -6.2334291005e+00 -7.2603399659e+01 4.5648724972e+02 -1.3180324667e-13 1.1501308881e+02
1.0000000000e+00 0.0000000000e+00 3.1281427735e+04 3.0810270903e+03 1.4873399393e+04 4.6125462790e+04 6.4056341588e+05 7.0505331650e+04 -5.0037006149e+01 5.2586917093e+01 6.2428977570e+01 -1.6912575774e+02 6.9822207005e+02 -1.3786487068e-13 4.3916549291e+01
1.0000000000e+00 0.0000000000e+00 5.6595949239e+04 6.2813297616e+04 2.6202834501e+04 7.5623974967e+04 9.5203072052e+05 1.1263225671e+05 -7.4450865595e+01 2.4994631310e+02 4.2295397148e+01 -1.9588173896e+02 8.6197787469e+02 -1.5931006584e-13 2.4219652857e+02
1.0000000000e+00 0.0000000000e+00 1.9586485202e+03 1.2192651209e+04 7.3024827295e+02 8.1787063647e+03 2.8378924152e+05 2.3703817499e+04 -2.9820265711e+00 1.0574621244e+02 6.8798072494e+00 -7.4440074648e+01 3.7858291166e+02 -1.1746442310e-13 1.9659709078e+02
1.0000000000e+00 0.0000000000e+00 8.4615756283e+03 4.3969543115e+03 1.3226753320e+04 5.7492416207e+03 4.2818857267e+05 3.7318879254e+04 -1.0287669785e+01 1.6219982803e+01 1.8952239764e+00 -6.2713285927e+01 3.9754157984e+02 -1.3355961693e-13 -4.4678814222e+01
1.0000000000e+00 0.0000000000e+00 1.8950375411e+04 3.0108828732e+04 1.0420672576e+04 3.0434591023e+04 4.1038750134e+05 4.7346253703e+04 -1.7186947728e+01 -1.6713592252e+02 8.4543394150e+01 -1.3983413490e+02 5.2117267551e+02 -1.0431042236e-13 -2.3427688088e+02
1.0000000000e+00 0.0000000000e+00 7.7084847905e+04 3.6882466327e+05 3.5702906220e+04 5.9457396931e+04 8.4379052666e+05 1.1727611415e+05 -7.9492999614e+01 6.0073815677e+02 -2.7141125657e+01 -1.5747116395e+02 7.9076206742e+02 -1.8677160853e-13 6.7621436842e+02
1.0000000000e+00 0.0000000000e+00 1.7718583711e+04 1.7649497793e+04 9.6681571500e+03 2.0390165387e+04 3.3443368459e+05 3.6754921533e+04 -4.1255857719e+01 1.2602528028e+02 2.2244501566e+01 -1.0508555839e+02 4.7121882014e+02 -1.2774052617e-13 2.4632510560e+02
1.0000000000e+00 0.0000000000e+00 1.6940088072e+04 1.8569340014e+04 1.0790349915e+04 2.3726868594e+04 5.6311642139e+05 5.4174097517e+04 -2.8010520988e+01 -7.5905440601e+01 5.8954570769e+01 -1.3678356497e+02 5.9756608542e+02 -1.1634681154e-13 -4.1486625904e+02
1.0000000000e+00 0.0000000000e+00 9.9517314310e+03 1.7430993982e+04 6.4678557609e+03 9.5277206812e+03 2.9202725480e+05 2.7600451806e+04 -2.6151685970e+01 1.2893906907e+02 9.1305271120e+00 -8.4282275077e+01 4.1326696198e+02 -1.2005351656e-13 1.6694048779e+02
1.0000000000e+00 0.0000000000e+00 1.8872673639e+04 8.1839715960e+04 4.2370443709e+03 2.3719586035e+04 5.0167675167e+05 5.0343474135e+04 -3.9497019954e+01 2.8044024301e+02 7.3802557305e+00 -1.2455141148e+02 5.8377801503e+02 -1.4744355425e-13 4.5143685727e+02
1.0000000000e+00 0.0000000000e+00 1.6223280462e+04 5.4819954834e+04 4.0755139850e+03 3.4070117032e+04 7.0456405614e+05 6.7263578135e+04 -3.1202725722e+01 2.2793365980e+02 1.7711898444e+01 -1.4791243669e+02 7.1323553331e+02 -1.5566596026e-13 3.5085580090e+02
1.0000000000e+00 0.0000000000e+00 3.0290257073e+04 6.1903467540e+03 1.8085318014e+04 4.1787385593e+04 7.1707808705e+05 7.5228503201e+04 -4.9686925791e+01 4.9536063216e+01 5.1888811481e+01 -1.6165821109e+02 7.1781683404e+02 -1.3788551750e-13 -5.0919979421e+01
1.0000000000e+00 0.0000000000e+00 1.6048575492e+04 6.1246333294e+04 4.8570954481e+03 2.9672191963e+04 7.3066535885e+05 6.7685324721e+04 -3.1794652248e+01 2.4461449990e+02 9.8668928917e+00 -1.4343779663e+02 7.2116408485e+02 -1.5642609507e-13 3.9047356007e+02
1.0000000000e+00 0.0000000000e+00 2.9651579008e+03 1.4627884783e+04 2.0772978536e+03 1.6979669785e+03 1.2111877846e+05 1.0533353416e+04 -1.3508342296e+01 1.1502798339e+02 -7.2949979586e+00 -3.4840184781e+01 1.9637746171e+02 -9.4192131987e-14 1.3506009046e+00
1.0000000000e+00 0.0000000000e+00 5.6251339990e+03 3.2138914930e+03 1.4537462921e+03 1.0915893374e+04 3.0826508042e+05 2.6455455928e+04 -1.8261387762e+01 4.9128578072e+01 3.0179328924e+01 -9.6840171977e+01 4.2148933895e+02 -1.1157973295e-13 1.1181105505e+00
1.0000000000e+00 0.0000000000e+00 1.1622315389e+04 3.1543228911e+03 1.0783809645e+04 1.6621384924e+04 5.2793371121e+05 4.7829309677e+04 -2.4425016812e+01 -3.0307236289e+00 3.1534602918e+01 -1.1655768316e+02 5.8372818892e+02 -1.2776567936e-13 -6.3244530494e+01
1.0000000000e+00 0.0000000000e+00 1.4016222876e+04 2.2355555923e+03 5.6231854427e+03 2.7536786401e+04 4.7323187415e+05 4.6815731878e+04 -2.5311021625e+01 -3.9014038292e+01 6.1374623638e+01 -1.3809499547e+02 5.6373701041e+02 -1.2027651904e-13 -1.1221677314e+02
1.0000000000e+00 0.0000000000e+00 3.5977051550e+04 4.4000686294e+04 1.0927166498e+04 5.4127624552e+04 6.7142919838e+05 7.6523010919e+04 -5.8687367685e+01 2.0899459215e+02 4.2164784179e+01 -1.7084523557e+02 7.2461708334e+02 -1.3999683510e-13 1.6145612623e+02
1.0000000000e+00 0.0000000000e+00 2.0101410692e+04 8.7348225589e+04 1.7832526531e+04 1.3976210889e+04 5.9403312767e+05 5.8282854979e+04 -3.1669539106e+01 2.9475550814e+02 -2.2680226667e+01 -1.0395118202e+02 6.2741981988e+02 -1.4949521659e-13 3.0192199924e+02
1.0000000000e+00 0.0000000000e+00 7.9258746609e+03 4.0645541173e+04 3.7876823085e+03 8.0651782415e+03 3.5964525484e+05 3.1480159138e+04 -2.2189321407e+01 2.0093246626e+02 -4.6466230835e+00 -8.4233240620e+01 4.4828496348e+02 -1.2587325002e-13 2.1969258666e+02
1.0000000000e+00 0.0000000000e+00 6.7285959322e+03 9.3181248521e+03 4.1133820791e+03 8.2547558023e+03 3.1166628780e+05 2.6929413951e+04 -1.2705351681e+01 -9.1898350818e+01 5.1176475143e+01 -8.8264005729e+01 3.3298627240e+02 -1.2482966807e-13 5.7530974792e+01
1.0000000000e+00 0.0000000000e+00 2.1530367561e+04 7.5956326051e+02 1.0980751817e+04 3.4631799911e+04 5.6261135696e+05 5.8272153561e+04 -3.6219976905e+01 -2.2663062805e+01 6.6518077056e+01 -1.5413797358e+02 6.2660079481e+02 -1.2923276207e-13 2.7020194805e+01
1.0000000000e+00 0.0000000000e+00 7.7217277522e+04 1.4321945533e+05 3.9868959355e+04 9.1900720918e+04 7.7400431942e+05 1.1788745932e+05 -8.9530929089e+01 3.7823888903e+02 2.0047298041e+01 -1.8080897736e+02 8.0887440409e+02 -1.5768349680e-13 4.0922575346e+02
1.0000000000e+00 0.0000000000e+00 1.3449621319e+04 9.9624717278e+04 2.7453922239e+03 1.9359194093e+04 4.4377097495e+05 4.4713887316e+04 -1.9814377358e+01 3.0526909065e+02 -1.7204562936e+01 -9.6235908000e+01 5.3272219283e+02 -1.4131437662e-13 4.8244814821e+02
1.0000000000e+00 0.0000000000e+00 6.0603220609e+03 2.7831806589e+03 5.3117098236e+03 1.1385445200e+04 3.7123852902e+05 3.2545149473e+04 -1.5410422401e+01 5.2798482625e+00 2.1628980589e+01 -9.2621528848e+01 4.8018143021e+02 -1.1485470072e-13 -8.8257705591e+01
1.0000000000e+00 0.0000000000e+00 2.0656414475e+04 1.4924213336e+05 3.5558780666e+03 2.1337385148e+04 6.4942514947e+05 6.2244665525e+04 -3.5019570885e+01 3.6642066617e+02 -7.3428515303e+00 -1.3099539230e+02 6.5822322249e+02 -1.7341001030e-13 6.9174042195e+02
1.0000000000e+00 0.0000000000e+00 4.2622902267e+04 1.3486530455e+05 2.8941637175e+04 3.4672155196e+04 5.2886227280e+05 7.0397587892e+04 -5.9413073075e+01 3.6378708373e+02 -1.1817078249e+01 -1.2501713279e+02 6.4864524241e+02 -1.4663212978e-13 3.9510331310e+02
1.0000000000e+00 0.0000000000e+00 1.2489298393e+04 5.3488796496e+04 6.5894505072e+03 1.0153366581e+04 1.7775267617e+05 2.2033564166e+04 -3.0782380709e+01 2.1727496540e+02 -8.1479021130e+00 -5.9914168019e+01 2.9520891161e+02 -1.2398531968e-13 4.0703381929e+02
1.0000000000e+00 0.0000000000e+00 4.3088582423e+04 1.9154272634e+05 2.7796049764e+04 2.8377188022e+04 4.2168254901e+05 6.2652338805e+04 -5.9382160908e+01 4.3733711857e+02 -2.9491127655e+01 -1.0418800572e+02 5.6779080460e+02 -1.4437411144e-13 5.1617748184e+02
1.0000000000e+00 0.0000000000e+00 1.8642670948e+04 5.1126765510e+04 1.1613402244e+04 2.0738059699e+04 4.9558492541e+05 5.0245950565e+04 -3.8755305563e+01 2.2507595630e+02 2.8585332832e+00 -1.1633571945e+02 5.9824767011e+02 -1.3224781765e-13 2.6569911111e+02
1.0000000000e+00 0.0000000000e+00 4.4283482556e+03 2.8584254754e+03 3.9847076043e+03 7.8352649550e+03 2.6967661342e+05 2.3540475434e+04 -1.5189316396e+01 4.5460036182e+01 1.4041223793e+01 -7.5905316736e+01 3.8687694770e+02 -1.0743030321e-13 1.6877733056e+01
1.0000000000e+00 0.0000000000e+00 2.0416392470e+04 3.9877735888e+04 1.7794622460e+04 1.8726561109e+04 2.8601127261e+05 3.7348665611e+04 -1.1035699416e+01 -1.9884887546e+02 8.7717917423e+01 -1.2084329966e+02 3.9647770713e+02 -9.9025380811e-14 -2.6015737733e+02
1.0000000000e+00 0.0000000000e+00 1.5912693795e+04 3.9704645357e+04 4.2777978717e+03 2.0855328856e+04 4.0277708791e+05 4.0329418313e+04 -3.5171919812e+01 1.6016190748e+02 2.7143965665e+01 -1.1568828192e+02 4.8598976973e+02 -1.5031341988e-13 5.0724957641e+02
1.0000000000e+00 0.0000000000e+00 6.4525512012e+03 8.3689078372e+03 1.4963938471e+03 1.2758526778e+04 3.5432239098e+05 3.0659873615e+04 -2.0655653663e+01 9.0270651257e+01 2.5176972001e+01 -1.0048010559e+02 4.4776040379e+02 -1.2381358432e-13 1.3820095175e+02
1.0000000000e+00 0.0000000000e+00 2.2728650144e+04 3.2592330313e+04 4.7108900373e+03 4.0704248149e+04 7.1658869242e+05 7.0246453065e+04 -4.2493191538e+01 1.8006219444e+02 3.9452339649e+01 -1.6474028074e+02 7.2223935401e+02 -1.4655568884e-13 2.0236954814e+02
1.0000000000e+00 0.0000000000e+00 7.6352345626e+04 3.0807919236e+05 5.3363223949e+04 5.1303913354e+04 9.4875408701e+05 1.2525694888e+05 -7.6806614619e+01 5.5117368944e+02 -3.2683425458e+01 -1.5817547276e+02 8.6747571457e+02 -1.7691092145e-13 5.7549493967e+02
1.0000000000e+00 0.0000000000e+00 2.0688668686e+03 1.3715115470e+03 6.9677581099e+02 8.3488356952e+03 2.4248531259e+05 2.0452889799e+04 -6.2472680131e+00 3.1944930309e+01 2.3805303372e+01 -7.9959499088e+01 3.6149329595e+02 -1.0276717036e-13 7.9648997781e+00
1.0000000000e+00 0.0000000000e+00 4.6664826655e+04 1.4425809040e+05 3.0606716784e+04 3.7186592383e+04 5.2607302414e+05 7.2529441314e+04 -6.4376484443e+01 3.7822324190e+02 -1.2488596315e+01 -1.2342940924e+02 6.3165664830e+02 -1.4735588113e-13 4.9587394416e+02
1.0000000000e+00 0.0000000000e+00 3.9587424280e+04 8.0910413170e+04 2.1528111738e+04 4.8949577198e+04 9.3122025062e+05 9.8050924757e+04 -5.9340952404e+01 2.8329412207e+02 1.7911635724e+01 -1.7000519828e+02 8.1976446151e+02 -1.6417318732e-13 2.1614421800e+02
1.0000000000e+00 0.0000000000e+00 3.8021117342e+04 2.6876383923e+03 2.6524756998e+04 7.7809041594e+04 1.6210998467e+06 1.5578586579e+05 -4.4359516155e+01 1.6751309697e+00 6.6083387768e+01 -2.2633915125e+02 1.0968908997e+03 -1.7710040743e-13 2.2053464474e+01
1.0000000000e+00 0.0000000000e+00 7.0011099820e+04 8.1473668510e+04 2.5664585608e+04 1.0497896936e+05 1.6793308212e+06 1.7551514292e+05 -8.0291707565e+01 2.8505513744e+02 5.6768807180e+01 -2.5367590056e+02 1.1319379334e+03 -1.9312947779e-13 2.2615903384e+02
1.0000000000e+00 0.0000000000e+00 3.0988819320e+04 1.8166269377e+05 1.8450025107e+04 1.9981813314e+04 4.1848258773e+05 5.4123145756e+04 -4.5809312758e+01 4.2222423897e+02 -3.2902887246e+01 -9.7317214190e+01 5.5458171464e+02 -1.4394175750e-13 5.6127390464e+02
1.0000000000e+00 0.0000000000e+00 7.5332294784e+03 2.7411770975e+04 6.5126663209e+03 8.9159851204e+03 3.0983733089e+05 2.9034818854e+04 -8.2288282221e+00 -1.6177008645e+02 4.8831166469e+01 -8.7427881414e+01 3.9379001843e+02 -1.0193558659e-13 -2.1055566823e+02
1.0000000000e+00 0.0000000000e+00 1.8800461986e+04 9.5629077769e+03 1.1528172719e+04 2.9410470843e+04 5.4806378058e+05 5.5604193494e+04 -2.5243232770e+01 -9.6919671842e+01 7.5586032038e+01 -1.5105343847e+02 6.0236310834e+02 -1.2513872322e-13 -1.1810510911e+02
1.0000000000e+00 0.0000000000e+00 3.4646171716e+04 2.8232060353e+05 1.8014772558e+04 1.6141597788e+04 5.8387325439e+05 6.8302881640e+04 -3.9131426647e+01 5.2425711575e+02 -4.9967225694e+01 -1.0560225786e+02 6.4460272297e+02 -1.5927784434e-13 7.0933203776e+02
1.0000000000e+00 0.0000000000e+00 1.5449827929e+05 3.5178692279e+05 7.7755475358e+04 1.7915450909e+05 1.7638231876e+06 2.5056754048e+05 -1.2352344421e+02 5.9218668454e+02 2.1652612103e+01 -2.7076379257e+02 1.2459816774e+03 -2.0074563204e-13 6.4887623795e+02
1.0000000000e+00 0.0000000000e+00 1.0398828334e+04 1.0724913762e+03 2.9407279283e+03 2.0330485803e+04 4.5304842899e+05 4.0985724802e+04 -2.0191764898e+01 1.7352816825e+00 4.7240934728e+01 -1.1909250061e+02 4.9659796823e+02 -1.3065074887e-13 8.8439786730e+01
1.0000000000e+00 0.0000000000e+00 4.3285050138e+04 1.2690537108e+05 3.2802877918e+04 3.1837931338e+04 6.6382081553e+05 7.9463983668e+04 -5.9002373669e+01 3.5582791366e+02 -1.2345449745e+01 -1.3298094742e+02 7.1142639988e+02 -1.4410953347e-13 3.2671415883e+02
1.0000000000e+00 0.0000000000e+00 4.1386966997e+04 6.4849499168e+04 1.2342712261e+04 6.7304931099e+04 1.0317347782e+06 1.0835722928e+05 -6.0781904682e+01 2.4647535503e+02 4.3231726763e+01 -2.0205170819e+02 9.0001016708e+02 -1.7345551550e-13 4.4612371400e+02
1.0000000000e+00 0.0000000000e+00 5.4401814121e+04 3.0776477699e+04 2.4958469146e+04 7.9734390761e+04 8.7617195747e+05 1.0726733975e+05 -7.2878254831e+01 1.7287002479e+02 5.3711762639e+01 -1.9497104743e+02 8.3937723535e+02 -1.4807990660e-13 1.0873099783e+02
1.0000000000e+00 0.0000000000e+00 1.3705409689e+04 2.5660351337e+04 8.0154787102e+03 1.5083527936e+04 4.1226455021e+05 3.9274086800e+04 -3.2867119313e+01 1.5936159613e+02 1.3183821828e+01 -1.0671028962e+02 5.1569407032e+02 -1.3258049137e-13 2.2326988379e+02
1.0000000000e+00 0.0000000000e+00 5.7129300591e+04 2.3771964746e+05 2.8075309973e+04 5.4932589746e+04 5.8142310525e+05 8.7809186262e+04 -7.2211485737e+01 4.8431791893e+02 -1.6312793319e+01 -1.4142048739e+02 6.9908369881e+02 -1.5405078254e-13 6.2604521589e+02
1.0000000000e+00 0.0000000000e+00 1.2557437513e+04 3.5540824405e+04 5.8043320829e+03 1.5018098157e+04 3.3358556692e+05 3.3488198651e+04 -3.3088146757e+01 1.8627361355e+02 6.9689980746e+00 -9.6534405799e+01 4.6731969456e+02 -1.1973775625e-13 1.6417204649e+02
1.0000000000e+00 0.0000000000e+00 4.1629822709e+03 4.3676834575e+03 3.7666525224e+03 9.3387836912e+03 3.1260169791e+05 2.7088131129e+04 -1.5407132042e-01 -4.0138217488e+01 3.5171702230e+01 -8.0240999180e+01 3.4355532368e+02 -1.2289604687e-13 1.1177456254e+02
1.0000000000e+00 0.0000000000e+00 2.2674289507e+04 1.4150651048e+04 8.0322086091e+03 4.1084618841e+04 6.9247325398e+05 6.9315880768e+04 -4.2566491956e+01 1.1448475912e+02 4.5898181600e+01 -1.6385756317e+02 7.2322637734e+02 -1.3576438757e-13 6.6653076758e+01
1.0000000000e+00 0.0000000000e+00 1.7380038479e+03 6.5817831459e+03 1.6077269813e+03 4.1965567142e+03 1.9588851514e+05 1.6091675378e+04 2.1888666034e-01 8.0145600321e+01 -4.5719140829e+00 -3.9036237728e+01 2.3279167201e+02 -1.1013250489e-13 8.0899930523e+01
1.0000000000e+00 0.0000000000e+00 2.0166833560e+04 7.0416026494e+04 5.7028259952e+03 2.4110634371e+04 4.9419576085e+05 5.0083855761e+04 -4.2064365130e+01 2.6154328546e+02 1.1464405564e+01 -1.2624022459e+02 5.8285483481e+02 -1.4911994170e-13 4.2806059373e+02
1.0000000000e+00 0.0000000000e+00 5.7162562104e+04 3.0686000212e+05 4.0594569495e+04 2.7244062791e+04 6.7343203504e+05 9.0294741476e+04 -6.2337157790e+01 5.4048666591e+02 -4.9876286150e+01 -1.1560450195e+02 6.9932712727e+02 -1.7662564823e-13 7.4497264901e+02
1.0000000000e+00 0.0000000000e+00 8.9458875831e+03 6.7034726205e+03 3.0356609776e+03 2.1745623417e+04 6.4326902035e+05 5.4739285257e+04 -2.2438548321e+01 7.3241672973e+01 3.3621882998e+01 -1.3436195389e+02 6.3394648236e+02 -1.3475966935e-13 -1.7199913834e+01
1.0000000000e+00 0.0000000000e+00 1.1039560043e+05 4.2199563895e+05 7.2052032759e+04 8.4033626875e+04 8.6632125266e+05 1.4820451932e+05 -9.7832000382e+01 6.4822414460e+02 -3.7250811100e+01 -1.6328470710e+02 8.5971428843e+02 -1.7760415185e-13 7.6633145893e+02
1.0000000000e+00 0.0000000000e+00 3.8823149031e+04 2.5532478986e+05 2.0131176064e+04 2.9502305310e+04 7.8524751918e+05 8.7465539262e+04 -4.2159175872e+01 5.0265038641e+02 -3.4661692545e+01 -1.3159785474e+02 7.3716536434e+02 -1.7029408437e-13 5.4677963358e+02
1.0000000000e+00 0.0000000000e+00 8.0094844359e+04 1.4138002080e+05 4.0464309392e+04 1.0093849286e+05 1.4968960730e+06 1.7076123958e+05 -8.6125453717e+01 3.7538171826e+02 3.4057710536e+01 -2.3896738708e+02 1.1121761665e+03 -1.9389775931e-13 4.5085261214e+02
1.0000000000e+00 0.0000000000e+00 1.2177398565e+04 4.0445331537e+04 7.2322604415e+03 2.7705099266e+04 7.6219067412e+05 6.8911049446e+04 -2.3043973498e+01 2.0055969863e+02 3.7329765731e+00 -1.3463695511e+02 7.3371424178e+02 -1.4474325166e-13 2.0827714346e+02
1.0000000000e+00 0.0000000000e+00 1.5666319594e+04 4.0992563699e+02 7.1474854815e+03 3.1978292101e+04 5.8930773530e+05 5.7198107856e+04 -2.4856543600e+01 -1.6623871885e+01 6.2805604030e+01 -1.5106176394e+02 6.2527175050e+02 -1.2790384830e-13 -1.0382692777e+01
1.0000000000e+00 0.0000000000e+00 1.3450837797e+04 5.5343982077e+03 1.4825664924e+04 1.0318575121e+04 4.0316262247e+05 3.8447359973e+04 -2.5024206067e+01 -3.8312176575e+01 2.9720483288e+01 -9.4963848258e+01 4.7613168021e+02 -1.2014006032e-13 -1.2712000823e+02
1.0000000000e+00 0.0000000000e+00 4.6555374968e+04 1.0158832407e+05 1.5549997181e+04 6.2005605919e+04 6.8503235490e+05 8.5842051546e+04 -6.8917504628e+01 3.1781472852e+02 2.5258581481e+01 -1.6877656338e+02 7.3902464587e+02 -1.4309420114e-13 2.6736144414e+02
1.0000000000e+00 0.0000000000e+00 7.3604354806e+03 5.8668470161e+04 2.5600959735e+03 5.9325838074e+03 3.3225271033e+05 2.9035858784e+04 -1.5813592597e+01 2.4108206561e+02 -8.5887304115e+00 -7.5019751973e+01 3.8207754538e+02 -1.3628720047e-13 3.0859043728e+02
1.0000000000e+00 0.0000000000e+00 7.3556355645e+03 2.1646731767e+04 8.3820581223e+03 6.3364005314e+03 3.3264693597e+05 2.9923196601e+04 -1.6339758661e+01 1.4563631110e+02 -1.1662947444e+01 -6.9095990795e+01 4.3215971922e+02 -1.2493415060e-13 2.0205166889e+02
1.0000000000e+00 0.0000000000e+00 2.2481032073e+04 3.8028124063e+04 8.1850557551e+03 3.6223301503e+04 7.4481637940e+05 7.1885404620e+04 -4.2854593786e+01 1.9039229695e+02 3.1625815877e+01 -1.5937244014e+02 7.2871570199e+02 -1.5544574014e-13 3.1462953902e+02
1.0000000000e+00 0.0000000000e+00 1.6904428922e+04 1.3275762949e+04 1.0491049947e+04 2.0763228429e+04 4.0719224064e+05 4.1955684620e+04 -2.8569277581e+01 -1.1053440391e+02 6.5080028874e+01 -1.2537328398e+02 5.0706638370e+02 -1.1153349935e-13 -1.2222712342e+02
1.0000000000e+00 0.0000000000e+00 2.6038107524e+04 1.1064888158e+05 1.0052686505e+04 2.4918528262e+04 5.9072205056e+05 6.0807046722e+04 -4.7204938475e+01 3.2624101348e+02 -1.4760886341e+00 -1.2921773349e+02 6.3822405122e+02 -1.5075231074e-13 4.0427489642e+02
1.0000000000e+00 0.0000000000e+00 1.1430255975e+04 3.8281419751e+04 7.1137206943e+03 1.4578994395e+04 5.0317552617e+05 4.5396234205e+04 -2.7486642645e+01 1.9494999767e+02 1.9485306605e+00 -1.0994783591e+02 5.8329339311e+02 -1.3333005533e-13 1.9413608242e+02
1.0000000000e+00 0.0000000000e+00 2.4884235085e+04 2.3889061589e+04 8.5624352712e+03 4.3837241828e+04 7.2438992993e+05 7.3417624886e+04 -4.5633174845e+01 1.5417240617e+02 4.0502714606e+01 -1.6464064319e+02 7.3388025974e+02 -1.4604351525e-13 1.8307015717e+02
1.0000000000e+00 0.0000000000e+00 5.3573438792e+04 4.5120585241e+04 4.5189288012e+04 4.9332922003e+04 7.9847500025e+05 9.7725259636e+04 -6.5758173450e+01 2.1086216255e+02 2.1776205324e+01 -1.5790119433e+02 7.6689704244e+02 -1.6381620149e-13 2.4316832867e+02
1.0000000000e+00 0.0000000000e+00 6.1376067361e+04 1.7157806371e+05 6.8629326245e+03 1.2445233246e+05 1.7274483146e+06 1.8390957101e+05 -6.6939557600e+01 3.9889112655e+02 5.1058231351e+01 -2.6861515675e+02 1.1852439923e+03 -2.0566496957e-13 6.4773520646e+02
1.0000000000e+00 0.0000000000e+00 1.7460115591e+03 1.5147914982e+03 6.8809005288e+02 7.2575223036e+03 2.2916043324e+05 1.9066533914e+04 -4.5525668226e+00 5.0182445034e+00 2.0582333669e+01 -7.0990187892e+01 3.4165542825e+02 -9.6552066499e-14 -9.5290711591e+01
1.0000000000e+00 0.0000000000e+00 1.9849206361e+04 3.1556920273e+04 7.4204979810e+03 2.6317378166e+04 4.5819889750e+05 4.7478602380e+04 -4.3226800606e+01 1.7065016513e+02 2.4861298859e+01 -1.2642436825e+02 5.6508378572e+02 -1.2132342208e-13 1.0124822323e+02
1.0000000000e+00 0.0000000000e+00 7.3526718675e+03 1.0973689995e+04 1.0193152204e+03 1.7755552527e+04 4.5106698672e+05 3.9349650633e+04 -1.9443908892e+01 1.0429593474e+02 2.4782287227e+01 -1.1223963591e+02 5.1903279276e+02 -1.2970461771e-13 1.2436337834e+02
1.0000000000e+00 0.0000000000e+00 5.0258179846e+04 5.5999180463e+04 1.7186454898e+04 7.5219561679e+04 1.0904421336e+06 1.1753494989e+05 -6.6122856422e+01 2.3532686816e+02 5.7088511824e+01 -2.1670380698e+02 9.1790390367e+02 -1.6776374173e-13 2.2098880229e+02
1.0000000000e+00 0.0000000000e+00 1.2816315282e+04 4.0669514515e+04 9.7989402535e+03 8.8574197178e+03 2.9653439402e+05 3.0186135636e+04 -3.1263540128e+01 2.0151811819e+02 -7.8706982050e+00 -7.5572553098e+01 4.1029269807e+02 -1.2280140937e-13 2.5788650779e+02
1.0000000000e+00 0.0000000000e+00 2.7760293114e+04 2.1103619307e+05 8.9365880910e+03 2.4929056780e+04 8.0316863028e+05 7.9586097886e+04 -3.6454577883e+01 4.5242561835e+02 -2.5196862400e+01 -1.3297356098e+02 7.2269371406e+02 -1.7677019714e-13 6.0682585334e+02
1.0000000000e+00 0.0000000000e+00 9.3219229711e+03 7.3236553589e+04 1.6459247148e+03 7.7579416252e+03 2.4525658055e+05 2.4336557525e+04 -2.2955430087e+01 2.6237506656e+02 -8.0946842846e+00 -7.9291976870e+01 3.9197127802e+02 -1.2113777423e-13 4.1368809505e+02
1.0000000000e+00 0.0000000000e+00 9.1231269967e+03 6.5741870942e+04 4.9031511480e+03 9.7181988422e+03 2.9268574570e+05 2.9446384497e+04 -4.5845639584e+00 2.5441464482e+02 -2.4655804403e+01 -5.9472578375e+01 3.7072611373e+02 -1.2519943970e-13 3.5442790247e+02
1.0000000000e+00 0.0000000000e+00 1.1165381580e+04 3.4035419860e+03 8.0715793506e+03 1.6499182007e+04 4.1887012257e+05 3.9281607283e+04 -2.7991678034e+01 5.7458592720e+01 2.6868407882e+01 -1.0975773673e+02 5.2342717683e+02 -1.2245192456e-13 5.4799543469e+01
1.0000000000e+00 0.0000000000e+00 1.0839756272e+05 3.4578812040e+05 9.8766378799e+04 5.8485105137e+04 7.7278647140e+05 1.3810680368e+05 -8.9081143366e+01 5.8798910386e+02 -5.4319093000e+01 -1.2579743952e+02 7.6138919044e+02 -1.7726145402e-13 6.2419903636e+02
1.0000000000e+00 0.0000000000e+00 1.2124215691e+04 5.8876842747e+03 5.3423116049e+03 1.9388128294e+04 4.0711827803e+05 3.8743866428e+04 -3.1146972630e+01 6.8609411542e+01 3.3986082778e+01 -1.1353722892e+02 4.9501561177e+02 -1.2213827587e-13 4.3682840362e+01
1.0000000000e+00 0.0000000000e+00 6.1946832160e+03 2.0282990574e+04 5.4580885282e+03 6.0047669166e+03 2.3513585802e+05 2.1886736330e+04 -8.6220411571e+00 -1.3621365125e+02 4.3544516581e+01 -7.4542169381e+01 3.2224573689e+02 -1.0009628945e-13 -1.3082314759e+02
1.0000000000e+00 0.0000000000e+00 1.1543048150e+04 3.0399124997e+03 7.7075103275e+03 1.5839014366e+04 3.3295647080e+05 3.3029639321e+04 -2.9976560261e+01 5.2532314825e+01 2.8229436499e+01 -1.0371900306e+02 4.7772926550e+02 -1.0739738909e-13 1.6342051208e+01
1.0000000000e+00 0.0000000000e+00 1.9410189762e+04 8.2557129617e+04 7.7956725047e+03 1.7951628866e+04 4.1598122059e+05 4.3541014958e+04 -4.0633348991e+01 2.8587876102e+02 -2.6193409589e+00 -1.0585713388e+02 5.1818699913e+02 -1.3284740564e-13 2.8475877706e+02
1.0000000000e+00 0.0000000000e+00 4.6773821144e+04 1.8276487003e+05 2.1950125812e+04 4.1252277094e+04 6.8304883279e+05 8.3099284738e+04 -6.4685855242e+01 4.2704686504e+02 -8.0361320938e+00 -1.4374965198e+02 7.0382021306e+02 -1.5257856478e-13 3.4653041803e+02
1.0000000000e+00 0.0000000000e+00 1.7067727457e+04 7.6463057736e+03 1.0021297207e+04 3.1417162850e+04 5.2432594976e+05 5.4170580721e+04 -1.4452420470e+01 -8.6920620964e+01 7.7253671335e+01 -1.5109909523e+02 5.8462703217e+02 -1.1979065929e-13 -7.6077847603e+01
1.0000000000e+00 0.0000000000e+00 3.7557847805e+04 1.9681839860e+05 2.7613862259e+04 1.8165452142e+04 6.0238698141e+05 7.0371324512e+04 -4.8781279242e+01 4.4256964462e+02 -3.8737480919e+01 -1.0693324260e+02 6.4166058513e+02 -1.5723279740e-13 4.5845240045e+02
1.0000000000e+00 0.0000000000e+00 1.0458245297e+04 4.8399146960e+02 3.8770918889e+03 2.3454080401e+04 4.5038213371e+05 4.2593367249e+04 -2.1444535508e+01 1.8249667193e+01 4.7753741006e+01 -1.3046277732e+02 5.5760623771e+02 -1.1273304377e-13 -3.1198491429e+01
1.0000000000e+00 0.0000000000e+00 1.0470599798e+03 3.6360717482e+03 1.0780138177e+03 6.3570972796e+03 2.4695958353e+05 2.0129574078e+04 9.1220609518e-01 -4.3269702121e+01 1.9440060307e+01 -5.9101121961e+01 3.0456441950e+02 -9.8941508866e-14 -1.4253401863e+02
1.0000000000e+00 0.0000000000e+00 2.1312123859e+04 7.1013703056e+04 1.7563487328e+04 1.6560245717e+04 4.9325940653e+05 5.1749235047e+04 -3.7947968781e+01 2.6572386471e+02 -1.2625793381e+01 -1.0414424990e+02 5.8563008067e+02 -1.3970343590e-13 2.7856968031e+02
1.0000000000e+00 0.0000000000e+00 1.8265799602e+04 3.5753915668e+04 2.9106689040e+03 2.9976993773e+04 5.7146290192e+05 5.5015025205e+04 -3.8222506644e+01 1.8880837058e+02 2.9714027485e+01 -1.4275625036e+02 6.3042390937e+02 -1.3999145837e-13 2.0605930725e+02
1.0000000000e+00 0.0000000000e+00 1.5265972165e+04 4.2602981025e+03 7.2185038535e+03 3.2367717817e+04 5.9342980211e+05 5.7872548596e+04 -3.1653297221e+01 6.1384945470e+01 3.7085416721e+01 -1.4060462522e+02 6.6243805929e+02 -1.3027122581e-13 1.2979357208e+02
1.0000000000e+00 0.0000000000e+00 5.2052994875e+04 2.2902634713e+05 2.9426996941e+04 3.9818170259e+04 5.6570164372e+05 8.0069892099e+04 -6.5636524579e+01 4.7026144859e+02 -2.3645987145e+01 -1.2740439694e+02 6.6219354562e+02 -1.6441325816e-13 7.1815326440e+02
1.0000000000e+00 0.0000000000e+00 7.0223312059e+03 1.6259306513e+04 1.4658753489e+03 1.3016767789e+04 3.9396141714e+05 3.3819947737e+04 -2.1903373927e+01 1.2638876224e+02 2.0672037166e+01 -1.0755881050e+02 4.9765739282e+02 -1.2516213244e-13 1.6818973524e+02
1.0000000000e+00 0.0000000000e+00 5.5313737273e+04 3.1036031754e+05 2.2172910965e+04 4.9828588452e+04 1.0771994667e+06 1.1989619380e+05 -6.4807709038e+01 5.4561773253e+02 -2.0752890589e+01 -1.7417197475e+02 9.0264016589e+02 -1.9340989261e-13 7.8032928728e+02
1.0000000000e+00 0.0000000000e+00 3.2793966417e+04 2.2899245364e+05 1.9426740580e+04 1.7031521017e+04 5.2225783659e+05 6.2531494305e+04 -4.0239405172e+01 4.7496422919e+02 -4.4305407597e+01 -1.0113664700e+02 6.1454922358e+02 -1.5003110329e-13 5.6565383596e+02
1.0000000000e+00 0.0000000000e+00 6.2090364428e+04 3.2271725970e+05 3.8890245783e+04 3.6499776352e+04 7.3037035926e+05 9.8359452549e+04 -6.7992242443e+01 5.6472628466e+02 -4.2305698707e+01 -1.3301538414e+02 7.5002872915e+02 -1.7430009175e-13 7.3037023356e+02
1.0000000000e+00 0.0000000000e+00 2.2742026884e+05 1.1602247132e+06 1.5155712576e+05 1.3357656765e+05 1.6590572546e+06 2.9472118195e+05 -1.3127179753e+02 1.0683410677e+03 -9.2701069322e+01 -2.0534908307e+02 1.1888955237e+03 -2.4034761635e-13 1.3193975511e+03
1.0000000000e+00 0.0000000000e+00 1.9766273212e+04 1.5485690093e+05 1.3632937498e+04 1.8226214617e+04 7.6967664593e+05 7.3547752789e+04 -1.8804171373e+01 3.9122928734e+02 -4.4119468625e+01 -1.0095547653e+02 6.7372965221e+02 -1.6457401535e-13 3.3170725159e+02
1.0000000000e+00 0.0000000000e+00 2.5468118217e+04 1.2074763345e+04 2.2169145387e+04 2.6937062913e+04 6.7720509311e+05 6.7883179348e+04 -4.2421630589e+01 5.5835558325e+01 3.2875015006e+01 -1.3918902138e+02 6.8398839293e+02 -1.2850737242e-13 -1.7946121486e+02
1.0000000000e+00 0.0000000000e+00 8.5207549690e+04 2.0058999083e+05 7.3559268324e+04 5.5686709583e+04 7.1670019900e+05 1.1501943969e+05 -8.2961460949e+01 4.4576186420e+02 -2.4598361622e+01 -1.3726008217e+02 7.5257731518e+02 -1.6027592970e-13 5.2233799209e+02
1.0000000000e+00 0.0000000000e+00 7.7564957849e+04 6.1456768480e+04 4.4213104426e+04 1.0535040409e+05 1.1158893548e+06 1.4479196976e+05 -5.4238671874e+01 -2.3550120573e+02 1.5271528844e+02 -2.5861673793e+02 9.3309660974e+02 -1.3806303730e-13 -3.5104245839e+02
1.0000000000e+00 0.0000000000e+00 2.7936545823e+04 2.8557440034e+04 2.1869514412e+04 3.1528831852e+04 9.2260180539e+05 8.7151047307e+04 -4.5327221428e+01 1.6206788625e+02 2.3535797061e+01 -1.6008584899e+02 8.0619669658e+02 -1.5675044126e-13 1.1061949006e+02
1.0000000000e+00 0.0000000000e+00 8.3435296801e+04 1.4811123662e+05 4.6061606778e+04 8.9804290884e+04 1.0198910142e+06 1.3638928853e+05 -9.1714892075e+01 3.8362465845e+02 2.0489636931e+01 -1.9318488905e+02 8.8528067407e+02 -1.7113097098e-13 3.0165649409e+02
1.0000000000e+00 0.0000000000e+00 4.7601040185e+04 1.6914695164e+05 4.0557689721e+04 2.3655861303e+04 6.6445962074e+05 8.1239906168e+04 -5.8542054003e+01 4.0707591548e+02 -3.1823119863e+01 -1.1191183213e+02 6.5692239792e+02 -1.7632501985e-13 6.2011812275e+02
1.0000000000e+00 0.0000000000e+00 1.0937541326e+04 2.7391516077e+04 3.9579416767e+03 1.2758255374e+04 3.7360086314e+05 3.3958634177e+04 -3.0552325902e+01 1.6374174772e+02 1.1430440860e+01 -9.5537714049e+01 4.4859740729e+02 -1.2737022614e-13 1.4540557929e+02
1.0000000000e+00 0.0000000000e+00 4.1064292908e+04 1.6241196945e+05 1.0610806966e+04 5.0146198101e+04 7.7331646979e+05 8.7297227903e+04 -6.1142676633e+01 3.9272608866e+02 8.2112780213e+00 -1.6294010401e+02 7.5394704052e+02 -1.7053752191e-13 5.4631624481e+02
1.0000000000e+00 0.0000000000e+00 1.8857485287e+04 8.6449176771e+04 1.0347689342e+04 1.8661806491e+04 6.4908012172e+05 6.0832964799e+04 -3.5366428839e+01 2.8970656185e+02 -6.3953948669e+00 -1.2396370024e+02 6.6130300106e+02 -1.5235144774e-13 3.8003896655e+02
1.0000000000e+00 0.0000000000e+00 5.4053487609e+03 6.2328740719e+03 3.2696648557e+03 1.1764635079e+04 4.4901453138e+05 3.7238163116e+04 -1.5213862881e+01 7.5613626049e+01 1.3999793845e+01 -9.3070898189e+01 4.8036693342e+02 -1.3138565037e-13 4.0657055579e+01
1.0000000000e+00 0.0000000000e+00 2.8337069321e+04 2.3258243257e+04 1.7783533298e+04 3.4130681002e+04 6.2845945004e+05 6.6520100817e+04 -5.0045855255e+01 1.4932978288e+02 2.9812880920e+01 -1.4347946852e+02 6.6369046805e+02 -1.5167204850e-13 2.7906408100e+02
1.0000000000e+00 0.0000000000e+00 6.2596330001e+03 1.4296722266e+04 8.6225052902e+03 3.2838820454e+03 2.1506662953e+05 2.0374528750e+04 -1.0192210176e+01 1.1891529933e+02 -1.9801990050e+01 -4.0950242004e+01 3.1475656617e+02 -1.0873192996e-13 1.3371750773e+02
1.0000000000e+00 0.0000000000e+00 1.1055436453e+05 4.8591093600e+05 6.9612430141e+04 7.7813210567e+04 6.4232420451e+05 1.3243613698e+05 -9.6488542190e+01 6.9209933303e+02 -5.2281484553e+01 -1.3423441221e+02 7.2847410114e+02 -1.7559699861e-13 8.8107173032e+02
1.0000000000e+00 0.0000000000e+00 6.4865679969e+04 1.0389099456e+05 3.0308754713e+04 9.3292127263e+04 1.2974951263e+06 1.4765949227e+05 -7.8034066045e+01 3.2213828090e+02 3.3829331089e+01 -2.2285623807e+02 1.0444878120e+03 -1.7067699816e-13 3.3460762777e+02
1.0000000000e+00 0.0000000000e+00 4.4625269355e+04 8.6105457820e+04 2.5034980778e+04 5.6176386113e+04 5.1982013574e+05 7.5416933833e+04 -3.0492429561e+01 -2.8521406862e+02 1.2938941118e+02 -1.8542659308e+02 6.2710962285e+02 -1.0380351436e-13 -2.4381261634e+02
1.0000000000e+00 0.0000000000e+00 7.0419736158e+03 2.1928995695e+04 3.3237991229e+03 6.2008317914e+03 2.0174013749e+05 1.8890582375e+04 -2.5167435303e+01 1.4388217931e+02 1.2595573885e+00 -5.9409509170e+01 2.8550428282e+02 -1.1254882189e-13 1.3848927076e+02
1.0000000000e+00 0.0000000000e+00 7.1962465773e+04 1.4465220752e+05 4.5164426910e+04 8.1053737619e+04 1.1497151010e+06 1.4060646102e+05 -8.1536976944e+01 3.7958398506e+02 1.2981684583e+01 -1.9826907269e+02 9.7055400437e+02 -1.8028952341e-13 5.1128284370e+02
1.0000000000e+00 0.0000000000e+00 1.4945531868e+04 1.0612626040e+04 3.0803180994e+03 2.7105629901e+04 5.3008243375e+05 4.9762753397e+04 -3.0476037605e+01 9.3507284032e+01 4.7036761570e+01 -1.4289199870e+02 5.9040794881e+02 -1.3576126648e-13 2.1700212167e+02
1.0000000000e+00 0.0000000000e+00 6.8601514035e+04 2.7050003199e+05 4.3905269996e+04 5.2235477937e+04 9.4596702328e+05 1.1955443582e+05 -7.4533298004e+01 5.1747105826e+02 -2.3683160510e+01 -1.6329562605e+02 8.6900271403e+02 -1.8257690948e-13 6.7827257592e+02
1.0000000000e+00 0.0000000000e+00 8.8873157932e+04 4.9257755698e+05 5.5098950424e+04 4.9391214260e+04 7.5623942916e+05 1.2131933643e+05 -8.1693487437e+01 6.9550273916e+02 -6.0007461462e+01 -1.3414214642e+02 7.7486834427e+02 -1.8251175813e-13 9.2847140869e+02
1.0000000000e+00 0.0000000000e+00 1.3705672305e+04 9.4288535397e+04 4.2329999464e+03 1.2266996523e+04 4.3320249533e+05 4.1173374287e+04 -2.9229249933e+01 3.0227954172e+02 -1.2371230898e+01 -9.9366387330e+01 5.2498907668e+02 -1.4534717469e-13 4.4325480113e+02
1.0000000000e+00 0.0000000000e+00 7.6320468888e+03 1.9984589433e+04 5.3395795183e+03 7.5165080125e+03 2.6498448776e+05 2.4512077496e+04 -2.2799568378e+01 1.3974388372e+02 2.6787683626e+00 -7.4039510425e+01 3.7780897606e+02 -1.1913683473e-13 9.9379999327e+01
1.0000000000e+00 0.0000000000e+00 3.0399314946e+04 6.4487547755e+04 9.5547722471e+03 4.8877239490e+04 7.5044727117e+05 7.9885502113e+04 -5.1380868181e+01 2.3977726829e+02 3.1788869288e+01 -1.7069978631e+02 7.6749947347e+02 -1.5474981039e-13 3.7964210011e+02
1.0000000000e+00 0.0000000000e+00 9.7939852002e+03 2.9414564316e+04 9.2824999854e+03 6.1065940519e+03 3.0619975575e+05 2.8812911951e+04 -2.4211469332e+01 1.7089597679e+02 -9.9278949552e+00 -7.2066146840e+01 4.2242811897e+02 -1.2244084647e-13 2.2001416605e+02
1.0000000000e+00 0.0000000000e+00 6.0566512691e+03 3.5305694297e+04 2.0179600996e+03 4.9199842851e+03 2.1051684498e+05 1.9000565493e+04 -2.0426911374e+01 1.8647302516e+02 -4.7368237103e+00 -6.4405643022e+01 3.2619837257e+02 -1.1265463689e-13 2.1656747373e+02
1.0000000000e+00 0.0000000000e+00 3.0119060853e+04 6.6607331912e+04 7.3214030097e+03 4.2498631824e+04 8.0295673845e+05 7.9675063603e+04 -4.9719572727e+01 2.5189002403e+02 3.2480204259e+01 -1.7017834924e+02 7.5065353730e+02 -1.5198796281e-13 1.4833370549e+02
1.0000000000e+00 0.0000000000e+00 2.6203809462e+04 2.5012802992e+03 1.9908583001e+04 2.9648726253e+04 5.8758705694e+05 6.1633563845e+04 -4.3108351253e+01 2.2038680008e+00 5.0378698550e+01 -1.4139449739e+02 6.2607798641e+02 -1.3207642953e-13 -1.1550574679e+02
1.0000000000e+00 0.0000000000e+00 1.1536041634e+04 5.5888219438e+04 3.4452801941e+03 1.1453200281e+04 2.9302199166e+05 2.9137594183e+04 -3.0527180628e+01 2.3176521859e+02 -2.2132738910e+00 -8.6454767941e+01 4.2494557662e+02 -1.3061006838e-13 3.5376094763e+02
1.0000000000e+00 0.0000000000e+00 7.9255412791e+03 5.8493981975e+04 1.6366518637e+03 6.5451071941e+03 2.5117048378e+05 2.3452559545e+04 -2.1938883829e+01 2.3273982946e+02 -7.4789660371e+00 -6.9901194230e+01 3.4668892577e+02 -1.2282296785e-13 2.9917942576e+02
1.0000000000e+00 0.0000000000e+00 6.8326283785e+04 3.3170116260e+05 4.5926104594e+04 4.0388319917e+04 7.8135637713e+05 1.0702459014e+05 -7.0684141492e+01 5.7356267983e+02 -4.2167669395e+01 -1.3838201297e+02 7.7872420170e+02 -1.7579800692e-13 6.3626743149e+02
1.0000000000e+00 0.0000000000e+00 3.4051137198e+04 8.2982521033e+04 3.0974895354e+04 1.9932817458e+04 4.7304013065e+05 5.8287892268e+04 -4.8850687717e+01 2.8726524639e+02 -1.6152017844e+01 -9.9514865224e+01 5.6126294581e+02 -1.3981233115e-13 2.4440629242e+02
1.0000000000e+00 0.0000000000e+00 7.6051164268e+03 2.9332328886e+04 3.5866325118e+03 1.8365317176e+04 3.6691942621e+05 3.5980614851e+04 -4.9585010269e+00 1.5646523800e+02 1.5636932703e+01 -1.0207872134e+02 4.7096394538e+02 -1.2578678334e-13 3.1713752812e+02
1.0000000000e+00 0.0000000000e+00 5.2797252588e+04 1.8706193800e+05 3.5021516347e+04 3.9889967557e+04 6.8992974665e+05 8.8793541242e+04 -6.6491811764e+01 4.2297134213e+02 -1.7653112898e+01 -1.3414417093e+02 7.0387846535e+02 -1.7086840365e-13 5.3826525207e+02
1.0000000000e+00 0.0000000000e+00 9.6055961290e+03 2.3996224909e+03 4.6600192536e+03 1.4860946792e+04 2.7085498460e+05 2.7065049072e+04 -2.5643570242e+01 3.0800526439e+01 3.4636712278e+01 -9.6852512055e+01 4.0648468975e+02 -1.0175892434e-13 -1.2059002312e+02
1.0000000000e+00 0.0000000000e+00 1.5095315489e+04 1.9702434476e+04 7.7341739237e+03 2.6438669196e+04 4.1619147318e+05 4.4256802793e+04 -1.4751529248e+01 -1.3562206119e+02 7.4962334092e+01 -1.3387329490e+02 5.1932616646e+02 -1.0425243568e-13 -1.9464456546e+02
1.0000000000e+00 0.0000000000e+00 3.1379773289e+05 9.1180504983e+05 1.9377643876e+05 2.9100144305e+05 2.4726593858e+06 4.2653898116e+05 -1.7437928671e+02 9.4698721814e+02 -2.3920853245e+01 -3.0084136731e+02 1.4793157127e+03 -2.5512650549e-13 1.1671813402e+03
1.0000000000e+00 0.0000000000e+00 2.0315413793e+04 7.9463676082e+02 8.3704550060e+03 3.4867313883e+04 6.0780024337e+05 6.0294510688e+04 -3.4694134719e+01 1.5705927697e+01 6.1478691444e+01 -1.5629038398e+02 6.4514833119e+02 -1.3428275356e-13 7.7973944686e+01
1.0000000000e+00 0.0000000000e+00 8.5916129571e+04 1.0285053062e+05 5.1345368679e+04 1.0040117064e+05 9.6994783112e+05 1.3786048127e+05 -9.3343867931e+01 3.2053480967e+02 3.2083700021e+01 -1.9722060900e+02 8.8450810846e+02 -1.6760205679e-13 3.3274947188e+02
1.0000000000e+00 0.0000000000e+00 7.0993341373e+03 5.1315980181e+04 2.7943783749e+03 5.7133796285e+03 2.4312740228e+05 2.2679460431e+04 -1.7948034797e+01 2.2531813512e+02 -1.2979860117e+01 -6.6004366761e+01 3.6120635537e+02 -1.1485209000e-13 1.7478585230e+02
1.0000000000e+00 0.0000000000e+00 4.6028315156e+04 1.7286184249e+05 2.7470527021e+04 3.7192665069e+04 7.9394463789e+05 9.0612240629e+04 -6.0624094928e+01 4.1560957074e+02 -1.1577418976e+01 -1.4921097734e+02 7.7164611121e+02 -1.5826830582e-13 4.3827928595e+02
1.0000000000e+00 0.0000000000e+00 4.3699000344e+04 9.4677075121e+04 3.1298231650e+04 4.7190993699e+04 5.1809732337e+05 7.4362058306e+04 -2.5496902503e+01 -3.0364382980e+02 1.2583786997e+02 -1.7840650898e+02 6.1623243266e+02 -1.0145934355e-13 -3.8729464748e+02
1.0000000000e+00 0.0000000000e+00 1.7223903822e+04 3.9110750955e+03 1.2846714292e+04 1.8135274783e+04 3.7098679955e+05 3.8884406122e+04 -3.7191882398e+01 5.8328362636e+01 3.0341969609e+01 -1.0325735515e+02 4.5682262015e+02 -1.2727318922e-13 3.1649739647e+01
1.0000000000e+00 0.0000000000e+00 1.4271243912e+05 5.0741903342e+05 1.0495380626e+05 1.0607410499e+05 1.1184725734e+06 1.9353997343e+05 -1.1041680034e+02 7.0905936426e+02 -4.5638897079e+01 -1.7962704271e+02 9.7859811900e+02 -1.9444327218e-13 8.5137188742e+02
1.0000000000e+00 0.0000000000e+00 1.3978294628e+03 5.2963923812e+03 4.4610930296e+02 6.5046223502e+03 3.0534800288e+05 2.3933198344e+04 -5.9666224397e+00 6.9065196180e+01 8.9190622436e+00 -7.0587099340e+01 3.6658962366e+02 -1.2003956641e-13 1.1744369758e+02
1.0000000000e+00 0.0000000000e+00 2.2100389589e+04 3.8410246669e+04 2.7472894539e+04 1.2317668301e+04 6.2013643689e+05 6.1023347764e+04 -2.9915073917e+01 1.6488889712e+02 -8.6322531621e+00 -1.0334224017e+02 6.2881039051e+02 -1.3292257765e-13 -4.1374490912e+01
1.0000000000e+00 0.0000000000e+00 1.0298815012e+04 9.1592572894e+03 7.1727790664e+03 1.1209043308e+04 3.5974497713e+05 3.2810047484e+04 -2.8470533944e+01 8.2962319046e+01 1.8643464374e+01 -9.5073976479e+01 4.5866577437e+02 -1.1513361861e-13 -8.2124110885e+01
1.0000000000e+00 0.0000000000e+00 5.8513393280e+03 1.4956328273e+03 4.9945483289e+03 5.2649877783e+03 1.7376420809e+05 1.6295116408e+04 -2.0142740544e+01 2.5055835130e+01 1.6211037624e+01 -6.1357785863e+01 2.9017558862e+02 -9.4249008211e-14 -8.1596435845e+01
1.0000000000e+00 0.0000000000e+00 3.6144364229e+03 1.5908370876e+04 2.4155946114e+03 9.1765782498e+03 2.9486538892e+05 2.5810367067e+04 -1.0107359490e+00 1.2335577659e+02 3.1698033035e+00 -7.0574150859e+01 3.6341838503e+02 -1.0984375402e-13 1.6120753977e+01
1.0000000000e+00 0.0000000000e+00 1.0143890807e+04 9.9785664615e+04 1.6906544743e+03 1.3624992238e+04 4.7054280528e+05 4.3474918451e+04 -1.5915347040e+01 3.0170606118e+02 -1.4864185096e+01 -9.8337517467e+01 5.3447185811e+02 -1.4501171138e-13 4.1785981339e+02
1.0000000000e+00 0.0000000000e+00 1.1404378886e+04 1.6920918624e+04 4.2189525093e+03 1.7344796696e+04 3.8935830442e+05 3.6686949133e+04 -3.1447162220e+01 1.2956145716e+02 2.0035512172e+01 -1.0793079879e+02 5.0190428124e+02 -1.2525559795e-13 1.5956852148e+02
1.0000000000e+00 0.0000000000e+00 1.2168168985e+04 1.0357491939e+04 7.7708422970e+03 1.6887997296e+04 4.3658786190e+05 4.0863493159e+04 -3.0808865726e+01 1.0006870018e+02 2.1578855675e+01 -1.1283016105e+02 5.4664381715e+02 -1.2363119461e-13 6.6790460888e+01
1.0000000000e+00 0.0000000000e+00 2.7802856981e+04 9.2568097730e+04 2.7462063670e+04 1.0883828807e+04 4.2607447639e+05 4.9997085753e+04 -4.1302929660e+01 3.0341473903e+02 -2.8966206939e+01 -8.1184287957e+01 5.0827823642e+02 -1.3731349217e-13 2.7160182039e+02
1.0000000000e+00 0.0000000000e+00 1.1614117340e+03 2.0553460460e+03 6.4672131703e+02 3.5774161451e+03 1.9347807941e+05 1.5011378662e+04 -4.6329375507e+00 4.1377010250e+01 1.1995940554e+01 -5.5149565479e+01 2.6344882945e+02 -1.0593815029e-13 8.3413320358e+01
1.0000000000e+00 0.0000000000e+00 1.3228861225e+05 5.3159448092e+05 9.4710141935e+04 8.9180262110e+04 1.4555269986e+06 2.0535111392e+05 -1.0197641692e+02 7.2469526685e+02 -4.6487237736e+01 -1.9808367346e+02 1.0966177867e+03 -2.1131784788e-13 9.1463626738e+02
1.0000000000e+00 0.0000000000e+00 4.4710261403e+04 9.3048188565e+04 2.1883647157e+04 5.4146578372e+04 6.7199546446e+05 8.3719316073e+04 -6.7199947827e+01 3.0477051766e+02 1.4335161699e+01 -1.5567174946e+02 7.3052714334e+02 -1.5132831676e-13 3.5846293948e+02
1.0000000000e+00 0.0000000000e+00 2.7246437763e+04 2.0475018760e+05 1.0445197814e+04 1.6925246500e+04 4.0058187052e+05 4.9228444312e+04 -4.1330593394e+01 4.3579249746e+02 -3.1011473036e+01 -9.6283719044e+01 5.2553102334e+02 -1.5998240777e-13 7.9235156816e+02
1.0000000000e+00 0.0000000000e+00 1.5933728781e+04 1.3926397998e+04 6.2600207208e+03 2.5059462133e+04 4.4324941664e+05 4.4531817299e+04 -3.7290378618e+01 1.1754132713e+02 3.0883182550e+01 -1.2809259794e+02 5.7676687434e+02 -1.2652380886e-13 1.8709163088e+02
1.0000000000e+00 0.0000000000e+00 5.4776607673e+04 2.9982310707e+05 2.0932004457e+04 5.2157356017e+04 8.6426469562e+05 1.0557108702e+05 -6.5115689745e+01 5.4228018150e+02 -1.8534058064e+01 -1.6485730375e+02 8.2825179046e+02 -1.7099599243e-13 6.6813295667e+02
1.0000000000e+00 0.0000000000e+00 1.0313559212e+04 6.8006615725e+03 8.4799064118e+03 1.6130662742e+04 5.3879739083e+05 4.7525313329e+04 -2.5195010280e+01 8.0573410014e+01 2.0041800108e+01 -1.1641139263e+02 5.9491121338e+02 -1.3495456394e-13 7.9129278208e+01
1.0000000000e+00 0.0000000000e+00 5.5005929530e+04 1.4020828226e+05 3.5139194874e+04 4.5564676866e+04 8.2279514400e+05 9.8028812408e+04 -6.7376068688e+01 3.7383323787e+02 -3.3560595194e-01 -1.5450211362e+02 7.6589444308e+02 -1.6595729831e-13 3.0112623558e+02
1.0000000000e+00 0.0000000000e+00 2.9737816640e+03 1.9441519641e+04 1.1154420505e+03 3.1912514155e+03 1.4958567603e+05 1.2946762274e+04 -1.2625715714e+01 1.3742584602e+02 -4.1805394589e+00 -4.9522250858e+01 2.5864855389e+02 -9.4934602234e-14 6.7007914695e+01
1.0000000000e+00 0.0000000000e+00 2.6882006553e+04 6.3040835180e+04 1.6738039754e+04 2.6720852943e+04 4.3474541176e+05 5.1657796655e+04 -4.7764067186e+01 2.4938529351e+02 4.6860522771e+00 -1.1333839128e+02 5.4850326456e+02 -1.3421522458e-13 1.9239955227e+02
1.0000000000e+00 0.0000000000e+00 7.7277253079e+04 2.5312040944e+05 4.4400875758e+04 7.1005038736e+04 1.0745610156e+06 1.3604474712e+05 -8.3718233652e+01 4.9822151783e+02 -8.2243948071e+00 -1.8311147855e+02 9.1730326529e+02 -1.9596500940e-13 7.3654896669e+02
1.0000000000e+00 0.0000000000e+00 1.1918227387e+04 2.6233022515e+03 7.1919072296e+03 1.7037796187e+04 3.2910722043e+05 3.3069930589e+04 -2.1171763280e+01 -4.5274062347e+01 5.8691453502e+01 -1.1623566457e+02 4.3857922169e+02 -1.1307609192e-13 -7.7179228786e+01
1.0000000000e+00 0.0000000000e+00 3.2325954659e+04 1.4280413462e+05 8.4415967392e+03 3.3102231830e+04 6.4033540817e+05 6.8740823232e+04 -5.2661643768e+01 3.7327830269e+02 3.4174058247e+00 -1.4147164601e+02 6.5464522450e+02 -1.6016985992e-13 5.6115069522e+02
1.0000000000e+00 0.0000000000e+00 1.3684766729e+04 1.6018823361e+04 5.8271818203e+03 2.2069109801e+04 5.0456485836e+05 4.7220606419e+04 -2.2966525480e+01 -8.7534766541e+01 6.6655667418e+01 -1.3452656158e+02 5.4158773123e+02 -1.1711358044e-13 -2.9388896453e+02
1.0000000000e+00 0.0000000000e+00 1.7988493222e+04 7.8081358560e+03 1.5733396165e+04 1.8816572959e+04 4.8138033033e+05 4.8054701485e+04 -3.2450293610e+01 -5.0390376431e+01 4.4537189698e+01 -1.1726495653e+02 5.3998085323e+02 -1.2241629100e-13 -1.5947887490e+02
1.0000000000e+00 0.0000000000e+00 1.1152245116e+04 1.0610679599e+04 1.9557173020e+03 3.1568710327e+04 5.7442482015e+05 5.4278441141e+04 -1.9022859510e+01 9.7499727301e+01 3.9387074056e+01 -1.4238632187e+02 6.3310062749e+02 -1.3327547667e-13 1.4976620659e+02
1.0000000000e+00 0.0000000000e+00 1.8009841785e+04 2.8164790626e+04 1.0198350436e+04 2.7605204875e+04 5.0006989254e+05 5.1906837404e+04 -2.2623102919e+01 -1.5709587444e+02 7.3881286317e+01 -1.3622079174e+02 5.5783181209e+02 -1.1533071103e-13 -1.9405407651e+02
1.0000000000e+00 0.0000000000e+00 1.7144844225e+04 7.1477446297e+04 9.8240107803e+03 1.4624079353e+04 4.9906501118e+05 4.7950785884e+04 -2.9625748101e+01 2.5399163967e+02 -3.4302712781e+00 -1.0618208982e+02 5.4902330052e+02 -1.5178144868e-13 4.6317142371e+02
1.0000000000e+00 0.0000000000e+00 2.2741751462e+04 8.0492979705e+03 1.3615188779e+04 3.4260127134e+04 6.4784198550e+05 6.5332969430e+04 -4.0602149672e+01 4.9679317039e+01 4.8364194081e+01 -1.5299286933e+02 6.8204493533e+02 -1.2604525146e-13 -1.3326628800e+02
1.0000000000e+00 0.0000000000e+00 1.3537100441e+04 8.6612655146e+03 1.8822560100e+04 5.3227559989e+03 2.9085938945e+05 3.0512556487e+04 -1.3037159118e+01 5.0956673092e+01 -1.5103513722e+01 -3.5336372212e+01 2.9688703010e+02 -1.1763680704e-13 -1.0538313240e+02
1.0000000000e+00 0.0000000000e+00 3.2870674796e+04 9.2860078854e+03 3.1125099572e+04 2.8125840308e+04 6.5061486918e+05 7.0355088815e+04 -4.7871825615e+01 2.4933806487e+01 3.8498696756e+01 -1.3805772776e+02 6.6306844132e+02 -1.3092996856e-13 -1.3364416317e+02
1.0000000000e+00 0.0000000000e+00 8.6392923627e+04 3.5673936771e+05 6.0292416448e+04 5.6993374098e+04 6.7849609430e+05 1.1504657116e+05 -8.2928803551e+01 5.9451601237e+02 -4.3100846241e+01 -1.3404035444e+02 7.4010442748e+02 -1.7101993100e-13 7.3855027592e+02
1.0000000000e+00 0.0000000000e+00 4.6629572931e+04 1.0713831953e+05 2.7245198786e+04 4.7352443751e+04 7.4462981288e+05 8.8540826034e+04 -6.6523526301e+01 3.2508436489e+02 7.3252096453e+00 -1.5338806387e+02 7.4516110120e+02 -1.6292875421e-13 4.0242717217e+02
1.0000000000e+00 0.0000000000e+00 1.1977024435e+04 1.4978855372e+02 3.2077047509e+03 2.0741030472e+04 3.3619835097e+05 3.3381519969e+04 -2.6706015610e+01 4.5995532732e+00 5.1032587112e+01 -1.1778268140e+02 4.6138360136e+02 -1.0901872989e-13 -1.1002703070e+01
1.0000000000e+00 0.0000000000e+00 3.5919091536e+03 1.3766385037e+04 9.7219229276e+02 6.2707064725e+03 2.5139331375e+05 2.0844268522e+04 -1.0711553964e+01 1.1522932609e+02 3.6108219703e+00 -6.5728316451e+01 3.3399072744e+02 -1.1263410689e-13 1.2443318718e+02
1.0000000000e+00 0.0000000000e+00 5.1976507652e+04 4.1061494327e+04 3.7989953647e+04 5.3081028926e+04 9.3446239331e+05 1.0526221297e+05 -6.7331946117e+01 2.0234326425e+02 3.1608695751e+01 -1.7727348483e+02 8.4038307613e+02 -1.6146143990e-13 2.0962349771e+02
1.0000000000e+00 0.0000000000e+00 2.6483913132e+04 1.1574168823e+05 1.5565773295e+04 2.1877146303e+04 5.0665879439e+05 5.6406282990e+04 -4.4556041464e+01 3.3812254828e+02 -1.2627817732e+01 -1.1478602851e+02 6.0393539488e+02 -1.4417308616e-13 3.8607428954e+02
1.0000000000e+00 0.0000000000e+00 3.7584083256e+04 2.5379211911e+03 1.3049355939e+04 7.0295439710e+04 9.9048194695e+05 1.0415678923e+05 -5.0999486450e+01 1.7377776352e+01 8.4022958060e+01 -2.1186786708e+02 8.7307158442e+02 -1.5859778772e-13 5.4435978664e+01
1.0000000000e+00 0.0000000000e+00 1.7751627741e+04 1.4963493439e+04 7.0865088864e+03 2.6224524508e+04 4.6193801604e+05 4.6723220572e+04 -2.7155052821e+01 -9.8898994483e+01 7.6566759001e+01 -1.4238772191e+02 5.3927395405e+02 -1.0885308622e-13 -2.1579935096e+02
1.0000000000e+00 0.0000000000e+00 8.7366471681e+03 2.6077948358e+04 3.7596920838e+03 9.7502149402e+03 2.8660806904e+05 2.6596900947e+04 -2.5956662947e+01 1.5874363778e+02 8.0695683409e+00 -8.5408833958e+01 4.0571837633e+02 -1.1269419078e-13 2.9713751596e+01
1.0000000000e+00 0.0000000000e+00 1.6323180317e+04 1.4207548603e+04 2.4975807660e+03 3.7751944486e+04 6.5159741515e+05 6.2676528412e+04 -2.5993764150e+01 1.0702462074e+02 4.6946942458e+01 -1.5239017138e+02 6.4489696559e+02 -1.5112579387e-13 2.6442519810e+02
1.0000000000e+00 0.0000000000e+00 1.1900536192e+04 9.6171235239e+03 1.0663887223e+04 2.3130785006e+04 6.6296819149e+05 6.0123147706e+04 -1.9353341725e+01 -6.6552232848e+01 4.6207731461e+01 -1.3524417777e+02 6.6203515137e+02 -1.2946011299e-13 -1.4838076884e+02
1.0000000000e+00 0.0000000000e+00 2.4292495559e+04 8.6676946168e+04 1.7149354962e+04 1.6502928341e+04 3.9972991477e+05 4.6028926573e+04 -4.4733394841e+01 2.9403371772e+02 -1.4590259743e+01 -9.3982101267e+01 5.0907819665e+02 -1.3280185605e-13 2.6805700880e+02
1.0000000000e+00 0.0000000000e+00 2.0779946411e+05 5.1296345368e+05 1.5928873602e+05 1.6452685083e+05 1.6092753556e+06 2.7667979969e+05 -1.3634728610e+02 7.1538043293e+02 -2.7954720004e+01 -2.2448336591e+02 1.1621733842e+03 -2.1943714700e-13 8.3389664770e+02
1.0000000000e+00 0.0000000000e+00 1.2376950671e+04 1.6507384333e+04 7.7908957316e+03 1.4890477627e+04 3.8462684743e+05 3.6778262837e+04 -3.1934422435e+01 1.2397596441e+02 1.5689781863e+01 -1.0385178011e+02 5.0644249503e+02 -1.2963290330e-13 2.1988340276e+02
1.0000000000e+00 0.0000000000e+00 3.1154715869e+04 2.3586820036e+04 9.8773356952e+03 4.3630030587e+04 6.0049235199e+05 6.5542508455e+04 -5.5558443171e+01 1.5263355260e+02 4.3124954433e+01 -1.5209081099e+02 6.3383346602e+02 -1.4629247229e-13 1.7576889194e+02
1.0000000000e+00 0.0000000000e+00 5.5926438595e+04 8.2787139753e+04 6.8134262371e+03 1.1998059828e+05 1.6398618386e+06 1.7158249608e+05 -6.2139387401e+01 2.8567163985e+02 6.3120620761e+01 -2.6121103127e+02 1.1414323737e+03 -1.8853954608e-13 3.6115459538e+02
1.0000000000e+00 0.0000000000e+00 1.5258543410e+04 2.0420019992e+04 9.3681723409e+03 2.3447412194e+04 3.5487837910e+05 3.9520204303e+04 -1.8365755568e+01 -1.3268111955e+02 7.0739227867e+01 -1.2375784719e+02 4.7622426202e+02 -1.0075513931e-13 -3.0306439449e+02
1.0000000000e+00 0.0000000000e+00 7.7703434244e+04 2.0284592693e+05 4.6740300864e+04 7.7161937621e+04 8.6394963552e+05 1.2318447620e+05 -8.6480588833e+01 4.4700257414e+02 -9.7668782360e-01 -1.7216523284e+02 8.3493300586e+02 -1.7292778802e-13 5.7569530565e+02
1.0000000000e+00 0.0000000000e+00 9.2228588064e+03 1.7650214145e+04 8.7533808992e+03 1.3891366773e+04 4.7896916202e+05 4.3143357368e+04 -9.6446748477e+00 -1.3147321425e+02 5.5161406853e+01 -1.1282710316e+02 5.0169130096e+02 -1.2361082967e-13 -1.4480829373e+02
1.0000000000e+00 0.0000000000e+00 1.1348169133e+04 9.1607094124e+03 6.2985028655e+03 2.3275664585e+04 4.9293865175e+05 4.6848112082e+04 -1.6988606807e+01 -9.3018083027e+01 6.1487969928e+01 -1.3289662933e+02 5.6778411324e+02 -1.1974926612e-13 -1.2725957947e+02
1.0000000000e+00 0.0000000000e+00 4.7767705732e+04 1.1759473955e+03 2.2030347186e+04 8.6680826235e+04 1.2236034299e+06 1.3104983742e+05 -5.4888772871e+01 -1.0529483682e+01 9.4552768563e+01 -2.3485292418e+02 9.8063765581e+02 -1.5913418237e-13 3.6942334657e+01
1.0000000000e+00 0.0000000000e+00 2.7398400028e+04 3.6898418490e+04 8.5546150618e+03 4.1487702148e+04 6.2425926825e+05 6.6260681264e+04 -5.0152084788e+01 1.8933190180e+02 3.6871361683e+01 -1.5640096813e+02 6.7589845041e+02 -1.4390770175e-13 1.8977113711e+02
1.0000000000e+00 0.0000000000e+00 2.2102052010e+05 8.4777511290e+05 1.6629341973e+05 1.4374700891e+05 1.4080464910e+06 2.7333231716e+05 -1.3417581185e+02 9.1659296474e+02 -7.2748431579e+01 -1.9446625269e+02 1.0994652033e+03 -2.2471375282e-13 1.1074436802e+03
1.0000000000e+00 0.0000000000e+00 1.9912282406e+04 3.1457052592e+04 1.2677136151e+04 2.9226233643e+04 5.8419368879e+05 5.9529413559e+04 -2.7214374663e+01 -1.4590699466e+02 7.3422296260e+01 -1.4771218328e+02 6.2979994481e+02 -1.1957062259e-13 -2.3706935358e+02
1.0000000000e+00 0.0000000000e+00 3.2566232534e+04 1.0638654897e+05 2.4311924906e+04 2.3419932630e+04 4.0401807018e+05 5.3507849732e+04 -5.2172220122e+01 3.2003584124e+02 -1.6545386622e+01 -9.6401322675e+01 5.1874793586e+02 -1.5398910205e-13 5.2450357684e+02
1.0000000000e+00 0.0000000000e+00 3.7352531468e+03 2.8016564398e+04 1.2126897682e+03 4.0526156398e+03 2.0829493070e+05 1.7751163394e+04 -1.2637885237e+01 1.6364904465e+02 -6.6241134144e+00 -5.8087576625e+01 3.1260629412e+02 -1.2126617689e-13 3.2108364736e+02
1.0000000000e+00 0.0000000000e+00 3.2101789216e+03 3.8036761766e+03 1.1375690274e+03 4.6975166239e+03 2.4945195701e+05 1.9580740004e+04 -1.5355928974e+01 5.5600623889e+01 1.5919243178e+01 -6.4586975919e+01 2.9128866920e+02 -1.1490421563e-13 5.8898495908e+01
1.0000000000e+00 0.0000000000e+00 1.6035773519e+04 1.8242547466e+03 6.8002231001e+03 2.6619726657e+04 3.8265641061e+05 4.0796039377e+04 -3.5238538302e+01 3.8341617050e+01 4.7140604096e+01 -1.2522073857e+02 5.1151559887e+02 -1.2422474087e-13 1.0533422108e+02
1.0000000000e+00 0.0000000000e+00 9.1324480732e+03 5.0853713307e+04 4.7010400821e+03 7.1294977132e+03 2.6862958980e+05 2.5834136251e+04 -2.3445723266e+01 2.2400865445e+02 -9.2813492617e+00 -7.1093693740e+01 3.7268011879e+02 -1.2956839991e-13 3.2918776321e+02
1.0000000000e+00 0.0000000000e+00 1.4161502933e+05 5.5977797368e+05 1.0215394988e+05 9.5601100093e+04 1.1143711193e+06 1.8991171227e+05 -1.0790150987e+02 7.4395641760e+02 -5.3994425964e+01 -1.7014906815e+02 9.4276282696e+02 -2.0755266387e-13 8.7370232309e+02
1.0000000000e+00 0.0000000000e+00 3.1495109812e+04 1.5027596495e+05 2.2997129586e+04 1.5561603503e+04 5.2650442875e+05 5.9797329953e+04 -4.3217204110e+01 3.8115632196e+02 -2.9983887081e+01 -1.0062470520e+02 5.8831616740e+02 -1.5469518626e-13 5.2265223381e+02
1.0000000000e+00 0.0000000000e+00 9.7706657956e+03 3.0187002266e+03 4.3628043590e+03 1.9080325188e+04 3.8216007510e+05 3.6361819508e+04 -2.0795699001e+01 -4.1483684097e-01 4.9261503360e+01 -1.2038938362e+02 4.9394798394e+02 -1.2692881224e-13 1.8023080316e+02
1.0000000000e+00 0.0000000000e+00 5.5589621774e+04 5.1204003210e+04 2.5991656568e+04 7.4514236703e+04 8.2262340478e+05 1.0276119864e+05 -7.3515308003e+01 2.2545833517e+02 4.6559627733e+01 -1.9085549434e+02 8.1886783959e+02 -1.5458235356e-13 2.7952680444e+02
1.0000000000e+00 0.0000000000e+00 7.6273806526e+03 3.9329307946e+04 6.6919235676e+03 1.0466161992e+04 3.1542360607e+05 3.0778372614e+04 -1.3758363207e-01 -1.8195381685e+02 3.5158186963e+01 -7.1351983356e+01 3.8819208636e+02 -9.7735462049e-14 -3.2400963983e+02
1.0000000000e+00 0.0000000000e+00 4.0072781075e+04 5.0168867156e+04 1.3988026666e+04 6.2494384921e+04 9.6731272458e+05 1.0183196936e+05 -6.0438032339e+01 2.2382777795e+02 4.2924053035e+01 -1.9510147735e+02 8.7191413470e+02 -1.5887559407e-13 2.5317685777e+02
1.0000000000e+00 0.0000000000e+00 1.1416254818e+05 2.1606619418e+05 5.9363900565e+04 1.3484632679e+05 1.6878719409e+06 2.1078096141e+05 -1.0540221267e+02 4.6482019365e+02 2.8462204050e+01 -2.5527414345e+02 1.1918836442e+03 -2.0015147069e-13 4.7249971070e+02
1.0000000000e+00 0.0000000000e+00 3.6344298857e+04 1.1425666231e+05 1.5643282065e+04 4.5049785848e+04 7.8723351615e+05 8.5715856688e+04 -5.5505388611e+01 3.3683256064e+02 1.0985226653e+01 -1.6059046804e+02 7.6148331129e+02 -1.6177229888e-13 2.7503752653e+02
1.0000000000e+00 0.0000000000e+00 1.0169210557e+05 4.1101911183e+05 6.4662412032e+04 7.6160105035e+04 8.4307716904e+05 1.3935227061e+05 -9.3519093445e+01 6.3883673548e+02 -3.7692729754e+01 -1.5883713351e+02 8.3955058866e+02 -1.7729222909e-13 7.6648541662e+02
1.0000000000e+00 0.0000000000e+00 2.3390500819e+04 8.3806333290e+03 1.2083503090e+04 3.7154207606e+04 8.3385487782e+05 7.8508881031e+04 -3.9910038810e+01 8.3564862148e+01 5.1831870489e+01 -1.7057612144e+02 7.5310710167e+02 -1.6333559569e-13 2.4589318899e+02
1.0000000000e+00 0.0000000000e+00 3.6148186220e+04 3.1256225408e+04 1.6388810181e+04 5.5646366992e+04 7.3196092161e+05 8.3005039112e+04 -3.7657800379e+01 -1.7201372350e+02 1.0574276474e+02 -1.8901336207e+02 7.1951801595e+02 -1.2796718798e-13 -2.1652952443e+02
1.0000000000e+00 0.0000000000e+00 1.4472185448e+05 3.5252511397e+05 1.0120333512e+05 1.2945961028e+05 1.3514282339e+06 2.1050334493e+05 -1.1571778722e+02 5.9357321426e+02 -1.0513823536e+01 -2.1506434427e+02 1.0766599879e+03 -1.9092796714e-13 6.0607891844e+02
1.0000000000e+00 0.0000000000e+00 4.8279811128e+03 6.5516364795e+02 2.3406418498e+03 6.9348261151e+03 2.0090119034e+05 1.7689773586e+04 -1.8158253398e+01 2.4821850235e+00 2.7816961087e+01 -7.2924226487e+01 3.1015457807e+02 -1.0541857595e-13 -3.7066270721e+00
1.0000000000e+00 0.0000000000e+00 7.3813829322e+04 8.0055532575e+04 3.6631173219e+04 9.5673269752e+04 1.1255865082e+06 1.3872001567e+05 -8.4089390506e+01 2.7739539954e+02 4.7783182771e+01 -2.1873675393e+02 9.6026872654e+02 -1.6541758787e-13 1.5746668549e+02
1.0000000000e+00 0.0000000000e+00 1.4404323802e+05 6.2974561309e+05 1.0133006384e+05 9.3928872263e+04 1.0295497720e+06 1.8655677860e+05 -1.0789526110e+02 7.9255900520e+02 -6.3266818257e+01 -1.6494272061e+02 9.3144101253e+02 -1.9188310294e-13 8.2114358399e+02
1.0000000000e+00 0.0000000000e+00 9.1400542007e+04 2.6734564714e+05 4.5015272752e+04 9.9725837524e+04 1.5616482178e+06 1.8276171336e+05 -9.1609422229e+01 5.1676837771e+02 7.1279582142e+00 -2.3061078613e+02 1.1245999782e+03 -1.9651452872e-13 4.7429203481e+02
1.0000000000e+00 0.0000000000e+00 3.0893946260e+04 2.1933436150e+05 1.6794204359e+04 2.5510449716e+04 9.0724632400e+05 9.0647043092e+04 -3.7266404199e+01 4.6437263271e+02 -3.5025129176e+01 -1.3668015367e+02 8.0181753747e+02 -1.7653247510e-13 6.0953057979e+02
1.0000000000e+00 0.0000000000e+00 2.2413974306e+03 1.4655543596e+04 8.7780915230e+02 4.0806173418e+03 1.2625143891e+05 1.1440256353e+04 3.7844540477e+00 -1.1054634521e+02 2.1899716681e+01 -3.5825913878e+01 1.8180597097e+02 -8.4075242236e-14 -1.3703327059e+02
1.0000000000e+00 0.0000000000e+00 3.6342981835e+04 1.4824138762e+05 2.3255668185e+04 2.5223531761e+04 5.2525127533e+05 6.4092806486e+04 -5.2740979027e+01 3.7777224126e+02 -1.8643027305e+01 -1.1383877085e+02 6.0695629869e+02 -1.6102396447e-13 6.2272450958e+02
1.0000000000e+00 0.0000000000e+00 2.7976028894e+04 7.2497572012e+04 2.8645807552e+04 1.1827796306e+04 3.5952847994e+05 4.5465442499e+04 -4.2792403347e+01 2.6818137899e+02 -2.4770320194e+01 -7.7953298239e+01 4.8557929258e+02 -1.3657410564e-13 3.3556527378e+02
1.0000000000e+00 0.0000000000e+00 1.1669382764e+04 1.1767297017e+04 6.9298776284e+03 1.9594748467e+04 3.1645246697e+05 3.3714403021e+04 -1.4468344906e+01 -1.0550405897e+02 6.5330607499e+01 -1.1817932575e+02 4.5339565031e+02 -9.9926719431e-14 -1.4044142384e+02
1.0000000000e+00 0.0000000000e+00 2.2707050286e+04 1.8679738565e+05 9.8529117213e+03 1.3235068270e+04 5.3006597385e+05 5.5125368443e+04 -3.0221308242e+01 4.2170120110e+02 -3.5293953528e+01 -9.8560757108e+01 5.7865170919e+02 -1.5692227356e-13 6.2152286496e+02
1.0000000000e+00 0.0000000000e+00 4.6636062121e+03 1.1391155606e+04 3.4217055264e+03 1.3790679290e+04 4.1008473208e+05 3.5856637364e+04 -3.2686688398e+00 -8.1994767676e+01 4.1989897896e+01 -9.8117997647e+01 4.5082907980e+02 -1.1036773506e-13 -2.6819837856e+02
1.0000000000e+00 0.0000000000e+00 1.0571764291e+05 3.1525590642e+05 6.6971260490e+04 9.7019413440e+04 9.9386685214e+05 1.5518427902e+05 -1.0083916956e+02 5.6084234193e+02 -1.6015816664e+01 -1.7925273966e+02 8.9523849732e+02 -1.8328997052e-13 5.8279389930e+02
1.0000000000e+00 0.0000000000e+00 8.1654588558e+03 3.2170218782e+04 2.0959499775e+03 2.1396009278e+04 5.2806649660e+05 4.7687514966e+04 -1.8723028122e+01 1.7790026190e+02 8.2261423665e+00 -1.1579434392e+02 5.9490504375e+02 -1.3272060836e-13 2.1069724651e+02
1.0000000000e+00 0.0000000000e+00 3.6498416172e+04 5.3650607072e+04 2.7545643018e+04 3.7448047974e+04 8.9207644159e+05 9.1462796957e+04 -5.3429758372e+01 2.2941893619e+02 1.6697515654e+01 -1.6181686472e+02 8.1212343986e+02 -1.6330011581e-13 3.1966167266e+02
1.0000000000e+00 0.0000000000e+00 2.7721341117e+04 5.9297224405e+04 1.6246735331e+04 2.9084934727e+04 3.5563641170e+05 4.7008959307e+04 -5.3171135403e+01 2.4262613721e+02 4.4935761680e+00 -1.0481624516e+02 4.9741444979e+02 -1.3123073077e-13 3.4413416241e+02
1.0000000000e+00 0.0000000000e+00 1.2748573428e+04 1.2541501038e+03 8.3900230107e+03 1.5963359320e+04 3.6273713795e+05 3.5294777282e+04 -2.6136003478e+01 -2.5764706616e+01 4.9034805937e+01 -1.1248050071e+02 4.6087560865e+02 -1.1693659204e-13 -5.8399930550e+01
1.0000000000e+00 0.0000000000e+00 7.9920274910e+03 4.2706760148e+03 4.6292171515e+03 1.0847315826e+04 2.6978346105e+05 2.5257367048e+04 -2.5256800674e+01 6.2824232036e+01 2.2509100615e+01 -8.7101142708e+01 3.9510112734e+02 -1.1290047679e-13 1.2951826391e+02
1.0000000000e+00 0.0000000000e+00 1.3388828616e+04 4.0453165136e+03 6.1980590205e+03 1.7322365069e+04 3.3110951924e+05 3.2975198614e+04 -2.6108261398e+01 -5.8877971101e+01 6.1261667805e+01 -1.1400643085e+02 4.1712515275e+02 -1.1321731641e-13 -9.6905075344e+01
1.0000000000e+00 0.0000000000e+00 2.0842444498e+04 2.5249794018e+02 1.1601197104e+04 2.7138904233e+04 5.9406649414e+05 5.7242027694e+04 -3.8263296125e+01 1.1624788371e+01 5.4703889335e+01 -1.4420794367e+02 6.1034192232e+02 -1.4017433036e-13 4.0244539908e+01
1.0000000000e+00 0.0000000000e+00 1.0899561448e+04 1.4277730457e+04 6.7701652482e+03 1.3294365751e+04 2.9046126757e+05 2.9172662297e+04 -3.0361580684e+01 1.0702926681e+02 1.3116649995e+01 -8.5170112781e+01 4.0980319580e+02 -1.2281871869e-13 3.0036285804e+02
1.0000000000e+00 0.0000000000e+00 2.3244727612e+04 4.5310307148e+04 5.6085299514e+03 3.8264162572e+04 7.3554840471e+05 7.1434450678e+04 -4.3938916251e+01 2.1203045525e+02 3.2409647109e+01 -1.6607158772e+02 7.5281435433e+02 -1.4717974348e-13 2.6840463825e+02
1.0000000000e+00 0.0000000000e+00 1.3694091957e+04 2.1782224074e+04 3.7087736701e+03 2.6440682049e+04 5.2984659290e+05 5.0269711580e+04 -3.2114332019e+01 1.4719255764e+02 2.7150616539e+01 -1.3277664194e+02 6.1037096167e+02 -1.3057528836e-13 1.8873201755e+02
1.0000000000e+00 0.0000000000e+00 3.4091638344e+04 1.0989972941e+05 2.8125864271e+04 1.9607506202e+04 4.7445073730e+05 5.8339140663e+04 -5.1461230183e+01 3.3139137023e+02 -2.1145570903e+01 -9.6223900324e+01 5.3868654282e+02 -1.5052239548e-13 3.4929998281e+02
1.0000000000e+00 0.0000000000e+00 1.1170938144e+05 4.3400667944e+05 8.2488982454e+04 7.2396734946e+04 7.4012382658e+05 1.3954794125e+05 -9.4837634334e+01 6.5746237425e+02 -5.1128275587e+01 -1.3969931528e+02 7.8329997540e+02 -1.7045324692e-13 6.9873050409e+02
1.0000000000e+00 0.0000000000e+00 2.1273236988e+04 1.0465754484e+05 1.5433485686e+04 1.1145246367e+04 2.1584446150e+05 3.1388060297e+04 -3.7678565000e+01 3.2134127833e+02 -3.0675386775e+01 -5.6292936812e+01 3.3870360958e+02 -1.2817198102e-13 4.0788020564e+02
1.0000000000e+00 0.0000000000e+00 3.2151767266e+04 2.8975646504e+05 5.1173759654e+03 4.6507166377e+04 1.0872351565e+06 1.1069760195e+05 -2.8016098864e+01 5.1394608010e+02 -2.0947109646e+01 -1.6964289448e+02 8.9673181599e+02 -1.8717718759e-13 8.2603720711e+02
1.0000000000e+00 0.0000000000e+00 3.8457612934e+04 1.6848489101e+04 2.1355490027e+04 6.0056123207e+04 7.9305495358e+05 9.0536500106e+04 -4.4329193789e+01 -1.0630826399e+02 9.6830903142e+01 -1.9610849573e+02 7.7600804427e+02 -1.2969441672e-13 -2.3243939233e+02
1.0000000000e+00 0.0000000000e+00 7.7683346069e+03 1.5272991628e+04 6.8014281887e+03 6.4658164081e+03 2.9375272339e+05 2.6369000710e+04 -2.2521655969e+01 1.2309179247e+02 1.1453804680e+00 -7.2173117186e+01 3.8733741674e+02 -1.2072356847e-13 1.3050063718e+02
1.0000000000e+00 0.0000000000e+00 2.9099179437e+04 9.3734579480e+04 2.2783338343e+04 1.8989427833e+04 5.5596643341e+05 6.0439564640e+04 -4.6559711196e+01 3.0578748997e+02 -1.3736899250e+01 -1.1389070108e+02 6.2880818451e+02 -1.3930099569e-13 2.6863497996e+02
1.0000000000e+00 0.0000000000e+00 2.1276673744e+05 1.0831984149e+06 9.8891915748e+04 1.7401559023e+05 2.2270516135e+06 3.2469629626e+05 -1.3497491400e+02 1.0306706510e+03 -5.1060790105e+01 -2.6861759217e+02 1.3750714390e+03 -2.5686200785e-13 1.3616189370e+03
1.0000000000e+00 0.0000000000e+00 2.9447111001e+04 2.6077644754e+05 1.0903627176e+04 2.5133884858e+04 7.6353811415e+05 8.0321892714e+04 -2.5566120077e+01 5.0217086743e+02 -3.7709189398e+01 -1.2473957903e+02 7.1094237845e+02 -1.7132769600e-13 6.9740347850e+02
1.0000000000e+00 0.0000000000e+00 1.8641842936e+04 3.4927465541e+04 1.9411571275e+04 1.6096442752e+04 6.5464689822e+05 6.1405792536e+04 -2.6776402503e+01 -4.9334649606e+01 3.3405679242e+01 -1.1964709175e+02 6.2656418849e+02 -1.1528015313e-13 -4.7268748297e+02
1.0000000000e+00 0.0000000000e+00 2.4402247256e+03 3.5393074519e+03 1.8466322488e+03 3.9160537716e+03 1.7070060969e+05 1.4223179696e+04 -3.1220719123e+00 1.1390570474e+01 1.2962248054e+01 -4.7050269080e+01 2.2486039036e+02 -8.7488443062e-14 -1.4400513342e+02
1.0000000000e+00 0.0000000000e+00 2.6425068188e+04 1.4629555839e+05 8.8019480956e+03 2.7357885613e+04 6.1999532367e+05 6.5103327856e+04 -4.3573353843e+01 3.7619834436e+02 -6.8259880362e+00 -1.3317250962e+02 6.6235533385e+02 -1.6143713456e-13 5.6677450551e+02
1.0000000000e+00 0.0000000000e+00 9.4499800022e+03 4.7698924685e+03 8.8213474245e+03 1.4643022702e+04 4.9097913250e+05 4.3683114510e+04 -2.0412330773e+01 4.9879312404e-01 3.0447057916e+01 -1.1021461144e+02 5.4545824339e+02 -1.1957179349e-13 -2.2553940230e+02
1.0000000000e+00 0.0000000000e+00 1.3898820904e+04 1.5986666938e+04 7.8550779373e+03 1.4685068911e+04 3.5766224858e+05 3.4873659641e+04 -3.4457684671e+01 1.2597472282e+02 1.9896535271e+01 -9.9274834274e+01 4.4723948533e+02 -1.2471444743e-13 1.2586826342e+02
1.0000000000e+00 0.0000000000e+00 6.8641667729e+04 1.2759441161e+05 2.8588411148e+04 9.1804089897e+04 1.6136500576e+06 1.6868211647e+05 -7.9638945218e+01 3.5703443431e+02 3.7593719167e+01 -2.3987694737e+02 1.1091229796e+03 -1.9493434127e-13 3.4985231218e+02
1.0000000000e+00 0.0000000000e+00 1.0914777148e+05 1.1464783921e+05 5.8619616902e+04 1.4975908441e+05 1.2939242316e+06 1.8568929387e+05 -6.4215375748e+01 -3.2729180869e+02 1.8534146215e+02 -2.9471088226e+02 1.0341615754e+03 -1.3324285212e-13 -4.3944690167e+02
1.0000000000e+00 0.0000000000e+00 4.0238585386e+04 1.6641098113e+05 3.2470763257e+04 2.0679666466e+04 5.5497975126e+05 6.8909043200e+04 -5.1413841854e+01 4.0667297299e+02 -3.2819640869e+01 -1.0661430417e+02 6.2799067510e+02 -1.4798745089e-13 3.8874652970e+02
1.0000000000e+00 0.0000000000e+00 3.4743297396e+04 6.8054133602e+04 2.8593668387e+04 2.7133387381e+04 3.4513633876e+05 5.1176068396e+04 -5.5997865377e+01 2.6024272755e+02 -7.5609451415e+00 -9.0579949946e+01 4.6600741837e+02 -1.3449875130e-13 3.0426106810e+02
1.0000000000e+00 0.0000000000e+00 3.7690284362e+04 9.2360026882e+04 2.6377668081e+04 2.9652254561e+04 5.3672563807e+05 6.5448451478e+04 -5.7358680064e+01 3.0050626471e+02 -3.5093306613e+00 -1.2221469718e+02 6.2310337288e+02 -1.4961016006e-13 3.8678685842e+02
1.0000000000e+00 0.0000000000e+00 2.6020838928e+04 2.0477375508e+04 9.7222452907e+03 3.8216693436e+04 5.2316782038e+05 5.7673182640e+04 -5.0747456804e+01 1.4214979068e+02 3.4882191703e+01 -1.3609979751e+02 5.8686779507e+02 -1.3713192414e-13 1.7973183454e+02
1.0000000000e+00 0.0000000000e+00 7.0678127150e+03 9.1083379356e+02 2.8178583681e+03 9.9352988460e+03 2.7203905460e+05 2.4049610957e+04 -1.6642103468e+01 -2.6156561848e+01 4.4221142266e+01 -8.3208722230e+01 2.9522287557e+02 -1.1472920839e-13 4.9454742318e+00
1.0000000000e+00 0.0000000000e+00 5.5053299213e+03 1.3473456897e+04 9.6690629364e+02 1.0412700020e+04 2.9270168284e+05 2.5478823553e+04 -1.9211064520e+01 1.1419505089e+02 1.1662060264e+01 -8.2750217610e+01 3.9758649269e+02 -1.1803828602e-13 1.2360709166e+02
1.0000000000e+00 0.0000000000e+00 2.6952095140e+04 4.5804987286e+04 1.5638659071e+04 4.3086536581e+04 6.2357841941e+05 7.0432303780e+04 -2.2379995228e+01 -1.6954085849e+02 9.5642038165e+01 -1.7102926128e+02 6.6153100794e+02 -1.0366735341e-13 -4.7601607178e+02
1.0000000000e+00 0.0000000000e+00 9.2847615004e+03 3.5257710583e+04 9.3011039199e+03 9.2681656432e+03 4.6702179174e+05 4.1356438353e+04 -1.8869282328e+01 1.8453275408e+02 -1.3019760058e+01 -8.6410310579e+01 5.2864961638e+02 -1.3544658339e-13 2.5106066152e+02
1.0000000000e+00 0.0000000000e+00 2.2289356689e+04 1.9298429734e+04 8.9064284534e+03 4.5482271387e+04 7.9535404462e+05 7.8855680285e+04 -2.6031402357e+01 -1.2602021830e+02 8.4206772893e+01 -1.7789466734e+02 7.4896752247e+02 -1.2813910965e-13 -1.4858487650e+02
1.0000000000e+00 0.0000000000e+00 6.1325655808e+04 1.7128679905e+05 3.8882900744e+04 6.1519270687e+04 8.7191500793e+05 1.1169836909e+05 -7.3804356503e+01 4.1338795243e+02 -2.7903232406e+00 -1.6769959215e+02 8.4125956106e+02 -1.6509197375e-13 4.7973847650e+02
1.0000000000e+00 0.0000000000e+00 1.0282574569e+05 3.6890128462e+05 7.5659962854e+04 1.1394771897e+05 1.1430357024e+06 1.7927152523e+05 -1.3056634790e+01 -5.9765468090e+02 2.0380527063e+02 -2.6717889202e+02 9.2958748380e+02 -1.1519955865e-13 -7.2919606090e+02
1.0000000000e+00 0.0000000000e+00 7.5090722147e+04 2.2722474076e+05 3.7209549688e+04 8.2145218559e+04 1.2231005058e+06 1.4669167811e+05 -8.2687048896e+01 4.7135098950e+02 6.9845979369e+00 -2.0856519578e+02 1.0107133443e+03 -1.9007180580e-13 6.7405691038e+02
1.0000000000e+00 0.0000000000e+00 8.1606766744e+03 6.8915306113e+03 5.6746307197e+03 1.8198934857e+04 2.6010559308e+05 2.8511039903e+04 -8.1316030826e-01 -7.5757298187e+01 4.7854180349e+01 -9.3850711166e+01 3.7996661666e+02 -1.0017916334e-13 -1.4416993371e+02
1.0000000000e+00 0.0000000000e+00 9.2214656452e+03 7.3698782471e+03 3.2585892467e+03 1.6319153515e+04 3.0960083076e+05 2.9972208762e+04 -2.7043607550e+01 8.5235597954e+01 2.7943410651e+01 -1.0327506299e+02 4.5252340967e+02 -1.1460895474e-13 1.1493665785e+02
1.0000000000e+00 0.0000000000e+00 2.6042628544e+04 1.3981912262e+05 1.1081936489e+04 2.0192207277e+04 5.2303187493e+05 5.6003870715e+04 -4.3940947348e+01 3.7030321477e+02 -1.4244600861e+01 -1.1627774092e+02 6.0065644250e+02 -1.4881320196e-13 3.8191696790e+02
1.0000000000e+00 0.0000000000e+00 1.7205217358e+04 3.2814189555e+04 9.2426829944e+03 1.6409775875e+04 3.2554654524e+05 3.4924120413e+04 -4.0612419195e+01 1.7951715620e+02 8.6744959727e+00 -9.1992599849e+01 4.3082393840e+02 -1.2554185985e-13 2.3090072931e+02
1.0000000000e+00 0.0000000000e+00 9.6958819002e+04 2.7731409760e+04 5.8357149307e+04 1.2759955036e+05 1.4889491279e+06 1.8437334108e+05 -8.0837300246e+01 -1.4268106000e+02 1.3094589845e+02 -2.7148730457e+02 1.0908781641e+03 -1.5795631643e-13 -2.1934000687e+02
1.0000000000e+00 0.0000000000e+00 1.2852550558e+04 2.0993170673e+04 1.1043842621e+04 1.3835614532e+04 3.2054740474e+05 3.3615530819e+04 -6.4513672738e+00 -1.3415701714e+02 7.0767107823e+01 -1.0810990426e+02 3.7193063751e+02 -1.0931420753e-13 -2.3886278287e+02
1.0000000000e+00 0.0000000000e+00 2.6493066726e+05 9.6731677692e+05 1.2714824373e+05 2.7083966429e+05 2.6637852520e+06 4.0430106717e+05 -1.5883078055e+02 9.7904687005e+02 -1.7966344047e+01 -3.2022655248e+02 1.5478964338e+03 -2.4912905335e-13 1.1821750136e+03
1.0000000000e+00 0.0000000000e+00 1.5173239336e+05 2.9967641538e+05 1.4013234641e+05 1.0045613138e+05 1.5300781979e+06 2.2357155174e+05 -1.1005334048e+02 5.4439499247e+02 -2.2515008586e+01 -2.0460596970e+02 1.1194399920e+03 -1.9945995049e-13 5.1768724841e+02
1.0000000000e+00 0.0000000000e+00 3.4970631172e+04 4.0377112832e+04 2.0437178859e+04 6.0934783733e+04 7.5653597000e+05 8.9245700509e+04 -2.0513768359e+01 -1.9301446929e+02 1.1404846061e+02 -1.9851397529e+02 7.4560364908e+02 -1.2521262320e-13 -2.3707986322e+02
1.0000000000e+00 0.0000000000e+00 2.4726700559e+04 1.4409137604e+04 1.1645376571e+04 4.0009079500e+04 5.7004360091e+05 6.2165341328e+04 -3.6153461313e+01 -9.3133399333e+01 8.0601775284e+01 -1.6236015952e+02 6.4344555597e+02 -1.1807003388e-13 -2.2754365536e+02
1.0000000000e+00 0.0000000000e+00 1.0562773525e+05 4.2571359320e+05 8.7563787421e+04 5.3958005412e+04 7.6936616367e+05 1.3495447445e+05 -8.8771242942e+01 6.4850165276e+02 -6.1586183424e+01 -1.2582083432e+02 7.6361398927e+02 -1.7939945506e-13 6.6616931209e+02
1.0000000000e+00 0.0000000000e+00 1.5797915795e+04 1.5645898006e+04 9.9991335889e+03 1.8820417448e+04 5.8110014710e+05 5.2679349058e+04 -3.5349494233e+01 1.2342727113e+02 2.3229801065e+01 -1.2409963780e+02 5.9464561836e+02 -1.4560330734e-13 1.9471765456e+02
1.0000000000e+00 0.0000000000e+00 5.3187779437e+04 2.0942724347e+05 3.4172616241e+04 3.8472015480e+04 5.8204811097e+05 8.1636798926e+04 -6.8366707343e+01 4.5625149182e+02 -2.6315964061e+01 -1.1969621676e+02 6.3778919792e+02 -1.5799707710e-13 4.7292175504e+02
1.0000000000e+00 0.0000000000e+00 1.6104361638e+04 2.4761742438e+04 5.4825888057e+03 2.2596359043e+04 4.6094285170e+05 4.4809001886e+04 -3.8712404314e+01 1.5624925964e+02 2.3701518379e+01 -1.2060660965e+02 5.4399696892e+02 -1.3233077580e-13 1.7511951779e+02
1.0000000000e+00 0.0000000000e+00 2.8716062410e+04 9.1616194703e+04 2.5638402307e+04 1.6621373068e+04 4.0668228702e+05 5.0453953166e+04 -4.4167551353e+01 3.0216320753e+02 -2.1221683686e+01 -9.1705174167e+01 5.3029355061e+02 -1.3036395609e-13 2.5662053876e+02
1.0000000000e+00 0.0000000000e+00 1.1922584122e+04 2.2990397106e+04 1.1034142017e+04 7.9942324580e+03 2.9282204122e+05 2.9203981961e+04 -2.8774631181e+01 1.5116646354e+02 -2.1120015407e+00 -7.8955062335e+01 4.3315964735e+02 -1.1317691307e-13 1.6126405176e+02
1.0000000000e+00 0.0000000000e+00 1.3687773446e+03 4.7690679740e+03 1.3416414298e+03 2.6735351111e+03 1.9182294666e+05 1.4925157548e+04 -2.6629612613e+00 6.5149277752e+01 2.7975348510e+00 -4.3561507829e+01 2.2701244987e+02 -1.1213221949e-13 1.3352724964e+02
1.0000000000e+00 0.0000000000e+00 1.3114738606e+05 5.3993289382e+05 7.0451734222e+04 1.2064950286e+05 1.5565288302e+06 2.1632941466e+05 -1.0734472372e+02 7.2936401988e+02 -2.6173982244e+01 -2.2573111343e+02 1.1488632645e+03 -2.1416235168e-13 9.3758070969e+02
1.0000000000e+00 0.0000000000e+00 1.2219882484e+04 4.1194263762e+04 7.3280875590e+03 1.1455637685e+04 2.5752837672e+05 2.7698291624e+04 -3.0991342222e+01 2.0230343753e+02 -2.4691565913e+00 -7.8818967735e+01 3.9692064574e+02 -1.1373863979e-13 1.5404122304e+02
1.0000000000e+00 0.0000000000e+00 1.5217436527e+04 8.7329166994e+04 7.5477117762e+03 2.3533871382e+04 4.6049852873e+05 4.9188619079e+04 -4.8982321200e+00 2.8567373295e+02 -9.7200929055e+00 -9.9984395749e+01 5.2436625322e+02 -1.3985913544e-13 4.9243546447e+02
1.0000000000e+00 0.0000000000e+00 1.2387638297e+04 9.4977860112e+03 8.7834919212e+03 2.9760086255e+04 3.8564315739e+05 4.3651527444e+04 3.7269004504e+00 7.2316513338e+01 2.9827623510e+01 -1.0787415828e+02 4.8086898621e+02 -1.2634602496e-13 2.6655458589e+02
1.0000000000e+00 0.0000000000e+00 1.7930772804e+05 5.0822483854e+05 1.0094090166e+05 1.7567655607e+05 1.4024861019e+06 2.4242565563e+05 -1.3312962121e+02 7.1279331140e+02 -1.0623690718e+01 -2.3112989461e+02 1.0976814115e+03 -2.0250327762e-13 7.0423661230e+02
1.0000000000e+00 0.0000000000e+00 1.0225457953e+05 1.0838384360e+05 4.0448122574e+04 1.5471967036e+05 1.6634589198e+06 2.0464379216e+05 -1.0056603480e+02 3.2414732677e+02 6.4678343356e+01 -2.7226503035e+02 1.1774638160e+03 -1.9925889770e-13 4.9328783452e+02
1.0000000000e+00 0.0000000000e+00 1.0685543099e+04 4.4074227716e+04 1.3854941395e+03 2.6055772035e+04 6.2133114059e+05 5.6350172365e+04 -2.1356330146e+01 2.0446057739e+02 1.5120985191e+01 -1.3585709043e+02 6.6605909749e+02 -1.4462490685e-13 3.9616136557e+02
1.0000000000e+00 0.0000000000e+00 1.0817432390e+05 3.7311914675e+05 7.5707403395e+04 8.5478620162e+04 1.2456398008e+06 1.7352849178e+05 -9.6116643060e+01 6.0792889209e+02 -2.8844429313e+01 -1.9056893624e+02 1.0189049840e+03 -1.9703838476e-13 7.4447933610e+02
1.0000000000e+00 0.0000000000e+00 3.3841990125e+04 3.0546552175e+04 1.5708875589e+04 4.3955700306e+04 5.9098113585e+05 6.7908250541e+04 -5.6494762738e+01 1.7126978570e+02 3.8568432179e+01 -1.5546922947e+02 6.7204278226e+02 -1.4432716954e-13 2.6775533784e+02
1.0000000000e+00 0.0000000000e+00 8.5883453305e+04 5.0800194771e+05 4.6705859843e+04 5.2777729508e+04 8.7655286089e+05 1.2808783490e+05 -7.7309595629e+01 7.0327653159e+02 -5.0334337483e+01 -1.5394023127e+02 8.4025451947e+02 -1.8456431059e-13 9.0598845751e+02
1.0000000000e+00 0.0000000000e+00 7.9722493569e+04 8.5806748470e+03 3.8112665192e+04 1.2858053182e+05 1.3541614829e+06 1.6607664839e+05 -7.3004473247e+01 -7.1082400137e+01 1.2628897346e+02 -2.7018795222e+02 1.0593266826e+03 -1.5485356361e-13 -1.1542978868e+02
1.0000000000e+00 0.0000000000e+00 3.2462958098e+04 3.4208023853e+04 1.2212643311e+04 5.1734028861e+04 5.8270051837e+05 6.9542499405e+04 -5.6010599124e+01 1.8477181829e+02 3.8956046562e+01 -1.5947761996e+02 6.8657546323e+02 -1.3356256615e-13 1.5959190455e+02
1.0000000000e+00 0.0000000000e+00 1.5076014693e+04 3.2912286887e+04 5.7845763585e+03 2.1712395188e+04 5.4623793459e+05 5.0679605541e+04 -3.4899385879e+01 1.8085938812e+02 2.0212555303e+01 -1.3045961065e+02 6.1449835420e+02 -1.3710852974e-13 2.1540895095e+02
1.0000000000e+00 0.0000000000e+00 2.7844548276e+04 5.7363042139e+04 2.0274788352e+04 3.6263020766e+04 4.0799907509e+05 5.5417408329e+04 -1.3402927652e+01 -2.3001020167e+02 1.0316265844e+02 -1.5246121325e+02 5.3297450571e+02 -9.5774816994e-14 -3.7238723060e+02
1.0000000000e+00 0.0000000000e+00 7.0737423884e+04 1.7880927805e+05 3.8045175923e+04 7.5968509655e+04 9.0021205026e+05 1.2014634645e+05 -8.3274295893e+01 4.2205950042e+02 6.5292715131e+00 -1.7848953829e+02 8.4768990173e+02 -1.6348040870e-13 4.1434166896e+02
1.0000000000e+00 0.0000000000e+00 1.3634365023e+03 3.7022322426e+03 1.3521649577e+03 6.7945402721e+03 2.0067939922e+05 1.7336047965e+04 2.2117653047e+00 4.2163216886e+01 1.3989808900e+01 -6.1526516066e+01 2.9296329497e+02 -1.0472331648e-13 1.2367305461e+02
1.0000000000e+00 0.0000000000e+00 8.9314871548e+04 2.6668575553e+05 8.4156867660e+04 4.6265941956e+04 5.7506068740e+05 1.0907125762e+05 -8.1423072470e+01 5.1544417898e+02 -4.9505583777e+01 -1.0866693453e+02 6.6872987998e+02 -1.6008076327e-13 6.0191766028e+02
1.0000000000e+00 0.0000000000e+00 1.1962841634e+05 4.1851140120e+05 7.1418487658e+04 1.0157077751e+05 9.6148177034e+05 1.6208950482e+05 -1.0563547263e+02 6.4415547614e+02 -2.6962138289e+01 -1.7782120146e+02 8.9449234688e+02 -1.8737642483e-13 6.9500877493e+02
1.0000000000e+00 0.0000000000e+00 5.9978919423e+03 4.5533394793e+03 8.0086301625e+03 8.1986844927e+03 3.2937659557e+05 2.9538706881e+04 -9.5845440600e+00 -4.1981874948e+01 1.6740914761e+01 -7.4452931135e+01 4.2412634429e+02 -1.1181080745e-13 -1.0895154192e+02
1.0000000000e+00 0.0000000000e+00 3.4021072249e+04 5.3509051479e+04 2.0310705482e+04 4.0480597181e+04 6.8550091838e+05 7.5814006027e+04 -5.5160992522e+01 2.2552367584e+02 2.1060477441e+01 -1.5373114779e+02 7.3266518681e+02 -1.5166895950e-13 3.9320226605e+02
1.0000000000e+00 0.0000000000e+00 2.6184507183e+03 7.4726362592e+03 1.4799027720e+03 5.6260263429e+03 2.6348766510e+05 2.1273718258e+04 -5.2240513166e+00 3.5493109003e+01 2.1194726290e+01 -6.9719641017e+01 3.0677320497e+02 -1.2647996957e-13 2.8462248637e+02
1.0000000000e+00 0.0000000000e+00 1.3725517172e+04 3.5766374920e+04 1.5768162546e+04 1.8811391409e+04 6.8762725735e+05 6.3322577222e+04 -1.8252889894e+01 1.8853025759e+02 -1.4334694014e+01 -1.0602325031e+02 6.6599410229e+02 -1.5028541350e-13 2.4813759728e+02
1.0000000000e+00 0.0000000000e+00 2.1528273398e+04 6.0754911570e+04 1.3002098008e+04 1.8797570371e+04 3.8333434097e+05 4.2893533687e+04 -4.3459243794e+01 2.4625615593e+02 -8.3134609169e-01 -1.0484212316e+02 5.2904727881e+02 -1.2190565705e-13 2.5922040561e+02
1.0000000000e+00 0.0000000000e+00 1.6741492279e+04 2.8842667479e+04 9.2048112264e+03 2.0898164412e+04 3.9299626750e+05 4.1277531870e+04 -3.7651282689e+01 1.6954428535e+02 1.6459827916e+01 -1.1428603782e+02 5.3813897591e+02 -1.2001198135e-13 2.0307095585e+02
1.0000000000e+00 0.0000000000e+00 1.7038626524e+04 3.4618382641e+03 1.2761971516e+04 1.7564948659e+04 3.8822827226e+05 3.9727412423e+04 -3.6568610590e+01 1.0582089940e+01 3.6138248716e+01 -1.0675117886e+02 4.7828070095e+02 -1.1922795639e-13 -6.5029475756e+01
1.0000000000e+00 0.0000000000e+00 3.6904152291e+03 9.5060484214e+03 6.7363030479e+02 1.0236920271e+04 3.0179349218e+05 2.5688147994e+04 -1.2709565453e+01 9.6581704053e+01 1.2727773202e+01 -8.4406198649e+01 4.1484441821e+02 -1.1900923921e-13 7.4158965561e+01
1.0000000000e+00 0.0000000000e+00 3.3073585362e+04 1.3675631414e+05 1.7915452149e+04 2.9787901246e+04 7.0492354570e+05 7.5371147366e+04 -5.1277383387e+01 3.6753890725e+02 -9.8213928778e+00 -1.3941177497e+02 7.2986936951e+02 -1.5722995701e-13 4.3613578615e+02
1.0000000000e+00 0.0000000000e+00 2.5303908260e+03 8.0190159237e+03 3.2744269724e+03 3.2143593888e+03 1.7563401007e+05 1.5074824024e+04 -1.9026256799e+00 -7.3673244582e+01 1.3213599003e+01 -3.9401739071e+01 2.3439624380e+02 -9.6380307487e-14 -1.5929170264e+02
1.0000000000e+00 0.0000000000e+00 7.3202295224e+04 9.0654041789e+04 4.7224996091e+04 8.2641754054e+04 1.1859487095e+06 1.4197848041e+05 -8.2245861947e+01 2.9396486696e+02 3.0671137880e+01 -2.0837170586e+02 9.8807317266e+02 -1.5597791709e-13 1.3034248711e+02
1.0000000000e+00 0.0000000000e+00 3.1432410424e+04 1.5192784918e+05 1.6556581776e+04 2.5364028941e+04 6.7610214267e+05 7.1597005776e+04 -4.6483399057e+01 3.8174497587e+02 -1.3770093962e+01 -1.3200415441e+02 6.9492742519e+02 -1.6220272917e-13 5.2183677545e+02
1.0000000000e+00 0.0000000000e+00 2.1616050411e+04 2.9165002315e+04 1.3354505233e+04 2.3655372504e+04 4.5680582259e+05 4.8620917458e+04 -4.3882537232e+01 1.7014617331e+02 1.7655478203e+01 -1.1872548607e+02 5.5987925701e+02 -1.4027542911e-13 2.7484329815e+02
1.0000000000e+00 0.0000000000e+00 1.0869407193e+05 5.1085218925e+04 4.8915971484e+04 1.5743373034e+05 1.6070502276e+06 2.0289270831e+05 -1.0196484859e+02 2.2494521259e+02 8.4348598302e+01 -2.7832292626e+02 1.1650856785e+03 -1.7286463097e-13 1.3722168750e+02
1.0000000000e+00 0.0000000000e+00 2.3442906135e+04 6.2411695794e+04 1.6539779937e+04 2.0138269786e+04 4.5059228775e+05 4.9630523320e+04 -4.4145605715e+01 2.4925489686e+02 -2.4331471875e+00 -1.0988954861e+02 5.7104161453e+02 -1.3037350205e-13 2.4993821435e+02
1.0000000000e+00 0.0000000000e+00 2.7544461679e+04 1.5788479833e+05 2.0273928967e+04 1.2986021713e+04 5.7359867311e+05 6.1002726656e+04 -3.8539264810e+01 3.9425917792e+02 -3.6005474321e+01 -1.0080821942e+02 6.1850626866e+02 -1.5648959841e-13 5.2341895448e+02
1.0000000000e+00 0.0000000000e+00 1.3665677264e+05 5.0606829590e+05 8.4030808561e+04 1.0618917825e+05 1.3768585797e+06 2.0188453257e+05 -1.0936418159e+02 7.1002936050e+02 -3.1637905506e+01 -2.0557294078e+02 1.0625817755e+03 -2.0172430310e-13 7.4036025186e+02
1.0000000000e+00 0.0000000000e+00 1.1855958803e+05 4.9581634361e+05 8.7425578986e+04 7.5503963891e+04 7.4508614342e+05 1.4647267805e+05 -9.7160811555e+01 7.0308351660e+02 -6.0154841546e+01 -1.3333859292e+02 7.6483474037e+02 -1.8601982190e-13 8.1214382367e+02
1.0000000000e+00 0.0000000000e+00 1.1766435167e+05 4.8049570092e+05 7.4817210245e+04 9.3912078659e+04 1.1721169815e+06 1.7732522526e+05 -1.0035323102e+02 6.8945401942e+02 -3.8067359250e+01 -1.8766596260e+02 9.9853589276e+02 -1.9570383143e-13 7.9628282020e+02
1.0000000000e+00 0.0000000000e+00 4.5111733920e+04 2.6031697051e+05 2.7495288152e+04 2.5331414458e+04 6.1538368349e+05 7.7576089309e+04 -5.4382581067e+01 5.0856036639e+02 -3.8441420395e+01 -1.1897457685e+02 6.7217784514e+02 -1.5836210626e-13 5.6844495171e+02
1.0000000000e+00 0.0000000000e+00 1.8814516878e+04 1.1627766087e+04 1.3739219090e+04 1.9604970090e+04 4.3616106524e+05 4.4699077452e+04 -3.9954630351e+01 1.0356412653e+02 2.3244033584e+01 -1.1233773017e+02 5.3008963214e+02 -1.3857212834e-13 2.8516532250e+02
1.0000000000e+00 0.0000000000e+00 1.2923647514e+03 7.6974677705e+03 6.3954192133e+02 5.8653947865e+03 2.1430754318e+05 1.7722977961e+04 2.0222786808e+00 8.3052387431e+01 -5.5134151456e+00 -4.4528916594e+01 2.7361502324e+02 -1.1622690015e-13 1.6958131403e+02
1.0000000000e+00 0.0000000000e+00 1.9219192305e+04 7.3183236266e+04 1.1396721685e+04 2.4099894382e+04 4.0133481990e+05 4.6424662184e+04 -1.2735877694e+01 -2.5131590143e+02 8.8158474959e+01 -1.3145045267e+02 5.0355698099e+02 -9.6027388411e-14 -4.0507469409e+02
1.0000000000e+00 0.0000000000e+00 3.4065121279e+04 1.1451434425e+05 1.2238298251e+04 4.2453208050e+04 7.3610408652e+05 7.9647693362e+04 -5.5108475406e+01 3.3633749453e+02 1.0187756172e+01 -1.5785436886e+02 7.4856396625e+02 -1.6268857670e-13 4.5661294153e+02
1.0000000000e+00 0.0000000000e+00 3.7472615826e+04 9.1844963573e+04 2.1519708027e+04 6.4206258029e+04 9.2709804080e+05 1.0520981806e+05 -2.5083214344e+01 -2.8193558695e+02 1.1962847738e+02 -2.0771627296e+02 8.3711129191e+02 -1.2285929122e-13 -5.0079906941e+02
1.0000000000e+00 0.0000000000e+00 1.8633316034e+05 4.7383661041e+05 1.7988159516e+05 1.0428773503e+05 1.6155665885e+06 2.5680539507e+05 -1.1702981899e+02 6.8713480537e+02 -5.3905799567e+01 -1.9260467318e+02 1.1349573650e+03 -2.1249564469e-13 6.3694508394e+02
1.0000000000e+00 0.0000000000e+00 1.4061336643e+04 3.0906823990e+04 1.2138457293e+04 1.1851390135e+04 4.4112171965e+05 4.1790395302e+04 -3.0887234140e+01 1.7351725630e+02 -5.9291036665e-02 -9.6787398371e+01 5.2344953350e+02 -1.3129878403e-13 1.5999406510e+02
1.0000000000e+00 0.0000000000e+00 1.2835990707e+04 2.0101008979e+03 7.6014882279e+03 2.3705445984e+04 5.5659343124e+05 5.1531789363e+04 -1.5635627223e+01 3.0280895522e+01 5.6752009473e+01 -1.4305262294e+02 5.7572552982e+02 -1.3767704811e-13 1.4810520604e+02
1.0000000000e+00 0.0000000000e+00 1.2143533527e+04 4.1111137164e+04 8.2073245990e+02 3.4397770859e+04 7.2619820864e+05 6.6785553255e+04 -1.9648095876e+01 1.9411431132e+02 2.1440693952e+01 -1.4736005147e+02 7.1049839931e+02 -1.4690193366e-13 3.0396041875e+02
1.0000000000e+00 0.0000000000e+00 1.8538980697e+04 1.6338485909e+05 9.1280673817e+03 8.8954871688e+03 3.6242457528e+05 4.0416857244e+04 -2.2132500780e+01 3.9911914623e+02 -4.1149393721e+01 -7.3095337952e+01 4.6158772626e+02 -1.4136241234e-13 4.9346188227e+02
1.0000000000e+00 0.0000000000e+00 8.8858181845e+03 4.8252620205e+04 3.4052386106e+03 7.6555186953e+03 2.8233738968e+05 2.6306693775e+04 -2.5723358967e+01 2.1863499420e+02 -6.9409976161e+00 -7.4854929288e+01 3.8691933986e+02 -1.2499754347e-13 2.5429061725e+02
1.0000000000e+00 0.0000000000e+00 2.3237174873e+04 9.9703364046e+04 1.6054539677e+04 1.3524420444e+04 3.9062932041e+05 4.4242475617e+04 -4.1513207951e+01 3.1245456402e+02 -1.9303749439e+01 -9.1211545463e+01 5.0711266961e+02 -1.2583836209e-13 1.8064816177e+02
1.0000000000e+00 0.0000000000e+00 1.5760948172e+05 3.4285537873e+05 1.1759469351e+05 1.4147650395e+05 1.6496923890e+06 2.4258599790e+05 -1.1888487167e+02 5.8550671129e+02 -5.8449365504e+00 -2.3609784127e+02 1.1940764248e+03 -1.9527999928e-13 5.5882533828e+02
1.0000000000e+00 0.0000000000e+00 4.3828002202e+03 8.4342237441e+03 2.3721128197e+03 8.1325272162e+03 2.3937242533e+05 2.1217325589e+04 -8.8018177820e+00 -8.3316441418e+01 4.3919260606e+01 -8.4957349831e+01 3.5095688931e+02 -9.9355855306e-14 -1.2644911549e+02
1.0000000000e+00 0.0000000000e+00 1.8492701986e+05 6.1797330180e+05 1.0973581604e+05 1.7157807231e+05 2.1674491817e+06 3.0124431338e+05 -1.3024108030e+02 7.8402780953e+02 -2.0198031278e+01 -2.6741088272e+02 1.3505659978e+03 -2.3906258744e-13 9.0718103956e+02
1.0000000000e+00 0.0000000000e+00 2.7545640610e+04 3.0078857982e+04 1.6788250219e+04 3.1770315411e+04 4.2822753287e+05 5.1893643299e+04 -5.0259789300e+01 1.7184142484e+02 2.3530274343e+01 -1.2435335476e+02 5.5881512259e+02 -1.2870655422e-13 2.1360946879e+02
1.0000000000e+00 0.0000000000e+00 1.3747706566e+04 3.4012188401e+03 4.4975687840e+03 3.4794645430e+04 6.5569121226e+05 6.1942188012e+04 -2.6807899670e+01 2.9333732221e+01 4.9162176861e+01 -1.5108095816e+02 6.7904167780e+02 -1.2990558419e-13 -2.7782478012e+01
1.0000000000e+00 0.0000000000e+00 3.4803605773e+04 2.5394417697e+05 1.7108997476e+04 2.0454660395e+04 5.3872395077e+05 6.5422151724e+04 -4.4586370467e+01 4.9929329121e+02 -4.2789425309e+01 -1.0653793907e+02 6.2325062999e+02 -1.5222020757e-13 5.0617101811e+02
1.0000000000e+00 0.0000000000e+00 1.9426552633e+05 6.9710334110e+05 1.4329489396e+05 1.3881429988e+05 1.4617472822e+06 2.5734538020e+05 -1.2764633922e+02 8.3295424274e+02 -5.5465823056e+01 -2.0372988854e+02 1.1124947483e+03 -2.1376304741e-13 8.3016455717e+02
1.0000000000e+00 0.0000000000e+00 9.5231006533e+04 1.7493431999e+05 3.7315480136e+04 1.2564632793e+05 1.1795803064e+06 1.6089377266e+05 -9.9668390014e+01 4.1701695960e+02 3.6454104374e+01 -2.2620786555e+02 9.8041099506e+02 -1.8716880984e-13 5.8372230832e+02
1.0000000000e+00 0.0000000000e+00 6.6179800552e+03 3.7186592306e+04 4.4497418874e+03 7.4686979327e+03 2.8767733373e+05 2.6484190759e+04 -6.8452427847e+00 1.3928958924e+02 1.3526980764e+01 -8.1950568475e+01 3.6179973688e+02 -1.3661291509e-13 4.6935369266e+02
1.0000000000e+00 0.0000000000e+00 4.4221301541e+04 1.6301248226e+05 3.2505148031e+04 3.0419875128e+04 6.6601240212e+05 8.0628108700e+04 -5.8109349464e+01 3.9622826162e+02 -2.0195304667e+01 -1.2720259904e+02 6.9317467185e+02 -1.7307702792e-13 6.6342029514e+02
1.0000000000e+00 0.0000000000e+00 1.8673880928e+03 1.2446210897e+04 3.9031836505e+02 8.4570749221e+03 3.2528518194e+05 2.6486696522e+04 3.2521670652e+00 1.0412148628e+02 -9.6510968489e+00 -4.9636996130e+01 3.1897885798e+02 -1.2371755903e-13 2.0639948092e+02
1.0000000000e+00 0.0000000000e+00 4.8195708978e+04 1.1247710066e+05 3.2072391198e+04 5.1102828594e+04 9.8606842021e+05 1.0882079944e+05 -6.4305430302e+01 3.3275097559e+02 5.3797248719e+00 -1.7037744781e+02 8.6621012936e+02 -1.8048955777e-13 4.9154631102e+02
1.0000000000e+00 0.0000000000e+00 4.3093887933e+04 5.0571775544e+04 2.4773779351e+04 5.4414994250e+04 7.0726904812e+05 8.5357678274e+04 -6.4211760040e+01 2.2452532150e+02 2.8684782491e+01 -1.6365582855e+02 7.5125652467e+02 -1.3974769129e-13 2.4551615363e+02
1.0000000000e+00 0.0000000000e+00 7.7572814056e+04 2.0946782301e+05 6.7068821982e+04 4.9746314001e+04 6.3125002741e+05 1.0422721702e+05 -7.9308824008e+01 4.5737624027e+02 -3.0639079260e+01 -1.2477362013e+02 6.9880510282e+02 -1.6166767481e-13 5.0112934608e+02
1.0000000000e+00 0.0000000000e+00 8.0188625677e+03 7.7036241448e+03 5.0523730652e+03 1.4145638376e+04 2.8358357238e+05 2.8029254906e+04 -1.1957840799e+01 -8.4350440308e+01 5.4349721170e+01 -1.0293905130e+02 4.0575607287e+02 -1.0849847692e-13 -3.3143099988e+01
1.0000000000e+00 0.0000000000e+00 5.3365805644e+03 3.6410406563e+04 4.5513059454e+02 5.7568332749e+03 1.9952173104e+05 1.8020388113e+04 -1.7700668146e+01 1.7052238514e+02 2.5803794435e-01 -6.5680961594e+01 3.1449116031e+02 -1.1688068138e-13 4.0773826020e+02
1.0000000000e+00 0.0000000000e+00 8.9958695330e+03 2.8315170151e+04 1.6746802670e+03 2.9178434018e+04 5.4269608860e+05 5.1818260443e+04 -1.2004552636e+01 1.5639444140e+02 2.3030259354e+01 -1.3067626284e+02 6.1589034981e+02 -1.3545078249e-13 2.7342685201e+02
1.0000000000e+00 0.0000000000e+00 4.1772549766e+04 3.0976516655e+04 2.9583047138e+04 4.7229365765e+04 7.5126236100e+05 8.6171214435e+04 -6.1758182195e+01 1.7375848639e+02 2.8098507852e+01 -1.5653977461e+02 7.4451405857e+02 -1.5699015290e-13 3.2610529225e+02
1.0000000000e+00 0.0000000000e+00 4.6909547058e+03 9.8531739052e+03 3.6766825350e+03 7.9172522416e+03 1.9577085040e+05 1.8819936266e+04 -5.5137084693e-01 -6.7389137144e+01 4.2952679106e+01 -7.4518561859e+01 2.7525728106e+02 -8.7319535792e-14 -2.4747463643e+02
1.0000000000e+00 0.0000000000e+00 1.4293049865e+04 1.1352879975e+05 6.6569007079e+03 1.2916712464e+04 4.3696330571e+05 4.3716875705e+04 -2.0698665709e+01 3.3608442400e+02 -2.2145895163e+01 -9.4812835743e+01 5.3215944346e+02 -1.3585126359e-13 4.0339487351e+02
1.0000000000e+00 0.0000000000e+00 3.9406804062e+03 2.3199932270e+04 3.7992392441e+03 8.5513907495e+03 2.4360930266e+05 2.3037400145e+04 4.2645274030e+00 -1.3894060933e+02 2.7331268071e+01 -5.9070680560e+01 3.2415238999e+02 -9.3224110635e-14 -2.0052132393e+02
1.0000000000e+00 0.0000000000e+00 5.7689095376e+03 3.2860741842e+03 1.0986959351e+03 1.4210064957e+04 3.2850014728e+05 2.9156542741e+04 -1.4417487873e+01 5.2215807823e+01 2.8949679456e+01 -9.9069678124e+01 4.4208860560e+02 -1.2087328764e-13 1.6142282875e+02
1.0000000000e+00 0.0000000000e+00 3.5532487224e+04 3.4422593885e+04 2.6178866584e+04 3.4615526251e+04 5.7056592482e+05 6.7016868421e+04 -5.6513929723e+01 1.6772437183e+02 2.1960752186e+01 -1.3266978729e+02 6.2781391247e+02 -1.2973209709e-13 1.1455505793e+00
1.0000000000e+00 0.0000000000e+00 1.0850044878e+05 2.2574315455e+05 1.0501638938e+05 6.5569226180e+04 1.1108372171e+06 1.6080271020e+05 -9.1472644894e+01 4.7311715468e+02 -2.6829382598e+01 -1.6636218129e+02 9.4240797904e+02 -1.8231955097e-13 4.2590429248e+02
1.0000000000e+00 0.0000000000e+00 5.3817281376e+03 2.0375866238e+04 2.9132928503e+03 6.4422920218e+03 2.4648799663e+05 2.1755689971e+04 -4.6222084885e+00 -1.3856147878e+02 4.0842053601e+01 -6.3189646941e+01 2.6497090002e+02 -1.0332363068e-13 -1.3433063855e+02
1.0000000000e+00 0.0000000000e+00 6.2648996283e+03 4.1760650233e+03 3.9451254189e+03 6.4789771639e+03 2.0653175852e+05 1.8728210260e+04 -2.2460150393e+01 6.1835315007e+01 1.6191595126e+01 -6.8832520921e+01 3.1349987876e+02 -1.0726259832e-13 9.7811653324e+01
1.0000000000e+00 0.0000000000e+00 3.4695555216e+04 3.3023367917e+04 1.2580873245e+04 5.4494060370e+04 6.9741930615e+05 7.8606610009e+04 -5.6956615954e+01 1.7794661593e+02 4.4505893082e+01 -1.7128511663e+02 7.3540652806e+02 -1.5401129099e-13 3.4829044541e+02
1.0000000000e+00 0.0000000000e+00 3.2968651453e+04 1.0954863417e+05 3.5713829194e+04 1.2821397357e+04 4.8630229078e+05 5.9321391761e+04 -4.1068390490e+01 3.3078913815e+02 -3.6329369655e+01 -8.6723813784e+01 5.7257786457e+02 -1.4035580780e-13 3.0390458111e+02
1.0000000000e+00 0.0000000000e+00 4.5076317347e+03 2.8761123771e+04 9.3487803837e+02 1.3845027847e+04 3.7981978252e+05 3.3632896925e+04 -4.0006886264e+00 1.5896394367e+02 3.9204014872e+00 -8.9241247380e+01 4.5791463142e+02 -1.3250109983e-13 3.2559457052e+02
1.0000000000e+00 0.0000000000e+00 8.9773534673e+03 1.2786584216e+04 5.4364133902e+03 2.2965653487e+04 3.2917228358e+05 3.5500816868e+04 5.4655424810e-01 1.0749718287e+02 1.5716461879e+01 -9.2823234145e+01 4.4424776647e+02 -1.1868660067e-13 2.0359306862e+02
1.0000000000e+00 0.0000000000e+00 1.1946009612e+05 2.3890205444e+05 8.5079815904e+04 1.1059138432e+05 1.1630304868e+06 1.7672813031e+05 -1.0670918507e+02 4.8850707364e+02 -5.4281334265e-01 -1.9927584369e+02 9.8388766681e+02 -1.8837245171e-13 5.2165628649e+02
1.0000000000e+00 0.0000000000e+00 5.1812726023e+03 2.1823995663e+03 3.0617212502e+03 7.7024111586e+03 2.9918369884e+05 2.5033705784e+04 -1.8646721846e+01 3.9539895766e+01 2.2242221172e+01 -8.2260921048e+01 3.8139750306e+02 -1.1388861270e-13 -3.9022350877e+01
1.0000000000e+00 0.0000000000e+00 1.5841916240e+04 1.0647557751e+03 7.5492230195e+03 3.9631033850e+04 7.7052578266e+05 7.3052782181e+04 -1.6446280424e+01 -2.3969957386e+01 7.3742137871e+01 -1.7261370665e+02 7.0547274120e+02 -1.4807191258e-13 5.2719740786e+01
1.0000000000e+00 0.0000000000e+00 1.4867193727e+03 1.8282635505e+02 1.3756178693e+03 5.1215545555e+03 2.3249323001e+05 1.8555334832e+04 -4.7764932117e+00 -4.7585316299e+00 1.6228510257e+01 -6.2070791446e+01 3.1678668617e+02 -1.0569364385e-13 -1.4365574325e+01
1.0000000000e+00 0.0000000000e+00 2.7250315253e+04 1.1499236670e+05 1.6014713705e+04 3.2448606612e+04 6.1396313744e+05 6.8560230983e+04 -1.6524621343e+01 -3.0055657949e+02 1.0422619345e+02 -1.6015689595e+02 6.2978528245e+02 -1.0146549366e-13 -5.9957451505e+02
1.0000000000e+00 0.0000000000e+00 2.6122372443e+04 2.9563450584e+04 1.2177422900e+04 3.7503947354e+04 7.9259249173e+05 7.6980178733e+04 -4.7210801160e+01 1.6957210888e+02 3.4594353021e+01 -1.6378651977e+02 7.5467925345e+02 -1.6148881685e-13 3.0225828265e+02
1.0000000000e+00 0.0000000000e+00 1.6672824830e+03 1.1364542908e+04 9.6039988209e+02 5.2164473857e+03 2.6504719523e+05 2.1161997012e+04 -2.1850031312e+00 8.8410428352e+01 2.3739070742e+00 -5.7323137526e+01 3.0513705487e+02 -1.3015000804e-13 2.4271391754e+02
1.0000000000e+00 0.0000000000e+00 3.7355053442e+04 1.4785167129e+05 1.2101076706e+04 4.4509282405e+04 7.1209506608e+05 8.0552687364e+04 -5.7295371929e+01 3.7613482779e+02 6.2065890827e+00 -1.5605412898e+02 7.3270498078e+02 -1.6059634249e-13 4.8204853950e+02
1.0000000000e+00 0.0000000000e+00 1.5344771153e+04 2.7840647930e+04 1.9337960287e+04 4.9074544476e+03 2.6800883861e+05 2.9958867558e+04 -2.6548915158e+01 1.5629532113e+02 -1.9202737666e+01 -5.1238163769e+01 3.5258669754e+02 -1.1878931293e-13 5.7924862342e+01
1.0000000000e+00 0.0000000000e+00 1.6146774277e+04 4.1685382280e+03 5.7561061742e+03 2.8656800464e+04 4.4563343528e+05 4.5618852721e+04 -3.0903802362e+01 6.0110108882e+00 5.8753381049e+01 -1.3793674043e+02 5.4635572201e+02 -1.1615402667e-13 -1.0749834461e+02
1.0000000000e+00 0.0000000000e+00 2.9071348370e+04 9.6927593089e+04 1.9057970332e+04 2.4377847798e+04 6.0624724801e+05 6.4810001393e+04 -4.7939851617e+01 3.1040982133e+02 -7.3286486996e+00 -1.2570388642e+02 6.6375566385e+02 -1.4662858047e-13 3.6915019964e+02
1.0000000000e+00 0.0000000000e+00 1.6144664865e+04 1.6988268240e+04 1.0387348650e+04 3.1116035707e+04 4.8056422434e+05 5.1710984460e+04 -1.0960044181e+01 -1.2895870892e+02 7.8610734064e+01 -1.4421025696e+02 5.6053643559e+02 -1.2014229216e-13 -6.7006269152e+01
1.0000000000e+00 0.0000000000e+00 3.8842055677e+04 2.0260997461e+05 1.9188091298e+04 2.7525451343e+04 5.0303428698e+05 6.4575639232e+04 -5.4969098689e+01 4.4281409516e+02 -2.4358709674e+01 -1.1489155714e+02 6.0282679066e+02 -1.4726628760e-13 4.8544923735e+02
1.0000000000e+00 0.0000000000e+00 1.7499765931e+04 9.1833504597e+03 6.1135037622e+03 3.6097058833e+04 6.7649295682e+05 6.4912893121e+04 -3.5380609033e+01 9.4296864727e+01 4.1903803922e+01 -1.5608920114e+02 7.1144997473e+02 -1.3832182779e-13 1.5400205009e+02
1.0000000000e+00 0.0000000000e+00 1.4519744171e+05 5.6583052516e+05 9.9555306283e+04 1.0191051424e+05 1.0963073752e+06 1.9072896130e+05 -1.0950188917e+02 7.4641976126e+02 -4.9453248123e+01 -1.7779657442e+02 9.6325919720e+02 -1.9558324295e-13 9.0893437904e+02
1.0000000000e+00 0.0000000000e+00 2.0815565274e+05 4.3371301788e+05 8.3103646314e+04 2.7457942606e+05 2.7501210522e+06 3.6641366920e+05 -1.4630698037e+02 6.5836222585e+02 4.5349074561e+01 -3.4385874257e+02 1.5368445802e+03 -2.3842081131e-13 6.2415535555e+02
1.0000000000e+00 0.0000000000e+00 1.0129824386e+04 3.7824075383e+03 6.0467270511e+03 1.6077536708e+04 3.8748122094e+05 3.6125601575e+04 -2.6868002920e+01 3.5768174483e+01 3.0987260318e+01 -1.0631783389e+02 4.8985611456e+02 -1.1332792901e-13 -1.1522004608e+02
1.0000000000e+00 0.0000000000e+00 4.9643878937e+04 1.3643427677e+05 3.3518003213e+04 4.1170785909e+04 4.9078050463e+05 7.2825220358e+04 -6.6733350560e+01 3.6902678086e+02 -1.0231565601e+01 -1.2130568578e+02 6.0967735725e+02 -1.4791738546e-13 4.5295185274e+02
1.0000000000e+00 0.0000000000e+00 2.4046789283e+04 8.7136333476e+04 2.0679435855e+04 1.2958054503e+04 2.6673014778e+05 3.7024974425e+04 -4.2271936009e+01 2.9376435581e+02 -2.4661558982e+01 -7.0958365931e+01 4.1903832373e+02 -1.1653811925e-13 1.9168619074e+02
1.0000000000e+00 0.0000000000e+00 3.5708245021e+04 1.1163700195e+04 2.2859831659e+04 5.1874601787e+04 7.0447334474e+05 8.1246249190e+04 -3.6597715277e+01 -1.0098191596e+02 9.8182311695e+01 -1.9156627106e+02 7.3289157465e+02 -1.3171177407e-13 -7.7718226499e+01
1.0000000000e+00 0.0000000000e+00 1.9916135240e+04 1.2012331503e+05 1.3851292244e+04 1.5495253475e+04 6.0500080627e+05 5.9612619652e+04 -3.0040049449e+01 3.3918496780e+02 -2.7059742525e+01 -1.0796570271e+02 6.4979926733e+02 -1.5991286760e-13 5.6173549619e+02
1.0000000000e+00 0.0000000000e+00 3.2429155570e+05 1.2637557737e+06 2.1163656612e+05 2.4670588414e+05 2.1071557118e+06 4.0703654120e+05 -1.6691743376e+02 1.1188693500e+03 -7.0278296799e+01 -2.5926805853e+02 1.3705116591e+03 -2.5519958842e-13 1.3754818831e+03
1.0000000000e+00 0.0000000000e+00 7.4072704272e+04 9.2569497781e+04 3.1802452807e+04 1.0610898046e+05 1.3195047298e+06 1.5501923436e+05 -8.5053844041e+01 2.9640740836e+02 4.8262114560e+01 -2.2947669813e+02 1.0154193110e+03 -1.7326061846e-13 1.0073715723e+02
1.0000000000e+00 0.0000000000e+00 2.3486330473e+04 9.3708278981e+04 1.3134660207e+04 2.1747989829e+04 6.0733889927e+05 6.0981531635e+04 -4.2058193682e+01 3.0591122902e+02 -5.5932869504e+00 -1.2480865769e+02 6.4992355536e+02 -1.4767655717e-13 3.2300457975e+02
1.0000000000e+00 0.0000000000e+00 2.0619490897e+04 1.3421195257e+03 8.9204562442e+03 3.5875894883e+04 6.0150272249e+05 6.0591188058e+04 -3.1109810824e+01 -1.4084269191e+01 7.3265566819e+01 -1.6393398126e+02 6.4290246618e+02 -1.3359910259e-13 7.2251939170e+01
1.0000000000e+00 0.0000000000e+00 1.2238913721e+04 8.4558331936e+03 6.3009043329e+03 1.6769779270e+04 3.3067095092e+05 3.2958362281e+04 -3.3145011044e+01 7.9433139744e+01 2.5309738366e+01 -1.0032975172e+02 4.5387003778e+02 -1.1546218126e-13 -5.7968725434e+00
1.0000000000e+00 0.0000000000e+00 8.6519393623e+03 4.8824792606e+03 4.7519643853e+03 2.0183894988e+04 2.9860587342e+05 3.1500980186e+04 -6.0410481842e+00 -5.6166738108e+01 5.1757846146e+01 -1.0908825639e+02 4.4297880609e+02 -9.7676613353e-14 -1.3263499280e+02
1.0000000000e+00 0.0000000000e+00 3.7827435627e+04 1.0164513708e+05 1.9570568016e+04 5.1810049533e+04 1.0556305473e+06 1.0789408810e+05 -5.5073834068e+01 3.1739237767e+02 1.2436667712e+01 -1.8150629957e+02 9.0709593303e+02 -1.5876627472e-13 2.3958043365e+02
1.0000000000e+00 0.0000000000e+00 2.0826984078e+05 6.2658828892e+05 1.3254277020e+05 1.8334408330e+05 1.6428639158e+06 2.8153925457e+05 -1.3930687243e+02 7.8993819329e+02 -2.5157554710e+01 -2.4074399416e+02 1.1987251619e+03 -2.1555601349e-13 9.0543347216e+02
1.0000000000e+00 0.0000000000e+00 6.2720212092e+04 1.3954823712e+05 3.7680743473e+04 6.6796359699e+04 7.4095439927e+05 1.0318782583e+05 -7.7493047874e+01 3.7348254260e+02 7.4532414590e+00 -1.6341262786e+02 7.7613660502e+02 -1.5350012991e-13 3.6384559322e+02
1.0000000000e+00 0.0000000000e+00 1.4512811156e+04 8.8904854936e+03 5.6599038047e+03 2.9414887828e+04 5.0834316583e+05 5.0371610528e+04 -2.2209663738e+01 -4.7053147434e+01 6.3991351216e+01 -1.4062152710e+02 5.6986453375e+02 -1.1728486274e-13 -2.5117545142e+02
1.0000000000e+00 0.0000000000e+00 5.0740826604e+03 6.5582575904e+03 2.1768961180e+03 8.1497920189e+03 2.7497075436e+05 2.3442498784e+04 -1.9004657734e+01 6.1606308593e+01 1.7567976315e+01 -7.9661070878e+01 3.7764664281e+02 -1.0725199132e-13 -5.4199565568e+01
1.0000000000e+00 0.0000000000e+00 1.5610990798e+04 5.1241353176e+04 1.0757481622e+04 1.1113542233e+04 2.4718338250e+05 2.8823210445e+04 -3.6315710289e+01 2.2141880911e+02 -8.6801742943e+00 -7.1735665967e+01 3.7504790783e+02 -1.2671451632e-13 4.0666367806e+02
1.0000000000e+00 0.0000000000e+00 5.5750061933e+03 6.2171338017e+02 3.4751809641e+03 1.6001501142e+04 3.1001820882e+05 2.9616168927e+04 -4.7455284599e+00 -1.0305871963e+01 4.1016756781e+01 -1.0294046831e+02 4.3675763808e+02 -1.0517132273e-13 1.9127044633e+01
1.0000000000e+00 0.0000000000e+00 5.7131330240e+04 1.6695656280e+04 3.7541724875e+04 7.1577550498e+04 9.1172806675e+05 1.1069828557e+05 -7.0407881950e+01 1.1799479713e+02 5.7035916690e+01 -1.9313087357e+02 8.4606318708e+02 -1.4461397064e-13 1.4073678408e+01
1.0000000000e+00 0.0000000000e+00 1.4534809974e+04 1.0409863211e+04 4.7788296489e+03 3.1718554103e+04 7.0127568595e+05 6.4085201376e+04 -2.6343243601e+01 9.3555635672e+01 4.6988787986e+01 -1.5641660582e+02 6.8160526793e+02 -1.4750369099e-13 1.5978488594e+02
1.0000000000e+00 0.0000000000e+00 1.3922626024e+04 2.8654715373e+04 5.4652306527e+03 1.9719264762e+04 3.7092961623e+05 3.7638883888e+04 -3.4406346871e+01 1.6847605845e+02 1.8569278071e+01 -1.1039531226e+02 4.9924746360e+02 -1.2367039170e-13 1.5782753521e+02
1.0000000000e+00 0.0000000000e+00 2.5595393101e+04 9.0399357426e+04 5.5603592916e+03 3.3206102446e+04 6.5296866221e+05 6.5802875975e+04 -4.7054759157e+01 2.9217837964e+02 1.6843792247e+01 -1.4976858497e+02 6.8402389260e+02 -1.5098786493e-13 3.8708244470e+02
1.0000000000e+00 0.0000000000e+00 8.2265108401e+03 1.8904053693e+03 4.3335941879e+03 1.7213812963e+04 3.2491072365e+05 3.1598834476e+04 -1.6346538813e+01 -4.0171225338e+01 5.1508580292e+01 -1.1311273624e+02 4.5986754537e+02 -1.1220077967e-13 3.7665973469e+01
1.0000000000e+00 0.0000000000e+00 6.9486563400e+04 5.4228549322e+04 3.8880648167e+04 8.4778331439e+04 1.0228658533e+06 1.2657655822e+05 -8.1682309074e+01 2.3204908779e+02 4.7185048627e+01 -2.0233187281e+02 8.8716685068e+02 -1.7055272742e-13 2.8830562654e+02
1.0000000000e+00 0.0000000000e+00 8.5791377984e+04 2.5418508818e+05 6.0248125517e+04 7.4049522210e+04 7.5062601323e+05 1.2251785912e+05 -8.7546878746e+01 5.0211393859e+02 -1.9116430483e+01 -1.5657454183e+02 8.0584345174e+02 -1.5954679267e-13 6.2775771154e+02
1.0000000000e+00 0.0000000000e+00 4.4848222317e+03 6.0545611492e+03 4.7426763566e+02 1.9202006505e+04 3.5524925490e+05 3.3080731605e+04 -4.6913998260e+00 7.4120082849e+01 1.6624731958e+01 -9.2148079295e+01 4.5843747660e+02 -1.1642914750e-13 3.8517191510e+01
1.0000000000e+00 0.0000000000e+00 1.4417250512e+04 4.5306194929e+04 7.7309579952e+03 1.4293263807e+04 4.1415458633e+05 3.9893130571e+04 -3.3600077583e+01 2.1181650108e+02 4.1018774808e+00 -1.0323417173e+02 5.1195036753e+02 -1.3608121492e-13 2.3572317679e+02
1.0000000000e+00 0.0000000000e+00 5.2011144870e+04 2.4499896403e+05 3.2356624356e+04 3.9410537687e+04 4.7292279009e+05 7.5698414061e+04 -6.5607135039e+01 4.9192317386e+02 -3.4324327624e+01 -1.0721991770e+02 5.7900144220e+02 -1.5699368099e-13 5.2885864189e+02
1.0000000000e+00 0.0000000000e+00 2.3730936478e+04 1.6966178756e+05 8.3538915827e+03 1.6138052357e+04 5.0510063499e+05 5.3264955804e+04 -3.7905232700e+01 4.0805912778e+02 -2.1663603397e+01 -1.0993820534e+02 5.7781550554e+02 -1.5352471521e-13 6.1857715603e+02
1.0000000000e+00 0.0000000000e+00 4.4121781465e+03 3.0704367951e+04 2.0792947104e+03 3.3232092304e+03 1.9003368874e+05 1.6699645272e+04 -1.5184573912e+01 1.7126076670e+02 -1.0785738350e+01 -5.3555967497e+01 3.0321473651e+02 -1.1207314106e-13 2.3782241292e+02
1.0000000000e+00 0.0000000000e+00 9.9720066582e+03 9.1170944157e+03 7.2306230146e+03 1.7926756971e+04 5.2483537710e+05 4.6974449596e+04 -1.1090176316e+01 9.3717357163e+01 4.0707594190e+01 -1.2674862804e+02 5.2228752333e+02 -1.4086889606e-13 1.7014250008e+02
1.0000000000e+00 0.0000000000e+00 1.2081043737e+04 1.3967563124e+04 1.5440599802e+04 8.5963975249e+03 4.2511032166e+05 3.9827106793e+04 -2.0748302474e+01 4.6640244443e+01 6.6574907230e+00 -8.6368973090e+01 5.0367995644e+02 -1.1865595012e-13 -1.0036871133e+02
1.0000000000e+00 0.0000000000e+00 2.9210701761e+04 1.3598304961e+05 1.5312117640e+04 2.2346074012e+04 2.8244854294e+05 4.2430067195e+04 -5.0545250480e+01 3.6310792382e+02 -2.0054183981e+01 -8.8657669516e+01 4.5749536878e+02 -1.2913786761e-13 5.2523907543e+02
1.0000000000e+00 0.0000000000e+00 9.8312523756e+03 1.0306951196e+04 7.4385326401e+03 1.1779932654e+04 3.6688481161e+05 3.3719757594e+04 -2.6748041696e+01 1.0012244326e+02 1.2684819286e+01 -9.4692163782e+01 4.8166751979e+02 -1.1916869810e-13 9.2649844175e+01
1.0000000000e+00 0.0000000000e+00 1.2179085656e+04 1.9379164409e+02 6.0640640536e+03 1.8152626302e+04 3.5350846904e+05 3.4608867708e+04 -2.6617834102e+01 7.5224677725e+00 4.7421835618e+01 -1.1474874325e+02 4.6197892309e+02 -1.1669777144e-13 -1.3745062413e+01
1.0000000000e+00 0.0000000000e+00 3.0152737749e+04 9.6478444965e+04 1.5762975821e+04 2.7360457889e+04 5.0087455679e+05 5.7628722346e+04 -5.1653013837e+01 3.0894006414e+02 -7.6974981621e-01 -1.1537206579e+02 5.5333854078e+02 -1.5720167900e-13 4.2501332980e+02
1.0000000000e+00 0.0000000000e+00 3.7278609732e+05 1.2007992768e+06 2.3761708486e+05 3.3989079350e+05 2.6460650972e+06 4.9350528206e+05 -1.8761053012e+02 1.0914919081e+03 -4.3503499768e+01 -3.0940195971e+02 1.5560901434e+03 -2.5403966635e-13 1.2422659812e+03
1.0000000000e+00 0.0000000000e+00 9.3783959529e+03 7.4996781486e+03 5.8072737532e+03 1.0063079025e+04 2.8439903016e+05 2.6553372550e+04 -2.7908085232e+01 7.3525460150e+01 2.0115463272e+01 -8.7463165603e+01 4.0500531062e+02 -1.0956951266e-13 -1.5764343418e+01
1.0000000000e+00 0.0000000000e+00 3.5370108792e+03 4.1790975327e+03 4.1824135613e+03 1.0132754400e+04 2.7826655634e+05 2.5307682752e+04 1.6275129410e+00 -5.9084121296e+01 1.9965410580e+01 -5.9711298805e+01 3.1693159625e+02 -1.1061108151e-13 -9.3915650109e+01
1.0000000000e+00 0.0000000000e+00 2.6881520019e+04 4.9100591471e+04 1.1601214382e+04 3.3094605118e+04 4.7342553800e+05 5.4237453729e+04 -5.1378597845e+01 2.1994382530e+02 1.9655139960e+01 -1.2958269726e+02 5.8342746806e+02 -1.3649143292e-13 2.1754231556e+02
1.0000000000e+00 0.0000000000e+00 1.9983449376e+04 1.8774666086e+04 1.1919649623e+04 3.1238712675e+04 4.3675031853e+05 4.9568480023e+04 -1.6050078674e+01 -1.3617027279e+02 8.6073153235e+01 -1.4411580313e+02 5.1737713815e+02 -1.1952175264e-13 -5.9533502926e+01
1.0000000000e+00 0.0000000000e+00 3.1690425433e+03 1.4048655667e+04 1.3299766535e+03 7.7377166126e+03 2.6329448490e+05 2.2476294225e+04 -3.8668519833e+00 1.1540285960e+02 6.8464160962e+00 -6.9475894633e+01 3.3832011222e+02 -1.1456078435e-13 9.9672625181e+01
1.0000000000e+00 0.0000000000e+00 7.0084465648e+03 2.6803466992e+04 4.9077599460e+02 1.4787988804e+04 3.2889507036e+05 3.0345818477e+04 -1.9540758220e+01 1.6184927231e+02 1.0455181721e+01 -9.6136031800e+01 4.6026255974e+02 -1.2379891918e-13 2.4898584712e+02
1.0000000000e+00 0.0000000000e+00 4.8927753368e+04 1.5649202869e+04 2.0717762377e+04 7.3000170589e+04 9.5711469111e+05 1.0708993075e+05 -6.4144640642e+01 1.2255157351e+02 7.0685493635e+01 -2.0990696081e+02 8.6801266296e+02 -1.4803602987e-13 4.6366207455e+01
1.0000000000e+00 0.0000000000e+00 3.5231605570e+03 5.7806795791e+03 1.0327445975e+03 1.1617607087e+04 3.0168435696e+05 2.6275639099e+04 -1.1237519281e+01 7.1146837040e+01 1.5361151726e+01 -8.3672628322e+01 4.1174290932e+02 -1.1350903479e-13 2.2218792978e+01
1.0000000000e+00 0.0000000000e+00 3.9312009399e+03 1.5687562393e+03 1.9587471705e+03 1.0861072206e+04 4.1521745410e+05 3.3760549585e+04 -1.3232598561e+01 2.5522561010e+01 2.5904544789e+01 -9.6543387754e+01 4.6425542054e+02 -1.3006460445e-13 6.5122782866e+01
1.0000000000e+00 0.0000000000e+00 7.4159423871e+04 1.3122108384e+05 6.2299565031e+04 6.8376342459e+04 1.3223500120e+06 1.5320753935e+05 -7.7304513039e+01 3.5451535939e+02 4.4488337699e+00 -1.9382067446e+02 1.0137758497e+03 -1.7768569294e-13 1.2824883152e+02
1.0000000000e+00 0.0000000000e+00 4.7299732598e+04 1.4021739031e+05 2.4888339753e+04 4.9412191116e+04 6.6146883311e+05 8.4499315855e+04 -6.5781238714e+01 3.7014403606e+02 2.3794599778e+00 -1.4842274959e+02 7.1033506877e+02 -1.5336202327e-13 4.1089244657e+02
1.0000000000e+00 0.0000000000e+00 1.0580836487e+05 2.5362512679e+05 7.3034393184e+04 9.5095889342e+04 1.2380744341e+06 1.7030452578e+05 -9.7428681463e+01 5.0250534610e+02 -3.7225692405e+00 -2.0027564010e+02 1.0006929242e+03 -1.8971012562e-13 4.7941579527e+02
1.0000000000e+00 0.0000000000e+00 6.2650053435e+03 9.1728431703e+03 3.4054443283e+03 7.0332055242e+03 2.3880252023e+05 2.1163893287e+04 -1.6438348560e+01 -8.8435928353e+01 4.3602524410e+01 -7.6860448748e+01 3.0231735904e+02 -1.0515877446e-13 -1.3588315750e+02
1.0000000000e+00 0.0000000000e+00 6.0772395426e+03 2.3251622652e+04 3.3262259288e+03 1.8850925760e+04 2.8087755160e+05 2.9999976388e+04 7.3946198503e+00 -1.4520203006e+02 4.5717597278e+01 -8.5475609678e+01 3.8843425630e+02 -9.4932459569e-14 -2.5585079154e+02
1.0000000000e+00 0.0000000000e+00 2.1945654257e+04 7.1961705951e+04 1.2342853840e+04 2.1203917239e+04 4.4536184092e+05 4.8423819947e+04 -4.4055042633e+01 2.6729770842e+02 -3.4176516302e+00 -1.0557437620e+02 5.3506967437e+02 -1.3286695350e-13 2.0222139457e+02
1.0000000000e+00 0.0000000000e+00 6.3369663286e+04 1.1307608208e+05 4.9213217549e+04 5.4502866747e+04 8.9608088012e+05 1.1172449989e+05 -7.2134049670e+01 3.3004928518e+02 5.5542460005e+00 -1.6574877960e+02 8.3596041366e+02 -1.7580583972e-13 5.0504224569e+02
1.0000000000e+00 0.0000000000e+00 2.5208928894e+04 1.5150608491e+04 1.6231884906e+04 2.6855274307e+04 4.3267623270e+05 4.8991990068e+04 -4.6753532587e+01 1.2148345398e+02 2.9850018897e+01 -1.2261435386e+02 5.4365909659e+02 -1.3086689228e-13 1.8307269981e+02
1.0000000000e+00 0.0000000000e+00 3.5844453573e+05 1.1713943709e+06 2.1320625842e+05 3.3152472403e+05 3.3509460106e+06 5.2515442728e+05 -1.8396872482e+02 1.0750617379e+03 -3.1045739791e+01 -3.4321475077e+02 1.7156520735e+03 -2.8447505313e-13 1.2884818527e+03
1.0000000000e+00 0.0000000000e+00 9.5831787608e+03 2.5533497890e+04 1.7245394777e+03 1.7077542909e+04 4.2708783821e+05 3.8454551435e+04 -2.5748708230e+01 1.3965547541e+02 2.4662287504e+01 -1.1461421696e+02 5.0975786229e+02 -1.4220531490e-13 3.2413684934e+02
1.0000000000e+00 0.0000000000e+00 2.7841739682e+03 1.3173380927e+04 2.1665124071e+03 5.8294425610e+03 1.8536948967e+05 1.6689517258e+04 -1.7879295187e+00 -9.8665632021e+01 3.1464461726e+01 -6.1052776983e+01 2.8136344827e+02 -8.9943864205e-14 -1.7547190811e+02
1.0000000000e+00 0.0000000000e+00 1.1619468570e+05 5.2442151838e+05 7.6717475172e+04 7.6825949666e+04 9.0716131185e+05 1.5477061899e+05 -9.5742798631e+01 7.1770908764e+02 -5.2608627690e+01 -1.5593604542e+02 8.5763315936e+02 -1.9988297366e-13 9.7271587390e+02
1.0000000000e+00 0.0000000000e+00 3.3535506409e+04 1.7297116978e+03 1.3665737215e+04 5.4872499287e+04 5.5908718571e+05 6.8393083286e+04 -5.1053952476e+01 4.1386594104e+00 7.2859091787e+01 -1.6777445528e+02 6.5792339039e+02 -1.1957635024e-13 -1.0382762677e+02
1.0000000000e+00 0.0000000000e+00 1.9250376123e+03 8.0381413982e+02 1.6560506255e+03 4.2973960961e+03 1.9224155542e+05 1.5626964603e+04 -5.0954586702e+00 4.4835079627e+00 2.1990471519e+01 -6.2530832571e+01 2.7615169385e+02 -1.0915784583e-13 8.1433644950e+01
1.0000000000e+00 0.0000000000e+00 5.2131548067e+04 1.9838754046e+05 2.1294688173e+04 6.6333878886e+04 1.2058623198e+06 1.3009532819e+05 -6.5960333658e+01 4.3858857808e+02 3.6175455535e+00 -1.9568732000e+02 9.6981420688e+02 -1.9316749322e-13 6.5777444184e+02
1.0000000000e+00 0.0000000000e+00 1.1587703334e+05 4.2894211625e+05 7.9169223198e+04 8.9446758553e+04 8.9708972242e+05 1.5613349214e+05 -1.0024754483e+02 6.5451754531e+02 -3.8238440103e+01 -1.6465012507e+02 8.7059489124e+02 -1.7520946719e-13 7.0459467907e+02
1.0000000000e+00 0.0000000000e+00 2.6355049121e+04 2.3803532798e+03 9.8860524394e+03 4.9329406323e+04 7.7141271450e+05 7.8570338810e+04 -4.2582707944e+01 1.8441281253e+01 6.7961283759e+01 -1.8126980663e+02 7.6952337797e+02 -1.4525171995e-13 1.2549428774e+02
1.0000000000e+00 0.0000000000e+00 1.6000490227e+04 4.9166172280e+04 5.6359624718e+03 1.9251048614e+04 3.9590023900e+05 4.0195019283e+04 -3.8540368922e+01 2.1725581703e+02 6.5059798965e+00 -1.0465328395e+02 5.0208164250e+02 -1.3497019679e-13 3.3577722274e+02
1.0000000000e+00 0.0000000000e+00 4.1973608324e+04 2.6095012048e+04 2.6199374906e+04 4.9822951574e+04 8.0471933545e+05 8.9239338118e+04 -6.1231199371e+01 1.6112657832e+02 3.9830208493e+01 -1.7387124961e+02 7.9513248902e+02 -1.5136150622e-13 2.1123516351e+02
1.0000000000e+00 0.0000000000e+00 2.5151222325e+04 4.4814086622e+04 1.9210611630e+04 2.1611580446e+04 5.5028337766e+05 5.7282679437e+04 -4.5797851959e+01 2.0677199217e+02 6.3869874030e+00 -1.1862230254e+02 6.0446870950e+02 -1.5099875943e-13 3.5618536746e+02
1.0000000000e+00 0.0000000000e+00 1.1817722590e+04 8.6744732603e+04 5.8068272834e+03 1.1139917535e+04 3.9686130118e+05 3.8524680582e+04 -2.2186280654e+01 2.9096622214e+02 -2.0308146442e+01 -8.9293290074e+01 5.1645923968e+02 -1.3119303108e-13 3.9914333804e+02
1.0000000000e+00 0.0000000000e+00 3.5933765701e+04 1.2144488470e+04 1.4552662192e+04 5.9633633655e+04 7.0267191864e+05 8.1101019283e+04 -4.1986307527e+01 -9.5425021917e+01 1.0041293275e+02 -1.9352050787e+02 7.2764587730e+02 -1.2060092065e-13 -2.0204107238e+02
1.0000000000e+00 0.0000000000e+00 1.5576892281e+04 2.1903225537e+04 3.1437379583e+03 3.0857677588e+04 7.1748497199e+05 6.4649892539e+04 -3.3079871008e+01 1.4308054953e+02 3.5303163062e+01 -1.5092330181e+02 6.8314291122e+02 -1.5204295446e-13 1.7473821027e+02
1.0000000000e+00 0.0000000000e+00 7.1981725355e+04 3.8031971195e+05 4.7892676823e+04 4.0574356466e+04 9.3077154590e+05 1.2041132858e+05 -6.9997090256e+01 6.1048308748e+02 -4.7772298577e+01 -1.4857425943e+02 8.5601152873e+02 -1.7958775820e-13 6.8368028955e+02
1.0000000000e+00 0.0000000000e+00 1.5823214451e+04 2.8180358280e+04 1.0267954755e+04 2.5951685713e+04 4.8656619838e+05 5.0281665774e+04 -1.5092733891e+01 -1.6332210240e+02 7.7599212002e+01 -1.4088769280e+02 5.6995763807e+02 -1.0808319507e-13 -2.3191382349e+02
1.0000000000e+00 0.0000000000e+00 1.8571733978e+04 4.5193519619e+04 1.1888561042e+04 2.2146126488e+04 3.9417297339e+05 4.3886816776e+04 -1.3953827818e+01 -2.0914542673e+02 8.8494357421e+01 -1.3173558593e+02 4.7230320685e+02 -1.1496736999e-13 -7.5033653657e+01
1.0000000000e+00 0.0000000000e+00 1.2692667762e+04 2.8296634886e+04 6.6171164392e+03 1.5445053154e+04 3.7496292396e+05 3.6456279733e+04 -1.6478109311e+01 -1.3967426308e+02 7.0483627261e+01 -1.1287507128e+02 4.0984171320e+02 -1.0832485367e-13 -3.4463780177e+02
1.0000000000e+00 0.0000000000e+00 5.0714136651e+04 5.3720182384e+04 3.0141584234e+04 7.7294225509e+04 9.4961939827e+05 1.1447341358e+05 -2.9989724597e+01 -2.1677518770e+02 1.3953052011e+02 -2.3421882222e+02 8.3980143215e+02 -1.2611623079e-13 -3.4705727446e+02
1.0000000000e+00 0.0000000000e+00 1.6634009811e+04 1.2929146036e+05 1.0759297032e+04 1.1660257887e+04 5.5328645182e+05 5.3520864773e+04 -2.0899370525e+01 3.5026126904e+02 -3.4083613106e+01 -9.3488850619e+01 5.8934280704e+02 -1.5412613128e-13 4.6754882938e+02
1.0000000000e+00 0.0000000000e+00 5.5694468109e+04 1.0872097289e+05 4.6147925315e+04 4.1265186545e+04 8.5812739314e+05 1.0164904529e+05 -6.6456246614e+01 3.2956381580e+02 -2.6910847677e+00 -1.5256870802e+02 8.0055493907e+02 -1.6272759341e-13 3.3724892532e+02
1.0000000000e+00 0.0000000000e+00 1.8667431382e+04 9.2595460470e+04 5.2489526548e+03 3.4245309879e+04 7.5547167543e+05 7.3141501799e+04 -2.6210742204e+01 3.0210119718e+02 2.0015666859e+00 -1.4375905288e+02 7.3145127591e+02 -1.6092354448e-13 4.4769426682e+02
1.0000000000e+00 0.0000000000e+00 6.9572169572e+04 2.3215198290e+05 5.1482132898e+04 6.5527893281e+04 6.9844242499e+05 1.1028576448e+05 -2.0590371297e+01 -4.7215824583e+02 1.6908231632e+02 -2.1375384704e+02 7.0065448744e+02 -1.0401790373e-13 -6.4995729035e+02
1.0000000000e+00 0.0000000000e+00 1.9667480094e+04 1.4188404977e+04 1.4319280217e+04 3.7730883621e+04 8.3680938232e+05 8.0219494612e+04 -1.7231829224e+01 -1.1838869261e+02 8.3555247118e+01 -1.7600298482e+02 7.3481234829e+02 -1.4152491707e-13 -1.1747750152e+02
1.0000000000e+00 0.0000000000e+00 8.8215838462e+03 1.1315486304e+03 8.1613466788e+03 1.1016727155e+04 3.0115597408e+05 2.8811423350e+04 -2.2181051345e+01 -1.6133453157e+01 2.6609796400e+01 -8.7360706760e+01 4.2864001264e+02 -1.1467162335e-13 4.2906769579e+01
1.0000000000e+00 0.0000000000e+00 6.3984446851e+03 1.9696532983e+04 1.2377455541e+03 9.1911527308e+03 2.1418657595e+05 2.0070188397e+04 -2.2721571866e+01 1.3968861841e+02 9.9467307690e+00 -7.4225210948e+01 3.3251574768e+02 -1.1853736533e-13 2.1121410959e+02
1.0000000000e+00 0.0000000000e+00 8.8129168948e+03 6.3574669673e+03 3.3627441820e+03 3.0258450634e+04 5.6370976415e+05 5.3361406323e+04 -1.0334629211e+01 6.8681144769e+01 4.1496909717e+01 -1.3967750209e+02 6.2256396965e+02 -1.3375987139e-13 1.7875898060e+02
1.0000000000e+00 0.0000000000e+00 6.5080181998e+03 1.0787097379e+03 2.6412030362e+03 1.1504738483e+04 2.3631666734e+05 2.2288764452e+04 -1.6600751292e+01 6.9173941237e+00 4.0791833620e+01 -9.2709390517e+01 3.5674774045e+02 -1.0850796965e-13 8.8963138919e+01
1.0000000000e+00 0.0000000000e+00 1.8180476433e+04 2.3592496490e+04 1.6922263180e+04 3.0867019211e+04 5.5740905344e+05 5.9910761655e+04 8.6478975773e-01 -1.4709952523e+02 8.3419202972e+01 -1.4709926562e+02 5.6248359668e+02 -1.1940510905e-13 -1.7995333121e+02
1.0000000000e+00 0.0000000000e+00 9.6369209968e+04 3.1894965615e+05 6.6124577763e+04 6.9982388745e+04 9.4985397782e+05 1.3981603684e+05 -9.0971322709e+01 5.6398363290e+02 -2.7434783058e+01 -1.6415005521e+02 8.6458044256e+02 -1.8295771244e-13 6.9517374979e+02
1.0000000000e+00 0.0000000000e+00 3.9040514903e+03 3.1319472779e+04 4.7642966931e+02 5.2371866158e+03 2.4869906642e+05 2.0850383161e+04 -1.1154545469e+01 1.6126555015e+02 -7.6733513983e+00 -5.8996620737e+01 3.2719576102e+02 -1.2634460687e-13 2.7371407539e+02
1.0000000000e+00 0.0000000000e+00 8.2123625098e+04 2.4009583363e+05 5.6917919051e+04 6.7159489801e+04 9.4434646008e+05 1.3029923277e+05 -8.5284072056e+01 4.8590949612e+02 -1.4909380952e+01 -1.6500646921e+02 8.4748582422e+02 -1.8304180500e-13 6.4220705895e+02
1.0000000000e+00 0.0000000000e+00 1.5214567558e+04 3.9201666517e+04 5.4288348866e+03 1.9992599118e+04 4.4440492310e+05 4.3210488469e+04 -3.5550124737e+01 1.9689280336e+02 1.6795530617e+01 -1.1896370940e+02 5.4731931861e+02 -1.3455950315e-13 2.7397649716e+02
1.0000000000e+00 0.0000000000e+00 1.1037024418e+04 5.8695881637e+04 4.7476460278e+03 1.0259446375e+04 2.9002263377e+05 2.9096393353e+04 -2.7964664096e+01 2.4000307876e+02 -7.1108829889e+00 -8.3570710867e+01 4.3088702096e+02 -1.2558921824e-13 3.0005907739e+02
1.0000000000e+00 0.0000000000e+00 7.2133517751e+04 1.3775261986e+04 2.7425080193e+04 1.2012410386e+05 1.1655510933e+06 1.4521666305e+05 -6.8217975787e+01 -4.7025487892e+01 1.2526171094e+02 -2.5911893282e+02 9.7379934500e+02 -1.3520561613e-13 -3.7731134373e+02
1.0000000000e+00 0.0000000000e+00 1.7819398421e+04 1.3621583650e+05 5.7737267365e+03 1.2646623839e+04 4.2758627410e+05 4.3705699289e+04 -3.2868450508e+01 3.5231324273e+02 -2.0347995633e+01 -9.8131788984e+01 5.3101251332e+02 -1.5353288844e-13 6.3344058978e+02
1.0000000000e+00 0.0000000000e+00 3.2939991184e+04 1.2772358200e+05 2.2550418737e+04 2.1536164435e+04 3.4241131573e+05 4.8808621186e+04 -5.0590102574e+01 3.4681480275e+02 -2.2245640174e+01 -8.5916432823e+01 4.6509597261e+02 -1.5275275938e-13 6.3439339484e+02
1.0000000000e+00 0.0000000000e+00 1.0491383161e+05 3.9911953211e+05 4.8354683335e+04 1.0376446596e+05 1.0063676333e+06 1.5519864889e+05 -1.0085454662e+02 6.2066775731e+02 -1.3675936630e+01 -1.9025542698e+02 9.1020839489e+02 -1.9398926436e-13 8.8475360358e+02
1.0000000000e+00 0.0000000000e+00 6.7295533632e+03 1.1352074362e+04 9.1693583594e+03 3.7714292478e+03 2.7490085632e+05 2.4709477761e+04 -1.3915427995e+01 8.7580773579e+01 -9.6127781432e+00 -5.3271119512e+01 3.5533164259e+02 -1.1167986376e-13 -2.7111419744e+01
1.0000000000e+00 0.0000000000e+00 1.1531660242e+04 7.9088608995e+04 5.5107002624e+03 6.6365944701e+03 3.7802786136e+05 3.4715203248e+04 -2.5785959502e+01 2.7635586656e+02 -1.8679968592e+01 -7.8088839937e+01 4.4144318499e+02 -1.4656504986e-13 4.4969962537e+02
1.0000000000e+00 0.0000000000e+00 3.5288805885e+04 6.7724326815e+04 3.3886889710e+04 2.3538533405e+04 5.2083369973e+05 6.3633378128e+04 -5.0739065550e+01 2.5885366088e+02 -9.0166484760e+00 -1.1146377483e+02 6.1676026748e+02 -1.3421680383e-13 1.6747282714e+02
1.0000000000e+00 0.0000000000e+00 8.6005682753e+04 2.0959872091e+04 4.7239829717e+04 1.1842025056e+05 1.1757851629e+06 1.5403182334e+05 -8.9350719381e+01 1.2648975190e+02 7.8128984594e+01 -2.3653913093e+02 9.9645568522e+02 -1.5129090537e-13 1.5189405281e+01
1.0000000000e+00 0.0000000000e+00 2.2895219233e+04 8.6067587431e+04 1.4289257354e+04 1.6537877877e+04 3.4412884907e+05 4.1041934377e+04 -4.4611197643e+01 2.8668789486e+02 -1.2619986965e+01 -8.8137785045e+01 4.6256220105e+02 -1.3898259052e-13 4.7743514865e+02
1.0000000000e+00 0.0000000000e+00 1.4463893332e+05 6.5651188873e+05 8.5881641424e+04 1.1035982979e+05 1.0007857884e+06 1.8671653234e+05 -1.1203997790e+02 8.0203312811e+02 -5.3126432561e+01 -1.7517558805e+02 9.2827514006e+02 -1.9340754299e-13 9.8890308127e+02
1.0000000000e+00 0.0000000000e+00 1.4951062158e+04 2.6521540058e+03 6.3661456277e+03 2.2836665502e+04 3.6680184710e+05 3.7872863283e+04 -3.0528664424e+01 2.3562688267e+01 5.3077413039e+01 -1.2649880660e+02 4.9292783912e+02 -1.1344179956e-13 -3.5787222016e+01
1.0000000000e+00 0.0000000000e+00 1.5052283277e+04 6.8906171986e+04 3.1900634374e+03 1.9973949147e+04 4.8221801228e+05 4.6249786736e+04 -2.9382079054e+01 2.4488600216e+02 1.7076794008e+01 -1.2575536865e+02 5.5587590403e+02 -1.4902918374e-13 5.0675229865e+02
1.0000000000e+00 0.0000000000e+00 1.2429682263e+04 2.6245420588e+04 1.0964569381e+04 9.9199964091e+03 4.4248325954e+05 4.0271973397e+04 -2.7706910950e+01 1.5915939544e+02 8.2486099515e-01 -9.3195363649e+01 5.0419439501e+02 -1.3280491092e-13 1.3537043608e+02
1.0000000000e+00 0.0000000000e+00 3.2635983533e+04 6.3889089909e+04 1.5161050293e+04 3.8994079193e+04 6.5649423756e+05 7.1484431570e+04 -5.5746754351e+01 2.4941288539e+02 1.9639132407e+01 -1.5086434423e+02 7.0493016037e+02 -1.4969239428e-13 3.7539955436e+02
1.0000000000e+00 0.0000000000e+00 2.0356591922e+04 1.7388220816e+04 9.1727984306e+03 2.6724632941e+04 4.4844429262e+05 4.7061102941e+04 -4.2356064036e+01 1.1367878507e+02 3.6050371602e+01 -1.2426050175e+02 5.2072697274e+02 -1.4688586247e-13 3.2807423569e+02
1.0000000000e+00 0.0000000000e+00 2.7711867248e+04 7.3805613313e+03 1.4827921159e+04 4.1207930435e+04 4.7155887606e+05 5.7107629612e+04 -3.7621099460e+01 -8.1671494562e+01 8.3965864308e+01 -1.6165221650e+02 6.0869406953e+02 -1.1434753070e-13 3.8013010749e+00
1.0000000000e+00 0.0000000000e+00 5.1726472906e+03 4.3261059371e+03 3.7385508137e+03 9.2262610261e+03 2.5078570780e+05 2.2865361015e+04 -5.2340319393e+00 -4.9734701757e+01 4.0548893104e+01 -8.3813853953e+01 3.4017018882e+02 -1.0641737281e-13 4.1134704767e+01
1.0000000000e+00 0.0000000000e+00 1.7295767678e+05 7.6286155540e+05 1.0289082156e+05 1.2734542147e+05 1.6415322160e+06 2.5008720305e+05 -1.2161037818e+02 8.6485352811e+02 -5.0590477781e+01 -2.2141840522e+02 1.1767034419e+03 -2.3154179703e-13 1.1796887236e+03
1.0000000000e+00 0.0000000000e+00 1.5903524305e+04 1.1553593911e+05 9.2994218006e+03 1.4450935062e+04 5.1180117416e+05 5.0682638201e+04 -2.2600183372e+01 3.3160386042e+02 -2.9924391819e+01 -9.6676948055e+01 5.9784190668e+02 -1.4267351435e-13 5.0517741677e+02
1.0000000000e+00 0.0000000000e+00 1.8790931975e+04 5.1197699658e+04 1.1691776055e+04 1.6789578724e+04 4.2912247866e+05 4.4027570409e+04 -3.9504103833e+01 2.2542847796e+02 9.4830743754e-01 -1.0630432375e+02 5.4279084776e+02 -1.3843079778e-13 3.1980216948e+02
1.0000000000e+00 0.0000000000e+00 1.1256047830e+04 2.2775295601e+03 2.9930972749e+03 2.1798090289e+04 3.8191061853e+05 3.6946842809e+04 -2.5389513683e+01 3.5500934536e+01 4.7361200857e+01 -1.2415352490e+02 5.0501632619e+02 -1.0939594792e-13 3.3893437138e+01
1.0000000000e+00 0.0000000000e+00 8.6188054725e+03 6.0718810001e+04 4.0053102210e+03 7.2155653483e+03 3.3281217059e+05 3.0378075343e+04 -1.8770334997e+01 2.3895845967e+02 -1.3372475928e+01 -7.7377809079e+01 4.3015298075e+02 -1.3078495190e-13 3.5290350658e+02
1.0000000000e+00 0.0000000000e+00 1.1992743362e+05 6.0879787597e+05 8.8521452948e+04 5.8519607571e+04 8.5250909962e+05 1.5207968355e+05 -9.1610494606e+01 7.7627343598e+02 -7.6850492963e+01 -1.3256597587e+02 8.1281350085e+02 -1.9144548659e-13 9.1625217686e+02
1.0000000000e+00 0.0000000000e+00 8.9290150445e+03 5.8644625480e+04 1.8682940275e+03 1.1537625257e+04 3.0506781164e+05 2.9442516496e+04 -2.0634061272e+01 2.3741541516e+02 -5.9136284368e+00 -8.5751725320e+01 4.3977969113e+02 -1.2013721242e-13 3.2163806530e+02
1.0000000000e+00 0.0000000000e+00 1.9692217371e+05 8.6627009462e+05 1.2371245046e+05 1.4754664394e+05 2.3419159735e+06 3.2042109732e+05 -1.2582376125e+02 9.2494258397e+02 -5.2329352960e+01 -2.6108284484e+02 1.4103131131e+03 -2.4847812038e-13 1.1331585651e+03
1.0000000000e+00 0.0000000000e+00 5.9923332905e+04 7.6956972795e+02 2.8767286898e+04 1.0056849010e+05 1.3457963131e+06 1.4843234291e+05 -6.4668445937e+01 -9.9746057404e+00 9.6022443698e+01 -2.4479275669e+02 1.0376350848e+03 -1.5750953079e-13 -9.5593726193e+01
1.0000000000e+00 0.0000000000e+00 1.1489882008e+04 3.8319240065e+04 7.5629843711e+03 1.0227761592e+04 2.4646747182e+05 2.6358141775e+04 -3.0514414250e+01 1.9400448331e+02 -5.0085791348e+00 -7.4382052371e+01 3.8947147116e+02 -1.1627856755e-13 1.5391944488e+02
1.0000000000e+00 0.0000000000e+00 1.0308418434e+04 1.2465699376e+04 4.9226264245e+03 2.0557321923e+04 3.7444870032e+05 3.7219721412e+04 -1.8846452313e+01 -8.7237530626e+01 5.6821596395e+01 -1.1815652438e+02 4.9434319864e+02 -1.0468673513e-13 -2.1108209018e+02
1.0000000000e+00 0.0000000000e+00 3.7684411118e+04 1.4625856738e+05 2.6887765115e+04 2.9591075219e+04 5.6069953881e+05 6.9919621766e+04 -5.3959097845e+01 3.7672746654e+02 -2.0709981006e+01 -1.1853015081e+02 6.5251239935e+02 -1.5903012228e-13 6.0460264391e+02
1.0000000000e+00 0.0000000000e+00 5.5225405098e+03 4.9469361750e+03 3.1843057099e+03 1.0933978292e+04 3.6978589238e+05 3.1433253205e+04 -1.5765621254e+01 6.6962358341e+01 2.4489203940e+01 -9.7724087488e+01 4.5078400890e+02 -1.3080574224e-13 1.4111425130e+02
1.0000000000e+00 0.0000000000e+00 3.3216691882e+04 1.9402278974e+03 1.4537395491e+04 5.4221621125e+04 8.3036920547e+05 8.6731257264e+04 -4.0567071746e+01 -3.7391685962e+01 9.4456143905e+01 -2.0034668228e+02 7.6903097538e+02 -1.4264796962e-13 -1.1247087931e+02
1.0000000000e+00 0.0000000000e+00 2.9599049351e+04 2.4864467064e+02 1.1743099194e+04 5.4567599664e+04 8.1068120721e+05 8.4275231644e+04 -3.3098268379e+01 6.2401804553e+00 8.6964894378e+01 -1.9575400266e+02 7.5407515137e+02 -1.4093323390e-13 -4.4714051015e+01
1.0000000000e+00 0.0000000000e+00 6.0867575444e+04 2.4023690676e+05 2.2520834346e+04 6.9292310981e+04 1.0141582037e+06 1.2113808462e+05 -7.4340825694e+01 4.8235598297e+02 1.8069061843e+00 -1.9076019915e+02 9.1610168807e+02 -1.7393646653e-13 6.7822041176e+02
1.0000000000e+00 0.0000000000e+00 2.5352070523e+03 5.4272946315e+03 3.3057667167e+03 4.0824007076e+03 1.9487068755e+05 1.6646481725e+04 -2.5543353461e+00 7.3316151069e+01 -1.2893268310e+01 -3.7192216407e+01 2.7875151063e+02 -1.0432862274e-13 5.5101451563e+01
1.0000000000e+00 0.0000000000e+00 1.2077887109e+05 2.3780389774e+05 9.2968609969e+04 1.0184698487e+05 1.1288519899e+06 1.7382163658e+05 -1.0394252189e+02 4.8598156491e+02 -5.5565055575e+00 -1.9080745765e+02 9.6094675080e+02 -1.7932736584e-13 3.8300537643e+02
1.0000000000e+00 0.0000000000e+00 6.1297877071e+03 1.8236857496e+03 3.4678453407e+03 1.8713012478e+04 4.3258868253e+05 3.9142611142e+04 -1.0254013471e+01 2.2564423869e+01 3.9605420778e+01 -1.1858533693e+02 5.2680579047e+02 -1.2600891865e-13 2.1469899524e+02
1.0000000000e+00 0.0000000000e+00 4.8244971066e+04 1.3195766534e+05 4.7301972838e+04 2.4596249661e+04 3.6971788796e+05 6.2908459424e+04 -5.9072813043e+01 3.6317516251e+02 -3.3336381902e+01 -8.5085444085e+01 5.1855917596e+02 -1.3096940923e-13 4.2116353243e+02
1.0000000000e+00 0.0000000000e+00 3.3239264333e+04 3.9479543866e+04 1.4412538418e+04 6.0403805149e+04 1.0994394194e+06 1.0942760977e+05 -5.1187441991e+01 1.9083154550e+02 4.1954516871e+01 -1.9508637638e+02 9.0229658687e+02 -1.6271071761e-13 8.7615297662e+01
1.0000000000e+00 0.0000000000e+00 1.3305072612e+05 8.6539310143e+05 8.0892301695e+04 6.2245113821e+04 1.0422755769e+06 1.7593336054e+05 -9.2596371050e+01 9.1965694059e+02 -8.9844591027e+01 -1.5170769518e+02 9.1932132205e+02 -2.0969796072e-13 1.1505322048e+03
1.0000000000e+00 0.0000000000e+00 2.0215011689e+05 5.4575774070e+05 1.4260715819e+05 1.7595985455e+05 1.6031250105e+06 2.7586716740e+05 -1.3646845593e+02 7.3807182965e+02 -2.4357671937e+01 -2.3524216103e+02 1.1947595261e+03 -2.0754165881e-13 8.5021136260e+02
1.0000000000e+00 0.0000000000e+00 3.3454351886e+03 6.6323755354e+03 3.7030792826e+03 3.7330300193e+03 2.0350552680e+05 1.7300170884e+04 -7.7980448080e+00 -1.0099960524e+01 1.3610766243e+01 -4.7124114998e+01 2.3700741002e+02 -1.0463647978e-13 -7.6362116670e+01
1.0000000000e+00 0.0000000000e+00 1.6995732246e+04 1.2357629158e+05 1.0676074937e+04 6.8092329026e+03 3.4979738146e+05 3.7322103454e+04 -2.7249419626e+01 3.4718829439e+02 -3.4050991487e+01 -7.4656613077e+01 4.6478561258e+02 -1.3263333855e-13 3.6504153225e+02
1.0000000000e+00 0.0000000000e+00 6.2895650851e+03 4.7589305290e+03 8.1878907731e+03 1.6344676440e+04 3.1833193734e+05 3.2566779198e+04 9.0385399641e+00 6.4239310984e+01 2.2975644632e+01 -8.5489489590e+01 3.8023499619e+02 -1.2020270925e-13 6.6063755924e+01
1.0000000000e+00 0.0000000000e+00 9.8846526889e+04 1.7907169711e+05 6.6822063372e+04 9.6213227049e+04 9.9768568785e+05 1.4827497594e+05 -9.7877353052e+01 4.2296131331e+02 8.4061218270e+00 -1.8926045890e+02 9.0740982437e+02 -1.7128577754e-13 4.8541440336e+02
1.0000000000e+00 0.0000000000e+00 2.8367044344e+04 5.1559627565e+03 1.8872183224e+04 3.9712229546e+04 7.8805416862e+05 7.9352006447e+04 -4.2188604635e+01 -1.0361789956e+01 6.3943387353e+01 -1.7345916816e+02 7.6395027333e+02 -1.2971594988e-13 -1.9909392670e+02
1.0000000000e+00 0.0000000000e+00 2.2487217383e+04 4.0339540942e+04 1.8529798947e+04 1.7477071060e+04 3.6004227844e+05 4.2102731558e+04 -4.2312687925e+01 1.9730133210e+02 1.1313263460e+00 -9.5867095457e+01 4.9213731190e+02 -1.2779621706e-13 2.2522572138e+02
1.0000000000e+00 0.0000000000e+00 2.8143024419e+04 1.4282742536e+05 1.5228994260e+04 1.9337172658e+04 6.0656842130e+05 6.3172432282e+04 -4.5750418779e+01 3.6203408383e+02 -1.7318223147e+01 -1.1572844261e+02 6.2274546059e+02 -1.6861740276e-13 5.9980222447e+02
1.0000000000e+00 0.0000000000e+00 1.0958045417e+04 2.6383024218e+04 5.8440963064e+03 1.1663668898e+04 3.3459916779e+05 3.1603642847e+04 -2.8606669886e+01 1.6090254943e+02 8.5856353367e+00 -8.9750776875e+01 4.3001351710e+02 -1.3679546120e-13 2.9204627804e+02
1.0000000000e+00 0.0000000000e+00 1.3553295556e+04 6.9495463201e+04 4.6461276988e+03 1.6649348242e+04 4.7098345810e+05 4.4647665903e+04 -2.9479536301e+01 2.6250540047e+02 -2.6641565337e+00 -1.0874963643e+02 5.5511239244e+02 -1.3514243810e-13 2.8042029261e+02
1.0000000000e+00 0.0000000000e+00 1.3448038196e+05 4.9884127970e+05 8.1489876005e+04 1.1433487081e+05 1.4074709624e+06 2.0617396537e+05 -1.0998259302e+02 7.0551851154e+02 -2.9408816158e+01 -2.1076893891e+02 1.0865453300e+03 -2.0806644574e-13 8.2994921958e+02
1.0000000000e+00 0.0000000000e+00 7.3592411901e+04 4.0251408824e+05 3.5407602221e+04 5.6443858178e+04 9.0295817414e+05 1.2143241273e+05 -7.7408925617e+01 6.1740546022e+02 -3.6278666029e+01 -1.5652209975e+02 8.3068709012e+02 -2.0060587274e-13 9.7586456873e+02
1.0000000000e+00 0.0000000000e+00 3.5126609599e+04 4.9369123396e+04 1.3015854758e+04 4.7367247498e+04 6.2368111790e+05 7.1420551907e+04 -5.9023406746e+01 2.2161406152e+02 3.2942785944e+01 -1.5795071699e+02 6.8775192645e+02 -1.4436048758e-13 2.4739953044e+02
1.0000000000e+00 0.0000000000e+00 1.6500925626e+04 2.6052009538e+03 5.4377715707e+03 4.0340932627e+04 6.9155162842e+05 6.7228011630e+04 -2.5654822483e+01 -1.5617962395e+01 6.6097922933e+01 -1.6621996823e+02 7.0533852309e+02 -1.2647689124e-13 -1.6718250121e+02
1.0000000000e+00 0.0000000000e+00 7.5605678699e+04 2.9322362667e+05 3.0271795897e+04 8.2256326662e+04 1.1364338896e+06 1.4118708982e+05 -8.3237054698e+01 5.3876287735e+02 -1.4328796988e+00 -2.0090302886e+02 9.6356683265e+02 -1.7891553834e-13 5.3872029246e+02
1.0000000000e+00 0.0000000000e+00 1.5633386151e+04 2.5950192660e+03 3.4744678134e+03 3.6708774975e+04 6.5270003728e+05 6.2125613192e+04 -2.7429007671e+01 4.0859768479e+01 5.2161595540e+01 -1.5576736134e+02 6.8284627089e+02 -1.4072595476e-13 2.0327461917e+02
1.0000000000e+00 0.0000000000e+00 2.8633254636e+04 4.5590413414e+04 1.3437269739e+04 3.9803496600e+04 7.9752596469e+05 7.9687806242e+04 -5.0228904771e+01 2.1166812858e+02 2.6485868731e+01 -1.6134807798e+02 7.5929198347e+02 -1.5454645412e-13 2.7472808252e+02
1.0000000000e+00 0.0000000000e+00 2.4005461755e+04 6.0662185188e+03 1.3225572815e+04 3.2821587071e+04 5.7806221172e+05 5.9723062007e+04 -4.4407311067e+01 4.3241830373e+01 4.8275883321e+01 -1.4462276742e+02 6.3107408395e+02 -1.2797987126e-13 -1.1451006150e+02
1.0000000000e+00 0.0000000000e+00 4.0978946316e+04 5.7410786288e+04 7.8031394091e+03 7.6769432259e+04 1.0373949148e+06 1.1069267124e+05 -5.7982417245e+01 2.3896798216e+02 5.4351640517e+01 -2.1379086803e+02 9.1318350150e+02 -1.6109621644e-13 2.8400883612e+02
1.0000000000e+00 0.0000000000e+00 5.5321672335e+03 3.3336901861e+02 2.9180280982e+03 1.4982633097e+04 3.5534485451e+05 3.1949659922e+04 -9.2388760663e+00 -6.4982613794e+00 4.0121998909e+01 -1.0351285462e+02 4.4353987483e+02 -1.1978136902e-13 2.2317120728e+01
1.0000000000e+00 0.0000000000e+00 2.2776095785e+03 1.7245946072e+04 1.5307742912e+03 4.3483768863e+03 2.6728914882e+05 2.1457106789e+04 -3.0914989376e+00 1.3062331246e+02 -8.3519442083e+00 -4.5027949361e+01 2.6017271657e+02 -1.2475161113e-13 8.6192749784e+01
1.0000000000e+00 0.0000000000e+00 9.1991075313e+03 4.5231979301e+04 6.4940875686e+03 5.0066621827e+03 2.7189655812e+05 2.5588797426e+04 -2.3576295985e+01 2.0628603145e+02 -1.3320835299e+01 -6.4865937220e+01 3.6973695998e+02 -1.2913126896e-13 3.2221625181e+02
1.0000000000e+00 0.0000000000e+00 1.2122541290e+04 3.2566031117e+04 7.6716129593e+03 1.3185070872e+04 3.0652582814e+05 3.1497094671e+04 -1.5798946119e+01 -1.7332236637e+02 6.4587225680e+01 -1.0309680341e+02 4.0664386129e+02 -1.0014112149e-13 -2.0834013805e+02
1.0000000000e+00 0.0000000000e+00 1.1483058655e+04 1.1664689408e+05 2.8051353135e+03 4.5962583025e+03 2.6011320182e+05 2.6553457856e+04 -2.1132963505e+01 3.2398604300e+02 -2.6201231880e+01 -6.3358432962e+01 3.5558327473e+02 -1.4189805219e-13 6.1204954325e+02
1.0000000000e+00 0.0000000000e+00 2.8170835036e+04 8.0902981939e+04 2.2596322502e+04 2.0143089215e+04 5.8789739337e+05 6.2393471046e+04 -4.5536439566e+01 2.8293315410e+02 -9.6152283605e+00 -1.1733829772e+02 6.4237955393e+02 -1.4596628334e-13 1.7627122118e+02
1.0000000000e+00 0.0000000000e+00 7.7234947439e+04 1.9961429772e+05 4.6185984740e+04 7.0927606453e+04 8.9775928323e+05 1.2224060466e+05 -8.6074126454e+01 4.4663771658e+02 -1.7660921989e+00 -1.7020337044e+02 8.2707135355e+02 -1.7025036528e-13 4.2363726403e+02
1.0000000000e+00 0.0000000000e+00 4.3318269132e+03 2.8501129642e+03 2.3528196375e+03 1.0214265221e+04 2.9609270915e+05 2.5689062601e+04 -1.2603948488e+01 -3.1307606337e+01 3.2515237206e+01 -8.7827475752e+01 4.0508967016e+02 -1.0446126533e-13 -1.3470879762e+02
1.0000000000e+00 0.0000000000e+00 1.4421332628e+04 7.9324109743e+04 1.2882131077e+04 4.3555741444e+03 3.3680777765e+05 3.4100680457e+04 -2.4086221867e+01 2.7831643659e+02 -3.0612030430e+01 -6.1883806744e+01 4.0753111404e+02 -1.4042226052e-13 4.2131917406e+02
1.0000000000e+00 0.0000000000e+00 8.2345470710e+04 2.0879194823e+05 5.7966837840e+04 7.1249895880e+04 1.0758406715e+06 1.3989660333e+05 -8.5620715547e+01 4.5618012705e+02 -6.5409458522e+00 -1.7955457229e+02 9.1352364987e+02 -1.8885151480e-13 5.5317558147e+02
1.0000000000e+00 0.0000000000e+00 1.8208745378e+04 1.8403099111e+03 1.0110742123e+04 2.5710836802e+04 5.3511643277e+05 5.2067361653e+04 -3.7002829266e+01 3.9367108961e+01 4.5536605799e+01 -1.3648629117e+02 5.9677964219e+02 -1.3408088699e-13 8.7487507031e+01
1.0000000000e+00 0.0000000000e+00 1.7110358800e+04 4.8473160476e+04 8.5835239978e+03 1.8737891445e+04 3.6292615535e+05 3.8981519309e+04 -3.9491938593e+01 2.1943277379e+02 4.4626610887e+00 -1.0122820490e+02 4.9054991908e+02 -1.2956416639e-13 2.5502938548e+02
1.0000000000e+00 0.0000000000e+00 7.6363414538e+03 3.3505962167e+03 6.7745431282e+03 1.1010983904e+04 4.7655656739e+05 4.0118148622e+04 -1.6188655214e+01 -4.5281956060e+01 3.6050389649e+01 -1.0005279866e+02 4.7490094723e+02 -1.3000069753e-13 -1.3605340293e+02
1.0000000000e+00 0.0000000000e+00 2.7385328506e+04 2.8606275488e+04 1.5010570826e+04 3.8408817003e+04 7.2436207818e+05 7.3974170341e+04 -4.7971058037e+01 1.6811267372e+02 3.2395984851e+01 -1.5799926767e+02 7.3093518722e+02 -1.4950422353e-13 2.2364104834e+02
1.0000000000e+00 0.0000000000e+00 1.0567419275e+04 7.0470410221e+03 5.7141866193e+03 1.2295394076e+04 2.7544666307e+05 2.6898134990e+04 -2.9595252403e+01 7.9695100843e+01 2.3554787026e+01 -8.8469780107e+01 3.8519118509e+02 -1.1898502870e-13 1.1396197720e+02
1.0000000000e+00 0.0000000000e+00 5.8949580264e+03 1.1919397962e+04 1.0554345325e+03 1.2091335376e+04 2.8543078487e+05 2.5710118216e+04 -1.7925776485e+01 1.0416280761e+02 1.9091118594e+01 -8.9190677767e+01 4.0064970119e+02 -1.2245602724e-13 2.2553322885e+02
1.0000000000e+00 0.0000000000e+00 4.2427574191e+04 2.0962138762e+05 2.0842319204e+04 3.2249236478e+04 5.1856616853e+05 6.8816306131e+04 -5.8346127918e+01 4.5441037743e+02 -2.2814243500e+01 -1.1797653624e+02 6.0513858716e+02 -1.5488944609e-13 5.0110471796e+02
1.0000000000e+00 0.0000000000e+00 1.2285909943e+04 3.6715250962e+02 5.5604781524e+03 2.2140696778e+04 4.9310141467e+05 4.5592660102e+04 -2.3633433860e+01 -4.0884201479e+00 5.2032981415e+01 -1.3155867446e+02 5.5397759720e+02 -1.2664830450e-13 6.0061882699e+01
1.0000000000e+00 0.0000000000e+00 1.9280134498e+04 3.9778498912e+04 1.7102457758e+04 2.3047354740e+04 3.6895328941e+05 4.4577812376e+04 -5.9626055271e+00 -1.9401166348e+02 8.4367704448e+01 -1.2993778386e+02 4.7553404201e+02 -1.1084308551e-13 -3.9375259751e+01
1.0000000000e+00 0.0000000000e+00 4.3042538564e+04 1.8308802702e+05 2.2565042545e+04 3.4220871722e+04 6.2069516297e+05 7.6006984871e+04 -6.0860032674e+01 4.2143151473e+02 -1.5934948661e+01 -1.3092969434e+02 6.7238808549e+02 -1.5977633056e-13 5.3021953017e+02
1.0000000000e+00 0.0000000000e+00 1.0907563171e+05 2.0277205556e+05 6.6027329482e+04 1.2147351848e+05 1.2431220384e+06 1.7703511811e+05 -1.0281231859e+02 4.4870734096e+02 1.8984309846e+01 -2.2172343747e+02 1.0389215403e+03 -1.7231972518e-13 4.4448117811e+02
1.0000000000e+00 0.0000000000e+00 4.8834789555e+04 2.7041076045e+05 2.7970879963e+04 3.0636896337e+04 6.7846058594e+05 8.4922047413e+04 -6.0289664858e+01 5.1590684305e+02 -3.7160772864e+01 -1.2692021240e+02 7.1198442112e+02 -1.6351976693e-13 5.8251902759e+02
1.0000000000e+00 0.0000000000e+00 5.2764769545e+04 3.9737464806e+04 2.4015639119e+04 6.9854382622e+04 7.3668542138e+05 9.3454832607e+04 -7.3078586333e+01 1.9902481454e+02 4.7165998905e+01 -1.7805697989e+02 7.4838036534e+02 -1.4794476540e-13 2.3144959444e+02
1.0000000000e+00 0.0000000000e+00 1.0472642175e+05 4.9353982646e+05 7.8150852480e+04 5.9889307648e+04 1.2755413290e+06 1.7097936608e+05 -8.5230210959e+01 6.9513187893e+02 -5.6165862735e+01 -1.7390796411e+02 1.0178633275e+03 -2.0390420957e-13 9.1979333785e+02
1.0000000000e+00 0.0000000000e+00 1.1454347420e+04 1.8062170732e+04 1.7576400343e+03 2.2064426115e+04 4.0356973628e+05 3.8772368556e+04 -2.6783113190e+01 1.3274304720e+02 3.4678203524e+01 -1.2662683123e+02 5.3140783610e+02 -1.1759228031e-13 1.6934582531e+02
1.0000000000e+00 0.0000000000e+00 3.3711600242e+04 6.3993083424e+04 2.3495535337e+04 3.2261180437e+04 5.8042297049e+05 6.6921418311e+04 -5.4747421185e+01 2.5158280573e+02 7.3649849939e+00 -1.3218412012e+02 6.5641601104e+02 -1.4693192780e-13 3.0339496446e+02
1.0000000000e+00 0.0000000000e+00 1.7758791033e+04 3.1709648510e+04 1.4935738903e+04 1.3299895084e+04 3.9797578585e+05 4.0788990817e+04 -3.6771428626e+01 1.7424293225e+02 2.4474582316e+00 -9.5474379644e+01 4.9802196441e+02 -1.2298340628e-13 6.8676207100e+01
1.0000000000e+00 0.0000000000e+00 3.6685335498e+03 2.0118956195e+04 7.9462801013e+02 5.3193875785e+03 2.5568660852e+05 2.0940591630e+04 -1.4476448026e+01 1.3245612298e+02 4.5386941886e+00 -7.0181805331e+01 3.4531342642e+02 -1.1675429721e-13 2.0630510089e+02
1.0000000000e+00 0.0000000000e+00 2.6939893679e+04 1.1048168779e+04 1.9707955309e+04 3.5396728492e+04 5.6820813929e+05 6.3265641653e+04 -4.7532712944e+01 1.0053654462e+02 3.0747765519e+01 -1.3878162251e+02 6.6200434523e+02 -1.2663925746e-13 1.1306743295e+02
1.0000000000e+00 0.0000000000e+00 1.9843894547e+04 1.0936356756e+03 9.8175689024e+03 3.2120491810e+04 6.5498099671e+05 6.2864421835e+04 -3.1423516678e+01 -3.1362113911e+01 7.0653260432e+01 -1.6318014764e+02 6.6728594714e+02 -1.3146226266e-13 -4.4598208836e+01
1.0000000000e+00 0.0000000000e+00 4.6948929422e+03 2.4621516981e+03 1.3389340653e+03 1.0969162005e+04 2.4609975637e+05 2.2211645171e+04 -1.3859445925e+01 6.7135693555e+00 3.2088499372e+01 -8.7906263756e+01 3.8038844823e+02 -9.7568054251e-14 -1.0141484794e+02
1.0000000000e+00 0.0000000000e+00 5.1733869726e+03 2.4182099840e+04 3.1880371485e+03 1.0705914699e+04 2.9517134358e+05 2.7264791943e+04 -3.1349442920e+00 -1.3107082632e+02 4.1886417365e+01 -8.3795334346e+01 3.9129887224e+02 -1.0387288967e-13 -2.4097821778e+02
1.0000000000e+00 0.0000000000e+00 2.4782666014e+04 6.7611359708e+04 1.6149927404e+04 2.3172523691e+04 5.9435409656e+05 6.0761101169e+04 -4.5345617866e+01 2.5708016553e+02 9.8544673814e-01 -1.2429262335e+02 6.4020645744e+02 -1.4896639675e-13 3.6466932428e+02
1.0000000000e+00 0.0000000000e+00 4.5716107321e+04 1.7247827970e+05 4.3916776405e+04 1.8321484036e+04 6.4232474723e+05 7.8951864480e+04 -5.2842674169e+01 4.1200535451e+02 -4.1432659918e+01 -1.0237990548e+02 6.5080397945e+02 -1.7119392151e-13 5.9421213633e+02
1.0000000000e+00 0.0000000000e+00 4.8402086629e+04 7.6711060784e+04 3.1681707333e+04 4.6761294676e+04 6.7335414605e+05 8.3886762672e+04 -6.6308884047e+01 2.7533368613e+02 1.4824332624e+01 -1.4965350903e+02 7.0858340260e+02 -1.4422972779e-13 1.7164195117e+02
1.0000000000e+00 0.0000000000e+00 8.2509509104e+03 3.0554304917e+03 3.1687740448e+03 1.6755672566e+04 4.0083574230e+05 3.6053856111e+04 -2.1496821020e+01 4.9495585333e+01 3.4565264728e+01 -1.1320681126e+02 5.0314102306e+02 -1.1888365971e-13 6.0606669154e+01
1.0000000000e+00 0.0000000000e+00 1.0953474414e+04 9.1862083270e+03 5.3680115154e+03 2.1699928323e+04 4.3109774491e+05 4.1576336756e+04 -1.7913566048e+01 -9.0277457946e+01 6.1858761820e+01 -1.2671007995e+02 5.2179984515e+02 -1.1258395046e-13 -1.2017011747e+02
1.0000000000e+00 0.0000000000e+00 5.1696962991e+04 2.1780788196e+05 3.4930266184e+04 3.8349292136e+04 6.4148578037e+05 8.6320276426e+04 -6.3878650980e+01 4.6258409403e+02 -2.7636605281e+01 -1.3063292139e+02 7.1512272004e+02 -1.5476617163e-13 4.6882389136e+02
1.0000000000e+00 0.0000000000e+00 1.1586059285e+04 1.1112371771e+04 8.2591648077e+03 1.7110854408e+04 3.7188426493e+05 3.6860181986e+04 -1.7372063700e+01 -1.0344663659e+02 5.9737149099e+01 -1.1522984541e+02 4.6790308467e+02 -1.1367620724e-13 -6.6418395117e+01
1.0000000000e+00 0.0000000000e+00 1.8940305460e+05 4.1945965679e+05 1.0253114720e+05 2.0251470138e+05 1.9338315799e+06 2.8659364913e+05 -1.3863877449e+02 6.4156248443e+02 1.6313847151e+01 -2.7432056802e+02 1.2677935909e+03 -2.3760102831e-13 8.6997849512e+02
1.0000000000e+00 0.0000000000e+00 2.9033056617e+04 5.0905531445e+04 9.8455693148e+03 4.3759383319e+04 6.9486285631e+05 7.3286136283e+04 -5.0756358101e+01 2.2485562817e+02 3.3202366787e+01 -1.6471325996e+02 7.2916822329e+02 -1.4697719865e-13 2.4928881309e+02
1.0000000000e+00 0.0000000000e+00 1.3243764171e+04 7.7478572463e+04 9.1912425268e+03 6.7227757663e+03 3.3684344536e+05 3.3491100656e+04 -2.3694251002e+01 2.7133250627e+02 -2.4468286723e+01 -7.1651869014e+01 4.3896144343e+02 -1.4514235002e-13 4.9759068481e+02
1.0000000000e+00 0.0000000000e+00 4.4963447060e+04 1.4215661811e+05 3.7588795411e+04 2.8608851881e+04 8.2665829855e+05 9.1773874311e+04 -5.7542242223e+01 3.7483517040e+02 -1.9976060846e+01 -1.3712408642e+02 7.7420666705e+02 -1.6537418320e-13 4.0464207905e+02
1.0000000000e+00 0.0000000000e+00 2.2033759890e+04 1.9793793668e+05 6.1711667329e+03 1.5807746915e+04 5.0136583549e+05 5.3322331974e+04 -3.2394199975e+01 4.3672474363e+02 -3.0728866069e+01 -1.0522070740e+02 5.8311704247e+02 -1.5940506101e-13 5.6879262279e+02
1.0000000000e+00 0.0000000000e+00 1.4563385356e+05 4.6409109390e+05 1.1784700421e+05 9.7087924916e+04 1.2311191578e+06 2.0046767909e+05 -1.0894463807e+02 6.8055666463e+02 -4.4885462688e+01 -1.8355765371e+02 1.0211592949e+03 -1.9749659406e-13 7.8536698361e+02
1.0000000000e+00 0.0000000000e+00 3.0917828370e+04 1.1011570059e+05 1.5469807024e+04 2.8327986863e+04 4.0479180084e+05 5.2152017141e+04 -5.2985313647e+01 3.2387786688e+02 -4.7602046076e+00 -1.0682333911e+02 5.1045437754e+02 -1.4931905683e-13 4.7512047762e+02
1.0000000000e+00 0.0000000000e+00 2.0886419388e+04 2.4549034613e+04 1.4661731944e+04 2.9039802197e+04 6.8341300980e+05 6.6632339306e+04 -3.9479586783e+01 1.4389803078e+02 2.1632441842e+01 -1.3914732198e+02 6.9099151601e+02 -1.4056058981e-13 5.4180491248e+00
1.0000000000e+00 0.0000000000e+00 2.6909731925e+04 7.5515700932e+03 1.2304726917e+04 4.3590586759e+04 7.1836254904e+05 7.3705690489e+04 -3.5822587854e+01 -7.7725188993e+01 8.3452727084e+01 -1.7654751165e+02 7.0922074040e+02 -1.3497354861e-13 -8.6568946778e+01
1.0000000000e+00 0.0000000000e+00 5.0232271052e+03 5.0647826978e+04 1.3800968555e+03 7.1640623776e+03 3.7432486514e+05 3.1516992552e+04 -7.6816121836e+00 2.2161292198e+02 -9.2919388059e+00 -7.4318708246e+01 3.9619178752e+02 -1.3148827120e-13 2.5374171786e+02
1.0000000000e+00 0.0000000000e+00 5.1757112517e+03 6.7293208818e+04 7.5029780298e+02 8.5164290179e+03 3.7215987471e+05 3.2534876498e+04 -3.5390307451e+00 2.2866047255e+02 -1.8050648502e+01 -6.7750549487e+01 4.0298751377e+02 -1.4801038055e-13 4.7517224287e+02
1.0000000000e+00 0.0000000000e+00 8.3593168130e+03 8.1347468691e+03 7.3316197749e+03 9.0899265012e+03 2.6712617845e+05 2.5640104639e+04 -1.4209541561e+01 -8.6847421672e+01 4.7755550902e+01 -9.1135901960e+01 3.7050440096e+02 -1.1601266099e-13 1.6416956766e+01
1.0000000000e+00 0.0000000000e+00 1.3648118061e+04 3.3609709143e+04 9.5129101875e+03 2.4765297277e+04 4.5036658005e+05 4.7253541102e+04 -7.8585371650e+00 -1.7344145263e+02 7.7855129691e+01 -1.3577593549e+02 5.4139440525e+02 -1.0565273159e-13 -2.7431035662e+02
1.0000000000e+00 0.0000000000e+00 1.0275294301e+04 1.3055507026e+04 4.3794731280e+03 2.5788831008e+04 6.3768281068e+05 5.7085375753e+04 -2.0305014864e+01 9.8580011358e+01 1.8691891700e+01 -1.2485317885e+02 6.4707241684e+02 -1.4840705699e-13 2.7330015512e+02
1.0000000000e+00 0.0000000000e+00 1.3640396330e+04 8.4975936991e+04 1.2044393968e+04 8.4381871771e+03 4.9694908558e+05 4.6636280605e+04 -1.8284474729e+01 2.8819099645e+02 -3.2641658928e+01 -7.7815012404e+01 5.2038132191e+02 -1.3943268523e-13 1.5006665587e+02
1.0000000000e+00 0.0000000000e+00 7.8407972209e+04 3.3608808196e+05 4.4821654972e+04 6.1410108076e+04 7.6872694403e+05 1.1542176533e+05 -8.2196231906e+01 5.7263501332e+02 -2.9935510680e+01 -1.4933186549e+02 7.7462275635e+02 -1.8062711681e-13 7.9662720386e+02
1.0000000000e+00 0.0000000000e+00 1.8781227661e+03 2.0352377987e+03 1.4862462013e+03 3.8279715591e+03 1.8688983320e+05 1.5042464674e+04 -2.5702678862e+00 4.2159568486e+01 1.2805907148e+01 -5.0965151981e+01 2.2955028468e+02 -1.0854629332e-13 3.7305588741e+01
1.0000000000e+00 0.0000000000e+00 1.1103922159e+04 6.5880575173e+03 7.7223236908e+03 3.0606560285e+04 4.5770592104e+05 4.8279797495e+04 9.8538156455e-01 -7.8319465528e+01 5.9487366348e+01 -1.2610736298e+02 5.2415116879e+02 -1.2440095347e-13 -1.0017930090e+01
1.0000000000e+00 0.0000000000e+00 4.9556243916e+04 2.0457956563e+05 3.7426893902e+04 2.6893411013e+04 5.3685604020e+05 7.4524589720e+04 -6.1160573399e+01 4.5150840729e+02 -3.5049927708e+01 -1.0454429075e+02 5.9539043709e+02 -1.5133587294e-13 4.3699036008e+02
1.0000000000e+00 0.0000000000e+00 5.8766789936e+03 3.7629785347e+03 5.1029213286e+03 9.6929608548e+03 4.2414646511e+05 3.5296868755e+04 -1.4891932382e+01 6.0088130346e+01 2.0086561954e+01 -9.4433002875e+01 4.6193214780e+02 -1.3444710515e-13 9.1751305586e+01
1.0000000000e+00 0.0000000000e+00 2.5743903163e+04 9.8226189441e+04 1.4637515632e+04 2.2334399746e+04 6.8106599277e+05 6.7076918564e+04 -4.4700716660e+01 3.0500538017e+02 -4.5068065588e+00 -1.2866564633e+02 6.6955667911e+02 -1.6774146030e-13 4.7683420138e+02
1.0000000000e+00 0.0000000000e+00 6.0499080052e+04 1.6796231722e+05 2.4581091034e+04 7.0064061293e+04 8.8791454268e+05 1.1030854290e+05 -7.5963388464e+01 4.0800829263e+02 1.3695669830e+01 -1.8197720351e+02 8.3554114158e+02 -1.5603152502e-13 3.1199846793e+02
1.0000000000e+00 0.0000000000e+00 3.8134859208e+03 1.4492648314e+04 1.9369274742e+03 5.8373601727e+03 2.6075943082e+05 2.1730090011e+04 -1.4102030075e+01 1.1405805520e+02 5.4956498902e+00 -7.1256123481e+01 3.5993510091e+02 -1.1681294076e-13 1.3039748664e+02
1.0000000000e+00 0.0000000000e+00 3.0357782489e+05 1.2460652756e+06 2.1354545291e+05 2.0538928508e+05 2.0058435623e+06 3.8148734838e+05 -1.5844542431e+02 1.1105698891e+03 -8.3608987203e+01 -2.3876810325e+02 1.3242358168e+03 -2.5790225141e-13 1.3948889526e+03
1.0000000000e+00 0.0000000000e+00 6.6208582250e+04 3.2905296310e+05 4.2901077789e+04 3.8449125317e+04 6.4977607457e+05 9.5862626257e+04 -7.0079795509e+01 5.6890549383e+02 -4.4151404234e+01 -1.2489375704e+02 7.0418300774e+02 -1.7649243738e-13 7.7407630935e+02
1.0000000000e+00 0.0000000000e+00 1.2409812504e+04 1.0383726847e+04 3.1966441435e+03 1.9388830389e+04 3.0937027638e+05 3.1467156613e+04 -3.1896961928e+01 9.9925822741e+01 3.5731370921e+01 -1.0929716963e+02 4.3228944949e+02 -1.2110310053e-13 8.3632020573e+01
1.0000000000e+00 0.0000000000e+00 1.9250336128e+04 3.2918935634e+03 9.0714478690e+03 2.9777754079e+04 4.6606710388e+05 4.8885914090e+04 -3.2466776042e+01 -3.9833754217e+01 6.8453412303e+01 -1.4479718065e+02 5.6402860253e+02 -1.1533401735e-13 -1.5982260222e+02
1.0000000000e+00 0.0000000000e+00 2.2817449215e+04 1.0721978234e+04 8.6150750925e+03 3.8690328677e+04 5.4934010150e+05 5.8687786935e+04 -4.3509165564e+01 1.0211008115e+02 4.7920149920e+01 -1.4713848807e+02 6.0696737985e+02 -1.3731909797e-13 3.4924232364e+01
1.0000000000e+00 0.0000000000e+00 7.8444596071e+03 7.5228964619e+02 4.3408118921e+03 1.7171045942e+04 4.6996360083e+05 4.1282499446e+04 -1.9134881835e+01 -6.1270660906e+00 3.6530316212e+01 -1.1421499971e+02 5.3823701745e+02 -1.2140698067e-13 -4.1073600763e+01
1.0000000000e+00 0.0000000000e+00 2.7139437548e+03 5.1216757993e+03 3.5560458844e+03 1.1485172614e+03 1.2416591753e+05 1.0657026013e+04 -7.5011318624e+00 5.4756703679e+01 -7.1363404191e+00 -2.6108907699e+01 1.8099231401e+02 -8.7994060269e-14 -1.0495997593e+02
1.0000000000e+00 0.0000000000e+00 4.7197817864e+03 4.2482344846e+03 3.7257473277e+03 9.3814881025e+03 2.8878993676e+05 2.5482329120e+04 -8.0621001461e+00 -3.9745585489e+01 3.9197078695e+01 -8.8698108275e+01 3.7432361814e+02 -1.1226969459e-13 -3.1833583859e+01
1.0000000000e+00 0.0000000000e+00 2.7962707213e+04 3.3793521846e+04 1.3386575455e+04 3.4317688522e+04 5.5963568875e+05 6.0601343173e+04 -5.0481932087e+01 1.7447943936e+02 3.0668534500e+01 -1.4178302966e+02 6.2830275280e+02 -1.3293759096e-13 6.8704759913e+01
1.0000000000e+00 0.0000000000e+00 3.5565174180e+04 1.0951653873e+04 1.7124351637e+04 5.4762708743e+04 8.9404069640e+05 9.2819456812e+04 -5.3865995656e+01 7.2504011321e+01 6.1004841912e+01 -1.8802450495e+02 8.1975551960e+02 -1.4094076387e-13 -1.0304643980e+02
1.0000000000e+00 0.0000000000e+00 5.5948179902e+03 4.1821138906e+04 1.2853952049e+03 1.3172738762e+04 3.8417821338e+05 3.4419251885e+04 -1.1997350506e+01 1.9881870704e+02 -5.5627750180e+00 -8.7766301035e+01 4.7946420518e+02 -1.2965926280e-13 2.4449616611e+02
1.0000000000e+00 0.0000000000e+00 1.8816362431e+04 3.8745776549e+03 8.0601404608e+03 3.0456891579e+04 4.7875213720e+05 4.9639066223e+04 -3.7192508069e+01 2.8656247621e+01 5.4096561021e+01 -1.4229410513e+02 5.8884051989e+02 -1.2083927668e-13 -1.5632543307e+01
1.0000000000e+00 0.0000000000e+00 2.4743778435e+05 7.8044677520e+05 2.3416986776e+05 1.2038401947e+05 1.7688837919e+06 3.1296737284e+05 -1.3050122511e+02 8.8338110651e+02 -8.4402845555e+01 -1.9795493615e+02 1.2220443326e+03 -2.2533517188e-13 9.4758233009e+02
1.0000000000e+00 0.0000000000e+00 1.8470456587e+04 4.1652750325e+03 1.2822256962e+04 3.5405386341e+04 5.7508857942e+05 6.0423501668e+04 -1.5382968318e+01 -4.8299192770e+01 7.5634136730e+01 -1.5812504686e+02 6.1383477009e+02 -1.3261471142e-13 5.9810986033e+01
1.0000000000e+00 0.0000000000e+00 1.3485868198e+04 4.6374272900e+03 4.8160837120e+03 2.1131897438e+04 4.2179342551e+05 4.0230713106e+04 -3.2931601349e+01 4.6572737726e+01 4.1163632871e+01 -1.2300911873e+02 5.2890069331e+02 -1.2012658355e-13 -1.0163589388e+02
1.0000000000e+00 0.0000000000e+00 1.7610281644e+04 9.8357219930e+04 9.9458635944e+03 2.6831783461e+04 4.5864484477e+05 5.2134588859e+04 4.3815635521e+00 -2.9465526269e+02 8.6108761087e+01 -1.2368870163e+02 4.9638991275e+02 -9.8845032236e-14 -4.8496766833e+02
1.0000000000e+00 0.0000000000e+00 9.7493301487e+04 3.3797937024e+05 6.3177649300e+04 7.7428148109e+04 7.3058010667e+05 1.2810567709e+05 -9.4525498350e+01 5.8014561694e+02 -2.9917801892e+01 -1.5057466284e+02 7.7734020591e+02 -1.6856751354e-13 7.1038996773e+02
1.0000000000e+00 0.0000000000e+00 7.2857697646e+03 3.4940490818e+04 4.1039320267e+03 4.7903356315e+03 1.9239807490e+05 1.8604443119e+04 -2.0362472675e+01 1.8087293236e+02 -9.3524116681e+00 -5.5446294177e+01 2.9966664586e+02 -1.1763038861e-13 2.7913750163e+02
1.0000000000e+00 0.0000000000e+00 7.6588072734e+04 1.8219196274e+05 5.6311692405e+04 6.4872146076e+04 8.5349140577e+05 1.2002810855e+05 -8.3653415178e+01 4.2677449043e+02 -8.4231461203e+00 -1.6190935765e+02 8.2858802737e+02 -1.6671394256e-13 4.4513443979e+02
1.0000000000e+00 0.0000000000e+00 7.3998457782e+04 4.9583812129e+05 3.6886049034e+04 4.4179656769e+04 9.3726063787e+05 1.2344816758e+05 -7.1165445622e+01 6.9356172363e+02 -5.5775447775e+01 -1.5021315183e+02 8.5721665839e+02 -1.9065339689e-13 8.8860173814e+02
1.0000000000e+00 0.0000000000e+00 3.7565968860e+04 2.2904244821e+04 2.0064965825e+04 5.9100510907e+04 7.4252163665e+05 8.6448802227e+04 -3.3057231491e+01 -1.4928064042e+02 1.0861407386e+02 -1.9603656293e+02 7.3161069798e+02 -1.2866199459e-13 -1.5317601803e+02
1.0000000000e+00 0.0000000000e+00 5.3543581511e+04 2.7113581939e+05 3.1228305862e+04 3.2641582900e+04 5.0455352996e+05 7.5571713875e+04 -6.3090349947e+01 5.1409424631e+02 -3.7128994730e+01 -1.1007401168e+02 5.9985762626e+02 -1.6757354969e-13 6.9728563534e+02
1.0000000000e+00 0.0000000000e+00 1.0675648967e+05 2.9722065442e+05 5.2535611445e+04 1.1843748651e+05 1.3045437344e+06 1.7864995092e+05 -1.0114606974e+02 5.3545635746e+02 9.7796808158e+00 -2.2313888186e+02 1.0436253453e+03 -2.0601499130e-13 8.3864557743e+02
1.0000000000e+00 0.0000000000e+00 1.0683978726e+04 2.2933636056e+04 1.0039755590e+04 1.1163956451e+04 3.9377862761e+05 3.6996104604e+04 -2.4526225702e+01 1.4814631717e+02 -1.7397946815e+00 -8.9534777572e+01 5.0412251718e+02 -1.2104553529e-13 4.6487457739e+01
1.0000000000e+00 0.0000000000e+00 1.0296481160e+04 4.0007531161e+04 7.8253617107e+03 1.2547636956e+04 4.4578161576e+05 4.1009568626e+04 -1.1947743451e+01 -1.6420550362e+02 5.5489068627e+01 -1.0534995142e+02 4.7339844375e+02 -1.1210852781e-13 -2.9881563701e+02
1.0000000000e+00 0.0000000000e+00 2.2827726631e+05 9.3707229072e+05 1.5242173763e+05 1.7052335217e+05 1.6537855097e+06 3.0040627693e+05 -1.3976538941e+02 9.6308162036e+02 -6.4840773011e+01 -2.2452965232e+02 1.2167038140e+03 -2.2086186797e-13 1.0963597054e+03
1.0000000000e+00 0.0000000000e+00 8.5107577470e+03 5.5486028833e+03 1.7046444970e+03 1.8957928571e+04 3.1803923562e+05 3.0972999109e+04 -2.2054844539e+01 6.9759712178e+01 3.6577262490e+01 -1.0905249599e+02 4.4741126659e+02 -1.0689345500e-13 -5.1594196306e+01
1.0000000000e+00 0.0000000000e+00 2.6938585634e+04 1.8653869039e+05 9.1201124198e+03 2.3242663720e+04 7.2992582402e+05 7.2764433435e+04 -3.8770062521e+01 4.2511727693e+02 -1.8618686731e+01 -1.3408874225e+02 7.0811602930e+02 -1.6871010450e-13 5.6774597579e+02
1.0000000000e+00 0.0000000000e+00 6.4831898922e+03 8.3550285181e+03 4.1844285063e+03 1.3556190945e+04 4.0171624841e+05 3.5366340094e+04 -1.7031856912e+01 8.7123374955e+01 1.0631768009e+01 -9.3743597094e+01 4.9801020154e+02 -1.1998495222e-13 6.6436564375e+01
1.0000000000e+00 0.0000000000e+00 2.1791232495e+04 7.0024365857e+02 9.1000211144e+03 3.5484190763e+04 6.0641562696e+05 6.0790158677e+04 -3.4341198053e+01 -2.2917968142e+01 6.9833268446e+01 -1.5784432417e+02 6.3045798040e+02 -1.3349000127e-13 9.3908349221e+00
1.0000000000e+00 0.0000000000e+00 4.8430018968e+03 3.2830674859e+02 2.6386679826e+03 1.6253522804e+04 4.2066280727e+05 3.6796915677e+04 -1.3372305869e+01 1.3798702081e+01 3.0750457077e+01 -1.0769615484e+02 5.1679961270e+02 -1.2282169236e-13 3.6352019802e+01
1.0000000000e+00 0.0000000000e+00 3.7401141446e+04 1.1077858248e+03 1.3314162688e+04 6.3013276679e+04 7.5428864880e+05 8.5021053088e+04 -5.4093563279e+01 2.0071205943e+01 7.7002233259e+01 -1.8928229224e+02 7.6424624807e+02 -1.3689326797e-13 5.8495799319e+01
1.0000000000e+00 0.0000000000e+00 4.9530060070e+03 7.6728184461e+03 2.6246393639e+03 7.0998866690e+03 2.7092856759e+05 2.2944027805e+04 -1.9126936408e+01 8.6768581298e+01 1.2489747264e+01 -7.8304578078e+01 3.8256694964e+02 -1.1367234954e-13 8.9299520156e+01
1.0000000000e+00 0.0000000000e+00 6.6691645516e+03 6.9877618897e+03 2.2874231968e+03 1.0480407576e+04 3.6421331772e+05 3.0567677978e+04 -2.2549850116e+01 7.9051237471e+01 2.3594170193e+01 -9.6427262504e+01 4.3891019797e+02 -1.3451458926e-13 1.6831656307e+02
1.0000000000e+00 0.0000000000e+00 1.0343461086e+04 5.8926609967e+04 8.0243469200e+03 1.9663263887e+04 3.9851565752e+05 4.2069792353e+04 6.6491125936e+00 -2.3172684719e+02 7.1574318332e+01 -1.0933825501e+02 4.4678140015e+02 -1.0980273453e-13 -3.1936700137e+02
1.0000000000e+00 0.0000000000e+00 2.4607297026e+03 9.8188696573e+03 2.6418433101e+03 1.7620421463e+03 1.5546930579e+05 1.2878185252e+04 -4.9236050138e+00 -4.3491714494e+01 1.2878835987e+01 -3.5407699094e+01 1.8749041713e+02 -9.0347161262e-14 -2.3002984751e+02
1.0000000000e+00 0.0000000000e+00 9.6676785016e+04 3.1345900144e+05 4.8030726075e+04 1.0151099206e+05 1.2443411856e+06 1.6580822343e+05 -9.6687186301e+01 5.5600316385e+02 -2.8495601585e+00 -2.0765918403e+02 1.0053872173e+03 -1.9564024059e-13 6.7392448943e+02
1.0000000000e+00 0.0000000000e+00 6.5890628357e+03 1.2670141331e+04 2.4309604834e+03 9.1652249735e+03 3.3498772503e+05 2.8350267657e+04 -2.2440866391e+01 1.0870924763e+02 1.6518800451e+01 -9.0642711678e+01 4.2355427523e+02 -1.2822586073e-13 2.3078399486e+02
1.0000000000e+00 0.0000000000e+00 2.9519851510e+03 6.2285096160e+03 3.8401120230e+03 7.4256484580e+03 3.3167259145e+05 2.7629469146e+04 -3.1606359509e+00 7.5364453000e+01 -5.0262653076e+00 -5.9575981228e+01 3.7730834048e+02 -1.2278038401e-13 3.7146730862e+01
1.0000000000e+00 0.0000000000e+00 2.8941858729e+04 4.4089942663e+04 1.9753394820e+04 4.8993492231e+04 5.6155241697e+05 7.0620442651e+04 -8.6466614901e+00 -1.9663549700e+02 1.0216588346e+02 -1.6650399937e+02 6.0922387456e+02 -1.3416277659e-13 6.1116263645e+01
1.0000000000e+00 0.0000000000e+00 2.6783731364e+04 5.4052656079e+04 2.9729356798e+04 1.3012430719e+04 4.8486080774e+05 5.3985511697e+04 -4.1162057555e+01 2.3210134241e+02 -1.6963692308e+01 -9.1891119045e+01 5.5578614059e+02 -1.4541655105e-13 2.8857744994e+02
1.0000000000e+00 0.0000000000e+00 6.9955593236e+04 4.9392012285e+04 3.2460437637e+04 1.0228214100e+05 1.1498193041e+06 1.4002340219e+05 -8.1486244583e+01 2.2198726510e+02 5.9565734184e+01 -2.2611126247e+02 9.7508444763e+02 -1.6416633050e-13 1.8796379850e+02
1.0000000000e+00 0.0000000000e+00 2.7622717100e+03 1.0761917559e+03 2.0037199781e+03 9.8161124429e+03 2.5364464327e+05 2.2415734105e+04 1.8709441760e+00 -1.9048263163e+01 2.6248999442e+01 -7.2764107920e+01 3.3496404251e+02 -1.0401998692e-13 3.3780571004e+01
1.0000000000e+00 0.0000000000e+00 1.3355313627e+05 6.4296250923e+05 7.7661393113e+04 9.2270241294e+04 1.0931890511e+06 1.8053778382e+05 -1.0492997622e+02 7.9818730927e+02 -5.3699258986e+01 -1.7986439215e+02 9.6629792984e+02 -1.8825729430e-13 8.5151286531e+02
1.0000000000e+00 0.0000000000e+00 1.4542690441e+05 5.0474541718e+05 9.1148547653e+04 1.2672418865e+05 1.0067871496e+06 1.8928217969e+05 -1.1648481673e+02 7.0940925019e+02 -3.3474550100e+01 -1.8543441426e+02 9.3941891045e+02 -1.8034144088e-13 7.5063350541e+02
1.0000000000e+00 0.0000000000e+00 1.2350479564e+04 1.0485580519e+04 1.1588227155e+04 1.2904645478e+04 3.5985814921e+05 3.5553431575e+04 -2.6858220687e+01 7.7407998582e+00 2.5463797953e+01 -9.6172671213e+01 4.7766711988e+02 -1.0328439702e-13 -2.0469046951e+02
1.0000000000e+00 0.0000000000e+00 1.5191846557e+04 1.8763967559e+03 1.9757402944e+04 9.4874759961e+03 3.9490378864e+05 3.9461094132e+04 -2.7529726947e+01 2.7924467711e+01 1.2074434608e+01 -8.7859126125e+01 4.9274568973e+02 -1.2198118750e-13 5.0115153648e+01
1.0000000000e+00 0.0000000000e+00 3.4958846329e+04 6.6955689738e+04 1.2431604418e+04 5.4104219188e+04 8.7134361903e+05 9.1742757839e+04 -5.5776338786e+01 2.5866556779e+02 3.1196126192e+01 -1.7889613417e+02 8.1250920548e+02 -1.6155900799e-13 2.6122000443e+02
1.0000000000e+00 0.0000000000e+00 8.8945104500e+03 3.1444917822e+04 3.5428099241e+03 1.4854802681e+04 3.9892413038e+05 3.6631463602e+04 -1.3355971458e+01 -1.0985098269e+02 5.2766972357e+01 -1.0806530832e+02 4.6912056179e+02 -1.0109933071e-13 -3.6128328246e+02
1.0000000000e+00 0.0000000000e+00 1.6479375093e+04 9.8903471410e+03 7.6663794788e+03 2.7140682196e+04 3.5535910231e+05 3.9968033270e+04 -2.2122489891e+01 -9.4357094808e+01 7.5279519085e+01 -1.3183645269e+02 4.7324771367e+02 -1.1044539461e-13 -8.5422878329e+01
1.0000000000e+00 0.0000000000e+00 2.8943342154e+04 2.2835066718e+05 2.0206770649e+04 9.7241091567e+03 5.2802137111e+05 5.9919364224e+04 -2.8567159643e+01 4.7183637923e+02 -5.9121621299e+01 -8.0346055830e+01 5.7203665556e+02 -1.6549625634e-13 6.5753307668e+02
1.0000000000e+00 0.0000000000e+00 8.3990344193e+04 2.1820110216e+05 4.2389370042e+04 9.3030029144e+04 9.1451785137e+05 1.3264499398e+05 -9.0654844673e+01 4.6032851850e+02 9.3736061075e+00 -1.9007783658e+02 8.7921918540e+02 -1.7557344976e-13 6.3363253380e+02
1.0000000000e+00 0.0000000000e+00 2.6192046549e+04 9.3238657933e+04 1.8900902443e+04 1.8871638137e+04 4.8621792726e+05 5.3996852617e+04 -4.4520024504e+01 3.0477823428e+02 -1.3178615629e+01 -1.0831620125e+02 5.8849519338e+02 -1.3810106725e-13 3.2296419918e+02
1.0000000000e+00 0.0000000000e+00 1.5873612640e+03 2.9500399416e+03 3.7798516006e+02 5.4639060174e+03 1.5823095499e+05 1.3422125492e+04 -5.4681568577e+00 4.6158556150e+01 1.2272127779e+01 -5.4944194514e+01 2.5678096503e+02 -9.4171162749e-14 -2.0589351113e+01
1.0000000000e+00 0.0000000000e+00 1.3083219244e+04 3.3551548128e+04 9.0129424647e+03 1.6998128107e+04 4.2862743546e+05 4.2060782800e+04 -1.3864993372e+01 -1.5555678553e+02 6.5783336103e+01 -1.1857833686e+02 4.8999216838e+02 -1.0829614770e-13 -2.9404724069e+02
1.0000000000e+00 0.0000000000e+00 2.3656782467e+04 1.0543491493e+04 1.6099405260e+04 2.9065715387e+04 6.0699944882e+05 6.1431390146e+04 -4.4090976915e+01 1.0008758402e+02 3.3263850926e+01 -1.4147156854e+02 6.6429270359e+02 -1.3956780731e-13 1.4715636657e+02
1.0000000000e+00 0.0000000000e+00 3.2393799842e+05 1.3115219746e+06 2.4606722125e+05 2.1021514662e+05 1.7674291844e+06 3.8489178268e+05 -1.6189132695e+02 1.1401460322e+03 -9.9093437204e+01 -2.1805610026e+02 1.2624794980e+03 -2.4275773309e-13 1.3519764748e+03
1.0000000000e+00 0.0000000000e+00 5.6599745566e+05 2.0498634903e+06 4.1896324578e+05 4.1394478527e+05 3.1665172371e+06 6.8217711238e+05 -2.1861720708e+02 1.4300060324e+03 -1.0335103011e+02 -3.1028367341e+02 1.6966071402e+03 -2.9352162264e-13 1.5941185015e+03
1.0000000000e+00 0.0000000000e+00 7.1512531483e+04 2.9741877954e+04 3.1679471970e+04 1.0378066124e+05 1.1851933255e+06 1.4177145807e+05 -8.1892000535e+01 1.6822417847e+02 7.2773491630e+01 -2.3433597668e+02 9.8527154390e+02 -1.5637734350e-13 9.7028449681e+01
1.0000000000e+00 0.0000000000e+00 1.4067539976e+05 3.9751246434e+05 7.2813938180e+04 1.4623802888e+05 1.7025591737e+06 2.3169456436e+05 -1.1652334504e+02 6.2975685926e+02 4.1325735818e+00 -2.5143655629e+02 1.2007018209e+03 -2.0038019581e-13 5.7275637407e+02
1.0000000000e+00 0.0000000000e+00 8.7701341092e+04 3.2573562567e+05 4.4810602373e+04 8.6740106519e+04 9.5099732312e+05 1.3861808534e+05 -9.0779717644e+01 5.6380097506e+02 -1.3458152929e+01 -1.8299089117e+02 9.0180100169e+02 -1.7673181729e-13 6.8769167042e+02
1.0000000000e+00 0.0000000000e+00 6.0294678497e+03 2.0513791134e+03 7.1038304458e+03 4.5813248424e+03 1.5705684908e+05 1.5799018621e+04 -6.4833443135e+00 -1.9156958229e+01 3.2376892082e+01 -5.9268279189e+01 2.0503673970e+02 -1.0090795706e-13 1.5306113272e+01
1.0000000000e+00 0.0000000000e+00 1.4963886195e+05 4.5444795285e+05 1.1315814157e+05 1.1149317941e+05 1.1741856567e+06 2.0065381247e+05 -1.1275948534e+02 6.7281928604e+02 -3.6753554252e+01 -1.8825720926e+02 1.0063257548e+03 -1.8713512993e-13 7.2681042637e+02
1.0000000000e+00 0.0000000000e+00 5.1806160419e+03 3.9660180342e+03 1.2135554001e+03 1.3422799942e+04 3.2663330888e+05 2.8758143943e+04 -1.1344756614e+01 6.2352900459e+01 2.7629208540e+01 -9.4556634612e+01 4.1275463589e+02 -1.1679892523e-13 9.2645303368e+01
1.0000000000e+00 0.0000000000e+00 6.3599992072e+04 2.5596697833e+04 2.6301631241e+04 1.0260409253e+05 1.2718948003e+06 1.4454756263e+05 -7.4544970579e+01 1.5385621776e+02 7.5534750151e+01 -2.4206206056e+02 1.0300842227e+03 -1.6319320900e-13 1.4685319138e+02
1.0000000000e+00 0.0000000000e+00 2.7510125852e+04 1.7153758841e+04 8.3331943490e+03 4.5516767141e+04 5.6973599900e+05 6.3343088194e+04 -5.0212897024e+01 1.2428851299e+02 4.6558412673e+01 -1.5568035285e+02 6.5680868531e+02 -1.3411590404e-13 3.6814332138e+01
1.0000000000e+00 0.0000000000e+00 1.8898725966e+04 5.8146683905e+04 1.1884783673e+04 1.5523397764e+04 4.4889277167e+05 4.5211748241e+04 -3.6976154993e+01 2.3658962384e+02 3.5914549166e-01 -1.0287133439e+02 5.1527765401e+02 -1.4556496834e-13 2.8787289927e+02
1.0000000000e+00 0.0000000000e+00 1.4155442302e+04 9.8827302450e+04 8.5165244409e+03 1.3167044252e+04 4.4982724745e+05 4.4769639314e+04 -1.8507959613e+01 3.1406166111e+02 -2.5555344482e+01 -8.9306139509e+01 5.3318878211e+02 -1.3328471004e-13 2.7447328300e+02
1.0000000000e+00 0.0000000000e+00 2.4002527148e+04 7.4009956121e+04 2.5418374570e+04 8.6853793791e+03 3.5341839555e+05 4.2317054328e+04 -3.6485763582e+01 2.7187024821e+02 -2.7347072717e+01 -7.4121085541e+01 4.7361727846e+02 -1.2892898580e-13 3.3146537071e+02
1.0000000000e+00 0.0000000000e+00 5.8694457583e+04 1.6183686050e+05 3.7561513818e+04 5.2005272115e+04 7.2873339650e+05 9.6728822069e+04 -7.3307412729e+01 4.0003668386e+02 -5.3522946041e+00 -1.5098911769e+02 7.5515641249e+02 -1.6098503828e-13 5.2087053634e+02
1.0000000000e+00 0.0000000000e+00 1.9569342472e+04 3.7517334948e+04 1.4954414766e+04 1.6595625394e+04 4.4004931811e+05 4.5404482818e+04 -3.8594111376e+01 1.9266237341e+02 3.9188353381e+00 -1.0209260673e+02 5.1953741025e+02 -1.3642638108e-13 2.0460885441e+02
1.0000000000e+00 0.0000000000e+00 4.0403247586e+04 1.6599407557e+05 2.2857314366e+04 3.3806554880e+04 5.8460643254e+05 7.2672647640e+04 -5.8141056078e+01 4.0346966948e+02 -1.5020597013e+01 -1.2998527276e+02 6.7339005433e+02 -1.4505033478e-13 4.6268443930e+02
1.0000000000e+00 0.0000000000e+00 2.2773315563e+04 2.9191381303e+04 1.4464087836e+04 2.4694917371e+04 3.6912867192e+05 4.3673482815e+04 -4.6029537730e+01 1.6947253060e+02 1.6098910521e+01 -1.1052968475e+02 5.1525115566e+02 -1.2004069653e-13 1.2479067120e+02
1.0000000000e+00 0.0000000000e+00 6.7900648259e+04 8.2057599593e+04 4.8867940515e+04 9.0447424923e+04 9.3591136080e+05 1.2897363347e+05 -2.4363931079e+01 -2.8370752975e+02 1.5817245478e+02 -2.4420586190e+02 8.3669394059e+02 -1.2426819450e-13 -3.5548852195e+02
1.0000000000e+00 0.0000000000e+00 6.5743130886e+04 1.8545972059e+05 4.9755609934e+04 5.0385078440e+04 5.3392685150e+05 8.9318947925e+04 -7.4741019338e+01 4.3041561357e+02 -2.0202735510e+01 -1.2554438187e+02 6.5692809976e+02 -1.4248477327e-13 4.1125358220e+02
1.0000000000e+00 0.0000000000e+00 2.7320386765e+04 3.7269402441e+04 7.2734043313e+03 4.6960329912e+04 7.5698379779e+05 7.7128353762e+04 -4.8521771999e+01 1.9235381635e+02 3.8102917973e+01 -1.6802439394e+02 7.4392618257e+02 -1.4945354971e-13 2.3678419176e+02
1.0000000000e+00 0.0000000000e+00 3.1464739044e+04 7.2191034638e+04 1.4928172001e+04 3.7469363126e+04 7.0562108104e+05 7.4409554163e+04 -5.3920576202e+01 2.6831475412e+02 1.4250522508e+01 -1.5045273084e+02 7.2279692940e+02 -1.5068566031e-13 3.0934766026e+02
1.0000000000e+00 0.0000000000e+00 6.8408173332e+03 1.6763009579e+04 1.0710869477e+03 1.6544181538e+04 4.7598645367e+05 4.0786688451e+04 -1.8982287611e+01 1.2686036987e+02 1.7990700163e+01 -1.1144206968e+02 5.4060292193e+02 -1.3042097731e-13 1.4596169233e+02
1.0000000000e+00 0.0000000000e+00 1.7403804286e+04 1.3669193464e+04 4.1400347623e+03 3.2231066402e+04 5.1594057508e+05 5.1737258246e+04 -3.7670871894e+01 1.1469824383e+02 3.9683727277e+01 -1.3898741778e+02 5.9569844824e+02 -1.2896653205e-13 8.4639306798e+01
1.0000000000e+00 0.0000000000e+00 2.7320274039e+04 2.7022321746e+05 8.3496468439e+03 1.4669612164e+04 5.4254882599e+05 6.0092839216e+04 -2.8096586317e+01 4.9253077940e+02 -3.7486834277e+01 -1.0370069800e+02 5.7516430840e+02 -1.8044356866e-13 9.7733614837e+02
1.0000000000e+00 0.0000000000e+00 4.9269557203e+04 1.1603503905e+05 3.8023553386e+04 3.4874148114e+04 6.0192464383e+05 7.8386578030e+04 -5.9810935431e+01 3.4035037002e+02 -1.0412832123e+01 -1.2476740138e+02 6.5520468945e+02 -1.5623963424e-13 3.2338678708e+02
1.0000000000e+00 0.0000000000e+00 1.6254769259e+04 2.6733717297e+04 9.7603279280e+03 1.7479216110e+04 3.4880987658e+05 3.6894722060e+04 -3.8880907424e+01 1.5452423556e+02 1.1841955309e+01 -9.6313643865e+01 4.5795626895e+02 -1.1842310742e-13 2.8783283277e+01
1.0000000000e+00 0.0000000000e+00 4.5414932476e+04 1.6540207946e+05 2.8492793807e+04 3.7376435914e+04 5.6839752244e+05 7.5596767475e+04 -6.3013466975e+01 4.0080234231e+02 -1.5658460051e+01 -1.2919616949e+02 6.7413509866e+02 -1.5541127093e-13 5.9055268072e+02
1.0000000000e+00 0.0000000000e+00 7.4109136431e+03 7.6852751497e+03 3.4749238597e+03 1.4078365429e+04 3.9893389254e+05 3.5076328002e+04 -1.5794382396e+01 5.8279373377e+01 3.6315121906e+01 -1.1165071182e+02 4.7500331665e+02 -1.3429453447e-13 2.7056330771e+02
1.0000000000e+00 0.0000000000e+00 2.1796668690e+04 3.4985484157e+04 7.6279741858e+03 3.2079350157e+04 5.7657172264e+05 5.8304836667e+04 -4.4396099057e+01 1.8360692221e+02 2.6562758597e+01 -1.4326955594e+02 6.5789803560e+02 -1.3264176704e-13 1.5899364218e+02
1.0000000000e+00 0.0000000000e+00 3.0914083985e+04 1.0134212525e+04 1.1565842092e+04 4.8830284120e+04 5.9745754839e+05 6.7752221316e+04 -5.2066162210e+01 8.6441186963e+01 5.5416910423e+01 -1.5971654372e+02 6.5500544903e+02 -1.3150109650e-13 -6.4966919048e+01
1.0000000000e+00 0.0000000000e+00 1.2197381648e+04 2.2890559525e+04 3.9634965052e+03 1.8532295456e+04 3.8788215325e+05 3.7309837704e+04 -3.2187293786e+01 1.4943699728e+02 2.1844078826e+01 -1.1322210704e+02 5.1126674943e+02 -1.2931223318e-13 2.4357684260e+02
1.0000000000e+00 0.0000000000e+00 9.8737307334e+03 1.8266299415e+04 7.7535601232e+03 1.8580750492e+04 3.8624954637e+05 3.8627007873e+04 -2.1705856903e+00 1.0081640943e+02 2.9533262057e+01 -1.0731322036e+02 4.5802173100e+02 -1.4155393401e-13 4.2396101801e+02
1.0000000000e+00 0.0000000000e+00 1.4951249745e+04 7.4462327104e+04 5.4111440922e+03 2.6166416305e+04 7.1933020727e+05 6.6230335532e+04 -2.9357040755e+01 2.7014641566e+02 1.2547525652e+00 -1.3713889763e+02 7.1523469330e+02 -1.5659179840e-13 3.4227040899e+02
1.0000000000e+00 0.0000000000e+00 5.3025513045e+04 3.6020302088e+05 2.0657523326e+04 4.3948958134e+04 9.8507094741e+05 1.1285354906e+05 -5.8918473393e+01 5.9140174275e+02 -3.6219418519e+01 -1.5936757571e+02 8.6856408229e+02 -1.8508136446e-13 7.8646634927e+02
1.0000000000e+00 0.0000000000e+00 1.3170607101e+05 4.3297030094e+05 1.1149157351e+05 7.9190976218e+04 9.8608902631e+05 1.7161501081e+05 -1.0057218804e+02 6.5754264791e+02 -5.2456602355e+01 -1.5384250888e+02 8.8683867710e+02 -1.8867337719e-13 6.7078937294e+02
1.0000000000e+00 0.0000000000e+00 2.0630037389e+04 9.4407597180e+03 1.1071494760e+04 3.6156507823e+04 7.7856423198e+05 7.3955096461e+04 -2.4817180893e+01 -5.7556927479e+01 6.9451501504e+01 -1.6486021426e+02 7.0555062702e+02 -1.5094151864e-13 1.3570930725e+02
