1.455152503247782624e+04 7.834120041223890439e+04 8.504250351909859091e+03 2.330137281322913987e+04 4.060182858003659640e+05 4.538686558632097149e+04
2.883064697760601121e+04 2.610893932061538362e+04 9.271117096980937276e+03 4.756786628640070558e+04 8.371891240161944879e+05 8.310670313317388354e+04
1.364818175578860246e+04 2.397496392175352958e+04 5.350842271394605632e+03 1.785319157279900173e+04 3.635191128261922277e+05 3.601582135243336961e+04
2.465565601890453036e+04 1.029164412985318922e+05 1.187120807442775549e+04 2.101023618590144542e+04 4.191129122583009885e+05 4.789881951204424695e+04
3.577505131336448540e+04 1.391712281049755984e+05 2.503192930231928040e+04 2.741524868766943109e+04 6.486213968826867640e+05 7.369868959277025715e+04
2.586110038725718623e+05 8.097798616350418888e+05 2.057005375612259959e+05 1.814744566959135409e+05 2.102366455033151899e+06 3.521998398854458937e+05
2.148804556405626136e+04 2.845159332212101435e+04 7.020621148906892813e+03 3.257830596499513922e+04 5.527839807703098049e+05 5.634543767226372438e+04
3.855561809472677123e+04 6.501808519501208502e+04 2.097263924364694321e+04 4.075553732496091106e+04 5.950927421012538252e+05 7.071223643760995765e+04
1.106697083769615710e+04 3.077256938588375488e+04 4.373446611815007600e+03 1.740145198443543632e+04 4.281097979510989971e+05 4.007084519252293831e+04
7.049421152115696168e+04 1.756529759179305693e+05 6.400985283748475922e+04 3.862008946020260191e+04 7.882083850129919592e+05 1.067615142634688673e+05
3.695119311997535260e+04 1.669965993438031292e+05 2.024181779556777474e+04 2.957417644437331182e+04 5.232338830435523414e+05 6.555303884165195632e+04
4.544517235179799172e+04 2.000447121719804709e+05 2.805978208533441284e+04 3.288081100109025283e+04 5.893691623509046622e+05 7.650163654674220015e+04
8.593461046873070882e+04 3.131723746395534254e+05 5.255037584464775136e+04 7.475651666350220330e+04 7.939757220897462685e+05 1.253530653261722182e+05
5.993206500827521086e+04 1.740020681451779383e+05 3.686675512638281361e+04 5.586439947682630009e+04 6.288576890206821263e+05 9.205859348638735537e+04
7.413349342640528630e+04 4.522205177661195194e+03 4.082126652987045964e+04 1.093210804064242984e+05 1.537013735837592976e+06 1.706332644056165882e+05
6.447684307504747994e+04 9.464793098167655990e+04 3.757924698051458108e+04 8.967437902073876467e+04 1.005162148182630888e+06 1.290383371146668214e+05
1.315068949844371855e+04 7.823274398775294003e+02 5.567350966086839435e+03 2.535702561799940304e+04 4.369183561311647645e+05 4.329168411824971554e+04
1.294541386344017701e+04 9.760209909937775592e+03 6.743649034936298449e+03 1.874020733404175917e+04 4.951567478075185791e+05 4.516799515476398665e+04
2.448450425679970431e+04 1.735310987117455807e+05 8.007222522218458835e+03 2.187860719328394771e+04 5.064487802544466103e+05 5.599339474489710847e+04
2.423540820749514023e+04 2.776162500893251035e+03 1.173629885778100288e+04 3.769944130371914071e+04 7.300694512099283747e+05 7.134792318712816632e+04
3.892925189846656576e+04 1.243738027996747551e+05 1.656492971638972813e+04 4.361765252149705339e+04 7.454531679327385500e+05 8.315596327498684695e+04
1.793393558197054954e+05 7.229166136985840276e+05 9.477058747268808656e+04 1.578117953522719617e+05 1.805446860954656731e+06 2.694117657797085703e+05
4.351315065188793960e+04 5.557046291809841205e+04 2.379685570802021539e+04 6.051904602612616145e+04 7.701316888350246008e+05 9.217210342721303459e+04
3.641167499818492797e+04 2.587315172469568279e+04 2.259990034377535994e+04 4.455446849528410530e+04 8.058636492849900387e+05 8.537132762501729303e+04
8.412267000993619149e+04 2.786641134055739385e+05 5.701248889989285090e+04 7.179512573090101068e+04 1.130079691796151223e+06 1.468365469030431705e+05
9.686766824537886350e+03 6.098045023531976767e+04 6.268038688134497534e+03 4.268092425581455245e+03 2.124263433007670101e+05 2.193654708643522463e+04
2.315332477670904700e+04 4.260681571264621743e+04 1.480815270233860065e+04 2.278663561502444645e+04 4.795657660368737997e+05 5.105055120373107638e+04
2.064293190549774226e+04 1.420942132443219270e+04 1.178425199734504895e+04 2.546883154512231704e+04 4.691863669954046491e+05 4.885685034847041970e+04
2.610432729532611265e+05 8.327611477739476832e+05 1.853623985869978496e+05 2.125531738518034108e+05 2.181004733690371737e+06 3.639117686526532052e+05
1.078706622692215205e+04 2.963508691804053524e+04 8.349354297470681558e+03 1.161966802965786519e+04 3.887119910655523418e+05 3.646421727337285120e+04
6.997327960105914099e+04 7.427125942272195243e+04 4.154447844845218060e+04 8.361363188051701582e+04 9.513058420028218534e+05 1.233766917530761129e+05
1.308585621449299106e+04 1.069608072284544323e+04 8.889876382966996971e+03 2.303346472381964486e+04 5.623609500471445499e+05 5.260096823352049250e+04
1.903261458280879378e+04 4.364034994696565991e+04 1.212684288498308524e+04 3.753989448675855965e+04 5.887201391378634144e+05 6.395866994576008437e+04
1.787360498693180125e+04 1.926410193572713615e+04 3.324315285025986213e+03 4.473144234016604605e+04 8.377642718734735390e+05 7.896059928085224237e+04
1.373503377903864202e+04 2.310715678958833814e+04 1.462084904401505128e+03 3.942534717074195214e+04 8.736904633134779288e+05 7.836499489629473828e+04
5.922695197676440148e+04 7.850884589998729643e+04 5.225148153954037844e+04 4.721072158579786628e+04 7.635977852972720284e+05 9.911599480592719920e+04
5.493267905701761629e+04 6.808307425957328815e+04 3.725995067140570609e+04 6.470806995935522718e+04 7.064792675495145377e+05 9.620783540844741219e+04
3.347324973969832354e+04 8.692138623279896274e+04 2.618501083285685672e+04 2.300715102140849922e+04 5.449982967226037290e+05 6.264794858697262680e+04
5.230105869292375246e+03 3.590006567241853918e+04 3.796235933686191402e+03 7.143959315341949150e+03 2.160603462221086957e+05 2.117505666901206132e+04
1.772879637780334815e+04 1.277302660115995059e+04 8.065105113555166099e+03 2.573388467925924124e+04 5.023279828802053817e+05 4.953146526449100202e+04
8.657873848206127150e+03 5.991367521269612553e+03 1.896437357959984183e+03 1.775939149218643070e+04 4.161294004749724991e+05 3.713312786191553460e+04
7.210324909272751938e+03 3.297066964996427487e+03 3.460628468644212717e+03 2.291981864493430840e+04 4.257351063794474467e+05 4.065367111176555773e+04
2.989573156820784789e+04 1.116524008975710458e+05 1.521721400291167629e+04 2.435097200549816262e+04 3.936381699430756271e+05 4.957062211645620118e+04
6.100582254792173444e+03 5.211934107538798708e+04 2.102657845546242243e+03 7.603114534145855941e+03 2.427291655334060779e+05 2.324873587259629130e+04
2.780662103616061358e+03 8.282981617751455587e+02 1.031643435556385839e+03 6.172054210679561947e+03 1.829619169485983439e+05 1.558254836195735697e+04
8.410870271347594098e+03 5.191474096155579900e+03 6.021848570966543775e+03 1.920510814361281882e+04 4.961577754322177498e+05 4.490836294103259570e+04
1.169191062982457515e+04 8.351753697685563793e+01 7.300716501996793340e+03 2.855990079383171906e+04 5.594887712972429581e+05 5.369666365565593878e+04
2.717626924932727707e+04 1.341754139918026049e+05 1.821739072975271120e+04 1.592369354940059202e+04 5.060910911066861590e+05 5.573106996413598245e+04
4.190566314457968110e+04 1.210740564943687641e+05 1.591210121411450928e+04 5.066259950383982505e+04 1.079591871495016851e+06 1.083709352050388698e+05
2.678424541203329227e+03 9.039811113559292153e+02 1.531449351433523361e+03 6.241998923300401657e+03 2.922665351877029752e+05 2.318516283151395328e+04
2.358570647838028162e+04 3.295804105831354536e+04 1.872476384613061964e+04 2.209205012456037366e+04 6.085494735240819864e+05 6.062291050874834036e+04
4.932765937077515991e+04 2.525243979830368189e+05 2.809875834682219647e+04 3.289700270037340670e+04 5.759275400942765409e+05 7.821795354329812108e+04
2.110759635364043424e+04 1.133495754435675281e+03 1.232694810946664620e+04 3.655409230176203710e+04 7.091572509877822595e+05 6.959682323870582331e+04
3.151178317753096417e+04 2.065522827257748286e+05 1.317877513974882822e+04 2.367804421205903418e+04 5.823104578638607636e+05 6.577249570478731766e+04
7.274374009183996532e+04 8.215956014290550957e+04 4.922044524889638706e+04 8.073562253676218097e+04 9.355578176289062249e+05 1.247153401874404954e+05
8.440995333506509269e+03 5.651700256986015302e+04 3.630842363686774206e+03 8.109249079307056491e+03 3.152458635043052491e+05 2.923138293018680270e+04
2.915405663810490296e+04 4.009696194370911689e+04 1.745999750170699917e+04 3.276423812801641543e+04 4.241969798078265158e+05 5.285718053509214224e+04
6.242459100105163088e+04 2.574928289396887412e+05 3.523764176729125029e+04 5.089688821865822683e+04 4.724726828144679312e+05 8.272213801036393852e+04
1.148709877886971117e+04 6.520556678981390723e+04 5.430379265583134838e+03 7.601437629134424242e+03 2.472379638292019954e+05 2.563316874832042959e+04
1.209751338718107036e+04 1.098885603888281548e+04 6.021201910716112252e+03 1.631284365016630727e+04 4.437074763040600810e+05 4.035927172830503696e+04
8.560489091970392110e+03 1.145309229320559280e+04 5.662197791920680174e+03 9.222815746565114750e+03 3.546675534214705694e+05 3.103269421627168413e+04
2.319784256643071785e+04 5.661999237033866848e+03 1.144731690345481366e+04 3.731094925039415102e+04 7.231477874434541445e+05 7.072489735199963616e+04
3.341102211753580195e+04 1.887463710331348921e+04 1.711928205644319678e+04 5.312812236536808632e+04 9.048208514972805278e+05 9.319517230020248098e+04
9.258700900445539446e+04 1.790736256790688494e+05 5.395360916513087432e+04 1.001399876861011289e+05 1.070540460682122735e+06 1.494034740846047644e+05
1.010106830906353025e+04 3.586730793851348153e+03 4.367488909056220109e+03 1.484112916482770925e+04 2.837625886987373233e+05 2.785687113697626046e+04
6.246327205256882735e+03 1.653036439240894106e+04 7.155729548894306618e+02 1.866487664850903457e+04 4.689763322933759773e+05 4.110936800589894847e+04
9.204969987594387931e+03 5.975585122127876275e+03 2.478097801902656101e+03 1.849345729548329109e+04 3.518906031653755927e+05 3.339434953475216753e+04
3.613569030824517995e+03 1.278345177188821071e+04 4.071126156682350029e+03 7.493120229728515369e+03 2.966444000282908673e+05 2.572786936117401638e+04
1.794498436505154532e+05 5.051033870569328428e+05 1.715779119202662550e+05 9.451600218587703421e+04 1.481552991340669803e+06 2.413403137534160633e+05
1.102953167793863540e+05 4.432390410304424586e+05 6.688004963260603836e+04 8.507297628059840645e+04 9.864009243596601300e+05 1.555723937354318332e+05
1.887632779032390317e+04 4.251533676785254102e+03 6.490785133596886226e+03 2.820319272279641518e+04 3.901730211580710020e+05 4.200430903684395889e+04
7.495330119021221435e+03 4.965781418909804779e+04 3.270284717889645890e+03 1.801628364610928475e+04 3.570386340006582905e+05 3.602737780496371852e+04
7.023100942295436107e+04 3.085081250707214931e+05 4.780138409653800045e+04 4.312323086039022746e+04 6.882230143360398943e+05 1.016581606856479775e+05
3.020108345230508712e+04 5.884347558666780969e+03 1.272269642788884812e+04 4.827059814441585331e+04 5.525449475002217805e+05 6.476679083411739703e+04
2.373140363805994639e+04 3.041599277630057986e+04 1.164716149378724367e+04 3.092952175209427151e+04 4.252481154024059069e+05 4.911348888031199021e+04
4.183340060666852878e+03 2.480157699360834442e+02 4.445108025305537012e+03 1.293226029191394809e+04 3.168512605109149008e+05 2.908753014969521973e+04
1.515508429500927741e+05 6.905419770152345300e+05 8.026352055975656549e+04 1.258562902476725867e+05 1.397878158812338021e+06 2.196936942329485319e+05
2.367947498145134432e+03 8.433877925435750512e+03 1.417571114446015827e+03 1.376717556722100016e+04 3.817008683238107478e+05 3.292666808617331844e+04
1.341101417970511829e+04 7.425680622593412409e+03 1.022817377166590450e+04 2.793414093019875509e+04 4.811805959167385008e+05 4.977194318706134800e+04
9.054898271087811736e+03 4.730762038607112481e+04 3.524724481424809710e+03 1.411624669373748293e+04 5.453515409951227484e+05 4.692311023601603665e+04
2.191990148323551693e+04 1.804299870847967031e+04 7.056587583185323638e+03 4.092852603334373271e+04 7.783422475788508309e+05 7.479279781906559947e+04
1.797812727260086467e+04 1.135073166255809338e+05 1.305320515647901993e+04 8.696621797516254446e+03 4.021883777484972961e+05 4.222595990810392686e+04
1.848861944402409063e+04 8.887410597566248907e+04 8.506762024547968394e+03 2.074016780614441814e+04 5.672753018795909593e+05 5.559697715558466007e+04
1.485177668434873340e+04 7.339176479187010955e+03 7.145734545287081346e+03 1.795621001676054948e+04 3.865295407996902359e+05 3.756082295654502377e+04
2.203983078107904294e+04 7.640217068134327292e+02 1.459569092022727637e+04 2.831604523716172480e+04 5.704569131468901178e+05 5.750252792771829263e+04
5.532508223863632156e+04 2.182856682408155757e+05 1.160395688379222884e+04 8.197919306909106672e+04 1.156771084689578507e+06 1.306748973904147279e+05
4.141795750236172898e+04 1.125179408708575647e+05 2.923190652340752058e+04 3.451976109680798254e+04 5.808922166135248262e+05 7.284775394111452624e+04
3.216562799673796326e+04 5.364194342211735784e+04 2.286781704055629962e+04 3.051071749653296138e+04 4.642832540191982989e+05 5.753568739075686608e+04
6.390594149105682300e+04 2.070496843230564264e+05 3.994394402954902034e+04 5.279444821025923011e+04 8.179969366592763690e+05 1.063532988016311137e+05
4.550732065392469667e+04 2.669105246225124574e+05 2.917741430111367299e+04 2.135780008078579340e+04 4.840356399015552015e+05 6.799620566673838766e+04
2.930313882779410924e+05 1.178971475313074654e+06 1.868242912315524882e+05 2.185373342731587763e+05 1.567452207967265043e+06 3.431083098615206545e+05
1.741572045324744831e+05 7.899569802367135417e+05 1.013705621138823481e+05 1.277603990647628671e+05 1.425003820462849457e+06 2.363963403581840976e+05
4.955472280554584722e+04 2.560892487535118707e+05 2.821021877095354648e+04 3.616235328968145041e+04 6.802130719155056868e+05 8.693310244795984181e+04
2.392042109434916347e+04 1.848659665190972373e+04 1.436371129215654582e+04 3.474598754861672205e+04 8.247301763269643998e+05 7.828912453238139278e+04
8.068957162410490128e+03 8.716126387920372508e+03 2.859217385641018609e+03 1.172697311774695845e+04 3.232291792645527748e+05 2.870677553393056587e+04
8.224930534430010084e+03 1.215958571034463057e+04 1.987880000609138051e+03 1.773110727746788689e+04 4.003386692815498100e+05 3.640283331144536351e+04
8.609855233146296314e+02 3.163833831429938527e+03 8.923187970862232987e+02 4.408245652115783741e+03 1.503337525544519594e+05 1.264590885198605974e+04
3.226870995378509906e+04 6.963585207036157954e+04 1.829123459754754731e+04 3.277804313945543981e+04 4.603432292109698174e+05 5.711428441803807800e+04
1.405961956641588476e+05 6.242551264945780858e+05 7.624745238974582753e+04 1.092297048940861714e+05 1.352110458845975809e+06 2.040865037150847784e+05
2.512845994189735575e+04 5.670293078101538413e+04 2.295220544098416212e+04 1.407485463020015050e+04 4.539905773921901709e+05 4.959919007293869072e+04
1.010002997903544310e+05 3.564648346185110277e+05 6.494652199730462598e+04 7.555181406915783009e+04 1.097532391418249812e+06 1.536153351957105915e+05
8.962132233513537358e+03 5.082592634700716735e+04 4.073996628433493242e+03 7.982954860757423376e+03 3.203904934696205892e+05 2.942978903743159754e+04
8.007397510302184673e+04 1.105435000020283333e+05 4.265728570249057520e+04 8.991466565055651881e+04 9.761465744381232653e+05 1.301708654202138132e+05
2.205293651419199250e+03 1.669739568894927288e+04 1.571496329179215309e+03 4.511156369940472359e+03 2.178472145792678057e+05 1.819568565178610515e+04
6.027634379676274693e+04 4.757772662065621698e+05 3.171621268129437885e+04 2.358687743111090094e+04 8.681272495886128163e+05 1.062654797432763153e+05
4.061916498091714311e+04 1.023883579452603735e+05 2.571204674404825710e+04 4.111143075460047112e+04 9.041367234465378569e+05 9.555120307459721516e+04
9.527826643937190238e+04 3.869371308941490133e+05 8.210079320435260888e+04 4.321550005640540621e+04 8.359547553649281617e+05 1.303022503891622036e+05
1.243923265618697042e+04 2.881210565558402959e+04 1.465837391827587999e+04 1.035417433548959525e+04 4.713457879643331980e+05 4.412890548189573747e+04
6.462625209422668559e+04 1.624190552098508633e+05 4.084909305973501614e+04 6.100832550933345919e+04 7.940558371294032549e+05 1.066394436549756356e+05
6.813417822042029002e+04 2.951985332514381153e+05 4.723617488614722242e+04 4.659958447346775210e+04 7.944324664045664249e+05 1.094716105082885188e+05
1.790813065707528722e+03 2.070722858274917598e+03 9.599450596287816779e+02 9.147269276630766399e+03 2.521923477075487899e+05 2.161485917603087728e+04
8.528576369132009859e+04 2.003122433827942878e+05 5.453833065484370309e+04 8.363963588279933902e+04 8.059309529038175242e+05 1.254475389407323528e+05
1.661292819693447018e+04 6.706159287722247200e+02 5.548026628469589014e+03 2.764315274011890870e+04 3.383897446115756757e+05 3.768458241375008947e+04
4.779232608805898781e+04 7.028510697346102097e+04 2.557196641739091865e+04 5.824490135541075870e+04 8.624465572667770321e+05 9.884601779777782212e+04
1.875463121821426466e+04 8.844888175481898361e+04 1.592967032582934553e+04 2.533988326316870734e+04 5.665918884006562876e+05 6.080979383182992024e+04
1.303665373563142930e+04 3.771606687348476953e+03 7.216217695391243979e+03 2.244872004256326545e+04 4.756570930514423526e+05 4.544083447582134249e+04
4.431462126669262216e+04 8.659060889331506041e+04 2.456932192627235418e+04 5.932528626146879105e+04 6.981485955395631026e+05 8.865837655794023885e+04
1.333827265338633333e+04 1.153517938587985554e+05 4.947901009384394456e+03 5.942200280641433892e+03 3.179855866643742775e+05 3.191418633707481058e+04
1.053391995789921748e+04 1.923464471692305096e+03 4.653681764931949147e+03 2.055707900503061319e+04 3.454939165396027383e+05 3.463464204975697066e+04
7.521297669179283548e+04 2.152188741316569503e+05 4.431948375710347318e+04 6.827750553157947434e+04 7.013635752112178598e+05 1.078001460874569020e+05
6.800284891545058053e+04 2.035821364854932763e+05 5.525772726871135819e+04 4.683981104120198870e+04 7.169671080799086485e+05 1.032954789928881946e+05
1.058155972819630006e+04 5.271871758318978391e+04 7.475646423224190585e+03 7.864103545716750887e+03 2.666267793953206274e+05 2.731996096510521602e+04
1.014833022950363957e+05 2.200940127185915189e+05 5.382008726809825021e+04 1.197954374101303110e+05 1.358777627478980226e+06 1.796498577665465709e+05
1.888004726158498306e+04 6.137893588239642668e+03 5.765294146956132863e+03 3.435963985393618350e+04 5.609047083415449597e+05 5.605207017923751846e+04
3.221151586871193649e+04 5.690149506204351201e+04 1.044004318282369422e+04 4.595312807581375091e+04 8.208398808245623950e+05 8.330417511614206887e+04
2.822992029609580641e+04 8.149454414342227392e+04 1.711453549882232255e+04 2.782298569808106913e+04 4.850094329522317857e+05 5.661214260255706904e+04
4.777040446657138091e+04 8.963869967028625251e+04 3.854387116195152339e+04 3.814712668228869734e+04 5.357414322996347910e+05 7.433353298059011286e+04
1.345097204724275507e+05 4.438861713208139990e+05 9.052100611730232777e+04 1.099193357714409940e+05 9.045194238175256178e+05 1.715234677029571903e+05
6.241006728181869403e+04 2.218957946405452385e+05 2.411115583787161449e+04 7.166517970309688826e+04 8.478041298588399077e+05 1.108003437204001675e+05
3.467831911888920786e+03 1.867656179927271660e+04 9.604679008819921364e+02 4.266322251511884133e+03 2.114307027105108427e+05 1.748791177643647461e+04
2.713662211802813908e+04 2.185472404834364352e+04 6.714725668067715560e+03 5.863530130721115711e+04 1.016276507261727005e+06 9.884407353621200309e+04
2.213464568085147221e+03 6.178059188595877458e+03 1.075373656490599160e+03 3.133733364492488818e+03 1.616424823585505947e+05 1.305824753789425449e+04
3.406767873481293645e+04 7.599510059906130482e+04 1.152949779803655474e+04 4.314713791825826047e+04 5.785441222558050649e+05 6.715288424040358223e+04
3.194402244107521619e+04 3.946260679019259260e+04 1.984695526046409941e+04 4.996556349480374774e+04 7.192505830207128311e+05 8.147812037577647425e+04
1.863961432070541923e+04 1.668454925466889108e+04 5.512266558232957323e+03 5.046412576247291145e+04 1.100166820516653592e+06 1.000174894631383941e+05
2.438395994108487866e+04 1.264489141002972246e+04 1.082493463927823905e+04 3.427382993723302934e+04 5.919731743363656569e+05 6.060596884745914576e+04
5.481914536770993436e+03 4.069147455776248080e+03 1.766809692564139141e+03 1.550208583464872754e+04 3.293232965944550815e+05 3.012289196270949469e+04
4.103028530645968567e+04 2.210679430543687195e+05 1.616473677597148162e+04 3.888717439021816244e+04 8.286719901908593019e+05 9.122531089940830134e+04
2.586885079745959956e+04 7.795851393881853437e+04 4.937713856327360190e+03 4.041629826756736293e+04 5.653137123613405274e+05 6.228368684659416613e+04
2.165761961331778002e+04 1.154050722980184364e+05 1.636832720734145187e+04 1.491040590478569175e+04 6.017405104317534715e+05 5.998051016824208637e+04
2.553303938334627310e+05 8.586747262024021475e+05 1.496231237874298240e+05 2.449210749730164825e+05 2.235834218700747937e+06 3.681111449213240412e+05
1.412121950522607767e+04 1.046646129563266368e+04 1.501412126746371723e+04 1.283265110659717539e+04 4.808211445540715940e+05 4.513270350840908941e+04
4.887854616874686326e+04 1.784187784676737210e+05 3.103758681974928913e+04 3.884077388070135930e+04 5.926599283678281354e+05 7.963177953562951006e+04
9.113030011856413694e+03 6.298614509772189922e+04 3.467586762009614176e+03 8.033962057582465604e+03 3.317863922847803333e+05 3.055951247262867764e+04
2.532283629204334284e+04 3.312735668443739269e+04 3.189946800315475048e+04 1.536823698880967640e+04 7.825827535476931371e+05 7.497571147789720271e+04
2.283629948272270558e+05 7.892586739806624828e+05 1.541890383342309215e+05 1.789848697776858462e+05 1.892541625688876724e+06 3.137403064538331237e+05
7.515637298881314928e+04 1.659951494420228119e+05 5.156071579769078380e+04 7.005854931110377947e+04 1.060219550704092719e+06 1.334284032350851630e+05
2.371958650459506771e+03 1.461287845661057872e+04 8.237331955463082522e+02 4.066092331381979875e+03 1.890618805646290130e+05 1.563287079642139543e+04
4.961840257674892200e+04 1.889733168659865623e+05 2.181787741244505742e+04 5.089685008095448575e+04 8.055711946451566182e+05 9.595133968344291497e+04
9.156507544646663882e+04 3.452270156072275713e+05 6.335219344806838490e+04 6.710717844485992100e+04 1.269950156331645790e+06 1.601503098888101813e+05
2.766906004981281876e+04 1.132673689746884047e+05 1.434543496161734038e+04 2.477165864215206602e+04 6.260008279887619428e+05 6.509355133424831729e+04
6.397724652871547005e+04 2.529417004806619079e+05 4.758546760338996683e+04 4.666779818207764038e+04 9.787543371757887071e+05 1.199599166236299789e+05
1.268808759512666984e+04 9.081364317174920870e+03 3.802535477234417613e+03 2.957240465920148199e+04 7.114135198068537284e+05 6.331002526872693852e+04
2.517631317431608841e+04 7.967684521928734284e+03 1.214898713790084912e+04 3.803150201955001830e+04 5.312541565002000425e+05 5.856057894227876386e+04
5.328427638245279923e+03 4.284717293728499499e+02 2.268653594446263469e+03 1.366179521028698946e+04 3.304888832612023689e+05 2.940536567268943327e+04
5.522919459320445458e+04 1.847695757183140086e+05 2.487895541817481717e+04 6.392828749089473422e+04 9.531486948007568717e+05 1.128815611865556857e+05
8.387813118046107775e+03 7.126684768154405901e+03 2.567431902459412413e+03 1.199737002881522858e+04 2.636171350710556144e+05 2.461514595729692519e+04
1.438756381923345725e+04 1.327331127728216234e+04 3.890389267861542521e+03 2.278180302131748613e+04 4.289037691145587596e+05 4.148319309502017131e+04
1.885930954004905288e+04 1.114237283798989229e+05 1.007800088403784684e+04 1.408232975111290398e+04 5.081911711020014482e+05 5.040534828035779356e+04
5.024789046429292648e+04 2.101777910280378710e+05 2.642343936291423597e+04 4.261220204217495484e+04 6.198148906108271331e+05 8.274567948191192409e+04
9.360363369967549806e+04 3.962884231818658300e+05 6.683328160809760448e+04 5.903732801109890715e+04 8.969221281949578552e+05 1.354382949439058430e+05
5.383751678616291611e+04 2.094943839267973963e+05 4.170817040905081376e+04 2.873388153592835442e+04 5.218244985127653927e+05 7.643454411797071225e+04
2.793812147199406809e+03 1.249018998121972118e+03 2.102463212711453707e+03 8.051045670362854253e+03 2.788169782746337587e+05 2.336179756916906626e+04
2.561266583123750388e+04 1.002057884528419236e+05 1.149282807139184479e+04 2.254449322511869104e+04 3.664432885548974155e+05 4.475283303363874438e+04
4.711510191782377660e+04 1.339893639768639987e+05 1.464094260648184172e+04 7.961656975753224106e+04 1.619559059757101815e+06 1.578723845844391617e+05
2.059981326051626093e+04 1.383526860641299027e+04 1.927378104311501374e+04 1.666230853046158518e+04 4.273640912740099011e+05 4.527184870405944093e+04
1.118580324996607487e+04 4.101709137723900312e+03 9.088343956230806725e+03 1.158802341261032234e+04 2.757545570059534512e+05 2.790781936718463112e+04
1.852543581896603791e+04 9.103826703834930959e+04 8.403015182593742793e+03 1.784687450321049982e+04 5.888187734344049823e+05 5.580002393702369591e+04
2.627244994685081838e+04 3.126486474644906775e+04 1.081309884447450531e+04 4.263881305737060029e+04 9.006250493038538843e+05 8.606433893913794600e+04
1.915007343093502641e+04 1.552428375137351977e+05 7.478365442955828257e+03 1.416981471264211723e+04 4.292846953625194728e+05 4.618484275405912922e+04
4.805596397052481916e+04 9.334511562436680833e+04 1.440047596233919649e+04 8.138389228203427047e+04 9.945109871085933410e+05 1.145166516882645228e+05
1.439595918109661397e+04 6.457792085458801012e+04 5.331277722349246687e+03 1.417871895754889738e+04 2.926842476388474461e+05 3.159023381827174308e+04
7.308565540410196263e+03 9.025622580109607952e+03 5.195414593097880243e+03 1.966250895008376756e+04 5.530034712337868987e+05 4.877202972737946402e+04
3.229204174488013450e+04 1.068509305490325351e+05 2.431243746765290780e+04 1.945991211668444885e+04 5.341748528931913897e+05 6.049467987902941968e+04
5.109647957739253616e+04 2.926221731341241393e+05 3.272867909658134886e+04 2.445147271974617615e+04 4.400579749350687489e+05 6.924009545492923644e+04
1.534281555679629673e+04 3.541030225140156108e+04 1.049723161758584320e+04 1.780760235416533396e+04 5.583157503329477040e+05 5.188140725915219082e+04
7.201594063811317938e+03 5.091282663726400642e+04 9.384882836082091444e+02 2.151703069166941350e+04 5.556236401286874898e+05 5.002398972562356357e+04
2.320393070136366805e+04 1.993935128375959175e+04 7.295412973812143719e+03 3.733033326206156926e+04 6.381573300621097442e+05 6.393374440617386426e+04
2.897986096283081224e+03 3.619466013529106476e+02 1.150658334222846861e+03 8.257949196177014528e+03 2.476718440859492403e+05 2.090635315891901701e+04
1.533849426672759291e+05 6.535291519921808504e+05 1.021254292243358504e+05 1.096291783355285297e+05 9.230220415453575552e+05 1.880106757257308636e+05
8.145677205296156171e+04 2.847867620107664843e+05 4.868339308840923331e+04 7.169627743595566426e+04 1.009507419850923587e+06 1.353945598544201057e+05
6.824163194879686671e+03 3.768127417093270196e+04 1.398210754782287950e+03 7.054130104014873723e+03 2.237222061055749073e+05 2.070413833381859513e+04
4.121621013069339824e+04 1.154982703662584681e+05 1.689815576681290258e+04 5.084930699306540919e+04 6.418939004250238650e+05 7.916520409467058198e+04
1.723047993992050760e+04 8.375880987601920788e+04 7.373413279321163827e+03 1.781703897427416814e+04 4.925273250590012758e+05 4.850603498826758005e+04
7.350138411200963310e+04 1.721076797295771539e+05 3.816464476564026700e+04 8.294493563756599906e+04 1.226444094962264411e+06 1.449631652147657587e+05
3.036622854314140568e+04 9.619251791055756621e+04 1.362320114142218881e+04 3.003327673914679326e+04 7.820773801688663661e+05 7.681434354575801990e+04
7.929174019356180906e+03 9.896854436194022128e+03 3.586581804437894789e+03 1.103198839991348723e+04 2.749051156441129860e+05 2.551422690026810960e+04
1.142488771957491263e+05 5.401235018143960042e+05 8.687440024397215166e+04 5.962593770455451886e+04 9.155148662434893195e+05 1.527102165624286281e+05
7.552676376516519667e+03 2.683066882754693779e+03 4.629064719366501777e+03 1.475681055860798733e+04 3.748949148488874780e+05 3.401632179744866153e+04
3.062868617741774415e+03 9.506849522891872084e+02 4.263107451390807910e+03 7.501102729634837488e+03 2.912055958088563639e+05 2.486303761785952520e+04
3.896077384535115561e+04 7.698135066879334045e+04 3.282523415381614905e+04 3.133455032592265707e+04 6.067442151102862554e+05 7.293721421258505143e+04
7.917754797629783570e+04 1.963246839908689435e+05 7.465808066617346776e+04 4.533928148284537747e+04 7.578218793552335119e+05 1.133689981446159945e+05
5.226244659961193065e+03 4.927615348027758557e+01 7.049574332412249532e+03 3.837117060104707434e+03 2.444737439669517626e+05 2.121968757352223474e+04
1.101458323067334823e+04 1.819485293890490357e+04 2.298339845929711828e+03 1.980414682106953478e+04 3.302019192262117867e+05 3.305526969275141892e+04
1.756479232186060472e+04 1.398040451025865423e+03 9.878211937219270112e+03 2.189742089368736561e+04 4.001175031112358556e+05 4.114090487115286669e+04
5.998317240226551803e+03 7.947684874998718442e+03 2.644534511990463216e+03 1.164434454609749810e+04 3.219200510766005609e+05 2.845079800025487202e+04
3.043630912607982464e+04 7.676336648062859604e+04 2.538420331357990653e+04 2.480366275738076729e+04 5.689614186537374044e+05 6.422429860860297777e+04
1.065360812920554963e+04 4.697497442833571404e+04 6.114140404254881105e+03 2.021740778079056690e+04 4.390273058741213172e+05 4.363043232209362759e+04
1.808813334366319468e+05 6.995754549981683958e+05 1.145488669374505262e+05 1.368526501403988514e+05 1.508695263816813473e+06 2.473463788378801837e+05
1.007670530926512401e+04 1.626188180708320033e+03 4.780080438451635018e+03 1.537779870410000512e+04 3.881054877846216550e+05 3.519847491966011876e+04
2.858280293096649621e+04 8.974567815752197930e+04 2.227474364537816291e+04 2.119968363449363824e+04 6.048710556765495567e+05 6.431172471366727405e+04
2.393231694218835401e+04 6.544057309858492954e+04 1.702291428072992858e+04 2.368021459615373533e+04 7.023518527095267782e+05 6.852349376914915047e+04
3.221230305267561562e+03 2.725099438187016858e+04 8.276468227400619071e+02 4.834110083125192432e+03 2.270181246829937445e+05 1.915999627185624195e+04
1.237098219058273389e+04 3.615262505184754264e+04 1.109152274245030094e+04 7.103253167942387336e+03 3.196382222885545343e+05 3.128063781420645319e+04
8.821553914559650002e+04 2.989264153583328880e+04 5.102623331842146581e+04 1.253988798797325289e+05 1.831881182608513162e+06 2.033903761598582205e+05
1.086847927246779909e+04 2.506194654529331274e+03 1.145979973494712613e+04 1.228065183018492098e+04 4.303710752556580701e+05 3.956382355337888293e+04
8.319929854234496815e+03 2.621653896453993730e+04 4.486310761363552047e+03 2.070576589504605363e+04 4.663626326733418391e+05 4.396113009534430603e+04
2.656880735475556867e+04 1.371377903704283744e+04 1.677628582210098466e+04 3.064542205564496544e+04 6.647211507928349311e+05 6.647667874294417561e+04
1.190719716775173765e+04 1.293915932444540158e+04 7.318496683420698901e+03 1.448333758269429563e+04 3.162152755257536774e+05 3.161265553786666715e+04
4.714736207048300457e+03 2.310834851379184693e+04 2.471668827831987073e+03 7.079683092167862924e+03 2.102296174405486090e+05 1.954998781883030824e+04
1.263128169424246698e+04 3.900976610767876991e+04 1.064504224595631786e+04 8.491503487928404866e+03 4.233216041729151038e+05 3.883096074407136621e+04
6.394864974098040693e+04 2.308265987497822789e+05 4.525891838517984434e+04 4.630614087110733817e+04 6.102806589581624139e+05 9.291597615334021975e+04
1.755574185360942211e+05 4.566723236425708164e+05 1.075723423457572935e+05 1.755791531981058652e+05 2.188396917013515718e+06 2.955499612800856703e+05
3.209553492488684060e+04 2.417266709865972734e+04 2.674798048060305882e+04 3.310285360176903487e+04 7.433869376032270957e+05 7.769498563750082394e+04
1.039408811444522435e+05 2.335820869372889574e+05 6.696956349177788070e+04 9.752579219304275466e+04 1.201202963720506756e+06 1.653173038271109981e+05
5.132346703986082503e+03 9.319138717012464213e+02 1.565656077072323797e+03 7.816950113310235793e+03 1.436614689478695800e+05 1.391834219159078566e+04
4.294586033482684434e+04 8.890589802653630613e+04 1.713074139622532311e+04 5.532762305617918901e+04 9.014173515893006697e+05 9.743035394195646222e+04
2.264205412973551211e+04 3.457066965737365535e+04 1.384201989546258483e+04 2.575552594602443787e+04 5.738560884041107493e+05 5.792091412390291225e+04
6.848639213490282418e+04 1.343892232880366209e+05 4.450958946407852636e+04 9.620588081089105981e+04 1.150135737142396625e+06 1.466962833282422798e+05
4.332345789290854555e+03 1.192982640024624561e+04 3.157204992555636181e+03 7.568707492325926069e+03 3.089800489108791808e+05 2.615553125974945942e+04
1.439326915863024624e+04 1.343297834044673255e+04 1.387319050667272131e+04 1.475377796728800058e+04 4.776205240133293555e+05 4.544105446345174278e+04
3.680739072687367297e+04 1.310088028209703043e+05 1.529736832568582031e+04 4.182046752874772938e+04 7.094941697623201180e+05 7.970653796551318374e+04
3.051853613912319361e+03 1.888214375850111173e+04 2.868568085714884546e+03 6.790390592548839777e+03 1.811187938483291364e+05 1.742321124375261570e+04
4.497133353931462625e+04 2.756811117645614431e+05 1.500747240924193284e+04 4.265671153059032076e+04 9.520880525550098391e+05 1.034336869839608262e+05
2.691348431669514684e+04 1.228162755922368960e+05 1.639927832690256764e+04 1.667410772172412908e+04 3.072328666936982190e+05 4.134955331118429604e+04
1.442757269314388686e+05 5.975845692997990409e+05 7.708460566016573284e+04 1.186808948762935906e+05 1.420898358250192367e+06 2.120282628525176842e+05
7.518887064836760146e+03 9.687521651522181855e+03 4.645145437800882064e+03 2.104625301717841648e+04 3.515397643329557613e+05 3.564290275390980241e+04
6.932132412504812237e+04 2.335226811799404386e+05 4.231488145575391536e+04 5.969693704161913774e+04 8.895122062313953647e+05 1.166163241618143657e+05
7.427120101650783909e+03 1.100072697093541501e+04 5.609780862833204992e+03 8.393560800694913269e+03 3.051623928823443130e+05 2.728304646462361416e+04
6.140044723404672550e+04 5.200334177201195853e+05 2.866449055020724700e+04 2.963679377603691319e+04 7.572142210096133640e+05 1.024150739158692013e+05
7.702496267690658897e+03 4.236729535288046463e+03 2.692835507736559521e+03 1.882282254533230662e+04 4.595091612408342771e+05 4.078820868629472534e+04
4.702977390816734987e+04 1.966430960505665098e+03 2.118610752569698525e+04 7.464487716510232713e+04 7.802853145616111578e+05 9.546515236007620115e+04
3.602365273900087777e+04 2.170043806601078541e+04 1.838730703331116456e+04 5.033569302021300246e+04 7.722862078820823226e+05 8.370468015710618056e+04
2.758140982235638876e+04 5.025903315797843243e+04 1.457411887301697061e+04 4.326373658894609980e+04 5.135659222439315636e+05 6.287447846444056631e+04
3.162958302006867962e+04 1.076277176320124454e+04 1.677546259775143335e+04 3.905853854188923287e+04 5.961850607189963339e+05 6.552489591173404187e+04
8.945740473022678634e+04 3.002094811982904212e+05 7.337071002349973423e+04 5.382887679760115861e+04 7.755646482700512279e+05 1.229856405258031737e+05
3.438148533452844276e+04 1.335433122718441591e+05 2.230610414336140821e+04 2.532507037417972970e+04 4.584111392218411202e+05 5.850659567885436991e+04
1.018704884370979744e+04 3.742920308548910543e+04 2.971940226196688855e+03 2.666335307939054110e+04 4.360880029991012416e+05 4.452068405171122140e+04
1.915262873572642275e+05 6.986930946060550632e+05 1.221624409010686213e+05 1.468962314843131171e+05 1.381050459722238593e+06 2.465410291548726091e+05
1.368970379430688336e+05 3.890323332444584230e+05 7.421634219741114066e+04 1.399824012882351235e+05 1.216159944819174474e+06 1.963358868271291431e+05
2.614071906268644670e+04 3.696515954087193677e+04 1.513328420122030002e+04 4.903045807437317853e+04 6.456627804088495905e+05 7.395024983766526566e+04
6.809791029640557826e+04 8.552914197252976010e+03 2.675924586133781122e+04 1.061525678111330053e+05 1.161139559040347580e+06 1.380568548727154848e+05
3.525906088743228611e+04 8.252050036015887599e+03 1.715076444307092243e+04 4.729260759814525954e+04 5.807447457156213932e+05 6.824727436679702078e+04
1.430088768543932565e+04 1.128372549256374332e+05 5.116476688326432850e+03 9.334016051273609264e+03 4.005463161247494863e+05 3.894918184020173794e+04
9.539012115286614062e+03 7.318195793786366266e+03 4.949345717766361304e+03 1.743925788711000860e+04 4.579180356332613737e+05 4.118075850393866131e+04
1.762881940210054381e+04 3.451559340638427966e+04 4.419060056314969188e+03 2.817905899389372280e+04 4.626347266891833278e+05 4.747127271550012665e+04
8.821759498254321443e+03 2.109111463885470130e+03 3.741145418292892373e+03 1.575921249866350263e+04 3.542785040118277539e+05 3.267177693292071126e+04
1.627864796995564539e+05 7.020059241163406987e+05 1.020276938825856632e+05 1.166044744359391043e+05 1.283695715091885999e+06 2.177796603414098499e+05
2.597993276187484662e+04 7.159714008031335834e+04 1.108232399884060578e+04 2.883983693178310568e+04 4.971876963656564476e+05 5.480101218414718460e+04
5.494216395754453697e+04 3.114246577402263647e+05 3.340894049951385387e+04 3.037390964783765594e+04 5.107249562188267591e+05 7.789460198458434024e+04
1.194391734573387839e+04 4.817394858415277668e+03 1.126167389536668816e+04 1.353119824320722910e+04 3.568144761768604512e+05 3.521084401234977850e+04
6.083900902862322255e+03 3.435426773487434275e+03 4.433737523625809445e+03 1.866422272567624532e+04 2.913251226657833322e+05 3.011533774348373481e+04
1.821258068485610056e+04 3.777104017189107253e+04 2.546496218727935229e+03 3.373745261362715974e+04 5.971944006515289657e+05 5.838893473992369400e+04
7.966223507739839988e+03 4.490317881606235460e+03 3.219744909189526425e+03 1.534482787731569624e+04 2.963156684368060087e+05 2.847887752192878906e+04
7.286192128326442798e+03 9.473162303371020244e+03 1.105845327639118295e+04 2.857990978075655676e+03 1.859705508580686292e+05 1.903642704840788429e+04
2.610392428204141834e+04 1.824109552306475234e+04 1.576076720750312415e+04 3.220279104614890093e+04 4.149942612766523380e+05 5.017056794883480325e+04
3.354732863933068438e+04 4.306536515803259135e+03 2.123504672616247990e+04 4.574207285287009290e+04 7.030311747642470291e+05 7.733656308621274366e+04
4.108539929168787239e+03 9.499508996930604781e+02 3.797581741153410348e+03 9.082984383205221093e+03 3.100918213924304582e+05 2.664790091102966107e+04
2.800502697978178912e+04 3.426786293470253440e+04 1.242876124600905496e+04 3.751273386276872043e+04 5.542273531563486904e+05 6.129289519084765925e+04
1.231798581132909603e+05 2.349436409174112778e+05 7.997507403860146587e+04 1.258999645464819332e+05 1.238848641737080645e+06 1.863535097291604616e+05
3.257291318299546037e+04 4.183388808064946716e+03 1.859236922221308851e+04 4.314488940801587887e+04 5.198256955530816340e+05 6.269452347828885831e+04
5.344739543591508846e+04 1.329697110982199083e+05 2.754345988863593084e+04 5.578309050854830275e+04 5.701032968178867595e+05 8.202094916925672442e+04
1.982942319229244822e+04 1.274298280945020670e+05 1.272603967662652758e+04 8.650464085341871396e+03 3.108584346131948987e+05 3.661001114424876141e+04
4.126259928047507856e+04 5.205897018184731860e+04 2.357235804287627980e+04 5.055818524574836192e+04 7.655698735029340023e+05 8.709064185269312293e+04
2.079265022912746281e+04 4.017584616408942566e+03 1.299747635860613082e+04 3.260934056532001341e+04 6.471289342561333906e+05 6.407280816083784157e+04
5.353685071786290064e+04 1.468117492924379185e+05 4.122343046993234748e+04 6.590615570417829440e+04 7.413672784647924127e+05 1.046995990307956527e+05
3.692414475641557510e+04 3.280515045806636044e+04 2.306463876020659518e+04 5.077621337680807483e+04 7.998287260199345183e+05 8.832207321914976637e+04
1.942254002625019348e+04 6.350225189348401909e+04 1.505052454251555173e+04 2.637677198674902684e+04 5.186823962982717203e+05 5.644314082102609245e+04
9.395143153772814912e+03 5.306109226754360861e+04 2.149557452772286979e+03 1.396980476583672680e+04 4.155878110629867879e+05 3.782085813376926671e+04
2.447765499461612490e+04 8.518651935226320347e+04 1.856304125711707820e+04 3.227357255325233200e+04 5.939564637121782871e+05 6.675943553191161482e+04
1.903689869120777439e+04 1.602892007526710513e+05 2.927255853725626821e+03 2.831941219950716550e+04 6.143668334990020376e+05 6.331934593770110951e+04
1.177524107168790215e+05 4.744266417237029527e+05 6.443504492709138867e+04 1.052857822136926261e+05 9.740126658613047330e+05 1.643679701058699284e+05
9.017132438558143622e+04 2.106640860288399272e+05 6.232666924556544836e+04 8.316499457725421234e+04 9.507064332922770409e+05 1.388400138374502712e+05
4.507795430941713857e+04 1.045206713613496395e+05 1.517197239775401431e+04 6.523294047049091023e+04 7.695033584684050875e+05 9.296499236135005776e+04
1.503415967188048489e+04 4.506402308751689270e+04 7.432863184504947640e+03 1.429864722944702589e+04 3.005773425415999372e+05 3.211592129320569802e+04
2.241239597385780871e+04 5.744937154659542284e+04 1.961932705825589073e+04 1.370141964434251167e+04 4.181038352207655553e+05 4.561677575728608645e+04
1.112223938900721259e+05 6.190509812242776388e+05 6.909693771890230710e+04 6.550245883317710832e+04 1.209471366236225469e+06 1.713799756090903247e+05
1.093338714141519304e+05 3.099633679821710102e+05 6.568304152134491596e+04 1.000463848166486423e+05 1.134824158360772999e+06 1.652165924570125644e+05
1.069753439228655043e+05 1.880651442677280284e+05 5.870851348642459197e+04 1.259157599526919803e+05 1.223260297547957627e+06 1.738253241198201722e+05
1.516815998817477521e+04 7.029191303227386379e+04 1.071500285882925164e+04 8.679959718522271942e+03 2.302156161233118037e+05 2.750569534624001972e+04
3.950096328053428442e+04 6.350708934353967834e+02 2.200511618603117677e+04 5.570768537989047036e+04 8.013713688376132632e+05 8.860750145037412585e+04
1.285393609699810804e+04 4.204270654838732298e+04 7.718659687581903199e+03 1.888635128249994523e+04 2.884728606404575985e+05 3.334999554760557658e+04
8.737155750150313906e+03 4.795407093417680153e+04 4.953487144941688712e+03 7.534655802076319560e+03 1.753780921233665722e+05 1.971065992977855785e+04
1.405751278994777385e+04 1.642302333776537125e+04 8.644251109507056754e+03 2.214094135164454201e+04 4.056053137228815467e+05 4.183150173829381674e+04
1.403981824946078632e+03 1.792790199164694968e+03 6.672145918986225297e+02 2.511607196285654936e+03 1.405826786313868070e+05 1.096755963379118475e+04
8.942152919853410276e+04 1.566078161884105066e+05 6.503200779069256532e+04 8.835358140397841635e+04 8.331583906288638245e+05 1.317719373228382319e+05
2.810778456237727005e+04 1.314958940277769580e+05 1.415558740102611409e+04 2.187911612913143836e+04 4.231114578935771133e+05 5.095929535345383192e+04
1.130010054313363253e+04 1.828882817087402873e+04 5.350458280034155905e+03 1.529668457015880813e+04 3.106214403581108782e+05 3.102046548599551534e+04
4.613917812846076413e+04 9.483525263649868430e+04 3.163229059711288937e+04 5.288133670490022632e+04 5.242483019622116699e+05 7.750068348821676045e+04
3.608094093846547912e+04 3.482349011272601638e+04 1.785237034267992931e+04 5.092014636393449473e+04 8.862117849486477207e+05 9.205016740182079957e+04
1.932993193742109870e+05 3.377582374940923182e+04 8.831833460401529737e+04 3.114129589319216320e+05 3.412019385486931540e+06 4.100505071907684323e+05
1.214484942304259130e+04 3.089118145174422170e+04 8.468315664856332660e+03 1.981981894643227497e+04 4.940566727744605159e+05 4.737105485839295579e+04
3.129443944773164185e+04 5.821358884598268924e+04 1.008113786322561100e+04 5.278196905311571754e+04 8.454620092223235406e+05 8.795833239132726158e+04
6.965191873409888649e+04 2.160341543664731726e+05 4.573894632131771505e+04 5.991230549131161388e+04 6.862240710353924660e+05 1.036515053370521782e+05
1.760718901131421808e+04 2.648440511702463846e+04 1.301079546333491817e+04 1.605652094397175097e+04 4.494593854595825542e+05 4.440994066738357651e+04
2.044091365655778282e+04 5.123066574119402503e+04 1.091318604388410677e+04 2.241689762678437182e+04 5.494256319128253963e+05 5.432968484135073959e+04
6.806593844896352493e+03 2.687424917092976466e+04 3.161578965467637772e+03 2.177036931439523687e+04 5.220635291437278502e+05 4.765041202781667380e+04
1.912386000856871760e+04 1.602727472153060944e+03 1.307080282264366178e+04 2.943928693378656317e+04 5.906286715184076456e+05 5.875131975705015793e+04
7.224853613011414382e+03 5.114634160491095099e+04 2.708804524201736058e+03 5.384734764640119465e+03 2.400273613629273896e+05 2.227706319526851439e+04
3.761436891448411188e+04 1.332934825296916824e+05 2.456549698372623607e+04 2.780888548253810950e+04 5.074520489761948702e+05 6.388983809167496656e+04
6.075867171265574143e+04 1.906805652862866700e+05 3.230909878096286775e+04 6.260352962816457875e+04 9.219647824677655008e+05 1.136805608275754785e+05
5.480780838020761621e+03 2.150876859561225274e+02 2.268195256480272292e+03 8.711339097436732118e+03 2.798319939558574697e+05 2.374893496741063427e+04
1.075521061083547393e+05 4.940778140911870287e+05 8.079930293966930185e+04 5.259061699753061839e+04 8.711485080010720994e+05 1.416480453181621560e+05
3.012180985995339579e+05 1.558000760459674522e+06 1.671752558248919377e+05 2.333192318854249315e+05 2.858293522430023178e+06 4.468948050703718327e+05
2.298099575277565236e+04 6.076446435929988365e+04 1.756584092362098090e+04 2.212137132970292441e+04 3.818842267083446495e+05 4.626680105523642851e+04
8.195541727632922630e+03 1.436560453109145055e+04 8.932441803160336349e+03 4.686122116203385303e+03 3.033877876303061494e+05 2.708606016094112056e+04
6.896158351409580064e+03 3.316568296798694064e+03 6.141312030726533521e+03 9.897587487117651108e+03 3.604743118247629609e+05 3.153238448178328690e+04
8.551102281319481335e+03 6.459879290881812267e+03 4.651835120284796176e+03 1.399195058503715518e+04 2.874653215177652892e+05 2.798664834752305251e+04
2.579772317272874352e+04 1.088829195558473584e+05 1.719854314354472808e+04 2.452353882727485325e+04 3.940751821501394734e+05 5.039515672096893104e+04
2.972116787807503715e+04 2.651825309196673334e+04 2.125674205787321989e+04 3.302130312351271277e+04 5.128848467222323525e+05 5.990348482192652591e+04
8.155714259875865537e+04 1.550229976858581649e+05 5.287221243969244097e+04 8.363331362969242036e+04 1.032989332952088909e+06 1.377577486491598829e+05
7.734184861885588361e+03 1.479903587024529588e+04 5.606034853763703723e+03 8.509237763181536138e+03 4.319731411222336465e+05 3.605088727397910407e+04
2.759828207881065100e+04 8.354020350018875615e+04 7.584340617154917709e+03 4.494130881966056768e+04 7.211153718674354022e+05 7.622603567342432507e+04
4.003395092420554283e+04 3.131971766460150320e+03 2.199441383964808847e+04 5.024610741247182159e+04 7.169233763476921013e+05 8.057684110984281870e+04
2.880937264375123414e+04 3.972165010488899497e+03 1.608492270547607040e+04 4.343514289305193233e+04 7.615368195674163289e+05 7.799179018321476178e+04
2.038481044095609468e+04 5.823183591321931453e+04 1.858046488628188308e+04 1.112080875702516278e+04 3.675925546681528795e+05 4.064337012806982239e+04
1.658287830586359269e+04 4.565800716412089969e+03 6.022610900397613477e+03 3.284502453772016452e+04 5.548505014398623025e+05 5.499313340340892319e+04
4.511188370238302923e+03 9.688465547878846337e+03 5.356146825193256518e+03 1.045558822393410810e+04 4.091737100595525117e+05 3.503696195364362211e+04
3.128142773499508621e+04 3.081027090280656921e+03 1.487339939261129257e+04 4.612546279005306860e+04 6.405634158765820321e+05 7.050533165018295404e+04
5.659594923940455919e+04 6.281329761583791696e+04 2.620283450086296580e+04 7.562397496708831750e+04 9.520307205246469239e+05 1.126322567061893205e+05
1.958648520170611164e+03 1.219265120932668287e+04 7.302482729455888375e+02 8.178706364747661610e+03 2.837892415167571744e+05 2.370381749942801980e+04
8.461575628263088220e+03 4.396954311522481476e+03 1.322675332038502893e+04 5.749241620664039147e+03 4.281885726656314800e+05 3.731887925419688690e+04
1.895037541062007585e+04 3.010882873213463245e+04 1.042067257555783908e+04 3.043459102292213720e+04 4.103875013434345019e+05 4.734625370341096277e+04
7.708484790487396822e+04 3.688246632716401364e+05 3.570290622032729880e+04 5.945739693097651616e+04 8.437905266551576788e+05 1.172761141526601423e+05
1.771858371136851929e+04 1.764949779298802605e+04 9.668157149981945622e+03 2.039016538670334921e+04 3.344336845935228048e+05 3.675492153324593528e+04
1.694008807163213714e+04 1.856934001353495842e+04 1.079034991512876331e+04 2.372686859364960401e+04 5.631164213914067950e+05 5.417409751664876967e+04
9.951731431024179983e+03 1.743099398206331898e+04 6.467855760903920782e+03 9.527720681171433171e+03 2.920272547950608423e+05 2.760045180616751531e+04
1.887267363895468225e+04 8.183971595981107384e+04 4.237044370915888976e+03 2.371958603542036144e+04 5.016767516687488533e+05 5.034347413460595271e+04
1.622328046158667530e+04 5.481995483383987448e+04 4.075513984957034609e+03 3.407011703157184093e+04 7.045640561423398321e+05 6.726357813455592259e+04
3.029025707281962968e+04 6.190346754032321769e+03 1.808531801445141900e+04 4.178738559265697404e+04 7.170780870499350131e+05 7.522850320108997403e+04
1.604857549154523440e+04 6.124633329446967400e+04 4.857095448061495517e+03 2.967219196342683790e+04 7.306653588518055622e+05 6.768532472141823382e+04
2.965157900790718941e+03 1.462788478281789685e+04 2.077297853640594894e+03 1.697966978522860700e+03 1.211187784573492245e+05 1.053335341557687207e+04
5.625133999015582049e+03 3.213891492954130626e+03 1.453746292111495450e+03 1.091589337443367549e+04 3.082650804207483889e+05 2.645545592816133649e+04
1.162231538917982834e+04 3.154322891136914222e+03 1.078380964475736437e+04 1.662138492393556589e+04 5.279337112086476991e+05 4.782930967681376205e+04
1.401622287561309349e+04 2.235555592250455447e+03 5.623185442664613220e+03 2.753678640059877216e+04 4.732318741465825005e+05 4.681573187837400474e+04
3.597705154987486458e+04 4.400068629380363564e+04 1.092716649803771725e+04 5.412762455155633506e+04 6.714291983815521235e+05 7.652301091905518842e+04
2.010141069186720415e+04 8.734822558921072050e+04 1.783252653067347637e+04 1.397621088937562308e+04 5.940331276694585104e+05 5.828285497880270123e+04
7.925874660920932911e+03 4.064554117328255961e+04 3.787682308477567858e+03 8.065178241513476678e+03 3.596452548394305049e+05 3.148015913836333857e+04
6.728595932232462474e+03 9.318124852122644370e+03 4.113382079058043018e+03 8.254755802271683933e+03 3.116662877984470106e+05 2.692941395084140458e+04
2.153036756096524914e+04 7.595632605148158518e+02 1.098075181662513933e+04 3.463179991125258675e+04 5.626113569571553962e+05 5.827215356070790585e+04
7.721727752168460574e+04 1.432194553264675196e+05 3.986895935454346181e+04 9.190072091795310553e+04 7.740043194239292061e+05 1.178874593168538413e+05
1.344962131902183319e+04 9.962471727793142782e+04 2.745392223929120064e+03 1.935919409309587354e+04 4.437709749450891395e+05 4.471388731552914396e+04
6.060322060911039443e+03 2.783180658939611476e+03 5.311709823623562443e+03 1.138544519967510496e+04 3.712385290150346700e+05 3.254514947295499951e+04
2.065641447524081377e+04 1.492421333573604061e+05 3.555878066553222197e+03 2.133738514833989757e+04 6.494251494685843354e+05 6.224466552490145114e+04
4.262290226673769939e+04 1.348653045545087371e+05 2.894163717475067460e+04 3.467215519564207352e+04 5.288622727970341220e+05 7.039758789214100398e+04
1.248929839297526451e+04 5.348879649593959766e+04 6.589450507157654101e+03 1.015336658117426487e+04 1.777526761662604404e+05 2.203356416579951474e+04
4.308858242307420733e+04 1.915427263356115145e+05 2.779604976404117770e+04 2.837718802247624262e+04 4.216825490144309588e+05 6.265233880475436308e+04
1.864267094789327166e+04 5.112676550988245435e+04 1.161340224367489827e+04 2.073805969903920413e+04 4.955849254129090114e+05 5.024595056519076752e+04
4.428348255617057475e+03 2.858425475439113143e+03 3.984707604323883970e+03 7.835264954992579078e+03 2.696766134235820500e+05 2.354047543424621108e+04
2.041639247030439947e+04 3.987773588846502389e+04 1.779462246028025038e+04 1.872656110934089520e+04 2.860112726118566352e+05 3.734866561061121320e+04
1.591269379483526973e+04 3.970464535687508760e+04 4.277797871722180389e+03 2.085532885588302815e+04 4.027770879082236788e+05 4.032941831285427179e+04
6.452551201207458689e+03 8.368907837212862432e+03 1.496393847050163913e+03 1.275852677847326413e+04 3.543223909803339629e+05 3.065987361469594180e+04
2.272865014392087687e+04 3.259233031275733083e+04 4.710890037268458400e+03 4.070424814861270715e+04 7.165886924151965650e+05 7.024645306537039869e+04
7.635234562595671741e+04 3.080791923636413994e+05 5.336322394877672923e+04 5.130391335395484930e+04 9.487540870108648669e+05 1.252569488772410114e+05
2.068866868560015973e+03 1.371511547035370768e+03 6.967758109932711932e+02 8.348835695187703095e+03 2.424853125904401240e+05 2.045288979904986627e+04
4.666482665489515784e+04 1.442580904010954255e+05 3.060671678400135352e+04 3.718659238304867176e+04 5.260730241356707411e+05 7.252944131437261240e+04
3.958742427978479827e+04 8.091041316981587443e+04 2.152811173821826378e+04 4.894957719846217515e+04 9.312202506164150545e+05 9.805092475749360165e+04
3.802111734200763749e+04 2.687638392315384863e+03 2.652475699846264251e+04 7.780904159420193173e+04 1.621099846652662847e+06 1.557858657948639011e+05
7.001109981978220458e+04 8.147366850965759659e+04 2.566458560788516479e+04 1.049789693569539231e+05 1.679330821198091609e+06 1.755151429211629438e+05
3.098881931988215365e+04 1.816626937673400971e+05 1.845002510693822114e+04 1.998181331391772619e+04 4.184825877258845721e+05 5.412314575605229766e+04
7.533229478385953371e+03 2.741177097529601815e+04 6.512666320874063786e+03 8.915985120366125557e+03 3.098373308871605550e+05 2.903481885448002868e+04
1.880046198578948315e+04 9.562907776942778582e+03 1.152817271943404921e+04 2.941047084319516580e+04 5.480637805819613859e+05 5.560419349407484697e+04
3.464617171578091074e+04 2.823206035348206642e+05 1.801477255842530212e+04 1.614159778849355462e+04 5.838732543867459754e+05 6.830288164047656755e+04
1.544982792850004917e+05 3.517869227936481475e+05 7.775547535822405189e+04 1.791545090902451193e+05 1.763823187575776596e+06 2.505675404792405898e+05
1.039882833397050308e+04 1.072491376186185107e+03 2.940727928328007238e+03 2.033048580308452802e+04 4.530484289904087200e+05 4.098572480165179877e+04
4.328505013798992877e+04 1.269053710803462454e+05 3.280287791795165685e+04 3.183793133818165006e+04 6.638208155340721132e+05 7.946398366769442509e+04
4.138696699712642294e+04 6.484949916752744321e+04 1.234271226051159647e+04 6.730493109912995715e+04 1.031734778210486635e+06 1.083572292849820660e+05
5.440181412133408594e+04 3.077647769852584679e+04 2.495846914579714212e+04 7.973439076142325939e+04 8.761719574741645483e+05 1.072673397482488654e+05
1.370540968934741068e+04 2.566035133727054563e+04 8.015478710206111828e+03 1.508352793582326558e+04 4.122645502140027820e+05 3.927408680037430167e+04
5.712930059146741405e+04 2.377196474592426966e+05 2.807530997284536352e+04 5.493258974629209115e+04 5.814231052508861758e+05 8.780918626186334586e+04
1.255743751275617433e+04 3.554082440527694416e+04 5.804332082882091527e+03 1.501809815692106713e+04 3.335855669183699065e+05 3.348819865057633433e+04
4.162982270915416848e+03 4.367683457543948862e+03 3.766652522408062396e+03 9.338783691168357109e+03 3.126016979134657304e+05 2.708813112857380474e+04
2.267428950741994777e+04 1.415065104800230074e+04 8.032208609082064868e+03 4.108461884061773162e+04 6.924732539829438319e+05 6.931588076772897330e+04
1.738003847931010341e+03 6.581783145942185001e+03 1.607726981348229401e+03 4.196556714236982771e+03 1.958885151376792928e+05 1.609167537751460804e+04
2.016683355951511112e+04 7.041602649413041945e+04 5.702825995182767656e+03 2.411063437060869546e+04 4.941957608514269232e+05 5.008385576062933978e+04
5.716256210364573781e+04 3.068600021236626781e+05 4.059456949490732222e+04 2.724406279115744474e+04 6.734320350351008819e+05 9.029474147564391023e+04
8.945887583090561748e+03 6.703472620485329571e+03 3.035660977636790903e+03 2.174562341674190247e+04 6.432690203510912834e+05 5.473928525735245785e+04
1.103956004349859577e+05 4.219956389545396669e+05 7.205203275872468657e+04 8.403362687544347136e+04 8.663212526630203938e+05 1.482045193192996085e+05
3.882314903149627935e+04 2.553247898555861902e+05 2.013117606434939808e+04 2.950230530950833418e+04 7.852475191821971675e+05 8.746553926192215295e+04
8.009484435910542379e+04 1.413800208027224871e+05 4.046430939221019798e+04 1.009384928581285931e+05 1.496896072957556229e+06 1.707612395815550117e+05
1.217739856522171431e+04 4.044533153726021555e+04 7.232260441547146911e+03 2.770509926558508232e+04 7.621906741220516851e+05 6.891104944595380221e+04
1.566631959353523416e+04 4.099256369876976578e+02 7.147485481485818127e+03 3.197829210078480537e+04 5.893077352954400703e+05 5.719810785640954418e+04
1.345083779715745914e+04 5.534398207705999994e+03 1.482566492436031149e+04 1.031857512054395193e+04 4.031626224734674324e+05 3.844735997338053858e+04
4.655537496815772465e+04 1.015883240701593895e+05 1.554999718145033330e+04 6.200560591883680172e+04 6.850323549022359075e+05 8.584205154596737702e+04
7.360435480591925625e+03 5.866847016052150866e+04 2.560095973472452897e+03 5.932583807420900484e+03 3.322527103347437805e+05 2.903585878392979430e+04
7.355635564485934992e+03 2.164673176669891836e+04 8.382058122342812567e+03 6.336400531426480484e+03 3.326469359709160635e+05 2.992319660107870732e+04
2.248103207291696162e+04 3.802812406322018796e+04 8.185055755120384674e+03 3.622330150292055623e+04 7.448163794010818237e+05 7.188540461991628399e+04
1.690442892223011586e+04 1.327576294874391715e+04 1.049104994718250964e+04 2.076322842897520241e+04 4.071922406422680360e+05 4.195568462000966247e+04
2.603810752409190536e+04 1.106488815758989658e+05 1.005268650534847256e+04 2.491852826241775983e+04 5.907220505589646054e+05 6.080704672182018840e+04
1.143025597459007076e+04 3.828141975102414290e+04 7.113720694305944562e+03 1.457899439498605352e+04 5.031755261710414779e+05 4.539623420524983521e+04
2.488423508471329114e+04 2.388906158935356507e+04 8.562435271206746620e+03 4.383724182801735878e+04 7.243899299270479241e+05 7.341762488598022901e+04
5.357343879162432859e+04 4.512058524104995740e+04 4.518928801201600436e+04 4.933292200316295202e+04 7.984750002533385996e+05 9.772525963624050200e+04
6.137606736130759964e+04 1.715780637134496064e+05 6.862932624453740573e+03 1.244523324641241197e+05 1.727448314572373405e+06 1.839095710148525541e+05
1.746011559087258320e+03 1.514791498152047552e+03 6.880900528783164418e+02 7.257522303593267679e+03 2.291604332445028122e+05 1.906653391406618539e+04
1.984920636130947969e+04 3.155692027264650096e+04 7.420497980961554276e+03 2.631737816597297569e+04 4.581988975020546350e+05 4.747860238018749806e+04
7.352671867492034835e+03 1.097368999542594611e+04 1.019315220378900449e+03 1.775555252664584987e+04 4.510669867161424481e+05 3.934965063305375952e+04
5.025817984641508519e+04 5.599918046348857752e+04 1.718645489763870501e+04 7.521956167939705483e+04 1.090442133580247639e+06 1.175349498941817001e+05
1.281631528202199843e+04 4.066951451538212859e+04 9.798940253498643870e+03 8.857419717811373630e+03 2.965343940177146578e+05 3.018613563647712726e+04
2.776029311351935030e+04 2.110361930652474111e+05 8.936588091006618924e+03 2.492905677975077197e+04 8.031686302775846561e+05 7.958609788605512585e+04
9.321922971087729820e+03 7.323655358865486050e+04 1.645924714778874659e+03 7.757941625247582124e+03 2.452565805500314455e+05 2.433655752515179483e+04
9.123126996719198360e+03 6.574187094156503736e+04 4.903151147973065235e+03 9.718198842212254021e+03 2.926857457032224047e+05 2.944638449714260787e+04
1.116538157987615887e+04 3.403541986047460341e+03 8.071579350556192367e+03 1.649918200736702784e+04 4.188701225733131869e+05 3.928160728338935587e+04
1.083975627166311460e+05 3.457881203996869735e+05 9.876637879883431015e+04 5.848510513702255412e+04 7.727864713957986096e+05 1.381068036776662047e+05
1.212421569097144129e+04 5.887684274666526107e+03 5.342311604919635101e+03 1.938812829380288167e+04 4.071182780275760451e+05 3.874386642841140565e+04
6.194683215988941811e+03 2.028299057428889500e+04 5.458088528168646008e+03 6.004766916551096074e+03 2.351358580248591315e+05 2.188673632967928643e+04
1.154304815049074205e+04 3.039912499747949369e+03 7.707510327520596547e+03 1.583901436649307834e+04 3.329564708028514287e+05 3.302963932056118938e+04
1.941018976210004985e+04 8.255712961691986129e+04 7.795672504669854789e+03 1.795162886582894498e+04 4.159812205884543364e+05 4.354101495807540050e+04
4.677382114445328625e+04 1.827648700260840124e+05 2.195012581206802133e+04 4.125227709409412637e+04 6.830488327856810065e+05 8.309928473834511533e+04
1.706772745705743364e+04 7.646305773566302378e+03 1.002129720706975058e+04 3.141716284952937713e+04 5.243259497615398141e+05 5.417058072056225501e+04
3.755784780455425062e+04 1.968183985977700213e+05 2.761386225914801980e+04 1.816545214239982670e+04 6.023869814138313523e+05 7.037132451172418951e+04
1.045824529702059408e+04 4.839914696043924778e+02 3.877091888860866220e+03 2.345408040091783187e+04 4.503821337072737515e+05 4.259336724946708273e+04
1.047059979807457012e+03 3.636071748170387309e+03 1.078013817744160633e+03 6.357097279573124069e+03 2.469595835301508196e+05 2.012957407830204829e+04
2.131212385877644556e+04 7.101370305566182651e+04 1.756348732759185441e+04 1.656024571705552808e+04 4.932594065290063154e+05 5.174923504720766505e+04
1.826579960158449830e+04 3.575391566763701121e+04 2.910668904040217967e+03 2.997699377345918765e+04 5.714629019218255999e+05 5.501502520450321754e+04
1.526597216515993023e+04 4.260298102495152307e+03 7.218503853494754367e+03 3.236771781744517648e+04 5.934298021090519615e+05 5.787254859631270665e+04
5.205299487469207816e+04 2.290263471301958780e+05 2.942699694116204410e+04 3.981817025863273011e+04 5.657016437174435705e+05 8.006989209850392945e+04
7.022331205855588451e+03 1.625930651266454879e+04 1.465875348859986389e+03 1.301676778862604988e+04 3.939614171359267784e+05 3.381994773701432132e+04
5.531373727299773600e+04 3.103603175411717966e+05 2.217291096463032591e+04 4.982858845173348527e+04 1.077199466662026010e+06 1.198961937968464044e+05
3.279396641695687140e+04 2.289924536448470899e+05 1.942674057960242499e+04 1.703152101692015640e+04 5.222578365862136707e+05 6.253149430487803329e+04
6.209036442787526175e+04 3.227172597049826290e+05 3.889024578331675730e+04 3.649977635246563295e+04 7.303703592596624512e+05 9.835945254872911028e+04
2.274202688407421520e+05 1.160224713198107434e+06 1.515571257563438267e+05 1.335765676457436639e+05 1.659057254577569896e+06 2.947211819547622581e+05
1.976627321164801469e+04 1.548569009336909512e+05 1.363293749760208811e+04 1.822621461651001300e+04 7.696766459280138370e+05 7.354775278863120184e+04
2.546811821660324858e+04 1.207476334533316731e+04 2.216914538739049385e+04 2.693706291294448965e+04 6.772050931061279261e+05 6.788317934807093116e+04
8.520754968986722815e+04 2.005899908344840514e+05 7.355926832378920517e+04 5.568670958280329069e+04 7.167001989993917523e+05 1.150194396909969655e+05
7.756495784905157052e+04 6.145676847957167047e+04 4.421310442608228186e+04 1.053504040931264026e+05 1.115889354839891661e+06 1.447919697633290198e+05
2.793654582297084198e+04 2.855744003380740469e+04 2.186951441167226949e+04 3.152883185209323346e+04 9.226018053925490240e+05 8.715104730703162204e+04
8.343529680097936944e+04 1.481112366202115081e+05 4.606160677807587490e+04 8.980429088392994890e+04 1.019891014203050872e+06 1.363892885307316610e+05
4.760104018489916780e+04 1.691469516445219051e+05 4.055768972131540067e+04 2.365586130312657042e+04 6.644596207388159819e+05 8.123990616785638849e+04
1.093754132645978643e+04 2.739151607704982962e+04 3.957941676672418453e+03 1.275825537389005876e+04 3.736008631415794953e+05 3.395863417667527392e+04
4.106429290777970891e+04 1.624119694464849308e+05 1.061080696603728757e+04 5.014619810118324676e+04 7.733164697884139605e+05 8.729722790284868097e+04
1.885748528726605582e+04 8.644917677076344262e+04 1.034768934174417154e+04 1.866180649068284038e+04 6.490801217187291477e+05 6.083296479917298711e+04
5.405348760885920456e+03 6.232874071928872581e+03 3.269664855671831447e+03 1.176463507887056949e+04 4.490145313809641520e+05 3.723816311557005974e+04
2.833706932054488061e+04 2.325824325653906635e+04 1.778353329765679155e+04 3.413068100237323961e+04 6.284594500414059730e+05 6.652010081727888610e+04
6.259633000105476640e+03 1.429672226581496398e+04 8.622505290212464388e+03 3.283882045372021366e+03 2.150666295312175062e+05 2.037452875049110662e+04
1.105543645324541576e+05 4.859109359958408168e+05 6.961243014130010852e+04 7.781321056696822052e+04 6.423242045101079857e+05 1.324361369808235031e+05
6.486567996919890720e+04 1.038909945575278107e+05 3.030875471325025501e+04 9.329212726318916248e+04 1.297495126271654153e+06 1.476594922720161558e+05
4.462526935460950335e+04 8.610545781975155114e+04 2.503498077790228854e+04 5.617638611322293582e+04 5.198201357382445130e+05 7.541693383340942091e+04
7.041973615841093306e+03 2.192899569504983083e+04 3.323799122879441256e+03 6.200831791394949505e+03 2.017401374927682336e+05 1.889058237453396214e+04
7.196246577300624631e+04 1.446522075154276099e+05 4.516442691049176210e+04 8.105373761931408080e+04 1.149715101044595707e+06 1.406064610159342410e+05
1.494553186820755218e+04 1.061262603979178311e+04 3.080318099385818186e+03 2.710562990130301478e+04 5.300824337460942334e+05 4.976275339667069784e+04
6.860151403452971135e+04 2.705000319858322619e+05 4.390526999565132428e+04 5.223547793665096833e+04 9.459670232767415000e+05 1.195544358229764039e+05
8.887315793239296181e+04 4.925775569806689164e+05 5.509895042446229490e+04 4.939121426039731887e+04 7.562394291605083272e+05 1.213193364295423380e+05
1.370567230485294021e+04 9.428853539684350835e+04 4.232999946419058688e+03 1.226699652311878890e+04 4.332024953273283318e+05 4.117337428748657112e+04
7.632046888811401914e+03 1.998458943341605845e+04 5.339579518312243636e+03 7.516508012470263566e+03 2.649844877643139916e+05 2.451207749587884246e+04
3.039931494647599175e+04 6.448754775454313494e+04 9.554772247068351135e+03 4.887723949026432092e+04 7.504472711726336274e+05 7.988550211280689109e+04
9.793985200220004117e+03 2.941456431576891919e+04 9.282499985418582582e+03 6.106594051913856674e+03 3.061997557511670166e+05 2.881291195137552495e+04
6.056651269090751157e+03 3.530569429687863885e+04 2.017960099629104661e+03 4.919984285098749751e+03 2.105168449840536050e+05 1.900056549331326460e+04
3.011906085323388106e+04 6.660733191206053016e+04 7.321403009664367346e+03 4.249863182430691086e+04 8.029567384518152103e+05 7.967506360261354712e+04
2.620380946242389837e+04 2.501280299228856620e+03 1.990858300052506456e+04 2.964872625304503890e+04 5.875870569369207369e+05 6.163356384514099045e+04
1.153604163448804502e+04 5.588821943826856295e+04 3.445280194092141301e+03 1.145320028149614882e+04 2.930219916584345046e+05 2.913759418255681521e+04
7.925541279070264864e+03 5.849398197460977826e+04 1.636651863679274129e+03 6.545107194061599330e+03 2.511704837801490212e+05 2.345255954504005422e+04
6.832628378533743671e+04 3.317011626006706501e+05 4.592610459378447558e+04 4.038831991718600329e+04 7.813563771281247027e+05 1.070245901403271273e+05
3.405113719760035019e+04 8.298252103281611926e+04 3.097489535373824765e+04 1.993281745817784395e+04 4.730401306485023233e+05 5.828789226752908144e+04
7.605116426818939544e+03 2.933232888604260734e+04 3.586632511786342548e+03 1.836531717619315532e+04 3.669194262086841045e+05 3.598061485147313215e+04
5.279725258786848281e+04 1.870619379962224339e+05 3.502151634652203938e+04 3.988996755741301604e+04 6.899297466454879614e+05 8.879354124204909022e+04
9.605596128999532084e+03 2.399622490865390319e+03 4.660019253583805948e+03 1.486094679177552462e+04 2.708549846003589337e+05 2.706504907241501860e+04
1.509531548919280613e+04 1.970243447634456606e+04 7.734173923713833574e+03 2.643866919557745132e+04 4.161914731849975651e+05 4.425680279348380282e+04
3.137977328879172564e+05 9.118050498293292476e+05 1.937764387601637281e+05 2.910014430541210459e+05 2.472659385773486923e+06 4.265389811574106570e+05
2.031541379257915105e+04 7.946367608210759954e+02 8.370455006015934487e+03 3.486731388330886693e+04 6.078002433738954132e+05 6.029451068769493577e+04
8.591612957131833537e+04 1.028505306218660407e+05 5.134536867888184497e+04 1.004011706446342578e+05 9.699478311212807894e+05 1.378604812686456135e+05
7.099334137338434630e+03 5.131598018065959332e+04 2.794378374873346729e+03 5.713379628495412362e+03 2.431274022806832509e+05 2.267946043071155509e+04
4.602831515638137353e+04 1.728618424878910300e+05 2.747052702104083073e+04 3.719266506850180303e+04 7.939446378886303864e+05 9.061224062947730999e+04
4.369900034398661955e+04 9.467707512078761647e+04 3.129823164990603254e+04 4.719099369936926087e+04 5.180973233663808787e+05 7.436205830561032053e+04
1.722390382193270852e+04 3.911075095533378317e+03 1.284671429190037270e+04 1.813527478283193341e+04 3.709867995496490621e+05 3.888440612232212879e+04
1.427124391161549429e+05 5.074190334187755943e+05 1.049538062631814973e+05 1.060741049901906226e+05 1.118472573381878203e+06 1.935399734323900775e+05
1.397829462806986157e+03 5.296392381181007295e+03 4.461093029611953966e+02 6.504622350244007976e+03 3.053480028782921145e+05 2.393319834418165919e+04
2.210038958930165609e+04 3.841024666947415972e+04 2.747289453912160388e+04 1.231766830127309731e+04 6.201364368902344722e+05 6.102334776434369996e+04
1.029881501207765723e+04 9.159257289361154108e+03 7.172779066448149933e+03 1.120904330769874650e+04 3.597449771283111768e+05 3.281004748421246768e+04
5.851339327994235646e+03 1.495632827318789623e+03 4.994548328936500184e+03 5.264987778306847758e+03 1.737642080930320662e+05 1.629511640797665495e+04
3.614436422858233072e+03 1.590837087616516328e+04 2.415594611367982452e+03 9.176578249793030409e+03 2.948653889227848267e+05 2.581036706669618798e+04
1.014389080744067542e+04 9.978566461461035942e+04 1.690654474326850277e+03 1.362499223813631215e+04 4.705428052758689737e+05 4.347491845135297626e+04
1.140437888564724017e+04 1.692091862400264654e+04 4.218952509283564723e+03 1.734479669591602942e+04 3.893583044227639330e+05 3.668694913250284299e+04
1.216816898503333687e+04 1.035749193874036791e+04 7.770842297013078678e+03 1.688799729589332128e+04 4.365878618957672734e+05 4.086349315876155742e+04
2.780285698133664846e+04 9.256809772959182737e+04 2.746206366951016025e+04 1.088382880677465982e+04 4.260744763903946150e+05 4.999708575268390996e+04
1.161411734034143137e+03 2.055346045980054896e+03 6.467213170262896256e+02 3.577416145055639845e+03 1.934780794071844139e+05 1.501137866216315888e+04
1.322886122475886077e+05 5.315944809242316987e+05 9.471014193524421717e+04 8.918026211034762673e+04 1.455526998582388274e+06 2.053511139244477963e+05
4.471026140268909512e+04 9.304818856470174796e+04 2.188364715665967378e+04 5.414657837155293964e+04 6.719954644557376159e+05 8.371931607250602974e+04
2.724643776294558484e+04 2.047501875985579973e+05 1.044519781401738874e+04 1.692524649976625733e+04 4.005818705211807974e+05 4.922844431193503260e+04
1.593372878135399333e+04 1.392639799828188734e+04 6.260020720778611576e+03 2.505946213283669204e+04 4.432494166351916501e+05 4.453181729919630016e+04
5.477660767256365943e+04 2.998231070671034977e+05 2.093200445662684069e+04 5.215735601690890326e+04 8.642646956245083129e+05 1.055710870222716476e+05
1.031355921209639564e+04 6.800661572517038621e+03 8.479906411787716934e+03 1.613066274197044550e+04 5.387973908278424060e+05 4.752531332921109424e+04
5.500592953011818463e+04 1.402082822584449605e+05 3.513919487414484320e+04 4.556467686575004336e+04 8.227951439960016869e+05 9.802881240833958145e+04
2.973781664013060890e+03 1.944151964072749615e+04 1.115442050477952534e+03 3.191251415544958945e+03 1.495856760342523048e+05 1.294676227404575548e+04
2.688200655324688705e+04 6.304083518046139216e+04 1.673803975385309968e+04 2.672085294267717109e+04 4.347454117636628798e+05 5.165779665543672309e+04
7.727725307924993103e+04 2.531204094354636327e+05 4.440087575813751027e+04 7.100503873574595491e+04 1.074561015591582051e+06 1.360447471180216817e+05
1.191822738738690350e+04 2.623302251540462748e+03 7.191907229587135589e+03 1.703779618690791176e+04 3.291072204256487894e+05 3.306993058866372303e+04
3.232595465879961557e+04 1.428041346185019065e+05 8.441596739217975482e+03 3.310223182983046718e+04 6.403354081665369449e+05 6.874082323170143354e+04
1.368476672897083881e+04 1.601882336112213306e+04 5.827181820304713256e+03 2.206910980124757043e+04 5.045648583597664838e+05 4.722060641858002782e+04
1.798849322231886254e+04 7.808135855990673917e+03 1.573339616468861459e+04 1.881657295908205197e+04 4.813803303266417352e+05 4.805470148451646673e+04
1.115224511600097139e+04 1.061067959857777350e+04 1.955717301966838022e+03 3.156871032690090578e+04 5.744248201461639255e+05 5.427844114132018876e+04
1.800984178500219059e+04 2.816479062611777044e+04 1.019835043561700877e+04 2.760520487488388972e+04 5.000698925382231828e+05 5.190683740352674067e+04
1.714484422501916924e+04 7.147744629704739782e+04 9.824010780319887999e+03 1.462407935256974451e+04 4.990650111828307854e+05 4.795078588393621612e+04
2.274175146203252734e+04 8.049297970472456655e+03 1.361518877871460427e+04 3.426012713403076486e+04 6.478419855017474620e+05 6.533296942964723712e+04
1.353710044077099701e+04 8.661265514636777880e+03 1.882256010021559996e+04 5.322755998855524012e+03 2.908593894520585309e+05 3.051255648704647319e+04
3.287067479556050239e+04 9.286007885399490988e+03 3.112509957176271928e+04 2.812584030793026250e+04 6.506148691808753647e+05 7.035508881473871588e+04
8.639292362743835838e+04 3.567393677074933075e+05 6.029241644799599453e+04 5.699337409788470541e+04 6.784960942983157001e+05 1.150465711635912594e+05
4.662957293136385124e+04 1.071383195256306353e+05 2.724519878632867039e+04 4.735244375090863468e+04 7.446298128818259574e+05 8.854082603351419675e+04
1.197702443543051049e+04 1.497885537248506012e+02 3.207704750881979635e+03 2.074103047188197888e+04 3.361983509657302639e+05 3.338151996882358071e+04
3.591909153637936470e+03 1.376638503662853327e+04 9.721922927615689787e+02 6.270706472473781105e+03 2.513933137538627780e+05 2.084426852177828914e+04
5.197650765219848108e+04 4.106149432709540270e+04 3.798995364707326371e+04 5.308102892619334307e+04 9.344623933051228523e+05 1.052622129680734215e+05
2.648391313153083684e+04 1.157416882308309141e+05 1.556577329543703490e+04 2.187714630317075353e+04 5.066587943878510268e+05 5.640628298954830825e+04
3.758408325587322179e+04 2.537921191119534797e+03 1.304935593935538236e+04 7.029543970986152999e+04 9.904819469466182636e+05 1.041567892268419673e+05
1.775162774117545268e+04 1.496349343886901261e+04 7.086508886415182133e+03 2.622452450817276622e+04 4.619380160376300919e+05 4.672322057223712181e+04
8.736647168098837938e+03 2.607794835837186838e+04 3.759692083798785006e+03 9.750214940222802397e+03 2.866080690408661030e+05 2.659690094662955380e+04
1.632318031656806306e+04 1.420754860279111563e+04 2.497580766004231464e+03 3.775194448571116664e+04 6.515974151490909280e+05 6.267652841183271084e+04
1.190053619192782389e+04 9.617123523922853565e+03 1.066388722250800856e+04 2.313078500585334041e+04 6.629681914883443387e+05 6.012314770570721885e+04
2.429249555854934079e+04 8.667694616761348152e+04 1.714935496231106663e+04 1.650292834140352352e+04 3.997299147725510411e+05 4.602892657342689199e+04
2.077994641096636187e+05 5.129634536836361513e+05 1.592887360169364256e+05 1.645268508260792587e+05 1.609275355610941304e+06 2.766797996918549179e+05
1.237695067073869541e+04 1.650738433324992366e+04 7.790895731593254823e+03 1.489047762710996176e+04 3.846268474281007657e+05 3.677826283656275336e+04
3.115471586854968700e+04 2.358682003573416659e+04 9.877335695163221317e+03 4.363003058668537415e+04 6.004923519892278127e+05 6.554250845544895856e+04
5.592643859467338189e+04 8.278713975298946025e+04 6.813426237081211184e+03 1.199805982761374471e+05 1.639861838587590260e+06 1.715824960782729031e+05
1.525854341032877164e+04 2.042001999193648226e+04 9.368172340940713184e+03 2.344741219364995413e+04 3.548783790957755991e+05 3.952020430277213018e+04
7.770343424377207702e+04 2.028459269266929186e+05 4.674030086395599210e+04 7.716193762098038860e+04 8.639496355236815289e+05 1.231844762041024369e+05
9.222858806406806252e+03 1.765021414523875501e+04 8.753380899171559577e+03 1.389136677251342371e+04 4.789691620217871387e+05 4.314335736757166887e+04
1.134816913348264097e+04 9.160709412397374763e+03 6.298502865487337658e+03 2.327566458499056898e+04 4.929386517481001792e+05 4.684811208171550970e+04
4.776770573210957809e+04 1.175947395524384319e+03 2.203034718607293325e+04 8.668082623489662365e+04 1.223603429854529910e+06 1.310498374243218132e+05
2.739840002813803949e+04 3.689841848973982269e+04 8.554615061750291716e+03 4.148770214846175077e+04 6.242592682520255912e+05 6.626068126448623661e+04
2.210205201033155608e+05 8.477751129027246498e+05 1.662934197315603669e+05 1.437470089121820056e+05 1.408046491000878857e+06 2.733323171561493655e+05
1.991228240561978964e+04 3.145705259174254388e+04 1.267713615067077808e+04 2.922623364281194881e+04 5.841936887945453636e+05 5.952941355897245376e+04
3.256623253381956602e+04 1.063865489655922865e+05 2.431192490626863218e+04 2.341993262959159256e+04 4.040180701801748364e+05 5.350784973248034657e+04
3.735253146836156247e+03 2.801656439845038767e+04 1.212689768239298019e+03 4.052615639825024118e+03 2.082949306959180685e+05 1.775116339384069943e+04
3.210178921611352507e+03 3.803676176648782530e+03 1.137569027392408088e+03 4.697516623901090497e+03 2.494519570102043508e+05 1.958074000350569986e+04
1.603577351922708658e+04 1.824254746595933284e+03 6.800223100109351435e+03 2.661972665692713417e+04 3.826564106135814218e+05 4.079603937692618638e+04
9.132448073199071587e+03 5.085371330731911439e+04 4.701040082120232910e+03 7.129497713202123123e+03 2.686295898021351313e+05 2.583413625123455131e+04
1.416150293296897144e+05 5.597779736778495135e+05 1.021539498838240979e+05 9.560110009250084113e+04 1.114371119296811754e+06 1.899117122718086466e+05
3.149510981189090307e+04 1.502759649523956759e+05 2.299712958628802517e+04 1.556160350269191440e+04 5.265044287472377764e+05 5.979732995285384823e+04
9.770665795612167130e+03 3.018700226641089102e+03 4.362804358961623620e+03 1.908032518756698482e+04 3.821600751042789780e+05 3.636181950846674590e+04
5.558962177386144322e+04 5.120400320980868128e+04 2.599165656841816235e+04 7.451423670304419647e+04 8.226234047786253504e+05 1.027611986354543478e+05
7.627380652629181895e+03 3.932930794577489723e+04 6.691923567649646429e+03 1.046616199171422340e+04 3.154236060735646170e+05 3.077837261372581634e+04
4.007278107474647550e+04 5.016886715581698809e+04 1.398802666571185182e+04 6.249438492124943878e+04 9.673127245780932717e+05 1.018319693552848330e+05
1.141625481768730097e+05 2.160661941810531134e+05 5.936390056481744250e+04 1.348463267949045112e+05 1.687871940912272083e+06 2.107809614118505269e+05
3.634429885677118000e+04 1.142566623123896279e+05 1.564328206478465472e+04 4.504978584762335959e+04 7.872335161490401952e+05 8.571585668842472660e+04
1.016921055685223691e+05 4.110191118303172407e+05 6.466241203187205247e+04 7.616010503491465352e+04 8.430771690443212865e+05 1.393522706143747782e+05
2.339050081901661179e+04 8.380633329016267453e+03 1.208350308960851726e+04 3.715420760589194833e+04 8.338548778182626702e+05 7.850888103125987982e+04
3.614818621968557272e+04 3.125622540751112683e+04 1.638881018051619685e+04 5.564636699164394668e+04 7.319609216077863239e+05 8.300503911245112249e+04
1.447218544788017171e+05 3.525251139698471525e+05 1.012033351228854008e+05 1.294596102824305126e+05 1.351428233945491491e+06 2.105033449263282237e+05
4.827981112811844469e+03 6.551636479451321975e+02 2.340641849840809755e+03 6.934826115084119920e+03 2.009011903381568554e+05 1.768977358616215861e+04
7.381382932180461648e+04 8.005553257520926127e+04 3.663117321918040398e+04 9.567326975235392456e+04 1.125586508152750786e+06 1.387200156738216465e+05
1.440432380151399120e+05 6.297456130872529466e+05 1.013300638365870982e+05 9.392887226287319208e+04 1.029549771991497255e+06 1.865567786014740996e+05
9.140054200725426199e+04 2.673456471371112857e+05 4.501527275243477925e+04 9.972583752371447918e+04 1.561648217790358001e+06 1.827617133640827378e+05
3.089394626046165649e+04 2.193343614957391401e+05 1.679420435948423619e+04 2.551044971614515453e+04 9.072463240008873399e+05 9.064704309208583436e+04
2.241397430586646806e+03 1.465554359633042077e+04 8.778091522969185689e+02 4.080617341807577759e+03 1.262514389101488196e+05 1.144025635290126411e+04
3.634298183542741754e+04 1.482413876198603830e+05 2.325566818538490043e+04 2.522353176131175132e+04 5.252512753309243126e+05 6.409280648573136568e+04
2.797602889390764176e+04 7.249757201237627305e+04 2.864580755200148997e+04 1.182779630646772057e+04 3.595284799406647799e+05 4.546544249909057544e+04
1.166938276399404094e+04 1.176729701678473793e+04 6.929877628351926433e+03 1.959474846726949909e+04 3.164524669676104095e+05 3.371440302121381683e+04
2.270705028577708072e+04 1.867973856455375499e+05 9.852911721322507219e+03 1.323506826995760093e+04 5.300659738535397919e+05 5.512536844308488799e+04
4.663606212081068406e+03 1.139115560572213144e+04 3.421705526350922810e+03 1.379067929009601175e+04 4.100847320773097454e+05 3.585663736398438778e+04
1.057176429143561836e+05 3.152559064181566937e+05 6.697126049046505068e+04 9.701941344038429088e+04 9.938668521419861354e+05 1.551842790174309048e+05
8.165458855802943617e+03 3.217021878247883433e+04 2.095949977474467687e+03 2.139600927826615953e+04 5.280664966047405032e+05 4.768751496565298294e+04
3.649841617187862721e+04 5.365060707215415459e+04 2.754564301844541114e+04 3.744804797359853546e+04 8.920764415935702855e+05 9.146279695689555956e+04
2.772134111715449035e+04 5.929722440466248372e+04 1.624673533101721478e+04 2.908493472686428504e+04 3.556364116958453087e+05 4.700895930707888328e+04
1.274857342779341161e+04 1.254150103813266696e+03 8.390023010655879261e+03 1.596335932046607013e+04 3.627371379511117702e+05 3.529477728172451316e+04
7.992027491009123878e+03 4.270676014765439504e+03 4.629217151473916601e+03 1.084731582619118126e+04 2.697834610494528897e+05 2.525736704769488642e+04
1.338882861572994625e+04 4.045316513574741293e+03 6.198059020498341852e+03 1.732236506892270336e+04 3.311095192378241336e+05 3.297519861417850916e+04
2.084244449779119896e+04 2.524979401807382544e+02 1.160119710400315489e+04 2.713890423304523938e+04 5.940664941385815619e+05 5.724202769380105019e+04
1.089956144846055577e+04 1.427773045655638452e+04 6.770165248194817650e+03 1.329436575114708467e+04 2.904612675741857965e+05 2.917266229731412750e+04
2.324472761218777669e+04 4.531030714844825707e+04 5.608529951406392684e+03 3.826416257165934076e+04 7.355484047141122865e+05 7.143445067842386197e+04
1.369409195746422483e+04 2.178222407417064460e+04 3.708773670119659528e+03 2.644068204865945518e+04 5.298465928953237599e+05 5.026971157978673727e+04
3.409163834431373834e+04 1.098997294141256280e+05 2.812586427138057115e+04 1.960750620210776833e+04 4.744507372975617764e+05 5.833914066324081796e+04
1.117093814441329596e+05 4.340066794433671166e+05 8.248898245426386711e+04 7.239673494640864374e+04 7.401238265783992829e+05 1.395479412468780647e+05
2.127323698838895143e+04 1.046575448380722082e+05 1.543348568564841844e+04 1.114524636726494464e+04 2.158444615017174801e+05 3.138806029696315090e+04
3.215176726568521190e+04 2.897564650431741611e+05 5.117375965424549577e+03 4.650716637712536613e+04 1.087235156526064500e+06 1.106976019476228539e+05
3.845761293367777398e+04 1.684848910069279009e+04 2.135549002717411349e+04 6.005612320746785554e+04 7.930549535779322032e+05 9.053650010596842912e+04
7.768334606949480985e+03 1.527299162762302331e+04 6.801428188714917269e+03 6.465816408133961886e+03 2.937527233865939779e+05 2.636900070994906491e+04
2.909917943712270062e+04 9.373457947950676316e+04 2.278333834302952891e+04 1.898942783276523551e+04 5.559664334139606217e+05 6.043956464016740210e+04
2.127667374367975572e+05 1.083198414909206098e+06 9.889191574821175891e+04 1.740155902296367567e+05 2.227051613497113343e+06 3.246962962605888606e+05
2.944711100072622867e+04 2.607764475385724800e+05 1.090362717588305895e+04 2.513388485802815558e+04 7.635381141498635989e+05 8.032189271435541741e+04
1.864184293601443278e+04 3.492746554107991687e+04 1.941157127495868917e+04 1.609644275188939537e+04 6.546468982203290798e+05 6.140579253615006746e+04
2.440224725644533919e+03 3.539307451871005014e+03 1.846632248763210555e+03 3.916053771642551965e+03 1.707006096931888605e+05 1.422317969595900104e+04
2.642506818755812492e+04 1.462955583931941655e+05 8.801948095584206385e+03 2.735788561287226548e+04 6.199953236734730890e+05 6.510332785618098569e+04
9.449980002203285039e+03 4.769892468510080107e+03 8.821347424517489344e+03 1.464302270161002889e+04 4.909791325034345500e+05 4.368311450977370987e+04
1.389882090383692594e+04 1.598666693773890620e+04 7.855077937315312738e+03 1.468506891051247476e+04 3.576622485802422161e+05 3.487365964148689091e+04
6.864166772858335753e+04 1.275944116128711612e+05 2.858841114774107336e+04 9.180408989683388791e+04 1.613650057557396824e+06 1.686821164681750524e+05
1.091477714755431371e+05 1.146478392070855480e+05 5.861961690161479055e+04 1.497590844142880815e+05 1.293924231562634232e+06 1.856892938712591131e+05
4.023858538576812134e+04 1.664109811311878439e+05 3.247076325720279056e+04 2.067966646638219026e+04 5.549797512648479315e+05 6.890904320000564621e+04
3.474329739585897914e+04 6.805413360165664926e+04 2.859366838653545710e+04 2.713338738115859451e+04 3.451363387634262908e+05 5.117606839551617304e+04
3.769028436231162050e+04 9.236002688248635968e+04 2.637766808104987649e+04 2.965225456125801065e+04 5.367256380698391004e+05 6.544845147806435853e+04
2.602083892844313596e+04 2.047737550792707771e+04 9.722245290693066636e+03 3.821669343622825545e+04 5.231678203812574502e+05 5.767318264006022946e+04
7.067812715005765313e+03 9.108337935649154815e+02 2.817858368071838868e+03 9.935298845974790311e+03 2.720390546047238749e+05 2.404961095711209055e+04
5.505329921342225134e+03 1.347345689666506223e+04 9.669062936420555161e+02 1.041270001992270409e+04 2.927016828439343954e+05 2.547882355259998076e+04
2.695209514024298915e+04 4.580498728578235023e+04 1.563865907098693060e+04 4.308653658094871935e+04 6.235784194138681050e+05 7.043230378015866154e+04
9.284761500375319883e+03 3.525771058277098928e+04 9.301103919946306632e+03 9.268165643153663041e+03 4.670217917367877671e+05 4.135643835327507986e+04
2.228935668896804782e+04 1.929842973381695992e+04 8.906428453377549886e+03 4.548227138745499542e+04 7.953540446159396088e+05 7.885568028541935200e+04
6.132565580755218980e+04 1.712867990526685608e+05 3.888290074419293524e+04 6.151927068748160673e+04 8.719150079304774990e+05 1.116983690948251606e+05
1.028257456894170173e+05 3.689012846208800329e+05 7.565996285377202730e+04 1.139477189743011550e+05 1.143035702386975754e+06 1.792715252319922147e+05
7.509072214672969130e+04 2.272247407597794081e+05 3.720954968783998629e+04 8.214521855874573521e+04 1.223100505823199404e+06 1.466916781091772427e+05
8.160676674435060704e+03 6.891530611320770731e+03 5.674630719732282159e+03 1.819893485685030464e+04 2.601055930763752549e+05 2.851103990295718177e+04
9.221465645208900241e+03 7.369878247124411246e+03 3.258589246654753879e+03 1.631915351524082507e+04 3.096008307638197439e+05 2.997220876170144402e+04
2.604262854383666127e+04 1.398191226214846829e+05 1.108193648939167906e+04 2.019220727715089379e+04 5.230318749349737773e+05 5.600387071510808164e+04
1.720521735841500777e+04 3.281418955544514029e+04 9.242682994449065518e+03 1.640977587456496622e+04 3.255465452353936853e+05 3.492412041345710168e+04
9.695881900155340554e+04 2.773140975992445237e+04 5.835714930740144337e+04 1.275995503601098608e+05 1.488949127897262806e+06 1.843733410765748995e+05
1.285255055848643678e+04 2.099317067287518148e+04 1.104384262052707891e+04 1.383561453215625443e+04 3.205474047364789876e+05 3.361553081926434243e+04
2.649306672550220392e+05 9.673167769222784555e+05 1.271482437328066881e+05 2.708396642871669610e+05 2.663785252004919574e+06 4.043010671700100647e+05
1.517323933573755494e+05 2.996764153774090228e+05 1.401323464147235791e+05 1.004561313797208859e+05 1.530078197870514356e+06 2.235715517369663867e+05
3.497063117169926409e+04 4.037711283229029505e+04 2.043717885925817245e+04 6.093478373264452239e+04 7.565359700040427269e+05 8.924570050857523165e+04
2.472670055916086130e+04 1.440913760360779816e+04 1.164537657114046488e+04 4.000907950013918889e+04 5.700436009072515881e+05 6.216534132758893975e+04
1.056277352484333824e+05 4.257135931956389686e+05 8.756378742143086856e+04 5.395800541176710976e+04 7.693661636717253132e+05 1.349544744492735190e+05
1.579791579458411616e+04 1.564589800632019433e+04 9.999133588930337282e+03 1.882041744783777176e+04 5.811001471011333633e+05 5.267934905759926187e+04
5.318777943732481071e+04 2.094272434714977862e+05 3.417261624062559713e+04 3.847201547991964617e+04 5.820481109653245658e+05 8.163679892613657285e+04
1.610436163836644664e+04 2.476174243761730395e+04 5.482588805747716833e+03 2.259635904306903831e+04 4.609428517041113228e+05 4.480900188563849224e+04
2.871606240952175358e+04 9.161619470336433733e+04 2.563840230682187030e+04 1.662137306837205688e+04 4.066822870224782964e+05 5.045395316625564737e+04
1.192258412166266498e+04 2.299039710579520397e+04 1.103414201747972038e+04 7.994232458003755710e+03 2.928220412201771978e+05 2.920398196114927487e+04
1.368777344625378419e+03 4.769067974035986481e+03 1.341641429790410939e+03 2.673535111069310460e+03 1.918229466558992281e+05 1.492515754807008489e+04
1.311473860552773986e+05 5.399328938208784675e+05 7.045173422211514844e+04 1.206495028642178077e+05 1.556528830192952417e+06 2.163294146573509497e+05
1.221988248363162165e+04 4.119426376164252724e+04 7.328087558983086637e+03 1.145563768500634615e+04 2.575283767213808605e+05 2.769829162395945241e+04
1.521743652709355047e+04 8.732916699357272591e+04 7.547711776211728647e+03 2.353387138204428629e+04 4.604985287278303294e+05 4.918861907887159759e+04
1.238763829659767362e+04 9.497786011237412822e+03 8.783491921189681307e+03 2.976008625531215876e+04 3.856431573931562016e+05 4.365152744426723075e+04
1.793077280355955882e+05 5.082248385410673800e+05 1.009409016589403909e+05 1.756765560665725206e+05 1.402486101904052543e+06 2.424256556292776659e+05
1.022545795258454600e+05 1.083838436029012664e+05 4.044812257361190859e+04 1.547196703640068008e+05 1.663458919812343316e+06 2.046437921614683873e+05
1.068554309893186473e+04 4.407422771634339733e+04 1.385494139483890194e+03 2.605577203530822226e+04 6.213311405873580370e+05 5.635017236477530969e+04
1.081743238989848032e+05 3.731191467535137199e+05 7.570740339451401087e+04 8.547862016223346291e+04 1.245639800790742505e+06 1.735284917812055501e+05
3.384199012500213576e+04 3.054655217549072768e+04 1.570887558945903402e+04 4.395570030606452201e+04 5.909811358458941104e+05 6.790825054134754464e+04
8.588345330504167941e+04 5.080019477144814446e+05 4.670585984299521078e+04 5.277772950840305566e+04 8.765528608897927916e+05 1.280878349040031462e+05
7.972249356879221159e+04 8.580674847049311211e+03 3.811266519153094123e+04 1.285805318211825652e+05 1.354161482916498091e+06 1.660766483885997150e+05
3.246295809832153100e+04 3.420802385334557766e+04 1.221264331139861497e+04 5.173402886071423563e+04 5.827005183691573329e+05 6.954249940544304263e+04
1.507601469271688438e+04 3.291228688699569466e+04 5.784576358530849575e+03 2.171239518786967528e+04 5.462379345908520045e+05 5.067960554124490591e+04
2.784454827583521546e+04 5.736304213906166842e+04 2.027478835195176725e+04 3.626302076618219144e+04 4.079990750904590241e+05 5.541740832918869273e+04
7.073742388353448769e+04 1.788092780537638173e+05 3.804517592251288443e+04 7.596850965469310177e+04 9.002120502561905887e+05 1.201463464496230881e+05
1.363436502320716727e+03 3.702232242572850282e+03 1.352164957688334198e+03 6.794540272054823618e+03 2.006793992203018861e+05 1.733604796479236393e+04
8.931487154790339991e+04 2.666857555292724282e+05 8.415686765970037959e+04 4.626594195598577789e+04 5.750606873988201842e+05 1.090712576221104828e+05
1.196284163379822276e+05 4.185114011964369565e+05 7.141848765763644769e+04 1.015707775126569031e+05 9.614817703357257415e+05 1.620895048192279646e+05
5.997891942254151218e+03 4.553339479309559465e+03 8.008630162496658158e+03 8.198684492686466911e+03 3.293765955724163214e+05 2.953870688090819385e+04
3.402107224853045045e+04 5.350905147887251951e+04 2.031070548210998459e+04 4.048059718104842614e+04 6.855009183836035663e+05 7.581400602676121343e+04
2.618450718303973645e+03 7.472636259248442002e+03 1.479902772039840556e+03 5.626026342896772803e+03 2.634876651032199734e+05 2.127371825780405925e+04
1.372551717206934154e+04 3.576637491971462441e+04 1.576816254629985269e+04 1.881139140897043399e+04 6.876272573476524558e+05 6.332257722169084445e+04
2.152827339789455800e+04 6.075491156964149559e+04 1.300209800770577021e+04 1.879757037062998643e+04 3.833343409738408518e+05 4.289353368689671333e+04
1.674149227895326112e+04 2.884266747887059319e+04 9.204811226384013935e+03 2.089816441208220567e+04 3.929962675037837471e+05 4.127753186970087700e+04
1.703862652406861525e+04 3.461838264132412860e+03 1.276197151556297831e+04 1.756494865934508562e+04 3.882282722594437655e+05 3.972741242282180610e+04
3.690415229111828467e+03 9.506048421414809127e+03 6.736303047893910616e+02 1.023692027139632955e+04 3.017934921791425440e+05 2.568814799413169385e+04
3.307358536248304154e+04 1.367563141387190553e+05 1.791545214929430585e+04 2.978790124554749491e+04 7.049235456998654408e+05 7.537114736556178832e+04
2.530390825953647891e+03 8.019015923741197184e+03 3.274426972352317080e+03 3.214359388764585674e+03 1.756340100708709797e+05 1.507482402408474809e+04
7.320229522383787844e+04 9.065404178933618823e+04 4.722499609124911512e+04 8.264175405443480122e+04 1.185948709491026355e+06 1.419784804147332616e+05
3.143241042366948022e+04 1.519278491768244712e+05 1.655658177597114991e+04 2.536402894122861471e+04 6.761021426699688891e+05 7.159700577646664169e+04
2.161605041133017585e+04 2.916500231538708613e+04 1.335450523280714333e+04 2.365537250371915434e+04 4.568058225904716528e+05 4.862091745797619660e+04
1.086940719303479564e+05 5.108521892508688325e+04 4.891597148439003649e+04 1.574337303355813783e+05 1.607050227640672121e+06 2.028927083091442182e+05
2.344290613524752553e+04 6.241169579443919065e+04 1.653977993681237785e+04 2.013826978567230981e+04 4.505922877509960090e+05 4.963052332003995980e+04
2.754446167895293547e+04 1.578847983305126545e+05 2.027392896710989226e+04 1.298602171313119652e+04 5.735986731120661134e+05 6.100272665594596037e+04
1.366567726430004113e+05 5.060682959046487231e+05 8.403080856134956412e+04 1.061891782528375916e+05 1.376858579678721726e+06 2.018845325704311545e+05
1.185595880341559532e+05 4.958163436129832990e+05 8.742557898573001148e+04 7.550396389115910279e+04 7.450861434163521044e+05 1.464726780507785734e+05
1.176643516706661467e+05 4.804957009176952415e+05 7.481721024462490459e+04 9.391207865924928046e+04 1.172116981530532707e+06 1.773252252592444420e+05
4.511173391961093148e+04 2.603169705086681643e+05 2.749528815176510398e+04 2.533141445816260602e+04 6.153836834895348875e+05 7.757608930858004896e+04
1.881451687793512247e+04 1.162776608664673404e+04 1.373921908985234586e+04 1.960497008962119071e+04 4.361610652397914673e+05 4.469907745201818034e+04
1.292364751364168796e+03 7.697467770505951194e+03 6.395419213266758334e+02 5.865394786466414189e+03 2.143075431830651069e+05 1.772297796129580092e+04
1.921919230500965568e+04 7.318323626581755525e+04 1.139672168520398918e+04 2.409989438241853350e+04 4.013348198962362367e+05 4.642466218423641112e+04
3.406512127923825028e+04 1.145143442522435944e+05 1.223829825112822618e+04 4.245320804996473453e+04 7.361040865238363622e+05 7.964769336228691100e+04
3.747261582577010995e+04 9.184496357314515626e+04 2.151970802744303364e+04 6.420625802897178801e+04 9.270980408021679614e+05 1.052098180645070242e+05
1.863331603364852199e+05 4.738366104140587267e+05 1.798815951615688682e+05 1.042877350319792604e+05 1.615566588487674715e+06 2.568053950733792735e+05
1.406133664316779323e+04 3.090682399008514403e+04 1.213845729287473478e+04 1.185139013469461133e+04 4.411217196522256709e+05 4.179039530228354852e+04
1.283599070686379309e+04 2.010100897885117092e+03 7.601488227929270579e+03 2.370544598408555248e+04 5.565934312374232104e+05 5.153178936319257627e+04
1.214353352730449660e+04 4.111113716419372940e+04 8.207324598991126550e+02 3.439777085855611949e+04 7.261982086375725921e+05 6.678555325455500861e+04
1.853898069719753039e+04 1.633848590936022229e+05 9.128067381727558313e+03 8.895487168761908833e+03 3.624245752801259514e+05 4.041685724431281415e+04
8.885818184491230568e+03 4.825262020509306603e+04 3.405238610620536747e+03 7.655518695305289839e+03 2.823373896803987445e+05 2.630669377524991432e+04
2.323717487263325893e+04 9.970336404649712495e+04 1.605453967651019229e+04 1.352442044380489642e+04 3.906293204119907459e+05 4.424247561670828873e+04
1.576094817240949487e+05 3.428553787261114921e+05 1.175946935090116021e+05 1.414765039517862606e+05 1.649692388955762144e+06 2.425859978959882283e+05
4.382800220195204020e+03 8.434223744090995751e+03 2.372112819744095304e+03 8.132527216176403272e+03 2.393724253319747222e+05 2.121732558926150159e+04
1.849270198637424328e+05 6.179733017956583062e+05 1.097358160390813136e+05 1.715780723051676468e+05 2.167449181731616147e+06 3.012443133791509317e+05
2.754564061007899363e+04 3.007885798208793858e+04 1.678825021882894362e+04 3.177031541088583981e+04 4.282275328658676590e+05 5.189364329871199152e+04
1.374770656636677995e+04 3.401218840063937478e+03 4.497568783999822699e+03 3.479464543021065037e+04 6.556912122569874628e+05 6.194218801249857643e+04
3.480360577341831231e+04 2.539441769746124337e+05 1.710899747560822289e+04 2.045466039482377528e+04 5.387239507657554932e+05 6.542215172421841999e+04
1.942655263294042961e+05 6.971033411010783166e+05 1.432948939611011301e+05 1.388142998781789793e+05 1.461747282246037852e+06 2.573453801975330280e+05
9.523100653285381850e+04 1.749343199924124929e+05 3.731548013633000664e+04 1.256463279265085439e+05 1.179580306414592545e+06 1.608937726603831106e+05
6.617980055190334497e+03 3.718659230582287273e+04 4.449741887391546697e+03 7.468697932721437610e+03 2.876773337321386207e+05 2.648419075854321636e+04
4.422130154140567174e+04 1.630124822609281691e+05 3.250514803102376027e+04 3.041987512829477782e+04 6.660124021222406300e+05 8.062810870049566438e+04
1.867388092848246515e+03 1.244621089690054032e+04 3.903183650473660009e+02 8.457074922069408785e+03 3.252851819400106324e+05 2.648669652195123854e+04
4.819570897765210248e+04 1.124771006646162277e+05 3.207239119829616538e+04 5.110282859409278899e+04 9.860684202116684755e+05 1.088207994437283778e+05
4.309388793303298007e+04 5.057177554373654857e+04 2.477377935055733542e+04 5.441499424998104951e+04 7.072690481179236667e+05 8.535767827376906644e+04
7.757281405570752395e+04 2.094678230105196999e+05 6.706882198185303423e+04 4.974631400063219189e+04 6.312500274063016986e+05 1.042272170218503015e+05
8.018862567714196302e+03 7.703624144806582990e+03 5.052373065152929485e+03 1.414563837631389470e+04 2.835835723848855123e+05 2.802925490620189521e+04
5.336580564389526444e+03 3.641040656324652082e+04 4.551305945447615500e+02 5.756833274904481186e+03 1.995217310418747948e+05 1.802038811339848326e+04
8.995869532965882172e+03 2.831517015077510951e+04 1.674680267004765938e+03 2.917843401827503112e+04 5.426960886024823412e+05 5.181826044321170775e+04
4.177254976559102943e+04 3.097651665538753150e+04 2.958304713801588878e+04 4.722936576531015453e+04 7.512623609959963942e+05 8.617121443503360206e+04
4.690954705763572747e+03 9.853173905179790381e+03 3.676682534982501693e+03 7.917252241585578304e+03 1.957708504024265567e+05 1.881993626589534688e+04
1.429304986513473887e+04 1.135287997496202588e+05 6.656900707870826409e+03 1.291671246391128443e+04 4.369633057107024360e+05 4.371687570463423617e+04
3.940680406184095773e+03 2.319993226966351722e+04 3.799239244128945302e+03 8.551390749521284306e+03 2.436093026585945627e+05 2.303740014476861688e+04
5.768909537591337539e+03 3.286074184190266806e+03 1.098695935053576250e+03 1.421006495733802149e+04 3.285001472758145537e+05 2.915654274095176152e+04
3.553248722419735714e+04 3.442259388490495621e+04 2.617886658400201122e+04 3.461552625131823879e+04 5.705659248160040006e+05 6.701686842056555906e+04
1.085004487800471979e+05 2.257431545531297743e+05 1.050163893805040861e+05 6.556922617993193853e+04 1.110837217095408123e+06 1.608027102035539865e+05
5.381728137622406393e+03 2.037586623847056035e+04 2.913292850274484408e+03 6.442292021811231280e+03 2.464879966315517377e+05 2.175568997140007195e+04
6.264899628253801893e+03 4.176065023284083509e+03 3.945125418853176143e+03 6.478977163878784268e+03 2.065317585155263660e+05 1.872821025974181248e+04
3.469555521588050033e+04 3.302336791697885928e+04 1.258087324454651389e+04 5.449406037016840855e+04 6.974193061468539527e+05 7.860661000946775312e+04
3.296865145328219660e+04 1.095486341738012998e+05 3.571382919393877091e+04 1.282139735666792149e+04 4.863022907806638395e+05 5.932139176107698586e+04
4.507631734738669365e+03 2.876112377088611538e+04 9.348780383698762080e+02 1.384502784704525766e+04 3.798197825162071967e+05 3.363289692467104760e+04
8.977353467339014969e+03 1.278658421580795402e+04 5.436413390213568164e+03 2.296565348670568710e+04 3.291722835802897462e+05 3.550081686783590703e+04
1.194600961210710666e+05 2.389020544363995141e+05 8.507981590403920563e+04 1.105913843203783035e+05 1.163030486819011392e+06 1.767281303052232252e+05
5.181272602292199736e+03 2.182399566299320668e+03 3.061721250240342215e+03 7.702411158613675980e+03 2.991836988412711071e+05 2.503370578413998737e+04
1.584191623973072456e+04 1.064755775112904757e+03 7.549223019482248674e+03 3.963103384991287021e+04 7.705257826592510100e+05 7.305278218073039898e+04
1.486719372726156280e+03 1.828263550471157259e+02 1.375617869334926809e+03 5.121554555548711505e+03 2.324932300138160645e+05 1.855533483223581788e+04
2.725031525256060922e+04 1.149923667009129276e+05 1.601471370476615084e+04 3.244860661190692917e+04 6.139631374396387255e+05 6.856023098296325770e+04
2.612237244292740070e+04 2.956345058367311867e+04 1.217742289995955616e+04 3.750394735389546258e+04 7.925924917305716081e+05 7.698017873254176811e+04
1.667282483027370517e+03 1.136454290777444658e+04 9.603998820864343315e+02 5.216447385696286801e+03 2.650471952342043514e+05 2.116199701206292229e+04
3.735505344225442241e+04 1.478516712930943759e+05 1.210107670649879947e+04 4.450928240540083061e+04 7.120950660811691778e+05 8.055268736426158284e+04
1.534477115302658058e+04 2.784064792993795345e+04 1.933796028732117338e+04 4.907454447562308815e+03 2.680088386078388430e+05 2.995886755769848969e+04
1.614677427698250540e+04 4.168538228008528677e+03 5.756106174159545844e+03 2.865680046375153324e+04 4.456334352792089339e+05 4.561885272060557327e+04
2.907134836985045331e+04 9.692759308900471660e+04 1.905797033249997912e+04 2.437784779781851830e+04 6.062472480092855403e+05 6.481000139330633101e+04
1.614466486530970724e+04 1.698826823988364777e+04 1.038734864956072306e+04 3.111603570713336012e+04 4.805642243442062754e+05 5.171098446037196845e+04
3.884205567710244213e+04 2.026099746086185041e+05 1.918809129780849617e+04 2.752545134293006777e+04 5.030342869833479635e+05 6.457563923182986764e+04
1.749976593112433329e+04 9.183350459701459840e+03 6.113503762230139728e+03 3.609705883305394673e+04 6.764929568157067988e+05 6.491289312051918387e+04
1.451974417077270045e+05 5.658305251613082364e+05 9.955530628264481493e+04 1.019105142435868183e+05 1.096307375216590241e+06 1.907289613017941883e+05
2.081556527393354045e+05 4.337130178831950761e+05 8.310364631372681470e+04 2.745794260581653798e+05 2.750121052180542145e+06 3.664136691967271618e+05
1.012982438563280266e+04 3.782407538296707116e+03 6.046727051067025968e+03 1.607753670840709856e+04 3.874812209351169295e+05 3.612560157499058550e+04
4.964387893653901847e+04 1.364342767703157442e+05 3.351800321326885023e+04 4.117078590905863530e+04 4.907805046332184575e+05 7.282522035814312403e+04
2.404678928267550145e+04 8.713633347551123006e+04 2.067943585486579832e+04 1.295805450291749003e+04 2.667301477798560518e+05 3.702497442519367178e+04
3.570824502096742071e+04 1.116370019501196839e+04 2.285983165887213545e+04 5.187460178732540226e+04 7.044733447351503419e+05 8.124624918976664776e+04
1.991613524000053803e+04 1.201233150347063201e+05 1.385129224396030986e+04 1.549525347522752054e+04 6.050008062709532678e+05 5.961261965160842374e+04
3.242915556975342333e+05 1.263755773743149126e+06 2.116365661167298094e+05 2.467058841426447907e+05 2.107155711842820514e+06 4.070365411989985150e+05
7.407270427221391583e+04 9.256949778067274019e+04 3.180245280667271072e+04 1.061089804644291289e+05 1.319504729839833919e+06 1.550192343558727880e+05
2.348633047325284497e+04 9.370827898120248574e+04 1.313466020698340617e+04 2.174798982860374963e+04 6.073388992677718634e+05 6.098153163484690594e+04
2.061949089717289098e+04 1.342119525717063652e+03 8.920456244170598438e+03 3.587589488278983481e+04 6.015027224850172643e+05 6.059118805771478219e+04
1.223891372090098412e+04 8.455833193561504231e+03 6.300904332937323488e+03 1.676977926952049165e+04 3.306709509233651916e+05 3.295836228070564539e+04
8.651939362272902144e+03 4.882479260596501263e+03 4.751964385322004091e+03 2.018389498780390932e+04 2.986058734246762469e+05 3.150098018551417408e+04
3.782743562728945835e+04 1.016451370792116941e+05 1.957056801592231932e+04 5.181004953324733651e+04 1.055630547325768741e+06 1.078940880960854847e+05
2.082698407788455952e+05 6.265882889225975377e+05 1.325427702013816452e+05 1.833440832996746467e+05 1.642863915814404143e+06 2.815392545744958916e+05
6.272021209186234773e+04 1.395482371243970993e+05 3.768074347345688875e+04 6.679635969934280729e+04 7.409543992713338230e+05 1.031878258270333608e+05
1.451281115594090079e+04 8.890485493552811022e+03 5.659903804692593440e+03 2.941488782781523696e+04 5.083431658311894280e+05 5.037161052764442866e+04
5.074082660359984402e+03 6.558257590354290187e+03 2.176896118002637650e+03 8.149792018941038805e+03 2.749707543571736896e+05 2.344249878407346114e+04
1.561099079816941230e+04 5.124135317566579033e+04 1.075748162207659880e+04 1.111354223274647302e+04 2.471833824980075296e+05 2.882321044531960069e+04
5.575006193341542712e+03 6.217133801739068986e+02 3.475180964102759845e+03 1.600150114218331328e+04 3.100182088165745372e+05 2.961616892733912391e+04
5.713133023994473479e+04 1.669565628025546903e+04 3.754172487500289571e+04 7.157755049765385047e+04 9.117280667542550946e+05 1.106982855670295685e+05
1.453480997438956729e+04 1.040986321139811662e+04 4.778829648878141597e+03 3.171855410319630391e+04 7.012756859476667596e+05 6.408520137579255243e+04
1.392262602402685297e+04 2.865471537314208035e+04 5.465230652673832992e+03 1.971926476240681586e+04 3.709296162312831730e+05 3.763888388808673335e+04
2.559539310137995562e+04 9.039935742611286696e+04 5.560359291567768196e+03 3.320610244569081260e+04 6.529686622066759737e+05 6.580287597466952866e+04
8.226510840106160686e+03 1.890405369293786862e+03 4.333594187937333118e+03 1.721381296321773698e+04 3.249107236453104415e+05 3.159883447581379005e+04
6.948656340020486095e+04 5.422854932240942435e+04 3.888064816723945842e+04 8.477833143904199824e+04 1.022865853316575987e+06 1.265765582247315178e+05
8.579137798393257253e+04 2.541850881834194588e+05 6.024812551700785116e+04 7.404952220978135301e+04 7.506260132256952347e+05 1.225178591195026384e+05
4.484822231740403367e+03 6.054561149226789894e+03 4.742676356585918143e+02 1.920200650461724581e+04 3.552492549028761568e+05 3.308073160492481838e+04
1.441725051206908938e+04 4.530619492853827251e+04 7.730957995150548413e+03 1.429326380743719346e+04 4.141545863325280370e+05 3.989313057123041654e+04
5.201114487001913949e+04 2.449989640335955482e+05 3.235662435573436596e+04 3.941053768712771853e+04 4.729227900895848870e+05 7.569841406136397563e+04
2.373093647816349767e+04 1.696617875581894768e+05 8.353891582706188274e+03 1.613805235693121722e+04 5.051006349915012834e+05 5.326495580442183564e+04
4.412178146522804127e+03 3.070436795088432700e+04 2.079294710446043155e+03 3.323209230358785589e+03 1.900336887394452933e+05 1.669964527167170672e+04
9.972006658221283942e+03 9.117094415658111757e+03 7.230623014639842950e+03 1.792675697103939456e+04 5.248353770964392461e+05 4.697444959647635551e+04
1.208104373730529187e+04 1.396756312410806640e+04 1.544059980233741589e+04 8.596397524869214976e+03 4.251103216598304571e+05 3.982710679280012118e+04
2.921070176108074884e+04 1.359830496132341796e+05 1.531211764000176117e+04 2.234607401191983809e+04 2.824485429437412531e+05 4.243006719491542026e+04
9.831252375584435867e+03 1.030695119590363720e+04 7.438532640098895172e+03 1.177993265445775614e+04 3.668848116140105994e+05 3.371975759408921294e+04
1.217908565602831550e+04 1.937916440863173477e+02 6.064064053647845867e+03 1.815262630169808472e+04 3.535084690398583771e+05 3.460886770828055887e+04
3.015273774871435307e+04 9.647844496459947550e+04 1.576297582086358489e+04 2.736045788916676247e+04 5.008745567928092205e+05 5.762872234643145930e+04
3.727860973191612284e+05 1.200799276751719881e+06 2.376170848588084918e+05 3.398907934951765346e+05 2.646065097178902011e+06 4.935052820641280850e+05
9.378395952899310942e+03 7.499678148610630160e+03 5.807273753216547448e+03 1.006307902511466636e+04 2.843990301594865741e+05 2.655337255035045746e+04
3.537010879160956392e+03 4.179097532748236517e+03 4.182413561296581065e+03 1.013275440041327784e+04 2.782665563392216573e+05 2.530768275230210565e+04
2.688152001886897779e+04 4.910059147061526892e+04 1.160121438216832939e+04 3.309460511784627306e+04 4.734255380014950642e+05 5.423745372886088444e+04
1.998344937584857325e+04 1.877466608590998294e+04 1.191964962308797112e+04 3.123871267520377660e+04 4.367503185282778577e+05 4.956848002339259256e+04
3.169042543267628844e+03 1.404865566730747742e+04 1.329976653488123702e+03 7.737716612648140654e+03 2.632944849001916591e+05 2.247629422534443802e+04
7.008446564818320439e+03 2.680346699249119411e+04 4.907759945985546324e+02 1.478798880350941909e+04 3.288950703571797931e+05 3.034581847746669882e+04
4.892775336801563390e+04 1.564920286887477778e+04 2.071776237702009166e+04 7.300017058860686666e+04 9.571146911102456506e+05 1.070899307544483163e+05
3.523160557038317620e+03 5.780679579057908086e+03 1.032744597537561049e+03 1.161760708725254517e+04 3.016843569584211800e+05 2.627563909896715268e+04
3.931200939867814213e+03 1.568756239346178518e+03 1.958747170468923059e+03 1.086107220582191803e+04 4.152174541003818740e+05 3.376054958501171495e+04
7.415942387110272830e+04 1.312210838359071058e+05 6.229956503092384082e+04 6.837634245901850227e+04 1.322350012021776522e+06 1.532075393530426372e+05
4.729973259753594175e+04 1.402173903123931959e+05 2.488833975330999601e+04 4.941219111559474550e+04 6.614688331071332796e+05 8.449931585524349066e+04
1.058083648687070236e+05 2.536251267919607635e+05 7.303439318405654922e+04 9.509588934229228471e+04 1.238074434125255095e+06 1.703045257809635950e+05
6.265005343514676497e+03 9.172843170279202241e+03 3.405444328258447058e+03 7.033205524209904979e+03 2.388025202288885484e+05 2.116389328659324383e+04
6.077239542592859834e+03 2.325162265239564658e+04 3.326225928773743817e+03 1.885092576018929321e+04 2.808775516041331575e+05 2.999997638806096438e+04
2.194565425680590488e+04 7.196170595134043833e+04 1.234285383958324564e+04 2.120391723867230394e+04 4.453618409183457261e+05 4.842381994688791019e+04
6.336966328645799513e+04 1.130760820760309871e+05 4.921321754930035240e+04 5.450286674742303148e+04 8.960808801225411007e+05 1.117244998890053830e+05
2.520892889385054514e+04 1.515060849072415294e+04 1.623188490633941910e+04 2.685527430702786660e+04 4.326762326961807557e+05 4.899199006837970228e+04
3.584445357257410069e+05 1.171394370875440771e+06 2.132062584240968572e+05 3.315247240347036277e+05 3.350946010563358199e+06 5.251544272843366489e+05
9.583178760776416311e+03 2.553349789027738007e+04 1.724539477674070440e+03 1.707754290909789779e+04 4.270878382088093786e+05 3.845455143513462099e+04
2.784173968215474815e+03 1.317338092709626108e+04 2.166512407077319949e+03 5.829442561004647359e+03 1.853694896723900747e+05 1.668951725783374422e+04
1.161946856997090508e+05 5.244215183845991269e+05 7.671747517244625487e+04 7.682594966636272147e+04 9.071613118458035169e+05 1.547706189911249676e+05
3.353550640927291533e+04 1.729711697804046707e+03 1.366573721518944512e+04 5.487249928657587589e+04 5.590871857093743747e+05 6.839308328556793276e+04
1.925037612329227841e+03 8.038141398202544678e+02 1.656050625517562594e+03 4.297396096146930176e+03 1.922415554197755991e+05 1.562696460264634698e+04
5.213154806734537124e+04 1.983875404627739335e+05 2.129468817264628160e+04 6.633387888614289113e+04 1.205862319786177948e+06 1.300953281856249814e+05
1.158770333388138533e+05 4.289421162466886453e+05 7.916922319756010256e+04 8.944675855318752292e+04 8.970897224209189881e+05 1.561334921431789408e+05
2.635504912058186528e+04 2.380353279849334740e+03 9.886052439391000007e+03 4.932940632340904267e+04 7.714127145014621783e+05 7.857033881024880975e+04
1.600049022699288616e+04 4.916617228028622048e+04 5.635962471797601211e+03 1.925104861395527405e+04 3.959002389966862393e+05 4.019501928341249004e+04
4.197360832384024252e+04 2.609501204848368798e+04 2.619937490592288668e+04 4.982295157377205760e+04 8.047193354488154873e+05 8.923933811828232137e+04
2.515122232522207560e+04 4.481408662182796252e+04 1.921061162974844046e+04 2.161158044564459487e+04 5.502833776605244493e+05 5.728267943661959725e+04
1.181772258950470678e+04 8.674473260252347973e+04 5.806827283365693802e+03 1.113991753536484612e+04 3.968613011825298308e+05 3.852468058217938233e+04
3.593376570074825577e+04 1.214448846962500102e+04 1.455266219193720644e+04 5.963363365487247938e+04 7.026719186411838746e+05 8.110101928266107279e+04
1.557689228074118000e+04 2.190322553666906606e+04 3.143737958344394428e+03 3.085767758802829849e+04 7.174849719910731073e+05 6.464989253941443894e+04
7.198172535528332810e+04 3.803197119456220535e+05 4.789267682299832086e+04 4.057435646618655301e+04 9.307715459017182002e+05 1.204113285810364177e+05
1.582321445117248186e+04 2.818035828027231400e+04 1.026795475539839208e+04 2.595168571340069320e+04 4.865661983797050198e+05 5.028166577442077687e+04
1.857173397769212897e+04 4.519351961944007780e+04 1.188856104167181002e+04 2.214612648844873911e+04 3.941729733944150503e+05 4.388681677622125426e+04
1.269266776186597963e+04 2.829663488577130920e+04 6.617116439227635965e+03 1.544505315403880013e+04 3.749629239628477953e+05 3.645627973327661311e+04
5.071413665082165244e+04 5.372018238432409998e+04 3.014158423414377467e+04 7.729422550851273991e+04 9.496193982711820863e+05 1.144734135829940060e+05
1.663400981131742810e+04 1.292914603584956203e+05 1.075929703196030459e+04 1.166025788657293197e+04 5.532864518234634306e+05 5.352086477314739022e+04
5.569446810879968689e+04 1.087209728944233502e+05 4.614792531485939980e+04 4.126518654534289089e+04 8.581273931438195286e+05 1.016490452865042171e+05
1.866743138169594749e+04 9.259546046951375320e+04 5.248952654824529418e+03 3.424530987948896654e+04 7.554716754287779331e+05 7.314150179862363439e+04
6.957216957159132289e+04 2.321519828996464494e+05 5.148213289786152745e+04 6.552789328052624478e+04 6.984424249949554214e+05 1.102857644780356786e+05
1.966748009438365625e+04 1.418840497704305562e+04 1.431928021686530883e+04 3.773088362088657595e+04 8.368093823220764752e+05 8.021949461188277928e+04
8.821583846211480704e+03 1.131548630425543934e+03 8.161346678841860921e+03 1.101672715463341774e+04 3.011559740766298492e+05 2.881142335034457938e+04
6.398444685074110566e+03 1.969653298305737553e+04 1.237745554138494526e+03 9.191152730829151551e+03 2.141865759463236900e+05 2.007018839697044677e+04
8.812916894823321854e+03 6.357466967280981407e+03 3.362744181951756673e+03 3.025845063409320937e+04 5.637097641469063237e+05 5.336140632300868310e+04
6.508018199810084297e+03 1.078709737940725972e+03 2.641203036177995727e+03 1.150473848280670427e+04 2.363166673422044551e+05 2.228876445200352828e+04
1.818047643284859078e+04 2.359249648980246275e+04 1.692226317950646990e+04 3.086701921085747381e+04 5.574090534382096957e+05 5.991076165486717946e+04
9.636920996812747035e+04 3.189496561476326897e+05 6.612457776348582411e+04 6.998238874488814326e+04 9.498539778180518188e+05 1.398160368437135185e+05
3.904051490297759756e+03 3.131947277866150762e+04 4.764296693127488993e+02 5.237186615756610991e+03 2.486990664185902278e+05 2.085038316055420000e+04
8.212362509823306755e+04 2.400958336293005850e+05 5.691791905130432860e+04 6.715948980058288726e+04 9.443464600814764854e+05 1.302992327706936194e+05
1.521456755811473886e+04 3.920166651740750967e+04 5.428834886615038158e+03 1.999259911785509030e+04 4.444049230953488732e+05 4.321048846925131511e+04
1.103702441849534262e+04 5.869588163659869315e+04 4.747646027811839303e+03 1.025944637484246414e+04 2.900226337694274262e+05 2.909639335344930805e+04
7.213351775086403359e+04 1.377526198616962756e+04 2.742508019289927688e+04 1.201241038620762702e+05 1.165551093311467441e+06 1.452166630503264605e+05
1.781939842077936191e+04 1.362158364972397394e+05 5.773726736524514308e+03 1.264662383868055622e+04 4.275862740984617267e+05 4.370569928857245395e+04
3.293999118367666233e+04 1.277235819965553674e+05 2.255041873708887579e+04 2.153616443517482548e+04 3.424113157332730480e+05 4.880862118602524424e+04
1.049138316067029227e+05 3.991195321082269656e+05 4.835468333467099728e+04 1.037644659628199588e+05 1.006367633283636416e+06 1.551986488854081545e+05
6.729553363187496871e+03 1.135207436214089830e+04 9.169358359354628192e+03 3.771429247798030246e+03 2.749008563189457054e+05 2.470947776070224063e+04
1.153166024241326704e+04 7.908860899466539558e+04 5.510700262353695507e+03 6.636594470060895219e+03 3.780278613579816301e+05 3.471520324792626343e+04
3.528880588459939463e+04 6.772432681477205188e+04 3.388688970955362311e+04 2.353853340526298416e+04 5.208336997295945184e+05 6.363337812778421358e+04
8.600568275279639056e+04 2.095987209145190354e+04 4.723982971656470181e+04 1.184202505594679242e+05 1.175785162935815984e+06 1.540318233408436936e+05
2.289521923287850586e+04 8.606758743063805741e+04 1.428925735433126283e+04 1.653787787670477337e+04 3.441288490694072680e+05 4.104193437749974692e+04
1.446389333197572269e+05 6.565118887336633634e+05 8.588164142381781130e+04 1.103598297929829278e+05 1.000785788403705228e+06 1.867165323371737613e+05
1.495106215804228668e+04 2.652154005782072090e+03 6.366145627737355426e+03 2.283666550195970558e+04 3.668018470988926128e+05 3.787286328272142418e+04
1.505228327661281946e+04 6.890617198614061635e+04 3.190063437402372983e+03 1.997394914725200579e+04 4.822180122816283256e+05 4.624978673621667986e+04
1.242968226266826059e+04 2.624542058844671556e+04 1.096456938075163453e+04 9.919996409053317620e+03 4.424832595370256458e+05 4.027197339719063166e+04
3.263598353337995286e+04 6.388908990918611380e+04 1.516105029281237512e+04 3.899407919271275750e+04 6.564942375552651938e+05 7.148443156965737580e+04
2.035659192222950151e+04 1.738822081582176543e+04 9.172798430577258841e+03 2.672463294071708151e+04 4.484442926240433007e+05 4.706110294117735612e+04
2.771186724803294419e+04 7.380561331265113040e+03 1.482792115852630195e+04 4.120793043537583435e+04 4.715588760578735964e+05 5.710762961156388337e+04
5.172647290588075521e+03 4.326105937058561722e+03 3.738550813682687476e+03 9.226261026103944459e+03 2.507857077966965444e+05 2.286536101500710356e+04
1.729576767823823320e+05 7.628615553982733982e+05 1.028908215563555277e+05 1.273454214668366185e+05 1.641532216017306084e+06 2.500872030463613046e+05
1.590352430527860088e+04 1.155359391110165452e+05 9.299421800585781966e+03 1.445093506248600897e+04 5.118011741599470843e+05 5.068263820137344010e+04
1.879093197479601440e+04 5.119769965779330960e+04 1.169177605543830759e+04 1.678957872386100644e+04 4.291224786608853028e+05 4.402757040937269630e+04
1.125604783025715915e+04 2.277529560117223355e+03 2.993097274921142343e+03 2.179809028923810911e+04 3.819106185349186999e+05 3.694684280856102123e+04
8.618805472499148891e+03 6.071881000118549855e+04 4.005310220985796150e+03 7.215565348319566510e+03 3.328121705886929412e+05 3.037807534321342246e+04
1.199274336225322477e+05 6.087978759740483947e+05 8.852145294845040189e+04 5.851960757143243973e+04 8.525090996196027845e+05 1.520796835484278272e+05
8.929015044540215968e+03 5.864462547952987370e+04 1.868294027471111576e+03 1.153762525737611941e+04 3.050678116408133064e+05 2.944251649581276070e+04
1.969221737133152783e+05 8.662700946247518295e+05 1.237124504649404553e+05 1.475466439400990494e+05 2.341915973452526145e+06 3.204210973247778602e+05
5.992333290474546811e+04 7.695697279478090422e+02 2.876728689841020605e+04 1.005684901032912749e+05 1.345796313128204085e+06 1.484323429087941477e+05
1.148988200797452737e+04 3.831924006518059468e+04 7.562984371059876139e+03 1.022776159176492547e+04 2.464674718227178091e+05 2.635814177546356950e+04
1.030841843384067397e+04 1.246569937619156553e+04 4.922626424463935109e+03 2.055732192282678079e+04 3.744487003175516729e+05 3.721972141200933402e+04
3.768441111838115467e+04 1.462585673763203959e+05 2.688776511458210734e+04 2.959107521878572152e+04 5.606995388116878457e+05 6.991962176557640487e+04
5.522540509838047910e+03 4.946936174989778920e+03 3.184305709921223752e+03 1.093397829175103834e+04 3.697858923782054917e+05 3.143325320456493137e+04
3.321669188156184828e+04 1.940227897422128308e+03 1.453739549084604187e+04 5.422162112509118015e+04 8.303692054709016811e+05 8.673125726377914543e+04
2.959904935073035813e+04 2.486446706403382905e+02 1.174309919413152056e+04 5.456759966442832956e+04 8.106812072074880125e+05 8.427523164361895761e+04
6.086757544426352251e+04 2.402369067631188664e+05 2.252083434616263548e+04 6.929231098053077585e+04 1.014158203721407335e+06 1.211380846199222142e+05
2.535207052320180537e+03 5.427294631455833951e+03 3.305766716700221423e+03 4.082400707554625114e+03 1.948706875502265466e+05 1.664648172536282800e+04
1.207788710885276814e+05 2.378038977400606091e+05 9.296860996941688063e+04 1.018469848739823356e+05 1.128851989880672423e+06 1.738216365771910350e+05
6.129787707126517489e+03 1.823685749576835406e+03 3.467845340720619333e+03 1.871301247770075497e+04 4.325886825255210279e+05 3.914261114228024235e+04
4.824497106585086294e+04 1.319576653400628420e+05 4.730197283780238649e+04 2.459624966082787068e+04 3.697178879600182991e+05 6.290845942387912510e+04
3.323926433256567543e+04 3.947954386575279204e+04 1.441253841792761341e+04 6.040380514870995103e+04 1.099439419385052985e+06 1.094276097698730009e+05
1.330507261164156371e+05 8.653931014327440644e+05 8.089230169511577697e+04 6.224511382125156524e+04 1.042275576913920580e+06 1.759333605420678796e+05
2.021501168898022734e+05 5.457577407036726363e+05 1.426071581890652596e+05 1.759598545520761108e+05 1.603125010476057883e+06 2.758671673981287749e+05
3.345435188621693214e+03 6.632375535375910658e+03 3.703079282617543413e+03 3.733030019308325336e+03 2.035055268044988625e+05 1.730017088399791101e+04
1.699573224585235948e+04 1.235762915776397567e+05 1.067607493716397039e+04 6.809232902628090415e+03 3.497973814640492783e+05 3.732210345439871890e+04
6.289565085135239315e+03 4.758930529012627630e+03 8.187890773127266584e+03 1.634467644017264683e+04 3.183319373363760533e+05 3.256677919768679203e+04
9.884652688856887107e+04 1.790716971118092479e+05 6.682206337158623501e+04 9.621322704887851432e+04 9.976856878539748723e+05 1.482749759363604826e+05
2.836704434381577812e+04 5.155962756523185817e+03 1.887218322384513885e+04 3.971222954641221440e+04 7.880541686247581383e+05 7.935200644679278776e+04
2.248721738344512778e+04 4.033954094228235772e+04 1.852979894690890796e+04 1.747707105955880979e+04 3.600422784353916650e+05 4.210273155835297075e+04
2.814302441871854899e+04 1.428274253648231388e+05 1.522899426010507887e+04 1.933717265751861123e+04 6.065684212989802472e+05 6.317243228203613398e+04
1.095804541675848850e+04 2.638302421849151506e+04 5.844096306445359005e+03 1.166366889804062885e+04 3.345991677880878560e+05 3.160364284749462604e+04
1.355329555648721907e+04 6.949546320058374840e+04 4.646127698812430026e+03 1.664934824235851556e+04 4.709834580983595806e+05 4.464766590307524166e+04
1.344803819594972883e+05 4.988412796992118238e+05 8.148987600510918128e+04 1.143348708053708106e+05 1.407470962382208323e+06 2.061739653741810762e+05
7.359241190098763036e+04 4.025140882414494408e+05 3.540760222128495661e+04 5.644385817774140014e+04 9.029581741434668656e+05 1.214324127288623858e+05
3.512660959912239923e+04 4.936912339626206085e+04 1.301585475774397128e+04 4.736724749794552918e+04 6.236811178967950400e+05 7.142055190734770440e+04
1.650092562602427279e+04 2.605200953817949994e+03 5.437771570735370915e+03 4.034093262714571756e+04 6.915516284225655254e+05 6.722801163031111355e+04
7.560567869914176117e+04 2.932236266655895161e+05 3.027179589681167272e+04 8.225632666229919414e+04 1.136433889552191133e+06 1.411870898178901989e+05
1.563338615075791495e+04 2.595019265950520094e+03 3.474467813387367187e+03 3.670877497494051204e+04 6.527000372802803759e+05 6.212561319165998430e+04
2.863325463612744716e+04 4.559041341412551992e+04 1.343726973874416217e+04 3.980349659969041386e+04 7.975259646891257726e+05 7.968780624164822802e+04
2.400546175482645049e+04 6.066218518802205836e+03 1.322557281521817640e+04 3.282158707065787166e+04 5.780622117219045758e+05 5.972306200679524773e+04
4.097894631574485538e+04 5.741078628848122025e+04 7.803139409115591661e+03 7.676943225873260235e+04 1.037394914838247467e+06 1.106926712444607983e+05
5.532167233541243149e+03 3.333690186061588747e+02 2.918028098238088660e+03 1.498263309689041853e+04 3.553448545079097385e+05 3.194965992195978106e+04
2.277609578487235467e+03 1.724594607170019299e+04 1.530774291150503359e+03 4.348376886268004455e+03 2.672891488219657913e+05 2.145710678916011602e+04
9.199107531346309770e+03 4.523197930059960345e+04 6.494087568559010833e+03 5.006662182669401773e+03 2.718965581192823593e+05 2.558879742558888029e+04
1.212254129008283053e+04 3.256603111748585434e+04 7.671612959265912650e+03 1.318507087211926046e+04 3.065258281382751302e+05 3.149709467103165298e+04
1.148305865460663517e+04 1.166468940777320240e+05 2.805135313529542600e+03 4.596258302515246214e+03 2.601132018152617384e+05 2.655345785567006169e+04
2.817083503605506485e+04 8.090298193907628593e+04 2.259632250213364750e+04 2.014308921491141518e+04 5.878973933696999447e+05 6.239347104646811204e+04
7.723494743856412242e+04 1.996142977223174239e+05 4.618598473962664139e+04 7.092760645348421531e+04 8.977592832255689427e+05 1.222406046609893965e+05
4.331826913212124964e+03 2.850112964192751861e+03 2.352819637465961932e+03 1.021426522073271917e+04 2.960927091460631345e+05 2.568906260130756345e+04
1.442133262826268947e+04 7.932410974320479727e+04 1.288213107655125896e+04 4.355574144352434814e+03 3.368077776522606728e+05 3.410068045678309863e+04
8.234547070955410891e+04 2.087919482262377278e+05 5.796683784021683823e+04 7.124989587955549359e+04 1.075840671455443837e+06 1.398966033255969814e+05
1.820874537819393663e+04 1.840309911146395962e+03 1.011074212262318360e+04 2.571083680155465481e+04 5.351164327672069194e+05 5.206736165257140965e+04
1.711035879956068311e+04 4.847316047636492294e+04 8.583523997750495255e+03 1.873789144486607256e+04 3.629261553472225787e+05 3.898151930922519387e+04
7.636341453844190255e+03 3.350596216686878506e+03 6.774543128174638696e+03 1.101098390418841154e+04 4.765565673896249500e+05 4.011814862183660443e+04
2.738532850622238402e+04 2.860627548805776314e+04 1.501057082582475050e+04 3.840881700273341266e+04 7.243620781763598789e+05 7.397417034125322243e+04
1.056741927548053536e+04 7.047041022126985808e+03 5.714186619282941137e+03 1.229539407610260423e+04 2.754466630737460218e+05 2.689813498998808791e+04
5.894958026444322059e+03 1.191939796164903601e+04 1.055434532509931159e+03 1.209133537586950479e+04 2.854307848740554764e+05 2.571011821612185304e+04
4.242757419059603853e+04 2.096213876157358754e+05 2.084231920432416518e+04 3.224923647816203811e+04 5.185661685322464909e+05 6.881630613103807264e+04
1.228590994327252884e+04 3.671525096189703277e+02 5.560478152432088791e+03 2.214069677769184273e+04 4.931014146679643891e+05 4.559266010177681892e+04
1.928013449818438312e+04 3.977849891163726716e+04 1.710245775774082358e+04 2.304735474012240229e+04 3.689532894120294950e+05 4.457781237619398598e+04
4.304253856438770163e+04 1.830880270194636541e+05 2.256504254532502455e+04 3.422087172174688021e+04 6.206951629660372855e+05 7.600698487066046800e+04
1.090756317147197988e+05 2.027720555570955621e+05 6.602732948161855165e+04 1.214735184834597167e+05 1.243122038393451599e+06 1.770351181058432849e+05
4.883478955499816948e+04 2.704107604494760162e+05 2.797087996253719757e+04 3.063689633749378481e+04 6.784605859359124443e+05 8.492204741295384883e+04
5.276476954486899194e+04 3.973746480645058909e+04 2.401563911942250343e+04 6.985438262194642448e+04 7.366854213838770520e+05 9.345483260726423759e+04
1.047264217518291116e+05 4.935398264609369799e+05 7.815085247977315157e+04 5.988930764844884106e+04 1.275541328958297148e+06 1.709793660822116653e+05
1.145434742015147458e+04 1.806217073169250580e+04 1.757640034306248936e+03 2.206442611466996095e+04 4.035697362814216176e+05 3.877236855632127845e+04
3.371160024173028069e+04 6.399308342359599192e+04 2.349553533715572848e+04 3.226118043651136759e+04 5.804229704889347777e+05 6.692141831090273627e+04
1.775879103306882462e+04 3.170964850987230966e+04 1.493573890317308724e+04 1.329989508413414296e+04 3.979757858478691196e+05 4.078899081715501234e+04
3.668533549832018707e+03 2.011895619512175836e+04 7.946280101297694500e+02 5.319387578539692186e+03 2.556866085222206602e+05 2.094059163041202191e+04
2.693989367864793167e+04 1.104816877935352750e+04 1.970795530876644989e+04 3.539672849184141523e+04 5.682081392946331762e+05 6.326564165273393155e+04
1.984389454728740020e+04 1.093635675625526574e+03 9.817568902411252566e+03 3.212049180971668829e+04 6.549809967142706737e+05 6.286442183475357888e+04
4.694892942215558833e+03 2.462151698100470185e+03 1.338934065310972301e+03 1.096916200492911048e+04 2.460997563659778680e+05 2.221164517140132739e+04
5.173386972593717474e+03 2.418209984022030039e+04 3.188037148489291667e+03 1.070591469938548835e+04 2.951713435843310435e+05 2.726479194347570592e+04
2.478266601376368999e+04 6.761135970848922443e+04 1.614992740424570002e+04 2.317252369125763653e+04 5.943540965606736718e+05 6.076110116879030829e+04
4.571610732081771857e+04 1.724782797004386666e+05 4.391677640453574713e+04 1.832148403612019320e+04 6.423247472300693626e+05 7.895186447998689255e+04
4.840208662906699465e+04 7.671106078374420758e+04 3.168170733334252145e+04 4.676129467630735599e+04 6.733541460466478020e+05 8.388676267186590121e+04
8.250950910384019153e+03 3.055430491688616712e+03 3.168774044750720805e+03 1.675567256552031176e+04 4.008357423032397637e+05 3.605385611060638621e+04
1.095347441392767178e+04 9.186208327008571359e+03 5.368011515420537762e+03 2.169992832288896170e+04 4.310977449128987500e+05 4.157633675636320550e+04
5.169696299138364702e+04 2.178078819599518611e+05 3.493026618444487394e+04 3.834929213616423658e+04 6.414857803678113269e+05 8.632027642601876869e+04
1.158605928536762076e+04 1.111237177146033537e+04 8.259164807676943383e+03 1.711085440780709177e+04 3.718842649261214538e+05 3.686018198648239195e+04
1.894030545985373028e+05 4.194596567897022469e+05 1.025311471950327541e+05 2.025147013764976291e+05 1.933831579911637353e+06 2.865936491254324210e+05
2.903305661687819884e+04 5.090553144531389262e+04 9.845569314832624514e+03 4.375938331881798513e+04 6.948628563133225543e+05 7.328613628276670352e+04
1.324376417074948222e+04 7.747857246255765494e+04 9.191242526806085152e+03 6.722775766265655875e+03 3.368434453646387556e+05 3.349110065584469703e+04
4.496344706016641430e+04 1.421566181105205324e+05 3.758879541118228371e+04 2.860885188125473360e+04 8.266582985531409504e+05 9.177387431147061579e+04
2.203375989025583840e+04 1.979379366822846641e+05 6.171166732905320714e+03 1.580774691549091767e+04 5.013658354875313817e+05 5.332233197400900826e+04
1.456338535576022987e+05 4.640910938997768098e+05 1.178470042120008293e+05 9.708792491596973559e+04 1.231119157760265516e+06 2.004676790947955742e+05
3.091782837004265093e+04 1.101157005865562533e+05 1.546980702382500203e+04 2.832798686275112777e+04 4.047918008403640706e+05 5.215201714105969586e+04
2.088641938771735659e+04 2.454903461287698883e+04 1.466173194403303205e+04 2.903980219728463271e+04 6.834130097958570113e+05 6.663233930568679352e+04
2.690973192535511407e+04 7.551570093215093948e+03 1.230472691716686677e+04 4.359058675921276154e+04 7.183625490364775760e+05 7.370569048858586757e+04
5.023227105151819160e+03 5.064782697789686063e+04 1.380096855459682274e+03 7.164062377562748225e+03 3.743248651390700252e+05 3.151699255245957102e+04
5.175711251657589855e+03 6.729320881789905252e+04 7.502978029837197482e+02 8.516429017934591684e+03 3.721598747128082905e+05 3.253487649773008525e+04
8.359316812998571550e+03 8.134746869141466050e+03 7.331619774942504591e+03 9.089926501178590115e+03 2.671261784536259947e+05 2.564010463908738166e+04
1.364811806135245024e+04 3.360970914277308475e+04 9.512910187489758755e+03 2.476529727686945989e+04 4.503665800490736146e+05 4.725354110249924997e+04
1.027529430129955836e+04 1.305550702564108724e+04 4.379473127970620226e+03 2.578883100832093260e+04 6.376828106785831042e+05 5.708537575302126788e+04
1.364039632952124521e+04 8.497593699084996479e+04 1.204439396834375293e+04 8.438187177076017178e+03 4.969490855760686100e+05 4.663628060469611955e+04
7.840797220885066781e+04 3.360880819609745522e+05 4.482165497222886916e+04 6.141010807595765800e+04 7.687269440271954518e+05 1.154217653323527920e+05
1.878122766125911994e+03 2.035237798744724842e+03 1.486246201307596948e+03 3.827971559130304740e+03 1.868898331988398277e+05 1.504246467385160940e+04
1.110392215933642183e+04 6.588057517289652424e+03 7.722323690846340469e+03 3.060656028508970485e+04 4.577059210353761446e+05 4.827979749508757959e+04
4.955624391631264734e+04 2.045795656287086022e+05 3.742689390173572610e+04 2.689341101264965255e+04 5.368560402018192690e+05 7.452458971992238367e+04
5.876678993566380996e+03 3.762978534701754597e+03 5.102921328594662555e+03 9.692960854798186119e+03 4.241464651144143427e+05 3.529686875533274724e+04
2.574390316344823805e+04 9.822618944125316921e+04 1.463751563221656943e+04 2.233439974607909971e+04 6.810659927665495779e+05 6.707691856379575620e+04
6.049908005239547492e+04 1.679623172156509536e+05 2.458109103402803521e+04 7.006406129275618878e+04 8.879145426814479288e+05 1.103085429028123326e+05
3.813485920751370486e+03 1.449264831406589292e+04 1.936927474221825378e+03 5.837360172703019998e+03 2.607594308242537663e+05 2.173009001141471163e+04
3.035778248914112919e+05 1.246065275562866591e+06 2.135454529072291625e+05 2.053892850801537279e+05 2.005843562280623941e+06 3.814873483750349260e+05
6.620858224982417596e+04 3.290529630950738210e+05 4.290107778910297930e+04 3.844912531739242695e+04 6.497760745707065798e+05 9.586262625674477022e+04
1.240981250407798507e+04 1.038372684676405152e+04 3.196644143468455695e+03 1.938883038940995903e+04 3.093702763806240982e+05 3.146715661337477650e+04
1.925033612821580027e+04 3.291893563371872006e+03 9.071447869006044129e+03 2.977775407940218793e+04 4.660671038787941798e+05 4.888591409003026638e+04
2.281744921520948992e+04 1.072197823389232326e+04 8.615075092481483807e+03 3.869032867690629791e+04 5.493401014964055503e+05 5.868778693519697117e+04
7.844459607071930805e+03 7.522896461893402602e+02 4.340811892080236248e+03 1.717104594184944654e+04 4.699636008260751842e+05 4.128249944639530440e+04
2.713943754819764308e+03 5.121675799265449314e+03 3.556045884445930824e+03 1.148517261437596289e+03 1.241659175335745967e+05 1.065702601269000661e+04
4.719781786351909432e+03 4.248234484647596219e+03 3.725747327749795204e+03 9.381488102463399628e+03 2.887899367559744278e+05 2.548232912012708402e+04
2.796270721304334802e+04 3.379352184590478282e+04 1.338657545456796652e+04 3.431768852203799906e+04 5.596356887546941871e+05 6.060134317260735406e+04
3.556517418014613213e+04 1.095165387334848128e+04 1.712435163735911556e+04 5.476270874338726571e+04 8.940406964035091223e+05 9.281945681231567869e+04
5.594817990214432939e+03 4.182113890561817243e+04 1.285395204920612514e+03 1.317273876203040891e+04 3.841782133821632015e+05 3.441925188464808161e+04
1.881636243104099776e+04 3.874577654855154378e+03 8.060140460813646314e+03 3.045689157860884734e+04 4.787521371982072596e+05 4.963906622262080782e+04
2.474377843476320850e+05 7.804467752030203119e+05 2.341698677618871734e+05 1.203840194651953498e+05 1.768883791905366350e+06 3.129673728363469709e+05
1.847045658688746698e+04 4.165275032476450178e+03 1.282225696247328051e+04 3.540538634130988066e+04 5.750885794167501153e+05 6.042350166806211200e+04
1.348586819786746310e+04 4.637427290009080934e+03 4.816083711951280748e+03 2.113189743801680379e+04 4.217934255140400492e+05 4.023071310628887295e+04
1.761028164385543278e+04 9.835721993023646064e+04 9.945863594373493470e+03 2.683178346149863501e+04 4.586448447676450596e+05 5.213458885941292829e+04
9.749330148660742270e+04 3.379793702440974303e+05 6.317764930012348486e+04 7.742814810905199556e+04 7.305801066669095308e+05 1.281056770879476826e+05
7.285769764560404838e+03 3.494049081791957724e+04 4.103932026700877941e+03 4.790335631492053835e+03 1.923980748961594654e+05 1.860444311856082277e+04
7.658807273370864277e+04 1.821919627446730447e+05 5.631169240473638638e+04 6.487214607552110829e+04 8.534914057688607136e+05 1.200281085472634441e+05
7.399845778231043369e+04 4.958381212919785175e+05 3.688604903370620741e+04 4.417965676858506777e+04 9.372606378683940275e+05 1.234481675829766609e+05
3.756596885987601127e+04 2.290424482102652837e+04 2.006496582467571352e+04 5.910051090670051053e+04 7.425216366505300393e+05 8.644880222724468331e+04
5.354358151131522027e+04 2.711358193937515607e+05 3.122830586166460853e+04 3.264158289996578605e+04 5.045535299571239157e+05 7.557171387526583567e+04
1.067564896659891674e+05 2.972206544213861343e+05 5.253561144462035736e+04 1.184374865087075596e+05 1.304543734448536532e+06 1.786499509239511390e+05
1.068397872554857713e+04 2.293363605568467756e+04 1.003975559015763429e+04 1.116395645064300516e+04 3.937786276086504222e+05 3.699610460391845118e+04
1.029648116015249252e+04 4.000753116053876875e+04 7.825361710707898055e+03 1.254763695639993966e+04 4.457816157634987612e+05 4.100956862589724915e+04
2.282772663082517684e+05 9.370722907201589551e+05 1.524217376322019554e+05 1.705233521677415993e+05 1.653785509730186081e+06 3.004062769271802972e+05
8.510757747035915600e+03 5.548602883306610238e+03 1.704644497048250741e+03 1.895792857079223904e+04 3.180392356190336868e+05 3.097299910894997811e+04
2.693858563445719119e+04 1.865386903853437980e+05 9.120112419840295843e+03 2.324266371954793431e+04 7.299258240233581746e+05 7.276443343490864208e+04
6.483189892179522758e+03 8.355028518063032607e+03 4.184428506321367422e+03 1.355619094514611243e+04 4.017162484148635413e+05 3.536634009444616822e+04
2.179123249513468545e+04 7.002436585709825749e+02 9.100021114446786669e+03 3.548419076316877181e+04 6.064156269625931745e+05 6.079015867703330878e+04
4.843001896750186461e+03 3.283067485949898128e+02 2.638667982597399259e+03 1.625352280421476280e+04 4.206628072738115443e+05 3.679691567676080012e+04
3.740114144555375970e+04 1.107785824823403118e+03 1.331416268795300493e+04 6.301327667899960215e+04 7.542886487985983258e+05 8.502105308766434609e+04
4.953006006998894918e+03 7.672818446073515588e+03 2.624639363863775088e+03 7.099886669020153022e+03 2.709285675933299353e+05 2.294402780467064440e+04
6.669164551631091854e+03 6.987761889749365764e+03 2.287423196770972481e+03 1.048040757632508939e+04 3.642133177189428825e+05 3.056767797785717994e+04
1.034346108594228463e+04 5.892660996697937662e+04 8.024346920026032421e+03 1.966326388722655975e+04 3.985156575239658123e+05 4.206979235265221359e+04
2.460729702633027046e+03 9.818869657263256158e+03 2.641843310109829417e+03 1.762042146300779223e+03 1.554693057914915844e+05 1.287818525218632203e+04
9.667678501592653629e+04 3.134590014421992819e+05 4.803072607549755776e+04 1.015109920631132409e+05 1.244341185564511688e+06 1.658082234287599858e+05
6.589062835656545758e+03 1.267014133133224641e+04 2.430960483407748143e+03 9.165224973471253179e+03 3.349877250288486830e+05 2.835026765743621945e+04
2.951985151014152962e+03 6.228509615998574191e+03 3.840112022950989285e+03 7.425648457968075490e+03 3.316725914456465980e+05 2.762946914607027793e+04
2.894185872944900257e+04 4.408994266293315013e+04 1.975339482017109185e+04 4.899349223090882151e+04 5.615524169650279218e+05 7.062044265077084128e+04
2.678373136410182997e+04 5.405265607854487462e+04 2.972935679838476790e+04 1.301243071911262632e+04 4.848608077419316978e+05 5.398551169704669155e+04
6.995559323565520754e+04 4.939201228524930775e+04 3.246043763735580433e+04 1.022821409973712434e+05 1.149819304055088898e+06 1.400234021937676589e+05
2.762271709959803047e+03 1.076191755869291683e+03 2.003719978119303505e+03 9.816112442857885981e+03 2.536446432744561171e+05 2.241573410549356777e+04
1.335531362670049712e+05 6.429625092265040148e+05 7.766139311308640754e+04 9.227024129401271057e+04 1.093189051110134227e+06 1.805377838151761098e+05
1.454269044129730901e+05 5.047454171772207483e+05 9.114854765300211147e+04 1.267241886505860311e+05 1.006787149559631012e+06 1.892821796862712072e+05
1.235047956399405484e+04 1.048558051946405794e+04 1.158822715466536647e+04 1.290464547812954697e+04 3.598581492143766372e+05 3.555343157544289716e+04
1.519184655654753624e+04 1.876396755927545428e+03 1.975740294359244217e+04 9.487475996109358675e+03 3.949037886370164924e+05 3.946109413165438309e+04
3.495884632945969497e+04 6.695568973792959878e+04 1.243160441776276093e+04 5.410421918799223931e+04 8.713436190263584722e+05 9.174275783884644625e+04
8.894510450018831762e+03 3.144491782236831205e+04 3.542809924083502665e+03 1.485480268078962581e+04 3.989241303751636879e+05 3.663146360222102521e+04
1.647937509332060654e+04 9.890347141035677851e+03 7.666379478838911382e+03 2.714068219610416054e+04 3.553591023131396505e+05 3.996803327014287061e+04
2.894334215372167455e+04 2.283506671796537994e+05 2.020677064916051677e+04 9.724109156715589052e+03 5.280213711078439374e+05 5.991936422378518182e+04
8.399034419328671356e+04 2.182011021557664790e+05 4.238937004200576484e+04 9.303002914427555515e+04 9.145178513739737682e+05 1.326449939787864860e+05
2.619204654874870903e+04 9.323865793315890187e+04 1.890090244312439245e+04 1.887163813670107993e+04 4.862179272608739557e+05 5.399685261735715903e+04
1.587361264018534484e+03 2.950039941565319168e+03 3.779851600644503833e+02 5.463906017386960229e+03 1.582309549924549356e+05 1.342212549174189371e+04
1.308321924444135402e+04 3.355154812793534802e+04 9.012942464675919837e+03 1.699812810655050271e+04 4.286274354570413125e+05 4.206078280010263552e+04
2.365678246711475731e+04 1.054349149329162174e+04 1.609940525950735355e+04 2.906571538712130496e+04 6.069994488167053787e+05 6.143139014567250706e+04
3.239379984219812904e+05 1.311521974555699388e+06 2.460672212453569809e+05 2.102151466229342332e+05 1.767429184407487046e+06 3.848917826815538574e+05
5.659974556576327886e+05 2.049863490290661808e+06 4.189632457818657858e+05 4.139447852695812471e+05 3.166517237094532233e+06 6.821771123773152940e+05
7.151253148324605718e+04 2.974187795419025133e+04 3.167947197041661639e+04 1.037806612419265439e+05 1.185193325532933231e+06 1.417714580654149177e+05
1.406753997607115598e+05 3.975124643376633176e+05 7.281393817954699625e+04 1.462380288780045230e+05 1.702559173732836731e+06 2.316945643605150399e+05
8.770134109200711828e+04 3.257356256716218777e+05 4.481060237270729704e+04 8.674010651936798240e+04 9.509973231215754058e+05 1.386180853408844268e+05
6.029467849706999004e+03 2.051379113446317206e+03 7.103830445813101505e+03 4.581324842372036073e+03 1.570568490821584710e+05 1.579901862094928947e+04
1.496388619522296358e+05 4.544479528459500289e+05 1.131581415734199109e+05 1.114931794095877995e+05 1.174185656657073181e+06 2.006538124710454722e+05
5.180616041883646176e+03 3.966018034230448393e+03 1.213555400075145599e+03 1.342279994174414969e+04 3.266333088817526586e+05 2.875814394263693612e+04
6.359999207205358107e+04 2.559669783293818546e+04 2.630163124144410176e+04 1.026040925302287214e+05 1.271894800349589437e+06 1.445475626259197306e+05
2.751012585197157387e+04 1.715375884137854518e+04 8.333194349009563666e+03 4.551676714050568989e+04 5.697359989959434606e+05 6.334308819393058366e+04
1.889872596641071505e+04 5.814668390465955599e+04 1.188478367339048236e+04 1.552339776361722215e+04 4.488927716708798544e+05 4.521174824112063652e+04
1.415544230217126278e+04 9.882730244991437939e+04 8.516524440882112685e+03 1.316704425152888143e+04 4.498272474495947245e+05 4.476963931406083429e+04
2.400252714833515711e+04 7.400995612092567899e+04 2.541837456995313551e+04 8.685379379096588309e+03 3.534183955492149689e+05 4.231705432849146018e+04
5.869445758333848789e+04 1.618368604996276845e+05 3.756151381760331424e+04 5.200527211527989857e+04 7.287333964982503094e+05 9.672882206857984420e+04
1.956934247249369946e+04 3.751733494824019726e+04 1.495441476617809712e+04 1.659562539438715248e+04 4.400493181111344020e+05 4.540448281830238557e+04
4.040324758647875569e+04 1.659940755742666370e+05 2.285731436597057836e+04 3.380655487996216834e+04 5.846064325378517387e+05 7.267264763978305564e+04
2.277331556254716998e+04 2.919138130305796949e+04 1.446408783598635091e+04 2.469491737103044943e+04 3.691286719215385383e+05 4.367348281506370404e+04
6.790064825871920038e+04 8.205759959300654009e+04 4.886794051491216669e+04 9.044742492271815718e+04 9.359113608010514872e+05 1.289736334706984489e+05
6.574313088632455037e+04 1.854597205907891912e+05 4.975560993353413505e+04 5.038507844041768840e+04 5.339268514978401363e+05 8.931894792463732301e+04
2.732038676544887130e+04 3.726940244076672388e+04 7.273404331267177440e+03 4.696032991219813994e+04 7.569837977905295556e+05 7.712835376210627146e+04
3.146473904433471034e+04 7.219103463782813924e+04 1.492817200105018856e+04 3.746936312626543076e+04 7.056210810363340424e+05 7.440955416281550424e+04
6.840817333192204387e+03 1.676300957885507160e+04 1.071086947664326999e+03 1.654418153793953388e+04 4.759864536686964566e+05 4.078668845124536892e+04
1.740380428597880382e+04 1.366919346351759123e+04 4.140034762288462844e+03 3.223106640224588773e+04 5.159405750835125800e+05 5.173725824647728587e+04
2.732027403948121719e+04 2.702232174566899776e+05 8.349646843921840627e+03 1.466961216351925032e+04 5.425488259854317876e+05 6.009283921643137001e+04
4.926955720332435885e+04 1.160350390494794556e+05 3.802355338634946384e+04 3.487414811405311775e+04 6.019246438272534870e+05 7.838657802992044890e+04
1.625476925883913464e+04 2.673371729720409712e+04 9.760327928035609148e+03 1.747921611027374092e+04 3.488098765763027477e+05 3.689472206032623944e+04
4.541493247597484151e+04 1.654020794609752775e+05 2.849279380708004828e+04 3.737643591350872885e+04 5.683975224356713006e+05 7.559676747477758909e+04
7.410913643110075100e+03 7.685275149686096483e+03 3.474923859738726151e+03 1.407836542876266867e+04 3.989338925356077380e+05 3.507632800171105919e+04
2.179666869009653965e+04 3.498548415704824583e+04 7.627974185766963274e+03 3.207935015688235580e+04 5.765717226366391405e+05 5.830483666720858309e+04
3.091408398526712335e+04 1.013421252499593902e+04 1.156584209198235476e+04 4.883028411968769797e+04 5.974575483916981611e+05 6.775222131608922791e+04
1.219738164819584199e+04 2.289055952461406196e+04 3.963496505171307035e+03 1.853229545605061867e+04 3.878821532473142142e+05 3.730983770386326796e+04
9.873730733422442427e+03 1.826629941484391748e+04 7.753560123174877845e+03 1.858075049150213817e+04 3.862495463716147351e+05 3.862700787291331653e+04
1.495124974450629088e+04 7.446232710362321814e+04 5.411144092195375379e+03 2.616641630504341811e+04 7.193302072716166731e+05 6.623033553221302282e+04
5.302551304489467293e+04 3.602030208801629487e+05 2.065752332606643904e+04 4.394895813423191430e+04 9.850709474125126144e+05 1.128535490572855924e+05
1.317060710144500772e+05 4.329703009387673228e+05 1.114915735114145646e+05 7.919097621800815978e+04 9.860890263117376016e+05 1.716150108051405114e+05
2.063003738887522559e+04 9.440759717993867525e+03 1.107149475985498793e+04 3.615650782266577880e+04 7.785642319778760429e+05 7.395509646094182972e+04
