-3.018277828570246069e+00 -2.572722521408023226e+02 7.365882393190871369e+01 -1.185362594379235475e+02 5.140486618760498914e+02 -8.554512069976492915e-14
-4.853457881960466835e+01 1.546693952498442002e+02 4.793309874928920777e+01 -1.795558174125362711e+02 7.861655019429226741e+02 -1.429471049088256999e-13
-3.578349307428401005e+01 1.471793605622406176e+02 1.793456527545849610e+01 -1.035360079088994638e+02 4.728651863386263585e+02 -1.332556294888129296e-13
-4.540211632621446114e+01 3.130055471392342952e+02 -6.870991400165298302e+00 -1.067941220270941329e+02 5.317835508219570784e+02 -1.480248673242093848e-13
-5.163560492868793261e+01 3.716088989844639059e+02 -1.817379490185342661e+01 -1.251090745060888736e+02 6.842520421415675855e+02 -1.548798923070067279e-13
-1.462750836019248197e+02 8.980524288694144843e+02 -5.635079269309711236e+01 -2.461912071097158616e+02 1.355750414934495211e+03 -2.360518836341860161e-13
-4.404998652044046281e+01 1.656089049741567862e+02 3.353850807906280806e+01 -1.442303892293582237e+02 6.328864276223500838e+02 -1.399579003130115666e-13
-6.027907153483909042e+01 2.548047448322521120e+02 1.858321566474954523e+01 -1.428292218926737291e+02 6.537120879196088481e+02 -1.444131700063459857e-13
-2.887411853975831022e+01 1.748447730073432353e+02 1.339150950461193545e+01 -1.118013923444108286e+02 5.372017771706355234e+02 -1.351948299844057510e-13
-6.969336834942394887e+01 4.172339976129687784e+02 -2.786326339117698581e+01 -1.293240723629779154e+02 7.411327744664019974e+02 -1.757052825844698157e-13
-5.537426825450669554e+01 4.022529550634745306e+02 -1.856016046460708679e+01 -1.158252729005219948e+02 6.017738833012949726e+02 -1.596815850428413503e-13
-6.092809252321464442e+01 4.464976719153821705e+02 -2.568859583936618307e+01 -1.194617738287363693e+02 6.393663719638649354e+02 -1.580478835954190864e-13
-8.930417779009668777e+01 5.548835326990536032e+02 -2.469870393478528925e+01 -1.557188572064649463e+02 7.970550176577613684e+02 -1.778536440037100391e-13
-7.523165957878465804e+01 4.168612381116454912e+02 -8.016924917532755046e+00 -1.410977793779462672e+02 6.933605800623813593e+02 -1.606815228616827320e-13
-7.336243652117821057e+01 -4.107691311979208670e+00 1.053221586001551628e+02 -2.652849969805082537e+02 1.111483899434052319e+03 -1.632679763426522793e-13
-4.452294091101632745e+01 -2.885433241094266350e+02 1.482825224243940454e+02 -2.417130739907752570e+02 8.868791805073490195e+02 -1.254474642740935841e-13
-2.800348475257841230e+01 1.045346850486871260e+00 5.059361447269385081e+01 -1.297110588192358307e+02 5.470053643085943804e+02 -1.268489432562473205e-13
-3.127206934596251031e+01 9.674529170114811905e+01 2.988432622252963711e+01 -1.236403086337373907e+02 5.685325040657372710e+02 -1.345544285741424106e-13
-3.898936040103784251e+01 4.071287969155907263e+02 -2.181762282852579560e+01 -1.143646748884047781e+02 6.092459333625363342e+02 -1.533311484616591826e-13
-4.303216921457641320e+01 3.821432005645107211e+01 5.450643682700614079e+01 -1.633663800657226091e+02 7.208512824501906380e+02 -1.407349740606915984e-13
-5.878722131791874261e+01 3.442495277017891340e+02 9.478388202991293809e+00 -1.571666045497888433e+02 7.426670899375003501e+02 -1.688242180766960026e-13
-1.269854494098879059e+02 8.427337252469895930e+02 -3.100960299143971000e+01 -2.477255523258522487e+02 1.244336187902972370e+03 -2.370696453718257387e-13
-4.216205980706586587e+01 -2.093778390901391901e+02 1.136085859171050458e+02 -2.006967839518478627e+02 7.751337296512806461e+02 -1.105806500753569070e-13
-5.666620224994832000e+01 1.582901263204805957e+02 3.683777332868129406e+01 -1.634518657398545827e+02 7.463490180763595845e+02 -1.573127834574418326e-13
-8.398760335475382988e+01 5.276516612197792711e+02 -1.799648037675699541e+01 -1.862686993454027515e+02 9.795141105906149050e+02 -1.715926092327024130e-13
-2.167664985386379328e+01 2.342892533363848599e+02 -2.442555485293089390e+01 -5.163796353340458012e+01 3.313815450532670752e+02 -1.157198382994150995e-13
-4.522123400575966912e+01 2.061454139209029393e+02 1.020993957386046880e+01 -1.175061121128785118e+02 5.729231425310044870e+02 -1.399566493053944941e-13
-4.266020500389341663e+01 1.121195514462277316e+02 3.132964022996215192e+01 -1.252846634766714544e+02 5.590156898157774776e+02 -1.313225415975116794e-13
-1.518366886138759071e+02 9.120386151847574183e+02 -4.316127546996043662e+01 -2.672530807105852659e+02 1.402526031343538079e+03 -2.253780845279906992e-13
-2.556874105111421969e+01 1.690200250768245382e+02 1.957898939212761924e+00 -9.328448506559877274e+01 4.902787485840300405e+02 -1.262811421444093085e-13
-8.179162023530516024e+01 2.652284693134502618e+02 3.819278323457216118e+01 -1.949954126320897672e+02 8.710733044438144361e+02 -1.716265404250970113e-13
-1.765516951090524600e+01 -9.992026330747303575e+01 6.709536967110507533e+01 -1.416834951883743940e+02 5.959953405355770428e+02 -1.323516357747153304e-13
-9.211584788811556734e+00 -2.039996106640125504e+02 8.959164751425899453e+01 -1.577848776625713754e+02 6.366138145642520385e+02 -1.111520926697064952e-13
-3.256607896036242522e+01 1.373646684767362274e+02 4.443512402117197979e+01 -1.754974400730830837e+02 7.940289244524326477e+02 -1.510456060381830070e-13
-2.280259529114515260e+01 1.503196696337147671e+02 3.590282855131909656e+01 -1.643472621631918571e+02 7.642236145120482433e+02 -1.593487162380532316e-13
-6.951605372319299647e+01 2.729085900284254080e+02 6.529415938066941649e+00 -1.504198602569632044e+02 7.686836634934230688e+02 -1.475787276698022273e-13
-3.583664542484746107e+01 -2.498682487056813386e+02 1.373181012030868544e+02 -2.113412400978591563e+02 7.245175048549649546e+02 -1.171992797396475768e-13
-5.166292464698508979e+01 2.945764522610769518e+02 -9.107115508187764163e+00 -1.125956548489980236e+02 5.986742388887403195e+02 -1.505216595545508989e-13
2.803268711535004787e+00 1.686504544880097853e+02 -3.109046624352541421e+00 -5.875042476239635647e+01 2.908548603178867324e+02 -1.169021161371762819e-13
-2.799680808131237697e+01 6.057072202817712991e+01 5.625612923503441465e+01 -1.422936312172965643e+02 5.515217945661954673e+02 -1.471322005340775715e-13
-2.275441416976525133e+01 7.613354841805933404e+01 3.456023422878730145e+01 -1.168686202222302200e+02 5.081982516516017654e+02 -1.289269028705992157e-13
-1.795263831283388845e+00 -5.702823789408792976e+01 4.630034323956149223e+01 -1.107996300108572427e+02 4.900965807398968082e+02 -1.172573483423412426e-13
-5.166510751968906590e+01 3.331011150884115750e+02 -9.602957576432650910e+00 -1.027423296855121180e+02 5.072723804800115772e+02 -1.347340780433723883e-13
-5.990150744722876119e+00 2.207370631056624859e+02 -1.085706487611117943e+01 -6.235100944698886849e+01 3.264089565579929513e+02 -1.188051065155369450e-13
-9.452530060280713187e+00 -9.199465646007897845e+00 2.855516068608298141e+01 -6.973944946364997577e+01 2.926044137180640519e+02 -9.277567889644612666e-14
-2.116794543095565473e+01 6.535408102436147715e+01 2.348088033239015004e+01 -1.164421881913162338e+02 5.842706385261305968e+02 -1.254161981343958471e-13
-1.152639221146363901e+01 -2.668159025495049352e+00 5.797214120780157742e+01 -1.422142556371386490e+02 5.865043199587416893e+02 -1.271832385041392238e-13
-4.319288623770871283e+01 3.607627038302949245e+02 -2.458330123808238454e+01 -1.051859457076802471e+02 5.993676601964349402e+02 -1.502253918619910729e-13
-5.885023802435630813e+01 3.258259120595813556e+02 2.290438857216679835e+01 -1.891853776320147915e+02 8.854284458403885765e+02 -1.918826206798651871e-13
-9.136224671406791842e+00 1.581844327203255318e+01 1.936762998753516740e+01 -7.152893091940497072e+01 3.451187930260608709e+02 -1.112489588461387615e-13
-4.356365814750605381e+01 1.812872859628047593e+02 1.095592413409172039e+01 -1.258131363899637307e+02 6.422738047012272773e+02 -1.463087565332162854e-13
-6.253502500467909186e+01 4.944798125817274013e+02 -3.247535890312326501e+01 -1.221034979411635959e+02 6.653321303687761201e+02 -1.626818572920223042e-13
-2.493303558730673686e+01 -3.001947349905665874e+01 7.578253630779444450e+01 -1.696014322264681482e+02 6.765935163624168354e+02 -1.436188327675099178e-13
-4.491411974981761546e+01 4.470563039162131531e+02 -2.513381266898219124e+01 -1.208661237825529327e+02 6.448411122055101714e+02 -1.542310956477700159e-13
-8.229650815709153733e+01 2.754395154089121434e+02 2.991201056575909334e+01 -1.864536323798151614e+02 8.592103539278643893e+02 -1.562056238500753094e-13
-2.106316753851057300e+01 2.343252969260002487e+02 -1.247267294698815476e+01 -7.641296016136425351e+01 4.213071219858016434e+02 -1.294662109332765891e-13
-5.411441575364275280e+01 1.983163759033563736e+02 1.680219641744492165e+01 -1.194567649390942847e+02 5.495442983837062911e+02 -1.292458914649510011e-13
-7.656146479382285008e+01 5.038438704786457834e+02 -2.802249485938274276e+01 -1.154291110211510727e+02 5.850332645694038547e+02 -1.598871750484742513e-13
-2.958816536060534119e+01 2.527532198442813751e+02 -1.430979637456980491e+01 -6.732278551766319197e+01 3.584144292118121484e+02 -1.281881913102608730e-13
-3.210229422837702629e+01 1.033068076245252200e+02 2.285086188175038657e+01 -1.098165025133396284e+02 5.158487279602099989e+02 -1.318530381538696641e-13
-2.612778964496088818e+01 1.069243447542529566e+02 1.147069785052482160e+01 -8.744151740549808949e+01 4.357002870188882184e+02 -1.266876777482302735e-13
-3.074150080789189943e+01 -7.449460119115069290e+01 8.306055171593776265e+01 -1.733848666847777054e+02 6.880957417105030345e+02 -1.419203481060899809e-13
-4.096686681195050284e+01 -1.175772605286895640e+02 9.355783594650539214e+01 -1.949360213049423294e+02 7.973922826767841343e+02 -1.411800783784531630e-13
-9.528454135369923961e+01 4.228565975166839621e+02 1.604704877686627285e+01 -2.028051303867173374e+02 9.495743805389837462e+02 -1.703160762006285832e-13
-2.394478535461623991e+01 -4.563590544621593637e+00 4.609017595242915633e+01 -1.049273663493616908e+02 4.133749001030977865e+02 -1.008588489218147313e-13
-1.330943382357682481e+01 1.085514758778993922e+02 1.963407398516019597e+01 -1.092801937986358780e+02 5.290027598439407939e+02 -1.434777653403987088e-13
-2.438446174911508635e+01 7.060996332548241128e+01 3.609724778378354415e+01 -1.147262222574179305e+02 4.880066603819319084e+02 -1.191593648512245452e-13
-2.357649267401205062e+00 1.096924179601513032e+02 -1.592353914828244577e+01 -5.040017972586136352e+01 3.602138622227194560e+02 -1.224897189790901347e-13
-1.160861178133363438e+02 7.099575815455075372e+02 -6.137080540196628675e+01 -1.792555425508688529e+02 1.076269918172502685e+03 -2.181639512301366291e-13
-9.645133898414682960e+01 6.601966948969569557e+02 -3.409881708985177795e+01 -1.731919547737018377e+02 8.973120917829195378e+02 -1.986746036216183151e-13
-4.047716291364668706e+01 5.148539369345313332e+01 4.799395856736977350e+01 -1.294403966589988215e+02 5.247470801454320508e+02 -1.127963388679871875e-13
2.715445894750299960e+00 2.150568936311868811e+02 -1.864493999439875793e+01 -7.138043231790598497e+01 4.412059879307892061e+02 -1.290751454650433493e-13
-7.287171745142333634e+01 5.489820503125794176e+02 -3.953431522032744994e+01 -1.321152448639209638e+02 7.377950518526649830e+02 -1.680891131689576436e-13
-4.574193468047928945e+01 -3.430195098767050155e+01 7.678831026804924420e+01 -1.677955991662548172e+02 6.611566152094881090e+02 -1.140078681884606282e-13
-4.770824823950930949e+01 1.736760896764192239e+02 2.468261580800797717e+01 -1.217178150927516214e+02 5.323613597389690995e+02 -1.365265899572849822e-13
1.006595793627898772e+01 -5.242202995374079855e+00 2.036479507729724148e+01 -6.614621199775952221e+01 3.180307709848807463e+02 -1.234478764922745724e-13
-1.149437027125375153e+02 8.196772124923936644e+02 -4.129745961463530790e+01 -2.138100418352721590e+02 1.099220105775606498e+03 -2.216522269394163194e-13
4.979717853551852258e+00 -6.520240804236263443e+01 1.903121812872783281e+01 -7.205884185786709395e+01 4.104313675068528937e+02 -1.162483118393279011e-13
-8.344421287818258648e+00 -7.348991710204488470e+01 6.868834830047882178e+01 -1.390323260618487211e+02 5.485213003985780915e+02 -1.261994800386632722e-13
-2.272010293473355702e+01 2.093951208577273349e+02 5.368412229099076560e-01 -1.095708453444771067e+02 5.791818740497574254e+02 -1.508910064905449214e-13
-4.049923883711412032e+01 1.340462733343454715e+02 4.673076647919004500e+01 -1.720668791069274164e+02 7.586928065024251282e+02 -1.534616977795372010e-13
-2.861395459545725828e+01 3.287101399898039062e+02 -3.256538384748780146e+01 -7.940666869258450333e+01 5.007897606763557974e+02 -1.489622995351600571e-13
-3.419452790060135072e+01 2.957020509283806291e+02 -9.274756344501970062e+00 -1.145809144172038145e+02 6.122675975324144702e+02 -1.516384552620470515e-13
-3.113266366251044204e+01 -1.749719017713150393e+01 5.179096124610197904e+01 -1.147452234501156738e+02 4.523552414524020264e+02 -1.142850472543890880e-13
-3.635816813655278423e+01 -9.218292695624297650e+00 5.909627646157409231e+01 -1.477170826035173263e+02 6.211125919533735669e+02 -1.377987188309411638e-13
-6.893685174167939067e+01 4.592766551274378344e+02 1.738447455621601989e+01 -2.137377215773643115e+02 9.877135359359060658e+02 -1.799081142124373252e-13
-5.849988347435564151e+01 3.344479848767998078e+02 -6.278532319884303270e+00 -1.279136493991561991e+02 6.542003714809173971e+02 -1.465745379482217994e-13
-5.351418480711433290e+01 2.310626759028119466e+02 8.390034644451761281e+00 -1.184668159476007645e+02 5.727186067807135714e+02 -1.336400153292763000e-13
-7.444876380344304323e+01 4.546528117147529997e+02 -1.211038125171234547e+01 -1.535451757161836213e+02 7.754829018951595572e+02 -1.696165555070325428e-13
-5.440842958345334068e+01 5.075463768925949353e+02 -4.626363016717034782e+01 -1.007210169599231904e+02 6.003403553076429944e+02 -1.592720533218925993e-13
-1.591151993823178259e+02 1.071925128292554291e+03 -7.519197772494858611e+01 -2.162311577140239081e+02 1.147198578187082148e+03 -2.549099840582028636e-13
-1.205242407432849205e+02 8.776378431107032156e+02 -5.443363851512734897e+01 -2.056850219998254659e+02 1.086157034983879839e+03 -2.284080695601671462e-13
-6.178440912067586055e+01 5.022596277522439436e+02 -3.209126296025868896e+01 -1.322583239242764535e+02 7.254185125519669555e+02 -1.627290135028845130e-13
-3.341473674353057532e+01 -1.070536053637264331e+02 7.776798500531383240e+01 -1.724452958168446060e+02 7.396488922737902385e+02 -1.383493879280073878e-13
-2.593745002757477280e+01 9.317987543554976071e+01 2.250514362572602067e+01 -9.504789087713638196e+01 4.262244630946628945e+02 -1.208080068344090122e-13
-2.163014591174638568e+01 9.954506683710117443e+01 2.988202258315815030e+01 -1.166980462795366265e+02 5.198153700705030360e+02 -1.274196474276918530e-13
4.334886310159338230e+00 3.267430073316200634e+01 -8.461128169819018829e-01 -3.584291958076234152e+01 2.223603572262881016e+02 -8.898305251137295654e-14
-5.526668331445451798e+01 2.635718792944859956e+02 8.443532717273003030e+00 -1.253104684274892264e+02 5.944736046128383578e+02 -1.319532814911803848e-13
-1.108293944555022534e+02 7.750294960179527379e+02 -3.964073352597954170e+01 -2.050734982742950194e+02 1.062706313706462879e+03 -2.137036801090015001e-13
-4.211386271426656691e+01 2.282919174281997812e+02 -9.799938837626489985e+00 -9.309814605443668256e+01 5.207884777600249890e+02 -1.442844593295495369e-13
-9.369539184212902683e+01 5.935914850441234876e+02 -2.688949659804334402e+01 -1.766062841404395272e+02 9.230506206850868693e+02 -1.947903930466426768e-13
-2.218413232325018569e+01 2.245287096478370756e+02 -9.825005209190374345e+00 -7.766941035615316480e+01 4.199903239251854643e+02 -1.271772327913997629e-13
-8.856261970495167191e+01 3.317912366401756117e+02 3.285295953378528822e+01 -1.988259831399558095e+02 8.820910635612965507e+02 -1.698137004867418205e-13
-4.859607949738964372e+00 1.279820041007911442e+02 -1.144458311955076546e+01 -4.976406102009843835e+01 3.137777503237329029e+02 -1.140124767926787087e-13
-5.504650548778611352e+01 6.821720323098093104e+02 -6.967389281329587902e+01 -1.229547213986951419e+02 7.714157226396597480e+02 -1.877721392169970472e-13
-5.858255904681784187e+01 3.170182897920419691e+02 5.737125545993969844e+00 -1.612578378512199606e+02 8.141806441469079800e+02 -1.693487390439060910e-13
-8.014703658740417325e+01 6.171733216552069052e+02 -6.111656319809474525e+01 -1.278888169355746953e+02 7.975501856964586977e+02 -1.862333855958330488e-13
-2.114993623683419699e+01 1.608596720024754063e+02 -9.741541810955906655e+00 -8.989624358717601638e+01 5.484868539498419295e+02 -1.265013343976488949e-13
-7.800581328166524031e+01 4.021727027029996862e+02 -5.223217130502570971e-01 -1.632864776787828873e+02 8.053033625474952260e+02 -1.645555176539204547e-13
-7.281250272178185412e+01 5.424322298624874747e+02 -3.650208812443982964e+01 -1.416616010012904781e+02 7.873581065339224097e+02 -1.683693249036440938e-13
2.061710447051870787e+00 -9.448613908972843589e+00 1.671855949176478262e+01 -6.437154136664720738e+01 3.325634103741244303e+02 -1.008545586807344866e-13
-9.066134811930272974e+01 4.466000616688202172e+02 -1.469326320280054388e+00 -1.683448339701464249e+02 8.127021289461192737e+02 -1.620960357761828368e-13
-3.618949693685569713e+01 1.693247546472341369e+01 5.281579074015633068e+01 -1.223671235594277960e+02 4.717042708203157986e+02 -1.195270701177344801e-13
-6.735671542013012925e+01 2.607309587506087496e+02 2.787878187132632846e+01 -1.772366621417809256e+02 8.210952240388745622e+02 -1.586678424524757132e-13
-2.045887255049766207e+00 -2.896329485038303346e+02 8.214232151603471266e+01 -1.332818156727183236e+02 5.826119298760745551e+02 -1.074161353475286137e-13
-2.075867095864362355e+01 -5.116493093917968338e+01 6.484030746334566686e+01 -1.365505501650362987e+02 5.400786937247696642e+02 -1.207179450592434032e-13
-3.042199392608899799e+01 -2.803904340955406838e+02 1.255951008107363265e+02 -1.946368913857314737e+02 7.098008984127304757e+02 -1.130038708295616428e-13
-2.177552871592007833e+01 3.360245298268090437e+02 -2.248986024547950180e+01 -7.046701672692967122e+01 3.707320683116040527e+02 -1.465286198733185602e-13
-1.750530061922971825e+01 -3.816574842821345470e+01 5.662091799514634971e+01 -1.204366247386258379e+02 4.748643060445291439e+02 -1.099355352048684634e-13
-8.565652010889270684e+01 4.630949125415853587e+02 -9.601029419085236327e+00 -1.503032353409070936e+02 7.313948695414023859e+02 -1.651634204748643415e-13
-7.360433306635060546e+01 4.507712591172524412e+02 -2.568543488772210992e+01 -1.380361795311955291e+02 7.610777376508751786e+02 -1.558638210606491327e-13
-6.089037079564619148e+00 -2.159186380761733801e+02 6.635434024138714904e+01 -8.232620519079176802e+01 2.870091641068308377e+02 -9.841176573529236337e-14
-1.000587757724318294e+02 4.671251744030831787e+02 1.880001960921220672e+01 -2.264832930587522526e+02 1.058556028826728152e+03 -1.971879577149625097e-13
-3.671023771623821830e+01 7.181994551077907829e+01 5.036952217067046433e+01 -1.499534854345727695e+02 6.324733301632659277e+02 -1.303542399267618647e-13
-5.431755229032972210e+01 2.380936711839954398e+02 3.295271787914546024e+01 -1.724243897164379575e+02 7.728728432301198836e+02 -1.592800949920869483e-13
-5.028878598644835307e+01 2.847148889240619383e+02 -1.319815270539876462e+00 -1.152965827333256641e+02 5.741751066378341193e+02 -1.383117269102551108e-13
-6.613529501966472424e+01 2.979233161769448657e+02 -4.638811610777212380e+00 -1.185844824007788105e+02 6.078365834208926799e+02 -1.490659029803239932e-13
-1.101357510305366532e+02 6.640765457199611319e+02 -3.373227204260111733e+01 -1.715098216756834688e+02 8.808001155118699899e+02 -1.862705790431963581e-13
-7.699225525720262908e+01 4.650358493998547260e+02 3.339051562738792001e+00 -1.759331754588924355e+02 8.193398527763026777e+02 -1.745985814449588288e-13
-1.281898956944701062e+01 1.278291412002137406e+02 4.277498579623272512e+00 -6.287761187613080693e+01 3.012850082287286000e+02 -1.180091581996001173e-13
-4.359382390460975643e+01 1.471946022687274649e+02 5.538038021787704679e+01 -1.992659026519479823e+02 8.764419871399976500e+02 -1.579317211612737657e-13
-9.374988093756128293e+00 7.662325884990633540e+01 6.443209596214463986e+00 -5.128282801136909796e+01 2.471169306471732341e+02 -1.078614036172202217e-13
-5.844287214277125031e+01 2.741048573921440834e+02 2.185222123565784358e+01 -1.489216224578652543e+02 6.595231692383125619e+02 -1.380658886589727933e-13
-2.435305837635065629e+01 -1.858968598741992935e+02 1.071508802770127602e+02 -1.899719754133838592e+02 7.271493061879978086e+02 -1.175245381831655671e-13
-2.583366620679003844e+01 1.121799577787586344e+02 5.897078783096829824e+01 -1.991366519069034950e+02 8.783157198077846033e+02 -1.764229686912604494e-13
-4.682728449345143673e+01 1.089682605883678974e+02 4.056680987210372535e+01 -1.460516073046572103e+02 6.417454205317437754e+02 -1.381890985375638372e-13
-1.221800091227539831e+01 -5.518688303317261123e+00 3.920826545231825122e+01 -1.036344752309954771e+02 4.494933777591067496e+02 -1.029459042435620903e-13
-5.583917591982284989e+01 4.638564705314842058e+02 -1.740127678552365609e+01 -1.489127171929382314e+02 7.714802095143430734e+02 -1.781776126452945110e-13
-4.792578421364824948e+01 2.693963561172119512e+02 2.307255021169459752e+01 -1.498159695678040464e+02 6.611776896437895630e+02 -1.435384450551534521e-13
-3.307667447889217982e+01 3.299546176694246924e+02 -2.761676795459107225e+01 -1.039489929101598875e+02 6.331544758358729723e+02 -1.670763945643537537e-13
-1.548176538986008097e+02 9.204026816113761242e+02 -2.734534890586160572e+01 -2.852829498849341689e+02 1.416219510796684972e+03 -2.509731521391810422e-13
-2.824925457582325450e+01 9.538942567569368691e+01 1.131105316601338551e+01 -1.016952693099308362e+02 5.410352748146211752e+02 -1.448702334542663675e-13
-6.461194833032551799e+01 4.181261464381982478e+02 -1.782416121370488682e+01 -1.263508524411842586e+02 6.561444046315523337e+02 -1.655490099948313585e-13
-2.163439875754724895e+01 2.337810696957785126e+02 -1.217801975563606121e+01 -7.758007717717954677e+01 4.276653917325709244e+02 -1.392427279048807767e-13
-3.257841014735215168e+01 1.456739961836576924e+02 -2.799725513960190870e+00 -1.169128731395457805e+02 6.967962564981775131e+02 -1.454982725949688347e-13
-1.416259852886270494e+02 8.853991831067925204e+02 -4.566639849503383175e+01 -2.424927285446413805e+02 1.271713449939774591e+03 -2.377475758500348448e-13
-8.298527286321552765e+01 3.946759813526714993e+02 3.558627071843285972e+00 -1.829274247694336282e+02 9.167068998215197553e+02 -1.833258422893537168e-13
-7.491833228080559515e+00 1.142938431368876309e+02 -2.653222691208761308e+00 -5.229728424853279733e+01 2.845304579148453854e+02 -1.107939304949563480e-13
-6.762286670295473812e+01 4.330829106843374348e+02 -6.395360254749912876e+00 -1.590505897017707753e+02 7.917319362330935064e+02 -1.617843794316869711e-13
-8.589654372792163883e+01 5.850457190255824571e+02 -2.952333906301918276e+01 -1.871470101784219082e+02 1.017082249001495029e+03 -1.920228540110370878e-13
-4.577729532155068881e+01 3.284814174279579220e+02 -4.489899430676199010e+00 -1.334542802613969172e+02 6.843746179911864829e+02 -1.540976811525143304e-13
-6.768977236618661664e+01 5.025164337606422009e+02 -2.862605868262398090e+01 -1.571085380196473125e+02 8.700872146185919291e+02 -1.712206441388823694e-13
-2.783415691164530514e+01 9.229588438769184222e+01 3.681553505865405640e+01 -1.490136545778579205e+02 6.979652361186742837e+02 -1.435428153788221054e-13
-4.218447368270809505e+01 -3.113965194533087555e+01 6.584554219578870971e+01 -1.513898899321761178e+02 6.186708395161058434e+02 -1.166360188860720385e-13
-8.229402066379950753e+00 -1.619529364363509316e+01 3.912955860583370793e+01 -9.579022222719228807e+01 4.051142635270290384e+02 -1.109424444905307316e-13
-7.074449555137890400e+01 4.243710796523170643e+02 4.557788032453299110e+00 -1.824854919368572723e+02 8.854900607543117985e+02 -1.701901658887570694e-13
-2.742799467181641759e+01 8.216169034202073362e+01 2.493975577580886238e+01 -9.030331958335088416e+01 3.868270923453613364e+02 -1.106994859595793372e-13
-3.511577447599543689e+01 1.146416857359741783e+02 3.353691362455690239e+01 -1.236274768774568571e+02 5.318723533945430972e+02 -1.248454735793248520e-13
-3.432936496318017561e+01 3.259435821666369293e+02 -1.841027803659426709e+01 -1.018936281776710473e+02 5.632797221893169990e+02 -1.588638284473573740e-13
-6.631218253556491504e+01 4.539432211070988501e+02 -1.685115021336423524e+01 -1.380881510962112486e+02 7.024727262185908785e+02 -1.560515174231371638e-13
-8.567088683142482353e+01 6.291699641818843247e+02 -4.563152704666640602e+01 -1.521914993788124661e+02 8.528644161535477224e+02 -1.734033198406234211e-13
-5.986956414754485678e+01 4.548412930840033255e+02 -3.915018714765715657e+01 -9.739230720624399851e+01 5.711361393405132958e+02 -1.612371172303835436e-13
-7.516401156138535100e+00 -1.406760521642086736e+01 1.913492257430162979e+01 -7.138095157894109377e+01 3.675977185093832418e+02 -1.107069844439664772e-13
-4.874106031173246123e+01 3.094099193530409480e+02 -5.902419579433643371e+00 -1.029180564281820551e+02 5.021617918649686771e+02 -1.398559210512321288e-13
-6.074276234040166145e+01 3.630187761043134742e+02 2.593671214706435535e+01 -2.308777129294215911e+02 1.118932679044185988e+03 -2.054034022547934584e-13
-3.863964359501044754e+01 8.870164899360578659e+01 1.832942758158291241e+01 -1.036069690051642596e+02 5.138240074351572275e+02 -1.233800340900888058e-13
-1.898883097042259038e+01 -6.032068568981443946e+01 5.220861023654863686e+01 -1.010512183088959119e+02 3.891124255788246842e+02 -1.053686842035944670e-13
-3.264806120830036207e+01 2.821803448303910500e+02 -7.291926496944018954e-01 -1.212856933184077377e+02 6.125184556854819675e+02 -1.635575876409607929e-13
-4.485587269646674713e+01 1.753962789814462440e+02 4.136447033641477589e+01 -1.775518311797853244e+02 7.995475014781612799e+02 -1.625694880317485836e-13
-3.039008139556974797e+01 3.900199491636847142e+02 -2.857707749854882806e+01 -9.509094399875009174e+01 5.355767556612345288e+02 -1.425832591719627759e-13
-6.626139921435239444e+01 2.994074650584710753e+02 3.905472391248950004e+01 -2.054892172912554145e+02 9.109584119268238283e+02 -1.698178802812990700e-13
-3.468986884849729080e+01 2.467042557384399686e+02 -1.345373266927360589e+00 -9.188124518272195473e+01 4.448767450592187629e+02 -1.314824545134594265e-13
-1.523502999820073533e+01 8.641067905343450661e+01 1.555024441430231086e+01 -1.139977193171569638e+02 6.031782474886465479e+02 -1.263001013765690289e-13
-4.694291778317150232e+01 3.255100234472237162e+02 -1.785133681453284282e+01 -1.049934816981052563e+02 5.808564100889424253e+02 -1.556129785770474222e-13
-5.822538222726643653e+01 5.276097379660276374e+02 -4.996104460531436331e+01 -9.375453195279271768e+01 5.624453277019792949e+02 -1.586620140038325825e-13
-3.368909243279177446e+01 1.842357052656425935e+02 5.750674093872693682e+00 -1.138959769626345633e+02 5.933483875350181052e+02 -1.401430177294203016e-13
-7.699742078313478011e+00 2.149723239210851773e+02 -5.843384631630001991e+00 -1.055356342029617167e+02 5.888436581242785905e+02 -1.441194945573076856e-13
-4.448395210294762592e+01 1.407409687147108173e+02 4.264306080391577325e+01 -1.580058693472360289e+02 6.854361976328575565e+02 -1.374459264465299811e-13
-7.829765056229656572e+00 5.557508538435679490e+00 2.593190492361864585e+01 -7.535933217163082531e+01 3.363455185513304286e+02 -1.121344558123195558e-13
-1.130381458039755529e+02 8.034495248213597733e+02 -6.002927472470076964e+01 -1.627223659702588634e+02 8.877529808414511763e+02 -1.937118297976443549e-13
-8.512929103471626036e+01 5.314021838458131697e+02 -1.582741566385856657e+01 -1.780429883587342204e+02 9.075522045463500262e+02 -1.734715304662952082e-13
-2.158759804028399287e+01 1.826294345797426217e+02 -2.273140611021547297e+00 -6.531719983898227611e+01 3.193634265474471476e+02 -1.221205989465216810e-13
-6.296125960088781426e+01 3.330122433260072512e+02 1.253481655967632946e+01 -1.532126419640052006e+02 7.047607183308343792e+02 -1.610499988294269029e-13
-3.544651805318182625e+01 2.860467451751572412e+02 -4.450913481695033980e+00 -1.145685903596545074e+02 5.883692671256636686e+02 -1.454455043796118107e-13
-8.341113226288172200e+01 4.142464678370889146e+02 1.605678346847357929e+01 -2.075973014430684032e+02 9.880626385621039844e+02 -1.863981928795322907e-13
-5.239886877021547207e+01 3.088374901286573504e+02 4.377575894593615402e+00 -1.441407942607397104e+02 7.138344291398987025e+02 -1.679967424615338738e-13
-2.604681573852080589e+01 9.128426873548414733e+01 1.826145595203423255e+01 -8.564900841652007557e+01 3.916293722440731244e+02 -1.120435199514686133e-13
-9.058524503679967665e+01 7.300751024002180429e+02 -6.819426732000952995e+01 -1.435003244722267937e+02 8.648252040571047701e+02 -1.925239716430800358e-13
-2.204335787632763299e+01 4.846301220583774239e+01 2.692031919929867811e+01 -9.984507143272750795e+01 4.630685837969606951e+02 -1.231012590264399996e-13
-5.675103447719311411e+00 -2.801071043334814092e+01 1.595499825203127386e+01 -6.955042874608146519e+01 3.859278515640439196e+02 -1.110068055359224373e-13
-5.619121619431103198e+01 2.771081602127459860e+02 -2.872794952316889194e+00 -1.286945208085996342e+02 6.797974218197399523e+02 -1.479154298286517799e-13
-7.682937861539558355e+01 4.408434799106531159e+02 -3.074159286265768642e+01 -1.312371637271901363e+02 7.550767526083841403e+02 -1.740345646161132188e-13
-1.349035067703649560e+01 3.776162500999714844e+00 1.060324266550473205e+01 -5.877316316489466885e+01 3.243931349024767883e+02 -1.062466015526302356e-13
-3.023206556127170685e+01 1.342858932128264655e+02 2.580343867589704487e+01 -1.091904903663067330e+02 4.699299403640570745e+02 -1.187327643450368771e-13
-3.591599468805174666e+01 1.707896132175834936e+01 4.757234599583833301e+01 -1.210533120139237298e+02 4.963704756624692891e+02 -1.163366569562671184e-13
-1.471692916282752606e+01 7.631874051709895923e+01 2.865445860703219338e+01 -9.945681330890364791e+01 4.288548472229708750e+02 -1.196646019953049614e-13
-4.849717723980012352e+01 2.758221317028022099e+02 -9.028680967522422662e+00 -1.170582965040200207e+02 6.419681973117158122e+02 -1.413372566363548020e-13
-3.554613271397297325e+00 -1.983978437870293305e+02 6.587259964608911389e+01 -1.139085799434687800e+02 4.895366515925973090e+02 -1.045236362965521706e-13
-1.250306907611045091e+02 8.278474377691143218e+02 -4.544673405261936239e+01 -2.161626122282057736e+02 1.135620661872840401e+03 -2.198157224949576525e-13
-2.649632226592360595e+01 3.550935512214685730e+01 3.726848851807720564e+01 -1.116396195466156627e+02 4.855665546536606598e+02 -1.220694707215241280e-13
-4.578917031234453106e+01 2.899486345786365291e+02 -1.004787883424395645e+01 -1.165896001319197381e+02 6.349589161926625138e+02 -1.609213643838851284e-13
-4.181957131205398781e+01 2.553460841670941193e+02 1.188252793949288844e+00 -1.342698392417201489e+02 7.072585345158520340e+02 -1.468444779058940411e-13
-8.960817283603409678e+00 1.638519231841060844e+02 -8.439642813065068694e+00 -5.830765978407792005e+01 3.255728985568483722e+02 -1.148785682595853125e-13
-2.827348752865936987e+01 1.899084954180210048e+02 -1.016919139308645903e+01 -7.503316738699729171e+01 4.299374023102174647e+02 -1.231492026515688559e-13
-8.737427357766974012e+01 1.549788097200195693e+02 7.588584203884484225e+01 -2.705118592374025184e+02 1.218275162203439322e+03 -1.807493168362544155e-13
-2.278179431552466383e+01 -1.008688240224896004e+00 2.567071658438212012e+01 -1.018923372992551890e+02 5.212295890640496054e+02 -1.174997708552715406e-13
-6.898908630622437421e+00 1.574525279610228097e+02 1.477772062278186915e+01 -1.091712657695942426e+02 5.234275797871704299e+02 -1.303000359839521496e-13
-4.660078124640940445e+01 1.156710324055179342e+02 3.574014628584333764e+01 -1.452692017919016791e+02 6.624905922287759950e+02 -1.509295018370037881e-13
-3.241664875174117100e+01 1.079213848404108944e+02 1.673846210376919785e+01 -9.618488007953565955e+01 4.599856894031156003e+02 -1.105788855720921010e-13
-6.036726978530103871e+00 -1.220516615295645977e+02 4.279667779015067453e+01 -7.253932439172787383e+01 3.031571187020401226e+02 -8.709527837186085878e-14
-2.851490965787789023e+01 1.962090319074755200e+02 -7.252056587684643674e+00 -8.593304975163043480e+01 4.798859033573507986e+02 -1.328831682282583245e-13
-7.435922630865077565e+01 4.747362996082725886e+02 -2.813194572111450142e+01 -1.283807097860205602e+02 6.942175605774440328e+02 -1.604266641710564965e-13
-1.280725638733899245e+02 6.749171498718534394e+02 2.967619397496558675e-01 -2.786120670987758103e+02 1.374769403797202131e+03 -2.159776922500233586e-13
-4.979393737643528084e+01 1.273057774710591303e+02 2.678310808533413123e+01 -1.497602603091667959e+02 7.415340951058459495e+02 -1.395318442694334186e-13
-9.841010913794747239e+01 4.819438537732829673e+02 3.534049951896424790e+00 -2.035418490685363508e+02 9.912656286772286194e+02 -1.790104412755078932e-13
-1.731503602871985592e+01 -2.340892379505624987e+01 3.327141852150885626e+01 -6.931499949877463962e+01 2.699746668342925204e+02 -9.056204622893963241e-14
-6.352513137962000656e+01 2.978152469038087133e+02 2.694958921574914612e+01 -1.831849484008117201e+02 8.397638950711414054e+02 -1.583178709866557165e-13
-4.492400550890310029e+01 1.849587053396656700e+02 1.450949299104346224e+01 -1.260199572753472239e+02 6.181880047076194842e+02 -1.428431126168232113e-13
-2.461741364575707181e+01 -3.496191560074279892e+02 1.661650313328205755e+02 -2.571460513637043164e+02 9.209442002280205770e+02 -1.247650599646898420e-13
-1.433263632213388838e+01 1.063407118609366933e+02 5.198941716435275140e+00 -7.761811565615616360e+01 4.102846028823321376e+02 -1.125537205977975159e-13
-3.040758672365875626e+01 1.155401415228730713e+02 1.043812753454273157e+01 -1.062785010306859590e+02 5.626213788831239526e+02 -1.305765526613554362e-13
-5.753411128777216987e+01 3.536160367283405890e+02 3.342208827322765696e+00 -1.522920369048484872e+02 7.423345775667568205e+02 -1.614509473931980334e-13
6.117006288182096796e+00 -1.186863831244742897e+02 1.745750099937003341e+01 -4.209620327464823930e+01 2.584195443756454438e+02 -8.793295381864011627e-14
-5.692156163554088266e+01 5.156317805836225716e+02 -1.881134337163977577e+01 -1.646990956643114430e+02 8.485662500310029372e+02 -1.802349782207908889e-13
-4.460301620291132707e+01 3.488466709712398028e+02 -2.356316926016265967e+01 -8.208314162108906942e+01 4.462747902676956642e+02 -1.345502114184752974e-13
-1.144594160307984225e+02 7.631080534694941662e+02 -3.324490921465547189e+01 -2.126326822444867162e+02 1.081302511312788511e+03 -2.180291551941845240e-13
-2.731803495037332663e+00 6.861293432854753860e+01 3.110990452407047258e+01 -1.053052742876974435e+02 4.581041134909653465e+02 -1.247258216616009840e-13
-7.836990278695839152e+01 4.830677516192899361e+02 -1.334216438714159025e+01 -1.640306538501010891e+02 8.329709497265714617e+02 -1.723953240156828943e-13
-2.256705528109658587e+01 9.561113948458472578e+01 1.066868608190079115e+01 -8.109480805524592029e+01 4.064932002143844443e+02 -1.227995565871043099e-13
-5.257477738379424892e+01 7.133754333891185979e+02 -6.776580813977312800e+01 -1.284982838260317237e+02 7.735041849699878185e+02 -1.757685834108757424e-13
-1.914818891224089370e+01 6.158931709212509986e+01 3.496322135628048500e+01 -1.209094373756799428e+02 5.434794778962303781e+02 -1.271241637527905309e-13
-5.862302579138800951e+01 -3.371930202228651030e+00 8.998252149181075765e+01 -2.038950013419934066e+02 7.965360460847477952e+02 -1.343331075263793882e-13
-5.678171868059651928e+01 1.448791494698025701e+02 4.419845407296717354e+01 -1.728002767317785242e+02 7.718857016003931903e+02 -1.439402310148083007e-13
-1.952318287213273251e+01 -2.103394801318790996e+02 1.039312039164314427e+02 -1.640798540911162604e+02 5.916918134125594406e+02 -1.105068849573827928e-13
-5.141988445059241286e+01 1.026632731943956998e+02 4.925303363918572330e+01 -1.536704059917791483e+02 6.419315047519140762e+02 -1.453220361699892184e-13
-8.480227688932907881e+01 5.429572403332374506e+02 -4.084836877071791150e+01 -1.360008837459182871e+02 7.767716471642687566e+02 -1.767031974264401997e-13
-5.424963418468495746e+01 3.644512277295077070e+02 -1.897258478670432069e+01 -1.070724127960511254e+02 5.733766603674212092e+02 -1.440279005567246294e-13
-8.468942332107589621e+00 1.913882648483970286e+02 7.374687221050233887e+00 -1.076172688270256685e+02 5.354671641902334613e+02 -1.273070802500109835e-13
-1.298039532814603376e+02 8.345550274798099508e+02 -4.525554070529799588e+01 -2.059091090392561227e+02 1.060527667041586938e+03 -2.056038740117559199e-13
-1.166790047735961480e+02 6.205126222726905780e+02 -4.069046153408507394e+00 -2.161061519957504800e+02 1.022542764093022356e+03 -1.910446083579647731e-13
-1.561862035015776407e+01 -1.853939118091342380e+02 9.562720040079543082e+01 -1.687416515540753039e+02 6.579071062477780742e+02 -1.275274163276310981e-13
-7.663003649784967308e+01 8.238211729482050316e+01 9.258615737643398802e+01 -2.429751892202125703e+02 9.795079325946554718e+02 -1.480508234000079590e-13
-5.673122362240270178e+01 7.953689985549702612e+01 5.507638811357990960e+01 -1.578177194065035849e+02 6.495005864828033282e+02 -1.361018210633094473e-13
-2.806695164280585075e+01 3.183329517051310518e+02 -2.020755581327377826e+01 -8.847272196483532980e+01 4.901686322866323167e+02 -1.477743474292742915e-13
-2.571789104673048953e+01 8.307294039592137835e+01 2.354655132279309626e+01 -1.138176436183151594e+02 5.531721442379370046e+02 -1.311615499375468335e-13
-3.906947196791126942e+01 1.770616162098505413e+02 2.358364773860697383e+01 -1.276642296657742861e+02 5.768922764446321025e+02 -1.349908472100006987e-13
-2.458907011400181730e+01 4.315778574987389504e+01 3.572639678804335261e+01 -1.110444993629705124e+02 4.858235623224702522e+02 -1.177340301739098903e-13
-1.179325974891769846e+02 8.352086548615932315e+02 -5.475386301558346247e+01 -1.926954594846543216e+02 1.032089362479054444e+03 -2.142784081104665333e-13
-4.903617677049498980e+01 2.665702481512389568e+02 1.073374024528302151e+01 -1.307991925428941329e+02 6.144901125955288990e+02 -1.377308997925022425e-13
-6.295831041982199139e+01 5.523123784088985531e+02 -4.671826596105538698e+01 -1.072558821147289336e+02 6.142608243978894507e+02 -1.642115660089632747e-13
-1.586159096246861111e+01 -6.792506219244455679e+01 5.426111879405843297e+01 -1.091397315518937035e+02 4.359294052685160636e+02 -1.198431772102818927e-13
2.160783556282331652e+00 -5.582593792915245956e+01 4.298059968271574149e+01 -9.580574586804580406e+01 4.096860779675050139e+02 -1.031596849263149632e-13
-3.756545058853598817e+01 1.886482849829259294e+02 2.998415555276775279e+01 -1.452254178057636977e+02 6.454104512457664669e+02 -1.469269938489057065e-13
-1.597410048687877726e+01 -6.100790792718369460e+01 4.930058716882813030e+01 -1.017377434179246904e+02 4.128716905395666004e+02 -1.042804331644269637e-13
-9.990979307896230566e+00 8.912256367378897437e+01 -1.734663520798698499e+01 -3.822600828937876116e+01 3.026182810697079617e+02 -9.904834871816258412e-14
-5.062072683959249275e+01 1.264740847360238831e+02 2.763236708155731591e+01 -1.200941287289194861e+02 5.372584563410932788e+02 -1.287046448097139132e-13
-5.080499033588215951e+01 9.533602986602254248e+00 6.056678087124774379e+01 -1.675637172676144360e+02 7.313231683306120203e+02 -1.319734590469207465e-13
-1.289386537915430431e+01 2.748856764880008896e+01 1.754618379569815190e+01 -8.344497976256954530e+01 4.283202565841804699e+02 -1.186736718176195830e-13
-5.038843493886361813e+01 1.785050105732037764e+02 3.307624568122779607e+01 -1.471878461321776399e+02 6.462464947741166270e+02 -1.416657432462547899e-13
-1.091035286853101667e+02 4.782923309542863990e+02 1.139463490158825287e+01 -2.133310420050915752e+02 1.009383209515088879e+03 -1.950129958194744803e-13
-4.951062004747743828e+01 -3.489166409590149698e+01 7.056030611613492454e+01 -1.560793941597995627e+02 6.227397423087209063e+02 -1.206121090746115456e-13
-7.294089149601789757e+01 3.603772791995949092e+02 5.528930185060926483e+00 -1.417852947203956546e+02 6.527097248374990386e+02 -1.552198243540613986e-13
-3.273097289065425031e+01 3.533110662756117222e+02 -3.216511684966766893e+01 -7.224084222759404383e+01 4.319538723769385342e+02 -1.371894012004031529e-13
-6.172306053971119155e+01 2.268535794100567671e+02 2.885305879633921577e+01 -1.678271376800683754e+02 7.765090251706583331e+02 -1.462439695258888864e-13
-3.762843543481140784e+01 4.639867762427368092e+00 5.190119017243613087e+01 -1.478164787232290678e+02 6.577028885349104712e+02 -1.348992788228264053e-13
-1.346174859583650196e+01 -3.667367770303295629e+02 1.464730199371709318e+02 -2.088966103596363268e+02 7.353671545151629516e+02 -1.041569623557253133e-13
-3.277160450403845005e+01 -1.753542484301681270e+02 1.106092612630635443e+02 -1.965854326012310480e+02 7.416911404655088518e+02 -1.310419924747808304e-13
-1.283967113013099492e+01 -2.381388713027505162e+02 8.428830336596723782e+01 -1.401371048060574367e+02 5.770697856509493704e+02 -1.169786209457495806e-13
-2.194560496874587230e+01 2.290199389421530327e+02 -1.621442086184616826e+00 -9.804263365586966472e+01 5.010763925861078292e+02 -1.334907909422529431e-13
-3.903703400376865584e+00 -2.860223818612803939e+02 1.013939289453708739e+02 -1.526245355863572399e+02 5.866078224115465218e+02 -1.107414801931745690e-13
-2.297437876358815245e+01 3.899057773214078679e+02 -1.546366277240709408e+01 -1.276387353637781388e+02 6.704308499404343138e+02 -1.507633535187703820e-13
-1.047755701791534761e+02 6.743734197980191993e+02 -2.944335703821690942e+01 -1.822102821364919407e+02 9.176763458681190286e+02 -1.923746065124648280e-13
-9.144814076575312356e+01 4.577558748417012566e+02 -3.461569733256633086e+00 -1.794878123466735644e+02 8.921792503840349582e+02 -1.603622109088824733e-13
-6.542749214933873247e+01 3.194077717294318859e+02 2.815549399240489237e+01 -1.804182988321057337e+02 7.975527428963570173e+02 -1.557198635785446784e-13
-3.595886437555224546e+01 2.121258677591179378e+02 2.391537947146689547e+00 -8.686011294124459425e+01 4.126026845487823493e+02 -1.268890655081745147e-13
-4.009464713765008526e+01 2.395339958588635909e+02 -1.084931811288189607e+01 -9.285910058717139748e+01 5.176381730020365239e+02 -1.320889344730952816e-13
-8.880937891509761073e+01 7.779302777367760200e+02 -6.285155482020889650e+01 -1.727884901754632097e+02 9.922862537624407651e+02 -2.050383588672409969e-13
-1.011969604167982340e+02 5.539515469160842258e+02 -7.526658795191259799e+00 -1.961781797932166285e+02 9.596867020259775245e+02 -1.914804497405128160e-13
-1.040234134584931667e+02 4.330246094288006020e+02 2.528483755052377902e+01 -2.217185941398600733e+02 1.010042426056805084e+03 -1.882794628375615575e-13
-3.406666193052208058e+01 2.646916155823445251e+02 -2.100622522185363295e+01 -6.204714270642425333e+01 3.570845760554835806e+02 -1.233605509360363047e-13
-5.177455157676423170e+01 1.100536094809769772e+01 7.876289467101426567e+01 -1.924291090240294579e+02 7.807858862360142211e+02 -1.385632408778494788e-13
-6.312565904679888540e+00 -1.951299922967201894e+02 7.332640165194978010e+01 -1.106144895711709637e+02 4.172135520934085093e+02 -9.350094586091072026e-14
-4.223521665415901793e+00 -2.058065340858235004e+02 6.105153296105047644e+01 -7.588446606082335677e+01 2.702508989408430011e+02 -8.644482466542986956e-14
-1.417614456861658567e+01 -1.265999056670245864e+02 6.811061688201793629e+01 -1.248178404541047684e+02 4.957250748542911651e+02 -1.165473770824353382e-13
-8.028887371282882768e+00 4.101524257576577526e+01 1.157827357118026690e+01 -4.808113859038432736e+01 2.188711044440944988e+02 -9.445395250760373162e-14
-9.200533194403102755e+01 3.950778222704299196e+02 5.466557582385502378e+00 -1.734109400787343418e+02 8.402039319649187519e+02 -1.607310985911943540e-13
-4.811866305406246624e+01 3.590818991457310858e+02 -1.481982570691927137e+01 -1.048579038909144003e+02 5.358217885907150730e+02 -1.478436090561662698e-13
-3.197592526631879650e+01 1.331734435271808081e+02 1.591598695347330228e+01 -9.600734168639088750e+01 4.454897429373031628e+02 -1.146837785742005296e-13
-2.897026804052231341e+01 -2.979772504084666025e+02 1.329576465308346087e+02 -1.866127767553342949e+02 6.216022996766357664e+02 -1.074510836280709333e-13
-5.626043441585209592e+01 1.856208810442560093e+02 4.054080602115744369e+01 -1.809023306210324336e+02 8.198312911089494719e+02 -1.495966370740063934e-13
-1.286685937334505638e+02 1.782504076280285119e+02 1.415821024128902081e+02 -4.106189848900795027e+02 1.722027705837291705e+03 -2.214341574853768750e-13
-1.017895515168863518e+01 -1.727913193119910886e+02 6.864274114153039363e+01 -1.250931075936196066e+02 5.281406595264688804e+02 -1.182636429241264490e-13
-5.219699412078403356e+01 2.396349309656623632e+02 2.960096914490889120e+01 -1.771474806129162971e+02 8.249746093721518037e+02 -1.507678058737519644e-13
-7.939774759438317631e+01 4.619271301513315393e+02 -1.568375622313663698e+01 -1.452567320537513922e+02 7.373122116619700819e+02 -1.620416501480994867e-13
-3.646286751674379900e+01 1.569836595748030277e+02 1.102799315103339595e+01 -1.031315789515415986e+02 5.072008871092224922e+02 -1.379924857677620707e-13
-4.204245076950302007e+01 2.251495512915648192e+02 9.076090950926209544e+00 -1.246615259342531914e+02 6.143176039469066154e+02 -1.378659593776173392e-13
-2.883046824812554476e+00 1.559551877131249853e+02 1.679601283366479691e+01 -1.147122821356310425e+02 5.488451865416416240e+02 -1.350477266435223666e-13
-3.508561378769322658e+01 -6.927706382590200107e+00 5.086943250886685775e+01 -1.430969256739714695e+02 6.410947115863787076e+02 -1.361397506447257392e-13
-2.061432616823098130e+01 2.208488855039479120e+02 -1.239730259885898178e+01 -6.334210801445867389e+01 3.428616240276209624e+02 -1.236318906185805959e-13
-5.701738766463146391e+01 3.617192826784616386e+02 -1.587299077706986239e+01 -1.105133846999471530e+02 5.786534921105381954e+02 -1.558698063078769050e-13
-7.450941799597057980e+01 4.359809482469526074e+02 -1.200806321088690343e+00 -1.744273037321891309e+02 8.596840722785690332e+02 -1.702084559565817663e-13
-1.670089810340602199e+01 -1.297822314918198217e+00 3.710615022208506986e+01 -8.869715496428530344e+01 3.594387751062702137e+02 -1.179042910368176895e-13
-8.690362544344704077e+01 7.015349880435225032e+02 -6.546712203833745036e+01 -1.359725632897182095e+02 8.177296625986741674e+02 -1.822604654238641618e-13
-1.562492160431120283e+02 1.235932457985376004e+03 -8.036420911488650631e+01 -2.956645490789079531e+02 1.593742918633092586e+03 -2.783035055932749777e-13
-1.971819701363871147e+01 -2.411015002492949577e+02 8.908418520291537845e+01 -1.308042178031496121e+02 4.857661700067007473e+02 -1.008638428579611081e-13
-2.218113609943302222e+01 1.170951529492702008e+02 -4.233371720833320140e+00 -6.646421639649744861e+01 3.878413266342959105e+02 -1.150534734538540183e-13
-1.917096119473093907e+01 1.892366780455339992e+01 1.862915470586076339e+01 -8.801473663264540903e+01 4.584013034518371228e+02 -1.121728548206059118e-13
-2.012121112880419815e+01 -5.261256967126811901e+01 4.568710531798133445e+01 -1.028985440718614228e+02 4.376604065403909090e+02 -9.635413731307286165e-14
-7.414866808294363842e+00 -3.192455788653552418e+02 1.032777200371728838e+02 -1.323016265419601325e+02 4.623408657254801142e+02 -9.545179113466669667e-14
-5.190439904334488830e+01 1.623644447105783115e+02 2.168460142886857511e+01 -1.297561382744452203e+02 6.139379139972166968e+02 -1.348415866427908648e-13
-8.751957784771472859e+01 3.914315758350378474e+02 1.204977445862615859e+01 -1.908205139839235187e+02 9.177361540471375747e+02 -1.844969532099863754e-13
-2.198046756299574511e+01 1.212675880918356341e+02 7.279873665078795852e+00 -8.738990242573754585e+01 4.516634175281951684e+02 -1.400954290565918338e-13
-4.755222628437033450e+01 2.858798358258566736e+02 1.515744219299951823e+01 -1.572590038323600652e+02 7.498227738970484779e+02 -1.487070440496695669e-13
-5.631537375004861445e+01 5.265487950668049422e+01 6.754311258279841468e+01 -1.771353608508984223e+02 7.192424579279428372e+02 -1.495763598388821943e-13
-3.975345117575596277e+01 -5.723940141343736343e+01 7.909815188000392538e+01 -1.796232135009474291e+02 7.427401551800758170e+02 -1.416535064515983513e-13
-3.669041251082551724e+01 2.410297380905366822e+02 -1.505804686570809992e+01 -8.479252678822879830e+01 4.892816170499574469e+02 -1.294613838231036737e-13
-2.628593417177814118e+01 -6.255581541863654138e+01 6.791593176494366446e+01 -1.471636831156930327e+02 6.000962856598898725e+02 -1.268552775820746252e-13
-6.706775326376852142e+00 9.730890072858046835e+01 -6.233429100459474625e+00 -7.260339965914667459e+01 4.564872497181750077e+02 -1.318032466678290815e-13
-5.003700614856355600e+01 5.258691709267325365e+01 6.242897757027078853e+01 -1.691257577398816636e+02 6.982220700513678366e+02 -1.378648706753424572e-13
-7.445086559481488564e+01 2.499463130967760378e+02 4.229539714765395786e+01 -1.958817389587735249e+02 8.619778746861227319e+02 -1.593100658382035736e-13
-2.982026571120577341e+00 1.057462124418034506e+02 6.879807249435616612e+00 -7.444007464820923303e+01 3.785829116636815570e+02 -1.174644231006019332e-13
-1.028766978519550079e+01 1.621998280264822512e+01 1.895223976413134670e+00 -6.271328592724752582e+01 3.975415798384043455e+02 -1.335596169314319076e-13
-1.718694772752177613e+01 -1.671359225216249911e+02 8.454339415005314606e+01 -1.398341348955597709e+02 5.211726755055871081e+02 -1.043104223554336493e-13
-7.949299961442221729e+01 6.007381567655106664e+02 -2.714112565715744196e+01 -1.574711639537133010e+02 7.907620674188218572e+02 -1.867716085275596127e-13
-4.125585771881608821e+01 1.260252802765933922e+02 2.224450156588716965e+01 -1.050855583867677723e+02 4.712188201424979752e+02 -1.277405261689139390e-13
-2.801052098766531273e+01 -7.590544060053586861e+01 5.895457076941218588e+01 -1.367835649667362929e+02 5.975660854205415262e+02 -1.163468115418144375e-13
-2.615168596952556967e+01 1.289390690687983181e+02 9.130527111958503639e+00 -8.428227507655729767e+01 4.132669619752433050e+02 -1.200535165563595661e-13
-3.949701995374016406e+01 2.804402430107789996e+02 7.380255730516151580e+00 -1.245514114832216421e+02 5.837780150316845038e+02 -1.474435542454175100e-13
-3.120272572249048082e+01 2.279336598010233388e+02 1.771189844413610359e+01 -1.479124366885081372e+02 7.132355333143636926e+02 -1.556659602649685103e-13
-4.968692579079385041e+01 4.953606321613401775e+01 5.188881148107282826e+01 -1.616582110924434232e+02 7.178168340439881376e+02 -1.378855174983980530e-13
-3.179465224787420752e+01 2.446144998970572999e+02 9.866892891650742570e+00 -1.434377966270807008e+02 7.211640848507832970e+02 -1.564260950657017872e-13
-1.350834229628419614e+01 1.150279833910167895e+02 -7.294997958571284080e+00 -3.484018478075767433e+01 1.963774617110271663e+02 -9.419213198717152667e-14
-1.826138776194661162e+01 4.912857807157305956e+01 3.017932892370521003e+01 -9.684017197678568323e+01 4.214893389539432178e+02 -1.115797329455552629e-13
-2.442501681174047334e+01 -3.030723628893453814e+00 3.153460291811468252e+01 -1.165576831578679560e+02 5.837281889194350697e+02 -1.277656793577024485e-13
-2.531102162512722487e+01 -3.901403829210180163e+01 6.137462363752889161e+01 -1.380949954737933467e+02 5.637370104108473470e+02 -1.202765190370434645e-13
-5.868736768514661861e+01 2.089945921531325439e+02 4.216478417881980079e+01 -1.708452355700771932e+02 7.246170833439423404e+02 -1.399968350984282626e-13
-3.166953910550782680e+01 2.947555081436084379e+02 -2.268022666739909710e+01 -1.039511820209937838e+02 6.274198198844915169e+02 -1.494952165866028732e-13
-2.218932140702657207e+01 2.009324662639105554e+02 -4.646623083529711096e+00 -8.423324061991485223e+01 4.482849634835580446e+02 -1.258732500159636729e-13
-1.270535168089663358e+01 -9.189835081836041297e+01 5.117647514283998333e+01 -8.826400572868405447e+01 3.329862724049940539e+02 -1.248296680720410936e-13
-3.621997690453703456e+01 -2.266306280530341155e+01 6.651807705623041045e+01 -1.541379735830648485e+02 6.266007948083221208e+02 -1.292327620678757033e-13
-8.953092908895307289e+01 3.782388890307943825e+02 2.004729804095035917e+01 -1.808089773584912052e+02 8.088744040909950854e+02 -1.576834967959302776e-13
-1.981437735844217940e+01 3.052690906475089605e+02 -1.720456293643128021e+01 -9.623590799994687472e+01 5.327221928323576776e+02 -1.413143766169919696e-13
-1.541042240112177630e+01 5.279848262455189456e+00 2.162898058947552826e+01 -9.262152884832819666e+01 4.801814302133358296e+02 -1.148547007158001648e-13
-3.501957088494599901e+01 3.664206661655396147e+02 -7.342851530314589148e+00 -1.309953922953022243e+02 6.582232224922364594e+02 -1.734100103036253942e-13
-5.941307307545313421e+01 3.637870837260815051e+02 -1.181707824857529232e+01 -1.250171327864294710e+02 6.486452424084607173e+02 -1.466321297780552187e-13
-3.078238070852104613e+01 2.172749653975963327e+02 -8.147902112990530910e+00 -5.991416801901164746e+01 2.952089116078470852e+02 -1.239853196800357139e-13
-5.938216090787713597e+01 4.373371185650946700e+02 -2.949112765476976605e+01 -1.041880057167531533e+02 5.677908045952899556e+02 -1.443741114420474529e-13
-3.875530556314010511e+01 2.250759562991821952e+02 2.858533283224685473e+00 -1.163357194531072167e+02 5.982476701104816357e+02 -1.322478176479059764e-13
-1.518931639617329665e+01 4.546003618243429401e+01 1.404122379278180688e+01 -7.590531673573813976e+01 3.868769477042197309e+02 -1.074303032147935892e-13
-1.103569941618057015e+01 -1.988488754621878627e+02 8.771791742300563044e+01 -1.208432996560192692e+02 3.964777071345700392e+02 -9.902538081055261805e-14
-3.517191981208235063e+01 1.601619074760475598e+02 2.714396566537283206e+01 -1.156882819180334678e+02 4.859897697265677152e+02 -1.503134198758729086e-13
-2.065565366327584940e+01 9.027065125740996621e+01 2.517697200142530178e+01 -1.004801055916497035e+02 4.477604037947276083e+02 -1.238135843160681056e-13
-4.249319153839091712e+01 1.800621944449927696e+02 3.945233964919050607e+01 -1.647402807420203317e+02 7.222393540135926742e+02 -1.465556888388549233e-13
-7.680661461900511711e+01 5.511736894375053453e+02 -3.268342545766348195e+01 -1.581754727586129263e+02 8.674757145689052322e+02 -1.769109214483550959e-13
-6.247268013140473641e+00 3.194493030878858519e+01 2.380530337170780086e+01 -7.995949908782533555e+01 3.614932959515614357e+02 -1.027671703641776040e-13
-6.437648444331875908e+01 3.782232419049646523e+02 -1.248859631503859191e+01 -1.234294092406320829e+02 6.316566483028774428e+02 -1.473558811328449270e-13
-5.934095240361138934e+01 2.832941220692121647e+02 1.791163572411373295e+01 -1.700051982812286724e+02 8.197644615091751348e+02 -1.641731873171932043e-13
-4.435951615508354706e+01 1.675130969705338924e+00 6.608338776791812563e+01 -2.263391512460810588e+02 1.096890899678642427e+03 -1.771004074281810335e-13
-8.029170756528402819e+01 2.850551374430949636e+02 5.676880717973080692e+01 -2.536759005637431699e+02 1.131937933418777902e+03 -1.931294777943916588e-13
-4.580931275789342294e+01 4.222242389679706775e+02 -3.290288724624508632e+01 -9.731721418974933613e+01 5.545817146367139685e+02 -1.439417574980570347e-13
-8.228828222099007661e+00 -1.617700864511145937e+02 4.883116646859014054e+01 -8.742788141384168910e+01 3.937900184267961663e+02 -1.019355865876740405e-13
-2.524323277046726943e+01 -9.691967184178407990e+01 7.558603203817106930e+01 -1.510534384724896881e+02 6.023631083434709126e+02 -1.251387232232139298e-13
-3.913142664745210908e+01 5.242571157492798193e+02 -4.996722569401135416e+01 -1.056022578628857502e+02 6.446027229728445036e+02 -1.592778443436538751e-13
-1.235234442100234418e+02 5.921866845379008737e+02 2.165261210315069462e+01 -2.707637925664391219e+02 1.245981677428314242e+03 -2.007456320369776913e-13
-2.019176489835756527e+01 1.735281682502334277e+00 4.724093472794341864e+01 -1.190925006115446223e+02 4.965979682347696098e+02 -1.306507488713475794e-13
-5.900237366861775712e+01 3.558279136555517539e+02 -1.234544974475871548e+01 -1.329809474190190599e+02 7.114263998843327954e+02 -1.441095334692000583e-13
-6.078190468247651523e+01 2.464753550321620423e+02 4.323172676301857820e+01 -2.020517081855533377e+02 9.000101670848584945e+02 -1.734555155001593022e-13
-7.287825483120396086e+01 1.728700247933760750e+02 5.371176263896395398e+01 -1.949710474256571615e+02 8.393772353530197279e+02 -1.480799066047256393e-13
-3.286711931264763820e+01 1.593615961312550837e+02 1.318382182818067783e+01 -1.067102896158786081e+02 5.156940703241132269e+02 -1.325804913733790698e-13
-7.221148573720567754e+01 4.843179189326629057e+02 -1.631279331861975024e+01 -1.414204873870288282e+02 6.990836988119747275e+02 -1.540507825444073833e-13
-3.308814675654142690e+01 1.862736135481419808e+02 6.968998074647298147e+00 -9.653440579853568693e+01 4.673196945646760128e+02 -1.197377562456471488e-13
-1.540713204184764595e-01 -4.013821748841826320e+01 3.517170223035136445e+01 -8.024099918034974621e+01 3.435553236839258489e+02 -1.228960468687578523e-13
-4.256649195620644122e+01 1.144847591155995019e+02 4.589818159983992274e+01 -1.638575631685060046e+02 7.232263773373912272e+02 -1.357643875732829843e-13
2.188866603391434740e-01 8.014560032147993240e+01 -4.571914082858710593e+00 -3.903623772803371850e+01 2.327916720053846689e+02 -1.101325048901286808e-13
-4.206436512983886900e+01 2.615432854571698726e+02 1.146440556360450280e+01 -1.262402245920431341e+02 5.828548348085298585e+02 -1.491199416959537943e-13
-6.233715778954684339e+01 5.404866659055239779e+02 -4.987628615040031832e+01 -1.156045019495407331e+02 6.993271272678631476e+02 -1.766256482322826069e-13
-2.243854832051638581e+01 7.324167297270820143e+01 3.362188299760436649e+01 -1.343619538855030555e+02 6.339464823646316063e+02 -1.347596693453756243e-13
-9.783200038209501770e+01 6.482241445956664165e+02 -3.725081110039481302e+01 -1.632847071048114742e+02 8.597142884290971097e+02 -1.776041518523797194e-13
-4.215917587247673026e+01 5.026503864120297180e+02 -3.466169254540225353e+01 -1.315978547413772333e+02 7.371653643408318430e+02 -1.702940843708350006e-13
-8.612545371657218141e+01 3.753817182625602982e+02 3.405771053603702825e+01 -2.389673870825865265e+02 1.112176166487453656e+03 -1.938977593125656158e-13
-2.304397349825484653e+01 2.005596986301154914e+02 3.732976573106417284e+00 -1.346369551063460790e+02 7.337142417776583443e+02 -1.447432516609125372e-13
-2.485654360025114329e+01 -1.662387188525002202e+01 6.280560402977943113e+01 -1.510617639405182331e+02 6.252717505031499741e+02 -1.279038482966447231e-13
-2.502420606732536967e+01 -3.831217657461230885e+01 2.972048328772481796e+01 -9.496384825804285867e+01 4.761316802107892272e+02 -1.201400603220430314e-13
-6.891750462832079904e+01 3.178147285229225645e+02 2.525858148117023205e+01 -1.687765633824094493e+02 7.390246458693552540e+02 -1.430942011415246189e-13
-1.581359259677395634e+01 2.410820656072233987e+02 -8.588730411519490460e+00 -7.501975197299432807e+01 3.820775453774944026e+02 -1.362872004700363127e-13
-1.633975866131252985e+01 1.456363111039519538e+02 -1.166294744405280959e+01 -6.909599079493372642e+01 4.321597192237267109e+02 -1.249341505983355994e-13
-4.285459378648215534e+01 1.903922969474935485e+02 3.162581587692056573e+01 -1.593724401386046452e+02 7.287157019918367951e+02 -1.554457401416551278e-13
-2.856927758093205583e+01 -1.105344039052837246e+02 6.508002887424571270e+01 -1.253732839765708462e+02 5.070663836962253868e+02 -1.115334993516009729e-13
-4.720493847530121201e+01 3.262410134770648824e+02 -1.476088634086006213e+00 -1.292177334918854399e+02 6.382240512178312883e+02 -1.507523107412077637e-13
-2.748664264529089607e+01 1.949499976747077596e+02 1.948530660519599778e+00 -1.099478359089554118e+02 5.832933931133610486e+02 -1.333300553278221375e-13
-4.563317484485013864e+01 1.541724061729031234e+02 4.050271460563025983e+01 -1.646406431881244146e+02 7.338802597357031345e+02 -1.460435152453480667e-13
-6.575817345030041849e+01 2.108621625534755140e+02 2.177620532406356091e+01 -1.579011943348137095e+02 7.668970424376296933e+02 -1.638162014944177760e-13
-6.693955760012340761e+01 3.988911265459094011e+02 5.105823135132332879e+01 -2.686151567482138489e+02 1.185243992339499300e+03 -2.056649695653295183e-13
-4.552566822619577458e+00 5.018244503367566445e+00 2.058233366858238256e+01 -7.099018789187869061e+01 3.416554282463765730e+02 -9.655206649929650619e-14
-4.322680060622852238e+01 1.706501651320783139e+02 2.486129885886205670e+01 -1.264243682532429744e+02 5.650837857245747955e+02 -1.213234220767882096e-13
-1.944390889222439966e+01 1.042959347350329438e+02 2.478228722664686146e+01 -1.122396359138762705e+02 5.190327927632814635e+02 -1.297046177115382872e-13
-6.612285642159979204e+01 2.353268681610780675e+02 5.708851182380706746e+01 -2.167038069843905532e+02 9.179039036654328356e+02 -1.677637417330974116e-13
-3.126354012758118017e+01 2.015181181948806284e+02 -7.870698204962701894e+00 -7.557255309800332554e+01 4.102926980737292979e+02 -1.228014093681974417e-13
-3.645457788320188541e+01 4.524256183500719430e+02 -2.519686240011630929e+01 -1.329735609763053503e+02 7.226937140633071976e+02 -1.767701971409742367e-13
-2.295543008671911878e+01 2.623750665568800287e+02 -8.094684284636167959e+00 -7.929197686993407501e+01 3.919712780178326170e+02 -1.211377742302816614e-13
-4.584563958362605440e+00 2.544146448227683948e+02 -2.465580440270800011e+01 -5.947257837479227760e+01 3.707261137318483861e+02 -1.251994396988066829e-13
-2.799167803425453727e+01 5.745859272000030415e+01 2.686840788241657307e+01 -1.097577367271828592e+02 5.234271768333917407e+02 -1.224519245624571744e-13
-8.908114336589939342e+01 5.879891038637455267e+02 -5.431909299966660143e+01 -1.257974395187792709e+02 7.613891904390743548e+02 -1.772614540186401872e-13
-3.114697263037842490e+01 6.860941154220425631e+01 3.398608277786500764e+01 -1.135372289198701594e+02 4.950156117713183903e+02 -1.221382758685545484e-13
-8.622041157086218988e+00 -1.362136512486557365e+02 4.354451658050930263e+01 -7.454216938115237667e+01 3.222457368878918373e+02 -1.000962894508503934e-13
-2.997656026112629846e+01 5.253231482546150488e+01 2.822943649944808442e+01 -1.037190030607788600e+02 4.777292654986144385e+02 -1.073973890883372233e-13
-4.063334899134246569e+01 2.858787610240501635e+02 -2.619340958931911434e+00 -1.058571338768937267e+02 5.181869991251015790e+02 -1.328474056426808303e-13
-6.468585524155862743e+01 4.270468650391064784e+02 -8.036132093838711299e+00 -1.437496519827284374e+02 7.038202130597757105e+02 -1.525785647760645697e-13
-1.445242047024670740e+01 -8.692062096356625034e+01 7.725367133536569497e+01 -1.510990952301098389e+02 5.846270321733022683e+02 -1.197906592907522195e-13
-4.878127924239291247e+01 4.425696446245048605e+02 -3.873748091901899926e+01 -1.069332426013516226e+02 6.416605851284347182e+02 -1.572327974000534254e-13
-2.144453550806453634e+01 1.824966719337181331e+01 4.775374100639297126e+01 -1.304627773167730709e+02 5.576062377147965208e+02 -1.127330437735667895e-13
9.122060951767587689e-01 -4.326970212110988712e+01 1.944006030723273071e+01 -5.910112196129294659e+01 3.045644195026774241e+02 -9.894150886572684196e-14
-3.794796878127868212e+01 2.657238647134070675e+02 -1.262579338115401129e+01 -1.041442498974432596e+02 5.856300806707087077e+02 -1.397034358971977298e-13
-3.822250664420189992e+01 1.888083705757497626e+02 2.971402748453467879e+01 -1.427562503564745668e+02 6.304239093736007362e+02 -1.399914583713361594e-13
-3.165329722097901310e+01 6.138494546959626064e+01 3.708541672098671427e+01 -1.406046252179025657e+02 6.624380592940043471e+02 -1.302712258077846404e-13
-6.563652457855016564e+01 4.702614485894923746e+02 -2.364598714504962373e+01 -1.274043969388737310e+02 6.621935456155157453e+02 -1.644132581563719060e-13
-2.190337392666384631e+01 1.263887622380930225e+02 2.067203716600610264e+01 -1.075588105046862779e+02 4.976573928247581762e+02 -1.251621324375189831e-13
-6.480770903750736522e+01 5.456177325303768839e+02 -2.075289058945930165e+01 -1.741719747509309855e+02 9.026401658932577448e+02 -1.934098926135607651e-13
-4.023940517204774636e+01 4.749642291859977945e+02 -4.430540759658590133e+01 -1.011366470049200217e+02 6.145492235832715551e+02 -1.500311032864612971e-13
-6.799224244295804453e+01 5.647262846628848365e+02 -4.230569870696931645e+01 -1.330153841412144402e+02 7.500287291478244924e+02 -1.743000917535775823e-13
-1.312717975320657331e+02 1.068341067748547630e+03 -9.270106932156362234e+01 -2.053490830704160146e+02 1.188895523703903109e+03 -2.403476163506946972e-13
-1.880417137342413980e+01 3.912292873398450297e+02 -4.411946862486122711e+01 -1.009554765259000959e+02 6.737296522076995871e+02 -1.645740153539557690e-13
-4.242163058870840331e+01 5.583555832458684165e+01 3.287501500620616923e+01 -1.391890213774427707e+02 6.839883929274400316e+02 -1.285073724180064817e-13
-8.296146094926956494e+01 4.457618642021757864e+02 -2.459836162227774281e+01 -1.372600821746299005e+02 7.525773151800455025e+02 -1.602759296966649710e-13
-5.423867187373255661e+01 -2.355012057281730335e+02 1.527152884423420574e+02 -2.586167379253384411e+02 9.330966097391360563e+02 -1.380630372981104570e-13
-4.532722142762609252e+01 1.620678862452247984e+02 2.353579706088963164e+01 -1.600858489860856082e+02 8.061966965821613940e+02 -1.567504412562661767e-13
-9.171489207481506867e+01 3.836246584537601052e+02 2.048963693087834770e+01 -1.931848890549631506e+02 8.852806740660777223e+02 -1.711309709754201615e-13
-5.854205400301836448e+01 4.070759154803448041e+02 -3.182311986297436945e+01 -1.119118321286687916e+02 6.569223979214619931e+02 -1.763250198484108525e-13
-3.055232590220422040e+01 1.637417477248599482e+02 1.143044085999433257e+01 -9.553771404858589733e+01 4.485974072909881443e+02 -1.273702261389416686e-13
-6.114267663299096256e+01 3.927260886551497379e+02 8.211278021265639993e+00 -1.629401040058060062e+02 7.539470405228009895e+02 -1.705375219145522555e-13
-3.536642883905162904e+01 2.897065618468753883e+02 -6.395394866900787179e+00 -1.239637002371391787e+02 6.613030010561833478e+02 -1.523514477437189524e-13
-1.521386288086843308e+01 7.561362604939016308e+01 1.399979384506019287e+01 -9.307089818887511967e+01 4.803669334218453741e+02 -1.313856503714068685e-13
-5.004585525458644923e+01 1.493297828782806107e+02 2.981288091997056355e+01 -1.434794685210827367e+02 6.636904680543328823e+02 -1.516720484975801969e-13
-1.019221017569407017e+01 1.189152993291437213e+02 -1.980199004960023856e+01 -4.095024200377186929e+01 3.147565661704788340e+02 -1.087319299579062312e-13
-9.648854218999203169e+01 6.920993330267053807e+02 -5.228148455335224298e+01 -1.342344122081408386e+02 7.284741011367118517e+02 -1.755969986145554383e-13
-7.803406604451433282e+01 3.221382809040608208e+02 3.382933108925262644e+01 -2.228562380734065300e+02 1.044487811973989892e+03 -1.706769981610142691e-13
-3.049242956129673132e+01 -2.852140686237078171e+02 1.293894111797403070e+02 -1.854265930765438384e+02 6.271096228523199443e+02 -1.038035143574934813e-13
-2.516743530330525402e+01 1.438821793092401720e+02 1.259557388540519129e+00 -5.940950916985032393e+01 2.855042828158141788e+02 -1.125488218863790210e-13
-8.153697694359958348e+01 3.795839850607227390e+02 1.298168458322662744e+01 -1.982690726855114463e+02 9.705540043725160331e+02 -1.802895234134484360e-13
-3.047603760488502544e+01 9.350728403224668739e+01 4.703676156960227672e+01 -1.428919986976745804e+02 5.904079488114375636e+02 -1.357612664843781208e-13
-7.453329800432466357e+01 5.174710582557665930e+02 -2.368316051036371661e+01 -1.632956260461704971e+02 8.690027140326133122e+02 -1.825769094765761017e-13
-8.169348743726359885e+01 6.955027391604394325e+02 -6.000746146208789611e+01 -1.341421464222827638e+02 7.748683442689140293e+02 -1.825117581264088343e-13
-2.922924993341608513e+01 3.022795417172618500e+02 -1.237123089795516861e+01 -9.936638733044074456e+01 5.249890766826395065e+02 -1.453471746943227521e-13
-2.279956837758058796e+01 1.397438837152903091e+02 2.678768362594402763e+00 -7.403951042456640153e+01 3.778089760582502095e+02 -1.191368347295352201e-13
-5.138086818055398908e+01 2.397772682876882016e+02 3.178886928753666652e+01 -1.706997863071187567e+02 7.674994734674857000e+02 -1.547498103873021220e-13
-2.421146933182006933e+01 1.708959767860508805e+02 -9.927894955192224202e+00 -7.206614683976744118e+01 4.224281189651024420e+02 -1.224408464720825809e-13
-2.042691137398932710e+01 1.864730251588032388e+02 -4.736823710295691825e+00 -6.440564302181034861e+01 3.261983725654529280e+02 -1.126546368861354727e-13
-4.971957272692942098e+01 2.518900240315721817e+02 3.248020425904574182e+01 -1.701783492363086054e+02 7.506535373003878249e+02 -1.519879628132745397e-13
-4.310835125309859706e+01 2.203868000800466298e+00 5.037869854960224103e+01 -1.413944973856264369e+02 6.260779864097355585e+02 -1.320764295335235526e-13
-3.052718062752783723e+01 2.317652185926216362e+02 -2.213273891042385255e+00 -8.645476794149432465e+01 4.249455766203028020e+02 -1.306100683829268146e-13
-2.193888382925611680e+01 2.327398294632703539e+02 -7.478966037058659921e+00 -6.990119422959978124e+01 3.466889257738234278e+02 -1.228229678484633254e-13
-7.068414149204927810e+01 5.735626798268947368e+02 -4.216766939528864100e+01 -1.383820129721707701e+02 7.787242016997960263e+02 -1.757980069168589374e-13
-4.885068771679475930e+01 2.872652463888994703e+02 -1.615201784424323250e+01 -9.951486522394768031e+01 5.612629458059834633e+02 -1.398123311544997110e-13
-4.958501026942763623e+00 1.564652379960702433e+02 1.563693270267914492e+01 -1.020787213413096168e+02 4.709639453757284286e+02 -1.257867833388549035e-13
-6.649181176384951186e+01 4.229713421325436684e+02 -1.765311289771147329e+01 -1.341441709327120009e+02 7.038784653466462942e+02 -1.708684036482461575e-13
-2.564357024237763838e+01 3.080052643937002799e+01 3.463671227778524297e+01 -9.685251205499571370e+01 4.064846897463160644e+02 -1.017589243371378498e-13
-1.475152924816238453e+01 -1.356220611864929992e+02 7.496233409162007888e+01 -1.338732949007003583e+02 5.193261664618459008e+02 -1.042524356765616780e-13
-1.743792867105916287e+02 9.469872181404564344e+02 -2.392085324497693577e+01 -3.008413673144962104e+02 1.479315712724407831e+03 -2.551265054881073810e-13
-3.469413471917933123e+01 1.570592769733133132e+01 6.147869144412529607e+01 -1.562903839767615750e+02 6.451483311910595830e+02 -1.342827535551452108e-13
-9.334386793148011918e+01 3.205348096721186835e+02 3.208370002096997808e+01 -1.972206090037546176e+02 8.845081084551006825e+02 -1.676020567940693018e-13
-1.794803479737361229e+01 2.253181351184834114e+02 -1.297986011726928446e+01 -6.600436676129790214e+01 3.612063553670006968e+02 -1.148520899974722374e-13
-6.062409492769000252e+01 4.156095707449061933e+02 -1.157741897628790895e+01 -1.492109773419681460e+02 7.716461112110159775e+02 -1.582683058212350117e-13
-2.549690250273991055e+01 -3.036438297989319608e+02 1.258378699683964044e+02 -1.784065089751519224e+02 6.162324326584403025e+02 -1.014593435483026843e-13
-3.719188239782837968e+01 5.832836263555086020e+01 3.034196960929129716e+01 -1.032573551507973662e+02 4.568226201453068711e+02 -1.272731892233304573e-13
-1.104168003411148788e+02 7.090593642649903359e+02 -4.563889707890761116e+01 -1.796270427085148356e+02 9.785981189950761063e+02 -1.944432721796496230e-13
-5.966622439710424608e+00 6.906519617988701043e+01 8.919062243619116259e+00 -7.058709933976400919e+01 3.665896236579903871e+02 -1.200395664112522501e-13
-2.991507391744767475e+01 1.648888971231829714e+02 -8.632253162050361084e+00 -1.033422401676548930e+02 6.288103905112644725e+02 -1.329225776518920211e-13
-2.847053394351259215e+01 8.296231904618380781e+01 1.864346437424994818e+01 -9.507397647889341386e+01 4.586657743659457651e+02 -1.151336186131889553e-13
-2.014274054396604186e+01 2.505583513030186182e+01 1.621103762378066904e+01 -6.135778586268595092e+01 2.901755886243906843e+02 -9.424900821095308539e-14
-1.010735949000786560e+00 1.233557765941515783e+02 3.169803303499746150e+00 -7.057415085854576375e+01 3.634183850300637459e+02 -1.098437540169159118e-13
-1.591534704038759429e+01 3.017060611774666654e+02 -1.486418509570044755e+01 -9.833751746711614317e+01 5.344718581129914128e+02 -1.450117113819291214e-13
-3.144716222045702025e+01 1.295614571565264441e+02 2.003551217232145731e+01 -1.079307987919883516e+02 5.019042812392104906e+02 -1.252555979539746850e-13
-3.080886572645985666e+01 1.000687001815908701e+02 2.157885567513299563e+01 -1.128301610482389492e+02 5.466438171549515346e+02 -1.236311946110329758e-13
-4.130292965998618371e+01 3.034147390270684923e+02 -2.896620693887764375e+01 -8.118428795696549116e+01 5.082782364233590329e+02 -1.373134921714389122e-13
-4.632937550690785500e+00 4.137701024986849063e+01 1.199594055434257811e+01 -5.514956547884044369e+01 2.634488294472973280e+02 -1.059381502874667005e-13
-1.019764169240092855e+02 7.246952668450380770e+02 -4.648723773630108269e+01 -1.980836734563071673e+02 1.096617786673283035e+03 -2.113178478846268949e-13
-6.719994782711304993e+01 3.047705176596593333e+02 1.433516169875585611e+01 -1.556717494568464986e+02 7.305271433409004658e+02 -1.513283167553605424e-13
-4.133059339358656104e+01 4.357924974571655525e+02 -3.101147303593342031e+01 -9.628371904432837880e+01 5.255310233399268327e+02 -1.599824077660185660e-13
-3.729037861831051970e+01 1.175413271282894527e+02 3.088318254973447807e+01 -1.280925979396876357e+02 5.767668743358747179e+02 -1.265238088611570119e-13
-6.511568974459426329e+01 5.422801814957348370e+02 -1.853405806416552437e+01 -1.648573037545678233e+02 8.282517904628105043e+02 -1.709959924347768060e-13
-2.519501028015345057e+01 8.057341001393997715e+01 2.004180010776778786e+01 -1.164113926322155521e+02 5.949112133838996215e+02 -1.349545639365186911e-13
-6.737606868840502727e+01 3.738332378706584791e+02 -3.356059519425748094e-01 -1.545021136239609234e+02 7.658944430773552767e+02 -1.659572983123385333e-13
-1.262571571418363980e+01 1.374258460237206805e+02 -4.180539458944707576e+00 -4.952225085847678798e+01 2.586485538888588849e+02 -9.493460223422948607e-14
-4.776406718634518711e+01 2.493852935075159678e+02 4.686052277128854193e+00 -1.133383912789825700e+02 5.485032645637672886e+02 -1.342152245766912078e-13
-8.371823365207590939e+01 4.982215178255518140e+02 -8.224394807077676006e+00 -1.831114785536964007e+02 9.173032652862592613e+02 -1.959650094024687112e-13
-2.117176328006382846e+01 -4.527406234708990951e+01 5.869145350207347889e+01 -1.162356645674892235e+02 4.385792216905953183e+02 -1.130760919156506432e-13
-5.266164376802486657e+01 3.732783026850451051e+02 3.417405824715778362e+00 -1.414716460069139714e+02 6.546452245015435665e+02 -1.601698599153577372e-13
-2.296652548007473627e+01 -8.753476654118583156e+01 6.665566741819729657e+01 -1.345265615796917587e+02 5.415877312250836439e+02 -1.171135804408408229e-13
-3.245029360963703624e+01 -5.039037643105368858e+01 4.453718969776211623e+01 -1.172649565348350365e+02 5.399808532328555657e+02 -1.224162910009243077e-13
-1.902285951020749977e+01 9.749972730051149483e+01 3.938707405599933509e+01 -1.423863218672416338e+02 6.331006274916298935e+02 -1.332754766666591518e-13
-2.262310291949924235e+01 -1.570958744442185377e+02 7.388128631651036926e+01 -1.362207917406582283e+02 5.578318120943569056e+02 -1.153307110309562184e-13
-2.962574810135582126e+01 2.539916396663811611e+02 -3.430271278135608615e+00 -1.061820898171745711e+02 5.490233005176235110e+02 -1.517814486778343266e-13
-4.060214967184179358e+01 4.967931703923190412e+01 4.836419408052128688e+01 -1.529928693318746866e+02 6.820449353280939704e+02 -1.260452514640587049e-13
-1.303715911847870679e+01 5.095667309236006304e+01 -1.510351372230326028e+01 -3.533637221155490238e+01 2.968870300977554280e+02 -1.176368070435088895e-13
-4.787182561526282853e+01 2.493380648688149037e+01 3.849869675642008815e+01 -1.380577277606570874e+02 6.630684413172415361e+02 -1.309299685634519509e-13
-8.292880355063596198e+01 5.945160123726269603e+02 -4.310084624068937131e+01 -1.340403544421875495e+02 7.401044274779676471e+02 -1.710199309960636279e-13
-6.652352630139445466e+01 3.250843648883137007e+02 7.325209645341764109e+00 -1.533880638710344613e+02 7.451611012028962477e+02 -1.629287542063467804e-13
-2.670601560958036558e+01 4.599553273191598457e+00 5.103258711150184723e+01 -1.177826813974009070e+02 4.613836013586133049e+02 -1.090187298884241829e-13
-1.071155396418077110e+01 1.152293260894606135e+02 3.610821970343694343e+00 -6.572831645120339772e+01 3.339907274396428534e+02 -1.126341068908828988e-13
-6.733194611697254572e+01 2.023432642471491079e+02 3.160869575104557683e+01 -1.772734848337238134e+02 8.403830761285331619e+02 -1.614614399026535231e-13
-4.455604146425119438e+01 3.381225482816538488e+02 -1.262781773194799406e+01 -1.147860285094435966e+02 6.039353948823753626e+02 -1.441730861617577263e-13
-5.099948644969612133e+01 1.737777635202237292e+01 8.402295805999266065e+01 -2.118678670790934007e+02 8.730715844152675800e+02 -1.585977877234581783e-13
-2.715505282115703167e+01 -9.889899448305223473e+01 7.656675900060041329e+01 -1.423877219115915409e+02 5.392739540478650042e+02 -1.088530862207393972e-13
-2.595666294714119715e+01 1.587436377810215618e+02 8.069568340879316182e+00 -8.540883395750158513e+01 4.057183763341865870e+02 -1.126941907831309860e-13
-2.599376414965553650e+01 1.070246207367745654e+02 4.694694245794468657e+01 -1.523901713800752020e+02 6.448969655917012460e+02 -1.511257938721032014e-13
-1.935334172508156314e+01 -6.655223284829922648e+01 4.620773146124566466e+01 -1.352441777694758969e+02 6.620351513723377366e+02 -1.294601129917367103e-13
-4.473339484082604400e+01 2.940337177247541263e+02 -1.459025974296814887e+01 -9.398210126725567193e+01 5.090781966526107567e+02 -1.328018560517623451e-13
-1.363472860961085189e+02 7.153804329299622395e+02 -2.795472000389394651e+01 -2.244833659074602679e+02 1.162173384249844958e+03 -2.194371469989177959e-13
-3.193442243484680532e+01 1.239759644088331072e+02 1.568978186262389762e+01 -1.038517801149901203e+02 5.064424950301316244e+02 -1.296329032957118058e-13
-5.555844317085348649e+01 1.526335526047049314e+02 4.312495443343149759e+01 -1.520908109919570848e+02 6.338334660193112313e+02 -1.462924722874086697e-13
-6.213938740075542455e+01 2.856716398533336587e+02 6.312062076070567684e+01 -2.612110312665127481e+02 1.141432373705190685e+03 -1.885395460821307103e-13
-1.836575556846166890e+01 -1.326811195492554134e+02 7.073922786748173053e+01 -1.237578471862058080e+02 4.762242620213114037e+02 -1.007551393141294761e-13
-8.648058883252348039e+01 4.470025741393483827e+02 -9.766878236014787662e-01 -1.721652328418164757e+02 8.349330058624785806e+02 -1.729277880223261981e-13
-9.644674847749286073e+00 -1.314732142512389430e+02 5.516140685253645159e+01 -1.128271031640255870e+02 5.016913009603567843e+02 -1.236108296735041835e-13
-1.698860680725391248e+01 -9.301808302727746991e+01 6.148796992792232885e+01 -1.328966293308696152e+02 5.677841132407928626e+02 -1.197492661231387014e-13
-5.488877287076790168e+01 -1.052948368200378759e+01 9.455276856279463971e+01 -2.348529241845904210e+02 9.806376558110881660e+02 -1.591341823691369126e-13
-5.015208478755104693e+01 1.893319018005039425e+02 3.687136168322379604e+01 -1.564009681291441609e+02 6.758984504097512627e+02 -1.439077017512078986e-13
-1.341758118460463436e+02 9.165929647416983244e+02 -7.274843157921586112e+01 -1.944662526926348960e+02 1.099465203314411610e+03 -2.247137528221680159e-13
-2.721437466284040951e+01 -1.459069946588206790e+02 7.342229626048604985e+01 -1.477121832841316404e+02 6.297999448078883233e+02 -1.195706225890452561e-13
-5.217222012209521864e+01 3.200358412446427678e+02 -1.654538662203751898e+01 -9.640132267514367470e+01 5.187479358587986553e+02 -1.539891020474591401e-13
-1.263788523737020597e+01 1.636490446509046137e+02 -6.624113414425797153e+00 -5.808757662526330279e+01 3.126062941202844172e+02 -1.212661768949093615e-13
-1.535592897418936253e+01 5.560062388917010168e+01 1.591924317841447589e+01 -6.458697591872540045e+01 2.912886691988391590e+02 -1.149042156340195000e-13
-3.523853830224721406e+01 3.834161705043567281e+01 4.714060409620489622e+01 -1.252207385724128414e+02 5.115155988729640057e+02 -1.242247408746184459e-13
-2.344572326626365566e+01 2.240086544518866845e+02 -9.281349261716536958e+00 -7.109369373997736830e+01 3.726801187943721061e+02 -1.295683999146209986e-13
-1.079015098743799825e+02 7.439564175972166140e+02 -5.399442596434469266e+01 -1.701490681506219005e+02 9.427628269601686952e+02 -2.075526638743900028e-13
-4.321720410950216973e+01 3.811563219590260019e+02 -2.998388708085365550e+01 -1.006247052034394045e+02 5.883161673966279750e+02 -1.546951862578903005e-13
-2.079569900107854608e+01 -4.148368409668697909e-01 4.926150335982870843e+01 -1.203893836220787108e+02 4.939479839445553466e+02 -1.269288122443087655e-13
-7.351530800312424674e+01 2.254583351747316726e+02 4.655962773343513561e+01 -1.908554943356931517e+02 8.188678395939240318e+02 -1.545823535610717606e-13
-1.375836320677917834e-01 -1.819538168545989549e+02 3.515818696258469345e+01 -7.135198335636641787e+01 3.881920863579071010e+02 -9.773546204910768156e-14
-6.043803233934974628e+01 2.238277779469472932e+02 4.292405303546874507e+01 -1.951014773538541363e+02 8.719141347044575241e+02 -1.588755940728868588e-13
-1.054022126661557053e+02 4.648201936533134813e+02 2.846220404971662887e+01 -2.552741434539077261e+02 1.191883644164801353e+03 -2.001514706887006480e-13
-5.550538861134958069e+01 3.368325606354170532e+02 1.098522665333099901e+01 -1.605904680417322368e+02 7.614833112949829683e+02 -1.617722988842447194e-13
-9.351909344540730729e+01 6.388367354821867821e+02 -3.769272975436026485e+01 -1.588371335068043777e+02 8.395505886601359862e+02 -1.772922290924112217e-13
-3.991003880969964968e+01 8.356486214836158410e+01 5.183187048919945283e+01 -1.705761214409259310e+02 7.531071016652002754e+02 -1.633355956880700082e-13
-3.765780037904620059e+01 -1.720137235042759869e+02 1.057427647355451654e+02 -1.890133620730498762e+02 7.195180159496586612e+02 -1.279671879836609719e-13
-1.157177872169808808e+02 5.935732142626380892e+02 -1.051382353551367288e+01 -2.150643442723560099e+02 1.076659987897418205e+03 -1.909279671428849940e-13
-1.815825339775046032e+01 2.482185023543798330e+00 2.781696108682380952e+01 -7.292422648708642896e+01 3.101545780743593923e+02 -1.054185759459632153e-13
-8.408939050573862062e+01 2.773953995363582408e+02 4.778318277136210668e+01 -2.187367539286701970e+02 9.602687265449915230e+02 -1.654175878747458984e-13
-1.078952611035965674e+02 7.925590051979926329e+02 -6.326681825719031593e+01 -1.649427206116090758e+02 9.314410125271497236e+02 -1.918831029447580921e-13
-9.160942222873576668e+01 5.167683777060158263e+02 7.127958214245050605e+00 -2.306107861273113997e+02 1.124599978233224874e+03 -1.965145287185623726e-13
-3.726640419938627957e+01 4.643726327108630585e+02 -3.502512917623148070e+01 -1.366801536728265205e+02 8.018175374652436176e+02 -1.765324750980815336e-13
3.784454047658236231e+00 -1.105463452135985136e+02 2.189971668085339118e+01 -3.582591387805691596e+01 1.818059709686581868e+02 -8.407524223617433209e-14
-5.274097902673928928e+01 3.777722412560804059e+02 -1.864302730512913087e+01 -1.138387708536424157e+02 6.069562986947920535e+02 -1.610239644714798454e-13
-4.279240334737517060e+01 2.681813789942611379e+02 -2.477032019441830712e+01 -7.795329823893017362e+01 4.855792925772342414e+02 -1.365741056399144036e-13
-1.446834490572774712e+01 -1.055040589659229795e+02 6.533060749887033580e+01 -1.181793257495008476e+02 4.533956503079232903e+02 -9.992671943140711536e-14
-3.022130824209985178e+01 4.217012011013426900e+02 -3.529395352777010686e+01 -9.856075710795569478e+01 5.786517091948057896e+02 -1.569222735551727798e-13
-3.268668839810056514e+00 -8.199476767587947279e+01 4.198989789635821523e+01 -9.811799764732424478e+01 4.508290798021460546e+02 -1.103677350598505723e-13
-1.008391695612667007e+02 5.608423419329982380e+02 -1.601581666411503591e+01 -1.792527396645339195e+02 8.952384973197513318e+02 -1.832899705219836947e-13
-1.872302812223830770e+01 1.779002619035238411e+02 8.226142366481976609e+00 -1.157943439192860495e+02 5.949050437524748531e+02 -1.327206083635820588e-13
-5.342975837232955172e+01 2.294189361857720257e+02 1.669751565388657966e+01 -1.618168647223531025e+02 8.121234398645203783e+02 -1.633001158128772962e-13
-5.317113540292425711e+01 2.426261372128134894e+02 4.493576168019598249e+00 -1.048162451633327947e+02 4.974144497865986523e+02 -1.312307307666937821e-13
-2.613600347795924961e+01 -2.576470661572523824e+01 4.903480593703115886e+01 -1.124805007099830050e+02 4.608756086460711572e+02 -1.169365920373638222e-13
-2.525680067390720396e+01 6.282423203559667257e+01 2.250910061499107684e+01 -8.710114270786031909e+01 3.951011273418862402e+02 -1.129004767938145414e-13
-2.610826139823128855e+01 -5.887797110087184649e+01 6.126166780508135190e+01 -1.140064308509055309e+02 4.171251527479564061e+02 -1.132173164126495673e-13
-3.826329612461427132e+01 1.162478837116614550e+01 5.470388933460471748e+01 -1.442079436684019811e+02 6.103419223242451608e+02 -1.401743303647363528e-13
-3.036158068440991187e+01 1.070292668054284633e+02 1.311664999499589790e+01 -8.517011278060810753e+01 4.098031957959715896e+02 -1.228187186886443609e-13
-4.393891625096606646e+01 2.120304552461414858e+02 3.240964710877938160e+01 -1.660715877164268477e+02 7.528143543335567074e+02 -1.471797434795784952e-13
-3.211433201876396737e+01 1.471925576374452760e+02 2.715061653907244832e+01 -1.327766419373151905e+02 6.103709616658129562e+02 -1.305752883581415889e-13
-5.146123018322095533e+01 3.313913702270030512e+02 -2.114557090332448297e+01 -9.622390032447233921e+01 5.386865428235071249e+02 -1.505223954756082061e-13
-9.483763433403355236e+01 6.574623742495018632e+02 -5.112827558691225249e+01 -1.396993152802494649e+02 7.832999753995569563e+02 -1.704532469182466190e-13
-3.767856500032348066e+01 3.213412783345218600e+02 -3.067538677504558819e+01 -5.629293681165747643e+01 3.387036095806215030e+02 -1.281719810152450222e-13
-2.801609886409914907e+01 5.139460800978723682e+02 -2.094710964645242868e+01 -1.696428944811563611e+02 8.967318159868435714e+02 -1.871771875935540901e-13
-4.432919378946430555e+01 -1.063082639933364248e+02 9.683090314176223501e+01 -1.961084957251691492e+02 7.760080442653003274e+02 -1.296944167154386681e-13
-2.252165596850068496e+01 1.230917924721571381e+02 1.145380467966572446e+00 -7.217311718597125036e+01 3.873374167439627058e+02 -1.207235684727402111e-13
-4.655971119643343314e+01 3.057874899685361356e+02 -1.373689925029746384e+01 -1.138907010767979955e+02 6.288081845108995367e+02 -1.393009956857215712e-13
-1.349749139983996997e+02 1.030670651033941340e+03 -5.106079010499973947e+01 -2.686175921741958064e+02 1.375071438961567537e+03 -2.568620078541776304e-13
-2.556612007673367870e+01 5.021708674336295530e+02 -3.770918939793538271e+01 -1.247395790334575594e+02 7.109423784485270517e+02 -1.713276960031424672e-13
-2.677640250289941903e+01 -4.933464960635636487e+01 3.340567924161838675e+01 -1.196470917480974805e+02 6.265641884875584537e+02 -1.152801531305527246e-13
-3.122071912322572640e+00 1.139057047371119147e+01 1.296224805385435808e+01 -4.705026908035375044e+01 2.248603903572040394e+02 -8.748844306158587627e-14
-4.357335384346546903e+01 3.761983443630316515e+02 -6.825988036180009821e+00 -1.331725096210574577e+02 6.623553338511898119e+02 -1.614371345571305685e-13
-2.041233077294925735e+01 4.987931240366687002e-01 3.044705791642011405e+01 -1.102146114391521081e+02 5.454582433861536401e+02 -1.195717934894427417e-13
-3.445768467098636023e+01 1.259747228166797726e+02 1.989653527141737399e+01 -9.927483427364866486e+01 4.472394853276050526e+02 -1.247144474322086041e-13
-7.963894521778291846e+01 3.570344343067296222e+02 3.759371916720851203e+01 -2.398769473677236306e+02 1.109122979569155632e+03 -1.949343412685540290e-13
-6.421537574830726669e+01 -3.272918086948266705e+02 1.853414621545294096e+02 -2.947108822573571274e+02 1.034161575379273472e+03 -1.332428521206142447e-13
-5.141384185415363817e+01 4.066729729917592522e+02 -3.281964086948674719e+01 -1.066143041744549151e+02 6.279906751015757891e+02 -1.479874508921283772e-13
-5.599786537657806207e+01 2.602427275472891210e+02 -7.560945141504060274e+00 -9.057994994575238934e+01 4.660074183676113648e+02 -1.344987513032109814e-13
-5.735868006389913631e+01 3.005062647060185554e+02 -3.509330661321648392e+00 -1.222146971824511041e+02 6.231033728750213641e+02 -1.496101600578153528e-13
-5.074745680371796652e+01 1.421497906838383187e+02 3.488219170320098073e+01 -1.360997975093630998e+02 5.868677950747915020e+02 -1.371319241371247748e-13
-1.664210346766680360e+01 -2.615656184839875209e+01 4.422114226551491356e+01 -8.320872222980618460e+01 2.952228755697177576e+02 -1.147292083861558930e-13
-1.921106451967475337e+01 1.141950508906643336e+02 1.166206026386824135e+01 -8.275021760956485650e+01 3.975864926884277679e+02 -1.180382860230970526e-13
-2.237999522789948514e+01 -1.695408584887410655e+02 9.564203816469139952e+01 -1.710292612769776781e+02 6.615310079445180236e+02 -1.036673534148976745e-13
-1.886928232796091365e+01 1.845327540844008922e+02 -1.301976005836471906e+01 -8.641031057870431198e+01 5.286496163788076501e+02 -1.354465833913085414e-13
-2.603140235728372431e+01 -1.260202182978528072e+02 8.420677289312976654e+01 -1.778946673392388504e+02 7.489675224738618908e+02 -1.281391096522557175e-13
-7.380435650314369411e+01 4.133879524337153271e+02 -2.790323240634009494e+00 -1.676995921458107830e+02 8.412595610557702912e+02 -1.650919737524191900e-13
-1.305663478963966639e+01 -5.976546809049810918e+02 2.038052706277332504e+02 -2.671788920237856928e+02 9.295874837979833956e+02 -1.151995586453682376e-13
-8.268704889582578232e+01 4.713509895003938936e+02 6.984597936863027989e+00 -2.085651957782741590e+02 1.010713344271633900e+03 -1.900718057984322380e-13
-8.131603082629044188e-01 -7.575729818694395590e+01 4.785418034878338034e+01 -9.385071116635764099e+01 3.799666166598998984e+02 -1.001791633372402092e-13
-2.704360754981968284e+01 8.523559795350665524e+01 2.794341065111482436e+01 -1.032750629921612671e+02 4.525234096681780329e+02 -1.146089547418567631e-13
-4.394094734771037025e+01 3.703032147713338418e+02 -1.424460086126033076e+01 -1.162777409218622608e+02 6.006564424961508166e+02 -1.488132019604593032e-13
-4.061241919468418615e+01 1.795171561957279778e+02 8.674495972724971082e+00 -9.199259984877809870e+01 4.308239384008068100e+02 -1.255418598476653113e-13
-8.083730024643880085e+01 -1.426810600039341921e+02 1.309458984499835026e+02 -2.714873045722007419e+02 1.090878164110907619e+03 -1.579563164269641338e-13
-6.451367273824536674e+00 -1.341570171400350091e+02 7.076710782297351443e+01 -1.081099042639364853e+02 3.719306375116656795e+02 -1.093142075333327621e-13
-1.588307805465014155e+02 9.790468700478912751e+02 -1.796634404664518314e+01 -3.202265524753657928e+02 1.547896433771026750e+03 -2.491290533504583434e-13
-1.100533404836005076e+02 5.443949924663227193e+02 -2.251500858609067635e+01 -2.046059696994661863e+02 1.119439992022118531e+03 -1.994599504933068961e-13
-2.051376835854832947e+01 -1.930144692871264738e+02 1.140484606062668433e+02 -1.985139752931160615e+02 7.456036490831438641e+02 -1.252126231963673886e-13
-3.615346131291843790e+01 -9.313339933290170336e+01 8.060177528431809435e+01 -1.623601595179400476e+02 6.434455559733070231e+02 -1.180700338809921179e-13
-8.877124294153379935e+01 6.485016527647163684e+02 -6.158618342410399293e+01 -1.258208343155827009e+02 7.636139892657696464e+02 -1.793994550599356335e-13
-3.534949423268377444e+01 1.234272711323190919e+02 2.322980106543313994e+01 -1.240996378013185932e+02 5.946456183613203166e+02 -1.456033073365647887e-13
-6.836670734333091559e+01 4.562514918229606451e+02 -2.631596406077998296e+01 -1.196962167649895150e+02 6.377891979201971253e+02 -1.579970770998618118e-13
-3.871240431361581358e+01 1.562492596433762344e+02 2.370151837929478944e+01 -1.206066096473690692e+02 5.439969689201310530e+02 -1.323307757977698541e-13
-4.416755135292141432e+01 3.021632075264946025e+02 -2.122168368620982193e+01 -9.170517416735143001e+01 5.302935506095819846e+02 -1.303639560890931242e-13
-2.877463118070588521e+01 1.511664635402733836e+02 -2.112001540706544223e+00 -7.895506233468684343e+01 4.331596473489233858e+02 -1.131769130722393859e-13
-2.662961261279308989e+00 6.514927775162520618e+01 2.797534851007254630e+00 -4.356150782851764802e+01 2.270124498688644223e+02 -1.121322194936351725e-13
-1.073447237208872451e+02 7.293640198845731675e+02 -2.617398224418154840e+01 -2.257311134313067669e+02 1.148863264481896294e+03 -2.141623516820345785e-13
-3.099134222150550499e+01 2.023034375266147151e+02 -2.469156591287140046e+00 -7.881896773491364172e+01 3.969206457425704002e+02 -1.137386397883399056e-13
-4.898232119959817332e+00 2.856737329516278692e+02 -9.720092905520665738e+00 -9.998439574854027967e+01 5.243662532182870564e+02 -1.398591354366377748e-13
3.726900450383783703e+00 7.231651333802794568e+01 2.982762351019110980e+01 -1.078741582819926066e+02 4.808689862103579458e+02 -1.263460249556785019e-13
-1.331296212106938412e+02 7.127933113990346783e+02 -1.062369071805374610e+01 -2.311298946143974149e+02 1.097681411470048943e+03 -2.025032776213714774e-13
-1.005660348045597772e+02 3.241473267666428342e+02 6.467834335590113426e+01 -2.722650303532943212e+02 1.177463816031457782e+03 -1.992588977048456452e-13
-2.135633014643541472e+01 2.044605773908824347e+02 1.512098519121655826e+01 -1.358570904274965301e+02 6.660590974850588282e+02 -1.446249068471180498e-13
-9.611664305954649024e+01 6.079288920916134202e+02 -2.884442931276845812e+01 -1.905689362382359491e+02 1.018904983959859464e+03 -1.970383847620771712e-13
-5.649476273812280880e+01 1.712697856983932923e+02 3.856843217926154921e+01 -1.554692294709589078e+02 6.720427822612840600e+02 -1.443271695371274644e-13
-7.730959562858348022e+01 7.032765315855875770e+02 -5.033433748250048012e+01 -1.539402312673213373e+02 8.402545194706888196e+02 -1.845643105895395260e-13
-7.300447324657697834e+01 -7.108240013696074300e+01 1.262889734589383153e+02 -2.701879522213225187e+02 1.059326682634820145e+03 -1.548535636084255077e-13
-5.601059912355020742e+01 1.847718182865130530e+02 3.895604656235347818e+01 -1.594776199616219117e+02 6.865754632348783844e+02 -1.335625661504750469e-13
-3.489938587857034236e+01 1.808593881228592295e+02 2.021255530316362226e+01 -1.304596106480862261e+02 6.144983541960003777e+02 -1.371085297449404010e-13
-1.340292765193626146e+01 -2.300102016686858235e+02 1.031626584353474243e+02 -1.524612132506960336e+02 5.329745057106305239e+02 -9.577481699361619901e-14
-8.327429589308600555e+01 4.220595004195221804e+02 6.529271513121494230e+00 -1.784895382876941312e+02 8.476899017331614914e+02 -1.634804087010792944e-13
2.211765304705316293e+00 4.216321688567741433e+01 1.398980889994912502e+01 -6.152651606634908887e+01 2.929632949689465136e+02 -1.047233164824488042e-13
-8.142307247007767046e+01 5.154441789803149732e+02 -4.950558377685760547e+01 -1.086669345287524635e+02 6.687298799755186565e+02 -1.600807632730082810e-13
-1.056354726274163767e+02 6.441554761423141144e+02 -2.696213828851479377e+01 -1.778212014596492168e+02 8.944923468849301571e+02 -1.873764248321839778e-13
-9.584544059954380302e+00 -4.198187494761511829e+01 1.674091476050895011e+01 -7.445293113520824591e+01 4.241263442931717123e+02 -1.118108074474958686e-13
-5.516099252197659553e+01 2.255236758425306789e+02 2.106047744081849515e+01 -1.537311477904710841e+02 7.326651868087022876e+02 -1.516689595008429327e-13
-5.224051316578065318e+00 3.549310900331041552e+01 2.119472629013291254e+01 -6.971964101655623836e+01 3.067732049666391276e+02 -1.264799695656614403e-13
-1.825288989422113417e+01 1.885302575900551290e+02 -1.433469401404352617e+01 -1.060232503061322404e+02 6.659941022853138293e+02 -1.502854134951465538e-13
-4.345924379356122103e+01 2.462561559333898344e+02 -8.313460916900826669e-01 -1.048421231648724898e+02 5.290472788132374262e+02 -1.219056570513402548e-13
-3.765128268894569175e+01 1.695442853488380592e+02 1.645982791620708952e+01 -1.142860378236240138e+02 5.381389759138303361e+02 -1.200119813493115984e-13
-3.656861058996945957e+01 1.058208994017781102e+01 3.613824871639979364e+01 -1.067511788626779037e+02 4.782807009500492654e+02 -1.192279563856634209e-13
-1.270956545302205143e+01 9.658170405309823536e+01 1.272777320218492569e+01 -8.440619864858594212e+01 4.148444182077602136e+02 -1.190092392066165871e-13
-5.127738338729044898e+01 3.675389072500720431e+02 -9.821392877808218458e+00 -1.394117749715149159e+02 7.298693695109028567e+02 -1.572299570057050965e-13
-1.902625679900648903e+00 -7.367324458183070135e+01 1.321359900296633683e+01 -3.940173907115639906e+01 2.343962437996082713e+02 -9.638030748693953058e-14
-8.224586194706101594e+01 2.939648669598992683e+02 3.067113787986249918e+01 -2.083717058621901401e+02 9.880731726593684243e+02 -1.559779170880462908e-13
-4.648339905701968888e+01 3.817449758703700127e+02 -1.377009396188697998e+01 -1.320041544108908909e+02 6.949274251943126046e+02 -1.622027291672641974e-13
-4.388253723201980705e+01 1.701461733132795189e+02 1.765547820328353978e+01 -1.187254860650312764e+02 5.598792570082437123e+02 -1.402754291072183319e-13
-1.019648485926139756e+02 2.249452125890047682e+02 8.434859830181987661e+01 -2.783229262571384197e+02 1.165085678504330645e+03 -1.728646309679338650e-13
-4.414560571503219677e+01 2.492548968600426065e+02 -2.433147187487278540e+00 -1.098895486098050611e+02 5.710416145333507529e+02 -1.303735020513553416e-13
-3.853926480968214463e+01 3.942591779161492127e+02 -3.600547432093919298e+01 -1.008082194221383219e+02 6.185062686554508673e+02 -1.564895984102854782e-13
-1.093641815863782227e+02 7.100293604982074385e+02 -3.163790550590998762e+01 -2.055729407783842930e+02 1.062581775470926914e+03 -2.017243031028040116e-13
-9.716081155491936272e+01 7.030835165951658610e+02 -6.015484154573900355e+01 -1.333385929202901536e+02 7.648347403730045926e+02 -1.860198219038969945e-13
-1.003532310245843036e+02 6.894540194199386178e+02 -3.806735924967220086e+01 -1.876659626030314598e+02 9.985358927620004579e+02 -1.957038314314570464e-13
-5.438258106682829407e+01 5.085603663869357547e+02 -3.844142039487739027e+01 -1.189745768464004811e+02 6.721778451392993929e+02 -1.583621062648809942e-13
-3.995463035145649400e+01 1.035641265333708674e+02 2.324403358397955444e+01 -1.123377301703636846e+02 5.300896321438222003e+02 -1.385721283406451636e-13
2.022278680844278309e+00 8.305238743062407991e+01 -5.513415145581628707e+00 -4.452891659416727776e+01 2.736150232384332526e+02 -1.162269001507276186e-13
-1.273587769391604674e+01 -2.513159014311063970e+02 8.815847495853469695e+01 -1.314504526687124439e+02 5.035569809871386155e+02 -9.602738841070672204e-14
-5.510847540643572984e+01 3.363374945300710692e+02 1.018775617236512865e+01 -1.578543688583460778e+02 7.485639662462500610e+02 -1.626885767017980913e-13
-2.508321434407789141e+01 -2.819355869510362709e+02 1.196284773786318567e+02 -2.077162729649195683e+02 8.371112919122150515e+02 -1.228592912247605085e-13
-1.170298189906998658e+02 6.871348053745294919e+02 -5.390579956673710882e+01 -1.926046731847912383e+02 1.134957365030368919e+03 -2.124956446882098570e-13
-3.088723414014576107e+01 1.735172563039957083e+02 -5.929103666479859647e-02 -9.678739837125831968e+01 5.234495334992521975e+02 -1.312987840258972284e-13
-1.563562722319459475e+01 3.028089552215829627e+01 5.675200947319457612e+01 -1.430526229415018236e+02 5.757255298219691895e+02 -1.376770481121815252e-13
-1.964809587628744580e+01 1.941143113247582050e+02 2.144069395152026303e+01 -1.473600514740581104e+02 7.104983993053014046e+02 -1.469019336596466594e-13
-2.213250078001352605e+01 3.991191462253939335e+02 -4.114939372060634781e+01 -7.309533795207728701e+01 4.615877262647296106e+02 -1.413624123440697596e-13
-2.572335896714392689e+01 2.186349942046817318e+02 -6.940997616148778526e+00 -7.485492928807785518e+01 3.869193398602092202e+02 -1.249975434687032763e-13
-4.151320795072263792e+01 3.124545640206832218e+02 -1.930374943945928479e+01 -9.121154546289749021e+01 5.071126696106394434e+02 -1.258383620947568880e-13
-1.188848716712213474e+02 5.855067112888575593e+02 -5.844936550379027373e+00 -2.360978412693709458e+02 1.194076424791689988e+03 -1.952799992844923062e-13
-8.801817781974493826e+00 -8.331644141830416572e+01 4.391926060552314937e+01 -8.495734983142864394e+01 3.509568893089942776e+02 -9.935585530633665192e-14
-1.302410802997230235e+02 7.840278095289197609e+02 -2.019803127839737655e+01 -2.674108827190032116e+02 1.350565997806850646e+03 -2.390625874360712398e-13
-5.025978930000531619e+01 1.718414248433657292e+02 2.353027434303405485e+01 -1.243533547617712145e+02 5.588151225926498000e+02 -1.287065542237487618e-13
-2.680789966953224734e+01 2.933373222060022911e+01 4.916217686091973604e+01 -1.510809581565846713e+02 6.790416777952297025e+02 -1.299055841885891887e-13
-4.458637046722847685e+01 4.992932912078193226e+02 -4.278942530861276339e+01 -1.065379390686111378e+02 6.232506299915806949e+02 -1.522202075728526403e-13
-1.276463392219688018e+02 8.329542427423173194e+02 -5.546582305577121730e+01 -2.037298885358065093e+02 1.112494748277479175e+03 -2.137630474132909207e-13
-9.966839001383770835e+01 4.170169595980443091e+02 3.645410437357219280e+01 -2.262078655505437155e+02 9.804109950623810619e+02 -1.871688098404507982e-13
-6.845242784739564712e+00 1.392895892403483913e+02 1.352698076390247550e+01 -8.195056847540256229e+01 3.617997368831503877e+02 -1.366129150934482326e-13
-5.810934946448085725e+01 3.962282616239299955e+02 -2.019530466748358677e+01 -1.272025990405922471e+02 6.931746718450946219e+02 -1.730770279162871011e-13
3.252167065163584780e+00 1.041214862800859891e+02 -9.651096848860964528e+00 -4.963699612950248508e+01 3.189788579784702165e+02 -1.237175590264973894e-13
-6.430543030165435425e+01 3.327509755850790611e+02 5.379724871897714422e+00 -1.703774478086161537e+02 8.662101293574987722e+02 -1.804895577703725240e-13
-6.421176003999968884e+01 2.245253215039642214e+02 2.868478249085477216e+01 -1.636558285505060439e+02 7.512565246667295469e+02 -1.397476912878342944e-13
-7.930882400844576807e+01 4.573762402673431211e+02 -3.063907925958008605e+01 -1.247736201323207155e+02 6.988051028226471999e+02 -1.616676748106112610e-13
-1.195784079880180606e+01 -8.435044030797419623e+01 5.434972117017176885e+01 -1.029390512961103354e+02 4.057560728676539838e+02 -1.084984769181251692e-13
-1.770066814602625627e+01 1.705223851433243283e+02 2.580379443548327933e-01 -6.568096159431635783e+01 3.144911603131403126e+02 -1.168806813772897043e-13
-1.200455263568671604e+01 1.563944414010548769e+02 2.303025935417145575e+01 -1.306762628437439275e+02 6.158903498114812010e+02 -1.354507824932089307e-13
-6.175818219485833538e+01 1.737584863865279772e+02 2.809850785230700865e+01 -1.565397746125869674e+02 7.445140585699615485e+02 -1.569901529032399743e-13
-5.513708469304504645e-01 -6.738913714416437983e+01 4.295267910613114282e+01 -7.451856185912163255e+01 2.752572810587255958e+02 -8.731953579242239353e-14
-2.069866570932954986e+01 3.360844240036262249e+02 -2.214589516265178304e+01 -9.481283574282474547e+01 5.321594434612468376e+02 -1.358512635887043539e-13
4.264527403011002527e+00 -1.389406093336882577e+02 2.733126807144150305e+01 -5.907068055982732346e+01 3.241523899883786726e+02 -9.322411063453629654e-14
-1.441748787289013300e+01 5.221580782259086106e+01 2.894967945641208118e+01 -9.906967812446185917e+01 4.420886055990368959e+02 -1.208732876433300926e-13
-5.651392972331994002e+01 1.677243718301883177e+02 2.196075218641817628e+01 -1.326697872897699995e+02 6.278139124739165027e+02 -1.297320970895479189e-13
-9.147264489386554942e+01 4.731171546782259725e+02 -2.682938259798948266e+01 -1.663621812875683190e+02 9.424079790354235229e+02 -1.823195509746126748e-13
-4.622208488514606195e+00 -1.385614787762760898e+02 4.084205360062738777e+01 -6.318964694146786343e+01 2.649709000190267147e+02 -1.033236306816771101e-13
-2.246015039280939263e+01 6.183531500704101802e+01 1.619159512608563745e+01 -6.883252092060641303e+01 3.134998787577452504e+02 -1.072625983220142848e-13
-5.695661595372880015e+01 1.779466159342769345e+02 4.450589308208304828e+01 -1.712851166288055822e+02 7.354065280630811685e+02 -1.540112909937628170e-13
-4.106839049040359413e+01 3.307891381498011469e+02 -3.632936965495367332e+01 -8.672381378388243434e+01 5.725778645657776451e+02 -1.403558077976150384e-13
-4.000688626448009266e+00 1.589639436692289678e+02 3.920401487196110146e+00 -8.924124737970254273e+01 4.579146314154421020e+02 -1.325010998299855002e-13
5.465542481030752908e-01 1.074971828738819681e+02 1.571646187854757493e+01 -9.282323414494968006e+01 4.442477664740014802e+02 -1.186866006659359828e-13
-1.067091850702174298e+02 4.885070736387722263e+02 -5.428133426477124157e-01 -1.992758436868186038e+02 9.838876668130806138e+02 -1.883724517133263031e-13
-1.864672184646774866e+01 3.953989576588140409e+01 2.224222117210755201e+01 -8.226092104845014319e+01 3.813975030588170512e+02 -1.138886127014132680e-13
-1.644628042391645906e+01 -2.396995738590438307e+01 7.374213787131954234e+01 -1.726137066532945994e+02 7.054727412038631655e+02 -1.480719125821692539e-13
-4.776493211657194315e+00 -4.758531629934806162e+00 1.622851025677558567e+01 -6.207079144627713418e+01 3.167866861661651114e+02 -1.056936438477273682e-13
-1.652462134312800046e+01 -3.005565794867616205e+02 1.042261934490189077e+02 -1.601568959493737339e+02 6.297852824541752170e+02 -1.014654936599195639e-13
-4.721080115990117321e+01 1.695721088785901145e+02 3.459435302066501094e+01 -1.637865197667946120e+02 7.546792534517402373e+02 -1.614888168548054992e-13
-2.185003131218406391e+00 8.841042835207038308e+01 2.373907074211167867e+00 -5.732313752613305269e+01 3.051370548718360283e+02 -1.301500080400119383e-13
-5.729537192942353840e+01 3.761348277855689730e+02 6.206589082664176082e+00 -1.560541289799745357e+02 7.327049807774812962e+02 -1.605963424918417558e-13
-2.654891515827342019e+01 1.562953211262120021e+02 -1.920273766633439294e+01 -5.123816376908578718e+01 3.525866975353100088e+02 -1.187893129276715857e-13
-3.090380236172440576e+01 6.011010888166667065e+00 5.875338104909433667e+01 -1.379367404348724335e+02 5.463557220058233952e+02 -1.161540266734022230e-13
-4.793985161740828715e+01 3.104098213341226256e+02 -7.328648699591525428e+00 -1.257038864184623890e+02 6.637556638458072484e+02 -1.466285804682124797e-13
-1.096004418082912402e+01 -1.289587089189871563e+02 7.861073406418347531e+01 -1.442102569621998498e+02 5.605364355934744935e+02 -1.201422921590882003e-13
-5.496909868884148409e+01 4.428140951589001020e+02 -2.435870967378377117e+01 -1.148915571400409732e+02 6.028267906626779222e+02 -1.472662875996973672e-13
-3.538060903256965872e+01 9.429686472729042634e+01 4.190380392178040125e+01 -1.560892011443544334e+02 7.114499747299825003e+02 -1.383218277885273024e-13
-1.095018891678496971e+02 7.464197612606736811e+02 -4.945324812263940828e+01 -1.777965744168226649e+02 9.632591972015799229e+02 -1.955832429542143502e-13
-1.463069803678465632e+02 6.583622258476666502e+02 4.534907456061763753e+01 -3.438587425713873245e+02 1.536844580182152868e+03 -2.384208113107682014e-13
-2.686800292001899848e+01 3.576817448337929761e+01 3.098726031838375761e+01 -1.063178338902877016e+02 4.898561145612556516e+02 -1.133279290142040737e-13
-6.673335056049536718e+01 3.690267808620610595e+02 -1.023156560118901481e+01 -1.213056857756072588e+02 6.096773572458412218e+02 -1.479173854617361911e-13
-4.227193600862734257e+01 2.937643558148965326e+02 -2.466155898228881327e+01 -7.095836593092388966e+01 4.190383237298256063e+02 -1.165381192509139275e-13
-3.659771527728286600e+01 -1.009819159567975646e+02 9.818231169471246744e+01 -1.915662710550793122e+02 7.328915746540363898e+02 -1.317117740709126100e-13
-3.004004944853307890e+01 3.391849678004942348e+02 -2.705974252521785672e+01 -1.079657027108621463e+02 6.497992673342771468e+02 -1.599128675965702331e-13
-1.669174337584128978e+02 1.118869350039238043e+03 -7.027829679888992587e+01 -2.592680585336976833e+02 1.370511659117157706e+03 -2.551995884184983202e-13
-8.505384404060774273e+01 2.964074083596328819e+02 4.826211455974154774e+01 -2.294766981288994998e+02 1.015419311029418736e+03 -1.732606184583627576e-13
-4.205819368180704032e+01 3.059112290224558137e+02 -5.593286950429067872e+00 -1.248086576889023291e+02 6.499235553608649525e+02 -1.476765571709299927e-13
-3.110981082358125605e+01 -1.408426919101498953e+01 7.326556681894024337e+01 -1.639339812562988072e+02 6.429024661767609814e+02 -1.335991025874159495e-13
-3.314501104447604973e+01 7.943313974386894927e+01 2.530973836570258584e+01 -1.003297517150565739e+02 4.538700377808686994e+02 -1.154621812625497968e-13
-6.041048184244877994e+00 -5.616673810836508096e+01 5.175784614635253433e+01 -1.090882563898995556e+02 4.429788060897985815e+02 -9.767661335290327871e-14
-5.507383406795040770e+01 3.173923776669860217e+02 1.243666771192522624e+01 -1.815062995738958023e+02 9.070959330317159584e+02 -1.587662747187499427e-13
-1.393068724329795600e+02 7.899381932919880001e+02 -2.515755470978879416e+01 -2.407439941603422255e+02 1.198725161862305868e+03 -2.155560134906447219e-13
-7.749304787438690312e+01 3.734825425992790429e+02 7.453241459044044781e+00 -1.634126278585771388e+02 7.761366050189938051e+02 -1.535001299135780453e-13
-2.220966373810320249e+01 -4.705314743440872149e+01 6.399135121642498802e+01 -1.406215271006467731e+02 5.698645337511344451e+02 -1.172848627392087898e-13
-1.900465773359886512e+01 6.160630859312210106e+01 1.756797631504300838e+01 -7.966107087760717320e+01 3.776466428084850691e+02 -1.072519913229539861e-13
-3.631571028915646338e+01 2.214188091069593156e+02 -8.680174294306402416e+00 -7.173566596729106948e+01 3.750479078343220181e+02 -1.267145163159695312e-13
-4.745528459933193943e+00 -1.030587196274943906e+01 4.101675678123907431e+01 -1.029404683072474853e+02 4.367576380782140859e+02 -1.051713227269212100e-13
-7.040788194950859236e+01 1.179947971323396985e+02 5.703591668960437744e+01 -1.931308735739562792e+02 8.460631870765598705e+02 -1.446139706374478078e-13
-2.634324360082999661e+01 9.355563567171938644e+01 4.698878798585856487e+01 -1.564166058216665078e+02 6.816052679324147903e+02 -1.475036909901282837e-13
-3.440634687084553178e+01 1.684760584479653005e+02 1.856927807133816088e+01 -1.103953122553953108e+02 4.992474636025746690e+02 -1.236703917014406308e-13
-4.705475915708877466e+01 2.921783796400389406e+02 1.684379224716098378e+01 -1.497685849719504176e+02 6.840238926033339339e+02 -1.509878649320139682e-13
-1.634653881292329913e+01 -4.017122533777703808e+01 5.150858029182045073e+01 -1.131127362398527225e+02 4.598675453742266086e+02 -1.122007796732145113e-13
-8.168230907360216975e+01 2.320490877940335110e+02 4.718504862691350610e+01 -2.023318728087665477e+02 8.871668506810990493e+02 -1.705527274165324271e-13
-8.754687874649654589e+01 5.021139385876969072e+02 -1.911643048260911115e+01 -1.565745418300433300e+02 8.058434517410667013e+02 -1.595467926718062493e-13
-4.691399825960841596e+00 7.412008284903836852e+01 1.662473195821643657e+01 -9.214807929515514218e+01 4.584374766023698271e+02 -1.164291474987052657e-13
-3.360007758344560358e+01 2.118165010833735664e+02 4.101877480752832206e+00 -1.032341717283658227e+02 5.119503675333925798e+02 -1.360812149172504362e-13
-6.560713503906831079e+01 4.919231738627650543e+02 -3.432432762435917084e+01 -1.072199177018191278e+02 5.790014422014980937e+02 -1.569936809910280973e-13
-3.790523269971819786e+01 4.080591277846490357e+02 -2.166360339688582215e+01 -1.099382053362865719e+02 5.778155055363092742e+02 -1.535247152058940359e-13
-1.518457391155225444e+01 1.712607667015669222e+02 -1.078573834964816669e+01 -5.355596749683224544e+01 3.032147365067692135e+02 -1.120731410630217239e-13
-1.109017631557576067e+01 9.371735716312524289e+01 4.070759418955990583e+01 -1.267486280440742945e+02 5.222875233329039020e+02 -1.408688960612224285e-13
-2.074830247373524017e+01 4.664024444323361962e+01 6.657490722963532725e+00 -8.636897308983127175e+01 5.036799564406798595e+02 -1.186559501178484541e-13
-5.054525047993015363e+01 3.631079238213218332e+02 -2.005418398073126696e+01 -8.865766951639217552e+01 4.574953687804403444e+02 -1.291378676089751780e-13
-2.674804169645883789e+01 1.001224432632450743e+02 1.268481928575741691e+01 -9.469216378219077512e+01 4.816675197942109321e+02 -1.191686980952413665e-13
-2.661783410196339972e+01 7.522467772539513042e+00 4.742183561835537375e+01 -1.147487432528404554e+02 4.619789230924366734e+02 -1.166977714352635856e-13
-5.165301383693748249e+01 3.089400641384698929e+02 -7.697498162120366416e-01 -1.153720657850276723e+02 5.533385407832463443e+02 -1.572016789999385153e-13
-1.876105301180135996e+02 1.091491908115912111e+03 -4.350349976777744843e+01 -3.094019597102624175e+02 1.556090143384037219e+03 -2.540396663502212668e-13
-2.790808523157983245e+01 7.352546015039040128e+01 2.011546327219128827e+01 -8.746316560275477059e+01 4.050053106208685563e+02 -1.095695126611021363e-13
1.627512940974515265e+00 -5.908412129614927721e+01 1.996541058000490665e+01 -5.971129880500843967e+01 3.169315962519323762e+02 -1.106110815139584386e-13
-5.137859784488080805e+01 2.199438253019184515e+02 1.965513995957703841e+01 -1.295826972571117039e+02 5.834274680593385938e+02 -1.364914329232030356e-13
-1.605007867431354640e+01 -1.361702727935402208e+02 8.607315323513343230e+01 -1.441158031305061797e+02 5.173771381524497883e+02 -1.195217526366381572e-13
-3.866851983321316855e+00 1.154028596028795306e+02 6.846416096198943535e+00 -6.947589463266609755e+01 3.383201122240911332e+02 -1.145607843535106888e-13
-1.954075821958224779e+01 1.618492723143324099e+02 1.045518172109591504e+01 -9.613603180035795503e+01 4.602625597376274982e+02 -1.237989191813000134e-13
-6.414464064199147231e+01 1.225515735104365973e+02 7.068549363490272697e+01 -2.099069608102190898e+02 8.680126629627727652e+02 -1.480360298664961729e-13
-1.123751928084252150e+01 7.114683704005177844e+01 1.536115172567152065e+01 -8.367262832202037259e+01 4.117429093206056336e+02 -1.135090347919128859e-13
-1.323259856108807320e+01 2.552256100993164267e+01 2.590454478945981265e+01 -9.654338775375718740e+01 4.642554205369975193e+02 -1.300646044500926116e-13
-7.730451303926865592e+01 3.545153593898789381e+02 4.448833769858192788e+00 -1.938206744556942454e+02 1.013775849650073269e+03 -1.776856929390682927e-13
-6.578123871355320773e+01 3.701440360637012077e+02 2.379459977836559492e+00 -1.484227495880234358e+02 7.103350687678849908e+02 -1.533620232715838680e-13
-9.742868146289163178e+01 5.025053460985328115e+02 -3.722569240457905160e+00 -2.002756401011116338e+02 1.000692924228052107e+03 -1.897101256227081465e-13
-1.643834856029062408e+01 -8.843592835283507725e+01 4.360252441025782844e+01 -7.686044874834588825e+01 3.023173590368198802e+02 -1.051587744602165390e-13
7.394619850255739202e+00 -1.452020300648762827e+02 4.571759727762284342e+01 -8.547560967813969057e+01 3.884342562980672255e+02 -9.493245956900825951e-14
-4.405504263335044612e+01 2.672977084242675687e+02 -3.417651630220540415e+00 -1.055743762042869491e+02 5.350696743652654277e+02 -1.328669535045067961e-13
-7.213404966981507016e+01 3.300492851807699139e+02 5.554246000452610410e+00 -1.657487796042964021e+02 8.359604136585402330e+02 -1.758058397231425650e-13
-4.675353258679015056e+01 1.214834539802109106e+02 2.985001889655412555e+01 -1.226143538634982519e+02 5.436590965867674186e+02 -1.308668922806264814e-13
-1.839687248185201724e+02 1.075061737886376932e+03 -3.104573979082512025e+01 -3.432147507712408014e+02 1.715652073545489657e+03 -2.844750531318612344e-13
-2.574870823043938728e+01 1.396554754137557381e+02 2.466228750364551203e+01 -1.146142169606664538e+02 5.097578622871181437e+02 -1.422053149045714064e-13
-1.787929518673153417e+00 -9.866563202062735627e+01 3.146446172644698080e+01 -6.105277698348390913e+01 2.813634482746426215e+02 -8.994386420531310892e-14
-9.574279863055583917e+01 7.177090876403690345e+02 -5.260862769006088513e+01 -1.559360454224732280e+02 8.576331593584000075e+02 -1.998829736593775955e-13
-5.105395247579887297e+01 4.138659410368329183e+00 7.285909178707250078e+01 -1.677744552830308464e+02 6.579233903926194671e+02 -1.195763502410810117e-13
-5.095458670176152616e+00 4.483507962674400993e+00 2.199047151860346716e+01 -6.253083257136401585e+01 2.761516938452721774e+02 -1.091578458279084995e-13
-6.596033365811858573e+01 4.385885780754571215e+02 3.617545553547902415e+00 -1.956873199969329846e+02 9.698142068805857434e+02 -1.931674932237180897e-13
-1.002475448320610099e+02 6.545175453063360465e+02 -3.823844010304524943e+01 -1.646501250656822322e+02 8.705948912378088380e+02 -1.752094671855429565e-13
-4.258270794421687810e+01 1.844128125322517775e+01 6.796128375904744701e+01 -1.812698066261770009e+02 7.695233779651446184e+02 -1.452517199479240533e-13
-3.854036892154521610e+01 2.172558170291360398e+02 6.505979896516020489e+00 -1.046532839515843420e+02 5.020816425007107568e+02 -1.349701967928353450e-13
-6.123119937073469288e+01 1.611265783229407589e+02 3.983020849324094570e+01 -1.738712496071120768e+02 7.951324890219705139e+02 -1.513615062243970176e-13
-4.579785195878810811e+01 2.067719921690729166e+02 6.386987403011969988e+00 -1.186223025380729297e+02 6.044687095020137804e+02 -1.509987594298790499e-13
-2.218628065369894742e+01 2.909662221359249656e+02 -2.030814644172143701e+01 -8.929329007410179031e+01 5.164592396779460159e+02 -1.311930310787075280e-13
-4.198630752716691461e+01 -9.542502191728009109e+01 1.004129327529975200e+02 -1.935205078706711106e+02 7.276458772997535789e+02 -1.206009206498827706e-13
-3.307987100772069056e+01 1.430805495318741407e+02 3.530316306245337898e+01 -1.509233018113862670e+02 6.831429112190207888e+02 -1.520429544571472545e-13
-6.999709025578496835e+01 6.104830874801552909e+02 -4.777229857738403496e+01 -1.485742594279527680e+02 8.560115287298307294e+02 -1.795877582018588351e-13
-1.509273389130702014e+01 -1.633221023996264023e+02 7.759921200213268833e+01 -1.408876927985944292e+02 5.699576380713784829e+02 -1.080831950742332036e-13
-1.395382781785998993e+01 -2.091454267304567622e+02 8.849435742130339122e+01 -1.317355859272551299e+02 4.723032068459718289e+02 -1.149673699850205490e-13
-1.647810931121023614e+01 -1.396742630819034900e+02 7.048362726144149804e+01 -1.128750712779100667e+02 4.098417132024918601e+02 -1.083248536689693986e-13
-2.998972459736468466e+01 -2.167751876997560032e+02 1.395305201120011418e+02 -2.342188222184418862e+02 8.398014321479183764e+02 -1.261162307933454030e-13
-2.089937052540803109e+01 3.502612690423757158e+02 -3.408361310593343774e+01 -9.348885061867596846e+01 5.893428070412403486e+02 -1.541261312791367947e-13
-6.645624661360916718e+01 3.295638157989457682e+02 -2.691084767691511281e+00 -1.525687080205136681e+02 8.005549390653131923e+02 -1.627275934143763674e-13
-2.621074220448570813e+01 3.021011971815932498e+02 2.001566685887717245e+00 -1.437590528845716165e+02 7.314512759084251456e+02 -1.609235444751896175e-13
-2.059037129655418852e+01 -4.721582458326497544e+02 1.690823163169582415e+02 -2.137538470443871574e+02 7.006544874396446403e+02 -1.040179037252804456e-13
-1.723182922392524219e+01 -1.183886926139899600e+02 8.355524711821345818e+01 -1.760029848229840752e+02 7.348123482920326524e+02 -1.415249170697971041e-13
-2.218105134523675304e+01 -1.613345315682778391e+01 2.660979640015881742e+01 -8.736070675952782949e+01 4.286400126365921892e+02 -1.146716233486158820e-13
-2.272157186604660239e+01 1.396886184094466898e+02 9.946730769004060946e+00 -7.422521094776708139e+01 3.325157476750097203e+02 -1.185373653287753456e-13
-1.033462921104047894e+01 6.868114476887033959e+01 4.149690971683455842e+01 -1.396775020885245056e+02 6.225639696473615459e+02 -1.337598713864510999e-13
-1.660075129243196201e+01 6.917394123747735435e+00 4.079183362012751246e+01 -9.270939051748227655e+01 3.567477404522823008e+02 -1.085079696455685273e-13
8.647897577270207137e-01 -1.470995252252772048e+02 8.341920297154052832e+01 -1.470992656227965654e+02 5.624835966773147220e+02 -1.194051090528862034e-13
-9.097132270949840915e+01 5.639836328965560597e+02 -2.743478305840316267e+01 -1.641500552135344719e+02 8.645804425614423963e+02 -1.829577124405908496e-13
-1.115454546880660303e+01 1.612655501479409565e+02 -7.673351398317005412e+00 -5.899662073735946421e+01 3.271957610232780098e+02 -1.263446068698928601e-13
-8.528407205610720609e+01 4.859094961158418755e+02 -1.490938095186531775e+01 -1.650064692056687932e+02 8.474858242176021577e+02 -1.830418050029466971e-13
-3.555012473715653698e+01 1.968928033626417857e+02 1.679553061722197427e+01 -1.189637093981137497e+02 5.473193186124484555e+02 -1.345595031519858588e-13
-2.796466409581098489e+01 2.400030787625621542e+02 -7.110882988940818272e+00 -8.357071086707992436e+01 4.308870209621524623e+02 -1.255892182439973538e-13
-6.821797578685541907e+01 -4.702548789226030124e+01 1.252617109449921315e+02 -2.591189328184400438e+02 9.737993449990894987e+02 -1.352056161314229072e-13
-3.286845050806733326e+01 3.523132427332598127e+02 -2.034799563343478113e+01 -9.813178898408591522e+01 5.310125133170344043e+02 -1.535328884372526126e-13
-5.059010257441366321e+01 3.468148027522360621e+02 -2.224564017392881965e+01 -8.591643282301114937e+01 4.650959726087796184e+02 -1.527527593761554810e-13
-1.008545466222768852e+02 6.206677573126154357e+02 -1.367593662969740720e+01 -1.902554269808161393e+02 9.102083948909355513e+02 -1.939892643629052440e-13
-1.391542799532487429e+01 8.758077357912542027e+01 -9.612778143228876360e+00 -5.327111951238287446e+01 3.553316425949838049e+02 -1.116798637621061415e-13
-2.578595950173201956e+01 2.763558665641067478e+02 -1.867996859163539369e+01 -7.808883993701579129e+01 4.414431849860978900e+02 -1.465650498647032569e-13
-5.073906555018516684e+01 2.588536608821085565e+02 -9.016648475950747255e+00 -1.114637748331998068e+02 6.167602674792177595e+02 -1.342168038322135036e-13
-8.935071938147602566e+01 1.264897518955897056e+02 7.812898459435211862e+01 -2.365391309322300515e+02 9.964556852173060406e+02 -1.512909053673668306e-13
-4.461119764300678980e+01 2.866878948560699882e+02 -1.261998696538513265e+01 -8.813778504464355024e+01 4.625622010521825018e+02 -1.389825905200261512e-13
-1.120399778967751701e+02 8.020331281087100024e+02 -5.312643256143236670e+01 -1.751755880530309639e+02 9.282751400612572752e+02 -1.934075429940898543e-13
-3.052866442396902968e+01 2.356268826685731099e+01 5.307741303933883614e+01 -1.264988065958995236e+02 4.929278391214419344e+02 -1.134417995577925826e-13
-2.938207905384947694e+01 2.448860021598432297e+02 1.707679400812502735e+01 -1.257553686485132118e+02 5.558759040276127052e+02 -1.490291837361451039e-13
-2.770691095044962537e+01 1.591593954371121526e+02 8.248609951499589199e-01 -9.319536364938943507e+01 5.041943950096635376e+02 -1.328049109205591625e-13
-5.574675435056202133e+01 2.494128853916228934e+02 1.963913240670162352e+01 -1.508643442334065696e+02 7.049301603739709208e+02 -1.496923942784776708e-13
-4.235606403583004465e+01 1.136787850700962963e+02 3.605037160242572014e+01 -1.242605017517152817e+02 5.207269727386310478e+02 -1.468858624719002977e-13
-3.762109946025218932e+01 -8.167149456190517753e+01 8.396586430751275998e+01 -1.616522164964057708e+02 6.086940695291832526e+02 -1.143475307037573693e-13
-5.234031939273347867e+00 -4.973470175704829188e+01 4.054889310377574674e+01 -8.381385395268419813e+01 3.401701888159550435e+02 -1.064173728129879154e-13
-1.216103781796661565e+02 8.648535281075675130e+02 -5.059047778061074041e+01 -2.214184052197900883e+02 1.176703441936024547e+03 -2.315417970323986959e-13
-2.260018337240630970e+01 3.316038604192517596e+02 -2.992439181913585955e+01 -9.667694805457786345e+01 5.978419066753480138e+02 -1.426735143507420209e-13
-3.950410383345423071e+01 2.254284779558425953e+02 9.483074375407416490e-01 -1.063043237504135163e+02 5.427908477591888641e+02 -1.384307977840650585e-13
-2.538951368336003966e+01 3.550093453566640989e+01 4.736120085664282442e+01 -1.241535248955023008e+02 5.050163261878397520e+02 -1.093959479244286306e-13
-1.877033499677986228e+01 2.389584596671953989e+02 -1.337247592774927618e+01 -7.737780907875475123e+01 4.301529807472792299e+02 -1.307849519027167050e-13
-9.161049460623354435e+01 7.762734359777410873e+02 -7.685049296331824564e+01 -1.325659758735682203e+02 8.128135008454304398e+02 -1.914454865881673193e-13
-2.063406127246774702e+01 2.374154151635144956e+02 -5.913628436757987217e+00 -8.575172532045417029e+01 4.397796911288958768e+02 -1.201372124186357881e-13
-1.258237612520507724e+02 9.249425839678489183e+02 -5.232935295955483923e+01 -2.610828448362996710e+02 1.410313113112943483e+03 -2.484781203835852713e-13
-6.466844593651249795e+01 -9.974605740392538777e+00 9.602244369761740472e+01 -2.447927566910800294e+02 1.037635084782541298e+03 -1.575095307879667773e-13
-3.051441424966459692e+01 1.940044833093162708e+02 -5.008579134759524543e+00 -7.438205237106029699e+01 3.894714711589246576e+02 -1.162785675460518128e-13
-1.884645231265380971e+01 -8.723753062562833804e+01 5.682159639473450596e+01 -1.181565243757389538e+02 4.943431986374376947e+02 -1.046867351275544232e-13
-5.395909784477689186e+01 3.767274665435937209e+02 -2.070998100552004217e+01 -1.185301508126411534e+02 6.525123993522139472e+02 -1.590301222765922995e-13
-1.576562125447020613e+01 6.696235834080007976e+01 2.448920394038404424e+01 -9.772408748777908727e+01 4.507840089034726248e+02 -1.308057422370952593e-13
-4.056707174618547640e+01 -3.739168596213388440e+01 9.445614390491235213e+01 -2.003466822844760600e+02 7.690309753821048844e+02 -1.426479696159704474e-13
-3.309826837949393763e+01 6.240180455332339449e+00 8.696489437759682062e+01 -1.957540026588456499e+02 7.540751513676892728e+02 -1.409332338978887813e-13
-7.434082569432476362e+01 4.823559829671736452e+02 1.806906184309257313e+00 -1.907601991499192309e+02 9.161016880736539179e+02 -1.739364665266408712e-13
-2.554335346106115789e+00 7.331615106936661164e+01 -1.289326831046526145e+01 -3.719221640712454047e+01 2.787515106341292039e+02 -1.043286227354608824e-13
-1.039425218909612454e+02 4.859815649084451366e+02 -5.556505557505836634e+00 -1.908074576451689950e+02 9.609467508041749397e+02 -1.793273658438781022e-13
-1.025401347106451233e+01 2.256442386945786538e+01 3.960542077821094153e+01 -1.185853369315951511e+02 5.268057904688288318e+02 -1.260089186486054911e-13
-5.907281304287383250e+01 3.631751625100581009e+02 -3.333638190234815113e+01 -8.508544408537045456e+01 5.185591759633372249e+02 -1.309694092346087685e-13
-5.118744199071073808e+01 1.908315455035951516e+02 4.195451687061428458e+01 -1.950863763796234878e+02 9.022965868661221975e+02 -1.627107176149990023e-13
-9.259637105026384063e+01 9.196569405903625238e+02 -8.984459102729643121e+01 -1.517076951808550689e+02 9.193213220450905965e+02 -2.096979607180247995e-13
-1.364684559344753723e+02 7.380718296456273038e+02 -2.435767193682478648e+01 -2.352421610305216007e+02 1.194759526120278906e+03 -2.075416588083395183e-13
-7.798044808014150675e+00 -1.009996052422778590e+01 1.361076624330476470e+01 -4.712411499833297768e+01 2.370074100168251050e+02 -1.046364797764635388e-13
-2.724941962594249745e+01 3.471882943882657173e+02 -3.405099148736051973e+01 -7.465661307718146134e+01 4.647856125806782757e+02 -1.326333385512173816e-13
9.038539964059097542e+00 6.423931098394892558e+01 2.297564463210638053e+01 -8.548948958957977595e+01 3.802349961874937776e+02 -1.202027092496282490e-13
-9.787735305173650602e+01 4.229613133135292173e+02 8.406121826965666344e+00 -1.892604588963735637e+02 9.074098243697469570e+02 -1.712857775411134121e-13
-4.218860463485264489e+01 -1.036178995596932317e+01 6.394338735268540574e+01 -1.734591681612551497e+02 7.639502733273611739e+02 -1.297159498772659267e-13
-4.231268792489263575e+01 1.973013320956055736e+02 1.131326346028494578e+00 -9.586709545680662359e+01 4.921373118991953106e+02 -1.277962170617105454e-13
-4.575041877903534981e+01 3.620340838333555098e+02 -1.731822314728850287e+01 -1.157284426060305123e+02 6.227454605877436506e+02 -1.686174027595635636e-13
-2.860666988626120144e+01 1.609025494290708025e+02 8.585635336706312515e+00 -8.975077687506797020e+01 4.300135170954717978e+02 -1.367954611954248385e-13
-2.947953630082651344e+01 2.625054004669107144e+02 -2.664156533716009800e+00 -1.087496364343238611e+02 5.551123924427458860e+02 -1.351424381044495969e-13
-1.099825930219596870e+02 7.055185115404274256e+02 -2.940881615803284532e+01 -2.107689389120929491e+02 1.086545329965956853e+03 -2.080664457435461535e-13
-7.740892561686116835e+01 6.174054602216476724e+02 -3.627866602901534776e+01 -1.565220997547588695e+02 8.306870901209488238e+02 -2.006058727357004160e-13
-5.902340674614313087e+01 2.216140615162589995e+02 3.294278594438583951e+01 -1.579507169920048284e+02 6.877519264537110075e+02 -1.443604875830844779e-13
-2.565482248298489409e+01 -1.561796239474372427e+01 6.609792293256350604e+01 -1.662199682328559618e+02 7.053385230947014861e+02 -1.264768912404952333e-13
-8.323705469835353199e+01 5.387628773460941147e+02 -1.432879698834263582e+00 -2.009030288567595903e+02 9.635668326512521844e+02 -1.789155383403017628e-13
-2.742900767140895368e+01 4.085976847875995333e+01 5.216159554005539434e+01 -1.557673613426888153e+02 6.828462708892192268e+02 -1.407259547564064164e-13
-5.022890477149012867e+01 2.116681285844875617e+02 2.648586873141148956e+01 -1.613480779806793066e+02 7.592919834718976517e+02 -1.545464541180281596e-13
-4.440731106739696799e+01 4.324183037284919351e+01 4.827588332101812796e+01 -1.446227674171890953e+02 6.310740839485482638e+02 -1.279798712617863870e-13
-5.798241724483958848e+01 2.389679821621265035e+02 5.435164051731301527e+01 -2.137908680300480739e+02 9.131835014963410231e+02 -1.610962164382915883e-13
-9.238876066272705856e+00 -6.498261379386160996e+00 4.012199890854922302e+01 -1.035128546162602845e+02 4.435398748349198286e+02 -1.197813690249686166e-13
-3.091498937554196136e+00 1.306233124632826446e+02 -8.351944208304075801e+00 -4.502794936094896627e+01 2.601727165689031267e+02 -1.247516111325539691e-13
-2.357629598543362093e+01 2.062860314472977166e+02 -1.332083529910227249e+01 -6.486593722032331755e+01 3.697369599786584331e+02 -1.291312689621897515e-13
-1.579894611874113330e+01 -1.733223663684615303e+02 6.458722567995036457e+01 -1.030968034140881997e+02 4.066438612886586839e+02 -1.001411214902144958e-13
-2.113296350481644126e+01 3.239860430004963519e+02 -2.620123188030547823e+01 -6.335843296185488782e+01 3.555832747273572636e+02 -1.418980521943995139e-13
-4.553643956574748586e+01 2.829331540972173684e+02 -9.615228360525636120e+00 -1.173382977179954594e+02 6.423795539322951527e+02 -1.459662833444301281e-13
-8.607412645356630776e+01 4.466377165789650689e+02 -1.766092198919809952e+00 -1.702033704443953468e+02 8.270713535465241648e+02 -1.702503652794621775e-13
-1.260394848830892833e+01 -3.130760633667377135e+01 3.251523720571097442e+01 -8.782747575206708746e+01 4.050896701555840309e+02 -1.044612653257340185e-13
-2.408622186746082150e+01 2.783164365867688161e+02 -3.061203042967708043e+01 -6.188380674397300396e+01 4.075311140352045527e+02 -1.404222605178540329e-13
-8.562071554669007867e+01 4.561801270466363576e+02 -6.540945852243751801e+00 -1.795545722938827566e+02 9.135236498684693061e+02 -1.888515148049237194e-13
-3.700282926626972824e+01 3.936710896140165516e+01 4.553660579874442504e+01 -1.364862911698559458e+02 5.967796421869162486e+02 -1.340808869864653363e-13
-3.949193859341345814e+01 2.194327737890870935e+02 4.462661088702755130e+00 -1.012282049043357688e+02 4.905499190814882695e+02 -1.295641663881141380e-13
-1.618865521410535990e+01 -4.528195606032945619e+01 3.605038964865067896e+01 -1.000527986640921227e+02 4.749009472282382376e+02 -1.300006975317291268e-13
-4.797105803748933539e+01 1.681126737236085660e+02 3.239598485080356483e+01 -1.579992676698879848e+02 7.309351872158642891e+02 -1.495042235341734359e-13
-2.959525240264013846e+01 7.969510084268618755e+01 2.355478702571850391e+01 -8.846978010706706641e+01 3.851911850927573937e+02 -1.189850287048358768e-13
-1.792577648513873712e+01 1.041628076065602073e+02 1.909111859378879572e+01 -8.919067776732602226e+01 4.006497011883807886e+02 -1.224560272388585547e-13
-5.834612791828178757e+01 4.544103774267102267e+02 -2.281424350019902647e+01 -1.179765362353355584e+02 6.051385871586127223e+02 -1.548894460858192269e-13
-2.363343386036985194e+01 -4.088420147864777476e+00 5.203298141502609298e+01 -1.315586744574237343e+02 5.539775971953802127e+02 -1.266483044950388169e-13
-5.962605527138177486e+00 -1.940116634753270262e+02 8.436770444792530554e+01 -1.299377838593218257e+02 4.755340420083159074e+02 -1.108430855140095519e-13
-6.086003267387894056e+01 4.214315147315847412e+02 -1.593494866067431381e+01 -1.309296943362040224e+02 6.723880854947253738e+02 -1.597763305562475525e-13
-1.028123185948466727e+02 4.487073409563805626e+02 1.898430984646932984e+01 -2.217234374707107918e+02 1.038921540281550051e+03 -1.723197251804469562e-13
-6.028966485753823434e+01 5.159068430547317803e+02 -3.716077286401172586e+01 -1.269202124046873195e+02 7.119844211197795403e+02 -1.635197669313727532e-13
-7.307858633289184525e+01 1.990248145433413356e+02 4.716599890499504255e+01 -1.780569798932117465e+02 7.483803653362564319e+02 -1.479447654010876741e-13
-8.523021095934313962e+01 6.951318789286492574e+02 -5.616586273543936159e+01 -1.739079641139176431e+02 1.017863327530758852e+03 -2.039042095662180417e-13
-2.678311318997271329e+01 1.327430472033465776e+02 3.467820352379884241e+01 -1.266268312289410716e+02 5.314078361049728301e+02 -1.175922803100034791e-13
-5.474742118524022771e+01 2.515828057311383930e+02 7.364984993882398356e+00 -1.321841201174064793e+02 6.564160110432665078e+02 -1.469319277972697572e-13
-3.677142862608424423e+01 1.742429322463736412e+02 2.447458231642701598e+00 -9.547437964398110921e+01 4.980219644075888823e+02 -1.229834062777570435e-13
-1.447644802596915525e+01 1.324561229848424091e+02 4.538694188633528803e+00 -7.018180533081570616e+01 3.453134264170870438e+02 -1.167542972097658492e-13
-4.753271294367230126e+01 1.005365446241582958e+02 3.074776551915905287e+01 -1.387816225083885513e+02 6.620043452346210415e+02 -1.266392574567047024e-13
-3.142351667795844961e+01 -3.136211391140885141e+01 7.065326043237519116e+01 -1.631801476407765108e+02 6.672859471367580682e+02 -1.314622626633680152e-13
-1.385944592497163086e+01 6.713569355481018519e+00 3.208849937194953128e+01 -8.790626375649787860e+01 3.803884482305367101e+02 -9.756805425067155048e-14
-3.134944291984297582e+00 -1.310708263243803913e+02 4.188641736453805464e+01 -8.379533434641626854e+01 3.912988722422907699e+02 -1.038728896725901605e-13
-4.534561786573286213e+01 2.570801655269433468e+02 9.854467381384872660e-01 -1.242926233458964731e+02 6.402064574380157183e+02 -1.489663967522128388e-13
-5.284267416949176521e+01 4.120053545135181707e+02 -4.143265991795153980e+01 -1.023799054847822987e+02 6.508039794483648848e+02 -1.711939215068337867e-13
-6.630888404732966990e+01 2.753336861259449506e+02 1.482433262411747776e+01 -1.496535090300087063e+02 7.085834026042814457e+02 -1.442297277948348540e-13
-2.149682102021145269e+01 4.949558533282252171e+01 3.456526472803693650e+01 -1.132068112609898236e+02 5.031410230567648227e+02 -1.188836597061923447e-13
-1.791356604824581567e+01 -9.027745794645299782e+01 6.185876181966356313e+01 -1.267100799495341619e+02 5.217998451466354481e+02 -1.125839504641528765e-13
-6.387865097979170770e+01 4.625840940317229979e+02 -2.763660528100388447e+01 -1.306329213947845744e+02 7.151227200421031966e+02 -1.547661716254488558e-13
-1.737206370028749447e+01 -1.034466365864226560e+02 5.973714909897718428e+01 -1.152298454082770434e+02 4.679030846690669705e+02 -1.136762072444472154e-13
-1.386387744906197099e+02 6.415624844337828563e+02 1.631384715140123731e+01 -2.743205680178399462e+02 1.267793590947157099e+03 -2.376010283088276182e-13
-5.075635810075976906e+01 2.248556281711720430e+02 3.320236678708199207e+01 -1.647132599584184902e+02 7.291682232930527334e+02 -1.469771986465977880e-13
-2.369425100159710951e+01 2.713325062704279276e+02 -2.446828672320063447e+01 -7.165186901433463618e+01 4.389614434332124233e+02 -1.451423500195539751e-13
-5.754224222305571601e+01 3.748351703951950071e+02 -1.997606084559015116e+01 -1.371240864168132418e+02 7.742066670453500592e+02 -1.653741831989535390e-13
-3.239419997486184855e+01 4.367247436281143109e+02 -3.072886606896532413e+01 -1.052207074046473565e+02 5.831170424702226001e+02 -1.594050610063588487e-13
-1.089446380683716029e+02 6.805566646348801214e+02 -4.488546268752320856e+01 -1.835576537110932804e+02 1.021159294892108278e+03 -1.974965940552728824e-13
-5.298531364677359079e+01 3.238778668770785316e+02 -4.760204607573128577e+00 -1.068233391072019032e+02 5.104543775426114962e+02 -1.493190568294611473e-13
-3.947958678323941228e+01 1.438980307838453143e+02 2.163244184240853585e+01 -1.391473219755208959e+02 6.909915160074500591e+02 -1.405605898129930793e-13
-3.582258785427662673e+01 -7.772518899263279479e+01 8.345272708373590831e+01 -1.765475116505698452e+02 7.092207404016078272e+02 -1.349735486133433896e-13
-7.681612183627675172e+00 2.216129219771625571e+02 -9.291938805909474297e+00 -7.431870824596394698e+01 3.961917875196630234e+02 -1.314882711950392250e-13
-3.539030745136595879e+00 2.286604725454357379e+02 -1.805064850176930236e+01 -6.775054948704931235e+01 4.029875137686471476e+02 -1.480103805499793582e-13
-1.420954156061412021e+01 -8.684742167188353790e+01 4.775555090181497775e+01 -9.113590196013254285e+01 3.705044009619715553e+02 -1.160126609903547648e-13
-7.858537165005690106e+00 -1.734414526339088809e+02 7.785512969084304302e+01 -1.357759354947351369e+02 5.413944052519291290e+02 -1.056527315868832723e-13
-2.030501486394990351e+01 9.858001135814929228e+01 1.869189169968773712e+01 -1.248531788533255167e+02 6.470724168378505965e+02 -1.484070569911132501e-13
-1.828447472916633743e+01 2.881909964548280527e+02 -3.264165892789874590e+01 -7.781501240375399675e+01 5.203813219133879784e+02 -1.394326852251829910e-13
-8.219623190606391461e+01 5.726350133180550301e+02 -2.993551067987762693e+01 -1.493318654927782347e+02 7.746227563543471888e+02 -1.806271168141633958e-13
-2.570267886152138637e+00 4.215956848595531170e+01 1.280590714765787119e+01 -5.096515198066791186e+01 2.295502846778306889e+02 -1.085462933228127060e-13
9.853815645517910449e-01 -7.831946552762849478e+01 5.948736634819881886e+01 -1.261073629823083877e+02 5.241511687899413801e+02 -1.244009534651919360e-13
-6.116057339864266851e+01 4.515084072924551037e+02 -3.504992770835589511e+01 -1.045442907455831687e+02 5.953904370942833566e+02 -1.513358729380859996e-13
-1.489193238181200485e+01 6.008813034557829269e+01 2.008656195445029979e+01 -9.443300287535322468e+01 4.619321477952177020e+02 -1.344471051511164746e-13
-4.470071666005795663e+01 3.050053801672808049e+02 -4.506806558814241193e+00 -1.286656463342880841e+02 6.695566791065277812e+02 -1.677414602967603494e-13
-7.596338846406295886e+01 4.080082926257946383e+02 1.369566982969017843e+01 -1.819772035124648255e+02 8.355411415778261244e+02 -1.560315250201572156e-13
-1.410203007509445605e+01 1.140580552029946944e+02 5.495649890235509538e+00 -7.125612348117215333e+01 3.599351009134823016e+02 -1.168129407633555401e-13
-1.584454243093822186e+02 1.110569889131445052e+03 -8.360898720282528984e+01 -2.387681032533518248e+02 1.324235816776151296e+03 -2.579022514121894878e-13
-7.007979550946221536e+01 5.689054938268425303e+02 -4.415140423444321982e+01 -1.248937570421875307e+02 7.041830077364701310e+02 -1.764924373832365264e-13
-3.189696192761061511e+01 9.992582274139859067e+01 3.573137092067686638e+01 -1.092971696307356950e+02 4.322894494895597290e+02 -1.211031005265059945e-13
-3.246677604236796100e+01 -3.983375421704599972e+01 6.845341230258868848e+01 -1.447971806537486827e+02 5.640286025263610554e+02 -1.153340173463523736e-13
-4.350916556422442483e+01 1.021100811521846765e+02 4.792014991990206596e+01 -1.471384880702372300e+02 6.069673798459880345e+02 -1.373190979684832906e-13
-1.913488183485136673e+01 -6.127066090631203110e+00 3.653031621191372835e+01 -1.142149997093555669e+02 5.382370174517312762e+02 -1.214069806706094167e-13
-7.501131862403270567e+00 5.475670367923873272e+01 -7.136340419116108613e+00 -2.610890769861601868e+01 1.809923140111926614e+02 -8.799406026930928782e-14
-8.062100146087695762e+00 -3.974558548909595146e+01 3.919707869450542148e+01 -8.869810827460855762e+01 3.743236181425996847e+02 -1.122696945861315435e-13
-5.048193208693351153e+01 1.744794393566323265e+02 3.066853449958999889e+01 -1.417830296553657945e+02 6.283027527962481145e+02 -1.329375909614922008e-13
-5.386599565558720570e+01 7.250401132102052770e+01 6.100484191218662033e+01 -1.880245049457198832e+02 8.197555196002161892e+02 -1.409407638707509513e-13
-1.199735050644801326e+01 1.988187070372232199e+02 -5.562775017961809176e+00 -8.776630103483374512e+01 4.794642051849587574e+02 -1.296592627953568720e-13
-3.719250806894027761e+01 2.865624762051820440e+01 5.409656102095951269e+01 -1.422941051328322430e+02 5.888405198891144892e+02 -1.208392766795265227e-13
-1.305012251093388329e+02 8.833811065067400250e+02 -8.440284555528140231e+01 -1.979549361497786890e+02 1.222044332609151070e+03 -2.253351718783145960e-13
-1.538296831805130616e+01 -4.829919277024556123e+01 7.563413672973992163e+01 -1.581250468623627228e+02 6.138347700919307499e+02 -1.326147114241306933e-13
-3.293160134881168233e+01 4.657273772574041004e+01 4.116363287126704762e+01 -1.230091187256583112e+02 5.289006933076755104e+02 -1.201265835481125523e-13
4.381563552050999455e+00 -2.946552626879833952e+02 8.610876108686778707e+01 -1.236887016344516468e+02 4.963899127499466317e+02 -9.884503223614892104e-14
-9.452549834976174736e+01 5.801456169402882779e+02 -2.991780189231588594e+01 -1.505746628398692053e+02 7.773402059114160920e+02 -1.685675135366777701e-13
-2.036247267509167003e+01 1.808729323593085212e+02 -9.352411668126045186e+00 -5.544629417714305930e+01 2.996666458623295171e+02 -1.176303886115758954e-13
-8.365341517801829241e+01 4.267744904337634466e+02 -8.423146120311105989e+00 -1.619093576459854091e+02 8.285880273722078755e+02 -1.667139425581940518e-13
-7.116544562206372859e+01 6.935617236285119134e+02 -5.577544777549633892e+01 -1.502131518333447673e+02 8.572166583913028717e+02 -1.906533968907790785e-13
-3.305723149088147039e+01 -1.492806404231340025e+02 1.086140738595327804e+02 -1.960365629309420399e+02 7.316106979766022960e+02 -1.286619945918232532e-13
-6.309034994713301359e+01 5.140942463135096432e+02 -3.712899473019287200e+01 -1.100740116798804422e+02 5.998576262580122602e+02 -1.675735496939406151e-13
-1.011460697377421099e+02 5.354563574617443464e+02 9.779680815831463647e+00 -2.231388818597319244e+02 1.043625345347979419e+03 -2.060149913049077544e-13
-2.452622570229911503e+01 1.481463171692917342e+02 -1.739794681484336580e+00 -8.953477757197561004e+01 5.041225171848225273e+02 -1.210455352906589954e-13
-1.194774345102343993e+01 -1.642055036231932093e+02 5.548906862698770226e+01 -1.053499514183435508e+02 4.733984437463797690e+02 -1.121085278103449024e-13
-1.397653894114157822e+02 9.630816203645464384e+02 -6.484077301087383205e+01 -2.245296523225060525e+02 1.216703814024997200e+03 -2.208618679669406160e-13
-2.205484453886469609e+01 6.975971217820516301e+01 3.657726248975394867e+01 -1.090524959859537830e+02 4.474112665912151101e+02 -1.068934549966008068e-13
-3.877006252122200891e+01 4.251172769266536307e+02 -1.861868673137739805e+01 -1.340887422498032038e+02 7.081160292959314120e+02 -1.687101044960017609e-13
-1.703185691246489952e+01 8.712337495533788001e+01 1.063176800884245310e+01 -9.374359709395018569e+01 4.980102015428601590e+02 -1.199849522230099952e-13
-3.434119805308670692e+01 -2.291796814173591912e+01 6.983326844580980719e+01 -1.578443241683200426e+02 6.304579803970639205e+02 -1.334900012694840368e-13
-1.337230586933913479e+01 1.379870208092111561e+01 3.075045707704118314e+01 -1.076961548406918894e+02 5.167996127006446159e+02 -1.228216923615987171e-13
-5.409356327913831564e+01 2.007120594269381897e+01 7.700223325855847634e+01 -1.892822922425467311e+02 7.642462480720460007e+02 -1.368932679731198892e-13
-1.912693640754351421e+01 8.676858129811942888e+01 1.248974726449380945e+01 -7.830457807809423798e+01 3.825669496370952061e+02 -1.136723495440707366e-13
-2.254985011616925661e+01 7.905123747126293665e+01 2.359417019343705846e+01 -9.642726250409759814e+01 4.389101979657560832e+02 -1.345145892563756541e-13
6.649112593630817081e+00 -2.317268471912947518e+02 7.157431833171166602e+01 -1.093382550126476360e+02 4.467814001464929561e+02 -1.098027345312534003e-13
-4.923605013835525845e+00 -4.349171449400627409e+01 1.287883598709927213e+01 -3.540769909447449493e+01 1.874904171327605127e+02 -9.034716126173763769e-14
-9.668718630082180709e+01 5.560031638502402984e+02 -2.849560158477240090e+00 -2.076591840305004268e+02 1.005387217297640404e+03 -1.956402405879894988e-13
-2.244086639051162635e+01 1.087092476291759908e+02 1.651880045081897919e+01 -9.064271167787073580e+01 4.235542752297004654e+02 -1.282258607253458268e-13
-3.160635950859289167e+00 7.536445300023612504e+01 -5.026265307633829948e+00 -5.957598122779975114e+01 3.773083404798246647e+02 -1.227803840145535516e-13
-8.646661490147417695e+00 -1.966354970020933308e+02 1.021658834598021173e+02 -1.665039993674172933e+02 6.092238745575830308e+02 -1.341627765893256563e-13
-4.116205755524386234e+01 2.321013424089081241e+02 -1.696369230806216777e+01 -9.189111904504073891e+01 5.557861405887468891e+02 -1.454165510515024152e-13
-8.148624458328370679e+01 2.219872651042571192e+02 5.956573418355796434e+01 -2.261112624667971431e+02 9.750844476255797417e+02 -1.641663304987268642e-13
1.870944175960814748e+00 -1.904826316266592201e+01 2.624899944162396537e+01 -7.276410791960701374e+01 3.349640425077322448e+02 -1.040199869201618905e-13
-1.049299762243736183e+02 7.981873092743627467e+02 -5.369925898581429635e+01 -1.798643921457986323e+02 9.662979298438075375e+02 -1.882572943007706685e-13
-1.164848167342055518e+02 7.094092501893427425e+02 -3.347455010020282629e+01 -1.854344142600448322e+02 9.394189104457402664e+02 -1.803414408751723455e-13
-2.685822068709022403e+01 7.740799858155750002e+00 2.546379795300078186e+01 -9.617267121255223117e+01 4.776671198766912880e+02 -1.032843970208209675e-13
-2.752972694733246684e+01 2.792446771092300750e+01 1.207443460750581643e+01 -8.785912612507365793e+01 4.927456897269130991e+02 -1.219811875001083000e-13
-5.577633878597643502e+01 2.586655677873190484e+02 3.119612619176884749e+01 -1.788961341728802097e+02 8.125092054813679852e+02 -1.615590079874803075e-13
-1.335597145838185185e+01 -1.098509826859089600e+02 5.276697235737695024e+01 -1.080653083245255459e+02 4.691205617886661798e+02 -1.010993307065029183e-13
-2.212248989145851041e+01 -9.435709480824154127e+01 7.527951908523873215e+01 -1.318364526869377471e+02 4.732477136745014832e+02 -1.104453946086228695e-13
-2.856715964256529006e+01 4.718363792332984872e+02 -5.912162129883684969e+01 -8.034605582990951689e+01 5.720366555621451425e+02 -1.654962563413193829e-13
-9.065484467297471838e+01 4.603285184979747555e+02 9.373606107474326876e+00 -1.900778365782798005e+02 8.792191853963478252e+02 -1.755734497579231254e-13
-4.452002450413829848e+01 3.047782342846674055e+02 -1.317861562904567485e+01 -1.083162012511873229e+02 5.884951933751972319e+02 -1.381010672530250560e-13
-5.468156857730047449e+00 4.615855615002344337e+01 1.227212777883081429e+01 -5.494419451390436393e+01 2.567809650283506357e+02 -9.417116274929743250e-14
-1.386499337214719496e+01 -1.555567855323504602e+02 6.578333610340988002e+01 -1.185783368641713196e+02 4.899921683824500178e+02 -1.082961477026627014e-13
-4.409097691497544957e+01 1.000875840225408382e+02 3.326385092645798380e+01 -1.414715685367798983e+02 6.642927035929265003e+02 -1.395678073069661521e-13
-1.618913269522077201e+02 1.140146032211373722e+03 -9.909343720388186227e+01 -2.180561002623918512e+02 1.262479497973255775e+03 -2.427577330878724057e-13
-2.186172070798428706e+02 1.430006032437595422e+03 -1.033510301064924306e+02 -3.102836734096123905e+02 1.696607140205143878e+03 -2.935216226427232928e-13
-8.189200053509921418e+01 1.682241784726032279e+02 7.277349163033346713e+01 -2.343359766828561135e+02 9.852715439034666360e+02 -1.563773435032665156e-13
-1.165233450393809562e+02 6.297568592574122022e+02 4.132573581837902132e+00 -2.514365562915378689e+02 1.200701820862100021e+03 -2.003801958064141301e-13
-9.077971764409242894e+01 5.638009750622042020e+02 -1.345815292945056285e+01 -1.829908911699667442e+02 9.018010016923956300e+02 -1.767318172875868943e-13
-6.483344313499636691e+00 -1.915695822856537234e+01 3.237689208242354511e+01 -5.926827918866884204e+01 2.050367397037372825e+02 -1.009079570618797809e-13
-1.127594853439540543e+02 6.728192860433343867e+02 -3.675355425227538575e+01 -1.882572092579294463e+02 1.006325754754636137e+03 -1.871351299299805840e-13
-1.134475661392255574e+01 6.235290045909461298e+01 2.762920854043506935e+01 -9.455663461177273632e+01 4.127546358889673002e+02 -1.167989252268279565e-13
-7.454497057864210774e+01 1.538562177642694166e+02 7.553475015090644717e+01 -2.420620605568885253e+02 1.030084222681384745e+03 -1.631932089962420998e-13
-5.021289702386892628e+01 1.242885129948669345e+02 4.655841267304388253e+01 -1.556803528506773375e+02 6.568086853059793384e+02 -1.341159040352458946e-13
-3.697615499304503572e+01 2.365896238357392747e+02 3.591454916610802850e-01 -1.028713343864024807e+02 5.152776540055485839e+02 -1.455649683436984690e-13
-1.850795961302427983e+01 3.140616611108495135e+02 -2.555534448237649059e+01 -8.930613950869089024e+01 5.331887821103891838e+02 -1.332847100355422972e-13
-3.648576358195013114e+01 2.718702482091277375e+02 -2.734707271657503824e+01 -7.412108554058610821e+01 4.736172784647393428e+02 -1.289289857955740097e-13
-7.330741272931602737e+01 4.000366838592196927e+02 -5.352294604062179495e+00 -1.509891176947463123e+02 7.551564124872044204e+02 -1.609850382846546399e-13
-3.859411137596209329e+01 1.926623734087448270e+02 3.918835338101785748e+00 -1.020926067309435581e+02 5.195374102511475485e+02 -1.364263810845571743e-13
-5.814105607826388677e+01 4.034696694813436011e+02 -1.502059701284419724e+01 -1.299852727647049733e+02 6.733900543262076326e+02 -1.450503347800511347e-13
-4.602953773002849402e+01 1.694725305954689247e+02 1.609891052112512710e+01 -1.105296847496725832e+02 5.152511556615875179e+02 -1.200406965297496453e-13
-2.436393107851775497e+01 -2.837075297527315456e+02 1.581724547768691309e+02 -2.442058618998630379e+02 8.366939405858047394e+02 -1.242681945001300329e-13
-7.474101933839340006e+01 4.304156135709821456e+02 -2.020273550971415588e+01 -1.255443818696288076e+02 6.569280997616057221e+02 -1.424847732689298340e-13
-4.852177199930409301e+01 1.923538163531662804e+02 3.810291797260499180e+01 -1.680243939398563668e+02 7.439261825739758933e+02 -1.494535497142431659e-13
-5.392057620224315428e+01 2.683147541223636949e+02 1.425052250768127315e+01 -1.504527308379813917e+02 7.227969293977740790e+02 -1.506856603064410193e-13
-1.898228761052621039e+01 1.268603698660740804e+02 1.799070016283301499e+01 -1.114420696824543029e+02 5.406029219271093780e+02 -1.304209773074605782e-13
-3.767087189447624240e+01 1.146982438253669301e+02 3.968372727715041748e+01 -1.389874177761182636e+02 5.956984482365518261e+02 -1.289665320546409977e-13
-2.809658631660692052e+01 4.925307794018074219e+02 -3.748683427666574630e+01 -1.037006979993084315e+02 5.751643083969489680e+02 -1.804435686590737482e-13
-5.981093543054058870e+01 3.403503700232805045e+02 -1.041283212252086976e+01 -1.247674013796500674e+02 6.552046894458270572e+02 -1.562396342351303567e-13
-3.888090742418651047e+01 1.545242355636846696e+02 1.184195530901057403e+01 -9.631364386531126343e+01 4.579562689477668300e+02 -1.184231074170759522e-13
-6.301346697546100728e+01 4.008023423059769925e+02 -1.565846005051720624e+01 -1.291961694927625786e+02 6.741350986552057520e+02 -1.554112709348273118e-13
-1.579438239571262592e+01 5.827937337710816479e+01 3.631512190565033649e+01 -1.116507118235301874e+02 4.750033166524891044e+02 -1.342945344733658492e-13
-4.439609905720958949e+01 1.836069222140933164e+02 2.656275859680172857e+01 -1.432695559400833076e+02 6.578980356038752006e+02 -1.326417670380252105e-13
-5.206616220952358987e+01 8.644118696300050431e+01 5.541691042309776094e+01 -1.597165437151303422e+02 6.550054490296265612e+02 -1.315010965007794793e-13
-3.218729378622109749e+01 1.494369972837760656e+02 2.184407882554551605e+01 -1.132221070393602673e+02 5.112667494292063566e+02 -1.293122331795358077e-13
-2.170585690293084902e+00 1.008164094262699848e+02 2.953326205743128341e+01 -1.073132203615165281e+02 4.580217310043432803e+02 -1.415539340132249678e-13
-2.935704075547397096e+01 2.701464156558133141e+02 1.254752565152585486e+00 -1.371388976334629888e+02 7.152346932974795664e+02 -1.565917983971634546e-13
-5.891847339271702566e+01 5.914017427485649705e+02 -3.621941851943130786e+01 -1.593675757061038780e+02 8.685640822948579398e+02 -1.850813644578392555e-13
-1.005721880387603875e+02 6.575426479060795373e+02 -5.245660235470486299e+01 -1.538425088755501520e+02 8.868386771011698784e+02 -1.886733771887283547e-13
-2.481718089320774823e+01 -5.755692747875540505e+01 6.945150150424586855e+01 -1.648602142551997076e+02 7.055506270193144474e+02 -1.509415186353617279e-13
