-1.514161239995920916e+01 -3.923030840220361082e+00 1.535220258782149827e+01 -9.843458734670535648e+01 5.662610230524047665e+02 -1.207900843651012285e-13
-2.736133334360188130e+01 -1.962828869940743104e+01 4.039035886647292983e+01 -9.409998765645407559e+01 3.881951681145113184e+02 -9.770231217633030724e-14
-1.177227479465528717e+02 6.344011694723706114e+02 -2.612892358714274277e+00 -2.325007655642301074e+02 1.113214687499364572e+03 -2.143297267661704564e-13
-3.331933085424097496e-01 5.682398121936963520e+01 3.531186906897525901e+00 -5.848025487696801150e+01 3.287319971631425801e+02 -9.907883843653482435e-14
-4.343675294610032012e+01 3.617829428261284193e+02 -1.535797537552681824e+01 -1.037402661570566096e+02 5.297703821572763445e+02 -1.497649889059048118e-13
-1.300512485922564743e+01 6.399335501983178176e+01 2.463721635642270513e+01 -9.750695746823940624e+01 4.505594130041117182e+02 -1.160308729209259707e-13
-1.654143018090346473e+01 -1.509353548879316236e+02 8.891293467529924044e+01 -1.670477472873532747e+02 6.642070473721325925e+02 -1.132539394474841137e-13
-3.045723537719695173e+01 1.702314599013036798e+02 2.867443852462661091e+00 -8.067468322087238164e+01 3.987829664751600944e+02 -1.220959568480034616e-13
-5.065128001009441050e+01 1.620613512543923207e+02 3.822387140730162969e+01 -1.708981717197909518e+02 7.847524902666460775e+02 -1.514190374417147657e-13
-1.044049099720884577e+01 7.092545808299678356e+01 1.450816648595381508e+01 -7.621881733260393332e+01 3.672610732324963578e+02 -1.253274978438851243e-13
-3.822239044256033225e+01 1.965465154221493549e+02 7.021508465781306718e+00 -1.085004311559979584e+02 5.398741631603032829e+02 -1.356071658657121021e-13
-6.362988251940464579e+01 3.845480773590291506e+02 -4.271935217601461332e+00 -1.403537690650355501e+02 6.881235079233238139e+02 -1.731148319259268646e-13
-4.156882478022326666e+01 1.905434591015574881e+02 2.050278236585232960e+01 -1.214501931806414206e+02 5.449452527857868063e+02 -1.356701786572533317e-13
-9.192204268979918425e+01 6.491098432508250653e+02 -4.596173613260175728e+01 -1.501955927516161182e+02 8.268958901563812560e+02 -1.778194711223903373e-13
-4.803265750338810314e+00 -1.074690555743108860e+02 5.515352277443614071e+01 -9.447347897083589885e+01 3.606951788251056996e+02 -8.936124910161497151e-14
-2.191097073623478764e+01 2.386293916139424027e+02 -2.205498557750681954e+01 -6.971085534189506916e+01 4.344989417206023745e+02 -1.315300438985688839e-13
-2.099534038703124850e+01 1.532012823497252043e+02 -8.283681062087730140e+00 -8.412014304772196738e+01 5.059435614175197884e+02 -1.245155583989081413e-13
-1.829264800624569531e+01 -2.737618031822511000e+01 5.355488906883748257e+01 -1.287340731039872992e+02 5.423626082910813011e+02 -1.276168801348977106e-13
-2.524841312364489099e+01 1.907304341156754504e+02 -5.156074555366634282e-01 -8.677442662689547603e+01 4.463964365689855072e+02 -1.324330826769460140e-13
-4.179405045730759838e+01 2.163651582497395225e+02 2.852101581692663146e+00 -1.023052448584675176e+02 5.103696733212216259e+02 -1.338087328449599606e-13
-1.012710504124465061e+01 1.256965775289146876e+02 6.238669784128659579e+00 -6.919100173463813519e+01 3.327285863653972910e+02 -1.083885642046461563e-13
-5.479389343420726988e+01 2.237389606538923204e+02 1.755015261262069970e+01 -1.373128537053366074e+02 6.460969789839899704e+02 -1.418062298586205892e-13
-2.290334875373534729e+01 -8.690663992447650799e+01 6.017812165258063573e+01 -1.439008844904189459e+02 6.456652707944699614e+02 -1.178442648052246778e-13
-1.637908611849164231e+01 7.761116011290033612e+01 1.627833837971052589e+01 -8.156925912413821322e+01 3.869687927835456094e+02 -1.122287379426184016e-13
-7.783656676198459934e+01 4.825289672380209822e+02 -2.880055934678627594e+01 -1.314744294811382304e+02 7.135700464003306251e+02 -1.580859912547878925e-13
-7.524591550803384621e+01 4.905379297267966194e+02 -3.081259460882719026e+01 -1.315922013723651958e+02 7.213666102950448931e+02 -1.627002111077931066e-13
-3.825664702874438916e+01 1.353318034549874369e+02 2.876998954485080162e+01 -1.202163780669764606e+02 5.242738225037788879e+02 -1.167160823996969562e-13
-1.704407445301507664e+02 1.212492109847057236e+03 -9.738347907347485943e+01 -2.266467378484936717e+02 1.256061205990168219e+03 -2.416529019994292235e-13
-4.366516680604826917e+01 3.339664215410535917e+02 -7.824765515446563846e+00 -1.215852619369468783e+02 6.219193028209424483e+02 -1.481420210083068656e-13
-1.348178994812471565e+01 1.680368779612858532e+02 8.814804683461595403e+00 -9.284518210671610916e+01 4.441007109180271186e+02 -1.232337595934488327e-13
-2.221392871122130241e+00 -5.959644055160260478e+01 4.571156090239446712e+01 -1.085509701560485638e+02 4.806416016623322207e+02 -1.089620121071809923e-13
-3.760058408642037886e+00 1.294163491550888523e+02 -1.547515878628705321e+00 -7.220238439322353940e+01 4.001417329186226652e+02 -1.189166227544732613e-13
-6.818374181970315817e+01 2.588064977893882315e+02 3.647092837487667794e+01 -1.846248431870204456e+02 8.171118013246375540e+02 -1.700136492648805267e-13
-3.439698542164145056e+00 1.224907737461506372e+02 -1.280177031547563615e+01 -3.338806657459871730e+01 2.164201600403829104e+02 -9.408950180947765363e-14
-6.136202330537971505e+01 4.412095184496956790e+02 -3.969265471668042267e+01 -1.071974497792581928e+02 6.505592301348208366e+02 -1.455634340516005535e-13
-4.308003037072089114e+01 3.109887981781889721e+02 -1.095416870656051067e+01 -1.093139834825601895e+02 5.763780622536708051e+02 -1.328052943720523929e-13
6.661739971240097979e+00 8.717508515038591099e+01 -1.984687592160372560e+01 -1.953418367466172256e+01 1.944110322719192538e+02 -9.632033638351604084e-14
-4.802649957837893879e+01 2.257912633793643806e+02 4.332404936179877986e+00 -1.000963907909468986e+02 4.790987181209390542e+02 -1.197747168599876465e-13
-1.026085480319953014e+01 -1.007235260377368178e+02 5.836896691266403536e+01 -1.021481252837233598e+02 3.867212892094897256e+02 -9.867096748472162293e-14
-8.498201836195774206e+01 4.169363953782388990e+02 1.634410987992208675e+01 -2.044811246240390972e+02 9.632926085828520399e+02 -1.722185012862363577e-13
-2.117262553926800450e+01 2.027014704270974335e+02 -7.670897241492133034e+00 -6.790113875874493488e+01 3.565670997664609558e+02 -1.100650826869773675e-13
-1.030542097870561413e+01 2.059039456358159370e+01 3.021405331344395861e+01 -7.600239635994677201e+01 3.021661209205918794e+02 -1.023928581515636401e-13
-4.899093155764182228e+01 3.097765850056383101e+02 -1.451570546034245446e+01 -1.151474665464449032e+02 6.393148216464848019e+02 -1.506358110361925905e-13
-6.372755495282675753e+01 4.975755065436586619e+02 -2.388483868408782129e+01 -1.345748555706311436e+02 6.918406188577871490e+02 -1.660629052081594933e-13
-3.256248474941979509e+01 1.081435978693176452e+02 2.776502082930510085e+01 -1.114841649200827618e+02 4.920065454716055342e+02 -1.205320915094962294e-13
-3.312460218004768819e+01 1.995588672014062581e+02 -7.433958155709958326e+00 -8.800267440041095313e+01 4.925018372833269495e+02 -1.221463549042264758e-13
-9.025961602249216398e+00 1.229300524198378781e+02 -5.260509624671295903e+00 -7.971173983303769717e+01 4.791953305439052428e+02 -1.182335855079340786e-13
-3.417251469466203417e+01 1.634697192192750208e+02 1.353915455377035570e+01 -9.837035939339580182e+01 4.543259428865516156e+02 -1.149496001640328096e-13
-3.979662757550731556e+01 1.334135998560635983e+02 3.058542488558932604e+01 -1.145832537122961838e+02 4.761778407768800321e+02 -1.065648801429797211e-13
3.343200058006716713e+00 5.720934236096425707e+01 6.190485349631944523e-01 -5.745633842886896048e+01 3.402294811661168410e+02 -9.032493737705725032e-14
-5.112341529586226585e+01 2.806646233967686044e+02 -1.101337461376147298e-01 -1.141121199457954702e+02 5.614379544456521671e+02 -1.434681478684526087e-13
-1.718742582608152958e+01 1.639501451711380753e+02 -6.844559606546905428e+00 -4.878100817753969665e+01 2.512300248642692964e+02 -1.002861303456255316e-13
-5.343652442264027513e+01 2.739580646915176203e+02 -4.202230083607640054e+00 -1.042059288033134834e+02 5.259992913231308194e+02 -1.319670053285798227e-13
-6.247953119823919366e+01 4.020736336539694094e+02 -1.734079793499424227e+01 -1.251649274869761257e+02 6.568806915197422995e+02 -1.448070508805277586e-13
-3.627535038014479341e+01 2.109159744168138957e+02 4.955078766362191800e+00 -1.058143930317201011e+02 5.244910682507884303e+02 -1.219169258269249626e-13
-1.468819048956111706e+00 -1.043654677639864161e+02 5.214511958919479895e+01 -8.780740187521008977e+01 3.328782665517924215e+02 -9.796087261216173027e-14
-2.930756057718303609e+01 2.285026806892970512e+02 2.928493518744997193e+00 -1.070029972427037848e+02 5.325352642396140936e+02 -1.327686820562163700e-13
-2.265671372611607737e+01 1.840320408439905577e+02 -1.197748722311976621e+01 -5.612609190145856530e+01 3.187380765008172148e+02 -1.085522054070741032e-13
-2.191943719293397308e+01 -7.845475614796903585e+01 4.710669901601009002e+01 -9.614437788636288929e+01 4.021617393875988569e+02 -1.000401019101725376e-13
-3.084318227807927926e+01 1.157942382138530490e+02 2.545226582098866075e+01 -1.126447190708074828e+02 5.090046473520802692e+02 -1.202938801474618509e-13
-4.883460529176156228e+01 1.874650584663806683e+02 2.343779934625352368e+01 -1.356120503010473328e+02 6.236078286628267051e+02 -1.260184079678753484e-13
-4.218116699883533016e+01 2.481119515890280525e+02 8.112129474946691232e+00 -1.143550633565735666e+02 5.343162469810197308e+02 -1.410938886622803241e-13
-1.690756516245602015e+01 5.511418812575155357e+01 2.085192183520876696e+01 -7.904234027344450908e+01 3.572144426247877504e+02 -1.017460566943725206e-13
-7.058449602844214610e+01 6.170674993023267234e+02 -5.109412632194921855e+01 -1.235131791314391307e+02 7.039742722984600505e+02 -1.576280275448687403e-13
2.956374418205574561e-01 -7.789274134995270060e+01 2.797890203678179688e+01 -6.568485039963877625e+01 3.195653582703860707e+02 -8.882851512749767574e-14
-1.603868622467578575e+01 -4.806322763365165684e+01 4.708518214946418112e+01 -9.647106368147963451e+01 3.821418432148857960e+02 -8.781644454625666206e-14
-2.489912125190467762e+01 6.207534081556934780e+01 2.731104510174289146e+01 -8.963096377265702586e+01 3.818828932506680189e+02 -1.077590176516265412e-13
-9.435840838372865846e+01 4.673854715617450211e+02 6.487948977571628362e+00 -1.964125763659661175e+02 9.351116997694828115e+02 -1.609527679465762112e-13
-2.477943364145272298e+01 2.411645041882770215e+02 -2.097801375801818580e+01 -5.464512591815281439e+01 3.244453554720611805e+02 -1.111273038637980733e-13
-2.043213068684416456e+01 1.107801736564389330e+02 9.959165206512864188e+00 -7.383141986041570703e+01 3.510518460570204979e+02 -1.089840691082378623e-13
-3.422119227081440584e+01 5.095079801028759334e+02 -3.910997647834506807e+01 -1.097120858627322093e+02 6.134944298712578075e+02 -1.631297452535708656e-13
-1.869916283486311315e+01 7.727082188499288407e+01 2.165449553547773220e+01 -9.010631426779326603e+01 4.101561697400140361e+02 -1.247971218143559713e-13
-4.883698162756147809e+01 2.608423267851840706e+02 6.901633306594608719e+00 -1.493764054485467057e+02 7.681581010256794571e+02 -1.455695449513020180e-13
-8.242962201008951695e+01 5.499663791651148586e+02 -2.997314449124597502e+01 -1.458046179004706744e+02 7.678240366601836513e+02 -1.690494186595369042e-13
-7.758718099226315701e+01 3.738282601633696913e+02 7.997889296708789786e+00 -1.750850237931043694e+02 8.508645857615282466e+02 -1.620666628768449654e-13
-6.831596972772068455e+01 2.108536885318739849e+02 4.502403370339909117e+01 -1.716999594826472162e+02 7.106702214423521582e+02 -1.395172922036573579e-13
-2.837680310590337740e+01 9.204738665947449761e+01 1.010465089525960636e+01 -7.960451538870357524e+01 4.027103472561655622e+02 -1.152572272129358295e-13
-1.587658156182108193e+01 1.713097073710059988e+02 3.190701627138121665e+00 -8.876274420898710105e+01 4.502937484878492569e+02 -1.273859539629646434e-13
-1.228142445478572569e+02 7.702706063179273315e+02 -5.979452897025850433e+01 -1.654596770007688633e+02 9.290555959764855061e+02 -1.863466266383559610e-13
-5.157172766755680726e+01 2.804688003154602711e+02 -1.806506057848289970e+01 -1.082370145080624724e+02 6.371618631375838504e+02 -1.524332630458355825e-13
-1.428311307333535751e+01 -5.140198206030698458e+01 4.578336264185983850e+01 -8.557879280300727487e+01 3.197130207014538996e+02 -8.803685956472325752e-14
-1.362730295860949781e+01 2.870842965081542957e+02 -3.335419348648640891e+01 -6.119503270145804663e+01 4.140266900668445942e+02 -1.231671428147926098e-13
-2.553399143762003121e+01 1.703742015574261757e+02 9.881378587846907646e-02 -8.103295649141898593e+01 4.188315303576313795e+02 -1.197399640681636751e-13
-4.850190620392919527e+01 3.002062723794587669e+02 -1.071672611620529558e+01 -9.361708142930130805e+01 4.772575150029923634e+02 -1.169758833359961177e-13
-6.841032084270352698e+01 4.268215232488807374e+02 -1.058903712437316180e+01 -1.389707323199573068e+02 6.882197275761799347e+02 -1.478072052938852157e-13
-4.816326954915832204e+01 2.360330052839013035e+02 -1.754311382622165905e+00 -9.021464442970942343e+01 4.441423494772443519e+02 -1.156499459576443178e-13
-1.868067063597542798e+01 1.838313158608335982e+02 -1.835628981663298243e+00 -8.026437877730853643e+01 4.161645707690849463e+02 -1.177141369291317063e-13
-6.841683999002042071e+01 5.617211396517059256e+02 -2.436984470729594321e+01 -1.655928708040054005e+02 8.563005653135843431e+02 -1.818107278561408817e-13
-2.567800091807180252e+01 -4.852539688274631402e+01 7.728687133889108907e+01 -1.517108850342365542e+02 5.602861682123137825e+02 -1.113372634137634037e-13
-3.122399429997734899e+01 -6.800293180469887488e+01 6.437583707057383720e+01 -1.259324709805493114e+02 4.840556523057297795e+02 -9.586006983422064852e-14
4.483344752339755601e+00 -5.907450787512198787e+01 5.917535624679926087e+01 -1.236672943944818854e+02 4.955910575347808731e+02 -1.101733977515186151e-13
-2.192107420231254267e+01 2.241800915738364210e+02 -5.492560167511811642e+00 -8.446703620139476243e+01 4.381791085053854431e+02 -1.266825486736124337e-13
-2.964240131005277590e+01 1.571152522613063525e+02 1.504840115447209570e+01 -1.012339804928040508e+02 4.685787335893560339e+02 -1.126488798597915905e-13
-1.683939923400068395e+01 -1.268428150800584149e+02 6.907945786291497825e+01 -1.383711591520104776e+02 5.808126147341853311e+02 -1.020785185014846526e-13
-1.964435655184847107e+01 7.299733655251961295e+01 2.806192217914735565e+01 -9.036094854968474976e+01 3.739444443335100345e+02 -1.190303395141579745e-13
-9.544260849757068010e-01 1.747261470707190867e+01 1.411073279223956156e+01 -4.138789032904136178e+01 1.749579193244186115e+02 -8.672830395619292816e-14
-1.180287424812071784e+01 -9.573850304640556530e+00 3.460748234396996992e+01 -8.557378005153005063e+01 3.605424111489983261e+02 -9.152390887873567768e-14
-1.408849442477128555e+01 -1.256139057040883245e+02 6.004637690783849280e+01 -1.134651903854186514e+02 4.703623037892164120e+02 -9.493615007192531703e-14
-6.994134622582871552e-01 -2.471112275885414888e+01 2.055828703929048729e+01 -6.756448745077295825e+01 3.406457539706085527e+02 -1.025684981004474427e-13
-5.104825241490817689e+01 3.572945959839749435e+02 -2.302431284102526021e+01 -1.190486874667592616e+02 6.851252783829943382e+02 -1.662104007866780039e-13
-1.199875714667658677e+01 7.004831330332029893e+01 6.483383656457765376e+00 -7.319211635162659491e+01 3.989908549319369513e+02 -9.945538787365757437e-14
-3.962852341922237542e+01 1.385575031463332607e+02 1.187987091881433344e+01 -1.105773612710791696e+02 5.653518006282833994e+02 -1.265147884080601055e-13
-5.760464968188838952e+01 5.393543053361195234e+02 -3.826258327140095616e+01 -1.284747736422041271e+02 7.122509960619009917e+02 -1.642561118754952492e-13
-6.421367272015024241e+01 3.045183491450071642e+02 7.610524008979540511e+00 -1.521321636038276210e+02 7.500161450921863207e+02 -1.512543673876802916e-13
-2.166156640781005649e+01 2.504211232852705393e+02 -1.668533818757097364e+01 -5.709705909982324101e+01 3.066081013580714512e+02 -1.245045530683150328e-13
-3.094431986715407490e+01 1.855953489902539104e+02 8.636624794416928097e+00 -9.954915474659958363e+01 4.773983529642049461e+02 -1.272618481081325348e-13
-4.781709004050960488e+01 2.024494391143827841e+02 4.236475395481038575e+00 -1.030531443119105148e+02 5.167604752755320305e+02 -1.192262638945284427e-13
-2.963660827514670970e+00 -3.271974185462823925e+01 2.234570616428978340e+01 -5.466373375696948500e+01 2.483490733474115757e+02 -8.510558618647163737e-14
-2.184193800560869292e+01 1.311446833998681427e+02 -8.328123970814939270e+00 -6.057190638524278370e+01 3.641379772718103141e+02 -1.261122838367747808e-13
-2.675356830381926798e+01 2.274032027931602613e+02 -4.552841795550506276e+00 -9.838810413589391146e+01 5.233762798008744994e+02 -1.299985627751729142e-13
5.373892837608127415e+00 4.985566828141839579e+01 -7.080868605933768656e+00 -3.281514187422742168e+01 2.293274256103096036e+02 -1.173110033923999215e-13
-4.175196073585755840e+01 4.114614264986574881e+02 -3.991233194699120901e+01 -7.931153394926123212e+01 4.863721008655445530e+02 -1.353172379614531289e-13
-9.124988902693678128e+00 -1.654402134446129082e+02 6.248480110025881373e+01 -1.005142606565878651e+02 3.969589175013006752e+02 -9.866778655695767755e-14
-4.415194445158232384e+01 1.593445021222899811e+02 2.584765200483909098e+01 -1.290244073763885240e+02 5.845576793605038119e+02 -1.303434745924477382e-13
-1.163819418205240197e+01 3.965519851789577643e+01 1.737281388103117052e+01 -8.168296711286005518e+01 4.086364792034560764e+02 -1.042776635390531391e-13
-5.646828732513220039e+00 3.617954721166606191e+01 2.722312400338107174e+00 -2.785181699903301222e+01 1.431872443995903836e+02 -9.189432600922678613e-14
-1.019760664257473692e+01 7.379716599316591896e+01 1.175044095679045064e+01 -6.434372317847177669e+01 3.029880372293461051e+02 -9.789118129702705326e-14
-8.642822444200864140e+01 6.598051790667458363e+02 -4.741971705871338827e+01 -1.464003301059200624e+02 8.028582635112352364e+02 -1.725584928787632984e-13
-4.041594763957645142e+01 4.290143206103184639e+02 -3.197857984309191082e+01 -1.082139401402857004e+02 6.169214860166455310e+02 -1.408479862299904630e-13
-2.788680299938006968e+01 1.017238543290341681e+02 3.693645802275385748e+00 -5.534310871307999946e+01 2.735743159966987150e+02 -9.891311659620329971e-14
-1.787606537702416887e+01 3.725698062986560188e+01 2.889611462656232632e+01 -1.001603519732901901e+02 4.607672486739616602e+02 -1.064754942373733785e-13
-4.382790682654226089e+01 2.402124259368857224e+02 6.457836747980601366e+00 -1.170686625584108640e+02 5.689728730311169329e+02 -1.365580501286320489e-13
-1.358429614592339441e+01 -3.683779007843173758e+01 3.638530611710293527e+01 -7.916910332310590093e+01 3.261431070789946602e+02 -9.344239177209672354e-14
-1.527150482495107298e+01 -3.247444074695714988e+01 3.376926186280554987e+01 -9.659436232916235099e+01 4.568499749093189735e+02 -1.075978474028311711e-13
-2.918025366433369072e+01 1.166252160903022457e+02 1.840807260602036166e+01 -1.045161170132636101e+02 4.988932948503673401e+02 -1.196437980410310093e-13
-5.039071028198941349e+01 1.350852274082205611e+02 3.179398245590319760e+01 -1.267230293582581879e+02 5.488175641216778331e+02 -1.409047270066947395e-13
-9.045447382787303425e+00 -1.781879276460536232e+02 7.290202708213132610e+01 -1.005532678166090506e+02 3.398307620891621923e+02 -8.907809062176158690e-14
-3.907630386152030155e+01 3.534299759777957206e+02 -3.027066242370255367e+01 -9.281043577415502455e+01 5.580129171235558942e+02 -1.439329406347098350e-13
-2.559164960523767363e+01 -1.004369985247182058e+02 5.925057292613053050e+01 -1.157467176184184297e+02 4.722828939248416305e+02 -1.028781227368213383e-13
-1.510519066359421281e+01 -6.802137496377511638e+01 4.554232983324808259e+01 -8.323985697879948020e+01 3.177574720629186231e+02 -1.025244605704169333e-13
-7.573294828600637629e+01 5.166269739452932299e+02 -2.295311372715823950e+01 -1.634186907732568557e+02 8.657718616574818498e+02 -1.793347098876740093e-13
-2.378423308404331138e+01 2.010822991726528244e+02 -1.526578213910867898e+00 -9.590001790270041226e+01 5.066128350342091835e+02 -1.314650702051649356e-13
-5.922494435955650971e+01 3.734313462017045708e+02 -1.914436725027416131e+01 -1.081080016581125136e+02 5.748346731567069128e+02 -1.338446880706022960e-13
-1.103094944899133623e+01 6.828253106185421473e+01 1.583379895287693451e+01 -7.829655450243815551e+01 3.746772537854849361e+02 -9.796937836162339008e-14
-1.221144816870161520e+01 -1.488182449572111636e+02 6.054366064553425986e+01 -8.669670159104751406e+01 3.042792229388770693e+02 -8.602737312497817310e-14
-4.541823091652378963e+01 2.771197808384769701e+02 -1.073683906008912103e+01 -1.060357732197935405e+02 5.778577795074282903e+02 -1.377327551738185457e-13
-9.071863138793808901e+00 1.047811991435139873e+02 9.058026043836443719e+00 -7.940069926946327428e+01 3.986820083145183276e+02 -1.264266109508114383e-13
-5.325924816188302202e+01 -1.428834330295515258e+02 1.033491508790979054e+02 -2.075270492862404126e+02 8.378997214662606439e+02 -1.230059163478404044e-13
-7.321366395852236053e+01 4.085218551790235324e+02 -4.125693098587352559e+00 -1.535405960971794457e+02 7.582071229424964258e+02 -1.490318382441522299e-13
-1.736554542506810961e+01 -2.692716931092682842e+01 3.563493855846076031e+01 -7.368243074689772243e+01 2.867760990033989970e+02 -1.010527582690312342e-13
-1.788275571833875688e+01 2.177669977058362178e+02 -4.800771655601755228e+00 -7.754991457589774484e+01 3.919587782327513423e+02 -1.210186187303124134e-13
-4.295111846349764306e+01 6.319839631498209798e+01 4.531288229151319769e+01 -1.260719289767040863e+02 5.106693963419793931e+02 -1.198168380529825385e-13
-4.049363909992562327e+01 2.124500021315129743e+02 3.210128168866807741e+00 -1.042398130335267439e+02 5.239607537143278932e+02 -1.214996607458368080e-13
-4.588022722354710936e+01 1.002361368556303916e+02 4.810382071550095873e+01 -1.350571249095862640e+02 5.259460049659668357e+02 -1.271619181061749030e-13
-2.903814015764176659e+01 2.268346837639495561e+02 4.494203726299284440e+00 -1.114262610493799457e+02 5.534645087109738597e+02 -1.372599720489496575e-13
-9.234165237563682638e+01 3.659883695504855154e+02 2.278131683251375605e+01 -1.822786712536920390e+02 8.102427462915874230e+02 -1.629541807413052215e-13
-6.488925589570406771e+01 4.161184831873941334e+02 -2.299622194519280782e+01 -1.131778352461167572e+02 6.022085683031980352e+02 -1.422496660228596712e-13
-6.162382586327057510e+01 1.836275070522614783e+02 3.647789347084793121e+01 -1.676611820468277472e+02 7.583180694092042131e+02 -1.452732583503035199e-13
-4.679089940836509953e+01 3.657528525384415730e+02 -2.655237021573787359e+01 -8.172498806013764749e+01 4.505904093709990548e+02 -1.292279129638766193e-13
-1.024951114373791938e+02 7.436268538158960837e+02 -4.242561006324763184e+01 -1.800283521850435591e+02 9.352756078912135536e+02 -2.126687016959818782e-13
-3.377557126462225057e+00 1.010055983342079600e+02 -4.920944065799186085e+00 -4.290259151380909231e+01 2.456787413652735097e+02 -1.018562482971904478e-13
-8.092068256214722055e+01 6.386962369105769994e+02 -4.019550648733237352e+01 -1.509569434017276421e+02 8.027166914134930948e+02 -1.722230058557607328e-13
-1.334753175131012171e+01 -2.349950489864730230e+01 6.044530106393696656e+01 -1.401881166921952513e+02 5.723537462423744273e+02 -1.299980057727842995e-13
-6.033815663531473206e+01 3.096458369542262972e+02 1.705727746262244438e+01 -1.610879232675270316e+02 7.459071149735573272e+02 -1.575553904425456885e-13
-3.465531065798158750e+01 2.915838454172842944e+02 -2.022147701247430618e+01 -9.169856737554646031e+01 5.316200527730530894e+02 -1.433052187541718386e-13
-2.526837424301462320e+01 1.664650280246829084e+02 1.337486411510352013e+01 -1.105859504554237986e+02 5.353007074833659544e+02 -1.290716971769430566e-13
-8.912338904574340859e+01 1.076387980462575626e+02 9.078174751161657241e+01 -2.475573344113969654e+02 1.003301239104562683e+03 -1.470772251344592374e-13
-2.152996329868345526e+01 9.697205435901884130e+01 1.551377447847137780e+01 -8.719855057626627115e+01 4.154739393011238349e+02 -1.176774504684610995e-13
-4.348528958948882206e+01 1.486355324203038037e+02 2.956010678517242951e+01 -1.352794419630275229e+02 6.106927530864242044e+02 -1.262607973622367092e-13
-7.652164174791342077e+01 1.771093219884133703e+02 7.336519766513816876e+01 -2.364897512842076708e+02 9.894235294137708934e+02 -1.627917292547627091e-13
-1.177108475551542988e+01 8.551681310751364151e+01 2.079498718041928740e+01 -9.272250588608184785e+01 4.271883124222983383e+02 -1.166050073502773059e-13
-3.183009674483956886e+01 1.972001590456302722e+02 1.257092115677981292e+00 -8.886037055373424209e+01 4.442997225139324087e+02 -1.169438985536581737e-13
-5.276404211330434890e+01 2.471490093082314274e+02 1.269338229394064932e+01 -1.289342363163972607e+02 6.036772522893739961e+02 -1.373700538793900108e-13
-1.963811889618514783e+01 2.123556371207986899e+02 -3.551361481056047875e+00 -8.597562106245391078e+01 4.445769248238633509e+02 -1.210655000157440839e-13
-2.028824736717141874e+01 3.943112497141987660e+01 3.036871584770009491e+01 -8.319443906548181644e+01 3.356686125299230525e+02 -1.012913947451140414e-13
-1.930657560622164937e+01 1.676229976760444629e+02 -2.817529739870340499e+00 -6.110010902775931640e+01 3.055390184746939326e+02 -1.011145124999004421e-13
-3.527403304118608673e+01 -5.657934964758788254e+01 6.285951404251109409e+01 -1.387549403132678094e+02 5.715766697206058780e+02 -1.046145450822844315e-13
-1.858555709676253898e+01 1.148070718705090627e+02 -1.122658878865575893e+01 -3.692744259210342506e+01 2.357711317393005857e+02 -1.023791038431097011e-13
-3.160344406376586335e+01 1.596402107343473062e+02 2.015782594288283036e+01 -1.213070984344513477e+02 5.689246397894710299e+02 -1.281612957381920603e-13
-3.302852106026413281e+01 -6.387266826261564745e+01 7.744787967869680756e+01 -1.567715192989902278e+02 6.045651585256413227e+02 -1.191870772586123185e-13
-5.459197961521912390e+01 2.519964536501773011e+01 8.765728294061935344e+01 -2.055326401011989788e+02 8.014334537327196131e+02 -1.434352831328618621e-13
-3.300582406727402329e+00 1.941843680698806054e+02 -3.120457647157153858e+01 -5.324303148671134522e+01 4.151195709267497023e+02 -1.186911901959113692e-13
-7.042676991648144202e+00 -1.940022746301896461e+01 2.535797712737848997e+01 -5.930923975356548539e+01 2.504771725979765051e+02 -1.017723870817623760e-13
-4.062070137731249275e+01 1.545145441022658304e+02 3.007337994442850260e+01 -1.398849311528729231e+02 6.340413397180373067e+02 -1.180270499881278493e-13
-9.948317482821819269e+00 1.098023856603778370e+02 -4.041692874599520202e+00 -3.778721983714950028e+01 1.991825736957174513e+02 -9.879389643674430174e-14
-5.733481248452098811e+01 2.719488501871341555e+02 -2.389782302722882612e+00 -1.088506832454460920e+02 5.470871791484213418e+02 -1.434725337549876831e-13
-7.081751839050004094e+01 4.287417123880886720e+02 -8.730570021611912424e+00 -1.419824058028329716e+02 6.951433028164036614e+02 -1.498239211059479135e-13
-2.624451646419896633e+01 9.058709929389503657e+01 9.419399028283933717e+00 -6.042953870824658225e+01 2.792637846104994992e+02 -9.405942941476197362e-14
-2.688101335541507453e+01 3.330193966102994523e+02 -2.716303643012002667e+01 -9.854079874881155376e+01 5.916330498821124593e+02 -1.414176900238263424e-13
-1.644511479947622590e+01 2.380365057364530301e+01 2.942757603228531593e+01 -7.840245824870996216e+01 3.209789198588866839e+02 -1.003894201837350881e-13
-4.035789798527711270e+01 3.090807827338215361e+02 -2.033194645589709992e+01 -6.871561803044667727e+01 3.649449582683570270e+02 -1.148951775966237813e-13
-2.825976295197309796e+01 1.576768581140083541e+02 -6.392028872351455948e-02 -7.690899298616527346e+01 4.014886590293829158e+02 -1.204228962246339508e-13
-6.492561256988561524e+01 3.027308766107564679e+02 8.272229338108250118e+00 -1.595175566907064990e+02 7.967415599093520768e+02 -1.487191115673308262e-13
-5.578253983662028759e+01 3.944731899482491144e+02 1.321853333351977966e+01 -1.855608959999590866e+02 8.726478350012945384e+02 -1.641532587825453670e-13
-4.569455040070565133e+01 2.697948196591545980e+02 4.380236688818186508e+00 -1.196787123210107353e+02 5.780770856762454741e+02 -1.322093398903895233e-13
-3.007235774329531708e+01 9.712379392361141583e+01 1.573170111791339210e+01 -8.784485312294533799e+01 4.183106453685187489e+02 -1.060465892312355805e-13
-5.437985960867947277e+00 3.949091587579065532e+01 4.329268989713737525e+00 -6.769522341816917788e+01 3.983178628079917871e+02 -1.061228111511036798e-13
-3.270298589436136893e+01 2.553342303831562390e+02 -1.606460891192365281e+01 -7.804376705360741084e+01 4.398398098764210431e+02 -1.176737588231301689e-13
-3.057373122833450552e+01 2.524391502361451671e+02 2.339593258993560632e+00 -1.034847312930498617e+02 4.950503564265666228e+02 -1.331352339159007011e-13
-7.562097026900825369e+01 2.934717856857291167e+02 8.889341816190553303e+00 -1.499808413810322349e+02 7.354817587052413046e+02 -1.351693960429152715e-13
-2.013522469624848910e+01 -5.203446988329712752e+01 5.993140647903216944e+01 -1.176250670796438698e+02 4.449454581582126593e+02 -1.029428581426849489e-13
-1.620282650730825580e+01 1.359474663076380523e+02 1.380400037792433476e+00 -5.701823161471898516e+01 2.744895800852286243e+02 -1.059616081392744764e-13
-5.323960266150209897e+00 -6.419758301609512330e+01 2.692673605008516446e+01 -6.428920870752864403e+01 3.068528313466608211e+02 -1.016550837509148413e-13
-3.861558974287348178e+01 9.919240090879358718e+01 2.752414819314009975e+01 -1.097355713000899016e+02 4.883785746353227069e+02 -1.177542206621432126e-13
-1.232404324471544221e+01 -7.848640682981095296e+00 3.807821465098609792e+01 -1.052612451433909797e+02 4.693866562801733835e+02 -1.138985098564050530e-13
-1.548652741598265692e+01 9.177139626162012576e+01 1.802440240918361880e+01 -9.202185911243586247e+01 4.356348395250993804e+02 -1.107701056537252245e-13
-6.714876727772765719e+01 4.693126708769374318e+02 -2.362622278217688532e+01 -1.341951015721762417e+02 7.084183750054963866e+02 -1.598644054741072677e-13
-2.066416175038399317e+01 8.515915383962044416e+01 2.798671546177092750e+01 -9.863808708387173851e+01 4.211278761656278107e+02 -1.110765335852147376e-13
-9.769291313576435698e+01 2.193208061394662423e+02 7.909252249054435424e+01 -2.603762768315122571e+02 1.082255622762899520e+03 -1.659324406962687750e-13
-5.342690131361084838e+01 2.492091360167954406e+02 1.574465438791335714e+01 -1.356606959655204321e+02 6.278272516318933185e+02 -1.299487922595993888e-13
-2.692607603234801195e-01 2.580082082226102216e+02 -1.824844523743141167e+01 -5.923297309041983283e+01 3.254055605048312714e+02 -1.320772830127994833e-13
-3.612126089509197158e+01 1.804887335084914071e+02 1.818430499388095001e+01 -1.208496262459221384e+02 5.631630373640809921e+02 -1.219177315278078842e-13
-3.179732539557207360e+00 -1.012877500843018339e+02 3.566682551100655729e+01 -5.393148043497085808e+01 2.084818284707234568e+02 -9.561999261247620308e-14
-5.934716744171490888e+01 3.083052735651797889e+02 1.127001886665211217e+01 -1.330789816048112471e+02 5.956822278729244999e+02 -1.292454388668063257e-13
-8.185916952976397454e+01 3.861649440270230116e+02 2.953875814739541639e+01 -2.120606337566656521e+02 9.523148336328408732e+02 -1.714946935600288571e-13
-6.387163535190227748e+01 4.384740861823494811e+02 -1.612174859171918229e+01 -1.499008409662285430e+02 7.885921728589717077e+02 -1.532694296380551942e-13
-6.881093506988295871e+01 5.597394530362875003e+02 -3.844734573073330353e+01 -1.346179040890105796e+02 7.397411815045501271e+02 -1.720615969857144332e-13
-1.041169638646615603e+01 -1.230833792678770422e+01 4.855075618707508767e+01 -1.177727840410777134e+02 4.896601697914737201e+02 -1.131314718195542083e-13
-6.516447200425876929e+01 5.272783806853325359e+02 -3.395013387202463662e+01 -1.263117740507874203e+02 6.789518718050774169e+02 -1.700636026431570385e-13
-1.025094999202591026e+02 6.685080274436819536e+02 -3.516800472861832816e+01 -1.716313065857829088e+02 8.875593330631297704e+02 -1.826064231349649480e-13
-2.267095278248527634e+01 8.290648384033620744e+01 1.339817092674051935e+01 -8.084540784672790892e+01 3.966672329184995647e+02 -1.062746516095433425e-13
-8.231588084725125043e+01 5.576335882460805351e+02 -4.166096095396287069e+01 -1.234157255494526737e+02 6.865752411225287233e+02 -1.526368227340926004e-13
-1.140932747604468744e+01 3.359710418056435515e+02 -2.939511772239659493e+01 -7.381593547256476029e+01 4.375437228109055354e+02 -1.265612256328539987e-13
-9.489176838266662628e+01 5.824639160882214810e+02 -2.631109004393904982e+01 -1.524177593180706367e+02 7.649096855685960463e+02 -1.642442251572297278e-13
-5.512999177905595616e+01 3.627195318746831276e+02 -2.405991754817457817e+01 -1.090196051827208095e+02 6.203473764707038072e+02 -1.459212815439547721e-13
-2.661300120901732313e+01 2.084064029765810062e+02 -6.390658234065768051e-01 -7.429828524648371513e+01 3.503097686959297334e+02 -1.148328473698227130e-13
-1.886495386807424168e+01 2.905135022789989989e+02 -2.592305383434220545e+01 -6.359243938478293501e+01 3.799938710748704125e+02 -1.323247009528427949e-13
-1.012421629629785658e+00 1.291067359598223163e+02 -1.280282296710347900e+01 -3.721069553989548240e+01 2.372600064304863849e+02 -1.072417151960060284e-13
-3.589703273240463233e+01 2.575095552110593076e+02 -9.275962343059863002e+00 -9.228431597306197887e+01 4.904681635917676772e+02 -1.312617066265294832e-13
-3.413962753900220548e+01 3.177126215663243443e+02 -2.494678242563353976e+01 -6.836651296900136288e+01 3.858266310740625045e+02 -1.216196589712054741e-13
-7.026419634605626641e+01 4.602835644215153366e+02 -2.612115238516734550e+01 -1.292986757563105016e+02 6.981318163621353960e+02 -1.429407433026644911e-13
-5.102293725231931631e+01 3.259437112403668380e+02 -1.962989529714411319e+01 -9.240435438935688239e+01 5.073004651602206536e+02 -1.272636874376231532e-13
-5.053175581363415603e+01 1.868566784719080260e+02 1.084289664240862727e+01 -1.104562054643475761e+02 5.356576835615617256e+02 -1.395926554808082194e-13
-9.797516492428469803e+01 7.449264595270024074e+02 -6.935849083529340930e+01 -1.446815481114227850e+02 8.693046223490888451e+02 -1.924776328088708869e-13
-1.017437543915748321e+01 2.857730947836711266e+01 2.544729689054696209e+01 -7.257622112761072231e+01 3.038088353696998638e+02 -1.047531719170826206e-13
-6.034480360457313708e+01 3.826699687930375831e+02 -1.964595501254525445e+01 -1.075057961399491830e+02 5.672055299085619708e+02 -1.340602224035804406e-13
-4.313159900426614968e+01 3.371380095702492667e+02 -5.228442502227481192e+00 -1.159050729976121517e+02 5.647582565354000508e+02 -1.405024255436684900e-13
-5.654209863801901292e+01 4.032740621186416661e+02 -2.195002380446545587e+01 -1.063848563431810135e+02 5.592818179637082494e+02 -1.488998107611100135e-13
-5.361620442544825238e+01 4.477534780039653128e+02 -2.726680349351999055e+01 -1.260700562666110613e+02 6.929850652134745133e+02 -1.564920275068887643e-13
-4.483771128470567646e+01 1.755673762386861938e+02 2.541694604898099996e+01 -1.288126593693843631e+02 5.739620893826693191e+02 -1.356770412832013980e-13
-2.300530030224859956e+01 4.410310659069858019e+01 3.334418132722779404e+01 -9.751485430557137590e+01 4.094372287322284478e+02 -1.217169343345094310e-13
5.021973611252650294e+00 9.261506569988701187e+01 -2.756721405644399780e+01 -2.139962904321961901e+01 2.524327747343009207e+02 -1.033681250397305651e-13
-5.613260787040676547e+01 3.084242437066118896e+02 1.059006079632886177e+01 -1.434411905819593471e+02 6.696174840548889051e+02 -1.541772962956757832e-13
-4.908765643819771185e+01 3.383344442727059800e+02 -1.377437285018201329e+01 -1.030973281294650690e+02 5.325454409258837813e+02 -1.414474391622639485e-13
-5.944860577432834958e+01 3.825555719619011370e+02 -1.490101526478475336e+01 -1.131691005953083646e+02 5.749522473883031353e+02 -1.459515667954320104e-13
-3.338800298866389227e+01 1.818216107579666527e+02 5.461192428791571629e+00 -1.114731186854676537e+02 5.806906280576578183e+02 -1.231010743088697875e-13
-5.270712830442229091e+01 4.713824597441351898e+02 -4.659552822425380469e+01 -8.439769959196929960e+01 5.193264576162833919e+02 -1.385806418770911535e-13
-3.024682998007197909e+01 1.439844568701892911e+02 1.038763787982110820e+01 -8.686389898042882862e+01 4.114995141587336889e+02 -1.122341176218722182e-13
-1.907798916857176508e+01 1.182937263055582662e+02 -9.491373454550849686e+00 -3.941745213231840950e+01 2.388253409903526574e+02 -9.960994574396001051e-14
-8.325748580323498516e+01 5.368342184762516354e+02 -2.195096740516487621e+00 -2.095793285020029373e+02 1.028201113209469668e+03 -1.906063804729341317e-13
-1.051643503459912239e+02 5.159363104091626155e+02 3.755005738282574668e-01 -2.087245306717777282e+02 1.021349876231739245e+03 -1.708735954499945818e-13
-6.227469313950820862e+01 3.192188951512399626e+02 9.377284679967168302e+00 -1.502867808761677679e+02 7.154732637911504298e+02 -1.462806904340498727e-13
2.371211305606385267e+00 9.022552290373859307e+01 2.082035315344713311e+00 -4.687102950829950032e+01 2.354035544689209871e+02 -1.025946856561271602e-13
-1.049370774872439149e+01 1.011723769259709940e+02 1.159817510255620654e+01 -8.132692287167118650e+01 3.980058557816462326e+02 -1.089963696187372008e-13
-9.902300548101566235e+00 7.583190214726330680e+01 2.303066261255517944e+01 -9.355017342392159208e+01 4.255472531856087812e+02 -1.152011374059665221e-13
-9.507143073632543917e+01 5.439265180027119868e+02 -2.944846837213818347e+01 -1.390471619272192356e+02 7.234736743176948721e+02 -1.630677998122530212e-13
-1.875753302018735980e+01 6.036725497593500300e+00 9.768434924798521379e+00 -5.203448070133698877e+01 2.827770149762048959e+02 -8.638437918801840258e-14
-3.229484858755032661e+01 1.769372374973121111e+02 2.475714831424219664e+00 -9.213928332851659775e+01 4.734373756417121513e+02 -1.260332089256853049e-13
-7.186875144257642489e+01 3.955233731504962975e+02 1.139753669495272348e+01 -1.831819980031111186e+02 8.675534070944299856e+02 -1.551747717221013509e-13
-2.378500845360930782e+01 8.914495583491296316e+01 2.568628886609610973e+01 -1.180584456235884545e+02 5.635025418219366884e+02 -1.270445861904734839e-13
-2.571525421319373095e+01 2.322120507666780895e+02 3.174660989590612381e+00 -1.142761354824656621e+02 5.771261563614907573e+02 -1.423141729712616343e-13
-8.147593100725799786e+00 -1.605812327802588015e+02 7.536344265439774404e+01 -1.359411216526908674e+02 5.490156710718065369e+02 -1.190022645475950995e-13
-4.779790852047452887e+01 3.345589848552196486e+02 3.639525382914384988e+00 -1.547195218458535351e+02 7.707660526710911881e+02 -1.683555874217879667e-13
1.506548181706664602e+00 1.972265305660258505e+01 -1.072737868562540520e+01 -2.973877806520490097e+01 2.541805733623634467e+02 -9.211905635173918973e-14
-1.172367365786399240e+01 1.078511243219428906e+02 4.780815489065919355e-01 -7.122666506526459784e+01 3.964614332905377978e+02 -1.122791746422448324e-13
-5.861522173311703199e+01 2.503153215607672735e+02 4.233642643396807159e+01 -2.000293861296949274e+02 8.893279581299108258e+02 -1.569432154692460145e-13
-3.095744682076546539e+01 9.080820318031197758e+01 2.743671579256786686e+01 -1.000027731857028499e+02 4.296726184287684305e+02 -1.142791570085276877e-13
-6.001344889205856958e+01 4.526073746780884335e+02 -2.970612374375618003e+01 -1.214128082117488532e+02 6.737386088747198301e+02 -1.530723354448887607e-13
-1.439343406178098972e+00 2.312853214167073901e+01 2.221432915327379121e+01 -7.249534667179969460e+01 3.279938619633018106e+02 -9.252181119046878880e-14
-4.932979524495930690e+01 1.997566145773891719e+02 1.883489461779753427e+01 -1.212967543924402776e+02 5.478270146664760887e+02 -1.219969381311339701e-13
-2.786218930501514990e+01 1.607101667660186024e+02 8.851700903008214993e+00 -8.742524001782327048e+01 4.128152416923562100e+02 -1.131510816219575050e-13
-5.726105689161425971e+01 1.387362715547963887e+02 4.363290567152121469e+01 -1.530481646120767039e+02 6.472360874651875520e+02 -1.228760376493186084e-13
-1.969805957302006760e+01 1.229917916046387205e+01 6.144078711909231316e+01 -1.580964400484397174e+02 6.600391052553155760e+02 -1.286899890337440875e-13
-9.378351176756224206e+00 1.481041973083803782e+02 -4.321781870052303631e+00 -5.290590293207018391e+01 2.744476515196773221e+02 -1.117881350957277130e-13
-6.532176335630877873e+01 4.200407228804080546e+02 -1.889917257912592419e+01 -1.385630882395144567e+02 7.437285873385146715e+02 -1.597309977121562440e-13
-2.987588128051949354e+01 -1.042677922823607020e+02 7.190769500448091378e+01 -1.422142405918647512e+02 5.719177967439511576e+02 -1.021557251312426847e-13
-1.707706820524230196e+01 1.823718222582620001e+02 1.689411274307196820e+01 -1.125372152513316735e+02 5.141631304617865226e+02 -1.307683915029302051e-13
-3.609211771841141569e+01 1.874787136152715448e+02 9.777178189053083557e+00 -1.020917454891632303e+02 4.857966919731805433e+02 -1.116438016000166371e-13
-2.365209778787772166e+01 7.571746409911375508e+01 2.754578395223796505e+01 -9.415708339772346847e+01 4.007730257581903857e+02 -1.056683030128834258e-13
1.810538474614343585e+00 -1.053125067894308984e+02 3.655770328161051452e+01 -6.719235119057289296e+01 2.948846288217337133e+02 -9.421048278253802578e-14
-5.429959778107019019e+01 3.977491978414388996e+02 -2.783533705084683518e+01 -9.687547890398771244e+01 5.371349495870705368e+02 -1.362063376792138631e-13
-1.944156618026914884e+01 -3.492801600997280786e+01 5.880686016136852601e+01 -1.506719226109428007e+02 6.617432713818609500e+02 -1.136210048488544667e-13
-1.031755087213211652e+01 -1.371318680338069953e+02 8.035654809863918047e+01 -1.501309925884773406e+02 5.951635795016286465e+02 -1.156065140076197988e-13
-4.954279498476720534e+01 2.493394211750426450e+02 -1.013966966343717147e+01 -8.745668137901527928e+01 4.695573349977051976e+02 -1.205828236758575575e-13
-9.622844275314122342e+01 3.978476657798821634e+02 9.123455651516056975e+00 -1.953011692784008062e+02 9.618957207925683406e+02 -1.706211825208427098e-13
-6.213108122645568443e+01 3.137804377196990231e+02 -1.670614434770843815e+01 -1.111369303924414993e+02 6.234462752971726331e+02 -1.366484107436179267e-13
-4.578370152949721472e+01 2.119900766488021873e+02 6.841794369508223284e+00 -1.044940448612402406e+02 5.027319064479493136e+02 -1.300887259082895996e-13
-3.088551232018932424e+01 2.968640183198974682e+02 -3.051615237840123385e+01 -6.526688882160530625e+01 4.160184988201292526e+02 -1.310045668022345291e-13
-5.579997723067785387e+01 3.637432419257550578e+02 -2.313790213267518681e+01 -1.060089618925928932e+02 5.934445158614820457e+02 -1.337944168822999179e-13
-5.451806698492416103e+01 3.230887855385345375e+01 7.781975536856910480e+01 -1.919142359536571121e+02 7.676997198263277369e+02 -1.309898665592892215e-13
-2.144215321995795520e+01 7.762997918205708459e+01 2.300237679023357273e+01 -9.046877438381238790e+01 4.036898661881972430e+02 -1.134213657237969560e-13
-5.754336923757501410e+01 5.251865922749037736e+02 -4.028603736131535129e+01 -1.287774979452344439e+02 7.376759438041661952e+02 -1.607841014592634443e-13
-3.831106219449504380e+01 2.005624903307836746e+02 1.711818541291172124e+01 -1.200224988251555800e+02 5.496703457321815449e+02 -1.419609509726512094e-13
-3.473392432404973107e+01 1.016819893275751525e+02 3.008038661619201903e+01 -1.039384453129910213e+02 4.311899141735797798e+02 -1.247236282005178911e-13
-9.240525672238463528e+01 5.624480862855685928e+02 -1.565688556683178589e+01 -1.848977534560115714e+02 9.297081344686728244e+02 -1.841454686496146477e-13
-2.305972058872210440e+01 4.031030010540298747e+01 2.814911902256573129e+01 -8.538405721170583718e+01 3.639686601628541780e+02 -1.063104610210445269e-13
-5.677548620906976140e+01 3.918783602150508045e+02 -3.369931571291400729e+01 -9.429807760930852112e+01 5.617092244767143256e+02 -1.339908851663991927e-13
-7.763278899826175916e+01 6.050721865727726936e+02 -6.702352323934911738e+01 -1.169656893154814270e+02 7.708745617257667391e+02 -1.696793146880359490e-13
-3.914402256205081443e+01 4.377596218198070233e+02 -3.941954799564904732e+01 -9.381404653034286412e+01 5.613702428939348010e+02 -1.406676397094109724e-13
-2.048028340438334283e+01 -1.176566937929729306e+02 7.834684694018160656e+01 -1.590333968483951992e+02 6.535701002086609606e+02 -1.289955302645297903e-13
-3.276233759324411920e+01 1.177476122343777689e+02 2.066175242594245987e+01 -1.062349593759177679e+02 4.951789980263623079e+02 -1.149859996052852151e-13
-8.420166121269738824e+01 4.381741941201489112e+02 -3.857896110035944570e+00 -1.737439511734556277e+02 8.705067123101982816e+02 -1.597510376664085989e-13
2.294082808382048810e+00 -1.645339745670695575e-01 1.412063970799869672e+01 -4.332243186803248136e+01 2.008730495616042333e+02 -8.254063219589046455e-14
-5.020179308541901264e+01 1.186354343599670216e+02 3.987896128499729542e+01 -1.337370219765095669e+02 5.562529838131526958e+02 -1.305940868652319414e-13
-7.023763695479198077e+01 4.637740316030668737e+02 -1.875763254057777374e+01 -1.313197377695192074e+02 6.619571803616913712e+02 -1.545685990849766498e-13
-7.741740592187611014e+00 1.007701948620042600e+02 -7.061746753528057585e-01 -5.620155139418146462e+01 3.082466834093858665e+02 -9.978959821598262465e-14
-5.745417742745211775e+00 4.538402685107873680e+01 1.744111935326750640e+01 -6.302272540312980453e+01 2.785328451331961901e+02 -1.046103326482872413e-13
-2.313135647967866859e+01 6.782940645640661614e+01 1.495749757766144405e+01 -8.708246516917789393e+01 4.396943319817281122e+02 -1.080836549353364753e-13
-5.210642251288404481e+01 3.811654806319222644e+02 -2.773890031551176349e+01 -8.369258984754782205e+01 4.600867506400098250e+02 -1.287517048208025551e-13
7.074313557820077314e+00 1.110424552331699566e+01 1.388801467084893915e+01 -5.989198648063403141e+01 3.054718713616467198e+02 -9.407719212030829532e-14
-5.657656650816954169e+01 2.664695837663315956e+02 1.169038567096062664e+01 -1.321048171169224190e+02 6.172104191474140862e+02 -1.392853281272695307e-13
-8.927361283139784121e+01 6.049720273363735714e+02 -4.246187988926653389e+01 -1.342156751357574649e+02 7.294970057708648028e+02 -1.597646618610026823e-13
-5.240505683502806278e+01 2.413937681407785192e+02 3.792562379727480959e+01 -1.857341237332198034e+02 8.280536254060843930e+02 -1.497942080297990105e-13
-9.154840409381807831e+01 5.322408578220132540e+02 -1.356102799909417556e+01 -1.829934704941622954e+02 9.256913364689330592e+02 -1.705220444958791767e-13
-5.841716802777875017e+01 5.197113260218436608e+02 -1.554468863198168371e+01 -1.790889305870255725e+02 9.213710202329543790e+02 -1.825156285364074606e-13
-3.607811353184943215e+01 1.707515495485839949e+02 1.715533302640950097e+01 -1.134230059462803837e+02 5.269911782037621606e+02 -1.272704515016261461e-13
-9.563503808614653678e+01 6.163181418836300054e+02 -2.721968033602238179e+01 -1.697419371750181085e+02 8.623018184164511695e+02 -1.832145329887056518e-13
-2.344005100625820504e+01 4.099602997563820281e+02 -3.513441320808608737e+01 -9.439266823166468612e+01 5.582431422807570698e+02 -1.586548056143742863e-13
-2.519857932104731546e+01 5.368428205526063834e+01 2.745952762829378457e+01 -8.944494541292174006e+01 3.858525701876027938e+02 -1.033926485700329773e-13
-1.822929174818818510e+01 -1.648528857021677254e+02 8.338388497367301966e+01 -1.260380384009848740e+02 4.341744043566708910e+02 -1.032319081832001873e-13
-1.263140675105105970e+02 8.247497645857185944e+02 -4.377106672293393785e+01 -2.189764276199531139e+02 1.146076482365017910e+03 -2.024715924353290013e-13
-5.122806394237350247e+01 4.318333865350145970e+02 -1.828941019501857923e+01 -1.420561868388111009e+02 7.546304788008064861e+02 -1.619134462482028905e-13
-2.320346563799142814e+01 2.804098684304255471e+02 -1.750358057600815087e+01 -6.490021134764296562e+01 3.422548898357302392e+02 -1.347093938484865117e-13
-1.088248150631973203e+02 2.155575951229399152e+02 1.031400550189444374e+02 -3.247414709834265523e+02 1.363621166703068866e+03 -1.874535775068974859e-13
-1.615241611386510456e+01 2.718717445790653642e+02 -2.033036869069496788e+01 -7.752596033625778205e+01 4.515350661085237789e+02 -1.354979927754646448e-13
-7.317077480018067348e+00 9.398671484866382286e+01 1.323336508871420669e+01 -9.428223947152839912e+01 4.799088927141078216e+02 -1.322722054270378239e-13
-7.739463395906599708e+00 9.964431253380242026e+01 8.509849931964973635e+00 -6.829407934091103982e+01 3.313044143439834102e+02 -1.170120259869491351e-13
-3.240925877288120915e+01 -2.439776639459671159e+01 6.577575273648743348e+01 -1.490196788886458421e+02 5.982243947731569733e+02 -1.202326443033630241e-13
-5.054266637949646679e+01 3.779172022916012565e+02 -1.344929975225826446e+01 -1.156969394228337791e+02 5.860540658486773964e+02 -1.448186122950109366e-13
-1.565068483509548081e+01 2.283862629008164902e+02 -1.503585672304410181e+01 -6.785648481605183235e+01 3.845787889018832857e+02 -1.378056030635749296e-13
-4.421454913489191796e+01 3.130292318459661942e+02 -2.396629965323644740e+01 -7.750836167602329851e+01 4.444475527337983749e+02 -1.296611406229845822e-13
-5.508618327518012592e+01 2.914516129841665020e+02 -1.051237815219894456e+00 -1.160393974902478504e+02 5.724925247809162556e+02 -1.368159034346383556e-13
-4.550417122153734084e+01 8.859319692721439310e+01 6.314099574345287635e+01 -1.739647688948428481e+02 6.997070791021446894e+02 -1.280947579812552529e-13
-7.841333200381775725e+01 3.212257178603364309e+02 4.409987494263101127e+01 -2.164766544519843592e+02 9.364426518604178682e+02 -1.711069263098480043e-13
-3.937885882904239310e+01 1.149773339886347543e+02 3.069995474334038832e+01 -1.418634321909857192e+02 6.724079264691607705e+02 -1.345887225750990631e-13
-5.207655439440636513e+01 4.142036361040354109e+02 -3.184351400878742311e+01 -9.281995177763985794e+01 5.234564365684681206e+02 -1.492846681403543733e-13
-4.754458185978279516e+01 4.246690427085331407e+02 -2.036552925617840870e+01 -1.156116757543494771e+02 5.954211084182481954e+02 -1.598203933789041233e-13
-1.859553837969176371e+01 -2.876929338789370050e+01 5.524564911579695092e+01 -1.326294621150916555e+02 5.587393055161219309e+02 -1.065440185573594762e-13
-3.181370588797122423e+01 1.934996420033572804e+02 8.700940239362981998e+00 -1.055374898907043644e+02 5.114315807812464527e+02 -1.174407444929632891e-13
-3.512964605802364559e+01 4.899926065348584103e+00 6.292413393690915768e+01 -1.597360627998922098e+02 6.669974804197141793e+02 -1.402625880830270308e-13
-1.439668392366178473e+01 9.785161703681916379e+01 -9.726585565683203427e+00 -4.000831410270375699e+01 2.593411526506964719e+02 -9.026420708371529982e-14
6.946861102191715709e+00 -5.721691007498096582e+01 4.454668527445849691e+01 -9.662368616690594081e+01 4.061707046968348891e+02 -9.893856487041580587e-14
-4.224634345122161960e+01 2.794243977526850813e+02 -8.865638483548941906e+00 -1.044108661437935694e+02 5.532454307106575015e+02 -1.351126315448873096e-13
-4.896081069333970959e+01 3.523983867808346417e+02 -9.685008317217638663e+00 -1.135115565631864740e+02 5.660054984706595178e+02 -1.337557091501699716e-13
-6.565242001976004360e+01 2.697313145860642294e+02 2.087201827200274451e+01 -1.481864122198374787e+02 6.640796685040129432e+02 -1.393556410343919574e-13
-1.958044798819204857e+01 -1.651912156898914219e+01 3.224304389817713457e+01 -9.782356435600011935e+01 4.631600651577996928e+02 -1.014558449638632926e-13
-3.845415272225841363e+01 1.882310716943348723e+02 9.501397298204583564e+00 -1.119472736794841552e+02 5.532691917547036837e+02 -1.335950247608680242e-13
-5.145871996456029507e+01 3.001594697677270460e+02 -8.336680596510925856e-01 -1.234430502658046294e+02 6.144675786729568472e+02 -1.427925177696377007e-13
-1.186638237317846887e+02 7.511452598263927030e+02 -3.820673421538752024e+01 -2.101623069443581358e+02 1.105295031361253450e+03 -2.008311958740835372e-13
-2.922448458013844075e+01 1.488149711659254706e+02 2.192269295274233443e+01 -1.119295040136885433e+02 5.025302936950161552e+02 -1.207508130183413964e-13
-2.410307807481435916e+00 -2.285769528102437391e+02 7.980615932993212880e+01 -1.327614492937016735e+02 5.491776663060583132e+02 -9.968644057515637774e-14
-4.684833782153328485e+01 1.350033861418126548e+02 2.336053423340123558e+01 -1.272441459096507259e+02 6.064334568069455145e+02 -1.278550178480856080e-13
-5.505019522322492520e+01 4.158969163736822452e+02 -2.146299452489341419e+01 -1.020202397699262491e+02 5.175325893910882087e+02 -1.419857631179965728e-13
-5.695208629936848155e+01 4.172899276436312022e+01 6.868058146460886348e+01 -1.795689265016860929e+02 7.363492757177655221e+02 -1.409390833800786852e-13
-1.877492535181196587e+01 -8.045172536164967880e+01 5.883454836519497633e+01 -1.176810770683988068e+02 4.732540194930687676e+02 -1.150334943039461934e-13
-2.246763106738206872e+01 -3.823843627311284621e+01 4.857785877821136467e+01 -1.093343732218879012e+02 4.518279057665880032e+02 -1.045527394395138273e-13
-3.603532884255602653e+01 1.485338289121076798e+02 1.354534144548411767e+01 -1.085348479177556271e+02 5.336076533878760983e+02 -1.321448735855530527e-13
-3.623078877856945468e+01 3.262781750870002497e+02 -2.630274126720127015e+01 -6.600067470046103324e+01 3.723116159136810097e+02 -1.267560466339303901e-13
-4.414908082378159015e+00 2.688285814326150547e+00 1.290194736581554302e+01 -3.940950894493538215e+01 1.802791944375638025e+02 -9.263265922399325463e-14
-3.156891803059326662e+01 2.026965250917529602e+02 -8.861624649406744103e-01 -8.649484277465529658e+01 4.380902874771718416e+02 -1.299748897674555597e-13
-2.560123611096001284e+01 2.120379325363863643e+02 -7.879887779753437016e+00 -8.273564883607676279e+01 4.507710960218677769e+02 -1.261440944593358208e-13
-1.081630575087851476e+01 -9.314299985679396343e+01 4.562678261168569804e+01 -8.380046428160163430e+01 3.394630218653558700e+02 -9.432400097611503494e-14
-1.588316894693384285e+01 -4.766680511982934831e+01 4.304850345916688070e+01 -9.777229524308947362e+01 4.164705536838926605e+02 -1.155485081253792939e-13
-1.707611949651754202e+01 -1.955968128501001857e+01 3.369806757464377966e+01 -7.723307284543471951e+01 3.176417959880043327e+02 -9.252496943402578092e-14
-4.616523366883134116e+01 2.400608290932854345e+02 1.338804242599204208e+01 -1.219120572469125676e+02 5.572287710302906589e+02 -1.237427814778571596e-13
-7.619114946898098140e+01 3.636397828914770685e+02 1.055645469776189671e+01 -1.671944722048237963e+02 7.889121809540235972e+02 -1.590154108888380504e-13
-1.122802567954104376e+02 5.975506212228997356e+02 -6.989779900771140753e+00 -2.291460383663352900e+02 1.145818590940330523e+03 -2.026794833561468679e-13
-1.419724163504121783e+01 1.552638755626477689e+02 -7.517718208481798392e+00 -6.852668538961926004e+01 3.946829748524826869e+02 -1.173985360241701636e-13
-1.543982489992753138e+01 1.027228178663050073e+02 2.451475975307313870e+00 -4.979697443227578191e+01 2.435144981744176107e+02 -1.001297100210109380e-13
-3.330670606021087110e+01 2.146682083064705751e+02 -1.566537841033696976e+00 -8.897054131607490035e+01 4.502894039679230218e+02 -1.199122329060392310e-13
-3.881163707775386484e+01 -4.974114552320810234e-01 4.860285196378067241e+01 -1.320335169433368492e+02 5.765132510823806342e+02 -1.163936138705083334e-13
-7.159954077536120565e+01 3.934922394379045159e+02 5.047036496537053551e+00 -1.647940485398493706e+02 7.861279843260964526e+02 -1.518669858638292671e-13
-9.624721690653286643e+00 9.559159101904417355e+01 1.648441768477428582e+01 -8.181655374598744856e+01 3.740852513208740788e+02 -1.051910644655564130e-13
-1.016824843495772512e+02 4.678624735881000447e+02 1.908047643309369334e+01 -2.152321799772749387e+02 9.805753984426247598e+02 -1.721040739445379083e-13
-1.365478498878742109e+01 -4.556636249432485641e+01 3.347870608119232827e+01 -8.291503666230910596e+01 3.763762461469157756e+02 -9.204887223086466017e-14
-5.693172926135571998e+01 3.391160639509707266e+02 1.512136943561600999e+00 -1.289438431640760996e+02 6.077602733510210555e+02 -1.481267198795066901e-13
-2.488923161990687660e+01 2.730537022619364507e+02 -2.296157130022887216e+01 -6.683152351927401469e+01 3.956314980267010810e+02 -1.392927864243689442e-13
-5.469960778617606678e+01 2.664211635649799632e+02 2.170580467833104876e+01 -1.497891727426291482e+02 6.719457419310787145e+02 -1.457947497460711205e-13
-1.054614103382997570e+02 5.372415506573362336e+02 -5.489375116804564136e+00 -1.952282060195438760e+02 9.525333872353020297e+02 -1.762025121209853363e-13
-3.962929818292985118e+01 -3.900693048420778553e+01 7.770866396839321055e+01 -1.578355133954539440e+02 5.917572375771708266e+02 -1.167299626956828691e-13
-1.319152039254527686e+01 4.076409538357631845e+01 1.646747846500729295e+01 -6.709182385861218734e+01 3.155276948724748536e+02 -1.024310943980068740e-13
-1.036457464622778133e+02 6.985076533316048426e+02 -5.276961220194461788e+01 -1.564967127692419808e+02 8.765576664181722890e+02 -1.776299711518392229e-13
-8.849853305655160796e+01 3.829904814729633244e+02 1.013254142567132732e+01 -1.845827093305680364e+02 8.942964394076639110e+02 -1.554020619562507527e-13
-7.530227625182136819e+01 4.805785801724181283e+02 -2.942068711557730154e+01 -1.121802212101716520e+02 5.892649830161680029e+02 -1.633325814905363344e-13
-2.331868690445637071e+01 -2.499436561405386215e+02 1.065577839459431146e+02 -1.532751281714243135e+02 5.313479441283277538e+02 -9.258032859784644050e-14
-6.437209132333976846e+00 -3.963530550886693504e+01 3.022698262618455800e+01 -6.100613971739530683e+01 2.455622452788246903e+02 -8.348288177157868569e-14
-6.562225441959860461e+01 4.089642097924175914e+02 -1.828248745014342092e+01 -1.089196121200747172e+02 5.486313355071773685e+02 -1.373760623059766844e-13
-2.618467963764465978e+01 1.953651854201391984e+02 -4.959791320304852924e+00 -7.980249890251657519e+01 4.245993811574719530e+02 -1.089712907307889883e-13
-6.654598482581707231e+01 4.119277162923899027e+02 -7.429951210006519702e+00 -1.525649355533756193e+02 7.703205408457021122e+02 -1.565517870213517379e-13
-1.084137274036962673e+01 -2.502104397868970054e+01 2.301177048458181673e+01 -6.179223903725088718e+01 2.863420723474151828e+02 -9.547132613118940848e-14
-1.662722908965534208e+00 1.229290003369350437e+01 2.603605468154928815e+01 -7.106233121100824235e+01 3.018352932687226939e+02 -9.593510686548272842e-14
-7.333097315986717035e+01 4.756432778319461363e+02 -3.174280514782624607e+01 -1.337132207125598882e+02 7.525436820247216474e+02 -1.587137130780073060e-13
-1.134524857685581907e+02 7.698610300003756493e+02 -4.053786675929687533e+01 -2.006650586275948172e+02 1.042620113696606268e+03 -2.057644237240434144e-13
-3.804157954737792835e+01 2.710228430457087256e+02 -9.183555311354338002e+00 -9.058616549590496447e+01 4.685197765495610156e+02 -1.276616323630662692e-13
-6.846678499774070303e+01 4.496758161841096353e+02 -3.181900825358579610e+01 -1.360381701892665944e+02 7.877626670425496513e+02 -1.681970610599948262e-13
-1.080369732357210388e+01 -8.864686273068700473e+01 5.505648011670897546e+01 -8.909439305509827989e+01 3.113093431284854660e+02 -9.565495736207616068e-14
-3.211959247660453087e+01 4.604795144949136443e+02 -3.159244775002263950e+01 -1.221649272038912812e+02 6.850947844145642875e+02 -1.702770267460887914e-13
-3.416696284190017963e+01 2.720675674897182716e+02 -4.790311860032668179e+00 -9.290022295837698607e+01 4.551511765237337386e+02 -1.249446750373181881e-13
-5.602681159898043006e+01 1.587695515354376141e+02 4.021042275524647636e+01 -1.602510324499659191e+02 7.028610834904555986e+02 -1.441336829011026034e-13
-6.711656582185354658e+00 -3.426938293364270294e+02 1.158872027872429840e+02 -1.486019807498016121e+02 5.083569905308979742e+02 -9.037832016812309802e-14
-1.255775388495429290e+01 1.258436726769129876e+02 1.060822639214175744e+00 -6.817439080534438745e+01 3.589719784951255406e+02 -1.083596189759755291e-13
1.087263476076388180e+00 -2.080661021693211410e+02 5.422960789791603986e+01 -7.766702761226805762e+01 3.276205488872708429e+02 -9.024118785905207926e-14
-3.212036947911301610e+01 1.538036059189017806e+02 2.645126685017969592e+01 -1.256457923048543961e+02 5.620501861216729367e+02 -1.292315805398865979e-13
-1.139385633082029017e+02 3.064908782905455382e+02 6.662499424248136393e+01 -2.875235113597896657e+02 1.280556353439748136e+03 -1.772867073805317971e-13
-2.097520793028260400e+01 -1.791800261145879958e+01 4.438792503604282302e+01 -9.797561598082320700e+01 3.873714055846674569e+02 -9.681128738421758947e-14
-4.186554913921494148e+01 2.519768794596400596e+02 -1.817791141357416507e+01 -8.406190290270222931e+01 4.963136866040603650e+02 -1.386693081083758591e-13
-3.368666853485601109e+01 3.625784790140048131e+01 3.421512822812889709e+01 -1.143846440238635296e+02 5.230405145870093975e+02 -1.106917892838268835e-13
-2.037017646837733409e+01 4.410307866336883365e+01 2.909071280973410012e+01 -8.328257607956946629e+01 3.410158254509991025e+02 -9.634922676208177998e-14
-2.075434544886288180e+01 6.758220268177287382e-01 1.425987019484010077e+01 -7.286016487271734832e+01 3.979436012713479158e+02 -1.054567249707503903e-13
-1.805040006751044857e+01 7.442982397200205469e+01 7.938688273139101526e+00 -4.771026075965605884e+01 2.151271257920211895e+02 -9.202097760002516416e-14
-3.717183939667602033e+01 -9.231561248699381395e+01 7.960543674277043635e+01 -1.559590146429187598e+02 6.061951982093938796e+02 -1.138470919604332947e-13
-2.656844697381263032e+01 2.772600476521980113e+02 -1.395829130910784954e+01 -8.013211042064951073e+01 4.242524483000295277e+02 -1.248488112662610648e-13
-3.789297834187588876e+01 1.269594363167740738e+02 3.317819713010392491e+01 -1.352548682246817577e+02 6.032818006901417220e+02 -1.278167308816305439e-13
-1.478665111533410226e+01 7.190176497592484850e+01 2.151485109154182673e+00 -4.498112249317480149e+01 2.357304660003425738e+02 -9.517335626476741924e-14
-7.108120856608420013e+01 4.752653639067386848e+02 -3.083549271255024493e+01 -1.058774896647974657e+02 5.598679035051684423e+02 -1.376334502194379177e-13
-5.563095651351051174e+01 1.938934296931293204e+02 2.868780855436354571e+01 -1.532755519991566473e+02 7.039818297466030117e+02 -1.341327845129049747e-13
-5.757043260639556337e+01 -3.145570169961432043e+02 1.654127336214594663e+02 -2.784202634237173015e+02 1.043002072968048878e+03 -1.292692924973949657e-13
-4.714160737439411264e+01 3.378467216981613319e+02 -2.280772355858495004e+01 -8.257628982499241488e+01 4.528392225638232844e+02 -1.256746401512734630e-13
-7.768721506007733524e+01 1.118751195009303956e+02 8.366742279653333014e+01 -2.464168289979946849e+02 1.038115323551207211e+03 -1.604709015139475295e-13
-4.849485178232087179e+01 -3.535332275506491584e+01 8.415881074426474129e+01 -1.965170114032760580e+02 8.077833464118559732e+02 -1.289301472009397271e-13
-4.555828015232837203e+01 3.511261990974707032e+02 -7.613292151017427400e+00 -1.345190745050502130e+02 6.948957773593944012e+02 -1.600961723938637874e-13
-3.754595573335782177e+01 1.683298819844618777e+02 3.661507647627936990e+01 -1.471533216884096760e+02 6.308172507207685840e+02 -1.335912387008219138e-13
-4.018782316706244018e+01 1.245003652091837409e+02 3.649126360182737017e+01 -1.494773201972462289e+02 6.794731921317747947e+02 -1.316428985613793233e-13
-4.266453912431923357e+01 3.232262438443605106e+02 -3.112590026153839062e+01 -8.723587576620229811e+01 5.482327856399663233e+02 -1.333840944478878738e-13
-6.277002616500661958e+01 1.696749609876662532e+02 2.928417721886166447e+01 -1.445159617756109185e+02 6.590827416894564976e+02 -1.347218726299730317e-13
-1.772654114664013392e+01 1.761955191429941010e+02 -1.974021306000149423e+01 -8.064704111284932253e+01 5.391089258971261415e+02 -1.295993409489724976e-13
-7.141730338548323687e+01 6.383693617651392742e+02 -4.183780333372630622e+01 -1.526766716576681233e+02 8.250447108179606630e+02 -1.960152467982796186e-13
-1.407383856237390063e+01 4.600422330818288685e+01 9.976279885746183851e+00 -6.027227589448069978e+01 3.074296762250801294e+02 -1.100264576685030713e-13
-2.955967230394520939e+01 -1.671488537662965825e+02 9.359770118806970629e+01 -1.566666459351291110e+02 5.763150031909053723e+02 -1.114392575294082178e-13
-2.961287573066944034e+01 -7.189326205505565781e+01 6.351545482171903245e+01 -1.194127939904389137e+02 4.486000223333938948e+02 -1.026912056698069449e-13
-2.060596445616378602e+01 1.745066774856189795e+02 -2.179242502955815652e+01 -4.875461386684136045e+01 3.390927644728826635e+02 -1.160270814691465619e-13
-6.404097942932072840e+01 3.205976586045574663e+02 7.438601229005056936e+00 -1.332933320784280795e+02 6.126383826287129750e+02 -1.697545820264243202e-13
-6.323213404122073911e+01 2.700549428566994266e+02 7.965304123748299325e+00 -1.340663868709144424e+02 6.516358658529160266e+02 -1.423139864619953448e-13
-7.086051313163851262e+01 3.693856482292721921e+02 -6.682899328279969353e+00 -1.353285280688549506e+02 6.809440592218626307e+02 -1.519817387288223827e-13
-8.264032072698024933e+01 4.742426082098945699e+02 -1.299115335982734543e+01 -1.570780770772880715e+02 7.904705430240841224e+02 -1.526852254886951392e-13
-1.489983606825394657e+00 1.953906786929678105e+02 -2.306250184749286802e+01 -4.740831328751163909e+01 3.228209440599667346e+02 -1.148233040112971903e-13
-1.027876059872833814e+01 -7.833807081613169032e+01 4.291162277308703921e+01 -6.645905481833922579e+01 2.293900176035870686e+02 -8.848828587759009578e-14
-3.828125032503782443e-01 1.471806675328932954e+02 6.917466560153112454e+00 -1.062617910225999793e+02 5.618011223136803665e+02 -1.387724543371787887e-13
-1.257572701963710848e+01 -6.505620432682189858e+01 3.728964327324670336e+01 -8.071054452476053598e+01 3.514657082138470514e+02 -1.141979112990651581e-13
-1.083273859367781533e+01 -1.773212300801360470e+02 7.146797042054342342e+01 -1.113187588514167317e+02 4.207605082286209495e+02 -1.093416846829148322e-13
-4.466060559876912084e-01 -1.601628049690386888e+02 8.632199082180325433e+01 -1.412674188163636018e+02 5.142800934976794451e+02 -1.049818422964775128e-13
-1.930488614694231941e+01 -4.475655337420073465e+01 2.775465239162201669e+01 -6.692787866525021911e+01 3.049865669666235135e+02 -9.092803955134613588e-14
-2.464974724002769335e+01 -2.011235304415219716e+01 5.632062743491657386e+01 -1.327232129769899700e+02 5.461122607451487738e+02 -1.193121422385036044e-13
-4.701464077834367039e+00 5.659643389162789617e+01 -8.048239571438799089e+00 -4.724307797760360472e+01 3.275679372903098852e+02 -1.094730661142201831e-13
-4.091680323623837268e+01 2.296686119385309155e+02 -7.652171689352035955e+00 -7.615093887060399425e+01 3.920748325662816569e+02 -1.106437766084921106e-13
-1.009364660553203841e+01 3.800013967173539697e+01 3.402578764853527105e+01 -9.820376430642397736e+01 4.141891038834700680e+02 -1.171704254720824996e-13
-4.990528086221470971e+01 2.660059177966424500e+02 -1.405843268324673190e+01 -8.492694956955251939e+01 4.654076296686425280e+02 -1.257630211701436571e-13
-2.987808324898536227e+01 1.277595851278216372e+02 1.908570405639363088e+01 -9.181240460025114203e+01 4.009538645593535762e+02 -9.724147370506063158e-14
-4.483505998314331720e+01 2.898190597804760955e+02 -7.623056928016132439e+00 -9.736163845815445939e+01 4.902440455019844876e+02 -1.377357651751838943e-13
-2.331374348316691325e+01 -1.160284792223951769e+02 9.187700038413106540e+01 -1.626997540457037701e+02 5.903028543438140332e+02 -1.089797561344677528e-13
-9.985925625788064508e+01 4.246509380674805243e+02 1.778958511452008295e+01 -2.013279316171711741e+02 9.271550400691820641e+02 -1.677786402857335589e-13
-3.163200140448048714e+01 2.354772898689018064e+02 9.141311979914201302e+00 -1.173972754527598710e+02 5.574658753631264290e+02 -1.288875560648800152e-13
-4.114136911379426920e+01 3.413942043214311752e+02 -6.559764656989810483e+00 -1.255806708866131487e+02 6.352091389713606304e+02 -1.515084848598049188e-13
-1.450239158900357062e+01 4.570745217835732888e+01 1.989261070365944661e+01 -5.522610801642390754e+01 2.101663275416663055e+02 -9.208488011087792403e-14
-2.500128574075966981e+01 2.312084730449397512e+02 -2.306892544345226526e+01 -4.895059907728602155e+01 3.068855222137672740e+02 -1.126483576429226261e-13
-1.873747709554993790e+01 1.366695003931439203e+02 1.933296518245096607e+01 -9.607081241761606805e+01 4.214446373317636585e+02 -1.127011152555789899e-13
-6.106944620466480700e+01 6.364173352404236539e+02 -5.884111077918097976e+01 -1.146429561091098179e+02 6.797601010851467436e+02 -1.674690120322049811e-13
-5.017850786240749983e+00 -2.766238576903462487e+01 1.914754602151896279e+01 -4.030902803214734575e+01 1.686209441198762420e+02 -8.853304316442144905e-14
-7.586125598586122010e+01 5.276300954394068867e+02 -2.776265932999164932e+01 -1.379472698872341994e+02 7.172609619585368819e+02 -1.501489285792720359e-13
-7.156751008489677268e+00 3.417153965635431945e+01 2.345968272000332178e+01 -7.531418903710796542e+01 3.308404792700178518e+02 -1.114480211310188950e-13
-1.984609973458051568e+00 5.014843089368207529e+01 2.160434918555279182e+01 -9.869892456341622733e+01 4.881948834627030465e+02 -1.036917206923862622e-13
-1.006144497675633147e+02 6.359598973444677767e+02 -2.304583479995978124e+01 -1.949741051732821404e+02 9.907381571135958893e+02 -1.992597372289851584e-13
-3.667339109835074851e+01 9.098827964640938148e+01 2.732057721918278403e+01 -1.197590917501144645e+02 5.631054906210138142e+02 -1.333569367091963496e-13
-2.617172540229969258e+00 -1.179935092336789637e+02 5.296640219112466497e+01 -1.122931508451402465e+02 5.022551140749845899e+02 -1.076419268306277104e-13
-2.818847259043448972e+01 1.085163117303392681e+02 3.635653373057475157e+00 -6.513095838932142101e+01 3.347532329608738451e+02 -9.671042402874279538e-14
-2.875575209401025134e+01 -1.176006349275413676e+01 4.797097305729877803e+01 -1.258937309493092442e+02 5.475696906772157035e+02 -1.072677042751891318e-13
-6.891312692397731610e+01 3.620037335171217592e+02 -2.301643417728503138e+01 -1.181745160270083232e+02 6.757340155053354920e+02 -1.456482597944512225e-13
-2.592456072527600686e+00 -1.008561424533269104e+02 4.490614322148245208e+01 -9.489497030628919561e+01 4.243430303979777705e+02 -1.072915093766843537e-13
-4.032749177006621721e+01 1.737822917334246995e+02 -4.130681028883925521e+00 -7.604336367075481462e+01 4.098878901659818439e+02 -1.149428331689043353e-13
-3.448163434952827799e+01 3.103678125175857190e+02 -2.540508719469448451e+01 -7.802303095928431276e+01 4.590868054432071403e+02 -1.348953036595191243e-13
-5.211926132913935561e+01 3.386901709632626307e+02 -1.426970072554580327e+01 -1.012667377963411184e+02 5.231514933073889324e+02 -1.335649653389370256e-13
-6.594250213641385017e+01 2.422445128816585793e+02 1.331534804883321499e+01 -1.425998864377179700e+02 6.951719796528475399e+02 -1.394639859142331696e-13
-1.997392046352003092e+01 1.447979222781195574e+02 1.076772579589995438e+01 -1.058750643943192529e+02 5.362764198750379592e+02 -1.271539393036720911e-13
-1.176311873148478639e+02 8.201548125433007499e+02 -4.777415710482358691e+01 -2.120197858656776759e+02 1.128343896649477756e+03 -2.078834548124699752e-13
-2.989534072111841922e+01 3.677981591885356920e+02 -2.289631419115475452e+01 -1.013644853668878056e+02 5.576889358831922436e+02 -1.376666160739975878e-13
-9.395220076919821750e+00 -7.301149880729728636e+01 5.539267579703196276e+01 -1.161899713290627858e+02 4.798167018140548521e+02 -1.164341580869480579e-13
-5.638292080484763602e+00 -2.866520435144533252e+01 3.578798515728765040e+01 -8.778309010860253636e+01 3.818717560793626831e+02 -1.138974984679293759e-13
1.358073235978699067e+01 1.273363758019497993e+02 -1.877917056639453364e+01 -2.904059674276494718e+01 2.219389426587477772e+02 -1.070765541879249299e-13
-2.541858250259965857e+01 2.550606329916385562e+02 -1.794675456471229325e+01 -6.119089795495247586e+01 3.388030473885956440e+02 -1.211143061841894497e-13
-1.403764026895956363e+01 -1.530587338058289788e+02 6.757294386190378077e+01 -1.092568350270923361e+02 4.140165841606007007e+02 -9.416968731660492302e-14
-2.168451571662468425e+01 3.040953083859920625e+01 4.803989254276060450e+01 -1.339605453816703005e+02 5.703435419531323305e+02 -1.274580105238496969e-13
-6.176030654400293685e+01 5.800293393996292934e+02 -3.197014456313269903e+01 -1.714429762948240921e+02 9.308766112974313955e+02 -1.974616953149567960e-13
-4.872662329333101638e+01 4.372963533136995693e+02 -2.188084768143543357e+01 -1.281522145076503136e+02 6.801548916973727046e+02 -1.550830660555697577e-13
-3.636464770552401404e+01 3.008844527109950491e+02 -1.341686033624576169e+01 -8.968203445696269682e+01 4.676094103555807351e+02 -1.272065255195575333e-13
-2.575248320335974483e+01 1.092243728531379361e+02 1.889736971675839072e+01 -9.677074554984534416e+01 4.491290216336399794e+02 -1.169023123776785048e-13
-4.876016176561496884e+00 3.134987423550811059e+02 -3.751199211523678656e+01 -6.198133425213666925e+01 4.265326127400542191e+02 -1.436267400696538645e-13
-7.364622165094321815e+01 5.023127233645683418e+02 -3.006090296860726241e+01 -1.195386496445863997e+02 6.268524571290696485e+02 -1.403304762050063790e-13
-6.037895057570123214e+01 6.074793366936941084e+02 -5.478892977298607292e+01 -1.272073666295832624e+02 7.595435953691741133e+02 -1.798149607464723254e-13
-1.008969461997644679e+01 -4.081739207345748355e+00 4.877636687553236783e+01 -1.105122180993605099e+02 4.333506980542823612e+02 -1.189256663015257504e-13
-1.892462349674521249e+01 -5.698609988365634393e+01 4.127110519821477652e+01 -7.908192602465391019e+01 3.090624418109076146e+02 -9.149610528279925293e-14
-5.358890510796129547e+01 2.639843445714822110e+02 1.656150615096939660e+01 -1.421435657547854703e+02 6.553081940706075557e+02 -1.450679071887408268e-13
-5.132627879580928010e+01 1.957963127275075124e+02 2.163282549185160519e+01 -1.410094218843983640e+02 6.653347659162403716e+02 -1.460728184243091338e-13
-2.454317857204611641e+01 2.727818111973621384e+01 3.060633913878542600e+01 -1.023631514704384813e+02 4.719550710616765059e+02 -1.197727697168076917e-13
-1.597043322557705558e+01 1.061877345598402940e+02 -1.959720521630477386e+00 -4.860224668922261060e+01 2.612063655377979785e+02 -1.014019880651291617e-13
-6.254108249901869243e+01 4.488018982631735980e+02 -3.030457785971989537e+01 -9.631512851841209510e+01 5.116426076534958156e+02 -1.310573142776739550e-13
-4.379326474989844797e+01 1.737437762618964712e+02 1.338801781449276973e+01 -1.124101208414395785e+02 5.421264384281870434e+02 -1.223265494147204639e-13
-9.094678585934262571e+01 4.817142814486178963e+02 -1.911196127995432903e+01 -1.474316517692076332e+02 7.593522194820174036e+02 -1.541900905896373464e-13
7.659980696056507554e-01 -7.708058281548105128e+01 3.037892255180986112e+01 -5.646175511640766587e+01 2.415790942846952873e+02 -8.082902471623375721e-14
-4.825113524384156705e+01 2.354480982346594544e+02 9.088993735572572064e+00 -1.344261907702918961e+02 6.723074042946095688e+02 -1.370741764135899488e-13
-1.411875353735773047e+02 9.456098730069489875e+02 -8.018841446281716401e+01 -1.868134571845535845e+02 1.074357602669758535e+03 -2.041004289014984360e-13
-4.875153118778585082e+01 3.634614394924585667e+02 -1.072784465781013441e-01 -1.341134798073686341e+02 6.349878813373533148e+02 -1.568934406135331107e-13
-2.590487020855636047e+01 2.653155483449471035e+02 -1.748405379778292357e+01 -6.785652938623776720e+01 3.731073824560463663e+02 -1.214713267328445234e-13
-3.520245551789587779e+01 2.033564641378629005e+02 1.623413074414030177e+01 -1.259383537764627761e+02 5.930534822472166070e+02 -1.289451687654732442e-13
-2.084712784698470145e+01 -8.379150692514539855e+01 7.065571849474116561e+01 -1.587950000124660619e+02 6.763527841462413335e+02 -1.131780060854073665e-13
-1.673383970034523216e+01 4.012287095547402487e+02 -4.908477302793220076e+01 -5.939344528792162237e+01 4.187787630799791145e+02 -1.331532235621488693e-13
-1.769946392907498733e+01 1.027652289656715965e+02 1.096130760051583586e+01 -6.217939081117830824e+01 2.721879961975792526e+02 -1.046403600517746146e-13
-3.212643416609710556e+01 2.430007704871967178e+02 -6.688276446096835137e+00 -9.380096915124143209e+01 4.947511363706252041e+02 -1.250717359481943625e-13
-3.654516199221294670e+01 2.027149956905336126e+02 6.349961897905561869e+00 -9.401250246708144687e+01 4.422393586633437508e+02 -1.183319547980367593e-13
-4.110897077024149127e+01 1.662190199776895554e+02 1.833437848913831658e+01 -1.140954149016464214e+02 5.272887804868489638e+02 -1.263067733858205476e-13
-8.716200191483376614e+01 4.904766578717438392e+02 -1.044257092575710466e+01 -1.728334291026105518e+02 8.681178612240433949e+02 -1.684373012744163222e-13
-4.469809089154775705e+01 8.447272628302606279e+01 3.364819305793724169e+01 -1.150471774577666366e+02 4.956645056788438524e+02 -1.167126720822551835e-13
-1.541667616045540257e+01 7.874161764515488926e+01 2.097799794000561846e+01 -8.151942849230258048e+01 3.556809014665749373e+02 -1.033984907204800821e-13
-4.833328408668030107e+01 4.443239074950060399e+02 -3.705448096707992534e+01 -8.892200594004539482e+01 5.084946141341891916e+02 -1.339624094443831253e-13
-8.582530933675821316e+00 1.081866631682389794e+02 -1.682507796705039027e+01 -3.291279888658192476e+01 2.495326253227053712e+02 -1.043644577465000673e-13
-5.301474210514579255e+01 3.349575568293100218e+02 -3.304216234260670149e+01 -7.537860982782108010e+01 4.721698723441939478e+02 -1.212022511941044975e-13
-2.996724916371928771e+01 -1.097390981384340947e+01 6.474538534437058956e+01 -1.671294820417767824e+02 7.167060546566216317e+02 -1.261244133328785808e-13
-6.313775187331384586e+01 4.037574702329718548e+02 -2.229134296055787701e+01 -1.173218575138924535e+02 6.346428937040805067e+02 -1.536723538505326773e-13
-3.071027241079417180e+01 2.835244154350094732e+02 -1.967789401491455692e+01 -8.728512991956679912e+01 5.043927244722482328e+02 -1.266833269991269362e-13
-2.986787565070310890e+01 7.082262102891905897e+01 2.284189812346667381e+01 -8.619242451827253149e+01 3.809757485357637279e+02 -1.042746993318742119e-13
-3.682609680083345438e+01 2.238201544780156951e+02 -3.755949618816483704e-01 -1.057886797709653166e+02 5.489924233702861329e+02 -1.339008845553539700e-13
-1.572740573618791693e+01 1.129379566960642194e+02 -4.016290476463236558e+00 -5.249930959879242920e+01 2.956222412427062523e+02 -1.055262433235347853e-13
-3.954678532959084691e+01 1.744794806170954473e+02 7.989644187733191849e+00 -1.016037898474792343e+02 5.035343930319506853e+02 -1.223755015543512136e-13
-5.413666581571164471e+01 3.123676653713878295e+02 -1.659424041582310494e+01 -1.115833046138698279e+02 6.267691558918410237e+02 -1.294971037335772819e-13
-3.728106397775145808e+01 1.578054518218423823e+02 1.139401997737186534e+01 -1.063947651254103448e+02 5.261887372690706570e+02 -1.188321633761993143e-13
-6.491555957700776425e+00 1.143747966441476080e+02 -1.896309430572271637e+00 -5.632569794450257206e+01 3.067025205929041363e+02 -1.049272855834657629e-13
-4.580984004130345966e+01 2.092488943540171817e+02 1.456434246372939079e+01 -1.153759256164850768e+02 5.284107112138974571e+02 -1.355155352379358622e-13
-1.228192050125403334e+01 3.494957146963988492e+01 1.770236641606633299e+01 -5.948772147252108766e+01 2.607676780966913839e+02 -9.343709121789908717e-14
-1.148674666449221071e+01 3.510365311735363747e+01 1.424401373594035469e+01 -6.583168837248568650e+01 3.254701052030198980e+02 -1.052602669955217757e-13
-3.648732106451352042e+00 -1.193309591226657460e+02 3.799616916694203894e+01 -6.083995631417778327e+01 2.532693014225699528e+02 -7.032148504527676755e-14
-3.800348533907835957e+01 4.017376936533552794e+02 -4.292198218467729021e+01 -8.494840526349344145e+01 5.507103965255777211e+02 -1.505403759194912448e-13
-2.945000366367999334e+01 1.782985315584475359e+02 2.578269267992372349e+01 -1.213586871270596674e+02 5.194962884704559656e+02 -1.267517792144033106e-13
-1.960990099759927574e+01 3.222048337055568368e+01 1.562698831043445580e+01 -6.880453979134345843e+01 3.387132904453219453e+02 -1.034160868829844315e-13
-2.224205296585281211e+00 -2.796721908074644602e+02 8.594528578963347343e+01 -1.121422494352881785e+02 4.087907142923226615e+02 -8.549404478045484247e-14
-9.101222590586703021e+00 -5.998053541428524937e+01 4.195962257664433537e+01 -9.060589908087806066e+01 3.843272893624831568e+02 -1.045865972813289904e-13
-5.814748462515101579e+01 2.437727387466622417e+02 1.333970308412692063e+01 -1.268731161837826988e+02 5.881613496980055515e+02 -1.256800120518517627e-13
-1.922950520090737214e+01 2.021343918012839538e+02 -1.386706915791330275e+01 -5.018892922780432286e+01 2.776186516554691934e+02 -1.123147845697848161e-13
-2.454214549493678987e+01 1.107760150534387407e+02 -4.882674651514354869e-01 -7.184534190632714967e+01 4.046629997488974482e+02 -1.061094956754484408e-13
-6.301926002446435149e+01 3.003413394182968545e+02 -6.593521674226139773e+00 -1.164107661370372853e+02 6.039724925903312851e+02 -1.375130732516807404e-13
-4.929674445808056582e+00 -4.187677476600433124e+01 2.630480652793534091e+01 -8.393534735253699353e+01 4.265013874788493808e+02 -1.044568423499574452e-13
-1.069342168974809226e+01 -1.622419222139977251e+02 6.802221495731144785e+01 -1.184340540911418884e+02 4.795897478535476353e+02 -9.534591878801113968e-14
-1.185683025824248631e+02 5.568086636787278394e+02 1.929565704656377179e+01 -2.544226467562166647e+02 1.177249001512548375e+03 -1.908219102241955422e-13
-3.144284473444087880e+01 -9.277644102561849593e+01 6.640842088126960618e+01 -1.418367740353530735e+02 5.961741217615843880e+02 -1.128599492637841573e-13
-1.672548544092675016e+01 -9.147339090464326716e+01 4.856360789371774445e+01 -8.246106279649841042e+01 3.104073112707376936e+02 -8.505688435492590008e-14
-3.776523855075004121e+01 2.356864368412310853e+02 -6.848236534525809383e+00 -8.462899749584896369e+01 4.394935193775435778e+02 -1.176430767508420940e-13
-5.062374823588507411e+01 3.114016139086689350e+02 -3.003011210330563951e+00 -1.215770747129178062e+02 6.075575890534238397e+02 -1.318223819825289403e-13
-4.750109230140170524e+01 3.433754135390565665e+01 6.245124574784690452e+01 -1.559707946310122963e+02 6.230621362915336476e+02 -1.301250658760763274e-13
-9.184401781912482576e+00 4.393802262517096580e+01 2.336190708248522441e+01 -8.010175233026872377e+01 3.564701402072715268e+02 -1.063155945230041839e-13
-1.337029467364274637e+01 1.313461182970725076e+02 -9.444391318534533397e+00 -3.820208728449757274e+01 2.207528494318753189e+02 -1.021936228197135036e-13
-3.690445104757345263e+01 4.275464616463749223e+01 3.713049550980053937e+01 -1.173443889054670564e+02 5.194747507358538314e+02 -1.108160307191477743e-13
-1.097617138086684641e+01 1.499910029243918359e+02 5.070044329086970336e+00 -7.340378724233154628e+01 3.506715625598890256e+02 -1.153236083943814691e-13
-2.402435138317389374e+01 2.569968291069136512e+01 3.473572426758254039e+01 -9.061306635295558465e+01 3.676544043807440403e+02 -1.021640936167324577e-13
-5.700659554630950510e+01 5.014035644602438992e+02 -4.237869594261734818e+01 -1.057637934600983556e+02 6.138614191845625783e+02 -1.500158226980301564e-13
7.156167532716256829e+00 5.973950656671257775e+01 6.310655598253771537e+00 -4.911178734085748232e+01 2.457893107374173951e+02 -1.038909712891769402e-13
-1.544815444756029699e+01 1.044890513964330125e+01 2.215702596657617818e+01 -6.748375168557589632e+01 3.039947125395332819e+02 -9.544878162086875808e-14
-5.517488497702813532e+01 4.217012737156263142e+02 -2.511955777539112944e+01 -1.060423700034101273e+02 5.637397960680773394e+02 -1.385945213764075742e-13
-4.105855925712467780e+01 3.330251431988286868e+02 -1.268141093466140923e+01 -1.063682611157711762e+02 5.514358962932576560e+02 -1.464935998962945258e-13
-3.717078040578486053e+01 3.329245059237987903e+02 -2.578374040222549013e+01 -7.507078632125677586e+01 4.250745833840218211e+02 -1.204875494891487723e-13
-7.962834312146889637e+00 1.560129767603349649e+02 -1.984444679038665882e+01 -3.701857313444143216e+01 2.613095045279679880e+02 -1.076825145894189362e-13
-4.481597399395207759e+01 1.982044360159393648e+02 1.832427152686211258e+01 -1.192199609641067326e+02 5.382792196494016252e+02 -1.351883584221070584e-13
-4.092379681367773969e+01 2.575532583881814048e+02 -2.816238064251665119e+00 -9.149376637996634543e+01 4.437190652441847760e+02 -1.308430201872881122e-13
-3.735803249094301037e+01 -2.691499980171512618e+01 6.592077258467129752e+01 -1.498675220823157019e+02 6.048464589854336282e+02 -1.177389455893255625e-13
-6.208121483455485645e+00 3.394795685134382524e+01 3.138420634466461134e+00 -4.115380388470022410e+01 2.315904526412789153e+02 -9.974404836100272073e-14
-4.034683334523162301e+01 3.048407124220724427e+02 -8.601435402873992553e-01 -1.315786001553175311e+02 6.658890247297005089e+02 -1.599116074495105556e-13
-3.443991186084530653e+01 2.443208594452738325e+01 4.150242401197583320e+01 -1.269044592958643989e+02 5.692027853257335437e+02 -1.099539327439793771e-13
-3.124469670545016342e+01 1.489611815330155480e+02 9.015360508250606086e-01 -7.751155269522936919e+01 4.057624781626448680e+02 -1.186098775409923039e-13
-3.537770167463862947e+01 9.448857210927039318e+01 8.294248936499514002e+00 -9.001626658863322916e+01 4.825159185737833241e+02 -1.122654235249142134e-13
-3.732893792521129939e+01 1.299775414384691352e+01 4.409557745750527147e+01 -1.234147810702284005e+02 5.375319692520254193e+02 -1.213415192224149791e-13
-4.736463405316884945e+01 2.197287922882656801e+02 7.272207486986648206e+00 -1.129707723911005957e+02 5.512698689137246220e+02 -1.179735680253655662e-13
-1.856572434776137825e+01 1.912141597928570320e+02 -3.930661310673090991e+00 -8.437252977005675803e+01 4.517807823442827271e+02 -1.299169534097276674e-13
-6.979323459296722376e+00 -1.192874088997590398e+01 3.143539656419460471e+01 -8.016365831415340892e+01 3.462332377704520354e+02 -1.042685538228316370e-13
-1.446965269378830214e+02 7.670342337317762258e+02 -1.660959968882078641e+01 -2.532904584451762275e+02 1.245135113429211060e+03 -2.065888544879926104e-13
-5.802590094148612820e+01 5.295156190548641462e+02 -1.728220928830715053e+01 -1.603501135952700452e+02 7.993154994848113120e+02 -1.780139043573520410e-13
-1.305950709382468631e+02 8.580156540810713750e+02 -5.200906764936615190e+01 -1.984754249228502658e+02 1.036580313913211739e+03 -2.131255081068483925e-13
1.974841799388133312e+00 -4.102472612905047278e+00 1.771980051646911036e+01 -5.662072149050177217e+01 2.701054395905458136e+02 -1.056017073058206493e-13
-1.535008113828058463e+01 5.878165610877637448e+01 2.056376201950072158e+01 -6.583931147183677979e+01 2.676003283471075633e+02 -8.833535665387460742e-14
-6.119283912961801519e+01 4.238348805584099637e+02 -1.920876121289871463e+01 -1.304636798381418998e+02 6.884700726977903287e+02 -1.620637752642312460e-13
-5.268070067628942610e+01 4.123126089378669690e+02 -8.516842806357789897e+00 -1.473828236797270392e+02 7.421644833434613702e+02 -1.605713981897812835e-13
-1.456802232630189842e+01 1.018882610206379411e+02 2.630702112632860690e+00 -5.090703253957017438e+01 2.504425145142961640e+02 -1.004495768417940063e-13
-4.743008778559328675e+01 3.024798404584942091e+02 -2.978201658739358493e+01 -7.009505529026172610e+01 4.396421535348399630e+02 -1.317002263332938904e-13
-4.940323902399964773e+00 9.547575824876684436e+00 2.408023810587635083e+01 -7.702239643934834135e+01 3.564592251953630466e+02 -1.143019356380031482e-13
-4.126679051305192303e+01 2.781052855594300510e+01 6.460956864722949433e+01 -1.585278219534760922e+02 6.312205174015059583e+02 -1.207310527273218220e-13
-3.033389235793117322e+01 3.401307814782144874e+02 -3.573856590550522583e+01 -6.181593009395500360e+01 3.944653838873804261e+02 -1.256550450355526044e-13
-9.745922895206472703e+00 2.007433474666702296e+02 -1.677600655272602381e+01 -5.137253585555352942e+01 3.052433238382358809e+02 -1.115134377005952609e-13
-5.839593780973283543e+01 3.466573981376598681e+02 1.289094695401882795e+01 -1.611757242187185284e+02 7.459771559591042660e+02 -1.601984986947379795e-13
-5.626949302391575003e+01 -1.871299264403495144e+01 8.183999299462834642e+01 -1.887373482878837194e+02 7.581033217869193095e+02 -1.212188185480709823e-13
2.703439867473465430e+00 -4.176963364389012057e+00 6.232972039619918192e+00 -4.359985463546176732e+01 2.562436370687331646e+02 -9.245208769220274684e-14
-2.810621766228822693e+01 1.464229846172080158e+02 -8.268004917823404298e+00 -5.446041768528830573e+01 3.114275983378633441e+02 -1.152778853987234315e-13
-7.103851610538777095e+01 3.058938275516849217e+02 1.502193380534244938e+01 -1.593864143243447700e+02 7.502727465710097476e+02 -1.463130115316680708e-13
-6.285820087795381284e+01 3.406955291499508576e+02 -1.621523669276773916e+01 -1.021051484785083403e+02 5.397825460612295956e+02 -1.290417060231799462e-13
-1.011194424558457854e+02 6.535865992931966275e+02 -4.556555837067654124e+01 -1.504681363008037067e+02 8.228961589252750173e+02 -1.705953909262503438e-13
-1.659627784091810909e+01 8.437205243943489563e+01 2.079507856598668880e+01 -9.017931406265337557e+01 4.109319609978334142e+02 -1.196498657087066726e-13
-3.720984279202978229e+01 2.680781714465094296e+02 -5.106784520097686908e+00 -1.059699005147536184e+02 5.479808185840116721e+02 -1.312281293136943023e-13
-2.169564658358174825e+01 1.733840053379151982e+02 3.742273702032530736e+00 -9.771310291996515218e+01 5.054057643235090609e+02 -1.149721040425052783e-13
-9.328512345913571480e+00 7.259098852102917476e+01 9.740686147232137770e+00 -6.646942151047004188e+01 3.310472746380060585e+02 -1.097959535471782581e-13
-1.115855442094018599e+02 8.258355371947425283e+02 -5.486845608632589233e+01 -1.877587588549031352e+02 1.006528850668054019e+03 -2.082358762329433446e-13
-7.456101225875524108e+01 4.097176339712440267e+02 3.420904522553800398e+00 -1.663016856351152342e+02 7.947517081376350916e+02 -1.598656970220231692e-13
-3.878682731959285945e+01 4.368145223533782087e+02 -2.499709729106695733e+01 -1.197224133826275079e+02 6.438089570752248392e+02 -1.605246364561070868e-13
-2.720762644613457226e+01 2.871617282149454198e+01 3.883294525786223517e+01 -9.239795527812373166e+01 3.511752059833077624e+02 -9.804256368940108605e-14
-4.342945782668893884e+01 3.439234332923162469e+02 -2.053258003975831869e+01 -8.857424057793886618e+01 4.741115551722297141e+02 -1.263497409286520893e-13
-9.960204493163330142e+01 5.060594834002871494e+02 5.541561174755445407e+00 -2.035583428531669483e+02 9.607718912738249628e+02 -1.731877175887231252e-13
-7.817216925398099647e+01 4.776918794875224989e+02 -3.314612707160895155e+01 -1.435427836683441285e+02 8.261148984211644120e+02 -1.626150795705622683e-13
-9.265624503664713529e+01 5.272168177430569358e+02 -1.228538852329252506e+01 -1.768080563242439212e+02 8.796264876194602493e+02 -1.746578645531606171e-13
-1.434030027072573255e+01 1.944801038510566684e+02 -7.037060041628416585e+00 -7.721944478086760455e+01 4.211983958170698088e+02 -1.199580026830366608e-13
-1.787514594545420366e+01 1.150914526889934031e+01 4.320721657782498681e+01 -1.038576853644220535e+02 4.128390473376885552e+02 -1.163242266839307293e-13
-8.385426548429150273e+01 6.409610691885020515e+02 -4.657821869684334359e+01 -1.320725741810879015e+02 7.150004706482098982e+02 -1.845585565841786933e-13
-8.961784840074900060e+00 -7.082490675361007959e+01 5.436361752068163611e+01 -9.906747608632004187e+01 3.696900248399010138e+02 -9.604498460179498566e-14
-1.607781198921279326e+02 1.071032186882428277e+03 -9.080931549776303768e+01 -2.154043794348156950e+02 1.242392710460864009e+03 -2.282824988518144841e-13
-2.445832813179553966e+01 1.653195050097515946e+02 -6.204202139599115817e+00 -6.264919987384275402e+01 3.393538993001390054e+02 -1.016713317057046956e-13
-1.551906861141381633e+01 1.572813485787053764e+02 1.108105339129327227e+01 -8.069863555610571382e+01 3.558260420544081057e+02 -1.150935143495656264e-13
-9.435313193744887883e+01 5.107892896819820407e+02 5.447816741649717187e+00 -1.989443513102129657e+02 9.268740905003812713e+02 -1.708788164733752203e-13
-1.490403747504755749e+01 5.466462648800645496e+01 2.727675106641161307e+01 -9.863087825989046564e+01 4.480596241844826864e+02 -1.169916142266744116e-13
-1.913654502301085358e+01 2.460965777908932921e+02 -1.053717495776546542e+01 -9.795045929574854426e+01 5.450395467360414159e+02 -1.245089887186854517e-13
-2.542357065920263892e+01 3.901551929300007515e+01 5.046343760012631208e+01 -1.319789718628619255e+02 5.351583203445943582e+02 -1.243641678958756304e-13
-4.483409402768879204e+01 1.972167145476631731e+02 9.816640695240920422e+00 -1.010600765675171999e+02 4.714452342111119378e+02 -1.274964574192922812e-13
-9.663099181352195899e+01 5.129738422178700148e+02 -4.896136687193919812e+00 -1.892513536192430763e+02 9.263988175536718472e+02 -1.765024864914682951e-13
-4.418524671936322079e+01 1.475727494490135996e+02 3.830100476983805891e+01 -1.613336670696012050e+02 7.306132342437529132e+02 -1.394561162018992032e-13
6.783673197041288627e-02 4.668348963652999117e+00 1.234796899235927903e+01 -3.756997158243594015e+01 1.700062433082898963e+02 -8.802263719724679197e-14
-3.801715353056066249e+01 3.568122204689874479e+02 -2.459772956508390607e+01 -8.999509684380599595e+01 5.002383763524703681e+02 -1.386263703256468008e-13
-3.906574057904420982e+01 2.890695688084707626e+02 -4.764763142910848792e+00 -1.108898216974936020e+02 5.634251965385801668e+02 -1.362400987915711567e-13
-1.617747867652095195e+01 1.255881676365709012e+02 7.036997706432321920e+00 -8.313508805850040062e+01 4.214371766821236065e+02 -1.177874646864339160e-13
-1.332566587593733232e+01 -3.136197576779143787e+02 1.232264048515468318e+02 -1.697114410553148218e+02 5.818510808088436761e+02 -1.087239117795561196e-13
-1.945640283553746386e+01 -7.422868436449705598e+01 4.715786079833772249e+01 -9.328367329519416273e+01 3.794929909837561013e+02 -1.007244744874010563e-13
-3.318784637425518014e+01 1.695277791137192196e+02 6.324900668896495937e+00 -9.848590499906022444e+01 4.968849261869528959e+02 -1.255704012280756026e-13
-2.269433060988896500e+01 1.305082148137194054e+02 1.477857459791681904e+01 -9.885164669137900262e+01 4.738622529537684045e+02 -1.262699258884164725e-13
-4.090495199746276000e+01 4.226119804081096731e+02 -4.539018759264751424e+01 -7.618101102513013245e+01 4.922331272684235159e+02 -1.385805471815216753e-13
-3.635731858309462439e+01 1.574198097234984743e+02 1.659571458925552179e+01 -9.964235560796745972e+01 4.477371380118509592e+02 -1.147251051148081135e-13
-4.727236300056424767e+01 1.626365686913024433e+02 3.514647009992025772e+01 -1.595625360416521801e+02 7.278442552398063299e+02 -1.481452489972180051e-13
-4.169109346238330005e+01 3.334987675036049950e+02 -2.567055545386361715e+01 -8.089104574812049009e+01 4.630561375561741784e+02 -1.192063026835975535e-13
-6.115960954990222120e+01 2.958371209823868071e+02 -5.195711507574273469e+00 -1.098956319712342520e+02 5.545255758983881833e+02 -1.367975345087386545e-13
-3.231543866744766458e+00 9.070878766379718172e+01 5.798961277697506134e+00 -7.892770194826157137e+01 4.267410746664790508e+02 -1.238206971926954102e-13
-1.181509783595438989e+01 3.028465330198508720e+00 1.756555455749229466e+01 -7.015090600973057633e+01 3.568118780710498186e+02 -9.465287237792375248e-14
-3.568428629286156450e+01 1.556457621494331249e+02 1.981821953949407344e+01 -1.167045998538441864e+02 5.430969154850497489e+02 -1.206420043441665799e-13
-3.799554919726084989e+01 4.878086576096726645e+01 4.230366665451560948e+01 -1.290563363224340776e+02 5.606249571683866861e+02 -1.208800858039751666e-13
-2.177632166369784272e+01 1.727595808953213918e+02 -9.234762124283459883e+00 -8.097071402558478326e+01 4.764799521786519563e+02 -1.092149441242950468e-13
-2.183544320368601177e+01 1.104348363387220786e+02 5.775759899919266083e+00 -7.420416325531010671e+01 3.806243691626809778e+02 -1.172647211002618221e-13
-3.695968667164508048e+01 2.059612303645054396e+02 -4.949666882388696010e+00 -8.204057989401107420e+01 4.317872372678127704e+02 -1.170524622321688473e-13
-5.937922544415435766e+00 6.350365447338276681e+01 1.217757664922125116e+01 -6.851431781807893628e+01 3.358604152862510546e+02 -1.024336849200492860e-13
-1.600564890655251205e+01 9.573160131347839297e+01 -6.837018296648942339e+00 -2.735997713425069833e+01 1.573462077335632614e+02 -9.142991045173022776e-14
-2.719622971515888210e+01 1.708035247662926395e+02 7.002828635353651521e+00 -9.754127050579866420e+01 4.852508032722926714e+02 -1.080540875661694289e-13
1.333522782183271360e+00 -5.602850315429495254e+01 1.868437376229866231e+01 -3.263222613972460806e+01 1.408430339275810468e+02 -7.851349926704275062e-14
-2.135107909918804481e+01 -1.068882706869841286e+02 6.287939950323448812e+01 -1.092215474359761913e+02 4.099014487298043150e+02 -9.617793136251556406e-14
-1.565829561626586575e+01 8.470880619767203257e+01 1.225436101867860295e+01 -7.393060162902730781e+01 3.561845712812328770e+02 -1.052105346450555308e-13
-1.715788528724574036e+01 6.227987867684801415e+01 2.131109509765534682e+01 -8.079536801031255777e+01 3.607863825069269978e+02 -1.113066926522558031e-13
-3.218925067987840549e+01 -4.836697232335296093e+01 7.736330702328226039e+01 -1.750270825658312788e+02 7.164336336150662419e+02 -1.392987580445259410e-13
-7.010035553014601817e+01 3.895124642540574769e+02 -6.584592170922840992e+00 -1.541466345804770413e+02 7.920233588433291061e+02 -1.471785116745501200e-13
2.275774767919352293e+00 5.370225048646879173e+01 4.818417432511806098e+00 -6.637700526451020266e+01 3.758674837053573015e+02 -1.108126743431583511e-13
-9.961697862956670235e+01 1.551051967678135100e+02 1.139659016455604217e+02 -3.129254513021723483e+02 1.259261735917226360e+03 -1.894998518222521460e-13
-1.064863885267508437e+01 -7.634772183444989935e+01 4.064935811271741528e+01 -8.539671496421995300e+01 3.697426604691517582e+02 -9.523932875369217433e-14
-3.240822228050868148e+01 3.193525045023871485e+02 -2.526887244833044477e+01 -8.543053566069012561e+01 5.014055593398020392e+02 -1.458205285420993672e-13
-2.741950281424438529e+01 -5.507767043053041078e+01 8.625524315675363596e+01 -1.901587098759161165e+02 7.661081217451534258e+02 -1.410328775008165237e-13
1.166622375683255974e+01 -3.730388859532553170e+01 1.138848663913005099e+00 -2.689695203495830356e+01 2.009663713303797294e+02 -9.447796565697913798e-14
-2.714111533764110007e+01 8.914005520770122359e+01 9.254810722700081982e+00 -8.870574444804363168e+01 4.714828621547168268e+02 -1.165021310950015819e-13
-7.646295006526560201e+01 3.740419153876201221e+02 4.401718974341060076e+00 -1.633478340335900612e+02 7.948475915426016627e+02 -1.572791662160564544e-13
-3.449663769264287083e+01 2.405448726299307793e+02 3.892635705435241178e+00 -1.258312787020062302e+02 6.440801405970631777e+02 -1.446380616506335845e-13
-6.013385977892492207e+01 3.056065776073048710e+02 -2.374088677536957626e+00 -1.286600868480026918e+02 6.554079344823163638e+02 -1.410417533591420452e-13
-3.498049966155245016e+01 2.607088802793900868e+02 -1.505691262576897671e+01 -7.274389171781393770e+01 3.937971012988436996e+02 -1.198505006101491247e-13
-2.131312066051783916e+01 2.293855595960112908e+02 -2.608545401061142854e+01 -5.886111597853181365e+01 3.941881095791655412e+02 -1.233806961200511762e-13
-4.272930667375680258e+01 9.689220701858691598e+01 6.261574235306331815e+01 -1.887169133008146673e+02 7.961474327930505979e+02 -1.353354309360940653e-13
-2.797577426920863175e+01 3.058653918460790919e+02 -2.465647707671202937e+01 -7.127775401355879126e+01 4.122522240463616185e+02 -1.420605011152512221e-13
-2.382131691472402224e+01 1.587350060291551301e+02 -1.639741302211122020e+00 -6.254428000244217145e+01 3.142368077594213673e+02 -1.060172973558129974e-13
-2.637206483165769555e+01 -2.773426037012600531e+01 4.936862585487109811e+01 -1.085427058999378573e+02 4.337111051865661011e+02 -9.940753071127685717e-14
-2.370682497427253921e+01 6.870053295342155764e+01 3.925295169461251277e+01 -1.256988730062767132e+02 5.429540625252789141e+02 -1.261886720864799834e-13
-2.391921637660854572e+01 3.172332889588274156e+02 -7.666893300255200216e+00 -1.219290524394395874e+02 6.355265886268094846e+02 -1.497762153937584947e-13
-4.691706880585916650e+01 1.815906329710724094e+02 1.246969782192321574e+01 -1.011860323527975112e+02 4.667814339925432137e+02 -1.239862279475285393e-13
-3.319794254421025670e+01 2.409651113014573127e+02 -1.944864213091204874e+01 -8.254459316727553642e+01 5.023568938758528475e+02 -1.230564844285878366e-13
-2.086947952199485812e+00 -3.848851306217556356e+01 1.922557304125163924e+01 -6.138329092570891277e+01 3.177653172186106190e+02 -1.076621630418959364e-13
-3.970076744864794005e+00 -2.721950754246028623e+02 8.469834549867850626e+01 -1.130612779102037706e+02 4.174615879119876922e+02 -9.399493111877224933e-14
-9.517035656401149879e+01 5.483194292723123908e+02 -3.162006500899503081e+01 -1.577261236636145725e+02 8.597388080509920201e+02 -1.678125107526363204e-13
-1.443703697311115519e+01 2.260312430566987700e+02 7.980859427252213756e+00 -1.043738479461910629e+02 4.842954513510205743e+02 -1.157208189306351409e-13
-1.443510367337365352e+01 4.629857018919134504e+01 4.056175987474748723e+01 -1.161973710473959613e+02 4.871648056237593210e+02 -1.140693399816722296e-13
-2.431337999537527494e+01 8.676444261011121739e+01 1.871097168380691755e+01 -7.840573883082566908e+01 3.433765848096123250e+02 -9.616630151536743529e-14
-4.213527173413680771e+00 3.263892301118490380e+00 2.059954580797600343e+01 -6.061993952887735304e+01 2.731167257118374323e+02 -9.798209928026271287e-14
-1.873323585875209574e+02 1.175104661379758454e+03 -7.148341183155783085e+01 -2.682973864068308671e+02 1.397576224445871048e+03 -2.552119162081070739e-13
-7.200764266221644050e+01 3.664689147089196695e+02 7.517155259481944629e-01 -1.698299769970302293e+02 8.673908689473336153e+02 -1.575752428193390897e-13
-2.240552811858838922e+01 2.030591263148186840e+02 -1.168412234021105167e+00 -9.169919009411910338e+01 4.746212205440752427e+02 -1.302807073991292428e-13
-2.457667953522843618e+01 9.492928895075404228e+01 1.057240733392771759e+01 -7.229229115037205133e+01 3.484328242308583867e+02 -1.059312812939003153e-13
-2.097288512636812285e+01 1.583548769519151449e+02 -9.576221923925736235e+00 -4.927533362533468164e+01 2.761768456089184269e+02 -9.828823522143877098e-14
-4.081866571486761330e+01 3.232616479911525857e+02 -1.977859368757168212e+01 -8.724873050795707741e+01 4.755652116865863377e+02 -1.376991780122522523e-13
-4.689169090270825180e+00 -1.348013163710050151e+02 4.156112039589730500e+01 -6.424268967288229248e+01 2.646760326299745998e+02 -8.275388669864694417e-14
-8.037712023431059549e+01 5.561552919710419474e+02 -3.778626630494935768e+01 -1.288091091720627617e+02 6.990881261524557431e+02 -1.732175451693444545e-13
-4.849050298197649767e+01 3.762225802683986444e+02 -3.616825720314817261e+01 -8.954701497271449284e+01 5.571075367967082457e+02 -1.425990442097075909e-13
-2.159260414124652527e+01 1.738292421003987798e+01 3.558240625057658235e+01 -8.185839746258393745e+01 3.094877774470908776e+02 -1.009856385132866834e-13
-5.528967547224866763e+01 3.325243595130478411e+02 -6.102771851790722124e+00 -1.150041771994873017e+02 5.676988934263490592e+02 -1.566157813460288142e-13
-3.815156278745535445e+01 -1.886177822693486803e+02 1.087210009836344824e+02 -1.824000218047243891e+02 6.681813680865516289e+02 -1.245959103731486625e-13
-2.156558462325081393e+01 1.674782070490864783e+02 2.908420738671915751e-01 -7.083456819907205215e+01 3.511675128242665664e+02 -1.172658006380980883e-13
-4.661629829141894987e+01 2.759276409025442831e+02 -6.582583673237486721e+00 -1.069521444241705552e+02 5.582696251478304248e+02 -1.328930997976335493e-13
-8.395542243992304066e+01 3.986316961761242510e+02 -1.258007590025040479e+01 -1.645937900654162149e+02 8.939783204788799367e+02 -1.567370842496935520e-13
-1.249640417336405136e+02 7.935951913876389199e+02 -4.513831098659436236e+01 -2.101827136776088309e+02 1.118635070669286506e+03 -2.091271634834269637e-13
-2.195385564326875283e+01 3.463907076837957675e+02 -3.285157205987268725e+01 -7.424875983021709658e+01 4.549428824479329023e+02 -1.314556908658442211e-13
-6.528290217711939647e+01 3.770937821386393125e+02 -1.704419598489190335e+01 -1.253075138047009176e+02 6.743119015179584039e+02 -1.490123631600232726e-13
-2.896575863341202606e+01 2.736731552985205553e+02 -2.044995397354890088e+01 -8.863324047699546782e+01 5.256503284871206461e+02 -1.270416675233427352e-13
-7.739528016990284698e+00 9.911513145207447906e+01 1.212504599165655073e+01 -7.038368247832438840e+01 3.225711986908544304e+02 -9.773250920646802196e-14
-5.116390865793234610e+01 1.896434775420110839e+02 3.716799532698503583e+01 -1.561937210090392512e+02 6.723747553353514377e+02 -1.369446404073069272e-13
-2.701174595369985809e+01 1.671664236124114211e+02 7.756584393376011022e+00 -8.582417749439748889e+01 4.043214412757022842e+02 -1.104216542799808496e-13
-2.914659087039618157e+01 2.589068692958981046e+02 -1.501367426679851746e+01 -7.361471224379160105e+01 4.006999136053229904e+02 -1.203464358278546951e-13
-6.032621031492026553e+00 -2.517604423915555856e+01 1.635219347585103833e+01 -4.766852741460533593e+01 2.341859456845402008e+02 -9.768007135773688410e-14
-6.028200635089856263e+01 3.784187066734139648e+02 -1.317423390031038011e+01 -1.271292077743155318e+02 6.607809149977771312e+02 -1.541428350341969443e-13
-7.302971997363481194e+01 2.130252871362762619e+02 4.600294379135299039e+01 -1.871013929977593193e+02 8.063420693161638155e+02 -1.546246849949941638e-13
-1.291460353359630098e+01 3.957654228128853902e+01 1.456664201723538454e+01 -8.034149739145780700e+01 4.176611989427527760e+02 -1.116409540222496103e-13
-3.396079332314332788e+01 6.508372655728743439e+01 3.118620116191128844e+01 -1.036013016545579859e+02 4.487552295190524205e+02 -1.170756607600372816e-13
-8.893570289699249543e+01 4.874835931556422111e+02 -4.560932560974777061e+00 -1.937494091985235229e+02 9.732396826627600603e+02 -1.820131307442401842e-13
-2.728515395722586945e+01 -1.385720795380168227e+02 8.903624471126632045e+01 -1.716360101936140268e+02 6.851697843483817678e+02 -1.193319651730036344e-13
-2.932804633500753155e+01 4.580362102922034069e+02 -3.917918098575770358e+01 -9.724407018000623282e+01 5.679753964953314380e+02 -1.522461050932656448e-13
-3.807035237818906381e+01 3.676039405496843528e+02 -3.013444853545760438e+01 -1.005500622852557910e+02 5.987476155571478103e+02 -1.485000185851504710e-13
-2.289054044354959672e+01 5.261993055404769137e+01 4.638947171687038207e+01 -1.274669544979163049e+02 5.209288010556601876e+02 -1.242847766345384823e-13
-1.809296622934800425e+01 2.583642442506273369e+02 -6.643499928210062855e+00 -8.627757244039496243e+01 4.325842416506533255e+02 -1.272112275493125579e-13
-1.173779015384214830e+01 -1.959861607832836228e+02 6.690411650491159889e+01 -9.990940118252792956e+01 3.870355641528805108e+02 -8.949503437478009940e-14
-1.149548050729817987e+02 6.708084185345192054e+02 -2.445695370222820486e+01 -2.267169469880224426e+02 1.187555907628229534e+03 -2.085119821880364914e-13
-2.851781683830816050e+01 1.484440694413887627e+02 8.548503873560338917e+00 -8.130684943355737460e+01 3.826469821350795542e+02 -1.199507276934705677e-13
-2.258210001964833236e+00 -6.183599297831503350e+01 4.582750926926077994e+01 -9.925841633222351845e+01 4.190722532572411296e+02 -1.208788107037417388e-13
-3.322399712397153593e+01 -2.434161625142271390e+01 5.601519684526599718e+01 -1.227277794452368909e+02 4.839817172906568317e+02 -1.081656045772008066e-13
-6.507601072784808593e+01 3.836322862384004679e+02 -1.078260406992274945e+01 -1.256242999217101470e+02 6.315000943493041632e+02 -1.502790428899882791e-13
-4.523633121007362234e+01 7.765346145523021448e+01 3.891294690901909092e+01 -1.244647017988372966e+02 5.302507481748573355e+02 -1.265556661461924382e-13
-2.448289449304882126e+01 7.268667420193455087e+01 2.113948369743176414e+01 -9.652331594999284903e+01 4.599700837441205294e+02 -1.155598364481820651e-13
-6.086623041593509953e+01 2.673849392560437650e+02 1.049963118407538332e+01 -1.401970977820381847e+02 6.785730967897852679e+02 -1.454592455317306421e-13
-5.986040974900711831e+01 3.557749538204249120e+02 -9.875671454909742408e+00 -1.277776715369019485e+02 6.606544557514220060e+02 -1.516923822986512485e-13
-4.793572142942627323e+01 2.362089137031626080e+02 1.068978695985685690e+01 -1.138100062564592747e+02 5.228860728100827373e+02 -1.257159338145250495e-13
-9.160381617775639640e+00 3.578636777358138232e+01 3.911719239393114833e+01 -1.093542598166318527e+02 4.581495741184269832e+02 -1.085187897077188096e-13
-9.010709567979149881e+01 7.512495089973075437e+02 -5.107906401310892619e+01 -1.714068550198147420e+02 9.271691965080855198e+02 -2.039522599470857867e-13
-2.905330959124280188e+00 -4.550125305330672631e+01 2.259141488817422427e+01 -6.942634734291220866e+01 3.554240137551244629e+02 -9.612962931770283723e-14
-4.594782040590993688e+01 2.607406313871617272e+02 2.264739479053503501e+01 -1.670862189739907535e+02 7.863764484219153701e+02 -1.604188766288282527e-13
-7.359338644390521722e+01 4.700001890965693860e+02 -5.729700530692925398e+00 -1.700785605968536629e+02 8.344521314988659242e+02 -1.667213766064866139e-13
-4.103600687878272169e+01 -1.558413590949929883e+01 5.545177827990762864e+01 -1.396967211407210243e+02 5.952329019763244560e+02 -1.202438441581777340e-13
3.406199497324001069e+00 9.608843032219536440e+01 -1.358104647716420388e+01 -3.343990189623632148e+01 2.411831439314572378e+02 -9.924673089744427842e-14
-6.663270501091277254e+01 2.959121669637937657e+02 1.076018621783103058e+01 -1.416598576920097798e+02 6.657543702514672077e+02 -1.368872802657298990e-13
-6.874575709524315847e+00 3.785935162267347920e+01 7.998254479571174969e+00 -5.060504324085234629e+01 2.611058024249119285e+02 -9.139089076569724157e-14
-4.309276909016438672e+00 6.869410172340927545e+01 -2.138659013977409096e+00 -3.626568309271478086e+01 2.069929546029683252e+02 -1.078674929445019587e-13
-1.085228169538387810e+01 3.594854242349564544e+01 1.778908193209122501e+01 -6.648595996291638244e+01 3.065259999220272675e+02 -9.761279673835493930e-14
-2.657611255493403846e+01 3.306994385429615591e+02 -2.814504407132087849e+01 -7.440731568504173765e+01 4.373849493354820765e+02 -1.201613453155960042e-13
-4.223157422883013368e+01 1.440387073707705099e+02 2.399366405031112137e+01 -1.190356793362209658e+02 5.405445402532793651e+02 -1.225895040789097176e-13
-4.671713360897289391e+01 4.499868702210050628e+02 -3.203625595265736337e+01 -1.056971919734374268e+02 5.849450575025383614e+02 -1.406627490327394007e-13
-3.683555109132095851e+01 2.401774759174692235e+02 1.878710222815989095e+00 -1.004972891696951933e+02 4.869387405986773274e+02 -1.180387900251275025e-13
-4.706822780370936243e+01 3.559136463955983913e+02 -1.763002148494275900e+01 -1.011263862911685436e+02 5.310766128560411516e+02 -1.490746942088920746e-13
-6.500108798611901761e+01 3.269032984775791419e+02 -2.359125918420179158e+00 -1.152851031221198355e+02 5.497280082911395311e+02 -1.392122646228016112e-13
-2.683268765415148849e+01 2.200900454751071038e+02 7.502564357157341934e-01 -9.451139072360420812e+01 4.687033955320482050e+02 -1.255081053003827019e-13
-6.910737130809002871e+00 -5.778105146923947188e+01 3.953324286317909042e+01 -8.164052431300503088e+01 3.379869445056632458e+02 -7.243839411821565711e-14
-4.733585397543239282e+01 3.784460771323600170e+02 -2.750666819708890287e+01 -1.010700084539317629e+02 5.774262443254265236e+02 -1.438353922708854116e-13
-1.294212769419302411e+00 -1.254628023588820724e+02 7.577566261901482392e+01 -1.202495251608443994e+02 4.150487371130051315e+02 -1.150766774586617659e-13
-3.518729790394088042e+01 1.873771420745249827e+01 5.403377356640055496e+01 -1.469164497479615648e+02 6.276142349922954509e+02 -1.235690747464758255e-13
-9.712891242079264131e+00 9.944497035153406728e+01 2.372544831329224668e-01 -6.195219381248251267e+01 3.418360882574632456e+02 -1.238918139122820795e-13
-2.369778405712793301e+01 9.296072861908584173e+00 3.728941421865261674e+01 -1.021359741862713264e+02 4.408206418841764958e+02 -1.036547309538828813e-13
-6.656389721109748336e+01 3.120012611120862971e+02 3.209391349280137007e+01 -2.022541268564748407e+02 9.245595347137789304e+02 -1.769448099165002028e-13
-1.579496993210278077e+01 1.363830732143153170e+02 8.744390380360558268e+00 -9.176290595617078338e+01 4.605584653339781198e+02 -1.120084455711046652e-13
-2.799469008464208741e+01 1.561566174123372832e+02 3.325355205795681002e+00 -8.464901591745943676e+01 4.329199431463944165e+02 -1.177737362933383147e-13
-5.256177351609855464e+01 3.573799826712362346e+02 -1.090897924615909176e+01 -1.059021814045782293e+02 5.190285765750560358e+02 -1.422015845302320194e-13
-2.052404246445678737e+01 2.015018495698932668e+02 4.680612482538723640e+00 -8.353369886236602326e+01 3.833823951118989157e+02 -1.123061094754756522e-13
-3.716905523802071087e+01 1.446972876328658231e+02 2.950244077560641998e+01 -1.240334046923816373e+02 5.383524042852041021e+02 -1.228717964649112898e-13
-5.337082332129423889e+01 3.225998610801001973e+02 -2.514450806170821551e+01 -9.720163883210959455e+01 5.773565918248839353e+02 -1.492149026439821352e-13
-1.112568634474302485e+02 7.833334375050086464e+02 -3.159338803099738868e+01 -2.154753667937288526e+02 1.074952201233674259e+03 -2.126199845200634908e-13
-1.936621295127584474e+01 9.652384278019499675e+01 8.579574942207257138e+00 -5.908161637699437563e+01 2.712177191175946973e+02 -9.440604948101934384e-14
-4.140074166209959827e+01 1.072149436938672693e+02 4.127096234447896705e+01 -1.516576428123118774e+02 6.762111055645002580e+02 -1.328726475190833777e-13
-6.843779430380037354e+01 2.917480530051067262e+02 2.694712721444711434e+01 -1.645358246564915419e+02 7.188649875618302758e+02 -1.445225615538351958e-13
-3.515308645908255869e+01 2.516586181321578124e+02 -1.051292837078401821e+00 -1.043158081431181046e+02 5.229448696578748468e+02 -1.321680248654972236e-13
-1.351847579222581253e+01 -9.377252287332738945e+01 4.556663766864149068e+01 -7.817739490585637441e+01 3.025078678525259193e+02 -8.873765144350909542e-14
-3.966769807908287504e+01 3.288879729619619638e+02 -2.358688043332349338e+01 -7.735110628946695499e+01 4.292938366740829679e+02 -1.307389198493116878e-13
-2.175470071183135801e+01 1.811709218218829847e+02 -7.239748040506732707e-01 -9.222064646717068115e+01 4.913780202830955091e+02 -1.262606401515744809e-13
-3.576533638306300844e+01 2.767310723090376996e+02 -3.343764372968703213e+00 -1.137283041880852608e+02 5.824760618251691540e+02 -1.378745375773760631e-13
-1.318980879979482523e+01 8.818865762110958428e+01 6.473102235063446841e+00 -5.480993637184266731e+01 2.621311721116225044e+02 -9.172109914147823733e-14
-2.935845609356607611e+01 1.397708746135818672e+02 -5.470874771221994060e+00 -6.551462205521234239e+01 3.727098957259578924e+02 -1.089362997634679063e-13
-5.298168863049170341e+01 4.239218302286436142e+02 -2.975149485119886705e+01 -1.099347142505186099e+02 6.179619098693088972e+02 -1.489417963632739297e-13
-7.307342080837949005e+00 -1.060977239629462154e+01 3.302905829234637025e+01 -1.066734628566479302e+02 5.132732639273831410e+02 -1.163866376536138612e-13
-2.840496300704559118e+01 2.504727725802081579e+02 -1.401005504032337967e+01 -7.032359978309270332e+01 3.783450173993321641e+02 -1.182019426909672376e-13
-1.692028181353478899e+01 1.355310478776975742e+02 9.147953220710299149e+00 -1.015964811544866819e+02 5.247093620848630735e+02 -1.238480609071645130e-13
-2.853362378016305456e+01 1.274838380064321370e+02 1.926627458658573433e+00 -6.897108570259567273e+01 3.575725476176422717e+02 -1.082057431051737411e-13
-3.798155116778469420e+01 1.469617055558302070e+02 1.515715226279255390e+01 -9.021278372044460525e+01 4.012549521368426326e+02 -1.102063531001150806e-13
2.342194252619802963e+00 -5.146706260523001220e+01 2.967207421724467409e+01 -6.065003819602851109e+01 2.554274439387429254e+02 -8.609164258766416230e-14
-1.400413314380000429e+01 -3.668671884158083429e+01 3.894349689893130773e+01 -1.005204200866539708e+02 4.531799249154356062e+02 -1.103545155612305149e-13
-1.746051756576805758e+01 -5.903041378124781602e+01 5.623160616068154383e+01 -1.277486653405060650e+02 5.418648128309024514e+02 -1.089851777332090926e-13
-4.268218773726266591e+01 3.471516022256105884e+02 -3.154372430130210603e+01 -8.634680465132632321e+01 5.273355514260186965e+02 -1.347949409104922944e-13
-1.629090532503848010e+01 3.054834540712030844e+02 -2.154459010472840674e+01 -7.152973309498922561e+01 3.942822743587414607e+02 -1.280877100905160291e-13
-5.180351193835622325e+01 3.200229396103279100e+02 -3.534726603895871899e-01 -1.334310683187261759e+02 6.639286128331010559e+02 -1.433027384428163831e-13
-2.602957162224909737e+01 1.532062786243976404e+02 7.749575727196534203e+00 -8.244881377777929288e+01 3.919421284896574775e+02 -1.164966445022598692e-13
-1.322354924224098172e+00 -3.165171067455985394e+02 1.032346597818376353e+02 -1.407107165039154779e+02 5.171439427100873445e+02 -9.810633969111213517e-14
-6.947754581908621718e-01 -3.784962011582258867e+01 2.354298604762235314e+01 -5.786006903269930035e+01 2.659374370042380633e+02 -9.495792170720010258e-14
-7.449466699580544748e+00 -5.815776352981557551e+01 4.889780998580859972e+01 -8.961016192410016856e+01 3.318235522807062807e+02 -1.070896721183324271e-13
-3.905504138698595540e+01 2.038501130364689118e+02 1.537062915098231031e+01 -1.167624153497703077e+02 5.365353229229219778e+02 -1.358327983167027395e-13
-1.113041874770627828e+02 8.615493651757736870e+02 -8.424849683734335315e+01 -1.619238559822762511e+02 9.948775764803120865e+02 -2.088548421482420727e-13
-4.974235444435495701e+00 9.230937265693822269e+01 4.166822854550412458e+00 -5.289366329814681933e+01 2.609987714770321077e+02 -1.026404500386055775e-13
-9.234610303793728292e+01 6.628427931122342898e+02 -3.711126615743619794e+01 -1.605715842304822729e+02 8.298271279169665604e+02 -1.709041676371054201e-13
-5.499817894771970117e+01 4.033365847845399799e+02 -1.734104309277286760e+01 -1.391948752379023801e+02 7.502761085500346780e+02 -1.574378287510928158e-13
-8.102896164995524231e+00 1.719787732037950718e+02 3.396756463784137425e-01 -7.702015801940009965e+01 3.891296713548493358e+02 -1.187357362302421109e-13
-1.227633707786065465e+01 1.730662613059528212e+02 9.914309019918563948e+00 -8.697325866628462165e+01 3.938776789536698857e+02 -1.200280193684585555e-13
5.478505629714693903e+00 6.510930639640963591e+01 1.389807020605932841e+01 -7.918029105889814900e+01 3.953592137833905440e+02 -1.170597432596092116e-13
-6.920026913914324673e+00 -3.047843459883995365e+01 3.273373914043283150e+01 -8.270532530753972367e+01 3.686433272487107047e+02 -9.564188121010266922e-14
-2.986944465481218813e+01 2.009231068126568687e+02 -7.830076521727388439e+00 -6.375540893264066256e+01 3.310237949294933628e+02 -1.081784758234292472e-13
-3.195678661654392272e+01 1.753449621280587110e+02 2.098701958097763409e+01 -1.222745386758644059e+02 5.585627480658707782e+02 -1.359037700528412324e-13
-5.420800416528072674e+01 2.812121814380867590e+02 1.204787212344613057e+00 -1.124570284435656191e+02 5.414804054960393387e+02 -1.237328858711405347e-13
-1.730351819568783966e+01 -1.516680101393719440e+02 6.643201834256278460e+01 -1.189976740979800667e+02 4.857934375784885219e+02 -9.895055873465794218e-14
-1.015369049513928168e+01 9.508481939950341655e+01 -3.430737750884547133e-01 -5.576505261546613923e+01 3.071667123727527269e+02 -1.016380687435411527e-13
-6.600023073021166908e+01 3.948153703735011959e+02 -2.702807098578601952e+01 -1.195190288410638999e+02 6.863506082895711415e+02 -1.465357436425303778e-13
-1.497443995883691770e+01 -1.415452494652080873e+01 3.327251021916248419e+01 -9.445203628978984511e+01 4.321560363930934727e+02 -1.093188230905471827e-13
-2.760967819232712372e+01 2.266192231170849709e+02 4.952241513570347919e+00 -1.049131617362205304e+02 5.068999865850233277e+02 -1.286271073130411111e-13
-3.961897467315231580e+01 3.855825078141082827e+02 -4.519160438132845314e+01 -7.391325759437386012e+01 5.029508898661329681e+02 -1.561120626962557769e-13
-1.060808691560926142e+01 -7.805417036171444778e+00 2.219424632617544546e+01 -5.981709627715843425e+01 2.656402637880880206e+02 -9.478622581779351851e-14
-2.203612716408991545e+01 6.070549342295477402e+01 1.639510685701742787e+01 -6.424023839668937796e+01 2.821528059920288456e+02 -1.025919853215170715e-13
-7.201249818803414193e+00 -3.003206546667074406e+01 1.212263002375227749e+01 -4.503612965990333805e+01 2.471686374739111614e+02 -7.776755648819077838e-14
-8.035424746156819253e+01 2.123384067740174146e+02 5.901982221070024792e+01 -2.230829337233261924e+02 9.653211027469535566e+02 -1.548100422505073407e-13
-2.033437441723909345e+01 8.707491490453871563e+01 8.217832929605631165e+00 -7.288428086079369450e+01 3.732810360130382037e+02 -1.145515421740455754e-13
-5.971214652481520169e+00 1.152665146195357977e+02 -7.645733347194202167e+00 -4.974465005188294242e+01 2.986521115873798635e+02 -1.038286871977324042e-13
-2.782558831833661372e+01 3.059999645198831217e+02 -1.872987906876073438e+01 -7.750306088400908777e+01 4.160205684115526878e+02 -1.261098800515362211e-13
-4.537656790195191547e+01 5.295869027181576030e+02 -4.375439330332885390e+01 -1.019382455969738146e+02 5.762297324132372296e+02 -1.578237475393248302e-13
-1.109433256055085479e+02 5.873530884532293612e+02 -6.545658828865383860e+00 -2.159203413677203969e+02 1.061556916817859246e+03 -1.840597411701183618e-13
-3.074765718796938430e+01 1.790838949220200789e+02 1.787102314936136915e+00 -7.954343886233429828e+01 3.915905603645435917e+02 -1.042655104089048583e-13
-4.396322478004209167e+00 1.754009486696417355e+02 -1.792845731124003095e+01 -3.756680994624443315e+01 2.384546104887192826e+02 -1.100100603992597375e-13
-3.311976799291423390e+01 1.353316581408501236e+02 4.051825364248815475e+01 -1.491135686436713570e+02 6.432508182138442407e+02 -1.328111267989230124e-13
9.297660432948093856e+00 -9.610823684474468109e+01 3.604857787362964672e+01 -6.686622939300610824e+01 2.891851641514232369e+02 -9.244772860939446108e-14
-1.633367456598386269e+01 5.798179711729708430e+01 2.500406814753442575e+01 -7.911893386301382236e+01 3.290079173198100762e+02 -1.007910612472904982e-13
-1.040825587941546715e+01 1.216142006753096183e+01 2.626251113502962653e+01 -6.487937971564558381e+01 2.589128385331839013e+02 -1.053120795389076321e-13
-1.254573990679846816e+02 8.272957486924723298e+02 -7.763361657850038000e+01 -1.617311092376900206e+02 9.763800009602368846e+02 -1.883931572051227416e-13
-1.707528431579946826e+01 6.042000417544656443e+00 2.847047460220604620e+01 -8.122098619358855842e+01 3.591264496542682991e+02 -1.176735663561570612e-13
-1.659467564224459935e+01 4.125294806952702942e+01 2.386948057274553392e+01 -8.566848674072397785e+01 3.926168757317348650e+02 -1.082230341725532396e-13
-2.127645454616621734e+01 1.871320595701202194e+02 -4.215498591552351293e+00 -7.886839633124317572e+01 4.196048428719385583e+02 -1.127483323244955697e-13
-3.351397246157058163e+01 2.870534934585412543e+02 -1.926087755870916851e+01 -7.277261433338655650e+01 4.015571070902137194e+02 -1.294720662642521431e-13
-1.460698776590128922e+01 -8.043791780592604823e+01 4.770577610830626725e+01 -1.032497784613104557e+02 4.475501133579729753e+02 -1.089137675112934148e-13
-3.913812309064112327e+01 3.574405014827847253e+02 -2.340678792712384393e+01 -9.316327116916588125e+01 5.134426982693368018e+02 -1.422332845990777384e-13
-7.837472590788580362e+01 6.504713344486591495e+02 -6.710620220292240390e+01 -1.051770500514254820e+02 6.587571484353347842e+02 -1.723263010111119448e-13
-4.904452433927617250e+01 9.490954374474679156e+00 7.020828240578074997e+01 -1.656437936743065507e+02 6.566519770277828911e+02 -1.257839758120395498e-13
-2.090393572740459760e+01 1.662306988004234825e+02 -4.820610033223254653e+00 -5.393818338572530280e+01 2.712520414256463255e+02 -1.020154356763416719e-13
-8.973598859440584663e-01 1.156586299453202713e+02 -1.163762798158149714e+01 -3.715786944629294908e+01 2.393283911722869277e+02 -1.014201049611125638e-13
-5.187298963554639641e+01 4.009260186883213350e+02 -1.603737927518953299e+01 -1.096398316519208436e+02 5.449962268094743649e+02 -1.425368544349319497e-13
-9.109244216548191275e+00 1.280320500343552794e+02 -1.119524922216132268e+01 -3.971162764833662351e+01 2.445607725991466737e+02 -9.817862339391708058e-14
-1.814778260653100617e+01 1.365671474089840842e+02 -3.481445674091058429e+00 -5.875130912963329166e+01 3.168460775847827335e+02 -1.040409381433497834e-13
-3.585918651564711013e+01 2.856276451423320850e+02 -2.338935166507907226e+01 -7.338355570779427239e+01 4.331737130659741979e+02 -1.288105034799771545e-13
-5.561376380464321301e+01 3.068367406897446017e+02 -3.030725546904581957e+00 -1.313741569779321878e+02 6.769582549248118539e+02 -1.409131486635676963e-13
-2.571838148160055582e+01 2.325914886026355646e+02 -8.490473669489121633e+00 -8.218327258419681414e+01 4.358529970788271726e+02 -1.224832020687321413e-13
-2.228764381734692179e+01 -2.414894810526521951e+01 3.869808105196175774e+01 -7.907771740689616990e+01 3.013724082857812618e+02 -1.009397876055952553e-13
-1.911503378250542440e+01 2.691753338890791269e+02 -2.604720453434125105e+01 -7.279451346937733547e+01 4.583497891987980779e+02 -1.419665287575777049e-13
-4.516244691010831502e+01 4.341560851487443529e+02 -3.596431077791617525e+01 -9.292138272242904407e+01 5.358738848356008475e+02 -1.436010790517150228e-13
-2.067393421050275570e+00 -1.128108329071304183e+02 7.000742787594801086e+01 -1.298404552245699790e+02 5.071923685196913425e+02 -1.123832319025361422e-13
-2.196345139429951487e+01 1.893961609120631522e+02 8.729953347067629821e+00 -1.024224459123811073e+02 4.933215713239793558e+02 -1.210864955018879221e-13
-3.890243857740053812e+01 2.554596392127335207e+02 -8.272813335973298265e+00 -1.027552873413586667e+02 5.559424333435844119e+02 -1.429661962063392788e-13
-1.690604751828282204e+01 5.048857364390473634e+01 9.382606274884347286e+00 -6.079740284927929395e+01 3.114666925128937010e+02 -1.076270134924824610e-13
-6.075646246557951713e+00 5.554539723974068721e+01 1.581773876774170695e+01 -8.524454180967572370e+01 4.308598720169645730e+02 -1.153855823218054956e-13
-2.524395114176124721e+01 -1.989591449963790337e+00 2.964648315556252101e+01 -8.026999695441277538e+01 3.511031638124420056e+02 -9.763582804934769991e-14
-2.398873524846402105e+01 4.685515841457039699e+01 2.366602066674078841e+01 -8.927526334879142667e+01 4.140484901175053665e+02 -1.131970945653382966e-13
-3.697110797820393202e+01 8.680748570121135543e+00 4.934580681400008473e+01 -1.290333741226262134e+02 5.448307310599545872e+02 -1.071775355033564921e-13
-2.844218649379661201e+01 2.114286574788081055e+02 5.457335375269610545e+00 -9.759470178770945381e+01 4.656342077655003777e+02 -1.230322383006780022e-13
-2.682901582630877613e+01 -7.940806350635894262e+01 5.985803780826326204e+01 -1.364234106123665242e+02 5.919305266645396841e+02 -1.131138082366900968e-13
-3.688703750193558051e+01 1.265678399314131042e+02 1.293877811989002424e+01 -9.981391855909093636e+01 4.950216144712746313e+02 -1.310747249582479951e-13
-3.236870557814042826e+01 1.764620577535505390e+02 1.010073744479123903e+01 -9.580674901136114840e+01 4.495722863748774785e+02 -1.146250273943951927e-13
-4.593640001849806254e+01 2.614397372081348863e+02 -3.659484682586092053e+00 -1.074921595323203292e+02 5.538215862039699005e+02 -1.313861299407793269e-13
-3.486529553114218061e+01 3.247902319955617827e+02 -3.246381754423514820e+01 -7.196930492424812087e+01 4.530209254337038374e+02 -1.299499188085245633e-13
-2.598434001881432209e+01 2.170535412824454511e+02 -7.228540611490545054e+00 -8.162285932139948841e+01 4.354260285646412854e+02 -1.296152625234188681e-13
-1.395358877746612905e+02 6.954151546283675316e+02 1.049425742237544812e+00 -2.632099875881944513e+02 1.251320751485888650e+03 -2.167875524532722208e-13
-4.539194048815982541e+01 4.098825027622560242e+02 -2.685877100173554410e+01 -1.048434565644998173e+02 5.755197808541560107e+02 -1.424848258640109487e-13
-2.133407621988915892e+01 2.459154039759579291e+02 -2.739713076120050417e+01 -4.530568374480735372e+01 2.993040412101220227e+02 -1.172115679928210455e-13
-6.662106951774644870e+01 3.998851080909156508e+02 -1.858664163568941419e+01 -1.208562401963605168e+02 6.375082453290488047e+02 -1.387320190074450817e-13
-5.476907191355997462e+00 -1.568359774650580505e+02 6.390789632466454862e+01 -8.811401103032430626e+01 2.981427838736689182e+02 -9.272051865561354171e-14
-6.896710507962798431e+01 5.359705048618944829e+02 -4.344030247831717872e+01 -1.149520650135965099e+02 6.570126646260420102e+02 -1.515090189798200129e-13
-3.193835758997391849e+01 1.803296012257129348e+02 1.014572505069063491e+00 -8.175892529042415902e+01 4.105202785257511096e+02 -1.185084556469974345e-13
-2.797627509102028398e+01 -2.750112047176753549e+02 1.245942634434533005e+02 -1.985268544042505710e+02 7.384109824871413821e+02 -1.134340709360688899e-13
-1.744273206562193579e+01 -1.544692840371495279e+01 4.203341436407909271e+01 -9.354578816372958272e+01 3.708629736944512274e+02 -1.114839255489674603e-13
-1.589053827498822891e+01 -1.975997164243617377e+01 3.383693472526020685e+01 -1.015492541179755790e+02 4.803758212245633104e+02 -1.094202152847989263e-13
-9.210186313924346280e+01 4.589314593756118370e+02 6.173773897380736564e-01 -1.785652491031560771e+02 8.589691328394347920e+02 -1.862840425886931245e-13
-4.145879757721094627e+00 5.706069599827127092e+01 1.164876857449440983e+01 -7.537343956389750588e+01 3.901023335659955364e+02 -1.177624097453216744e-13
-6.749335350958116919e+01 4.104769786944694943e+02 -2.122195079473262780e+01 -1.251470371174111307e+02 6.754548001497299765e+02 -1.547381962125789315e-13
-2.552039118853820199e+01 2.554852657256579391e+02 -9.533413330521526063e+00 -8.930193653491419070e+01 4.735567557412057909e+02 -1.213904911463688818e-13
-4.297814777702294720e+01 3.576679521285685155e+02 -1.776921987599614283e+01 -1.215280487911020089e+02 6.678379996697489105e+02 -1.504278795629698965e-13
-2.927371293068864233e+01 1.248120602385897939e+02 1.830850626364620481e+01 -8.789461318362114639e+01 3.817639900728555631e+02 -1.165494541240649023e-13
-1.642145454046663033e+01 1.063705065983101576e+02 2.176844358805464807e+01 -1.036210528497917664e+02 4.788810076077145936e+02 -1.164982224082949043e-13
-4.473062906917324000e+01 1.063850041933488626e+02 3.155656619119658401e+01 -1.352754634132512024e+02 6.289469923204184170e+02 -1.207044883136294172e-13
-2.491859073900437593e+01 7.455550270781924382e+01 3.224497200080586623e+01 -1.073524944097958098e+02 4.602215604847546615e+02 -1.164008059791728933e-13
-7.741557014955320426e+01 5.000256108061086024e+02 -3.191079751867123093e+01 -1.217118475807391462e+02 6.550015128752304463e+02 -1.532608658259208936e-13
-4.670911881356460782e+01 2.927912727772180688e+02 -9.255108555369107037e+00 -9.433993595791176290e+01 4.782033438699504018e+02 -1.339983944831701942e-13
-5.353339166337756438e+01 4.067164815712163772e+02 -2.947235092751795804e+01 -1.088038938272616321e+02 6.212255130789209261e+02 -1.521082126737420056e-13
-4.691211533269439116e+01 4.227221642179563901e+02 -3.661966299032432204e+01 -9.155666640178453974e+01 5.393093536022012131e+02 -1.530875820186887339e-13
-4.019220591484264560e+01 2.156700771918356807e+01 6.940711636583621669e+01 -1.706852701505625589e+02 6.867981307223420799e+02 -1.224306625758961114e-13
-4.726436355935135936e+01 3.127320538569546216e+02 -1.058631248275842651e+01 -9.503043286595497818e+01 4.767103874264972774e+02 -1.200586301395592655e-13
-4.917639843477556383e+01 3.211500153835331730e+02 -1.583920614270140881e+01 -9.959002902008904812e+01 5.348398665694701322e+02 -1.290575914476624514e-13
-1.759968430315273835e+01 1.109136135232215992e+02 1.151475971577277324e+00 -5.657783121673770665e+01 2.914093512801043175e+02 -1.187824519442059634e-13
-2.817945649636992300e+01 2.977041483968952207e+02 -9.653588342434732184e+00 -1.055752858707420927e+02 5.526785264553993784e+02 -1.392424271220356904e-13
-1.068865140154723434e+02 7.433275835976857024e+02 -4.301760010463252826e+01 -1.755952726046638190e+02 9.094865347768620722e+02 -1.796263571073547617e-13
-9.010909558090610005e+01 5.014655617658439724e+02 -6.472674632720596399e+00 -1.721889585718409137e+02 8.302582250717703118e+02 -1.700687562659478547e-13
-7.777925904690000891e+01 3.683626388236076536e+02 2.401075925465261562e+01 -1.941708636382213626e+02 8.805673012180685646e+02 -1.738528095717772431e-13
-6.832742291194281847e+01 2.975730656142591215e+02 1.475120328508923073e+01 -1.423843448147814286e+02 6.438239091970691561e+02 -1.344894597001302781e-13
-2.290510879962809909e+01 -1.732524112927239202e+01 4.549404576765987684e+01 -1.052396816577257113e+02 4.286820118688926868e+02 -1.019173973010917026e-13
-3.579618399639409176e+01 2.019007365665116822e+02 2.373236107912389059e+01 -1.743408891696802812e+02 8.714744028104098561e+02 -1.709827854252736182e-13
-1.468237245670967717e+01 4.746263933480352648e+01 1.768683359033692426e+01 -7.401673314464980535e+01 3.493413860114649196e+02 -1.018885435626627011e-13
-4.540283351841758730e+01 1.850453465151566377e+02 3.236151262222399794e+01 -1.464242346145913132e+02 6.408830212634056807e+02 -1.327642757539059618e-13
-4.020525315893713270e+01 2.741243547385511761e+02 -1.278739422359789479e+01 -8.509056188154410449e+01 4.523897475572488247e+02 -1.252601091420110559e-13
-2.388335129782136690e+01 1.051491750141799599e+02 2.950924526844460516e+01 -1.094289435484284780e+02 4.692126756010603117e+02 -1.044661521206321368e-13
-1.067510977476413814e+02 4.283009830190800926e+02 2.832240370997431000e+01 -2.258168525916985914e+02 1.021600678674771643e+03 -1.773945567413702186e-13
-2.200769783928499734e+01 1.442224686827497919e+02 6.908928569150483590e+00 -8.344757896699671562e+01 4.106526491960126464e+02 -1.165850499143870400e-13
-3.469832567002199397e+01 1.977481318388205125e+02 -1.418431069533443167e-01 -9.079691313659547802e+01 4.658821225912735144e+02 -1.211695392055779002e-13
-5.667168634224160684e+01 3.282485905442821377e+02 3.030383437083497444e+00 -1.526366850675378828e+02 7.653089070582146860e+02 -1.675016128411904851e-13
-2.704444389620169531e+01 -6.284894049827038742e+01 7.222364817029000505e+01 -1.513964671060773526e+02 6.011594135185586083e+02 -1.193126367602959651e-13
-7.898602988256695312e+01 5.156364044757007150e+02 -4.117590997376472828e+00 -1.975605694276480051e+02 9.753130290729600347e+02 -1.833961842552500308e-13
-5.670212704385545699e+00 5.146554013614366596e+01 4.029336650853333701e+00 -5.151410448945622989e+01 2.826473952848674571e+02 -1.140686559670836514e-13
-9.051840956511473735e+01 3.994569667227273158e+02 2.790393138052491651e+01 -2.225887321555767642e+02 1.023796099448170594e+03 -1.822879910828403543e-13
-8.298340266708155610e+00 9.174458497563449555e+00 4.773478528543834187e+01 -1.639838001045568490e+02 7.897634165303541067e+02 -1.545288956670116092e-13
-3.919602048916352999e+01 1.159190098551471806e+02 3.903749539900924503e+01 -1.430049085638455892e+02 6.259518385677217793e+02 -1.390436696436598054e-13
-9.174071933521110722e+00 7.971033627421846290e+01 1.310650061842451386e+01 -8.768566949450838877e+01 4.468743252804287067e+02 -1.227250313492974764e-13
-2.971604064455144112e+01 2.022610863947203654e+02 2.815615894482825965e+01 -1.446102083954746433e+02 6.429778249354585569e+02 -1.331134182862995120e-13
-1.842973733323719898e+01 8.669891394595468626e+01 1.350579509853589322e+01 -7.608529698904025906e+01 3.611859268962185183e+02 -1.213767954441776737e-13
4.365972698167250421e+00 2.011566603574828491e+02 -1.168526147409806448e+01 -5.325461642033455689e+01 2.849645101510527638e+02 -1.119922083246235369e-13
-2.462705379606610379e+01 1.470125105461829094e+02 5.003185499567863737e+00 -7.690192215149582466e+01 3.768086957775623773e+02 -1.122247681478634825e-13
-3.231087902269199064e-01 -1.284170586371353124e+02 6.349520332365477060e+01 -1.093398282749537600e+02 4.225850172801384588e+02 -1.112072328027000309e-13
-1.175412708378763149e+01 6.913080829256583115e+01 1.586791131776595698e+01 -7.863890742422675828e+01 3.761363043514315336e+02 -1.105609742024139073e-13
-2.157342559227489076e+01 1.379893624640215819e+02 1.067098736673669812e+01 -8.845926238004607001e+01 4.248186317174948954e+02 -1.178757285495347038e-13
-2.663495274602516005e+01 -1.791273543449717351e+02 9.658218994675544877e+01 -1.560350901206657284e+02 5.617513155501449091e+02 -1.223727544686316020e-13
-7.399350768442033655e+01 3.755571981427731316e+02 1.330840386900282191e+01 -2.051870490855397975e+02 1.017931110078548613e+03 -1.890224601761082849e-13
-2.722353769712277582e+01 1.152645259646262872e+02 3.243906845013923146e+01 -1.090742595052969790e+02 4.406099031010263047e+02 -1.105179001933332527e-13
2.095160546648331845e+00 2.950745879710536883e+02 -2.754104581412288510e+01 -6.455952046932257815e+01 3.935108193684449134e+02 -1.376188813461601084e-13
-2.858072049001859583e+01 1.390448548412632874e+02 1.177357526660318676e+01 -7.177099193181085468e+01 3.047809005418134802e+02 -1.045367506396325738e-13
-2.410748793862384787e+01 1.646015014508285503e+02 2.817841904019362076e+00 -7.298791991007050228e+01 3.515641116954541303e+02 -1.171591444679188718e-13
-7.455523717511033510e+01 4.385481090344302970e+02 -1.248073603179305024e+01 -1.449867842114363157e+02 7.321644801843253845e+02 -1.706678640479768538e-13
-5.915748087525815180e+01 3.679138689750403159e+02 -5.466214429140709541e+00 -1.407418011526845021e+02 7.106217697167326151e+02 -1.560516213217037691e-13
-1.210541798403107983e+01 2.172685076694797317e+02 -1.247949909018070436e+01 -5.032471205232332778e+01 2.585064976450752283e+02 -1.207949153447806712e-13
-7.362919588318969488e+01 4.747237483377876401e+02 -2.269445102627070199e+01 -1.375633213352475366e+02 7.211107597866118795e+02 -1.636131088310237585e-13
-1.477839712563473995e+01 -1.078880283968098581e+02 5.518758802385239193e+01 -9.652274849752089381e+01 3.745621748833918332e+02 -8.765122449512858945e-14
-1.359279955118291205e+01 4.765684880314890393e+01 4.685808848284475303e+00 -3.965062486712138679e+01 2.014836093862904249e+02 -9.897680303834320867e-14
-7.103890630198769429e+01 3.746149844968759339e+02 5.265622481799003829e+00 -1.679333709276815512e+02 8.197174730852118500e+02 -1.629193178631340320e-13
-4.777019915525099414e+00 -5.746735467444278100e+01 2.006929373803528449e+01 -4.851619557523734017e+01 2.398123452654351695e+02 -9.944315708588617382e-14
-9.035799567689577927e+00 1.251167225396190332e+02 -1.590182990112060679e+01 -6.146697833098569674e+01 4.231312289082704297e+02 -1.178419895956529356e-13
-6.088392802588480635e+01 2.592485841281992975e+02 1.922032548860943990e+01 -1.353060597274079271e+02 5.957821430378382956e+02 -1.381604125825975231e-13
-2.079026029458326619e+01 1.298893254383370106e+02 1.695348204446796458e+01 -9.152931152011207416e+01 4.111501247616969295e+02 -1.166848158917118694e-13
-3.857425237331249690e+01 1.872330245160494542e+02 1.555524729045403198e+01 -1.245332739651876466e+02 5.998177223218391418e+02 -1.413115210200387111e-13
-5.598483827461972595e+01 4.117760238238786741e+01 8.337800417752048077e+01 -1.999065569363214934e+02 7.792841879467987383e+02 -1.550541037090297269e-13
-7.471783658614825185e+00 9.688444413768753805e+01 -1.112246154321952751e+01 -3.907201557795988833e+01 2.627043921282530619e+02 -1.055357154213213884e-13
-5.142864632343880515e+01 2.374510207819598406e+02 1.678998920308249154e+01 -1.558255175176865350e+02 7.653432606337478319e+02 -1.449989084836377294e-13
-3.667454046073751783e+01 2.883899445974986406e+02 -1.507139797386476410e+01 -8.673903256794736194e+01 4.676182773757042241e+02 -1.235162817953278931e-13
5.778774805186169594e+00 9.534346667540075870e+00 3.326885813788467061e+01 -1.017508246914747474e+02 4.638248681683300561e+02 -1.125653799174076064e-13
-3.021837593346039696e+01 2.434991587010787555e+02 -3.503025341803530424e+00 -9.305704641138960653e+01 4.689680543999906490e+02 -1.254644457415365501e-13
-5.847190763294750582e+01 8.398031572928107380e+01 6.179588902634385761e+01 -1.783358600620583161e+02 7.411078532640367484e+02 -1.398590874130298902e-13
-8.638757678432474663e+00 5.213975906403916127e+01 8.173375073069509611e+00 -4.167973183133962323e+01 1.894751148382331678e+02 -9.717124764375149454e-14
-1.250094569819041652e+02 8.121518038730737317e+02 -3.207241500025673275e+01 -2.383924367825752597e+02 1.210896004897234434e+03 -2.106268331839419316e-13
-5.032125649480380503e+01 2.729586883578308516e+02 -1.477416883659946834e+01 -9.698952112917575619e+01 5.459771544319536360e+02 -1.338666132476116865e-13
3.861800414854363428e+00 1.068021477273257425e+01 2.023868265558561319e+01 -7.047952145486608799e+01 3.362602001670518348e+02 -9.741432325812690919e-14
-1.159122774075424411e+00 -1.542461564088748389e+02 4.827644204355687663e+01 -9.166863461004697911e+01 4.203216857039497540e+02 -9.508142168606027563e-14
-3.633651458273202195e+01 1.585269879810545888e+02 1.251204010137594302e+01 -1.073460547189713878e+02 5.248878103867920117e+02 -1.325737774597099975e-13
-5.507885028787894299e+01 1.799648277407682997e+02 1.840958613519156017e+01 -1.302829204516310710e+02 6.255241720137064476e+02 -1.272157709037167850e-13
-3.842345407857484929e+01 2.572034338403021820e+02 -1.325598016974091387e+01 -7.675717940395519179e+01 4.118140017361154719e+02 -1.118126077429856361e-13
-1.229220227063308926e+02 6.835236168016292595e+02 3.569925105684275568e+00 -2.633565887769782989e+02 1.244898452229092527e+03 -1.986090584738727134e-13
-2.906051621346945169e+01 1.474842154139984700e+02 7.849949153809760993e+00 -8.288659003295778405e+01 3.984507511082359201e+02 -1.146297073455909464e-13
-2.481007690228438989e+01 2.419750695639978630e+02 -1.936575734916035429e+01 -5.282142509337086977e+01 3.012550976602474861e+02 -1.131862794172730776e-13
-1.103827964681102003e+01 -1.026448102367383655e+02 3.336629464940705958e+01 -7.785182954507173747e+01 3.850402978608691456e+02 -9.754199540183195651e-14
-3.971023281334080224e+01 4.027013599221717755e+02 -4.106028298403462884e+01 -8.433414497382885600e+01 5.339398027373847526e+02 -1.431642740995488121e-13
-1.042789776090206288e+02 4.979351216685671488e+02 1.204960855555026988e+01 -2.070094996283038142e+02 9.482378196208649115e+02 -1.680299845241181452e-13
-7.653234760623313981e+00 -7.602353213580225599e+01 5.029622687452957308e+01 -9.325443273013499379e+01 3.605019486589277449e+02 -8.942950965109326224e-14
-1.828531171116354770e+01 1.347034032580073415e+02 5.215515199435181160e+00 -6.804074457849813484e+01 3.249282712105037376e+02 -1.110389957673293922e-13
-9.373465963098016118e+01 3.314789934494855288e+02 3.366043333492014256e+01 -2.023237081618668185e+02 9.006604815404109559e+02 -1.526933614097884240e-13
-1.186909297800186458e+01 3.710350940397152186e+01 2.202456036807311790e+01 -6.544719285904281492e+01 2.715465618266669594e+02 -9.152951795279756811e-14
-2.809199633258887996e+00 2.496782734918168956e+01 1.643850621344421370e+01 -5.888444961716734838e+01 2.721542705280571113e+02 -1.075072821620185478e-13
-5.589566565929919761e+01 3.636430477207827607e+02 -1.328927012379076977e+01 -1.274574026119639711e+02 6.745927010479897490e+02 -1.510900946532242734e-13
-4.897860096072731650e+00 -8.603863143728055718e+01 3.470369100429712006e+01 -6.146263177560871327e+01 2.540701616294190899e+02 -8.336231219781578093e-14
-7.886589028668041124e+01 6.765778314082660927e+02 -6.564795338669088665e+01 -1.238750373326337382e+02 7.559143797675928909e+02 -1.728491173111190587e-13
-6.356985618953328299e+01 3.101994801929114374e+02 1.965076259360196076e+01 -1.732597045889495178e+02 8.107079552120678727e+02 -1.384584578054385373e-13
-2.638510575773799971e+01 -2.601616979407223766e+02 1.313259280839147038e+02 -2.265671759692724549e+02 8.728575515944924064e+02 -1.269956641941664742e-13
-3.142697588544892184e+01 1.238255069128781400e+02 1.500577105773598419e+01 -9.444216485216004742e+01 4.476766946536151863e+02 -1.265576850432665336e-13
-1.633526614047704300e+02 1.142694097941062864e+03 -9.553711321121269862e+01 -2.231728637517902030e+02 1.272211661193478676e+03 -2.392342803413861007e-13
-1.836636893452207175e+01 2.267270262773610625e+02 -1.459530041607432160e+01 -6.031572260515920192e+01 3.322793235250446742e+02 -1.099826086092769720e-13
-1.555657841203757563e+01 6.917282430329601084e+01 2.285220240320025553e+01 -9.389776876344220113e+01 4.339259222618022136e+02 -1.099363002656510493e-13
-4.387718492995060870e+01 6.177515939886427532e+01 6.117293733595068517e+01 -1.760158076173307222e+02 7.458356149266132888e+02 -1.369508273781184458e-13
-1.696585627387156947e+01 -1.677163915247827504e+02 6.810317272256642696e+01 -1.160579495741483385e+02 4.671230851389434520e+02 -8.743159961682732635e-14
-5.569148730538314140e+01 4.499522184566570218e+02 -3.991884606482448561e+01 -9.531502747174626222e+01 5.656933074149097820e+02 -1.539070508943738771e-13
-4.278977262241880908e+01 2.044278346735720788e+02 1.180394115828435631e+01 -1.188367938934423762e+02 5.729162208348718650e+02 -1.305271508615334939e-13
-1.078576355220116625e+02 5.965942976608378103e+02 -1.172148502445517337e+01 -2.129485970967044750e+02 1.067954011590652499e+03 -1.938069153745574843e-13
-6.064046868143316260e+01 3.983339719191493487e+02 -2.115440197687749446e+01 -9.971017686156443460e+01 5.129424720348569053e+02 -1.306316479790121861e-13
-6.404372080989678295e+01 4.636861039721073325e+02 -4.783954795913831504e+01 -1.118833181292413315e+02 7.177454170739719075e+02 -1.681591797858538583e-13
-1.614166522888465494e+01 2.866330609239835780e+01 2.512551233409902096e+01 -7.800262272852357626e+01 3.422894728524753987e+02 -9.654240286774509725e-14
-2.681532886144041683e+01 4.462188594131992403e+01 2.723044614874588021e+01 -8.571700287415110608e+01 3.689237319265766928e+02 -1.136113297649170980e-13
-1.487002140267258987e+01 1.880134398658041448e+02 9.285977935591425148e-01 -8.476962675065902886e+01 4.256603934741378907e+02 -1.199619933690182910e-13
-5.830586546823118965e+01 2.665633108470014463e+02 1.341655333991827526e+01 -1.335224608091234586e+02 6.156087676774261581e+02 -1.349499893445628225e-13
-5.224610486436146317e+01 4.306367807794985652e+02 -2.574668297519289695e+01 -1.154801375422057390e+02 6.246365574592167604e+02 -1.572422599817953536e-13
-6.274780701407805594e+01 3.288077881325706358e+02 3.101714400221264434e+00 -1.540275717324027482e+02 7.737912939861723771e+02 -1.444126187017944491e-13
-5.524581829474524852e+01 4.627161192204083591e+02 -3.051431968484614288e+01 -1.204431156581514273e+02 6.649639922086489605e+02 -1.543921939842371533e-13
-3.136521086888885179e+01 1.075684320495960122e+02 3.991936941374067516e+01 -1.349896164377591106e+02 5.725553328410704808e+02 -1.331751880914185806e-13
-4.366866660476352990e+01 5.836663170257944699e+01 5.686008856011254409e+01 -1.645694793348611142e+02 6.990317072713339712e+02 -1.400636798511369033e-13
-1.910422753336295187e+01 2.264926935188934749e+02 -8.078674106878397154e+00 -7.740407496249814301e+01 4.055691931732608282e+02 -1.388418087107010410e-13
-2.267119238501745215e+01 -9.680115256427725967e+01 7.982396880662197702e+01 -1.562610183381531783e+02 6.101242077929033485e+02 -1.243362205942163075e-13
-6.926884075227006576e+01 2.594230477570553717e+02 1.442674635097303337e+01 -1.582102053075472838e+02 7.803608431348482100e+02 -1.479844082415221285e-13
-5.013523109407557854e+01 8.211345592219811351e+01 5.486543014478199609e+01 -1.673243006982485213e+02 7.128698967416136156e+02 -1.258653143845740038e-13
-1.835592000122150225e+01 4.487507752251955395e+01 1.128515271554161536e+01 -7.181915063870921756e+01 3.775004751977456294e+02 -1.153924970639313573e-13
-3.169779610183387675e+01 -3.181822205664498426e+01 4.968091150598173300e+01 -1.119708462940428149e+02 4.577607423368608579e+02 -1.034983224435078245e-13
-1.697060120478220426e+02 1.042422620381281831e+03 -5.056761354011170795e+01 -2.727894890047357990e+02 1.391314026745162664e+03 -2.482418499786760856e-13
-2.753296423232113455e+01 -5.990490113186099919e+00 4.115797020596986044e+01 -1.022661308558073756e+02 4.281448947626132053e+02 -9.368836572915067319e-14
-5.141287971620047870e+01 1.512948241517128452e+02 4.924791226068592920e+01 -1.616317402747230574e+02 6.597177555741683364e+02 -1.312021076682118791e-13
-1.661693812872349696e+01 -4.451603801212655753e+01 5.285211214177140704e+01 -1.129338621752083753e+02 4.532496945377535553e+02 -9.807144650655073288e-14
-2.735762362343928111e-01 -1.159173684853187680e+01 1.597741851031462090e+01 -4.324060523426617664e+01 1.968274677768153822e+02 -1.048716902679736616e-13
-7.119982396248634871e+01 3.201635412031660053e+02 1.025607067897873215e+01 -1.460273370827436281e+02 6.805099894753058152e+02 -1.398447173528749167e-13
-3.774267455057744058e+01 1.043161294395469270e+02 3.343192046653862803e+01 -1.180048263490227214e+02 5.023392526810185359e+02 -1.260857213622475052e-13
-8.162089960586563109e+01 4.451580961984097371e+02 1.269494537713207372e+01 -1.897109788174946061e+02 8.666238636433288320e+02 -1.692307704550811356e-13
-4.043094587213655444e+01 2.777582677089433787e+02 -8.351291974129635420e+00 -9.888860654827344376e+01 5.140484089569456501e+02 -1.258790293942380278e-13
-7.878359978033591915e+01 4.804687184491765493e+02 -8.103778315008598909e+00 -1.623358864578245289e+02 7.899145478096663737e+02 -1.595123467697198964e-13
-4.324255119464398689e+01 7.869661740957100449e+01 3.824298138361281474e+01 -1.333968911114400555e+02 5.938282197912147922e+02 -1.177634288277181071e-13
-2.762525774876964135e+01 1.278287191646559222e+02 2.717057693630702175e+01 -1.259653103643097438e+02 5.786935360698868180e+02 -1.302501549579692425e-13
-3.749383375920871941e+01 2.256712997475380575e+02 1.347881591365160148e+01 -1.362744704151968165e+02 6.637889585438764470e+02 -1.480994570112332133e-13
-1.106348555950852131e+01 9.186576386776414083e+00 8.347949193637314025e+00 -5.499298457737604195e+01 3.094543660260407592e+02 -1.020070532000310869e-13
-3.635158899721036363e+01 2.679510888564623201e+02 -1.630626044529765650e+01 -7.666964256798013366e+01 4.228702657452680569e+02 -1.169062361654141352e-13
-2.252765684066794449e+01 2.462326616636892425e+02 -2.289787496998049221e+01 -6.971155686093491965e+01 4.343134760529791265e+02 -1.269058429377920536e-13
-2.060394382525681245e-01 -2.578416051279563703e+01 6.726645775378265135e+00 -3.204267002627478433e+01 1.912739429330646033e+02 -7.856516260288530606e-14
-4.396025974757505850e+01 1.084933734526683509e+02 3.626660213866026794e+01 -1.427033315462244616e+02 6.471455835677279538e+02 -1.182879541938999114e-13
-6.319939495580972988e+01 4.053389537374443989e+02 6.674390176435061051e-01 -1.594742617963911755e+02 7.697195898973819794e+02 -1.574303863934750200e-13
-5.166461227908025222e+01 3.606167798987985407e+02 -2.656960136618670276e+01 -8.201111310968545354e+01 4.564022284930842375e+02 -1.319260433376679206e-13
-1.875012711067537907e+01 1.458226879218182859e+01 3.709897272093333243e+01 -1.117957332316995860e+02 5.030952237259781441e+02 -1.055211865929757638e-13
-3.074949352727569263e+01 1.968410238285288187e+02 -7.336420406095689906e+00 -9.436084892142433489e+01 5.366215264726992018e+02 -1.290645230960291938e-13
-5.281500948974417753e+01 3.694728981433011654e+02 -2.551869519472044701e+01 -8.764635176972954866e+01 4.810381728944092288e+02 -1.279905335484809940e-13
-3.134388092096459388e+01 3.093465850864109257e+02 -2.683340064863338981e+01 -8.450144770037695707e+01 5.125465470560910717e+02 -1.456608108646963385e-13
-2.784584151326903623e+01 1.419154843298669562e+02 6.674485707025429981e+00 -8.057095525898277799e+01 3.945127003020656389e+02 -1.122143051610905563e-13
-7.345764315217287788e+01 2.550952077919923227e+02 1.409106296840523065e+01 -1.613252066990711455e+02 8.066376491605332149e+02 -1.589512044755416656e-13
-4.704907731630922996e+01 4.208721644220088365e+02 -9.278281105856722277e+00 -1.509655976926861740e+02 7.648357262177107714e+02 -1.673921046168415494e-13
-5.532832318096370727e+01 4.683055748401912979e+02 -4.345175455437658485e+01 -9.111384866213676048e+01 5.465927348226551885e+02 -1.420544261350878320e-13
-3.600829531780480863e+01 2.421551244639684057e+02 -6.413782562164096035e+00 -7.939423529779945454e+01 3.967579233850654532e+02 -1.250158485692270565e-13
-5.908775645129285436e+01 3.397446994047783733e+02 -1.251486812255936165e+01 -1.148533095655612186e+02 6.024706457529877071e+02 -1.329767307571736631e-13
-3.014625093890198926e+01 -9.436094306083275285e+01 7.553931287052276389e+01 -1.539819608386852110e+02 6.204688459515327850e+02 -1.218393454970376026e-13
-1.616436326262848056e+01 2.701126888057814881e+02 -1.375617201276098989e+01 -8.189808776071195950e+01 4.400867563423825572e+02 -1.310131086686528012e-13
-9.093685778658601748e+01 4.877315798911228057e+02 -1.010060711316085502e+01 -1.675395274512854655e+02 8.323545346808380145e+02 -1.609739548499134151e-13
-1.437189051235609760e+01 -4.108270093279295310e+01 5.324387406318896154e+01 -1.033667779914804754e+02 3.838943043704792331e+02 -1.030634871487212092e-13
-4.552693155427468952e+01 1.664444624856948849e+02 2.548091747925806416e+01 -1.288387986041524584e+02 5.804380546019853000e+02 -1.260442982300462361e-13
-7.855307159808518236e+01 3.312725641199658071e+02 2.690700632320903907e+01 -1.859375463680233338e+02 8.339333283641324215e+02 -1.443003739610516747e-13
