4.189391527056809537e+03 2.792550952385834989e+03 1.406548318510374656e+03 8.572767795001345803e+03 2.085778328377036087e+05 1.864981883994310556e+04
2.445162751317643779e+04 7.850148382689198479e+04 7.120246561916381324e+03 3.398630693362793681e+04 6.540245806912755361e+05 6.631052535644592717e+04
1.054097801936095493e+05 5.676464738455521874e+05 4.401473102139980620e+04 9.929336125755959074e+04 1.465817865665712859e+06 1.905457873416306393e+05
8.912234717878056472e+03 4.528961435270997754e+03 9.923088396477442075e+03 5.889115442257357245e+03 2.261769282833128236e+05 2.237727843694162948e+04
1.420761777151766291e+05 6.186557572041134117e+05 1.030599643557014642e+05 8.585066439360947697e+04 1.460692899813159602e+06 2.120995523208901577e+05
1.144473239883192145e+05 5.151349431377719156e+05 4.552794208999434341e+04 1.155448528362841898e+05 1.561607662380038528e+06 2.023917033334804873e+05
2.906219828774976122e+04 1.423402692679207576e+03 8.584508521888192263e+03 5.396041789560594771e+04 7.447906320877184626e+05 7.826539788199109898e+04
4.210263424628096254e+04 7.934284287699592824e+04 2.905236199398558165e+04 3.830733273767271021e+04 6.440930702892972622e+05 7.709266012086627597e+04
2.916705867618602133e+04 7.291999818182039598e+04 1.320328220306097501e+04 3.341731543872912880e+04 5.134366134423397598e+05 5.894352573233759904e+04
2.294296325566128653e+05 1.098736568183970172e+06 1.334700195490210899e+05 1.752402455658583785e+05 1.683408592726130504e+06 3.043596596028695349e+05
1.584793233602066903e+04 3.225916039569477289e+04 1.375325192128598246e+04 1.144999865385636804e+04 3.271731390191862010e+05 3.470777423944187467e+04
3.986203284196502500e+04 8.530655034808124765e+04 2.193989743061464833e+04 4.542405905338800949e+04 6.740794549204057548e+05 7.955655909837649961e+04
6.445254200337130897e+03 4.410964097615891660e+03 5.386644376534279218e+03 1.689514149152339451e+04 4.897102186723701889e+05 4.311773362884132803e+04
6.883175861853137030e+04 1.104624397744834132e+05 3.128785567872953470e+04 8.591182931415205530e+04 8.390309111144697526e+05 1.142333057471847278e+05
3.226303865127842073e+03 1.662796164582004167e+03 3.310140745637243072e+03 1.376704751559291799e+04 2.798275436918144114e+05 2.655553195574276106e+04
3.675224595468071493e+04 1.250882498761696625e+05 1.640584496322179984e+04 3.508243983797575493e+04 4.167381137546487735e+05 5.715400679226002103e+04
2.109333222227084116e+04 1.031203266692878678e+05 1.128813651170517733e+04 3.651836167870667850e+04 5.242897301957689924e+05 6.174422229849702853e+04
1.127899083796802915e+04 4.009955830160593177e+04 2.827751275799737414e+03 1.253674108012403667e+04 3.196337910192023264e+05 3.037014933798904531e+04
1.493639068607070658e+05 5.004851113277852419e+05 9.670796538239857182e+04 1.230148921422220010e+05 1.123891461435457459e+06 1.976670998787735880e+05
7.093457021020082175e+04 1.415314197427900217e+05 4.620559849205254432e+04 6.991195092065841891e+04 7.341498642792134779e+05 1.079120228522581601e+05
7.240385228999391074e+03 3.105500662038056907e+04 3.055676835711255535e+03 6.897432094629297353e+03 2.840428707521407632e+05 2.507711949024034038e+04
1.380947940217649557e+04 1.393999454705293147e+03 4.776798900193410191e+03 2.190326388261159809e+04 3.690432339939097292e+05 3.685416245888319827e+04
2.805158716854217346e+04 1.471653021478744267e+04 1.242303744265194109e+04 3.887506633086640795e+04 5.089576632598519791e+05 5.789438928263859270e+04
6.506500676885198482e+04 1.362799373374696879e+05 4.905434490920141980e+04 5.931945621970809589e+04 8.928440920341664460e+05 1.147642295022835315e+05
1.719235445960597281e+04 8.314188708614485222e+04 1.316827615066459475e+04 7.358236765024252236e+03 3.637875985156873940e+05 3.758531252735281305e+04
2.041860629037623585e+05 7.606171441016909666e+05 1.446545767595469370e+05 1.525548005697312474e+05 1.163668927902651718e+06 2.472382708023730665e+05
8.451341378073343367e+04 1.755564576070994663e+05 5.090103708609857858e+04 8.321524790691772068e+04 8.161108377100358484e+05 1.231476337783748459e+05
1.285464792708438654e+04 1.197503112109322537e+05 2.418495929230026832e+03 7.694217962322456515e+03 3.245643870485083316e+05 3.227612225158618457e+04
4.673357419877577195e+04 1.158499556083342759e+05 5.671832684478139709e+04 1.320875408947358483e+04 4.746832709688391769e+05 6.808151756433532864e+04
6.241810457478263743e+03 2.061254075213003034e+03 1.769371472746842073e+03 1.306199765430511434e+04 2.972755125187141821e+05 2.676577331770336605e+04
3.579426558164755261e+04 1.571514847299990361e+05 2.152390842208307004e+04 3.009423022451997895e+04 8.239397798760571750e+05 8.607918663850717712e+04
8.093657115953732864e+04 4.695150061486496706e+05 4.766564778105750156e+04 4.294545643724924594e+04 6.767875784223842202e+05 1.087154383826506964e+05
1.223210684691193892e+05 5.221576307208681246e+05 9.815872959090134827e+04 6.704521674146714213e+04 6.712189265919370810e+05 1.436095459497921402e+05
1.356552265520709625e+04 2.464340449553779308e+03 7.424651299249026124e+03 2.120964048325836484e+04 4.770406902053629747e+05 4.499878278928571672e+04
1.584636938404679495e+04 4.831976191382305115e+04 1.098618016064679978e+04 1.770397410408571523e+04 2.955224562125568045e+05 3.500861359407030250e+04
3.939155524761647393e+04 1.102223958648303778e+04 1.187594125906898080e+04 6.981982108202004747e+04 9.658937203531438718e+05 1.022018225430937164e+05
1.154864382872122660e+05 2.662696672273216245e+04 5.922097908968802949e+04 1.643476181366352830e+05 1.542034721427162178e+06 2.048784748616066063e+05
3.716983744329638284e+04 1.845269221033832291e+05 1.966440341738972347e+04 2.606529111399332760e+04 4.666946930657722405e+05 6.078192005181419518e+04
1.223899353854368564e+04 9.494355370919878624e+03 8.517345656651188619e+03 1.340149383007503820e+04 4.780008578189969994e+05 4.235147982485499961e+04
7.162922083296731580e+04 1.558290647047300299e+05 5.500809444702566543e+04 6.033068855283752782e+04 8.986164021789799444e+05 1.191434398448864376e+05
4.287672655384997051e+04 2.248608064630934678e+04 2.944268147803557440e+04 5.851525464465995901e+04 1.017945169888642733e+06 1.087309365624016064e+05
1.584921749788946727e+04 5.206275122054636449e+04 1.644963076501582327e+04 5.113711090248557412e+03 2.857456720590924961e+05 3.119830452774890728e+04
7.485540466773875232e+04 3.189456748674809351e+05 4.506736540786729893e+04 6.053748547071845678e+04 6.103320471036350355e+05 1.036314581989263825e+05
3.491730422047714819e+04 3.282816887406636670e+04 1.980432672640478268e+04 5.532370689747074357e+04 8.119125573676198255e+05 8.978679626889964857e+04
8.844448163417995966e+04 4.009203287057962152e+05 4.965732319031846419e+04 6.635346409336982470e+04 9.401995575478668325e+05 1.344822070679294702e+05
3.042716508823879121e+04 1.054828709280731709e+05 2.947151380500395317e+04 1.179660817874337408e+04 3.835019454895450035e+05 4.905158101518142212e+04
4.917443297848189832e+04 1.770470814851497998e+05 1.322375291995259795e+04 6.818437077911934466e+04 1.088322409902282292e+06 1.184913924349495792e+05
3.975551281548975385e+04 1.903236968796885631e+05 2.882879370958142681e+04 2.335682675067849777e+04 5.467695566423555138e+05 6.918040701741332305e+04
4.515035158517724085e+03 2.654449265637355438e+03 1.216822821868079245e+03 1.144906986841882281e+04 2.968502529794669244e+05 2.579898218365160210e+04
4.981689264544221805e+04 1.271786034089181339e+05 2.878917841815201973e+04 5.036583429342660384e+04 6.351588209841080243e+05 8.419747570798205561e+04
1.734095199816941386e+04 5.890986116006429074e+04 1.089067908615493070e+04 1.923099055366879111e+04 5.336329663439709693e+05 5.219706392302181484e+04
3.962747944740873209e+04 2.190919703788004881e+03 2.611774344501247833e+04 5.104054085492255399e+04 7.589607367229217198e+05 8.549443584989861120e+04
2.001853261969508458e+04 1.899638061775338792e+04 7.974494451822282826e+03 3.789792675422423781e+04 6.333333049664517166e+05 6.411203011266823160e+04
1.704008360103922678e+04 1.146687557293182363e+04 3.679021935718535588e+03 4.457738019200984854e+04 8.026511792660029605e+05 7.629640758587248274e+04
5.110343896971273352e+04 1.800192480327076055e+03 2.200564814903579827e+04 8.759085525783678167e+04 1.082199104058735771e+06 1.219707760628094402e+05
5.817850406201631813e+03 4.084518158474981465e+04 1.217580588075882815e+03 1.134331275714610456e+04 4.517878732681980473e+05 3.806189701457717456e+04
7.748682819403134636e+04 5.628621828354550526e+05 3.475731123896783538e+04 5.183377934347207338e+04 1.383732044673223048e+06 1.593368623723668570e+05
1.401027445648747380e+04 3.363512057072688913e+04 1.206977359054383123e+04 2.619538312638672869e+04 4.259454415066166548e+05 4.736112904966164206e+04
2.808974091641770210e+05 7.983013379186314996e+05 1.924998833704574208e+05 2.441824859707976284e+05 2.247267144705998246e+06 3.840428758998950361e+05
5.328599043938173054e+03 2.331729398723125996e+04 2.097119683739360426e+03 1.759648832946151742e+04 5.965619593989730347e+05 5.013894353583682096e+04
5.193818942415774654e+04 2.650490643962796312e+05 3.080315922596114979e+04 3.630147804782984895e+04 6.883234491677298211e+05 8.910254981401206169e+04
6.517498499913656815e+03 3.650139676863372733e+04 1.794015241091963162e+03 1.324016660655988198e+04 3.181225831497307518e+05 2.996294763617574790e+04
2.038027905359690776e+05 7.046143878657418536e+05 1.592220490766570729e+05 1.276337467200896208e+05 1.379897342477829661e+06 2.540220659119057236e+05
7.689002799470722493e+03 1.036604240561553343e+04 6.231760314383667719e+03 1.849014237637783663e+04 4.090286542399358004e+05 3.907128394959744037e+04
2.163231867782549671e+04 3.566140554268136475e+04 6.976453921654363512e+03 3.165277079099829643e+04 5.862792568166251294e+05 5.851744782783321716e+04
6.349288908742991043e+04 1.741369943053333845e+05 2.182638766883905555e+04 7.776419804255921918e+04 1.118198329976127250e+06 1.283971734729074815e+05
1.195770509088827675e+05 9.592569673790980596e+04 4.116856947926766588e+04 1.823250978485800733e+05 1.848632270627958700e+06 2.292754423525907041e+05
4.577774486861397236e+03 5.194600144879903382e+03 1.319282429211859153e+03 1.098001045438220535e+04 3.069414465193183278e+05 2.643544568733895721e+04
8.094532623929836745e+02 1.573427661653616497e+03 7.241714576942190433e+02 3.150138996453469645e+03 1.780253889308517682e+05 1.378837549072239199e+04
3.708449072566693940e+04 5.004579657892922842e+04 1.820570320064189946e+04 4.934127460294424964e+04 7.868507729017455131e+05 8.555864000250020763e+04
6.223085802085587056e+04 2.834133588699469692e+04 3.795599009651664528e+04 8.110243087574817764e+04 1.027503976634867839e+06 1.235470380453471444e+05
1.629016284130055828e+04 1.179936833240959459e+04 1.165816705267379803e+04 2.330040299175122345e+04 5.879198580307789380e+05 5.568870500313087541e+04
1.039024190992531367e+05 4.367106466190406354e+05 6.339407932068320952e+04 7.734734329089251696e+04 9.444471752481656149e+05 1.474314759252616204e+05
1.410432283637827823e+04 3.557640533546236838e+04 1.265472678973747861e+04 8.771316106199403293e+03 3.288500681030524429e+05 3.329986041112548992e+04
7.125619767921655148e+04 1.375249136728808517e+05 6.181806660235767049e+04 5.560781733061316481e+04 9.991060724404244684e+05 1.257968632125981239e+05
9.540931530220839704e+03 7.768421155328479654e+04 3.010222055999856366e+03 1.267794769211907624e+04 4.090574200975295971e+05 3.838664284682025027e+04
9.537992961679683503e+02 6.738493809954356948e+03 4.330088494304547453e+02 3.624873183695710850e+03 1.710792491497384326e+05 1.366585798604963747e+04
6.440620129908902891e+04 2.564753247762308456e+05 5.075679079885613464e+04 3.546142935034555558e+04 9.006341271240205970e+05 1.111801719300810219e+05
8.974323624516460768e+03 4.013891140879908107e+03 4.021621023669610622e+03 1.583649820210330290e+04 3.590119640219338471e+05 3.324023675186149194e+04
1.366997001414521219e+04 4.859171805371472874e+04 4.974394414417979533e+03 1.645992504410153197e+04 3.752891590873289388e+05 3.723301487685350003e+04
1.219462074204208184e+05 7.640990203470520210e+05 7.656377491854639084e+04 6.016197669289660553e+04 1.085637719642442651e+06 1.710307439494695864e+05
4.187206062709608887e+03 7.888698255047488601e+02 2.059152773260829690e+03 6.204057200582617043e+03 1.801163538623574714e+05 1.584662133306105716e+04
6.377869781119509571e+04 1.699518882636092603e+05 4.440488045108318329e+04 5.315213548555217130e+04 7.541012588775075274e+05 1.023051848440690519e+05
1.571398749489792135e+04 1.413871491887298725e+04 3.690165603609477785e+03 3.062994725240713524e+04 6.464093524033958092e+05 5.961783105986385635e+04
1.534534714471818916e+04 1.093254537710217664e+04 9.149509505107713267e+03 2.741753786115211915e+04 5.449220240302036982e+05 5.353406149189038115e+04
8.838962290618221232e+03 3.987195332702759333e+04 5.462491664972033504e+03 6.854823586768152381e+03 3.221672723831635667e+05 2.909581704224121859e+04
2.786685526895925868e+05 8.944074477137662470e+05 2.103693348160602618e+05 2.032831427632282139e+05 1.955490071220104350e+06 3.583818627305558184e+05
2.408023821528240660e+03 1.182008213926832104e+04 1.570621679586661230e+03 3.844152690173487372e+03 2.229712588135337865e+05 1.799705147724221024e+04
3.683625546795099126e+03 1.186271337327235597e+04 2.131323610702255337e+03 4.469917655395369366e+03 1.512750202588421525e+05 1.370157179372552855e+04
6.940745970789871535e+03 4.797209004510517116e+04 1.844022027321356518e+03 6.477595854202894770e+03 2.748332236601678887e+05 2.458243402907465861e+04
2.282853242802068416e+04 2.750217802467527144e+04 1.882168443089702851e+04 2.129883179820867008e+04 3.790510261476289015e+05 4.460012795301623555e+04
3.120345059232900167e+04 1.142052676038820791e+05 2.400665724030960337e+04 1.910898242551420481e+04 4.573664413994342322e+05 5.540190907135837915e+04
2.209198638527910589e+04 1.103114676216381486e+04 1.237316452449713142e+04 2.667700917318890060e+04 4.712604354452739353e+05 4.963930536289852171e+04
1.666968111517274519e+04 3.031707719594930040e+03 4.734819443743890588e+03 3.214402474676574275e+04 5.762410673384115798e+05 5.548383148932758195e+04
4.862055197398009477e+04 9.770297260017279768e+04 4.278350368594087195e+04 3.662191075880584685e+04 7.207593337707675528e+05 8.831467992833204335e+04
4.789820696735452657e+04 2.016744904518685944e+05 3.741806167007330077e+04 2.608682503207198533e+04 6.148019254764333600e+05 7.925494583513613907e+04
9.316037435742704474e+03 6.363028709567098304e+03 7.592260716830001911e+03 1.797867957757342447e+04 5.808938196425535716e+05 5.078804353801641992e+04
6.513294105450702045e+04 2.832626274855974480e+05 3.574943250937116682e+04 4.882128873986662802e+04 8.791636428370513022e+05 1.106329595418411773e+05
1.828715521240462840e+05 6.864616065197661519e+05 9.373713098432154220e+04 1.760621720796175359e+05 2.140287328598893713e+06 2.979365119532352546e+05
1.008948986121568123e+04 1.992938236574621988e+04 9.272007840214240787e+03 9.686027912469759031e+03 3.228793266883712495e+05 3.107956106766873199e+04
1.838494896308144962e+04 4.561245026891756424e+03 5.060040934924072644e+03 3.140851178590329437e+04 4.706149214764081407e+05 4.826274069790151407e+04
5.735960279491145775e+04 5.147043189592353156e+04 3.127749458707598387e+04 7.482186373393317626e+04 8.490215258765064646e+05 1.069676549040824175e+05
2.160995086983965666e+04 8.244201518453784229e+04 1.192666050780523983e+04 1.941206097618933927e+04 5.044076366392648779e+05 5.192403432341506414e+04
1.445899320848784409e+05 5.113972681444886839e+05 8.535615949048967741e+04 1.259846370591841551e+05 1.269479470128445188e+06 2.044484129365945410e+05
4.247842760608004937e+03 7.135184448225222695e+02 2.746322854384436141e+03 9.054675271207774131e+03 1.950855672974259069e+05 1.843494806743895242e+04
1.017404315710033188e+04 9.041284193095615774e+04 3.860969571246496798e+03 1.019307667903300171e+04 4.402028902023161645e+05 4.035431072467774356e+04
9.263440130016135299e+03 1.194190475174580024e+04 4.675765953027443175e+03 1.987659562002112216e+04 3.695637440606959281e+05 3.645101704577195051e+04
7.156950155523803005e+03 1.597313473057041847e+03 5.649401027171825262e+03 2.181392662522727187e+04 2.767610548824530561e+05 3.099312813086443566e+04
3.412286546816687769e+04 7.841919827874761540e+04 1.562108599231861263e+04 4.185215516269244108e+04 7.002933983331916388e+05 7.663986711047905555e+04
6.497114513915166026e+04 2.164288178631218325e+05 4.376891026655931637e+04 4.911719672879900463e+04 6.035712168569108471e+05 9.238120922714690096e+04
9.639121583430794999e+04 1.699422122461396502e+05 4.916688293320770026e+04 1.176330345789993298e+05 1.115403117744991556e+06 1.578157529051610909e+05
7.694397547226676579e+03 1.698150136928495704e+04 2.153308177958864235e+03 1.400027890510214820e+04 2.474584222567104443e+05 2.474301443402436053e+04
2.026665955274834414e+04 4.302807719308099331e+04 1.125751375659071709e+04 1.951412077925064295e+04 3.427166581002702587e+05 3.885657280107926636e+04
1.842513237810430655e+04 7.380378133584631723e+04 1.342323226585475095e+04 1.350216158022210766e+04 5.183214999723638757e+05 5.040531483609064162e+04
1.537673679179263854e+04 8.737270784908537462e+04 1.124130384807531300e+04 2.802985953857628556e+04 4.450369899185911054e+05 5.177610020277331932e+04
1.070519865749320161e+04 2.329503079149614859e+04 3.821251042255144966e+03 3.095156914833165865e+04 4.844460577809395618e+05 4.937916819043789292e+04
1.398579212480272145e+04 3.232665822301343269e+03 8.343205007280790596e+03 2.077264118347099793e+04 4.809900850984294666e+05 4.550079870461480459e+04
1.163941266939625639e+05 4.950462095892336802e+05 7.207199973311535723e+04 8.846472007725136064e+04 8.194729216757206013e+05 1.506797476156969497e+05
1.305265335847650749e+04 5.429311069623706862e+04 9.898202227712883541e+03 7.847893059366047055e+03 3.061512535909406724e+05 3.109324617467744247e+04
1.731566740565214059e+04 2.896643691322661471e+04 4.138685881268918820e+03 2.838834127981021084e+04 6.727192312300450867e+05 6.130071154861831019e+04
7.792443920211389923e+03 1.121076229938046708e+04 4.408911652769024840e+03 9.412365567658815053e+03 2.714104689709989470e+05 2.496630704280901409e+04
2.398297395798328580e+04 2.389207221089065933e+04 1.377328303338048681e+04 2.948814477498926499e+04 6.664394172037472017e+05 6.527793751874635927e+04
1.124038388222321373e+04 2.585370271090085589e+04 1.307127459294260007e+04 7.198439070279423504e+03 4.207442301339686965e+05 3.846796135818608309e+04
1.965620899880913930e+04 2.440848181258778277e+04 9.613037461614845597e+03 2.986902673405698442e+04 4.494102313948618248e+05 4.908500113340905955e+04
9.204535196511393588e+04 1.525941892567809846e+05 4.394236899530384835e+04 1.223752637314457388e+05 1.218288029055537656e+06 1.637696588299351279e+05
3.172258324404177620e+04 5.392456405624675972e+04 1.828301164819725454e+04 3.186095182786276564e+04 6.097378725655374583e+05 6.596700051572367374e+04
6.572570159292423341e+03 2.927550358957779736e+03 1.493946258033158529e+03 1.342571860803865093e+04 2.462376329873918439e+05 2.342158088615083034e+04
8.209347104210256657e+04 2.557178878525118926e+05 6.003798638229967037e+04 5.799892467858886084e+04 7.562267079594236566e+05 1.156219853272605978e+05
1.194537271161063109e+04 1.643718278652466324e+04 6.682851726409076036e+03 1.268449322059548467e+04 2.852036885581075912e+05 2.861245807186454840e+04
1.294735055709216113e+03 9.811341661934392278e+02 6.745373734229801812e+02 3.251340397985404252e+03 1.401342035678888496e+05 1.123489315832145985e+04
1.393599200822353305e+04 6.691550991690803494e+04 6.924398682094415562e+03 1.104202811406855108e+04 3.060223080566464341e+05 3.187140152096988459e+04
1.189612304271313333e+05 5.340516653525080765e+05 6.630888973556042765e+04 9.786895194291512598e+04 1.576924252259620931e+06 2.053233374921051145e+05
4.973980756885814480e+04 2.393362451910942036e+05 1.897265795707170400e+04 4.867029261474557279e+04 9.438938273214553483e+05 1.055130704009410110e+05
2.202193936697173285e+03 4.628647947685619329e+03 1.687984723627400399e+03 5.883092731608142458e+03 2.593538433476677164e+05 2.106092370825000035e+04
2.506569457071103170e+04 6.402755651433661842e+04 1.173755715928857717e+04 2.902707103094492413e+04 6.009303065651437500e+05 6.177134087226434349e+04
3.684150585615605087e+04 1.271237880926008220e+05 2.312871684477673989e+04 3.237921318590209921e+04 5.027159688168055727e+05 6.471331763868394046e+04
7.312649838973710757e+03 5.092280684178470983e+04 3.334590069485100685e+03 7.341560871857085658e+03 3.598235517053641961e+05 3.147805834640186367e+04
3.995122334118984145e+04 1.116647101747580164e+05 3.116423955421095525e+04 2.719853551528661774e+04 6.065740134769179858e+05 7.205535148682916770e+04
2.078413017393822156e+04 9.328911854009247327e+04 1.064049657342486898e+04 2.346583736072390457e+04 6.715070260662193177e+05 6.497830301585414418e+04
6.973324313013112260e+03 4.722025851231584966e+04 1.273130776779336657e+03 1.149453320221496870e+04 3.459415222648629569e+05 3.135042858884244561e+04
2.867003488695007036e+04 7.450941105929869809e+04 2.406332685322529505e+04 2.074617789347650978e+04 4.278073271614222322e+05 5.221468696943114628e+04
2.075106951686958564e+04 2.695556826275445474e+03 7.835218534894083859e+03 3.315091185316747578e+04 6.233146943072244758e+05 6.042518725811020704e+04
5.186863282310810064e+03 1.772689558291686626e+04 7.798611724176117832e+02 1.175561445346846813e+04 2.589174332968094677e+05 2.394354619932252535e+04
3.196745527645221227e+04 6.346463866117735597e+04 2.156605746496002757e+04 4.003661513508497592e+04 5.720167188966226531e+05 6.901402941328314773e+04
1.842573746070140987e+04 7.116033276345056947e+04 1.388969811365227724e+04 1.069495401330965979e+04 2.901677777507062419e+05 3.386072598122355703e+04
3.809491540260332840e+04 2.682974026258044614e+04 1.749953001859706274e+04 5.537239480886751699e+04 8.236465737080645049e+05 8.930772040408964676e+04
5.667517435143999137e+03 1.616576079327317893e+04 2.033185342932300046e+03 6.239889920198990694e+03 1.672143487569042773e+05 1.574457103413652840e+04
3.244330601162434323e+04 1.589005423498481687e+05 2.330134109322319273e+04 1.727815094269778638e+04 3.466853116202894016e+05 4.903678016320169263e+04
9.452666425660969981e+04 6.320810805698447075e+04 7.150756549518325482e+04 9.753306335225149815e+04 1.194134223621746758e+06 1.583726858756952861e+05
1.804740998212375780e+04 5.259464593138387499e+03 1.707880798882708405e+04 1.487007661386535983e+04 4.492276427632087143e+05 4.456148303650655726e+04
3.961253922736226377e+04 1.563686957920332788e+05 2.430388289893636465e+04 2.872618801962912039e+04 4.773512794588158722e+05 6.330885931036989496e+04
2.111108532680464486e+04 1.481361251388549863e+05 1.568929204340767319e+04 1.470855987049278338e+04 6.757306099124260945e+05 6.619232888110664499e+04
1.582681988597281270e+04 1.400098353819659860e+04 7.161577553001180604e+03 2.097637930984527338e+04 3.439799258202937781e+05 3.640102650382158754e+04
2.519828719590094988e+04 1.153687322285492519e+04 1.262113184145221567e+04 3.467961070193466003e+04 6.246517049919628771e+05 6.370689844777224062e+04
1.558368311836307657e+04 2.968384973106273173e+04 1.561262513881027871e+03 3.501748023922989523e+04 6.722376653723238269e+05 6.319031308986213116e+04
1.256738906204179693e+04 6.991902648798216251e+04 3.736068902528265880e+03 1.295972182228070415e+04 3.759688138331067748e+05 3.621727336033908068e+04
4.226746331791920056e+03 1.827663755503908078e+03 3.451574694530988836e+03 6.670435839664311970e+03 2.442307272691857652e+05 2.102145966763265824e+04
4.985757916374713386e+04 2.593788206648165651e+05 2.747510311129389811e+04 2.884709109250465917e+04 5.751205052668672288e+05 7.640262227074608381e+04
1.987672207539267038e+04 4.161542770930052211e+04 1.361431757673686661e+04 1.659175255250826376e+04 4.104115054801839869e+05 4.303434940995505167e+04
6.110764461644070252e+03 6.009755547723590280e+04 6.056215120939817780e+02 1.001903572792537307e+04 3.591147901852821233e+05 3.191857297734482927e+04
1.825161681310990616e+03 6.114166197886785994e+03 6.352335014401818398e+02 2.426536457661535678e+03 1.596675430890915159e+05 1.241273241534618501e+04
1.993736457608522906e+05 8.702121289236567682e+05 1.106289364436164615e+05 1.601663198744210531e+05 1.651054322205214528e+06 2.742153522623319295e+05
1.146056966437183873e+05 3.818943642960152356e+05 7.228035171487570915e+04 9.423619368565244076e+04 9.320516327400673181e+05 1.553534884754439117e+05
1.642322085124242585e+04 4.204234485142147605e+03 4.082083485091757211e+03 3.469733006083768123e+04 5.892623828627067851e+05 5.729082515968103689e+04
1.083025277732610084e+04 4.293944106544120586e+03 3.993687370103132253e+03 1.888066551765910481e+04 5.190185912018882809e+05 4.538055219821157516e+04
1.917836635336718609e+04 1.105132964320325118e+05 1.276631018978801512e+04 1.268507827757679479e+04 4.612807852564682253e+05 4.773220950113913568e+04
1.854211098636319002e+04 7.149925415555214568e+04 1.124311277422006970e+04 1.443730537208587521e+04 2.508550097762909136e+05 3.178465945073424882e+04
7.524540552905923687e+04 2.021019724901619775e+05 4.689809972972683317e+04 6.964641801395997754e+04 7.756564697763426229e+05 1.138787393299031392e+05
1.991072679629066261e+04 2.757262228014481025e+03 1.117242356416881375e+04 2.940519811117605423e+04 5.254066956696584821e+05 5.358785654439649079e+04
1.119964831331843161e+05 3.289751389172294294e+05 8.100169405533639656e+04 9.260535663719689182e+04 1.241807163306010189e+06 1.765917029679401894e+05
2.901347251050674004e+03 4.923240006414571326e+02 1.109950384610712945e+03 7.401225431836187454e+03 1.772720456436317472e+05 1.577279667798464834e+04
1.187365663504434087e+04 3.089168441226867799e+04 4.413402129878028063e+03 1.640233610004113871e+04 3.918938039640090428e+05 3.720630558688783640e+04
4.064048340643844131e+04 1.308736612360029103e+05 2.175674204123352320e+04 4.026609880201337364e+04 4.376390259419078939e+05 6.349666541744144342e+04
6.919629422246821923e+04 1.675262929697297805e+05 4.790549453204907331e+04 5.782431834194180556e+04 6.992645567991458811e+05 1.021186382141757640e+05
8.000113649512044503e+04 1.632745228834142617e+05 3.710542576728537097e+04 1.011222178535073035e+05 1.141105185323403915e+06 1.465491675551256922e+05
1.094863093868838769e+04 6.003409830552615313e+04 7.229388248000002022e+03 1.671492493584372642e+04 2.817406060241212253e+05 3.259445482125314084e+04
1.925338052112259538e+04 2.290374946502559396e+04 3.190794803180663166e+03 3.655473102583127911e+04 6.399131352896715980e+05 6.207834018517797813e+04
1.675104739720209909e+04 1.360365665025380149e+05 5.233902146935054589e+03 1.173877350765633128e+04 3.396091473506192560e+05 3.713629984898636758e+04
9.797695561844455369e+03 2.247484711225749834e+03 2.190434193609382419e+03 2.884299420066699895e+04 5.943787354105266277e+05 5.407544866590182210e+04
1.618615668510700198e+04 3.002304694355744141e+04 9.603615295451578277e+03 2.325313326945448352e+04 6.037836527692017844e+05 5.675019704671500949e+04
4.383324836108862655e+04 4.907732836020466493e+04 2.744398311729739726e+04 5.781276075681985094e+04 8.465920878576252144e+05 9.734205420061606856e+04
1.339200632507198861e+04 5.778263016476542543e+04 8.488600105521951264e+03 8.406573913085181630e+03 3.091582508841350791e+05 3.111309698837532414e+04
2.005543160450112191e+04 1.862616426773999046e+04 1.642414575699242778e+04 1.734061811267259327e+04 4.193621715987097705e+05 4.404894350258418854e+04
3.478227739402319912e+03 2.011166428107984757e+03 3.101228846727245582e+03 3.630558952059037892e+03 2.120916645683595852e+05 1.734326648933051547e+04
2.780658286511952156e+03 1.149407886620120553e+04 2.895150340171924654e+03 2.833716205593685117e+03 1.590459851993565098e+05 1.379541733387919521e+04
1.342278784628959875e+04 2.954920428366209308e+04 2.070319096844562409e+03 3.662822646041786356e+04 7.121387732702258509e+05 6.681518364601682697e+04
2.164311384661161719e+04 1.138969248131960485e+05 6.540078093200884723e+03 1.896157736002125239e+04 3.938229968684659689e+05 4.351651643912466534e+04
3.402439188078656443e+05 1.083246360935140168e+06 2.508523118796653580e+05 2.590570566535211983e+05 2.615986205778289586e+06 4.548204349055135972e+05
3.681265395053867542e+04 1.359757613879868586e+05 1.609869089303054898e+04 3.916571515714880661e+04 8.340815863750012359e+05 8.747696394146571402e+04
5.985028756836952380e+04 2.149850661471218918e+05 5.135493988088145852e+04 3.401401538103503844e+04 5.344381379658693913e+05 8.410073337551121949e+04
2.734122817357200347e+03 4.098901331736636848e+02 2.940170030109617073e+03 5.778133622203921732e+03 1.971258291897883173e+05 1.715912035464342989e+04
1.128458197642667074e+05 3.041699794168085209e+05 6.497557108898841398e+04 1.065179652175193769e+05 1.302963387146410299e+06 1.788603204285304819e+05
8.001110943396069160e+03 1.289202637387840878e+04 3.572907958904346742e+03 2.382347259459487759e+04 6.408289123828849988e+05 5.605249266283588076e+04
6.134359040665083012e+04 1.089992842236035940e+05 3.782477138359977107e+04 7.676023912391316844e+04 9.065834968858632492e+05 1.173842462978699332e+05
7.806447534401623125e+04 2.580389031936395331e+05 4.389846310718699533e+04 6.503201601444985863e+04 9.912093547746160766e+05 1.277643906568988168e+05
5.180094840507790650e+04 3.499618108982451959e+05 1.471063376864017300e+04 5.017760601423824119e+04 9.575981364233635832e+05 1.107519649104308774e+05
6.057353883859152120e+04 3.231764449144992977e+05 3.846361926060206315e+04 3.392720638174261694e+04 6.430837810884859646e+05 9.116412378911000269e+04
9.233926568879844126e+03 3.817467532395553462e+03 9.971712366343850590e+03 7.889298126819088793e+03 3.036815290978104458e+05 2.848041789588183747e+04
6.663238875481584728e+03 1.550917153768501885e+04 6.335974614643477253e+03 4.575076003450618373e+03 2.436072861953411193e+05 2.195231170534132252e+04
7.488909362041632448e+03 3.378049103931809077e+04 5.753471444326781238e+03 3.840986099949593608e+03 2.118975988263005856e+05 2.014039686875805637e+04
2.175133332773749771e+03 8.602533901649998370e+03 6.393614572288522595e+02 2.523104878141940844e+03 1.428735457846633508e+05 1.145172557000129927e+04
7.274339703505557736e+03 2.607747669894026694e+04 3.843921434582828169e+03 7.668660947891781689e+03 2.747059861761083012e+05 2.489141383774425412e+04
3.768179597438452038e+04 4.275879327218350227e+04 4.480343044290460239e+04 1.822186004024363137e+04 7.005951299120059703e+05 7.679080806248742738e+04
3.769837518318001530e+05 1.007306207265374018e+06 2.510481052639937843e+05 3.622211920955230598e+05 2.604728587645556312e+06 4.970398799482835457e+05
5.046892497645171716e+03 9.298993228406621711e+03 2.180619092369925966e+03 1.178363077161183719e+04 3.193343120928674471e+05 2.820673011305757245e+04
6.888729910285411461e+04 1.085307582447203895e+05 4.185156550875426910e+04 7.543611433892529749e+04 7.397475597928607604e+05 1.072768934733521601e+05
4.225495564953589565e+03 3.903506709088708249e+03 1.661130857647277708e+03 1.007116854951486675e+04 3.224903404804560123e+05 2.715378730236404226e+04
3.290005111034908623e+03 3.936214666093999313e+03 4.229902057836407948e+03 5.445246910213871161e+03 1.762412101523977472e+05 1.633434161362112354e+04
1.297706580215481335e+04 5.567416000626846653e+04 9.812038521419965036e+03 8.461362984780191255e+03 2.321612266833307513e+05 2.642528774102214084e+04
9.101133810453557089e+03 2.071119101015150591e+04 1.027839301748382422e+04 4.474966986637245100e+03 2.521789631260873575e+05 2.444044242677341754e+04
2.030230586057593246e+04 3.296322541432361322e+04 1.303899317047047225e+04 3.270998361168444899e+04 6.377582119513329817e+05 6.493794032018313010e+04
5.202878071083204122e+04 1.220121148748340638e+05 2.937584194866806138e+04 5.333283100831869524e+04 9.579979258671436692e+05 1.072504339867397066e+05
9.882089808148562952e+03 5.929062505222132131e+03 7.742989910523504477e+03 1.622188446714256315e+04 5.288472982175333891e+05 4.653652991050877608e+04
3.169955362450804751e+04 4.245621104623856809e+04 1.708728270062704178e+04 6.086715950598572817e+04 7.621543518534509931e+05 8.825177940030174796e+04
7.621419295671416330e+04 2.791843291429425590e+05 3.632189098555621604e+04 7.269864439020225836e+04 8.878182973276015837e+05 1.220570335806102667e+05
1.508255137960766842e+04 9.355952213736656631e+03 9.607402962643682258e+03 2.785344711104978342e+04 4.388674798811726505e+05 4.671738133329616539e+04
9.112798970939945139e+04 4.776869178566535702e+05 5.303713891900426097e+04 5.424004622661291069e+04 8.182226247878137510e+05 1.260553785533202754e+05
9.600009660476089630e+04 3.582980750355897471e+05 6.324602561963653716e+04 6.732750002333169687e+04 9.842385252616829239e+05 1.416339720881398534e+05
4.316754172650186774e+03 4.016091193875138288e+03 3.264796164410240635e+03 1.638879116135401637e+04 5.151626597825168865e+05 4.366645922120130854e+04
8.744473701150573106e+03 1.029519955077786562e+03 3.043103311274307089e+03 2.550411136448852631e+04 4.808230094021607656e+05 4.523526688582035422e+04
3.004271809726988067e+04 3.148366206533641616e+03 1.320821635009294550e+04 4.653277998687922809e+04 6.098438978364525829e+05 6.790882781839060772e+04
1.119425971277835633e+05 4.056207180699530290e+05 8.076628977219108492e+04 7.793763232144775975e+04 9.147184218095294200e+05 1.516496697903581371e+05
2.410291957811368411e+04 7.229543729496843298e+04 1.524370391822232341e+04 2.325120021579813329e+04 5.155193749451151234e+05 5.533535756262924406e+04
1.066220196215616161e+05 4.532550886750384816e+05 8.171933746169006918e+04 5.996420965065513883e+04 9.356631471403971082e+05 1.476985250843814283e+05
2.072443768775005083e+04 3.743257504371331015e+04 5.094860516300775998e+03 4.606742261481251626e+04 7.663423772032230627e+05 7.642298508612658770e+04
3.574898377399724268e+04 2.840332480176654644e+05 2.207944835971761859e+04 1.547954798846290214e+04 5.914478922057489399e+05 7.034992872030360741e+04
7.507350434353481978e+04 2.361263398809414648e+05 4.541391593600562919e+04 6.414025565486348933e+04 9.599376167557197623e+05 1.248270590436844504e+05
1.991723587662102000e+04 7.944354642687723390e+04 1.202654458472040096e+04 1.437304713834943323e+04 2.551367103777032462e+05 3.277433342476449616e+04
1.498110676007840084e+04 9.525462499162444146e+04 5.274622401471595367e+03 1.258354158620081034e+04 3.654295985752326087e+05 3.725495562539199454e+04
4.528993393821965583e+04 5.454059105699821885e+03 2.918793085455508117e+04 5.905040658091071964e+04 7.009849486282563303e+05 8.670188328712634393e+04
1.593691551234411781e+04 1.191630826934781908e+04 9.988225969408764286e+03 2.193703438715908487e+04 4.983233160324278288e+05 4.833188440766584245e+04
3.560273682659903716e+04 3.596046282839351625e+04 2.174332377908462877e+04 4.213744970574380568e+04 6.672115688222671160e+05 7.508249099868840131e+04
3.838283307569206954e+04 1.061815426882247557e+05 2.579553400225162477e+04 4.860975999968095130e+04 7.159494612438391196e+05 8.650807299774372950e+04
9.545701134434993946e+03 3.371370851140769810e+04 7.546447800506639396e+03 7.902460545346885738e+03 2.228442365517837170e+05 2.348281649595872295e+04
2.064143407360564652e+03 2.764322296494038710e+03 2.932806615614341808e+03 3.322524111341742355e+03 2.037604618516577757e+05 1.660828071423247457e+04
7.807456012894396554e+04 2.488445253467965522e+05 5.241625742714123044e+04 6.666979553937228047e+04 1.037970164462300600e+06 1.348671092827696120e+05
5.897487860207373888e+04 1.629012114233115572e+05 3.995783636846963054e+04 4.752648700254371215e+04 6.027068803448691033e+05 8.731277117674046895e+04
3.215435982932336265e+04 8.279481628428364638e+04 1.145646738905263192e+04 4.152628927790097805e+04 7.337715039210485993e+05 7.716540565262749442e+04
5.208420304600943382e+03 4.632386716492527194e+04 1.100409711800112746e+03 7.267559164579749449e+03 3.775951095969887101e+05 3.144926386745139098e+04
9.246074617933029003e+03 2.273901059927799906e+03 2.953842960489010693e+03 1.837432080264702017e+04 4.096590193056801218e+05 3.724791496913408628e+04
4.420650290128017332e+03 1.745206131653956254e+04 1.795081377620865851e+03 4.547227704010189882e+03 1.849074172070561908e+05 1.613019819430511780e+04
1.205177582473700022e+05 6.446559748788966099e+05 5.721478618968855153e+04 1.039385144636391924e+05 1.883889036702463869e+06 2.302656972255457076e+05
9.300447107903977667e+03 1.457911752331966272e+04 5.129497040986007960e+03 9.411798704439755966e+03 2.235012599835725559e+05 2.222096952465607319e+04
3.435569627543395472e+04 2.061199542094318604e+05 2.215123009404673940e+04 1.572485182704935869e+04 4.195705218442985206e+05 5.507687295533953875e+04
4.086362167351585958e+04 4.328190795129602338e+04 2.542672396002998721e+04 4.936240523328271956e+04 6.674079282288624672e+05 8.031276859700192290e+04
1.199613772910213993e+04 1.310762336775153244e+03 5.692982916516781188e+03 2.497644301431550048e+04 5.604627114371224307e+05 5.150943415399486548e+04
1.028785140082909929e+05 5.691283466201181291e+05 4.798512133510201966e+04 7.741270672362980258e+04 1.170280351107629249e+06 1.625588688966400223e+05
1.206286154791286390e+04 3.829203049797364656e+03 5.930144590590815824e+03 1.834501061144988125e+04 3.269828804347392288e+05 3.303388071778458834e+04
3.302188278290734888e+04 1.537913738651944150e+05 1.917725205933821053e+04 2.047193665309432254e+04 5.126192923001633608e+05 5.961101610977961536e+04
1.949120443247250296e+04 1.460570880508336704e+05 4.523351813942718763e+03 1.633156689374420966e+04 5.171825610724223079e+05 5.134602748070941016e+04
2.150906994807280626e+03 3.875424626594030997e+03 5.851200290056448239e+02 4.018286494767325621e+03 1.960301590340110415e+05 1.544587224381354827e+04
1.496862051628865447e+04 4.897506805206948775e+04 1.205496387944790877e+04 1.097597865770225690e+04 4.174074077093983069e+05 4.065741185912833316e+04
1.729713413233186657e+04 5.086545453859669942e+04 1.971143286338062171e+04 8.000578902344351263e+03 4.470040496043415624e+05 4.469675194762937463e+04
6.682817639243179292e+04 2.826261197495819069e+05 2.587057501486579349e+04 7.795121902705018874e+04 1.248112306417437037e+06 1.443302562347226194e+05
8.189381711622688454e+04 4.230307127010891563e+05 4.561207199595954444e+04 5.923435502442180587e+04 7.417208831297409488e+05 1.172634654102886707e+05
2.037305720799300761e+05 4.510083831964726560e+05 1.248791415513833927e+05 2.095634060602839454e+05 2.055697523066212190e+06 3.091722698674452258e+05
3.542704392386950985e+03 2.331436366347600142e+03 2.991415037425715582e+03 7.673009464049709095e+03 2.985687389526752522e+05 2.495611406336034634e+04
1.033537484196175319e+04 1.582652614696533419e+04 5.406644515842423971e+03 2.509220429577198229e+04 5.058733277098526014e+05 4.848480669072833552e+04
4.054600462696323666e+04 3.359230987480920157e+04 3.974850092164517991e+04 3.091082536725821774e+04 7.403286643915150780e+05 8.256842395008949097e+04
6.022193820962357677e+03 6.596879728607279503e+03 4.920704445374027273e+03 1.467248110379296668e+04 3.665758646619399078e+05 3.373799885515303322e+04
9.668656390841466418e+03 1.061855911088215944e+05 2.100721379427324791e+03 5.791672210275304678e+03 3.177794074662338244e+05 3.015140665683342013e+04
5.183074114090087824e+04 1.708047431358073081e+05 3.136056377850147692e+04 3.977866425558944320e+04 6.225318153563356027e+05 8.182759848300712474e+04
1.109781835775936925e+05 2.663389944185088971e+05 6.207712470737807598e+04 1.234672547747531498e+05 1.307854618515099399e+06 1.837324451849096804e+05
1.765392232809390043e+04 1.028342325030655775e+05 8.171918253970683509e+03 2.156828300829291038e+04 5.762680519455429167e+05 5.712257423765824205e+04
4.822621767044041189e+04 1.909997682464146637e+05 3.243808676331246534e+04 3.582326750659379468e+04 5.667043872761953389e+05 7.774769380942636053e+04
6.203702032276641694e+04 1.350132470612739562e+05 3.506784547587217094e+04 6.632365645538475655e+04 6.799438079330045730e+05 9.751979436236931360e+04
4.282790240377670852e+04 3.547891158266502316e+04 3.228967263798901695e+04 4.455947711486315529e+04 6.663631780498607550e+05 8.064317794990722905e+04
4.401130451533265295e+04 2.230500498707709266e+04 2.702145652509564025e+04 6.200427145416045096e+04 7.967086905252912547e+05 9.437562650660151849e+04
9.573867502792190862e+03 2.068696128717770262e+04 3.316769267579805728e+03 1.126630935094877714e+04 1.961898733439571515e+05 2.074332346553837488e+04
2.965846252448403975e+05 6.423088892928016139e+05 2.257236685889158398e+05 2.583070505881721911e+05 2.493977273703768384e+06 4.136284184058068204e+05
4.036194852517717209e+03 5.062573657820976223e+02 2.562216207583179767e+03 7.569475108294483107e+03 2.965221851437872392e+05 2.449633090539840123e+04
5.741408574858195061e+04 9.178732085316232406e+04 3.733172681552035647e+04 6.331375338196760276e+04 9.515146988700571237e+05 1.132619670488536503e+05
1.171275643306684105e+04 8.578092219752969686e+04 2.424913899603235677e+03 1.249610078764316313e+04 3.833327679687105701e+05 3.672242753323297802e+04
2.087982266652990438e+04 4.198494302570481523e+04 8.893578320767588593e+03 2.532233389892450941e+04 3.124700683013069211e+05 3.837791563908780518e+04
2.445162395741646833e+04 1.790188741122467909e+05 9.230007491345648305e+03 4.095211550192540017e+04 8.767680579349439358e+05 9.032425962891284144e+04
2.271740485997940414e+04 1.324334315736112185e+05 1.754163256582207396e+04 7.147441415275518011e+03 3.818318008835638757e+05 4.302747557589905773e+04
9.279606596807014284e+03 7.439281198358947222e+03 1.027198859766037640e+04 6.758033718705343745e+03 3.209090704141680035e+05 2.943621867822125932e+04
1.096518464465764373e+04 3.783016371238790271e+03 5.152838923403392982e+03 1.986054913155720351e+04 3.464060969464442460e+05 3.468821026770178287e+04
1.800884496759250396e+04 1.150879886084265017e+05 9.899902585447627644e+03 1.287199303477882859e+04 3.706120667694408912e+05 4.070904243863957527e+04
2.450123309391855219e+04 9.485324290274133091e+04 1.236220523242821582e+04 2.641760044002168434e+04 7.891800537554749753e+05 7.504726413389328809e+04
4.667251846442607348e+04 1.941930863290492925e+04 3.334695542375767400e+04 4.972944227766271069e+04 7.925504592274647439e+05 9.112953512480513018e+04
1.482870490881649894e+05 5.727416190679694992e+05 1.180941484700792935e+05 9.030074790344553185e+04 7.852937413670027163e+05 1.728942860449853761e+05
7.450194322739769996e+04 1.100634800344564283e+05 3.522997317726905749e+04 1.049045869734141597e+05 1.309916892762528500e+06 1.561727666565022664e+05
1.998036244544169676e+04 4.231620925951511708e+03 5.605864777543942182e+03 4.367364940662491426e+04 7.128164091435780283e+05 7.031819647801421524e+04
1.600491240795875638e+04 2.481957541979970847e+04 5.334810812083034762e+03 2.546270070626400047e+04 4.137404663599684136e+05 4.286945780478046072e+04
1.105720566651848931e+05 3.395260604863308254e+05 7.919768040814090637e+04 8.583911710355847026e+04 9.175418750270240707e+05 1.514664619424761040e+05
2.985017794855020475e+04 1.797908337346137560e+05 1.758886331210058415e+04 1.599568096034075643e+04 5.664668208543087821e+05 6.181020237038683263e+04
1.148828830846030360e+04 2.024975931283336104e+04 4.352632339682381826e+03 1.707096734049523002e+04 2.990059502314794227e+05 3.070837733521253176e+04
6.387955335241901776e+04 1.364623109396083164e+05 2.459087872164377768e+04 8.639577057465877442e+04 1.195135067670548335e+06 1.368028533880150353e+05
2.022201094923558776e+04 7.212962777557429217e+04 1.374918044500538781e+04 1.403991924866537011e+04 2.118683594175152539e+05 3.009425558375394758e+04
1.561544391047363570e+04 1.428994378368683465e+04 1.473491760732370858e+04 1.306005895179187064e+04 4.062259686792276334e+05 4.028708733753266279e+04
1.348008177720243984e+05 4.006832984084778582e+05 8.660826089063711697e+04 1.136974409352781076e+05 1.522409671788725536e+06 2.109668540391453425e+05
3.592955810950942396e+04 9.050518698488266091e+04 1.988300930314364814e+04 4.403847242459990230e+04 7.802794319783503888e+05 8.544347952596341202e+04
1.730766988924790712e+04 7.758873342091012455e+04 7.728705558046066471e+03 2.111472594650312021e+04 6.288413163948256988e+05 5.901353348674794688e+04
3.367505275542583695e+04 8.585202484618214658e+04 2.494240630534809679e+04 4.643841470616700099e+04 8.029258209908619756e+05 9.000270953311282210e+04
1.453243548971036944e+04 3.186414865544099302e+04 8.998103529137419173e+03 2.426737435641904449e+04 4.708092659574117861e+05 4.809507355705684313e+04
3.919554664564875566e+04 2.235717559841486800e+05 2.158837639394204598e+04 2.513890734564686136e+04 5.101492833933004295e+05 6.604678128449658107e+04
2.291603178410930195e+04 9.422614528462239832e+04 1.246766429351939041e+04 1.685488010196246250e+04 3.798049226776490104e+05 4.320319398317879677e+04
7.086740349777200208e+03 6.871112506342201414e+03 9.054005465243011713e+03 6.433576501274023030e+03 3.436437636742159375e+05 3.026546804565350612e+04
5.183548414183718705e+04 1.730613207133698452e+05 2.836502932312475605e+04 4.747138874216871773e+04 5.571143118158912985e+05 7.972647557873951155e+04
1.943593435223580673e+04 2.118052040022728761e+04 1.128891898903198671e+04 2.957503882776272076e+04 5.151231464445825550e+05 5.393464197419010452e+04
2.404978043245722438e+04 4.319664271004789771e+04 2.579250291354570072e+04 1.635075940313288447e+04 5.219996097841994488e+05 5.575880361022637953e+04
7.063097127804819320e+04 2.381137145359357237e+05 5.418904602409560903e+04 4.486468985164553305e+04 7.072012635153258452e+05 1.029931663385557476e+05
3.811365136494920534e+03 1.487197809306432282e+04 6.608729247355536245e+02 9.178969582331468700e+03 2.426570898495740257e+05 2.149223332500066681e+04
8.917354234055955021e+04 2.878638839303056593e+05 6.292233466188060265e+04 6.510547353579003538e+04 8.517916616574304644e+05 1.280968330175890151e+05
1.615560742824945737e+04 5.287179749591648579e+04 8.976014817124847468e+03 1.498962439240788444e+04 3.025736492226027767e+05 3.361413560099252209e+04
3.601957569589044579e+04 1.124326474738575052e+04 1.002951089641604995e+04 6.280102281420397776e+04 8.531014858970382484e+05 9.065664410802412021e+04
1.355648029411062271e+04 1.971304470664030305e+04 9.269377162151164157e+03 1.465369112522371870e+04 4.302226305677552591e+05 4.053388667859716952e+04
7.461611505610590393e+04 7.084886402150706272e+04 4.226424659531288489e+04 9.160097296046087286e+04 1.009453767233934021e+06 1.310404105921961018e+05
3.834659444982476998e+03 3.251506426872881639e+04 1.944263804508238309e+03 3.462146699165107748e+03 2.592138104059006146e+05 2.144686590034023902e+04
8.015181369372071640e+04 9.605355370690996642e+04 6.058133719344430574e+04 7.560560757452865073e+04 1.163472409642217215e+06 1.433099446980192733e+05
3.640344661566083232e+04 4.211734698717802530e+03 1.279406712593841985e+04 6.728536939616419841e+04 9.075380663704293547e+05 9.718966914228518726e+04
4.247849908915232845e+03 3.691932700140444649e+04 2.440871488427371787e+03 7.278103317049986799e+03 2.209891358809787780e+05 2.103337045247745846e+04
3.240297460650053381e+03 1.071110530773695064e+04 1.973602720544805152e+03 1.176813085617047363e+04 4.700056561613529921e+05 3.831443221037120384e+04
5.681130691250188647e+03 2.091553174600965576e+04 3.258662161238184581e+03 8.901698216904249421e+03 1.976535341845673393e+05 1.975878904360403612e+04
1.720170919310198951e+04 1.372954711487684108e+05 6.248756717003325321e+03 1.150763797066613188e+04 4.461287513867345406e+05 4.469601780612469884e+04
1.139434408276389877e+04 1.286001439849851886e+04 6.129937268480882267e+03 2.440197026007150271e+04 4.424889152721404098e+05 4.407452618520770920e+04
2.498647602764550902e+04 1.454134264740630460e+05 1.803604755776830280e+04 9.682059797817768413e+03 3.090344362100480357e+05 4.013254784940944955e+04
1.145014066618447396e+04 1.498867498482911105e+04 8.586314672720989620e+03 1.433585552348019883e+04 3.552077441102339653e+05 3.481651462960183562e+04
6.042246653969725594e+04 4.077731840262654587e+05 3.928924430012411904e+04 2.231420309106183413e+04 7.678470047357871663e+05 9.884551559252993320e+04
1.731677257811416639e+05 5.314627504128746223e+05 9.664860613529333204e+04 1.701187022625856043e+05 2.000660690845402889e+06 2.794447426989473752e+05
3.054655163466025624e+04 2.122384992692830565e+03 1.238209931512244293e+04 5.421767324695002753e+04 8.333435562761727488e+05 8.600942177317787718e+04
2.133535425018018213e+04 3.822527926563405344e+04 1.157214103736577272e+04 2.800824403518933832e+04 4.091325211327499128e+05 4.706260704601471662e+04
1.973547993470344591e+04 7.094500593969358306e+04 1.351540640735127090e+04 2.025865665050797179e+04 2.778817914231944596e+05 3.718692094933098269e+04
2.210631139853027707e+04 2.722540916194659439e+04 1.173898314941829449e+04 2.815146755439111803e+04 5.409811118611453567e+05 5.552319067152806383e+04
1.569608996660428529e+05 7.776769657749645412e+05 9.747106882431372651e+04 1.095110312440957059e+05 1.678067762967234710e+06 2.428767235937583027e+05
5.844670391297404421e+04 2.354305823788467969e+05 4.482606743896075932e+04 3.367076090161012689e+04 7.076679653275613673e+05 9.379386717404717638e+04
1.931231906700005129e+04 6.664201026538343285e+03 7.633169013708903549e+03 3.432308553877632221e+04 5.307476200771731092e+05 5.483843762780929683e+04
3.406373153727454337e+04 6.469219118620792869e+03 1.868533889129392264e+04 5.357253173113068624e+04 7.018697540805167519e+05 7.980710306779995153e+04
1.801914983771503903e+05 6.670977989872812759e+05 1.218528461313609005e+05 1.446989042200726981e+05 1.469855139794331742e+06 2.498238582138345228e+05
2.231087569897162030e+05 8.184159708920385456e+05 1.342096588452967699e+05 1.971390625467904611e+05 1.918396673671188764e+06 3.165179938329273718e+05
9.195130830162790517e+03 4.314811571628926322e+04 4.651004080624727976e+03 8.148757681598817726e+03 3.345665761248445488e+05 3.032714293068261031e+04
8.505175111142749302e+03 5.498601023054993857e+04 2.270047232095856089e+03 9.304075514744234169e+03 3.268028745787388179e+05 2.988662430577237319e+04
7.145487825013963629e+03 2.793866403494698261e+03 5.269479042215122718e+03 1.476505727312425552e+04 4.162057780527219293e+05 3.708015689214109443e+04
2.431266578845650656e+04 1.069767306888246276e+04 5.976798397586276224e+03 5.258477400033191952e+04 8.593730611821772764e+05 8.468479295295060729e+04
1.609312252915166209e+04 9.711167698079932597e+04 3.827861182321000797e+03 2.474768187841780309e+04 5.835910801174235530e+05 5.689702693262713728e+04
1.714127385554409193e+04 1.009717150566099690e+03 5.691454175078573826e+03 3.008517603356610562e+04 4.742178666366774705e+05 4.800317435156626743e+04
4.692176081275380966e+03 7.081934168535018216e+03 1.886964858609931753e+03 7.419460683615591734e+03 2.614179170731807244e+05 2.210161897845645217e+04
1.440098412288975123e+04 9.207278227656826857e+03 4.984490753612511980e+03 2.992614941316274053e+04 5.300836183173181489e+05 5.178956051478189329e+04
2.689062359950561131e+03 1.496292601479754558e+04 1.005766096083480221e+02 5.449587692619170411e+03 2.095314659194174747e+05 1.734081625573910060e+04
7.597553606497361216e+03 4.151627161366847758e+03 6.926836181957586632e+03 8.993725748187571298e+03 3.011527152195920353e+05 2.751366640018673934e+04
3.932593470289435209e+04 7.496237530573261029e+04 2.715558909194276930e+04 3.737716946936194290e+04 6.725689576990597416e+05 7.755295171559226583e+04
1.591441308692765415e+04 1.007587133634688653e+05 8.254032161004382942e+03 1.642207739093974669e+04 6.227115051984916208e+05 5.785203014763128158e+04
8.995877596560174425e+04 2.445589296882401395e+05 7.821421270755620208e+04 5.934952107463995344e+04 1.014464548692595214e+06 1.408851150231631182e+05
8.023728101101677566e+03 4.043371275853530733e+03 3.209918513311186871e+03 1.537861721854872667e+04 3.489476040608903277e+05 3.200781152695684068e+04
7.201545164353647124e+03 3.154601861646717225e+03 4.824844110920966159e+03 8.854041671850267448e+03 2.525749903410031693e+05 2.322772398797676215e+04
3.887265730001719476e+03 3.736192799892361563e+03 8.032508966339731842e+02 9.852831298308656187e+03 2.116861883889405290e+05 1.922432066234257945e+04
1.527961192112398567e+04 4.097613430100345431e+04 1.392486819645216747e+04 1.292783025353199446e+04 3.976990145574352355e+05 4.062479352516999643e+04
8.824273482346357923e+03 5.211525942300210590e+04 5.651339654158874509e+03 6.677597657899389560e+03 2.634205253557514516e+05 2.575150582493079128e+04
1.542765962318063976e+04 1.556447080836261557e+04 1.723465072208485799e+04 2.334949752091296978e+04 4.599143586312085390e+05 4.969151219927377679e+04
1.697706625197959875e+04 2.320603423683239271e+03 7.336100257772218356e+03 2.908227004885723727e+04 4.344210854632484843e+05 4.564679571787013992e+04
1.222403308110333455e+04 2.223118127216731227e+04 8.445677685192940771e+03 1.035049388426241967e+04 2.070717907985620550e+05 2.334851044857519446e+04
6.327894441892615760e+03 2.164453372401482738e+03 7.258702091342312087e+03 8.696735244867957590e+03 3.935585596693769330e+05 3.363930430920853541e+04
2.014873594688715093e+04 1.466462482947684475e+05 7.854452666438782217e+03 1.561441033769408023e+04 4.998284427096232539e+05 5.131964429944312724e+04
1.346014019473242115e+04 2.999609534086546773e+03 7.097323767946850239e+03 1.965223937590756032e+04 5.095178645161893219e+05 4.636432777904867544e+04
4.486178053779824950e+03 1.807168806593140062e+03 4.423402702073068212e+03 4.332301202689607635e+03 1.774210500178027141e+05 1.588852855868529514e+04
4.648959950129078788e+04 2.771296922479295754e+05 2.746605429594247107e+04 2.329041633322962298e+04 5.132623080677166581e+05 7.060369722560812079e+04
4.825716620479476842e+04 1.756301417872058228e+05 3.545814989227539627e+04 3.381305220068517519e+04 8.559840537243803265e+05 9.683707728294258413e+04
4.130633401350344502e+04 6.805428322128876061e+03 2.982042432118445504e+04 8.241831205715161923e+04 1.212929308398772497e+06 1.320411471704408468e+05
1.764756740373850698e+04 5.456984227824141999e+04 1.262022163709020424e+04 1.247730838626028344e+04 3.289967303958952543e+05 3.591028109742949164e+04
2.276331966852977075e+03 7.171072281741773622e+03 1.666492529153632859e+03 5.250841447935500582e+03 1.755191680017142207e+05 1.525285794329545934e+04
1.656615938139782811e+05 5.129357117352768546e+05 1.099594105147530208e+05 1.453136623490165221e+05 1.272210060141314985e+06 2.240545388881022227e+05
1.020584703408294008e+05 3.317689862206046237e+05 7.891231278781322180e+04 6.767952112107978610e+04 1.083920503963241121e+06 1.539387735137707787e+05
8.811560610726593950e+03 1.897533193060959820e+04 7.020547515164064862e+03 1.630643714716508475e+04 5.589597968014663784e+05 4.893410763141061034e+04
3.466803780678567273e+04 6.802057759676712158e+04 1.792206968049582065e+04 4.576266008185884857e+04 7.423760162674672902e+05 8.171607233440832351e+04
2.506946017275035774e+04 1.007212304236175842e+05 1.583067407326954890e+04 2.075236048865164776e+04 4.245875454906412051e+05 4.974869855029127211e+04
5.226413255491675045e+03 3.763669407903164392e+04 2.057577396313089139e+03 6.786869143680880370e+03 2.257524059912600496e+05 2.100187524821912302e+04
1.254106394606000867e+04 7.784369868477105047e+04 5.855631638876594479e+03 1.268869894769412349e+04 4.564563705205785227e+05 4.281404148934964178e+04
2.541383644145695598e+03 6.956747961820297860e+03 2.467205233570675318e+03 6.737539915320962791e+03 2.450805426266138384e+05 2.093836015665718151e+04
4.134426919623474532e+03 5.621524726272932639e+03 1.494759188668549541e+03 5.510086410784545478e+03 1.880161244942043559e+05 1.605993366360235450e+04
1.383752758173688489e+05 3.550531692678527907e+05 1.073610434193193505e+05 1.030359445836176601e+05 1.641567110702913720e+06 2.208491808912197012e+05
3.938774172258875478e+04 4.257428622325532501e+02 1.890417405836451871e+04 6.086470549238752574e+04 7.514833294153958559e+05 8.623684722241399868e+04
3.767454677514771902e+04 2.283761840742010463e+04 2.090284256596405248e+04 5.163406126421581575e+04 7.048292702293326147e+05 8.089532294985499175e+04
1.383804321088909819e+04 9.984424548146806728e+02 5.060627067535654533e+03 2.616573599278187248e+04 4.533603712231174577e+05 4.455550347262511787e+04
3.510461911321747903e+04 5.497492654094434693e+04 3.349901526187821582e+04 2.368999558792959579e+04 5.561924644561902387e+05 6.528213857974972052e+04
1.087826037648309102e+04 8.490159924380440498e+04 7.621861768963499344e+03 4.681127604014044664e+03 2.466213845022973837e+05 2.619029727157084926e+04
2.407915522272370072e+04 1.032695622465840133e+05 1.796444234301532560e+04 1.224174583831791824e+04 3.809660683286287240e+05 4.401228170702320494e+04
2.259244082466143300e+04 4.779152594555763244e+03 8.227647033633080355e+03 3.577699517216374807e+04 6.928148294574987376e+05 6.655945906331785955e+04
5.536216132183179980e+03 3.222484882992306666e+04 2.906255649019330576e+03 3.836751783088287084e+03 1.978818588515071315e+05 1.789143696639599148e+04
1.777521553382449201e+04 8.874568655537851737e+04 1.433581616376908642e+04 2.874611213702601890e+04 5.602361079907407984e+05 6.125014456050275476e+04
8.614687271689597765e+03 9.572661732050900173e+04 2.116310679372307277e+03 1.279175637752400507e+04 4.579301321187437861e+05 4.223250470844336087e+04
8.095144994319016405e+03 4.997122427145436814e+04 5.786741307043185770e+03 8.563315703376547390e+03 4.057404479764830903e+05 3.612887610350304021e+04
1.913035518322322969e+04 2.415192420087795108e+04 1.458602002712422836e+04 2.801286207957870647e+04 6.627314630769819487e+05 6.472465742059019249e+04
9.050586714157501774e+03 1.762788353006065154e+04 6.026881414368975129e+03 1.035608642341808627e+04 2.634473608913046774e+05 2.587239643259475633e+04
2.145366931144478076e+04 2.413568529231951288e+03 6.740999397248604510e+03 4.227009521334262536e+04 5.562322719437695341e+05 5.955114444752910640e+04
7.629409109511146198e+03 5.664844970297152713e+02 3.289476114524122295e+03 1.978372510889253681e+04 5.458622379838286433e+05 4.710641413237062079e+04
2.308635549824687478e+05 1.005744016505708802e+06 1.704808693505115225e+05 1.390516053166479687e+05 1.562235959058714332e+06 2.912000254417075193e+05
3.571618279151335446e+04 5.611516557006442781e+03 1.325057642029287126e+04 5.963760857168758230e+04 8.673857662571152905e+05 9.129689409821227309e+04
2.547603280206689305e+04 1.758373910951200742e+04 1.787573746971629225e+04 2.787361684210809472e+04 7.447080514552802779e+05 7.126861129479759256e+04
1.114101721281103710e+04 4.412151517067610985e+04 7.142477181294966613e+03 1.740027371106776263e+04 6.911743503955363994e+05 5.961801129987803142e+04
1.201359720679746351e+04 5.145285328127070898e+03 6.481641480210741975e+03 1.746936444370219033e+04 4.102000226419458631e+05 3.853792973686623009e+04
1.565357278793982550e+04 4.345959234903771176e+03 9.374332112255782704e+03 2.334068287545655403e+04 5.111488678816062748e+05 4.919007244517642539e+04
2.289520230751324561e+04 1.548401757557507080e+05 1.608375645811361574e+04 2.881781977546777125e+04 4.644065238940535346e+05 5.886044367479764333e+04
4.935716401798986044e+04 1.065877749684463779e+05 4.235143649999234185e+04 3.266134439733545514e+04 5.320897950054808753e+05 7.408723188263419433e+04
2.025792199219092072e+04 1.085817673851170985e+05 1.925709208571784620e+04 5.317733138118334864e+03 4.848511999640429276e+05 4.868867473950418935e+04
1.266110228532897418e+04 2.307327433128923803e+04 8.028361287880989948e+03 1.314763794214522568e+04 3.581974904237615410e+05 3.463974668786422262e+04
7.451842414659661881e+04 1.135621915833945968e+05 4.255082179039087350e+04 9.639527224703018146e+04 8.609950057297436288e+05 1.254596878060421586e+05
9.430495169851397804e+03 2.883361423076410574e+04 2.792836137245530153e+03 1.500563697287886862e+04 3.713848002926857444e+05 3.439489579451658210e+04
1.645416383595476145e+04 7.460711324011534089e+03 1.398403840357618719e+04 1.622276454415704029e+04 3.933417213891498395e+05 4.018907378806723864e+04
4.821436930624160595e+04 1.553949485251692822e+05 3.348890922529812087e+04 3.881900856570032920e+04 9.695540900522498414e+05 1.048893786557833664e+05
6.496747992662801153e+03 4.329683250012452845e+03 1.579772863845443908e+03 1.102485405295316741e+04 2.281833183701970265e+05 2.122798830560375063e+04
2.535758509235363817e+04 6.626243016502755927e+04 2.476176872946460207e+04 1.145965277566664008e+04 4.033629389025195851e+05 4.626444679646235454e+04
9.495323573639795359e+04 2.471936643325515615e+05 6.496218465653671592e+04 8.163135473964849371e+04 1.012773017979405355e+06 1.452644195616361685e+05
5.023814149886034102e+03 1.971266700687153570e+04 3.904784659418016417e+03 9.254858742913411334e+03 2.914409321240453864e+05 2.644560985108357636e+04
1.356249579845870903e+05 3.313463026944750454e+05 9.496010989795284695e+04 1.164382387737331010e+05 1.668000242827117443e+06 2.221686807247617107e+05
6.660839494132225809e+03 5.600082523654986062e+02 6.672974215251007081e+03 1.579031894129564353e+04 2.982548599923497532e+05 3.010494545370849664e+04
4.032895451900061016e+04 8.124086376646862482e+04 2.710091714812142163e+04 5.328180511708653648e+04 6.571833597065781942e+05 8.399697880750859622e+04
5.396298856129334308e+04 4.149517786393143615e+04 2.747798309377047553e+04 9.902893877955104108e+04 1.126617115561091807e+06 1.344532553865884256e+05
6.230705414800971630e+04 2.408969078027208161e+04 2.750581132618449919e+04 9.943373230086773401e+04 1.040769870192487026e+06 1.280131592787721165e+05
8.369832998803396549e+03 6.605158442074990307e+04 2.725842946324925379e+03 7.172026367188840595e+03 2.729266704386965139e+05 2.604277725964771162e+04
6.088267176778794965e+04 1.112910408074128791e+05 3.594678295290606184e+04 6.694641462010619580e+04 9.144874000729694963e+05 1.127820142806342192e+05
1.155147280373931717e+05 3.544672980472472846e+05 6.769799187393007742e+04 1.125567862510371633e+05 1.285373122265816899e+06 1.840697620945220406e+05
3.089939661044972308e+04 2.642354903616803131e+04 1.694287096913091227e+04 4.982432875717018760e+04 7.121126138977148803e+05 7.903718530267015740e+04
6.615554459517500072e+04 2.654291698308436899e+05 3.050854449156986084e+04 6.039054153525987931e+04 9.641196886128492188e+05 1.184369714638057485e+05
2.890114945882851025e+05 8.615588554994991282e+05 2.338946745934619103e+05 1.993209245772904542e+05 2.078261376782441279e+06 3.733640952850198955e+05
3.873273116664295230e+04 1.066792836302260112e+05 2.305050770542249302e+04 3.470165529899622925e+04 4.873130170363469515e+05 6.368234782464792079e+04
3.851845734033844928e+04 1.088319252169395622e+05 2.286499623986434744e+04 3.846119357463269262e+04 6.896303961349700112e+05 7.901665721517468046e+04
3.107094839686244450e+04 9.724881103432000964e+04 2.985386827950088627e+04 1.530828988850855603e+04 4.825258598101054085e+05 5.705728604489748250e+04
5.203424348480567460e+03 8.275598002552524122e+03 1.773349844267459503e+03 1.388959352090548782e+04 3.962903789675720036e+05 3.410884838076714368e+04
5.203159625456662070e+03 8.339069542102371997e+03 3.693573353398407107e+03 1.091639607056379646e+04 3.219089103563252138e+05 2.859246965841653946e+04
9.262388232887326012e+03 1.089329279554320965e+05 2.634387580407352289e+03 3.564963468710552206e+03 2.409128709453298652e+05 2.434048533929035693e+04
2.977232340822169499e+04 1.994899275688752532e+05 1.972994645021669567e+04 1.218391166187877934e+04 6.946817951761125587e+05 7.060780998328326677e+04
2.085953879290902478e+04 8.939695351210889930e+04 1.576068694697866704e+04 1.643512391525778730e+04 2.667556079268705216e+05 3.659039956422196701e+04
2.854312272634766487e+04 6.512098816991396598e+04 5.862151260675252161e+03 4.996635344627805898e+04 8.854862821906807367e+05 8.790015434989769710e+04
5.242569930564661627e+04 1.568000405562484520e+05 3.702889068454902008e+04 4.269026927407526091e+04 6.627090876454735408e+05 8.759717571931632119e+04
8.112422950915760885e+04 2.467166297451257706e+05 5.527978430271336401e+04 6.362443146286621777e+04 9.091722245696666650e+05 1.259563011828049785e+05
4.613555854633505805e+05 1.622022609019200085e+06 3.637754198815671261e+05 3.166815081365337828e+05 2.474866619531682227e+06 5.467193664761276450e+05
2.494480504782038042e+04 1.156240226170826418e+03 1.458316706353092741e+04 3.765276559442775761e+04 8.061824187859250233e+05 7.759324525519396411e+04
1.448433156274688918e+04 7.256086039355224057e+04 2.683515397500068957e+03 2.086102058973225940e+04 4.053836524656483671e+05 4.144549774043903017e+04
1.879161831889017485e+05 1.036427865610989509e+06 1.168659094063961966e+05 1.187902042756734008e+05 1.295549782205107389e+06 2.425063401021512982e+05
3.091480231412705325e+04 1.133775798803781508e+05 5.711385702667305850e+03 5.270252629539112240e+04 1.086443132564450614e+06 1.049760358513922693e+05
6.105842991063028421e+03 4.468347176810164819e+04 2.511694287915897348e+03 7.640885716579603468e+03 3.869444223253438831e+05 3.277413686174116447e+04
6.647402007635709015e+04 2.143064670235394733e+05 3.539745110478046263e+04 6.292869985676762735e+04 7.915421564241788583e+05 1.075555862217843387e+05
4.401565201719830657e+04 2.465602805344049993e+05 1.682804147336009191e+04 3.566248761745853699e+04 7.310931992478093598e+05 8.475114681973970437e+04
2.630132738191730095e+04 9.644863525472985930e+04 2.000394441197669585e+04 1.566907459445697168e+04 3.541257283146556583e+05 4.429854742793347395e+04
1.752299654032053513e+04 1.170267000550105877e+05 1.241811646878249303e+04 1.165825109134296508e+04 5.478217813792091329e+05 5.326073648050282645e+04
4.593966503006850689e+04 1.951424797334403556e+05 2.980973166329235755e+04 3.022703639533504975e+04 6.602635717942587798e+05 8.058182592473049590e+04
1.561057054863852682e+04 1.138731931533365923e+03 9.946033383205622158e+03 2.206798674073069924e+04 5.089235008269889513e+05 4.855268690745910862e+04
1.651973276487815156e+03 1.834751629985998420e+02 6.439204228664661969e+02 7.341901017537994449e+03 2.205341239848572295e+05 1.843958292542289564e+04
1.259698130408363613e+04 1.353182229821076908e+04 7.479698492968682331e+03 1.589561530648580811e+04 5.021864019168599043e+05 4.485841767013642675e+04
5.246561908971302910e+04 1.509529789775435347e+05 3.318960483926480811e+04 6.280567592387140030e+04 8.176019044493145775e+05 1.051667363480529893e+05
2.163842909010772419e+05 9.694158605690153781e+05 1.362814296782410238e+05 1.550172998590692296e+05 2.090987217646690784e+06 3.174429574369137990e+05
5.141447250670486392e+04 5.539091292207313236e+05 1.823644186243059448e+04 4.013882788224497199e+04 1.062173756451014895e+06 1.248558970557116118e+05
5.283216529496953626e+03 9.211399316390554304e+03 1.832233008234373301e+03 9.911728554990928387e+03 3.166140960110962042e+05 2.702280860178399598e+04
1.224464193608327041e+05 5.096562370066029252e+05 5.181947289277732489e+04 1.164654482193814183e+05 1.755535309085237328e+06 2.182926168740044232e+05
2.670686761677901086e+04 1.108764057661075640e+05 1.243929963147534727e+04 2.679654937782370689e+04 4.467195640237751650e+05 5.301079795998852933e+04
2.650301593586823856e+03 5.951371578984095322e+03 1.450305368355261635e+03 7.515192363633546847e+03 1.900261717319435556e+05 1.709895943154137785e+04
3.980868160874053137e+04 2.098432581280465820e+05 2.788677497091290206e+04 2.568838672424795368e+04 7.810964721609257394e+05 8.655501245654250670e+04
3.507001345488012248e+03 2.910060524700572842e+03 2.996301990790211676e+03 1.173890953354660087e+04 2.428571707765650644e+05 2.307824257835454409e+04
1.519430923480489037e+04 1.104192339585998525e+04 1.254640791413016996e+04 1.523106785750575546e+04 4.088932903917370713e+05 4.034406564237502607e+04
2.386354299569200157e+04 8.858680326242378214e+04 1.232126388492576552e+04 2.497404328974090458e+04 6.280122415155118797e+05 6.322676845681513078e+04
3.325661159273646626e+04 6.218291092047268648e+03 1.447900701149360793e+04 4.955456070635971264e+04 5.308434687367986189e+05 6.466138488513214543e+04
4.289587090615387569e+04 9.692460770528056310e+04 3.429835976603547897e+04 3.509279108654826996e+04 6.813687733284672722e+05 8.127751971287307970e+04
5.152029935023776488e+04 4.011180694723670058e+03 1.747312263974605958e+04 1.120281066547135561e+05 1.396595552858022507e+06 1.523225548109361262e+05
3.027628706165335825e+04 8.719010141992407443e+04 2.513950073154603888e+04 2.564614560192006684e+04 8.074271483864167240e+05 8.105470553044286498e+04
1.850741027939368360e+04 4.256989811943488894e+04 1.183235711861171330e+04 3.043418496680241151e+04 5.044263796942575136e+05 5.489611537142048473e+04
1.924659316309278074e+04 2.327183484397087886e+04 1.938149382258913101e+04 1.404014493834404311e+04 4.288865841688899673e+05 4.470183006236603978e+04
4.752584623872246448e+04 2.910393747611616855e+05 2.237794444596361427e+04 3.399508902303806099e+04 5.453157134643022437e+05 7.609480510271515232e+04
4.505696794012594182e+04 1.389454241578198271e+05 3.941358065597013046e+04 2.572712975361608551e+04 4.305828365480276989e+05 6.445870754839542496e+04
4.710427063745338819e+04 2.924526352935876275e+03 2.267277839818774009e+04 7.937692835698254930e+04 1.040501908280872740e+06 1.157952495238748816e+05
9.252632497014034016e+04 3.361247966139684431e+05 6.471239376614932553e+04 9.370048354154935805e+04 1.177009795662908349e+06 1.660602933497872727e+05
2.309734036425417344e+03 2.198778676141664164e+03 1.801614223402012158e+03 8.348146219059966825e+03 2.879873666064238059e+05 2.403023310369336832e+04
1.789219124752305288e+04 6.093375930456834612e+04 9.863330233512055202e+03 1.474064095913513665e+04 3.861454318602735875e+05 3.990390216300771863e+04
2.776930870012766172e+04 6.397373140893960954e+04 5.884030872831290253e+03 4.394301610485390847e+04 7.858332155860138591e+05 7.842655068557923369e+04
3.141711978052062841e+04 1.632115671362475405e+04 2.358637992848515933e+04 3.511553368788294028e+04 4.918778487722951104e+05 5.993734113793274446e+04
3.102138987396079756e+04 1.757594558583519029e+04 1.662484271422350139e+04 4.127400073126675125e+04 6.968574149293941446e+05 7.357000360881909728e+04
2.256877703561604358e+04 1.445895841596213722e+04 1.566303749183543368e+04 2.803119070009517964e+04 4.885732982133789919e+05 5.300389502556559455e+04
4.310688798877410591e+04 3.820317102514042053e+05 1.750854646340541876e+04 1.917119647761160741e+04 6.576102931812159950e+05 7.934701373966918618e+04
1.954033221489993230e+04 1.834816270720792090e+04 8.697116729557563303e+03 2.891327003757709463e+04 3.890929833702835022e+05 4.390125508169116074e+04
1.323214826252032617e+04 7.432525061455581636e+03 7.017757658915850698e+03 2.432748800090747318e+04 5.081453048988543451e+05 4.857108587104981416e+04
1.939773684579392648e+04 1.488683695051682007e+05 5.411703292369236806e+03 1.999453429266042804e+04 6.163091587170539424e+05 6.019160985650751536e+04
4.747683119696365793e+03 7.733322766817313095e+03 5.802154797178754052e+03 4.216626684549001766e+03 2.888222148798594717e+05 2.421655641605104029e+04
6.957118128798350517e+04 2.198087523249909573e+05 4.102165176324384811e+04 6.048890522169612814e+04 7.628944778149435297e+05 1.072222365708455472e+05
1.669442422400102805e+04 5.663805535261573823e+03 7.656866867440222450e+03 2.910587219657911919e+04 5.361133083790322999e+05 5.280091759860202728e+04
1.255375465264923550e+05 4.212780736326365150e+05 8.652474034973239759e+04 9.854058844549402420e+04 9.405231144383087521e+05 1.659585822385695938e+05
1.846833850233173507e+04 7.339997094721489702e+03 7.963416586734339035e+03 2.762895920793257028e+04 4.072279671119180857e+05 4.367938010844742530e+04
1.891931864752165347e+04 7.367771915233673644e+04 1.857112506067984214e+04 1.160392407451566396e+04 5.605987881680952851e+05 5.460345820446609287e+04
6.082032612306843657e+04 1.331747064832733013e+05 4.200409561257666064e+04 5.197193858011721750e+04 6.723075675274850801e+05 9.341572895270604931e+04
2.598627418534632307e+04 3.372655226114534162e+04 1.670652019905458656e+04 2.924296599459173740e+04 4.435970771668949164e+05 5.192979246550802054e+04
3.427905294772523484e+04 1.877507226465773128e+05 1.615201921795171984e+04 2.755841184294309278e+04 7.975321546941180713e+05 8.235442824028544419e+04
2.521956251689493001e+04 7.208404185150450212e+04 1.756784822016915496e+04 1.984611261581017970e+04 3.338157295542325592e+05 4.256576568124791083e+04
3.548157491630467848e+04 1.409476473847573288e+04 1.801901115988075981e+04 5.404381792603098438e+04 6.199185605427331757e+05 7.459821402660860622e+04
1.170716033094252634e+04 1.004849339577675564e+05 5.298194313300839895e+03 8.133122484963420902e+03 4.126538192081785528e+05 3.868774571871523949e+04
4.017730390882873326e+04 1.576930301138577925e+05 1.527988628032332963e+04 4.229002215395819803e+04 6.611169583704805700e+05 7.797761547597820754e+04
1.226099334942650312e+05 2.932977107227661763e+05 9.148686830770784582e+04 1.006464067779474135e+05 1.124298073025081540e+06 1.750790898143865343e+05
4.802945099322683382e+04 3.087615161781879724e+05 1.619673908663849943e+04 5.450824836538653472e+04 1.312425745375283994e+06 1.351781488689447287e+05
1.648526209355421815e+04 2.775050475835465477e+04 1.376757090352434352e+04 3.783829902731432958e+04 4.174776561027559801e+05 5.249709636998993665e+04
6.375520178560698696e+03 1.050252121625046675e+04 4.425514968144902014e+03 1.283958608549473138e+04 2.693538756155909505e+05 2.634983371601431281e+04
2.554554418593052469e+04 2.104980739037042076e+04 2.286234144146296967e+04 2.226845128175150967e+04 5.389630479325328488e+05 5.721684572155080241e+04
8.577658644627283138e+03 5.358476818096337229e+04 3.458876126966210904e+03 9.092053376381223643e+03 2.876901366646961542e+05 2.760320872645056443e+04
1.169594745919112574e+04 5.263503322604871937e+04 3.143564380394031105e+03 1.771800138603246523e+04 3.654657377658907208e+05 3.655196453826084326e+04
1.739318587204528376e+04 9.209272859414137201e+04 3.971875181980497473e+03 3.710201366255469475e+04 6.770058075987708289e+05 6.858027449592117046e+04
2.451312199433564092e+04 4.875149009769893746e+04 1.234457645278273048e+04 2.747618298257231072e+04 6.177761064218573738e+05 6.170903667107554065e+04
1.426726136281808249e+04 2.906925017596186535e+03 4.609104803750986321e+03 3.574192998126457678e+04 7.867288748936929042e+05 7.120770166183671972e+04
1.971052830387415088e+04 2.813540084404641220e+03 9.920872656860850839e+03 2.701032331723185052e+04 3.506493489815873327e+05 4.021408568360744539e+04
1.622527806543281476e+05 4.128528356166507001e+05 1.012040729503073089e+05 1.540493766022349882e+05 1.746805604339518119e+06 2.512002000928308989e+05
6.131812508798469025e+03 3.860983670867572528e+03 5.122896995132875418e+03 1.049181561656513622e+04 3.600418946638425696e+05 3.135991044834171771e+04
6.620421577326332044e+04 2.522466471243533015e+05 4.383065449356741010e+04 5.173211310744554066e+04 7.941141212241578614e+05 1.081780630015294009e+05
8.155074548295023305e+03 3.822933141341734154e+04 5.651032473886974913e+03 1.145438776411311483e+04 2.494996199438950862e+05 2.628808153486878655e+04
9.579020694740508043e+04 3.099323527029930265e+05 6.380311917601449386e+04 7.703606945268639538e+04 8.083137948767542839e+05 1.320388119957545714e+05
1.109946235638551116e+04 1.657210744677937328e+04 6.683439965318710165e+03 1.413168594946497797e+04 3.870124137553952751e+05 3.612139643228796194e+04
1.025586763010081313e+03 1.487056516171249541e+03 1.325829982159281599e+03 3.938636415580062476e+03 1.639161562819427927e+05 1.345103285510322348e+04
1.791634533627285782e+04 9.937069039526186316e+03 1.839571880076813613e+04 1.460108202650139356e+04 4.303190115828566486e+05 4.396717179782266612e+04
2.476412915319569947e+04 2.341443012106544120e+04 1.438173732700368419e+04 4.167039741363991925e+04 7.537363681456227787e+05 7.689677495276012633e+04
1.725275335837342718e+05 4.343370357702134643e+05 9.390129818250835524e+04 1.813575122596439905e+05 2.082951152521575801e+06 2.840722514909785241e+05
6.892306869613575145e+03 2.361695076507474369e+04 1.557365660239539011e+03 1.753990322918810853e+04 4.008132772843439016e+05 3.672952564047828491e+04
3.916855604690600740e+04 2.474523552209695845e+04 1.508010134990344159e+04 6.657438656979434018e+04 1.090760156618980691e+06 1.111929234795548691e+05
1.107161351833622757e+04 1.996827574454350270e+03 6.333163959497006545e+03 2.431292484483518274e+04 4.241238372525215382e+05 4.234921886414971959e+04
1.380039036572338773e+04 4.667416454694467393e+04 1.330535871935173782e+04 7.052642242136140339e+03 3.637927648698061821e+05 3.570244083111834334e+04
1.052265745952166981e+04 5.039325697589674382e+04 5.349205278096036636e+03 9.197655190119136023e+03 3.327969061070820899e+05 3.134182499859881500e+04
1.137491131404352636e+05 3.730548951953471988e+05 9.210223657178736175e+04 7.633127967444827664e+04 8.835536627459448064e+05 1.521028358186607365e+05
1.896966796155742122e+04 6.461972513559138861e+03 9.821838819462001993e+03 3.021480462736790651e+04 5.836491493457681499e+05 5.747237330722463957e+04
7.752939550731117379e+03 8.375546302478740017e+02 6.296655979007868154e+03 9.882857886806674287e+03 3.444007957858220325e+05 3.038895076100531878e+04
4.301807507654949586e+04 1.819496730742955697e+05 2.174524021971340699e+04 3.593761146532608109e+04 5.781955465285629034e+05 7.351503875289093412e+04
6.556364118213871734e+03 1.477745336996265178e+04 8.878679744347191445e+02 1.519901376907542726e+04 3.927122540764291189e+05 3.440022501169140014e+04
7.846412232684946503e+04 1.969158577401915973e+05 5.437995371467433870e+04 7.228468161826486175e+04 9.959992708131535910e+05 1.328606320739582588e+05
1.551194768603703415e+04 2.401437164133266833e+03 3.595189882466802828e+03 3.460579365194766433e+04 6.567368801605962217e+05 6.148866049769218807e+04
1.133252102459183334e+04 5.249310389481411221e+03 8.193838861617467046e+03 1.363452635102095701e+04 3.420160339292834396e+05 3.296110053801668982e+04
1.966298620523920908e+04 4.401398445146591257e+04 1.428618929291804670e+04 2.628528232772972115e+04 8.640920621282292996e+05 7.834026718890377379e+04
6.380694938317211927e+04 3.690249458306647721e+05 3.848207424131191510e+04 3.837603597220269876e+04 6.749665171812915942e+05 9.759640072088333545e+04
1.084706612447011321e+04 4.318775134605618950e+04 7.311148629311584955e+03 7.169888402857827714e+03 2.350336385622956441e+05 2.433867881019331253e+04
1.660612955882616807e+05 3.971035131391775212e+05 1.217343871821494104e+05 1.415381622497305216e+05 1.678872565901302034e+06 2.490448446734777826e+05
3.532498377892929057e+03 4.519884928936844517e+03 2.367755414021634351e+03 2.008911335680953925e+04 4.962236563154140022e+05 4.370407758959267085e+04
8.485283511287199872e+03 1.771470152006419312e+03 2.357623985837513828e+03 1.719665192113918602e+04 3.595738851740302052e+05 3.306480968244226096e+04
4.394975651506069880e+03 5.532161816777753302e+03 6.839115792340941198e+02 1.074563196701431843e+04 2.606312160353152140e+05 2.295745758471021327e+04
1.580036609280899575e+04 1.342138778989119746e+05 8.221414646308754527e+03 6.985817032092876616e+03 4.411205102495358442e+05 4.301240294870309299e+04
1.263184335987978411e+05 4.424853580357809551e+05 8.184520008195270202e+04 9.887641836187233275e+04 1.280969270199754043e+06 1.880405936135316151e+05
4.107411591591541219e+04 7.465081209935895458e+04 2.504837406227537940e+04 4.209173739646754257e+04 8.520052894433989422e+05 9.082981369853652723e+04
1.329861252015174068e+04 5.148166850926537336e+03 6.382128584184948522e+03 2.323844690649075710e+04 4.738478525798194460e+05 4.538478512166599103e+04
9.662378382448567208e+03 1.276121957555352310e+04 1.594910402488196723e+03 2.905023830484286736e+04 5.708854445883326698e+05 5.285242541337817966e+04
3.546062460855602694e+04 4.017485307113102317e+04 1.555513359885946193e+04 4.738528966577300889e+04 7.647131823060286697e+05 8.155425535420948290e+04
1.561976168472001737e+05 6.753614821935290238e+05 9.820769252563921327e+04 1.096177903130797204e+05 1.170036072590386029e+06 2.040107987907452334e+05
9.135788012316396635e+04 2.431304645735430240e+05 6.191784605322108837e+04 9.216466622301876487e+04 9.167549561632835539e+05 1.420558922431546380e+05
2.575617736849678840e+04 7.808644796338438755e+04 2.405590581984156961e+04 1.525883402707523055e+04 5.532606691155687440e+05 5.834510406322599010e+04
3.138996190514149566e+04 4.208980077411268576e+04 8.807694655193185099e+03 5.258728708803185873e+04 8.649915667461028788e+05 8.783721339292227640e+04
9.037592166900447410e+03 6.949292595102160703e+03 2.475759644394810493e+03 2.099389173174347161e+04 5.132692461342673632e+05 4.542642936594651110e+04
1.044762057242449737e+04 2.104325498710423926e+04 1.227106360890661381e+04 1.361173941149465281e+04 4.697435639588057529e+05 4.408068464396012132e+04
6.186160594902464800e+04 1.447685711111378914e+05 4.633090140825846174e+04 5.359168198413290520e+04 6.922129678380788537e+05 9.792577080812334316e+04
5.531066020470210788e+04 3.266802993498856667e+05 3.475081585050692956e+04 2.672135824517614310e+04 4.619185022569773137e+05 7.429346432072298194e+04
3.834329542632417088e+03 1.361295071493622572e+03 3.387890674295538247e+03 1.167336650521347110e+04 4.463691053013139172e+05 3.682892164692723600e+04
3.608967397757412255e+04 4.515385302994381345e+04 2.063764250784183605e+04 5.054517130210717005e+04 8.947063204894338269e+05 9.416370049915248819e+04
5.994014479946307256e+04 2.210401886946049053e+05 2.787628899256429577e+04 5.944029392469393497e+04 7.965308761282663327e+05 1.034045964170425723e+05
1.320604346316517513e+04 6.964129241514455089e+02 7.507534406081436828e+03 2.748667273323905101e+04 5.286380340196163161e+05 5.125583681775072182e+04
3.063706566819889758e+03 1.224215950175407852e+04 1.648415466183791750e+03 3.993766088198884972e+03 2.181005017740015755e+05 1.779151579380024850e+04
1.834435059391579998e+05 6.702678860062765889e+05 1.142260318269157287e+05 1.447174734524615051e+05 1.739686167962882901e+06 2.648500048471542541e+05
1.500583352590611030e+05 6.847813069015404908e+05 9.269038635406535468e+04 1.062777339227217162e+05 1.518572173493243987e+06 2.240304644622894411e+05
5.141024836118541316e+03 8.851840467244763204e+03 1.463845376117931210e+03 1.501917970505769154e+04 3.459914806743714144e+05 3.113163064718057649e+04
2.484652427159476429e+04 2.328866307570389108e+04 9.256474829729259000e+03 4.006694957865298056e+04 6.888310471748809796e+05 6.959057182703190483e+04
1.100954003394648462e+05 4.751605759592468385e+05 5.925972477523423004e+04 8.920957743055091123e+04 1.017591291754349717e+06 1.578349612712522794e+05
8.287650630843920226e+04 2.494309717072491767e+05 6.757626560463295027e+04 7.736824281654306105e+04 6.695951526188747957e+05 1.214922828955607401e+05
5.702572092074012471e+04 1.129722950200313644e+05 2.029191989925297821e+04 8.000656365109949547e+04 1.017092521051889984e+06 1.189233777962721651e+05
1.038200465732240082e+04 2.553835736893403373e+04 8.191986398946020017e+03 1.121844856245964365e+04 3.077252220392333111e+05 3.056514360393695097e+04
1.462407463242187077e+04 9.281812231250733021e+02 7.364803162623985372e+03 2.143725104393620495e+04 4.815783748839284526e+05 4.530511096996504784e+04
4.594352641902570031e+04 2.378301609902573400e+05 2.196657217371116712e+04 3.638174560611289780e+04 7.495502378459037282e+05 8.810104336213125498e+04
1.725782507373506814e+04 8.426620164531104820e+03 1.003686428720797630e+04 2.532338958595129225e+04 5.548216816409879830e+05 5.351152116385776753e+04
3.765632112598138337e+04 8.966964765130444721e+04 2.027322782603315864e+04 4.103397752672355273e+04 6.314889913294190774e+05 7.420419393703849346e+04
3.592966997400953551e+04 7.805862526130194601e+04 1.229309200365143624e+04 4.971871714541652909e+04 1.012217231185898418e+06 9.972437997434558929e+04
4.731428991726101958e+04 6.499524014847013314e+04 2.622754818486443764e+04 5.527297053096119635e+04 8.159696135802858043e+05 9.439705077936699672e+04
3.766987000756995985e+04 1.023838109847579617e+05 3.287727402535927104e+04 2.420407394930211376e+04 4.051461649113873718e+05 5.743267011757068394e+04
2.829362932191213258e+04 5.617100538049672468e+04 1.810932776888780063e+04 2.663570641323084055e+04 5.512893679372119950e+05 5.970927114657275524e+04
1.689858078162899765e+05 1.283583680459132593e+05 7.337570865420349583e+04 2.435586415349572781e+05 2.322890105234169401e+06 3.043511510557121364e+05
6.084751564605667227e+04 6.848135454020171892e+04 2.870534887458590674e+04 8.245368298527317529e+04 1.335687308375464752e+06 1.428843287725645350e+05
1.749803176789996724e+04 4.310934314869734226e+04 1.255114847488052510e+04 1.622759300021843774e+04 3.577078778186980635e+05 3.894044886594296258e+04
4.128618853707822382e+03 6.911663452536630530e+02 4.974082362523189659e+03 5.293687247894253233e+03 1.970509879462514655e+05 1.782573199429875240e+04
8.441660167961512343e+03 2.553982637246205741e+03 2.304324037426738414e+03 2.094565804678039058e+04 4.357538526757856598e+05 3.989961764574082190e+04
2.604092370311531704e+04 3.861065961771817820e+04 8.323450426025825436e+03 4.531076289545097097e+04 8.220999869809318334e+05 8.128114828805615252e+04
6.065907528126354009e+04 2.806360754417384742e+05 3.069996596085308192e+04 4.694820209406747745e+04 4.944320342487134039e+05 8.160240145027989638e+04
1.257846312449980323e+05 3.250583186020074645e+05 7.183392369779116416e+04 1.299853587781627575e+05 1.159543299296368146e+06 1.838154333695112146e+05
3.904558455046611925e+04 8.824506496187120501e+04 3.271358736334693458e+04 4.237152926913250121e+04 4.984468320398999495e+05 7.115302607054868713e+04
2.097080823833971954e+04 1.383240540786329366e+05 1.155580130228338385e+04 1.004624202668894213e+04 2.801575790995229618e+05 3.521071842495872261e+04
4.328565162444511770e+03 1.343150480722052816e+04 2.094568220463868784e+03 8.498526614306954798e+03 2.813294745536857517e+05 2.433241823876309354e+04
1.652966315016767476e+04 8.322982880888602813e+04 1.630059883654576879e+03 2.556334041693431209e+04 5.711465347070361022e+05 5.479463862088305905e+04
2.333735899965914723e+05 8.637538989251955645e+05 1.529839066898144956e+05 1.883911120564940211e+05 1.977750176544175716e+06 3.268906554618243827e+05
2.025634065009903497e+04 4.221477214551476936e+04 1.280628757197725645e+04 2.343530280548895098e+04 4.278614493225201732e+05 4.698388784806801414e+04
2.221312006496292815e+04 1.335482569794312894e+03 7.902026070478691508e+03 3.833379276529625349e+04 5.234796251545759733e+05 5.601544954221861553e+04
8.450504787940877577e+03 4.018046973982032796e+04 7.152162705190603447e+02 1.938952289570941139e+04 5.209386106632814626e+05 4.610186519123141625e+04
8.353112671653123471e+03 9.942265462515499166e+03 7.169784406880134156e+03 7.620681521447841988e+03 3.255466416261909762e+05 2.892472912828783228e+04
1.203200595322408335e+05 2.836540962983239442e+05 8.417110496710940788e+04 1.034181187942193064e+05 1.227545710812585661e+06 1.796460029895888292e+05
3.671587645167901064e+04 1.445061012131611933e+05 2.350703140788236487e+04 2.537951379115798773e+04 4.248717845091628842e+05 5.733542280083592050e+04
9.942965147992044876e+03 2.060853984320097516e+04 3.193077320069648067e+03 1.327977457579939073e+04 2.848789917888707132e+05 2.756177165513418004e+04
1.078971877259114262e+05 1.570932112261576913e+04 5.176437442562110664e+04 1.600661968176255177e+05 1.845126491399107035e+06 2.195737675982791698e+05
5.957914692284486227e+04 3.508077889780440019e+05 3.586221665390954149e+04 3.483971924794492952e+04 5.769526368220573058e+05 8.737434413026567199e+04
1.630549104934714524e+04 8.186215502688866400e+04 6.990907082089054711e+03 1.211381406104334201e+04 3.639329233546822798e+05 3.701919984177657170e+04
1.797755788016346560e+04 5.476411875764722208e+04 1.028963344553428578e+04 1.670265367256740501e+04 5.496335980236892356e+05 5.166578779335744184e+04
5.756415740917193034e+04 1.970957690728178422e+05 2.451366962801988848e+04 6.212138608377492346e+04 9.513457773300487315e+05 1.123955778951720858e+05
3.423199364333795984e+03 3.692689652450451831e+04 1.116772720257824631e+03 5.330011523115553246e+03 2.535533736811504350e+05 2.177230804868993437e+04
1.255446447641806008e+05 6.143872146668278147e+05 8.463318413366116874e+04 8.166395215136895422e+04 1.174735915127486689e+06 1.828183611181058805e+05
1.022660037704918068e+04 4.252481382425932679e+04 6.283144536384676030e+03 1.167121280650373046e+04 3.898305566389039741e+05 3.630972709606915305e+04
6.907033721910930581e+03 9.124766538213683816e+03 2.296192320641483548e+03 1.026462802549347180e+04 2.434705940359102970e+05 2.245850205383463981e+04
2.386661929115484600e+04 1.110498964951613889e+05 9.739432204742743124e+03 2.048626488718466135e+04 3.676802697600373067e+05 4.368595127168653562e+04
5.811728456529267714e+04 2.833657972742459970e+05 4.278424571678924258e+04 3.267608084300991322e+04 4.052064885767159867e+05 7.449190371557865001e+04
6.079556777143861837e+04 1.076023884467287135e+05 3.771026984922787233e+04 6.051205838552619389e+04 7.229562907543990295e+05 9.756792808359439368e+04
1.660927785283583216e+04 2.022122029063011723e+04 1.437719515402883189e+04 1.305706225619072757e+04 3.607639252767245634e+05 3.736719688948513067e+04
1.643264193836161212e+04 4.133574233765684767e+03 1.029497520386682663e+04 1.944591830626980664e+04 4.102513029577558627e+05 4.102896329251326824e+04
7.264533270294756221e+03 1.265085642934455427e+04 4.514955308749621508e+03 7.206104067427983864e+03 2.045762232721785549e+05 1.959038595309092489e+04
3.860318154909984969e+03 6.291040066485527859e+03 1.321070133794745743e+03 7.209514297368506959e+03 2.703146243922157446e+05 2.232199782260796565e+04
3.528639129936052996e+03 8.936653307906897680e+03 2.068330162748134626e+03 3.360124189950997334e+03 1.687939025471970672e+05 1.420614084766585802e+04
8.866543467017398143e+03 4.753088233146880521e+04 8.749675068084598024e+03 4.148612893681619425e+03 2.618213178494360182e+05 2.560922593336446880e+04
3.516779425140927196e+05 1.378529198831324233e+06 2.306386606135466427e+05 2.699096210114005371e+05 2.358815423479526304e+06 4.483249975483445451e+05
2.455261947024430265e+04 6.322114655990186293e+03 1.736421927298393712e+04 3.558674888387490500e+04 9.022090211228929693e+05 8.457217149384973163e+04
1.781309656783146420e+04 1.070136348817871294e+03 6.545339179375141612e+03 3.453815612255983433e+04 5.554069414715220919e+05 5.584856866578898916e+04
2.470080658783028412e+04 1.178105456343523983e+05 1.176293889230509194e+04 2.165710082117795537e+04 5.440942302106777206e+05 5.728767998930147587e+04
6.184401568290424620e+03 5.520227261670772714e+04 2.080251931631456500e+03 4.059014000941397171e+03 2.349942624313859560e+05 2.126876505409421588e+04
4.386211502129019664e+02 8.978879934753497309e+02 5.090250552408903104e+02 3.098641370557910250e+03 1.608975922359572432e+05 1.248691393641997092e+04
2.059999883277146146e+05 7.664585093702059239e+05 1.371392884866017557e+05 1.550764017560226202e+05 1.441277597866935888e+06 2.640995988962901174e+05
1.036574384806161543e+05 1.370603350785329530e+05 6.950240901454801497e+04 1.099266022381081712e+05 1.396416101597893052e+06 1.803714562816364341e+05
2.017595408763359592e+05 3.532169442300231894e+05 1.381078207235549926e+05 1.957756287566033716e+05 1.800085159059742233e+06 2.866100331360246055e+05
1.783709461864534751e+04 1.796019651315581359e+04 1.105382044641657012e+04 2.677112180455859925e+04 3.449098793006490450e+05 4.095761928697364056e+04
2.051704445344897613e+04 1.895172858925023320e+04 4.904957502588654279e+03 4.198925783047886944e+04 7.390926952179811196e+05 7.174995601324892777e+04
4.747936426898578065e+04 1.263159756813275599e+05 2.788575112680222082e+04 5.002282399502075714e+04 8.931839060138075147e+05 1.009649034540751891e+05
9.984830234557748554e+03 8.557173327383577998e+04 5.213262290074110751e+03 1.478990550044997326e+04 4.700526470890421188e+05 4.478405766315049550e+04
9.485995712091824316e+03 3.775325565057545464e+04 6.060361829153514009e+03 6.218150307864802926e+03 2.878441498518561129e+05 2.665228145317080634e+04
1.205005921435322125e+04 1.064044323848645581e+05 3.018969282940177436e+03 1.901498374777666322e+04 7.498704025983888423e+05 6.559970315350283636e+04
1.912523538228551161e+03 1.764369394848958473e+04 7.512633111230480836e+02 4.056990788692854039e+03 1.555052415266234602e+05 1.349044910629876722e+04
6.528594660127654060e+04 9.946563993384897185e+04 4.001182496058551624e+04 7.632351563523388177e+04 9.316798767797963228e+05 1.193458972502664255e+05
1.685823035026918224e+05 5.061232774413599982e+05 1.065554259567356057e+05 1.536124344581733458e+05 1.827617987775071757e+06 2.633591857353574596e+05
5.963207325709309225e+04 1.978267892565504735e+04 5.053700519158219686e+04 6.868452793247038790e+04 1.254790427993986290e+06 1.382191313689328381e+05
1.697197350992531938e+04 5.532180417306707568e+03 5.930669605126302486e+03 3.056905140862491680e+04 5.241085953446698841e+05 5.190446188789902226e+04
4.028948970006639138e+04 1.266418806972767197e+05 1.815249418916091963e+04 4.385290917796843132e+04 6.102775210508827586e+05 7.496706530370336259e+04
1.118376132863494377e+03 7.904763631917941893e+03 4.478103522545980013e+02 2.316903931496788573e+03 1.367975666805744695e+05 1.083272220166295665e+04
4.958050742172007631e+03 1.952851157816442355e+04 9.969571999607824182e+02 8.646116298348310011e+03 3.777226859602794284e+05 3.071099078920874672e+04
4.439609052297755261e+04 1.076181813290831342e+05 2.816728487625212438e+04 3.604472685535701748e+04 6.532488015024934430e+05 7.770264973018990713e+04
2.530812788893891775e+04 5.987352093893501296e+04 1.656411473900713099e+04 2.173462852204252340e+04 3.907368332122600405e+05 4.621143926792032289e+04
2.278023731269939162e+05 1.164891859887693543e+06 1.394873473518480314e+05 1.513526863492585835e+05 2.049317600164866308e+06 3.240357953520500450e+05
2.653485792233956454e+04 7.021215649049214562e+02 9.344249850302901905e+03 4.942600188816757873e+04 8.022623229133347049e+05 8.037236144691183290e+04
7.219062329301332647e+04 2.624959684789131279e+05 4.037237475746597920e+04 6.260400318353226612e+04 7.968612257370605366e+05 1.122951640925835818e+05
1.237202610853448714e+05 3.191267416363693192e+05 8.360793744725188299e+04 1.048226012895336899e+05 1.119377242277776124e+06 1.745178474222326768e+05
3.878609636903129867e+05 1.635075124821246602e+06 2.995924433317861403e+05 2.270044435692534607e+05 2.407602514629116748e+06 4.746221347935199155e+05
3.398193327009615314e+04 1.478242329539062630e+05 1.629601159283162815e+04 3.032591191002933556e+04 5.035544701981796534e+05 6.191986072689611319e+04
1.012868878080927607e+04 7.066640685132010549e+04 1.449181620376082037e+03 9.222950563474611045e+03 3.256781996629543137e+05 3.019617247096838400e+04
1.077284069883162192e+04 6.526490788048801733e+03 2.063356025850156584e+03 3.234033114583621136e+04 6.619658309505899670e+05 6.035967652684048517e+04
1.204333101763438317e+05 4.420901235348496702e+05 6.467456423623162846e+04 1.094876899972255342e+05 1.235703145706352545e+06 1.823727011497709900e+05
2.154583973576938661e+04 5.297017333466664240e+03 1.097674851015561399e+04 4.321696596300939564e+04 7.313479339616232319e+05 7.372612845099573315e+04
2.844225144044051831e+03 1.993790523330485303e+04 1.578297228129364612e+03 4.778672872389224722e+03 1.513264627399477176e+05 1.400573984307866886e+04
3.338846257512184820e+04 4.586771465795857512e+04 2.010744031370080847e+04 3.702819449557928601e+04 7.339168887547728373e+05 7.704366819194242998e+04
3.764297807073415242e+03 3.326641822401144054e+03 1.769815525291550102e+03 8.668617973407001045e+03 2.542293590825886640e+05 2.194668510238670933e+04
2.578729069668801003e+03 1.904142456044273786e+04 7.621390156614725129e+02 5.537074540311466080e+03 2.984834544729007757e+05 2.385021127624832661e+04
9.109640245769673129e+03 5.572374132245242072e+04 3.952866314470092675e+03 6.478879585747313286e+03 2.684968751822263584e+05 2.544941435210741110e+04
1.824049847693715492e+04 5.763049844396837580e+04 1.273721196547972795e+04 1.831345801520337409e+04 5.142230851732399315e+05 5.120939000218062574e+04
4.845759144984535851e+03 1.961892520588623711e+03 1.644744782071783220e+03 1.052639626592059903e+04 2.580821281344362942e+05 2.292444475262875858e+04
2.592636887874965851e+03 1.680997388592152220e+03 1.708493821711256942e+03 5.352651993224112630e+03 2.050174661772283434e+05 1.702943993140196108e+04
1.334191506613184356e+04 6.946956037452780038e+03 8.366492731242940863e+03 2.355769030368486347e+04 6.268706046873515006e+05 5.676580806910550018e+04
3.653587392784847907e+04 1.757456417207257473e+05 1.640668287184185829e+04 3.059750827449506687e+04 4.340662898296526400e+05 5.879796038351909374e+04
1.562254074170955573e+05 5.609888196384779876e+05 1.172347762987694878e+05 1.037087498311709060e+05 1.327506157082369318e+06 2.144742526593604998e+05
4.140742069105096743e+04 6.631616803344551954e+03 1.887032350229882286e+04 8.786603554004011676e+04 1.197483409513618797e+06 1.287366118595964508e+05
3.520477632520380575e+04 1.986273150868029625e+05 1.565316546254714012e+04 2.561785106267581068e+04 5.264197534276868682e+05 6.356506758604697097e+04
1.933069918642859193e+04 1.031377697347819412e+04 1.558837968580294546e+04 3.222097534467771038e+04 5.474487524610218825e+05 5.862113178983247053e+04
7.694691046468717104e+03 5.487129806712645404e+03 2.795749269322031978e+03 1.792341847356609651e+04 5.810244565832884982e+05 4.866080597637942992e+04
1.138729190250382089e+04 9.354326917917077662e+04 3.656373967538807392e+03 1.079714984408112468e+04 4.820110033697553445e+05 4.350612939944499522e+04
2.078928943330746188e+04 8.117027370561868884e+04 1.083246546567463884e+04 1.706136650387764166e+04 4.231024760762331425e+05 4.485793073431518133e+04
9.566268846223982109e+04 4.007935690792302485e+05 5.376245254431117792e+04 8.079905363636412949e+04 1.082109843856787309e+06 1.523224813937179279e+05
5.481035155437087269e+03 1.006596498094902017e+04 2.188572260208421085e+03 9.054007366902884314e+03 3.134190027576368884e+05 2.661594996594486292e+04
4.819356897786137415e+04 4.685138097874943924e+04 2.963991425994234305e+04 6.934927782089171524e+04 1.134058205759384669e+06 1.227300416667880636e+05
2.997591839387725122e+04 3.450751168186777068e+04 1.263295045028522509e+04 4.014706166067196318e+04 4.137204507643609541e+05 5.313353732329940249e+04
3.621594502375144657e+04 3.124054817208127588e+03 1.347123684347111157e+04 7.017725613995248568e+04 9.281327595132106217e+05 1.001206314958725852e+05
3.402220480147777835e+03 3.325780641498261048e+03 2.473614756655863857e+03 8.966924100868629466e+03 2.454433786345353583e+05 2.179398741490227621e+04
1.344204430011314980e+04 1.468475431421451322e+04 1.121532276653513691e+04 1.246394761213013953e+04 2.855036303289578063e+05 3.040008865549687835e+04
4.537746618484569808e+03 1.252699809304576229e+04 1.347670351116678603e+03 8.180827713654217405e+03 1.903734337519629335e+05 1.770437004345199966e+04
2.441214065490730864e+05 1.167845989654837176e+06 1.723891380141073605e+05 1.435698675073699851e+05 1.560947691132484702e+06 3.019985841877103085e+05
8.790741422555893951e+04 3.288147671158446465e+05 5.923867468904975249e+04 7.042015064574769349e+04 1.125638393822057638e+06 1.493568104569655843e+05
1.309227260376414233e+04 5.020261241020310081e+03 7.002259942032722392e+03 2.146056066197485779e+04 4.620891529012418468e+05 4.405097033280727919e+04
5.947571834271150874e+04 2.717615157423516575e+04 2.475889371614826450e+04 9.711691927471557574e+04 1.315121872292893240e+06 1.443868757470119162e+05
2.077895558043740675e+04 4.493219545063621808e+03 6.808872729804575101e+03 3.213578606980042241e+04 4.667692940447382862e+05 4.908347647994085128e+04
1.076269252838205830e+04 9.327333872104558395e+04 2.717706837063307376e+03 1.142238876697917658e+04 3.099284658840888296e+05 3.179665230893466651e+04
1.349534091724611608e+04 2.746652169079668056e+03 7.340551075306356324e+03 2.006199510927416850e+04 5.100202210995284258e+05 4.667573822522850242e+04
9.974288831103325720e+03 6.926053817837288989e+03 6.195790324558765860e+03 1.348738410191541152e+04 3.832500504506563884e+05 3.488957142827240023e+04
2.365429229356969518e+04 1.282987329260552724e+04 8.915831014815857998e+03 4.557928310369928658e+04 9.145760081518748775e+05 8.660240895726531744e+04
2.322930244699836112e+04 5.362885173084093549e+04 1.552021042710629445e+04 3.346334652815986919e+04 9.117826272234100616e+05 8.580135177483588632e+04
6.243418590479686827e+04 1.738173847636080463e+05 3.737449356780129165e+04 5.961890071402807371e+04 8.031737778764067916e+05 1.056904875274472724e+05
2.796114889045432847e+03 1.338251792522692449e+04 1.622577126205445893e+03 6.490604104921369981e+03 1.961746705261157185e+05 1.749109981819557652e+04
4.014782034059531725e+04 1.686217497388531337e+05 2.554264653901399288e+04 2.811136492121564879e+04 5.754598818097437033e+05 7.076978511844693276e+04
1.649180528884001615e+04 1.146189324659229533e+04 1.506445499152237971e+04 1.466560896140344084e+04 4.062892235809632693e+05 4.101949468867047835e+04
3.482597172699337534e+04 4.064099936038810847e+04 1.575138386559072751e+04 4.326499299863295164e+04 4.767207997517054318e+05 6.042853726702084532e+04
1.437808111663303862e+04 5.134434400585859294e+03 7.749235088105913746e+03 1.954881041294670285e+04 3.462419668310930138e+05 3.572233220079344028e+04
8.798294324270174911e+03 3.112645469660103572e+03 5.496369082654201520e+03 1.816209596287540626e+04 4.150926199700644356e+05 3.865495100204202754e+04
4.095612182002070040e+04 1.150138680471991102e+05 4.092732497290852916e+04 1.860020625080322134e+04 4.774984738890986191e+05 6.386016814414253895e+04
3.083397370404304183e+03 2.588750567805569972e+03 1.817325692131824098e+03 8.182027119451822728e+03 2.689091340628386242e+05 2.269798833634831681e+04
4.704952132721396629e+04 1.832741139003810240e+05 2.163928684067036374e+04 4.445341074980206758e+04 9.103432890682243742e+05 9.972571180722984718e+04
3.019335036820131063e+04 8.086696058225963498e+04 1.729344071622250340e+04 3.196813577642383825e+04 5.914175317484895932e+05 6.568955200662733114e+04
4.623328984543215483e+03 1.097133120739963306e+04 2.315571707947799950e+03 7.025716396775776957e+03 2.786730827356185182e+05 2.346133152122066895e+04
6.310140392080735182e+03 3.208489573173290410e+03 4.036001353114898848e+03 1.265365974379174622e+04 3.145324681338673108e+05 2.877569117701519644e+04
4.226117919406304136e+05 1.986500143140917644e+06 2.786417344861222664e+05 2.780119898331732838e+05 2.891516338577461895e+06 5.385888950521479128e+05
6.406922848505579168e+04 3.416435966624371940e+05 3.334862338198263024e+04 5.160312811057783256e+04 9.481225313102940563e+05 1.183822747871822212e+05
2.033657241355049700e+04 4.825187780196981475e+04 5.880823821266693813e+03 2.584666167373689677e+04 5.842815372111640172e+05 5.590822008264837496e+04
4.625200305443538127e+03 2.463117877333435899e+04 1.649852325005110742e+03 1.071096160993503145e+04 2.723540258934011799e+05 2.509151924803483416e+04
8.273112137509362583e+03 9.824358334140744773e+03 1.577302397711633375e+03 2.614063461513181392e+04 5.109665566688493127e+05 4.735374785391403566e+04
2.888367375334768440e+04 5.242550703073991826e+03 1.999112124732758457e+04 4.378347826010041899e+04 9.324884869500352070e+05 9.139419212369946763e+04
3.391338651127438789e+04 2.658138838940183632e+05 1.254282395261044621e+04 1.782167886239575091e+04 5.945717296612478094e+05 6.660666821116405481e+04
8.399817108322800777e+03 4.894760772742820700e+04 2.815706460224257626e+03 7.422102448408272721e+03 2.174339233559548156e+05 2.161601030416828144e+04
3.264458212820816243e+03 2.202433950982640454e+03 1.596066197899687950e+03 1.172670511706649995e+04 2.169880215411898389e+05 2.069414747057666318e+04
2.360484512906293457e+04 5.907903218700752768e+04 1.499692646384829095e+04 2.277299860565811105e+04 5.121783170968681225e+05 5.413418137748286244e+04
4.011484532929374109e+04 1.063503626968191384e+05 2.262491013829644726e+04 3.829984868331745383e+04 7.935295475666596321e+05 8.570564871549441887e+04
3.234528962648149172e+04 7.312833245680779510e+04 2.857918533378644133e+04 2.263863357745394387e+04 5.345127528272698401e+05 6.212578113256907818e+04
1.597820315445248525e+04 7.357469990183264599e+03 8.400133301852940349e+03 2.285459520533894829e+04 3.605770667268717079e+05 3.857189702900658449e+04
8.268813353804724102e+03 7.894313837312917713e+03 2.248863943369117351e+03 1.979933916553822564e+04 3.760500173026293050e+05 3.560590411604451219e+04
1.827807155742483155e+04 2.140082935848692068e+04 1.087109496519717140e+04 2.027137338761828505e+04 3.886060379543746822e+05 4.104896985874315578e+04
5.995127316359442921e+04 3.360614609212703072e+05 3.653223690846428508e+04 3.230983444078853790e+04 6.147484004969961243e+05 8.833180553987590247e+04
7.315625583983258366e+03 9.801089304005283338e+03 7.418387870203699094e+03 8.290499845906437258e+03 3.712109611215573386e+05 3.239915827305740095e+04
1.137048856399775832e+05 3.313542306183953770e+05 7.813336870760332386e+04 9.458323915688380657e+04 1.284264337274213089e+06 1.792229276210388925e+05
3.762253220626180700e+04 1.690452440929590375e+05 2.409886626564239850e+04 2.393987471445341362e+04 3.336113843364998465e+05 5.201543443523802125e+04
3.474739334217585565e+03 1.339843935346369290e+04 8.248139916158955884e+02 1.210039233781054463e+04 3.873079993590791710e+05 3.254018716754956404e+04
2.881012053407719941e+04 7.843077395455905935e+04 1.933188842918864248e+04 2.699937525641202592e+04 6.486603875823605340e+05 6.805111206804846006e+04
1.356650132899886557e+03 3.079027072499401584e+03 1.016701678378445308e+03 7.412080558178478896e+03 2.504939847100348270e+05 2.079035377333345605e+04
9.586847847738384735e+04 3.261408068778547458e+05 7.651890445811579411e+04 6.139699857120795059e+04 6.620047522766239708e+05 1.214098409071331989e+05
1.758255401109338345e+04 1.826083474321860558e+04 5.910072653374998481e+03 3.019948058182117529e+04 5.884557994156070054e+05 5.668614654499310564e+04
1.632992293528624032e+04 5.915136389956405765e+03 6.875619566746220698e+03 4.142573136223655456e+04 5.376484648347758921e+05 5.815065977609232505e+04
2.934537933567001528e+04 4.083779583753946645e+04 1.121381908864067918e+04 4.607966922830861586e+04 7.775004509091312066e+05 7.998526363170750847e+04
3.672596960739573842e+04 1.675219976900764450e+05 3.195749838704079593e+04 1.484567470507225698e+04 3.363174010467557819e+05 5.139757147961531155e+04
3.428492099054734717e+04 6.074097062801454740e+04 2.698614238972809471e+04 3.135534179662483075e+04 7.464994186606240692e+05 7.902590616369672352e+04
6.534871946660218964e+04 2.745857038092785515e+05 4.008546124146396323e+04 4.479338255380623013e+04 7.567946821514676558e+05 1.020210527503077610e+05
1.627083778285031731e+05 4.797498673052234808e+05 9.418064931901813543e+04 1.639082996293101751e+05 1.403527463504644809e+06 2.328513302858937241e+05
8.682422784943131774e+03 1.717562809911032309e+04 5.833245496470233775e+03 2.687962928353277675e+04 4.585585975233835634e+05 4.636132557541737333e+04
1.284654397582999627e+04 1.569321003577618649e+04 9.347799446885335783e+03 1.976360512788453343e+04 3.972375026104392018e+05 4.046087753449466254e+04
4.809217261308735942e+03 2.521676116780063967e+04 3.591694666885730953e+02 9.800375795280660896e+03 3.429403044327508542e+05 2.889994735798913098e+04
7.468035383726221335e+04 1.357545011681214964e+05 4.376387832632887148e+04 8.316495558265011641e+04 9.314700014722722117e+05 1.258381015122048702e+05
1.158880373409466847e+04 1.702352923028980149e+04 2.457384843574852766e+03 3.348192087313932279e+04 9.231958593305065297e+05 7.913527753929125902e+04
1.388578378193873796e+05 6.700290611255972181e+05 9.371347052083193557e+04 8.615711612808110658e+04 1.041124206787672359e+06 1.825305112982047431e+05
9.756223591974347073e+04 3.245946044645212824e+05 4.971761739386228874e+04 9.967653267259543645e+04 1.002281716287887306e+06 1.499759837500167196e+05
1.675626536607658636e+04 1.836189713106105955e+03 1.252093811866191390e+04 1.951775654875147302e+04 4.208916224644757458e+05 4.262303379961889732e+04
7.285676958789518721e+03 2.015822874197360943e+04 1.197767952192730490e+03 1.868999820476305831e+04 4.368335685457743821e+05 3.934616291446025571e+04
9.113048375080710684e+04 2.625541041995515116e+05 7.395045689712463354e+04 6.468104082036418549e+04 1.119690566273131873e+06 1.494256147912573942e+05
3.708184940710965748e+03 3.002836262012143561e+04 2.154546966303395493e+03 2.206345637110212465e+03 1.479826317978222214e+05 1.336527790140870275e+04
3.432952256279896392e+04 1.020218204167271324e+05 2.186056710628489600e+04 3.356660403309524554e+04 9.736189355335963191e+05 9.513445320618942787e+04
3.686014462393834401e+04 3.041382116082400898e+04 2.277789569129345182e+04 4.603616453332972742e+04 7.087919163939601276e+05 7.981368822708855441e+04
1.565408607285264588e+04 1.076917495703001332e+05 4.100516876398486602e+03 1.903447776257986698e+04 4.715976288198959664e+05 4.742193060938663257e+04
8.032470190504880156e+04 3.910028552424092195e+05 5.074053229291685420e+04 5.318746950407522672e+04 6.242487528334585950e+05 1.072543576071411808e+05
2.401728048596148074e+04 7.323928981927497080e+04 1.062014651765480994e+04 3.195584165047617716e+04 5.571372347985227825e+05 6.012420229945429310e+04
1.718399538119394492e+04 9.995236868415176286e+04 9.271094367210223936e+03 1.071390453833375796e+04 3.342803216072906507e+05 3.626967394996551593e+04
7.623912160886015045e+03 1.804687512084837408e+03 4.214521568788693003e+03 1.732287297972165470e+04 4.014459073642408475e+05 3.674030356782658782e+04
2.565102246213413309e+04 5.825686796419260645e+03 1.157676829108239872e+04 4.132225824346020090e+04 6.228308502012988320e+05 6.585537203276822402e+04
1.864458209564061326e+04 4.536305912069864280e+04 2.035645666814877768e+04 8.130947516258847827e+03 3.630564238539614598e+05 3.911526561645927723e+04
1.720785155253173798e+04 3.679742015850106691e+04 1.281657896849953431e+04 1.586559557255570326e+04 2.751122150793214678e+05 3.302356933322943951e+04
1.494748319137992621e+04 1.411065490461135050e+04 8.666507533898320617e+03 2.658124491854221560e+04 4.628060405412165564e+05 4.758182862707925233e+04
1.502546248629934962e+04 7.385035772404645104e+04 5.815255964941567072e+03 1.622980055398882905e+04 4.058254500512680388e+05 4.079489105359184032e+04
1.609497203469303349e+04 2.093309892722927088e+03 7.343855157892811803e+03 3.077603730570075641e+04 6.571789718496100977e+05 6.138739167305252340e+04
4.765727532475318185e+03 6.380337239640092776e+03 4.036749194287738192e+03 1.102148230985449300e+04 3.737174808394692373e+05 3.217564672421220166e+04
1.487582343950778159e+04 1.073281089814252191e+05 5.982143030042539976e+03 1.152818684440337347e+04 4.143594567466473090e+05 4.097104364134405478e+04
2.152770329854158990e+04 8.024653236280890997e+04 1.256236371858176608e+04 1.906871503791396026e+04 4.349383398717725067e+05 4.726172987020865548e+04
4.966376518940652750e+04 2.817812060495325568e+04 2.295948837200666458e+04 7.263947052135418926e+04 9.868097560087144375e+05 1.105103098646719154e+05
4.609752905778793320e+03 1.784780553518635315e+03 1.762003398992399980e+03 1.122406641210230555e+04 2.730202333936893847e+05 2.428643691230270997e+04
9.335368068382171259e+03 3.731346585627374679e+03 4.230090456643515608e+03 1.825619699682143619e+04 3.612909982934391592e+05 3.456356176751985913e+04
1.949428917643897876e+04 1.911006206361418435e+03 1.517907093608839932e+04 2.398343110350389179e+04 5.995163610528906574e+05 5.780614722707538021e+04
4.032744434620423272e+04 1.818149618204536964e+05 1.314126230798328834e+04 5.222509536038838269e+04 1.019032244259567233e+06 1.068147575699179579e+05
2.065156568215699735e+04 7.270776263437344460e+04 1.301835281887879864e+04 1.644422979323105756e+04 3.123750482695038663e+05 3.765503663527919707e+04
1.798610846683745913e+05 4.719504979800353613e+04 7.117759199823271774e+04 2.867744940227913321e+05 3.183288376191027928e+06 3.767998038174937828e+05
8.441104401879268698e+04 2.249745267726771417e+05 7.007321692851465195e+04 5.537320575419312809e+04 1.067769222467577085e+06 1.381940024807828304e+05
3.266950886565016390e+03 3.236871922812989396e+03 1.286660987868701568e+03 9.422244706636944102e+03 2.759690340158706531e+05 2.353694263778674576e+04
3.862715713055561355e+04 9.637620744323066901e+04 2.388335703930053933e+04 4.422504036366949731e+04 6.570019428942342056e+05 7.925118942291020358e+04
4.109366908234174480e+04 2.456149745343416871e+05 2.317051236041171433e+04 2.462859141758852638e+04 7.104277269304563524e+05 8.105922595851025835e+04
3.936859236981511640e+04 9.906557132626562088e+04 1.928715897056156246e+04 4.333636574581350578e+04 9.937488648389989976e+05 9.965050130062935932e+04
2.703824002351287618e+03 1.206959203397205783e+04 1.090301652945497835e+03 4.160142504510446088e+03 1.790017110265270458e+05 1.498784822455098947e+04
6.916148363739223896e+03 4.191996792698753779e+03 2.485999661488755919e+03 1.109051424771332677e+04 2.920933121451953193e+05 2.594008771968823203e+04
6.397074614188063424e+04 1.654500449724166247e+05 5.057917625946464250e+04 4.911467065555920999e+04 7.471097561501612654e+05 1.024481945804331917e+05
1.972380208609187321e+04 5.271784659629021917e+04 1.094734297074226743e+04 1.949589320817725093e+04 3.484858570557340863e+05 3.958202618662634632e+04
4.338850109692126716e+04 8.178740384332973917e+04 1.654606987737043528e+04 6.326701510190650151e+04 1.089375532308653230e+06 1.130581980457876343e+05
1.206959228661990164e+04 3.709863549861549359e+02 5.685119980244025101e+03 3.422307676455060573e+04 7.266476191045582527e+05 6.681825669560384995e+04
1.990880554350481907e+04 8.740938803775642009e+04 1.134722627538510096e+04 1.892555875876583013e+04 5.576728090502229752e+05 5.528259976395332342e+04
6.490658185071011394e+04 3.285613781417304417e+05 3.713657511741163762e+04 4.296693810528396716e+04 7.272663888189814752e+05 1.006081641525006708e+05
9.906338504969115093e+03 1.560930117396605783e+04 1.005611719299883771e+04 6.878955430388435161e+03 3.277427091205674224e+05 3.026165296927511008e+04
3.439500785477674071e+03 1.625949575217523670e+04 2.593280336803679802e+03 3.806284528356481587e+03 2.098762936133816838e+05 1.775964518446085276e+04
4.055208720669530885e+04 8.875918835244272486e+04 2.582118871310445320e+04 6.067413504012027261e+04 6.163758295170598431e+05 8.441524590359942522e+04
6.142719953881043330e+04 1.384849300429968280e+05 3.107833188039140077e+04 6.563541694218534394e+04 8.261914433873515809e+05 1.054970713976337429e+05
2.171063939509818010e+04 9.272309938534848334e+04 1.491667846640655443e+04 1.196494629677107514e+04 2.652160229335622862e+05 3.426621825929107581e+04
2.485522037054953762e+04 7.582160860899808176e+04 1.418304732082839655e+04 2.389501315135044933e+04 5.968262377110917587e+05 6.081235882956578280e+04
5.273617694237551041e+04 1.115372430708931788e+05 8.128718012045153046e+03 8.535151434926060028e+04 1.322583125278686872e+06 1.365730819743438333e+05
1.170196861777763297e+04 2.802078338159537816e+04 4.132372653352035741e+03 1.679224728235205475e+04 3.749989856440690346e+05 3.598310192767062836e+04
1.799398976893656436e+04 7.163824892693263246e+04 9.775375391334730011e+03 1.437022016671631354e+04 3.701410294361288543e+05 3.915161017803539289e+04
2.155969166148386430e+05 7.598684270893635694e+05 1.565140342049820756e+05 1.610084587688627362e+05 1.482534620723241707e+06 2.775830440827437560e+05
7.055546135088091432e+03 4.570388753416507825e+03 1.034039045487615476e+04 3.954965218220040697e+03 2.573365579729747551e+05 2.378041340040395517e+04
1.033293264832746172e+04 7.057582037737852261e+03 4.759553655256499951e+03 2.757646615085394296e+04 4.260123692261558026e+05 4.352396627431021625e+04
1.329795968884721224e+05 2.087003277814590911e+04 4.808956471834104741e+04 2.308551852714452252e+05 2.189127900626626331e+06 2.733919359436657978e+05
6.753796201309973549e+04 3.813076974467782748e+03 3.566083978848947299e+04 9.327564632941859600e+04 1.213216122087561758e+06 1.393396240594934206e+05
4.823785876947127690e+03 4.482906530039964855e+04 1.592503225455185884e+03 6.445435366212420377e+03 2.486768568256974977e+05 2.254470765993548775e+04
1.752264517668620829e+04 2.457745639848767314e+04 4.898420341628302594e+03 2.695657613472857338e+04 3.909785448748274357e+05 4.181390686741330137e+04
2.083379191385502418e+04 1.435799445023808585e+04 3.529273794690943305e+03 4.163800274335033464e+04 6.601931501196558820e+05 6.546407593622736022e+04
1.075342275280111244e+04 9.355059454034808368e+03 7.316395350848532871e+03 2.348339982887942460e+04 3.684124050286152633e+05 3.901487535452912562e+04
2.320821238752989666e+04 5.449518675142191205e+04 1.149915996381429613e+04 2.449012655194694526e+04 3.455944136583967484e+05 4.197166771345703455e+04
6.911688780473370571e+04 3.194860315737899509e+04 2.163296846205113616e+04 1.193644887775411771e+05 1.577510002573688747e+06 1.709835427834776638e+05
6.184165445071100112e+04 2.885224622882307158e+05 4.451107379167297040e+04 3.446740295551013696e+04 8.618390912193373078e+05 1.070143508622153167e+05
4.416169383751787973e+04 1.194056845069932933e+04 2.124946546280521216e+04 7.639745432653008902e+04 8.529463619457464665e+05 1.016655436374230485e+05
9.572799412490951363e+04 3.530133782694688416e+05 7.447571476905870077e+04 5.730439612709645007e+04 8.983494903636431554e+05 1.359043328199562675e+05
1.573920694305772486e+04 1.544887321411636549e+04 1.926381449108371089e+04 1.590010468033923280e+04 5.891338080784585327e+05 5.588328893584570324e+04
6.824159120186872315e+04 2.547548905398634088e+05 3.982283522898067167e+04 5.656404918639804964e+04 7.683877232506297296e+05 1.070290156472241651e+05
1.892993799585350498e+05 3.303513531712706899e+05 1.034435372403892688e+05 2.300099965519319812e+05 1.892400862511779414e+06 2.922249155603242107e+05
4.373729603177152603e+04 2.155833457506980340e+05 3.012921680504443066e+04 2.415125448199253515e+04 4.560009583091650275e+05 6.524481191091034998e+04
4.647626227712065884e+04 2.335470398690612346e+05 3.219175364542382886e+04 2.743331204902314130e+04 6.131585322919681203e+05 7.907708534625430184e+04
5.844695431687136443e+04 2.620201980489755515e+05 3.805035779560730589e+04 3.870274334562862350e+04 6.435727917886351934e+05 9.015276567838649498e+04
6.588761118861105933e+04 1.777329088146438880e+05 4.086645985990532790e+04 6.227609326156417956e+04 8.635257971569520887e+05 1.126503208173640305e+05
8.090580384066884108e+03 7.764634061242992175e+04 1.742423360065715087e+03 4.922387568850124808e+03 2.668272610451465589e+05 2.476496135923950715e+04
2.711036507683749005e+04 2.076999253539573692e+04 1.673636856840503970e+04 4.657111152766326268e+04 6.943337893034730805e+05 7.600162498814715946e+04
7.533635461089205637e+04 2.292301354056211712e+05 3.062160633593698003e+04 8.379633394702139776e+04 9.966254047362690326e+05 1.294649112211633619e+05
6.346382911240337853e+04 2.372697209194204770e+05 3.260409528877469711e+04 5.701849474542923417e+04 7.041453534666706109e+05 9.893667838093689352e+04
2.731402441285470195e+04 5.799694761406438920e+04 2.044441678057348327e+04 2.315327219558394427e+04 6.124390478202507365e+05 6.334442827943981683e+04
1.111255067686041548e+04 6.561895352625510714e+04 1.115105423895261993e+03 1.724448590514100943e+04 4.612133654256481677e+05 4.254569624488774571e+04
2.163653793187696920e+03 5.238368246254576661e+02 1.413440166884637847e+03 5.005999721827352005e+03 1.639257624235150579e+05 1.392443823235626951e+04
5.823183275113783566e+03 8.349722124266001629e+03 3.492706731410602970e+03 7.254702710164438940e+03 2.903150915782941156e+05 2.472566115826542227e+04
2.135104221264070293e+04 1.344741209542495781e+05 1.456186028316779993e+04 1.429077612787370708e+04 5.902803346071889391e+05 5.909415906931289646e+04
2.664001718374162374e+04 7.684110197390431131e+04 1.071548032837010942e+04 3.080583207268116894e+04 4.969607949956560624e+05 5.577602980001742253e+04
6.005642568068611581e+04 1.480588129546807904e+05 6.814514651308878092e+04 2.222893780672348294e+04 8.712136259433437372e+05 1.053501287909529638e+05
3.092490341357937359e+04 8.719512948712773505e+04 2.819589183615089132e+04 1.843924548224061436e+04 5.755225695263958769e+05 6.351586965887861152e+04
1.739479220115295175e+04 2.367485866783400343e+04 9.223210603584548153e+03 2.273789011517369363e+04 4.849267753365387907e+05 4.804490402621676185e+04
1.894462023707204789e+05 6.415862805686485954e+05 1.297668731559386069e+05 1.534471973914072150e+05 1.210616744824157562e+06 2.384929384888114582e+05
1.666151672494509330e+04 6.748551087625163200e+04 1.073394191438555754e+04 1.808162344191037846e+04 4.129362019522826304e+05 4.391601114675520512e+04
3.220404123172165782e+03 4.325430507141049020e+03 1.546882635954350690e+03 1.248101361757390987e+04 3.230471087377665681e+05 2.825255042665126894e+04
2.369794326048744915e+04 2.481720062480773777e+04 1.313669906955358238e+04 5.384110828074377787e+04 6.817664495769799687e+05 7.709218427527481981e+04
8.387944087445672267e+03 3.075898596860054386e+04 8.018668830029929268e+03 1.423765149647129329e+04 3.158339173331759521e+05 3.265932514748838366e+04
2.494479202652546519e+04 1.168299631988320471e+05 7.142503534370368470e+03 3.524976123940006073e+04 7.739796226693107747e+05 7.685574390235537430e+04
1.704596197348653004e+04 6.833822589159772906e+04 9.964434964930211208e+03 1.339631613200193715e+04 3.672397156507160398e+05 3.843432779345385643e+04
1.291412439075010479e+04 6.720308036844238814e+04 7.213618183110510472e+03 1.003702762365020135e+04 4.081911854225168936e+05 3.842769826671376359e+04
7.185013593294293059e+03 2.605548963724527130e+04 2.971263614044318729e+03 2.367516759317481774e+04 3.560880031633195467e+05 3.722573728062066220e+04
5.424449696527572087e+03 2.336424336460473205e+04 2.323055741018945810e+03 9.830809177215407544e+03 3.365878012235970236e+05 2.924139613690480110e+04
7.976011253035285335e+04 2.054391724585058691e+05 4.626024829324051098e+04 8.266623050648065691e+04 9.952232790899203392e+05 1.344241878950285318e+05
7.971270155146023899e+04 8.172867304349155165e+04 6.030234815132343647e+04 8.133565307664923603e+04 1.453141895226796158e+06 1.645550803116977622e+05
1.828407019313998753e+05 3.219563265819248045e+05 1.249016149714960775e+05 1.717638631457116571e+05 2.272321136600798927e+06 3.002751854167393758e+05
2.995256440772481437e+04 9.769859311417643039e+04 2.361814050088662043e+04 2.302335742275809025e+04 6.311625428691916168e+05 6.787727882462275738e+04
3.971472324134024529e+04 1.036807880215124460e+05 1.373276326788096958e+04 5.536072990835982637e+04 7.619623158273273148e+05 8.733176127881045977e+04
5.398065060002150858e+04 2.009987274671950436e+05 3.545252525746040192e+04 4.206060820946843160e+04 5.854444996770323487e+05 8.362271589643410698e+04
1.205185653069146611e+04 4.201997266114720696e+04 4.101223592380154514e+03 1.864245087797067754e+04 5.479025246609912720e+05 4.912829356850511249e+04
3.151884776091702224e+04 1.259775014344593656e+05 9.241567168840720115e+03 4.659978557462636672e+04 1.034259809234157903e+06 1.008517980088250042e+05
5.617495018900511059e+04 2.024696289372213068e+05 4.755030147923663026e+04 3.033343724823211960e+04 4.388607981519759633e+05 7.374865882670292922e+04
2.232413744581440915e+04 8.917979074337230122e+04 1.932040448013012792e+04 1.035628474573586573e+04 2.990559131928440765e+05 3.753795038735109847e+04
1.820795468191936743e+04 4.800106563148327405e+04 2.026080972489789201e+04 9.196595542595983716e+03 4.071686608190299012e+05 4.265338040920492494e+04
7.741615984547480184e+04 2.901550046416219557e+05 4.696550345999250567e+04 6.293438765060615697e+04 7.167732388241589069e+05 1.112684174571533367e+05
2.444238954609388020e+04 6.001925063450183370e+04 1.372736890485058029e+04 2.814027868310310441e+04 6.941029252734758193e+05 6.829657906493004702e+04
4.892779768637791858e+04 2.178531904880716756e+05 3.981514818159993592e+04 2.260161971736595660e+04 5.352956135734556010e+05 7.416517057097617362e+04
3.787985481196618639e+04 1.299911697221713257e+04 1.473999770939431983e+04 5.406287557473300694e+04 6.880386362542582210e+05 7.772082291719065688e+04
1.276310488861488557e+04 8.144305820357512857e+04 9.488650103445095738e+03 5.889085858195644505e+03 3.266522259983391268e+05 3.275300119653480579e+04
5.970518117135977263e+03 1.000511674039027412e+03 3.179193601426498390e+03 9.846333010485896011e+03 2.303820921182492457e+05 2.136775459815428258e+04
6.903959581973047170e+04 2.150187367366146354e+05 3.732231956215821265e+04 6.400522217607081257e+04 7.310179941699156770e+05 1.048365607519959158e+05
2.578212314964231045e+05 1.193394532592449803e+06 1.388732348711330851e+05 2.108743802338989917e+05 2.313954023041633889e+06 3.698952136864318163e+05
4.617192417964684864e+04 1.402614970432881382e+05 2.720147058090238352e+04 4.170244492025280488e+04 8.658122168746796669e+05 9.575648478280288691e+04
5.800047855398971478e+03 5.581101443840660068e+03 2.327962632710238267e+03 1.379382797548905728e+04 3.911278070977370371e+05 3.382409555821535469e+04
1.357319259960607997e+04 5.734248365503374225e+04 1.083438692460283710e+04 1.172956907359896650e+04 4.974699448245256790e+05 4.627092631530012295e+04
4.874045650339095118e+03 1.457112748139748510e+04 2.553659191487471617e+03 7.637807704205023583e+03 2.716422961257053539e+05 2.354594613667285012e+04
2.659394700861000092e+04 6.889572642428404652e+04 1.986784537767981237e+04 2.345510636467324002e+04 5.123110275778319919e+05 5.703697567981045722e+04
7.983349680048915616e+04 1.492576605539758748e+05 3.453957274214111385e+04 1.203706135961503751e+05 1.637763990074936068e+06 1.868585016750222421e+05
3.112994965235265772e+04 7.093157394753980043e+03 1.005150261567735834e+04 5.313979182617947663e+04 6.995133903573979624e+05 7.576188825576237286e+04
7.829543288613345067e+04 2.930239750584142166e+05 4.754486690191101661e+04 6.454740501069329912e+04 8.199859136049959343e+05 1.193315278254400764e+05
4.191573987639349070e+03 1.131182287338227297e+03 1.132471347130208869e+03 1.600739801917243858e+04 4.048673871956639341e+05 3.501364982971306017e+04
3.971406566451019899e+04 1.116604552207150700e+05 2.177960709610603953e+04 3.960245375546751166e+04 5.849173471390852937e+05 7.216179773226211546e+04
5.615635813737101125e+04 1.225966946555083705e+05 2.517435306407701864e+04 6.275325101886865014e+04 7.013751609502410283e+05 9.246757375384206534e+04
2.681095932066380919e+04 3.486980974093574332e+04 1.292909371788587669e+04 3.297928676499002177e+04 5.224046159869483672e+05 5.734802578589216864e+04
5.217020272622352786e+04 1.660921733233513078e+05 5.116470809066073707e+04 2.478936958871219394e+04 6.822303786140138982e+05 8.736911338483620784e+04
1.274180415184975027e+04 1.447296212885798013e+03 7.071812668628812389e+03 2.311825321855524817e+04 4.747733724051449681e+05 4.550690876380397094e+04
4.079293028034613235e+04 1.034991719735439547e+05 2.997719929575214701e+04 3.402190867376107781e+04 6.078281071978559485e+05 7.430943871552370547e+04
1.425989791445081391e+04 1.461905049395569449e+03 6.017173300611334525e+03 3.825866829761550616e+04 8.056540221054968424e+05 7.415413618784883874e+04
8.695534421802472934e+03 5.771717870858222341e+03 4.858617936740477489e+03 2.321712419306314041e+04 4.538455546759651625e+05 4.340388287380740076e+04
4.272643945184959739e+04 1.355323560373398068e+05 2.057569601690216950e+04 4.510612709777010605e+04 6.386649375936220167e+05 7.892751049309397058e+04
2.517504573336255635e+04 7.367278962800152658e+04 8.559891603360230874e+03 3.185208969625529426e+04 6.015831921423951862e+05 6.220000549922794016e+04
6.134185164434670151e+04 2.216436146634232500e+04 2.960456866234561312e+04 8.637956652533520537e+04 9.278019109342908487e+05 1.153215939420330687e+05
1.695937336313675332e+05 5.539426182967906352e+05 9.386037571312810178e+04 1.681417981699105585e+05 1.578119538684007246e+06 2.500410334433290700e+05
1.419933772588312604e+04 2.543681552490444119e+03 4.837027445582971268e+03 2.241716188930134012e+04 3.815081686765818740e+05 3.800776569520877820e+04
3.643304443312104468e+03 1.390329063180169396e+04 3.361795974661175023e+03 2.513001634742033730e+03 1.650225799549516814e+05 1.437273100134683409e+04
3.646117732373158651e+04 5.787779299409637315e+04 4.667250382581935810e+03 7.179632372883206699e+04 9.904328041803409578e+05 1.039565302514003997e+05
9.030145229135481350e+04 2.722599445933792158e+05 5.152389805963132676e+04 9.086754391983484675e+04 9.688491359081359114e+05 1.419336056220257597e+05
1.016952074225510478e+04 1.989298573835998832e+04 4.682640482186650843e+03 2.209926446049344304e+04 4.659277426112463581e+05 4.433379316550178919e+04
2.105684786383859682e+04 3.933012108953203278e+04 1.206560113149665995e+04 2.443826446810574271e+04 5.252619722202373669e+05 5.352652178916903358e+04
3.606897491255810746e+04 1.511866706172228733e+05 9.381612842374990578e+03 4.956128998393908114e+04 8.814852741144441534e+05 9.322290713999864238e+04
1.097922575949006568e+05 5.092778250783844851e+05 6.458236531565783662e+04 8.195908459385333117e+04 1.112436426040932769e+06 1.649180080344291637e+05
1.016104228321910523e+04 6.143942427763628075e+03 4.614788540265037227e+03 2.996801675040308328e+04 5.338917396475861315e+05 5.175370274622386933e+04
9.190060708883112966e+03 6.813488246971099579e+04 1.445388707527829638e+03 1.049183825704823357e+04 3.447243632601894788e+05 3.192410534342682149e+04
3.642574702515311947e+04 1.065854230549297499e+05 3.529351277474750532e+04 1.779845761237021361e+04 4.634745904428994399e+05 5.970876722442050232e+04
8.609692627821506176e+04 2.681156184759228490e+05 5.678032988484916859e+04 7.280263500586328155e+04 8.908463094036406837e+05 1.305794525476967974e+05
1.648724274106209350e+03 1.688356968687176277e+03 1.417256448345419585e+03 5.669264054491092793e+03 2.836275726893330575e+05 2.233470620515524934e+04
2.063228684958536178e+04 9.179363317179694423e+04 1.331746712860836305e+04 1.536387950267530323e+04 4.104627770685476135e+05 4.483701873009064002e+04
3.927562416270205722e+04 5.743395976350355340e+04 1.189421262734600896e+04 6.002535695503190072e+04 8.526001036130682332e+05 9.245679826677805977e+04
2.316266667042059998e+04 6.035431356978180702e+04 1.287120483840108136e+04 2.474483864510230342e+04 6.245062361537154065e+05 6.172766890725569101e+04
9.407131526037073854e+03 3.154739547079596377e+04 8.821693774004188526e+03 4.372963887698146209e+03 2.035464199544625881e+05 2.103144036245050302e+04
1.060971274025117418e+04 2.390729141299250114e+04 5.692195875896112739e+03 1.949450051296394668e+04 4.181586317472950323e+05 4.057683039343051496e+04
2.003128123981815952e+04 2.831385206293818192e+04 1.265364439195457453e+04 2.353029194760931932e+04 5.849742140497217188e+05 5.684067281248129439e+04
2.213867754583022543e+04 3.718951624884515240e+03 1.416801800321017072e+04 2.718178479856392369e+04 4.205365066962413839e+05 4.686787184332404286e+04
3.824638984718721622e+04 1.634779752472580003e+05 2.885273261570211253e+04 2.188020463661659596e+04 4.540396455116972793e+05 6.095793710542830377e+04
6.137581308381483541e+04 1.257037114236009220e+05 3.966512953493522946e+04 6.019957763340872043e+04 6.568666438011360588e+05 9.471968476447431021e+04
1.335142755575440424e+04 7.084321076880795590e+04 4.717095530490301826e+03 1.145625537132099817e+04 3.434585749595480156e+05 3.381943212267435592e+04
5.644858883088854782e+03 4.105824540779568451e+03 4.102492589643791689e+03 7.915487589745501282e+03 2.651668640723268036e+05 2.338591347207976287e+04
1.121438515109702857e+05 2.323463942993258242e+05 7.112844253647462756e+04 1.137715258159512741e+05 1.406172080472124508e+06 1.881811944039003283e+05
4.526475903362360987e+04 3.048951256419679339e+04 2.498180359717321335e+04 7.348461003829825495e+04 1.025481130442018388e+06 1.144796273714258277e+05
1.388960543361621058e+04 8.354466663920736755e+04 2.236590762530260690e+03 2.387623772918899704e+04 5.963183230220502010e+05 5.600184451007843018e+04
3.551022462364334933e+04 1.298354663390755450e+05 1.445405836073925093e+04 3.549410294551681727e+04 6.223568376053929096e+05 7.056345314136079105e+04
1.705823413926021603e+05 7.412999502577616367e+05 1.062481807992574177e+05 1.210376945144686033e+05 1.427085089130622568e+06 2.331919394441480108e+05
1.546535839660185047e+04 2.571039442584189965e+04 8.267495246712385779e+03 2.398047932654637407e+04 5.213023417500976939e+05 5.074209556050449464e+04
1.260531262709965995e+04 5.498209437233257631e+04 9.280638472281043505e+03 6.989033298192975963e+03 3.038725950255895150e+05 3.031948519071876217e+04
6.294577662629273982e+04 2.478891121647624532e+05 6.318146998567726405e+04 2.129203693499198926e+04 9.086017082423182437e+05 1.102402161637325335e+05
1.410416840184457542e+05 6.366088769741577562e+05 6.941853835002267442e+04 1.326386321257073432e+05 1.946314458570394432e+06 2.523048755523664586e+05
2.394565910497668301e+04 8.844097230292225140e+04 1.343442300241582780e+04 2.387213159791792350e+04 6.162053931352229556e+05 6.240702982497541961e+04
6.945861869201518857e+03 4.453689337173447711e+03 3.394718564711477029e+03 1.639999125454754903e+04 4.623781046628459590e+05 4.019891266161079693e+04
2.578491560302548169e+04 9.048388220918957086e+04 1.364201984655836532e+04 2.286851470069119387e+04 5.696965775823720032e+05 5.901560547531896009e+04
1.564289347780862272e+03 1.300668693975047290e+03 1.663479696419984748e+03 5.773660729415970309e+03 1.856179042398934253e+05 1.587678611807286507e+04
2.534955930917583464e+04 7.665038894834554230e+04 1.653962046237946197e+04 1.942924921196930154e+04 4.193163597813471570e+05 4.791065666218964179e+04
3.915182852024156455e+04 1.025549971076249312e+04 2.437385757648883373e+04 5.619614782325375563e+04 1.047251643978307839e+06 1.068632520967090531e+05
9.083760394917878148e+04 4.718250680410504574e+05 5.132125971785560250e+04 5.793601375093242677e+04 8.696523141136968043e+05 1.301560876002341101e+05
3.776885325261329854e+04 9.112732526454993058e+04 2.251631577994816325e+04 5.478423000786412013e+04 9.197871817897885339e+05 1.008517257329026470e+05
2.608918013016804980e+04 1.247730038084055850e+05 1.410443247722964225e+04 1.882154241204046411e+04 3.939585366954061901e+05 4.726125071490849223e+04
2.106380594303285397e+04 7.173122105840062432e+04 1.185901381139701516e+04 1.702175182571515688e+04 3.580150966123586986e+05 4.043782858920299623e+04
4.078483781903220006e+03 7.678433286339515689e+03 2.076108725943225181e+03 1.401397932537408451e+04 3.562355280125649297e+05 3.157199268917568770e+04
9.454218115695968663e+03 8.517819852840813110e+04 1.761246278261215139e+03 1.641694542621682922e+04 5.247061831895356299e+05 4.768817194955846935e+04
3.613002859310404892e+04 1.125547782757514324e+04 1.617004312649077110e+04 4.894725410737343918e+04 5.747205947668451117e+05 6.831610769879023428e+04
5.430588942913659412e+04 1.251393863222818982e+04 1.211226586543050689e+04 1.121851733943926956e+05 1.371971921267902711e+06 1.488470660038082278e+05
5.624053683358803937e+03 2.846997515810563073e+03 8.541199224623855116e+03 2.557068334485832565e+03 2.277705685591841175e+05 2.029884743988117771e+04
9.204164021033328027e+03 2.142594793342838329e+03 3.598800796671976968e+03 1.855943191385444516e+04 3.747168675714121200e+05 3.525296002415110706e+04
4.880445721041698562e+04 3.072411050621083123e+05 2.415420687414984423e+04 2.922440078864261159e+04 6.295305786440413212e+05 8.116908604460525385e+04
1.170973425432608783e+05 4.262252597331810393e+05 7.675899969718194916e+04 9.099281982686810079e+04 9.123475217137974687e+05 1.566854099520733580e+05
4.157590790807054873e+04 1.118498687484593684e+05 2.374721774142867071e+04 4.248237257274040894e+04 3.983500224274645443e+05 6.177318612926722562e+04
1.789689187549180133e+04 4.029590315870368795e+04 1.382619552985800510e+04 1.458656865079078671e+04 4.163417947815973894e+05 4.255256491228730738e+04
4.020416916827501609e+03 8.938669040146565749e+03 3.409242802416829818e+03 1.291124629922340500e+04 3.062172292407008936e+05 2.834618493978982951e+04
2.152181699611740987e+04 1.728437344763094734e+04 1.032027814664315702e+04 5.516429813937361178e+04 8.756749878649015445e+05 8.914593757781319437e+04
5.516712860493899825e+03 5.900541709042817047e+02 3.471770875877742128e+03 1.373880158555070011e+04 3.401390942550436594e+05 3.061589538194623310e+04
7.033022142207669094e+04 1.096384549504375173e+05 5.504848664444800670e+04 6.411247767153621680e+04 1.033646242126609664e+06 1.276678282598607911e+05
2.735228735084631262e+04 7.073920896507201542e+04 1.704891037726943978e+04 2.691516141103031623e+04 4.678602478636449086e+05 5.448781503914163477e+04
1.638255962810912570e+04 6.838758818900471670e+04 4.417976211695669008e+03 2.170856980634743013e+04 4.976533603710419266e+05 4.857600820692595153e+04
1.153098306234084339e+04 1.801396849088449017e+04 5.275869296636350555e+03 1.954971857844234910e+04 5.751635531027121469e+05 5.069085937812936027e+04
1.147944755403782619e+04 1.716686860364399035e+04 5.721733346700482798e+03 1.849037691808356976e+04 4.554392560336209717e+05 4.230953306580893695e+04
8.327020801355211006e+04 4.115635410548627260e+05 6.454555234675242536e+04 4.296013577591651847e+04 7.266277485789734637e+05 1.164840064066080085e+05
1.745605290792553933e+04 6.754958928059006575e+04 8.738397509155851367e+03 1.546122372435037869e+04 4.550176958987425896e+05 4.470441439913044451e+04
3.358927342917732403e+03 5.936947068835203936e+03 8.139097997389183092e+02 9.702406246017731974e+03 2.802521623729935964e+05 2.388149057758962590e+04
1.449549489659682149e+04 7.476091841076657829e+02 9.172189729912239272e+03 2.915113494424776582e+04 6.254425598653650377e+05 5.923965244362589874e+04
4.482504120373640944e+03 1.834196317908890342e+04 2.722797405843240085e+03 1.186536911766689445e+04 3.961318030588685651e+05 3.409015654585805169e+04
2.377691051981313285e+04 5.190419466145537444e+04 1.998152453825343400e+04 1.642277436761396166e+04 2.793433337362982566e+05 3.739616074173316156e+04
3.128419756598643653e+04 3.976607578594562824e+02 1.940096646414417410e+04 4.269636563640130771e+04 8.629058631070767296e+05 8.572842611048617982e+04
5.778004931058781949e+03 2.261444333621973419e+04 1.752486398413090683e+03 9.511621001859239186e+03 3.882471756959368358e+05 3.228859488440233690e+04
6.810786495904985350e+04 2.857533400163115002e+05 3.106529420922966892e+04 6.645428678199717251e+04 1.000778833999522147e+06 1.248900589443170466e+05
1.308048357906484744e+05 4.952917422088303138e+05 8.386169398580820416e+04 1.046709767714565241e+05 9.781765942083448172e+05 1.737768007758890744e+05
2.268759727082022891e+03 1.626458926969559343e+03 3.186104960940267574e+03 1.785833935549213948e+03 1.653215291381402349e+05 1.338092860800660128e+04
1.465652981007754170e+04 1.167675726357361555e+03 8.491162044511322165e+03 2.220826616236314658e+04 4.631873543765083887e+05 4.491418342888557527e+04
5.334258280438446673e+04 2.222887568793473474e+05 2.617343314701004056e+04 4.924169295660250646e+04 7.489268192057388369e+05 9.491882069646872696e+04
2.750550405665981816e+04 1.169320135142545951e+03 7.863424740457016924e+03 6.584819391245410952e+04 9.382004951183726080e+05 9.632610479174624197e+04
1.112249221111607185e+05 6.544706162135474151e+05 5.355183504994395480e+04 8.047511544531219988e+04 1.149544423643275397e+06 1.691707227630095731e+05
6.759703552161775588e+04 1.823030543613563932e+05 3.881291738468515541e+04 6.684547892785875592e+04 6.569269881223709090e+05 1.001616139607145742e+05
1.903793126704303359e+04 6.068735315504825121e+04 1.267479742019298283e+04 1.385287236193615536e+04 3.272063363633970730e+05 3.673803925922774943e+04
2.181386458899472927e+03 5.031888108981788719e+03 5.043326838074002012e+02 6.076283503699202811e+03 2.762405841135059600e+05 2.179377121237380561e+04
5.456456731590090203e+04 8.995771071698640299e+04 1.459632188410897652e+04 9.445679460366517014e+04 1.169541770144844428e+06 1.321173469494996243e+05
4.761151219368172315e+04 1.713541517255719809e+05 1.874983494090313616e+04 5.132211703621321794e+04 7.738932057464028476e+05 9.181874910955214000e+04
2.351527393236073840e+04 1.182053967560425226e+05 1.840782730275345602e+04 1.030331937315133109e+04 3.173876813980838051e+05 3.978954199329476978e+04
8.742690419565135016e+03 7.035272668929102656e+04 2.926071300754565073e+03 1.049675423237065297e+04 3.428443605355690233e+05 3.254790097056402738e+04
9.848389263875420738e+02 4.480673464421455719e+03 5.366699158499772011e+02 2.704544352510140925e+03 1.655545557844418217e+05 1.281109977026421620e+04
2.543513185840424285e+03 1.801676116750897108e+03 1.090002017543835564e+03 1.021698436935858081e+04 3.336942304475494893e+05 2.762310523260758782e+04
3.158471694611997009e+04 1.109086798353018094e+04 1.932318991783732054e+04 4.114328147624641133e+04 6.725885356382011669e+05 7.272096705758215103e+04
5.912512869559149840e+04 1.767755185595024377e+05 2.465051190673083329e+04 7.354437659900481231e+04 1.223662528115512803e+06 1.349304881583362876e+05
8.713446439334297611e+04 1.287068034651112830e+05 3.631307585577724967e+04 1.157576165397984150e+05 1.179051665419285651e+06 1.536676176334072952e+05
2.809220130897677154e+04 1.085879979435799032e+05 1.398468379773139532e+04 2.409367869549402894e+04 6.641842543473124970e+05 6.696816958806925686e+04
8.415925245926024218e+03 7.514411533300190968e+03 1.098291381065520000e+04 5.663818000683294485e+03 3.397243675371746649e+05 3.051712737580963949e+04
6.645654237351090160e+03 3.335546217207433074e+04 3.965488311516589420e+03 4.246529003675498643e+03 1.734390876847410400e+05 1.694527358169340368e+04
1.584829159759586582e+04 3.234134254621628861e+04 6.352422757124670170e+03 2.583317188649259333e+04 5.394683321503708139e+05 5.230417678703736601e+04
7.584499574160086922e+04 9.742349426527858304e+04 7.404451869081381301e+04 5.606572461348949582e+04 1.018836610111915274e+06 1.306177333223496680e+05
1.051768722924373433e+05 1.976430144533691928e+05 1.017099500714877213e+05 7.130052892978453019e+04 1.204528053024981637e+06 1.668803942636946740e+05
7.205941903937078314e+04 2.437382586660604284e+05 4.311821323409124307e+04 6.268076910262084857e+04 7.569356790734684328e+05 1.099002099093365396e+05
3.791551025152019429e+04 2.042435629034473459e+04 3.330220815525504440e+04 3.700881318617374927e+04 8.312195181925768266e+05 8.800877204751069075e+04
1.096043932477138587e+05 5.741281207612084690e+05 7.335737747861488606e+04 6.201321357331244508e+04 1.004420517952419119e+06 1.556247510355391714e+05
5.163985403294226126e+04 2.097958283947269665e+05 3.114959516537814125e+04 3.760527349687130481e+04 4.164961333602570812e+05 6.882497042169175984e+04
4.133327970808448299e+04 1.721548124444234127e+05 2.981929874555408969e+04 2.310966006390194161e+04 4.722620977636041935e+05 6.358544324829347170e+04
6.180826087746551639e+04 2.365413406335817708e+05 4.511370708563571679e+04 3.721879173125966918e+04 6.313194401564045111e+05 9.044200658515568648e+04
5.693349775058723935e+03 2.248104194791590271e+04 8.487334986619282517e+02 1.627118430633167918e+04 4.000234890130218118e+05 3.574103470420810481e+04
4.754782359281912068e+04 1.108312547171385086e+05 2.346970137189196248e+04 5.699239788492377556e+04 1.015300020004351973e+06 1.096601587544115609e+05
2.975950188648961557e+04 7.843089498398533033e+04 8.486032365060722441e+03 4.795801868729054695e+04 7.785014767548001837e+05 8.158584654412948294e+04
5.202853208134611486e+04 5.722402612975222291e+04 2.990144804976801606e+04 5.698309812486435840e+04 7.768744351143235108e+05 9.374012255424121395e+04
3.513941329546081834e+05 1.039034318479675450e+06 1.905794892940866412e+05 3.753438001004620455e+05 3.458876895887613762e+06 5.359259165694969706e+05
4.484262464039822953e+04 2.530519749356424145e+05 3.191807118372069817e+04 2.297389792960250998e+04 5.999569736440088600e+05 7.701964640096416406e+04
9.015269942372402875e+04 2.914697919189321110e+05 6.055876254473029257e+04 7.399450787399658293e+04 7.972690868213487556e+05 1.276086336200892692e+05
3.563943260758379620e+04 7.842224765521581867e+04 1.534535295377693365e+04 4.499721797211952071e+04 6.331929785004637670e+05 7.343015280979618547e+04
1.353520857120193832e+05 3.593435350737718982e+05 7.128280263724339602e+04 1.447772064987443737e+05 1.347436113151258556e+06 2.046002335214182094e+05
4.432862784372910937e+03 4.535353953402742263e+03 3.366557277054205315e+03 8.817916039304955120e+03 2.378162554851996538e+05 2.165838519417749194e+04
8.045806452813508258e+03 4.371890460303148575e+04 1.719241674571663907e+03 8.475730217763435576e+03 3.147166184694971889e+05 2.790429413610378469e+04
3.134888684742207624e+04 1.580555392803161340e+04 2.532417712115584800e+04 5.681937362812804349e+04 7.432357275660013547e+05 8.738131937737691624e+04
3.297485294837581750e+04 1.013447248222446215e+05 9.209395140219532550e+03 3.932430482084352843e+04 6.206190808923981385e+05 6.850813984386125230e+04
2.297202913315908154e+04 1.135804511417545655e+03 1.121143195628600370e+04 3.482942815044581221e+04 5.499175288510607788e+05 5.762579225373168447e+04
8.916534789154234750e+04 2.840442866557446541e+05 6.098273712641114253e+04 6.791101635782889207e+04 6.642672404344041133e+05 1.157275440136494290e+05
5.977243754463561345e+04 1.631755891865343729e+05 2.117632921395713856e+04 7.393411648816590605e+04 1.031518824386378983e+06 1.200127332904579525e+05
1.029629648680565879e+05 4.729906430362489773e+05 6.935172298849765502e+04 6.733064112112463044e+04 7.368979015080559766e+05 1.333055002269870602e+05
1.068617383548963699e+05 2.485101104256360850e+05 5.237619221018217650e+04 1.295479330728715868e+05 1.715994610935474280e+06 2.088694015627129993e+05
2.022916752534202897e+04 1.571623826298303720e+04 3.914358761582186617e+03 5.188059776423900621e+04 8.395750884268046357e+05 8.239396405524370493e+04
2.877316249902160489e+05 1.352127993709662464e+06 1.902238868742673658e+05 1.902501753425796633e+05 1.865574185244858032e+06 3.604007833220675238e+05
3.341324196962975111e+04 5.432448205302775023e+03 1.507760538299827931e+04 4.735079275986496214e+04 5.562333977302676067e+05 6.559176288798512542e+04
3.417930732909460494e+04 1.304927235064719571e+04 1.766434829893056667e+04 5.045927887178643869e+04 7.937161797175385291e+05 8.446228830694708449e+04
3.583523345341931417e+04 3.386793300130124408e+04 1.740903219523181906e+04 4.691226543487022718e+04 5.898370858840225264e+05 7.006543940115088481e+04
9.800474790634110104e+04 3.331441376597202034e+05 6.584791941787263204e+04 7.541497878492559539e+04 9.606675318718246417e+05 1.435828453099537292e+05
1.400274413054436154e+05 4.569313429367906065e+05 1.095834523785800120e+05 9.480975226130439842e+04 1.153991928770760307e+06 1.903334821226471977e+05
4.109776182819845417e+03 1.727689139206462642e+04 6.827785135607034590e+02 1.012358633584352356e+04 3.696888799193139421e+05 3.059189834358120061e+04
4.291914217447138071e+04 2.169633853430113813e+05 1.493843752387817403e+04 4.095033364049882948e+04 8.479393435730421916e+05 9.272245248243267997e+04
1.634459157723995304e+04 9.931481789715791820e+03 1.509248321715435122e+04 1.247319233285213340e+04 4.014097361162696034e+05 3.963629766355436004e+04
1.461184927904935321e+05 5.251092349323155358e+05 8.089727468410624715e+04 1.321010367616239528e+05 1.285749743373092730e+06 2.070646800676965795e+05
2.212856102443028431e+04 6.165648930097745506e+03 2.770799655186815289e+04 1.804582594835675627e+04 7.100369704860609490e+05 6.816634609703549359e+04
1.433242003456872044e+04 1.713053170600314479e+04 1.223134615938846946e+04 1.175989440990299772e+04 3.365614189906646498e+05 3.407484285784641543e+04
3.134836997491818693e+04 2.244869216723290810e+04 1.806258369002981999e+04 4.550910568895540928e+04 7.333803573365294142e+05 7.880241926873156626e+04
3.400835843471591215e+04 1.687976516893239386e+04 1.410074255605933104e+04 5.452991523328456969e+04 6.846711717799839098e+05 7.762192623439981253e+04
1.506027745548980602e+05 4.940498084193871473e+05 1.086481314242732915e+05 1.141567749362564937e+05 1.190134923019864829e+06 2.029459707637627725e+05
1.141399419719297293e+04 4.179174884269874019e+04 7.817592192200296267e+03 1.021251230932223552e+04 3.205956379459394375e+05 3.161862555154914662e+04
8.158033459987062088e+04 5.510557253664486343e+05 4.470100627479897958e+04 4.290558910002368066e+04 1.026371163057186292e+06 1.349662236546214554e+05
9.655794353904762829e+03 3.623793011756281339e+04 4.413258033780537517e+03 9.380211580740642603e+03 2.572078094209429692e+05 2.523651842279260381e+04
3.095828474390650445e+04 8.384102565563759708e+04 1.327121918740432557e+04 3.453633224721148872e+04 6.387704007721048547e+05 6.844899666299208184e+04
7.733100103509948531e+04 4.190965415347896633e+05 5.088145333246442897e+04 3.970352598254843178e+04 7.673270339144048048e+05 1.122311235990664863e+05
9.378238260776165589e+02 1.116096984986191728e+03 9.270689296152487486e+02 8.096566651380292569e+03 2.008553631802083401e+05 1.762544463247718159e+04
2.876798606614083110e+04 1.521612462250025601e+04 1.299422548476070187e+04 5.525758576281647402e+04 7.858875955037223175e+05 8.419943565034473431e+04
1.035065711691390425e+04 1.553723211309242288e+03 5.767002806541125210e+03 1.744015731015972051e+04 3.422398873822906753e+05 3.346800057280327019e+04
1.760386786778725582e+04 6.997534966088198416e+04 1.549063039955532986e+04 2.203212052866939848e+04 4.346581389752105461e+05 4.933708331445995282e+04
5.163540508295009204e+03 3.899796343676497781e+04 1.111661493016745453e+03 4.081053465872064862e+03 2.276913659475779568e+05 1.956833799859470309e+04
1.704547522940744602e+04 2.192457441113083405e+04 2.569109860084584398e+03 3.175917330097064041e+04 5.752568431515120901e+05 5.524467135785888240e+04
1.226153112596479623e+05 2.628294799571887124e+05 7.710397627929052396e+04 1.458682621183719311e+05 1.508481690876195440e+06 2.136601337820657645e+05
1.171617874855685841e+04 2.775228686779806139e+03 3.917750559149241781e+03 2.468407699336994847e+04 4.569717868120051571e+05 4.372364815613792598e+04
2.318522682686789994e+04 6.703804482092423132e+04 1.436855968785463119e+04 2.269508432310754142e+04 4.447762203403079184e+05 4.968838080276749679e+04
4.219681805026384973e+04 3.294737917834117980e+04 2.095134048554328911e+04 7.415163168207388662e+04 9.118291799322232837e+05 1.055211838615910383e+05
