1.0000000000e+00 0.0000000000e+00 1.8914006341e+03 3.9629734931e+03 9.2226094481e+02 1.1767565735e+04 2.8378031130e+05 2.5001675935e+04 1.7696738981e-01 5.4151888333e+01 1.6041694518e+01 -8.0241484903e+01 3.9681409963e+02 -1.0751118570e-13 1.2538833567e+02
1.0000000000e+00 0.0000000000e+00 4.3756051949e+03 4.1315913625e+03 7.7320732539e+02 8.0462666728e+03 2.4942228963e+05 2.0952146214e+04 -1.4565624941e+01 6.0300117556e+01 2.3093754375e+01 -7.8881235896e+01 3.3794838952e+02 -1.1319347684e-13 1.5995404812e+02
1.0000000000e+00 0.0000000000e+00 4.3480695626e+04 1.0837572816e+05 3.1165230581e+04 3.5647306631e+04 4.6979766637e+05 6.6513941311e+04 -6.2424897637e+01 3.2875654863e+02 -7.5685825452e+00 -1.1711957301e+02 5.9408675920e+02 -1.3956934315e-13 3.7794308366e+02
1.0000000000e+00 0.0000000000e+00 5.5476492997e+03 5.2509243235e+03 2.2584727678e+03 1.0350705470e+04 2.0909190780e+05 1.9977221792e+04 -1.0093673000e+01 -6.7327040372e+01 4.3429612141e+01 -8.4571727627e+01 3.3974185646e+02 -9.4167670299e-14 -6.0804901882e+01
1.0000000000e+00 0.0000000000e+00 9.2995413858e+03 1.1401881540e+04 6.3944765734e+03 1.3962839956e+04 4.5559473028e+05 4.0277516644e+04 -2.4221846048e+01 7.9293653044e+01 1.8680862855e+01 -1.0564591518e+02 5.3219925054e+02 -1.2417190533e-13 1.6363675084e+01
1.0000000000e+00 0.0000000000e+00 1.8577728783e+05 5.5207612741e+05 1.1831185319e+05 1.7380898173e+05 1.3242460035e+06 2.4597653475e+05 -1.3413498259e+02 7.4229317652e+02 -2.4716132179e+01 -2.1872803792e+02 1.0829282294e+03 -1.9612274303e-13 8.3995021977e+02
1.0000000000e+00 0.0000000000e+00 8.8914573300e+03 7.1763614827e+04 3.9079020978e+03 1.9856096833e+04 4.6936052308e+05 4.5782519022e+04 -2.7167373824e+00 2.6353925878e+02 -2.7223888919e+01 -8.2132801057e+01 5.3281796471e+02 -1.3872092072e-13 3.4863911579e+02
1.0000000000e+00 0.0000000000e+00 6.8431216461e+04 3.7212631355e+05 3.3824248228e+04 5.5893529941e+04 8.8206144257e+05 1.1759215596e+05 -7.2834092465e+01 6.0518874907e+02 -3.3911430736e+01 -1.6083536169e+02 8.5349857698e+02 -1.7291588636e-13 7.7415900921e+02
1.0000000000e+00 0.0000000000e+00 4.3089316516e+03 1.5832062103e+04 2.5610650661e+03 8.8838820247e+03 2.1626897792e+05 2.0450587331e+04 -2.6583782798e+00 1.0521246693e+02 1.1331321471e+01 -7.1845058626e+01 3.3299835169e+02 -1.0913138582e-13 1.8508914189e+02
1.0000000000e+00 0.0000000000e+00 2.6646093256e+04 3.1316975750e+03 1.2498781014e+04 4.2303946537e+04 6.9873795830e+05 7.1668945150e+04 -4.1892943342e+01 -8.5796173420e+00 7.0674132386e+01 -1.7251630633e+02 7.1316143154e+02 -1.2949417374e-13 -8.5105406282e+01
1.0000000000e+00 0.0000000000e+00 1.7135201659e+04 1.0984970311e+05 3.8148351331e+03 1.9169373909e+04 5.9828964812e+05 5.5987786582e+04 -3.3517072015e+01 3.2435425706e+02 -5.1228074539e+00 -1.2427217699e+02 6.2973585322e+02 -1.5684212206e-13 5.7417525796e+02
1.0000000000e+00 0.0000000000e+00 3.4602436217e+04 9.3084334915e+04 1.6478301200e+04 4.0167375724e+04 6.0410698060e+05 7.0503623702e+04 -5.6655536480e+01 3.0339730944e+02 1.0088819282e+01 -1.4781351569e+02 7.0592254524e+02 -1.3503162416e-13 2.7687604069e+02
1.0000000000e+00 0.0000000000e+00 6.4897837250e+04 1.1471057900e+05 6.5714054688e+04 3.8107821736e+04 6.7025668664e+05 9.6316210216e+04 -7.0404004959e+01 3.3818879826e+02 -1.8482405210e+01 -1.2523706264e+02 7.1167219528e+02 -1.5170307294e-13 2.8914840312e+02
1.0000000000e+00 0.0000000000e+00 5.6530852289e+04 2.0892195995e+05 3.3434043096e+04 4.8153263665e+04 5.5828317892e+05 8.4072695958e+04 -7.1924475448e+01 4.5599730452e+02 -1.8667134815e+01 -1.3227442442e+02 6.7351554918e+02 -1.4626395872e-13 5.3617470898e+02
1.0000000000e+00 0.0000000000e+00 2.0145811690e+04 3.0221882730e+04 1.7196980995e+04 1.4449452197e+04 3.5834209764e+05 3.9544240763e+04 -3.8493669692e+01 1.7225259410e+02 1.6189743583e+00 -8.8110568528e+01 4.5528929336e+02 -1.3319405378e-13 2.2189394911e+02
1.0000000000e+00 0.0000000000e+00 1.0664124019e+04 8.6616849493e+03 3.9180773755e+03 2.0689880814e+04 3.5169546106e+05 3.5128051015e+04 -2.8935977832e+01 9.2442267320e+01 2.9139113466e+01 -1.1427142635e+02 5.1348717716e+02 -1.0506984987e-13 9.4716322883e+01
1.0000000000e+00 0.0000000000e+00 1.1030412038e+04 4.0663919717e+03 6.8346360686e+03 2.6372041108e+04 4.5735332531e+05 4.5833881554e+04 -1.1104945711e+01 5.4364584486e+01 4.8247684711e+01 -1.3520250633e+02 5.5974156812e+02 -1.2434009784e-13 1.8574653907e+02
1.0000000000e+00 0.0000000000e+00 1.3914230294e+04 4.9694029016e+04 1.5235115390e+04 7.2077730073e+03 3.8784189106e+05 3.8371410203e+04 -2.3861976399e+01 2.2271374527e+02 -2.3827034266e+01 -7.5873240991e+01 4.9899250965e+02 -1.2621350647e-13 2.3252121452e+02
1.0000000000e+00 0.0000000000e+00 2.3158665182e+04 1.8079235399e+04 9.2021166665e+03 3.4970268896e+04 4.3783088202e+05 5.0122615130e+04 -4.6493481642e+01 1.3281108708e+02 3.6718470204e+01 -1.3557184843e+02 5.7841817252e+02 -1.2064834556e-13 1.0188238552e+02
1.0000000000e+00 0.0000000000e+00 4.8080986282e+03 1.4690823612e+04 1.6049259926e+03 9.0072881201e+03 2.7648858005e+05 2.4088098842e+04 -1.3076496206e+01 1.1104033458e+02 1.0451172017e+01 -7.8865201267e+01 3.8154900009e+02 -1.0930284957e-13 7.7998302280e+01
1.0000000000e+00 0.0000000000e+00 2.0416880544e+03 5.8583771148e+02 1.7068295240e+03 8.3917909102e+03 2.1480252070e+05 1.9006930333e+04 1.2972595275e+00 -5.7979957143e+00 2.4154219043e+01 -7.0694203964e+01 3.2472810796e+02 -9.9817321382e-14 5.1233336704e+01
1.0000000000e+00 0.0000000000e+00 3.0926890879e+04 1.2671626139e+05 1.9436764824e+04 2.2391181308e+04 3.6171226535e+05 4.9101336500e+04 -5.1190837850e+01 3.5584942930e+02 -1.9717731949e+01 -9.4152728095e+01 4.9762091462e+02 -1.3453018663e-13 3.9019403805e+02
1.0000000000e+00 0.0000000000e+00 1.1583920372e+04 7.0704153951e+04 4.0505183513e+03 1.0256847065e+04 3.5298043723e+05 3.3623285143e+04 -2.7762826911e+01 2.6439748731e+02 -1.0932681013e+01 -8.6128308907e+01 4.5463359493e+02 -1.3189195064e-13 3.4986248144e+02
1.0000000000e+00 0.0000000000e+00 4.2309694345e+04 1.4776706234e+05 1.3207708527e+04 5.3393028389e+04 7.5889285979e+05 8.8190238438e+04 -6.2860868533e+01 3.7861915219e+02 1.0760927712e+01 -1.6901865202e+02 7.8884766490e+02 -1.5537714197e-13 5.0195607460e+02
1.0000000000e+00 0.0000000000e+00 2.1127581620e+04 3.0389725936e+04 1.2565146160e+04 3.1222081684e+04 5.8827718441e+05 6.0605477646e+04 -2.3445966429e+01 -1.6814325789e+02 8.6222969215e+01 -1.5673837083e+02 6.2479527858e+02 -1.1457872364e-13 -3.2897052529e+02
1.0000000000e+00 0.0000000000e+00 1.2369904016e+04 1.5316900503e+04 7.3149086234e+03 3.7300645739e+04 6.4102391962e+05 6.3892848553e+04 -5.5118376653e+00 -1.1367578930e+02 7.1165543520e+01 -1.5183724110e+02 6.4828943617e+02 -1.3519347227e-13 4.9569697248e+01
1.0000000000e+00 0.0000000000e+00 1.3184253912e+04 5.9816679056e+03 7.2800182356e+03 1.6844938792e+04 3.7671159071e+05 3.6388702151e+04 -3.3456740947e+01 7.5169489785e+01 2.9602473762e+01 -1.0889888203e+02 4.8710273944e+02 -1.1773002212e-13 4.5331810502e+01
1.0000000000e+00 0.0000000000e+00 4.7058716469e+04 6.1988810418e+04 3.7210549072e+04 4.1287596002e+04 5.7663582479e+05 7.6561473369e+04 -6.4358647954e+01 2.3836208318e+02 1.1244693423e+01 -1.3508231911e+02 6.6075872335e+02 -1.3337626873e-13 4.7593759286e+01
1.0000000000e+00 0.0000000000e+00 9.6800226308e+03 3.1691610882e+04 4.6442926431e+03 8.7783456908e+03 2.6749444299e+05 2.5530919626e+04 -2.8871575319e+01 1.7264544720e+02 2.8339700474e+00 -7.6897852481e+01 3.7183044547e+02 -1.1622081831e-13 9.6262495569e+01
1.0000000000e+00 0.0000000000e+00 9.0535939831e+03 2.0741720776e+04 2.6775895854e+03 1.9051270713e+04 4.9991337063e+05 4.4419041170e+04 -2.2670579174e+01 1.3908074021e+02 1.6083890007e+01 -1.1528908478e+02 5.6969897967e+02 -1.2481985376e-13 5.9610528348e+01
1.0000000000e+00 0.0000000000e+00 5.1717941651e+04 2.6807352192e+04 2.1918777050e+04 7.4274147001e+04 8.4219616493e+05 1.0100638363e+05 -7.0179441572e+01 1.4443830799e+02 6.1561818775e+01 -1.9344353388e+02 7.9970727475e+02 -1.4238563596e-13 -4.9680857682e+01
1.0000000000e+00 0.0000000000e+00 3.2339375602e+03 1.2438935553e+04 1.5350374388e+03 4.2118962222e+03 1.6426396039e+05 1.4229986372e+04 -1.2909556193e+01 8.1673246692e+01 7.7946558244e+00 -5.7804978994e+01 2.7858886012e+02 -1.0578440346e-13 2.4150337269e+02
1.0000000000e+00 0.0000000000e+00 1.4050250975e+04 4.9119609593e+04 7.0115020757e+03 2.1749974626e+04 4.1852861246e+05 4.3437638517e+04 -1.2955443041e+01 -1.8907751651e+02 7.6747937619e+01 -1.2705506832e+02 5.0136155401e+02 -9.6300958123e-14 -4.3881668738e+02
1.0000000000e+00 0.0000000000e+00 3.0644909514e+04 6.2792872056e+04 2.1970966108e+04 2.8625506470e+04 5.6773773428e+05 6.3707626882e+04 -5.1821453620e+01 2.4875619984e+02 4.0192588895e+00 -1.2512779383e+02 6.3249934043e+02 -1.4191125104e-13 2.3817558628e+02
1.0000000000e+00 0.0000000000e+00 1.1731667441e+05 4.2130033078e+05 7.1575918569e+04 1.0133323352e+05 9.9078098427e+05 1.6415858421e+05 -1.0376200708e+02 6.4398226226e+02 -2.8126203584e+01 -1.8005237636e+02 9.1708066332e+02 -1.8574664412e-13 7.8488761849e+02
1.0000000000e+00 0.0000000000e+00 5.5399640353e+04 1.8873301121e+05 2.9966335697e+04 4.9694768170e+04 6.9075634450e+05 9.1186167166e+04 -7.0954887433e+01 4.2760657549e+02 -7.6628572949e+00 -1.4736740968e+02 7.2533815047e+02 -1.6279252692e-13 5.5503565011e+02
1.0000000000e+00 0.0000000000e+00 8.3951448486e+03 1.4751114055e+04 4.7874101749e+03 7.9468772294e+03 1.8145726382e+05 1.8591734695e+04 -2.7151401581e+01 1.2128235333e+02 7.7400315582e+00 -6.6642849811e+01 3.0922165271e+02 -1.0470918038e-13 1.4066691002e+02
1.0000000000e+00 0.0000000000e+00 1.0799830653e+04 7.6178717133e+03 1.0375655768e+04 1.5426150870e+04 5.2689857156e+05 4.7264092776e+04 -2.3869681654e+01 8.3456459693e+01 1.5474534895e+01 -1.1007368582e+02 5.7945530384e+02 -1.3197505355e-13 4.6748548736e+01
1.0000000000e+00 0.0000000000e+00 4.7942972818e+04 2.4092321400e+05 3.1974947745e+04 2.8219822362e+04 4.9733631321e+05 7.1914029413e+04 -5.9775045315e+01 4.8513324473e+02 -3.9160899101e+01 -1.0735031342e+02 6.1587122675e+02 -1.5175635268e-13 6.5639797998e+02
1.0000000000e+00 0.0000000000e+00 1.1157135935e+04 2.3041013335e+04 1.3201833408e+04 4.2072328116e+03 2.2117022524e+05 2.3609254231e+04 -2.5440899568e+01 1.4618908210e+02 -1.4126752664e+01 -5.1856048607e+01 3.3164086811e+02 -1.1777550654e-13 2.8126352982e+02
1.0000000000e+00 0.0000000000e+00 7.0430275806e+03 4.2628540716e+04 3.5339587024e+03 5.9959518248e+03 2.9058807528e+05 2.5888457799e+04 -2.0099619223e+01 1.9120908265e+02 -8.2964372237e+00 -7.3146855844e+01 4.0429618522e+02 -1.2989765218e-13 4.2813026135e+02
1.0000000000e+00 0.0000000000e+00 1.9303925266e+04 3.7723393406e+04 9.7638655103e+03 2.5434001194e+04 6.6452890030e+05 6.2272082555e+04 -3.9277662366e+01 1.9398091517e+02 1.9715749787e+01 -1.4062645755e+02 6.7638246033e+02 -1.4183619337e-13 1.9157621700e+02
1.0000000000e+00 0.0000000000e+00 5.0011396609e+03 8.9483862848e+02 2.0506572151e+03 7.4556036040e+03 1.6553149919e+05 1.5433158939e+04 -1.8295805401e+01 6.3314158216e+00 3.0941101545e+01 -7.3707337810e+01 2.9256469205e+02 -8.9805416517e-14 -3.6835236567e+01
1.0000000000e+00 0.0000000000e+00 8.1377414324e+03 2.4756130247e+04 2.0603845945e+03 1.2272366243e+04 3.1446093492e+05 2.8812810042e+04 -2.4888922695e+01 1.4920084652e+02 1.5084054407e+01 -9.7787685476e+01 4.5100225461e+02 -1.2268224819e-13 2.8602856108e+02
1.0000000000e+00 0.0000000000e+00 2.0675777563e+04 1.0447931268e+05 1.8016123974e+04 8.3131850657e+03 3.3415630762e+05 3.9169573562e+04 -3.3488347682e+01 3.2255692507e+02 -3.4618755343e+01 -7.2263764997e+01 4.7045482815e+02 -1.2450267733e-13 2.8860130780e+02
1.0000000000e+00 0.0000000000e+00 8.5662050645e+03 5.7302378839e+03 2.5725050031e+03 1.5133627025e+04 2.8307528257e+05 2.7275158948e+04 -2.5458950600e+01 6.0194949584e+01 3.3204625630e+01 -9.8262063826e+01 4.0351899049e+02 -1.2335664023e-13 2.7239397900e+02
1.0000000000e+00 0.0000000000e+00 1.0701594108e+05 3.6924987045e+05 8.3952641558e+04 7.1642949554e+04 8.7992927167e+05 1.4603766565e+05 -9.5126863658e+01 6.0534230585e+02 -4.3836221522e+01 -1.4829941885e+02 8.3271764055e+02 -1.7905950109e-13 6.4321122380e+02
1.0000000000e+00 0.0000000000e+00 1.1212410372e+04 1.3583220536e+04 9.6468819536e+03 1.5030356263e+04 4.1241344858e+05 3.9365852605e+04 -1.7822830261e+01 -1.1157742072e+02 5.3444836282e+01 -1.1159292674e+02 4.8976184955e+02 -1.1612695026e-13 -8.3049122730e+01
1.0000000000e+00 0.0000000000e+00 1.5709030852e+03 3.6126604486e+03 2.2807789976e+02 2.7702301361e+03 1.1756757243e+05 9.4372454116e+03 -7.6879667046e+00 3.2115392556e+01 9.2398730184e+00 -3.5624036832e+01 1.5665610547e+02 -8.4312053722e-14 -9.2819351414e+01
1.0000000000e+00 0.0000000000e+00 1.1354972680e+04 4.4951293369e+04 1.1335128506e+04 6.4868967397e+03 3.5938166331e+05 3.4215360896e+04 -2.1902598383e+01 2.1037192554e+02 -1.8321708487e+01 -7.3831893323e+01 4.5906135514e+02 -1.2239071768e-13 1.3899409862e+02
1.0000000000e+00 0.0000000000e+00 4.2826089003e+04 9.3224237262e+04 1.9405471034e+04 5.4276272668e+04 8.1278662157e+05 9.2187922227e+04 -6.3545236678e+01 3.0491870080e+02 1.9663490136e+01 -1.7205875457e+02 8.0643665032e+02 -1.4726007084e-13 2.2627692777e+02
1.0000000000e+00 0.0000000000e+00 1.1878131797e+04 5.7148023956e+03 5.2283775459e+03 2.0902471406e+04 3.9024653142e+05 3.8236172761e+04 -2.3607965649e+01 -5.7945087482e+01 5.4598779228e+01 -1.2091613972e+02 5.0559693997e+02 -1.1577141624e-13 -6.7810207917e+01
1.0000000000e+00 0.0000000000e+00 2.9797888370e+04 2.5427034344e+05 1.2663743415e+04 2.5552420201e+04 8.2567773823e+05 8.5127523071e+04 -3.2123104236e+01 4.9070429037e+02 -3.7314235853e+01 -1.3125415895e+02 7.6064237579e+02 -1.7710526876e-13 7.5298861032e+02
1.0000000000e+00 0.0000000000e+00 6.2762160820e+04 1.7325241095e+05 3.6479863664e+04 6.2275166042e+04 8.6827452450e+05 1.1085664481e+05 -7.5957331370e+01 4.1467492785e+02 1.0409507973e+00 -1.7143211187e+02 8.4085085695e+02 -1.6505857958e-13 4.9499189002e+02
1.0000000000e+00 0.0000000000e+00 4.6748122804e+04 8.2425029493e+04 2.7054674477e+04 6.2310862781e+04 6.5851312763e+05 8.8207858693e+04 -3.7003529518e+01 -2.7623551810e+02 1.2642125512e+02 -1.9376558304e+02 6.9559198484e+02 -1.0886749748e-13 -4.2903898148e+02
1.0000000000e+00 0.0000000000e+00 2.3771659669e+04 2.5178751109e+04 1.7007439606e+04 2.4053363919e+04 4.5034149085e+05 4.9743611605e+04 -4.6806603460e+01 1.5726393710e+02 1.5841944696e+01 -1.1532283622e+02 5.5810216463e+02 -1.2906293251e-13 1.2846952346e+02
1.0000000000e+00 0.0000000000e+00 2.4970174520e+04 7.3864660711e+04 1.3468161617e+04 2.6344595560e+04 5.2994811071e+05 5.7016834101e+04 -4.6071246629e+01 2.7097693065e+02 4.0473795861e+00 -1.2503638531e+02 6.1536039741e+02 -1.4530232218e-13 3.1336871921e+02
1.0000000000e+00 0.0000000000e+00 2.0851954833e+04 5.6490568807e+04 5.8361052618e+03 3.6955004942e+04 8.8689594579e+05 8.1673257812e+04 -3.7927014369e+01 2.3567127894e+02 1.7732260259e+01 -1.5950117082e+02 7.8532433133e+02 -1.5824738835e-13 1.6930197579e+02
1.0000000000e+00 0.0000000000e+00 2.2142702058e+04 1.5126497330e+05 4.3812375475e+03 2.0701444063e+04 4.5695469015e+05 4.9467493262e+04 -3.9378169056e+01 3.7755624668e+02 -1.2160728886e+01 -1.1293261805e+02 5.5947633805e+02 -1.5116060525e-13 6.2014309839e+02
1.0000000000e+00 0.0000000000e+00 9.2715350444e+02 2.8324238753e+03 2.3127645499e+02 2.2501983133e+03 1.2884348905e+05 9.9232881043e+03 -6.1117232590e+00 5.2196240360e+01 5.5293272356e+00 -4.2397284996e+01 2.1120407001e+02 -8.9031484714e-14 3.7127149629e+01
1.0000000000e+00 0.0000000000e+00 3.5500065319e+04 2.2578316103e+04 1.9631326195e+04 5.1632509344e+04 8.8722579785e+05 9.2601576947e+04 -5.5050432453e+01 1.4306304740e+02 4.4166498232e+01 -1.8163284999e+02 8.3280737245e+02 -1.3820986538e-13 2.8570044158e+01
1.0000000000e+00 0.0000000000e+00 8.4760709309e+03 6.6012565292e+03 5.3830590689e+03 1.6695657575e+04 4.3786756927e+05 3.9647427419e+04 -1.6602717287e+01 -6.8084419658e+01 4.5650244575e+01 -1.1495997746e+02 5.3036532580e+02 -1.1618745249e-13 -1.1870967662e+02
1.0000000000e+00 0.0000000000e+00 1.7933371396e+04 6.7061244323e+04 8.3774762508e+03 1.9491424101e+04 3.6780624175e+05 4.0481251315e+04 -3.9101810874e+01 2.5241211527e+02 -1.3014665873e-01 -1.0449911259e+02 5.1771911836e+02 -1.2812094016e-13 3.8089527604e+02
1.0000000000e+00 0.0000000000e+00 2.7209364490e+03 1.4564860601e+04 4.8775111432e+02 2.6334495007e+03 1.1599808677e+05 9.9236001557e+03 -1.2921061773e+01 1.0937288933e+02 3.9264851540e-01 -4.0413775985e+01 1.8873582659e+02 -1.0160078546e-13 2.3632749783e+02
1.0000000000e+00 0.0000000000e+00 1.2612744976e+04 1.5966432714e+04 1.8970895398e+04 7.3812588984e+03 4.0876585880e+05 3.9799064183e+04 -1.3604292825e+01 1.2311944987e+02 -2.1710345182e+01 -6.2532208086e+01 4.6899013984e+02 -1.3017095622e-13 1.4493636749e+02
1.0000000000e+00 0.0000000000e+00 1.8241960318e+04 1.4770577030e+05 9.1054178918e+03 7.5915188589e+03 3.1644062630e+05 3.5948924049e+04 -2.4724423702e+01 3.7878163687e+02 -3.2646397537e+01 -7.4077076596e+01 4.2864891073e+02 -1.3510092315e-13 5.4343436961e+02
1.0000000000e+00 0.0000000000e+00 1.6345827854e+04 3.3454293422e+02 8.1847870046e+03 3.0859077234e+04 5.2311271650e+05 5.2683203191e+04 -2.2193889137e+01 1.3582859550e+01 6.3553809028e+01 -1.5007814414e+02 5.9164529042e+02 -1.2157932720e-13 4.5113857830e+00
1.0000000000e+00 0.0000000000e+00 2.6056727479e+03 1.7436974068e+04 1.5035228248e+03 1.3945182452e+04 4.6806766756e+05 3.9298608286e+04 -2.9766528861e+00 1.3167719835e+02 -2.4894317731e+00 -8.5171923641e+01 4.9170949593e+02 -1.3565630358e-13 1.6441292034e+02
1.0000000000e+00 0.0000000000e+00 3.5106141078e+04 6.6399933447e+04 1.9147150934e+04 4.1874240616e+04 5.7983876286e+05 6.9473541633e+04 -3.4129852707e+01 -2.1879493255e+02 1.0914052725e+02 -1.7472896856e+02 6.3611673443e+02 -1.0078368861e-13 -5.2113357608e+02
1.0000000000e+00 0.0000000000e+00 3.7530153031e+04 1.7553712200e+05 3.1246208949e+04 1.8874843108e+04 7.2088489848e+05 7.9175244577e+04 -4.5250205930e+01 4.0884381916e+02 -3.5617427452e+01 -1.1607531747e+02 7.0793173194e+02 -1.7088096032e-13 6.2536272472e+02
1.0000000000e+00 0.0000000000e+00 1.5693983661e+03 6.0185062439e+03 1.4281836600e+02 1.2468707017e+04 2.9918672502e+05 2.6120634830e+04 6.1008810193e+00 7.5111382771e+01 -2.8344712864e+00 -5.9759423409e+01 3.6467995741e+02 -1.1254958166e-13 4.5075817724e+01
1.0000000000e+00 0.0000000000e+00 2.6429840376e+04 1.1588367812e+05 1.8593199955e+04 1.4516343531e+04 3.5140817198e+05 4.3947858074e+04 -4.3012328127e+01 3.3275013322e+02 -2.4316696494e+01 -8.3389386286e+01 4.7172578422e+02 -1.4395004031e-13 5.1154338659e+02
1.0000000000e+00 0.0000000000e+00 2.5018655617e+03 1.2969531892e+03 1.7073462489e+03 3.9046184927e+03 1.9401645149e+05 1.5615245100e+04 -1.0704111195e+01 3.2712140889e+01 1.5245368400e+01 -6.0231902195e+01 2.8316405393e+02 -1.0907438168e-13 1.2601060667e+02
1.0000000000e+00 0.0000000000e+00 2.4407032629e+04 3.0693844486e+03 8.9801329287e+03 4.6815534104e+04 6.7988747684e+05 7.0921216679e+04 -3.4619269947e+01 -1.9239313693e+01 7.4679765940e+01 -1.7376127071e+02 7.0369869366e+02 -1.2497391305e-13 -1.2506366087e+02
1.0000000000e+00 0.0000000000e+00 5.3840747211e+04 1.7992790421e+05 3.0044090923e+04 4.8210637962e+04 7.2691896825e+05 9.2545264500e+04 -7.0291039830e+01 4.2228260748e+02 -7.6665959869e+00 -1.4877010350e+02 7.3870834524e+02 -1.5593083820e-13 4.0057858694e+02
1.0000000000e+00 0.0000000000e+00 3.8119724625e+04 1.8567182408e+05 2.6511624465e+04 2.3314636445e+04 6.0395623784e+05 7.1778648155e+04 -5.0807924692e+01 4.2539927778e+02 -3.0183116878e+01 -1.1583004118e+02 6.5927562823e+02 -1.5898120950e-13 6.3351425949e+02
1.0000000000e+00 0.0000000000e+00 2.6376037677e+03 1.1216891878e+03 1.3720690221e+03 7.5765235484e+03 2.7121745113e+05 2.2314924233e+04 -9.8780471430e+00 2.8228323813e+01 2.0404422506e+01 -7.8529694883e+01 3.7641164483e+02 -1.0400666708e-13 -4.8498733908e+01
1.0000000000e+00 0.0000000000e+00 2.4089923986e+04 2.4641721329e+04 1.6489643094e+04 2.5183011439e+04 4.1632636791e+05 4.7716794362e+04 -4.6764571660e+01 1.5667811338e+02 1.8928748545e+01 -1.1617844341e+02 5.4450111348e+02 -1.2640602606e-13 1.7157074796e+02
1.0000000000e+00 0.0000000000e+00 4.5598347170e+03 1.2574846527e+04 2.4373916548e+03 6.6844953586e+03 3.1123722816e+05 2.5629131723e+04 -1.5993762811e+01 1.0859684277e+02 9.2914174979e+00 -7.9089441854e+01 3.9228702011e+02 -1.2760212812e-13 2.4638937935e+02
1.0000000000e+00 0.0000000000e+00 2.5852653114e+04 6.8655897320e+04 1.5973159356e+04 2.2932324131e+04 4.5335396093e+05 5.1144349000e+04 -4.7267189355e+01 2.6097093822e+02 1.0681317048e+00 -1.1339561249e+02 5.6355451882e+02 -1.3738926722e-13 3.5268926459e+02
1.0000000000e+00 0.0000000000e+00 5.5254578371e+04 1.7936582320e+05 2.0940799225e+04 5.9810119394e+04 7.6735149865e+05 9.6557736464e+04 -7.2293081967e+01 4.2168957905e+02 8.4883548379e+00 -1.7042078136e+02 7.8115975897e+02 -1.6227375413e-13 5.4545568217e+02
1.0000000000e+00 0.0000000000e+00 1.4531766039e+04 5.5543008621e+04 5.6066725095e+03 1.4560895954e+04 3.2997799722e+05 3.3943154239e+04 -3.4823026089e+01 2.3468464760e+02 2.5121432051e+00 -9.6912471195e+01 4.6281848504e+02 -1.2694423251e-13 3.2657658930e+02
1.0000000000e+00 0.0000000000e+00 1.1161280924e+04 2.2620187876e+04 7.7195394023e+03 1.2245084650e+04 2.4493804746e+05 2.6458299839e+04 -1.0449703540e+01 -1.4756967283e+02 6.0210603234e+01 -9.1861039501e+01 3.4021514967e+02 -1.0470513747e-13 -5.2207647221e+01
1.0000000000e+00 0.0000000000e+00 1.1361869638e+04 1.6491549168e+04 1.0643610060e+04 1.2982143419e+04 3.3261059016e+05 3.3645731964e+04 -1.8821432127e+01 -1.0815640985e+02 4.6541888836e+01 -1.0288736513e+02 4.7296127250e+02 -9.8572234142e-14 -1.6978272288e+02
1.0000000000e+00 0.0000000000e+00 2.2798446652e+03 8.8806708904e+03 1.1583780507e+03 6.0028717448e+03 2.5689477482e+05 2.0931740222e+04 -9.4497339137e+00 7.7893059833e+01 7.3549339936e+00 -6.9947966351e+01 3.6582445611e+02 -1.1440083904e-13 1.5623316696e+02
1.0000000000e+00 0.0000000000e+00 8.1384575892e+04 5.5225707840e+04 3.9166496785e+04 1.2433952587e+05 1.5024798688e+06 1.7689667930e+05 -6.3899098106e+01 -1.8543298030e+02 1.4714031021e+02 -2.8423456787e+02 1.1042287850e+03 -1.3668845003e-13 -5.6688127336e+02
1.0000000000e+00 0.0000000000e+00 3.2391311428e+04 3.4413882489e+04 3.5742085042e+04 1.8894130709e+04 4.5919937179e+05 5.6539570584e+04 -4.4380853109e+01 1.8227246007e+02 -3.7757389579e+00 -1.0035976193e+02 5.6484633608e+02 -1.3235586690e-13 1.9318167398e+02
1.0000000000e+00 0.0000000000e+00 2.1932944159e+04 4.3496401030e+04 1.5285243862e+04 3.6705443592e+04 4.6048442838e+05 5.6310681264e+04 -7.0912820528e+00 -2.0745550358e+02 9.3008187102e+01 -1.4894919516e+02 5.5785627672e+02 -9.9545593908e-14 -2.2948315733e+02
1.0000000000e+00 0.0000000000e+00 1.1531272168e+04 4.8487031810e+04 8.2486250655e+03 7.0916815355e+03 2.6723724408e+05 2.7135613753e+04 -2.8022493104e+01 2.1768763753e+02 -1.2637386165e+01 -7.1540390256e+01 4.0184233273e+02 -1.1544131581e-13 2.7486914985e+02
1.0000000000e+00 0.0000000000e+00 4.8130296484e+03 3.5386862912e+03 6.6643729507e+03 3.2573754879e+03 1.8711697787e+05 1.7106318805e+04 -1.2075657383e+01 2.8461660464e+01 3.5941312308e+00 -5.2459173019e+01 3.0871061245e+02 -9.4887229364e-14 -6.5985185528e+01
1.0000000000e+00 0.0000000000e+00 1.6410785850e+04 3.0562868283e+04 9.9120443842e+03 1.6314944260e+04 3.0226187592e+05 3.3492296203e+04 -3.7884753057e+01 1.7454971688e+02 9.3257225884e+00 -9.3926042565e+01 4.4330224758e+02 -1.1872690838e-13 2.1863564264e+02
1.0000000000e+00 0.0000000000e+00 6.1282889331e+03 3.2530557327e+03 4.3955498699e+03 7.6202990896e+03 2.2663386972e+05 2.0744865169e+04 -2.1223758763e+01 5.5220779747e+01 1.7315015677e+01 -7.7753551121e+01 3.7114054869e+02 -9.9923244716e-14 3.2781365723e+01
1.0000000000e+00 0.0000000000e+00 2.2544141861e+03 2.0108056349e+04 7.9103766225e+02 3.1644349587e+03 1.6356948837e+05 1.3768310807e+04 -7.7764482643e+00 1.3991836684e+02 -9.1393044533e+00 -4.7907589870e+01 2.7774197420e+02 -1.0359837428e-13 2.3565415667e+02
1.0000000000e+00 0.0000000000e+00 6.9116652181e+04 1.3988886757e+05 3.4889774915e+04 7.9283549857e+04 7.8023361263e+05 1.1028993945e+05 -8.3973637984e+01 3.7039757593e+02 1.8065476524e+01 -1.7690411622e+02 8.0109178162e+02 -1.6868677069e-13 5.9150194129e+02
1.0000000000e+00 0.0000000000e+00 4.2881288600e+03 2.9096545084e+02 2.1298925291e+03 9.5774069041e+03 2.7417685809e+05 2.3704328118e+04 -1.2883359145e+01 -1.1347447183e+01 2.8600369977e+01 -8.3398206864e+01 3.8572187043e+02 -1.0324909457e-13 -2.1130571114e+01
1.0000000000e+00 0.0000000000e+00 2.8802431746e+04 1.1529589773e+05 1.3250222615e+04 2.6754495627e+04 3.5999999433e+05 4.7727276789e+04 -5.1065345542e+01 3.3891849396e+02 -7.4703895386e+00 -1.0796793052e+02 5.2445678829e+02 -1.2958763795e-13 4.3790093381e+02
1.0000000000e+00 0.0000000000e+00 6.1132210686e+03 3.6228536473e+04 3.2587472381e+03 7.9970841054e+03 2.8023456901e+05 2.5661704368e+04 -8.9152404375e+00 1.8458181736e+02 -1.2484067731e+01 -6.4104409938e+01 3.7521842881e+02 -1.1996129254e-13 3.2887728784e+02
1.0000000000e+00 0.0000000000e+00 9.5238870946e+03 5.5912267518e+04 7.1085588490e+03 5.6093546982e+03 2.6023826157e+05 2.5870456605e+04 -2.1082582160e+01 2.3520003440e+02 -2.0962032758e+01 -6.5107159960e+01 3.9906586639e+02 -1.1696494468e-13 2.3477554918e+02
1.0000000000e+00 0.0000000000e+00 4.0890129009e+04 2.1548842924e+04 1.9936917331e+04 6.1144608807e+04 7.4971172754e+05 8.7734458213e+04 -4.2568616623e+01 -1.3521948652e+02 1.1036356568e+02 -2.0496909214e+02 7.7010827700e+02 -1.1660454183e-13 -2.1851396735e+02
1.0000000000e+00 0.0000000000e+00 1.4223063500e+04 9.4260281274e+03 5.2559110938e+03 2.5969534789e+04 3.7346833391e+05 3.9594391850e+04 -2.1738906884e+01 -7.7029068468e+01 6.7228667366e+01 -1.2991598372e+02 4.9919115238e+02 -9.9359690666e-14 -2.2226526934e+02
1.0000000000e+00 0.0000000000e+00 6.2232539087e+04 2.2203490420e+05 3.9556827867e+04 5.2225611387e+04 5.4511340438e+05 8.8316513792e+04 -7.5280031554e+01 4.6742687739e+02 -2.1986374619e+01 -1.2976441168e+02 6.6950786023e+02 -1.4835949744e-13 5.4590532414e+02
1.0000000000e+00 0.0000000000e+00 3.0769769372e+03 1.2274825740e+04 1.8358558296e+03 6.6831351705e+03 1.7209315561e+05 1.5995587977e+04 -1.9312267225e+00 -1.0762748298e+02 3.6577369375e+01 -6.5348592371e+01 2.8406581573e+02 -8.7550406464e-14 -8.4521163176e+01
1.0000000000e+00 0.0000000000e+00 4.3440765033e+04 1.5038732516e+05 3.4376913368e+04 4.4719014409e+04 5.3207956765e+05 7.8267976484e+04 -8.4398433778e+00 -3.7611135608e+02 1.3692540414e+02 -1.7969509798e+02 6.0713512385e+02 -9.4974442761e-14 -5.3722426488e+02
1.0000000000e+00 0.0000000000e+00 3.8038569423e+04 5.4234007372e+04 1.2590430359e+04 5.5912267160e+04 8.4952867989e+05 9.0532164944e+04 -5.9096889164e+01 2.2600229266e+02 4.2089441234e+01 -1.8396745560e+02 8.0081035549e+02 -1.6316488082e-13 3.7843294776e+02
1.0000000000e+00 0.0000000000e+00 8.6300127866e+03 7.6483828579e+03 5.9793989550e+03 1.5563215756e+04 2.9495664281e+05 2.9832102141e+04 -5.8388770517e+00 -8.5659445633e+01 5.6560598364e+01 -1.0540713928e+02 4.0914164501e+02 -9.6688976099e-14 -1.4608481404e+02
1.0000000000e+00 0.0000000000e+00 2.0380160376e+04 8.3918476648e+03 8.6928522063e+03 3.0966251239e+04 3.7834707396e+05 4.3612417584e+04 -4.3370972919e+01 9.0301385067e+01 3.9954176485e+01 -1.2703905206e+02 5.3158146494e+02 -1.1957024880e-13 1.7393673538e+02
1.0000000000e+00 0.0000000000e+00 4.9520149579e+04 5.5029049417e+04 3.0942330580e+04 5.6928619540e+04 5.5859005010e+05 7.9373889277e+04 -7.0213201488e+01 2.3193631457e+02 2.3340293583e+01 -1.4620053062e+02 6.6270844826e+02 -1.3827723069e-13 2.2847384012e+02
1.0000000000e+00 0.0000000000e+00 8.8824602007e+04 2.8518690572e+05 8.4847918466e+04 4.3293087553e+04 1.0537284477e+06 1.4113516742e+05 -7.7945688607e+01 5.3200166295e+02 -4.6350753256e+01 -1.4763471094e+02 8.9830991903e+02 -1.8363061904e-13 6.4721619042e+02
1.0000000000e+00 0.0000000000e+00 8.3728485537e+03 4.4015799574e+04 5.1066624233e+03 7.3263551654e+03 3.0138904599e+05 2.7963112388e+04 -2.1497942124e+01 2.0117263532e+02 -8.9739572257e+00 -7.4812555488e+01 4.1250846445e+02 -1.3307774895e-13 4.0092919556e+02
1.0000000000e+00 0.0000000000e+00 6.2899087616e+03 1.8005137576e+04 6.5446960468e+03 7.4857830807e+03 2.9039435874e+05 2.6628821871e+04 -8.8942201788e+00 -1.2090233582e+02 3.6006837933e+01 -7.9156568513e+01 3.9031714068e+02 -1.0186114161e-13 -1.7136514531e+02
1.0000000000e+00 0.0000000000e+00 5.7888022613e+04 2.0173189588e+05 3.1791613141e+04 5.3725481906e+04 7.4254573055e+05 9.7922052025e+04 -7.2676554907e+01 4.4450766195e+02 -9.0075246254e+00 -1.5427717445e+02 7.6797918912e+02 -1.5949188033e-13 5.0479722196e+02
1.0000000000e+00 0.0000000000e+00 1.2726384422e+04 1.4240864283e+04 6.7376191370e+03 1.6873133578e+04 3.3585383110e+05 3.3828153590e+04 -3.3767966806e+01 1.1535371287e+02 2.0394359319e+01 -9.9508717356e+01 4.5343333114e+02 -1.1694580574e-13 -3.0769548899e+00
1.0000000000e+00 0.0000000000e+00 8.9924510182e+03 1.3136244930e+04 1.0590745870e+04 3.6164355746e+03 1.8687737771e+05 1.9419974228e+04 -2.1496678966e+01 9.3858689876e+01 -5.2510009706e+00 -4.7491317796e+01 2.8390081064e+02 -1.0085220355e-13 -2.6700466053e+01
1.0000000000e+00 0.0000000000e+00 1.3204489644e+04 2.3982032937e+04 1.5968128671e+04 4.6001799548e+03 2.5119060795e+05 2.7045159201e+04 -2.6963845901e+01 1.4786193070e+02 -1.4675863088e+01 -5.6038696919e+01 3.6204960485e+02 -1.0813158616e-13 -1.0270005632e+00
1.0000000000e+00 0.0000000000e+00 3.2717505063e+04 2.0291392738e+04 1.6280901294e+04 4.9814261471e+04 6.3723556802e+05 7.3407699015e+04 -4.1512525095e+01 -1.2864136257e+02 9.2649368108e+01 -1.7814515094e+02 6.9846858843e+02 -1.1896350185e-13 -1.9163423037e+02
1.0000000000e+00 0.0000000000e+00 4.3132385230e+03 7.4763813048e+03 1.3694406903e+03 5.1612479697e+03 1.4587822301e+05 1.3105757144e+04 -2.0036009447e+01 8.5769075455e+01 1.0295681776e+01 -5.1867276576e+01 2.1962753192e+02 -1.0443322038e-13 1.4257547789e+02
1.0000000000e+00 0.0000000000e+00 5.2842142197e+04 4.4826244685e+03 2.5601004915e+04 7.8199238565e+04 8.5267205238e+05 1.0396875497e+05 -6.6141938090e+01 5.6955565548e+01 7.9940121133e+01 -2.0630334992e+02 8.3271862145e+02 -1.3679646012e-13 1.8996000783e+01
1.0000000000e+00 0.0000000000e+00 2.1147211235e+04 7.6505227612e+03 1.1174121084e+04 2.9350520917e+04 4.2349941916e+05 4.6951701726e+04 -3.5767135958e+01 -5.6306192004e+01 6.6579159991e+01 -1.3784957111e+02 5.4144877391e+02 -1.0461493464e-13 -1.9717387437e+02
1.0000000000e+00 0.0000000000e+00 4.7952503822e+03 8.1163334463e+02 2.1365668850e+03 8.7639079873e+03 2.5502960800e+05 2.2077276743e+04 -1.5804336821e+01 2.4499481737e+01 3.1218229474e+01 -8.8636118540e+01 3.7779082854e+02 -1.0500132334e-13 2.6235554201e+01
1.0000000000e+00 0.0000000000e+00 1.4621583774e+04 9.5923631626e+04 7.4310973716e+03 1.6560137575e+04 5.2145319268e+05 5.0509910683e+04 -2.4748781160e+01 3.0733781943e+02 -1.7200348589e+01 -1.0783646022e+02 6.0916361653e+02 -1.3476956681e-13 3.7980680920e+02
1.0000000000e+00 0.0000000000e+00 7.4937556331e+04 1.8973594139e+05 5.0373588160e+04 9.3805289364e+04 9.1441787316e+05 1.3502247877e+05 -2.6007153724e+01 -4.2655632816e+02 1.7471269988e+02 -2.4596989831e+02 8.4761319117e+02 -1.0952475732e-13 -6.3610659516e+02
1.0000000000e+00 0.0000000000e+00 3.3850744811e+03 2.3094533171e+04 6.1675905511e+02 5.6438230859e+03 2.1020275951e+05 1.8098601986e+04 -8.8306441552e+00 1.3738792903e+02 8.8032759133e+00 -6.9582458005e+01 3.1032365397e+02 -1.1457904476e-13 2.1646359996e+02
1.0000000000e+00 0.0000000000e+00 2.7379160196e+03 9.0978062138e+02 2.4033338799e+03 5.1114544137e+03 2.4775301753e+05 2.0056131411e+04 -1.1304958132e+01 2.6780730637e+01 1.3961348118e+01 -6.8399186288e+01 3.5066479323e+02 -1.1031718124e-13 1.0854262262e+02
1.0000000000e+00 0.0000000000e+00 9.7171938475e+03 2.7018870793e+04 1.2985450585e+04 2.8335489568e+03 2.1899857992e+05 2.2945545867e+04 -1.5320036698e+01 1.5991909999e+02 -2.5158123113e+01 -4.2323184390e+01 3.2815588861e+02 -1.1499709788e-13 1.8937995368e+02
1.0000000000e+00 0.0000000000e+00 9.8195419731e+03 2.3573958005e+03 4.2613541567e+03 1.5461264902e+04 2.7840601341e+05 2.7670434636e+04 -2.2749122072e+01 -4.2551025452e+01 5.0373213109e+01 -1.0533938122e+02 4.1663488842e+02 -1.0337843860e-13 -3.4062105570e+01
1.0000000000e+00 0.0000000000e+00 7.9540326054e+04 3.7638157035e+04 2.9843742307e+04 1.3375428386e+05 1.4349325641e+06 1.7172168594e+05 -8.4964587710e+01 1.9319841821e+02 8.2322173430e+01 -2.6444066664e+02 1.1080946394e+03 -1.6580027448e-13 1.4396586263e+02
1.0000000000e+00 0.0000000000e+00 8.8004979685e+03 5.0414844986e+04 5.2867143793e+03 5.6657750547e+03 2.5963834864e+05 2.4798281362e+04 -2.3444391539e+01 2.1839032433e+02 -1.5195236638e+01 -6.5018227337e+01 3.7387118774e+02 -1.2512858418e-13 3.6518703732e+02
1.0000000000e+00 0.0000000000e+00 7.4664045141e+04 3.5266157537e+05 6.2981305223e+04 3.2311361049e+04 8.0036899044e+05 1.1304029357e+05 -6.9212788394e+01 5.8838016995e+02 -5.9643090854e+01 -1.2582379344e+02 7.9540166444e+02 -1.7429064962e-13 8.0695535618e+02
1.0000000000e+00 0.0000000000e+00 4.3524073196e+04 2.8432253081e+05 1.9042804087e+04 3.1859374929e+04 9.6125414298e+05 1.0133489408e+05 -5.1404536181e+01 5.2475426374e+02 -3.0050166708e+01 -1.5126349895e+02 8.2356198649e+02 -1.8314858172e-13 7.2497945679e+02
1.0000000000e+00 0.0000000000e+00 1.6348438320e+04 4.3298331693e+03 4.4172102094e+03 2.9583512158e+04 3.9846908636e+05 4.2296443604e+04 -3.5558584837e+01 6.4773843866e+01 4.7417431509e+01 -1.3411567119e+02 5.5009973746e+02 -1.1739371539e-13 1.3903350946e+02
1.0000000000e+00 0.0000000000e+00 4.7090758260e+03 2.1533824197e+03 2.4238187500e+03 1.1525901164e+04 3.3284273330e+05 2.8750092412e+04 -1.5277698168e+01 3.8757591860e+01 2.6485988671e+01 -9.4134479681e+01 4.3459893682e+02 -1.1738896957e-13 7.3589200362e+01
1.0000000000e+00 0.0000000000e+00 1.3992058339e+04 1.4104974463e+04 1.1009358236e+04 1.2002551937e+04 2.7002343237e+05 2.9032790328e+04 -3.4522689495e+01 1.1870192473e+02 9.7600931664e+00 -8.0553081804e+01 3.9169048196e+02 -1.1671670924e-13 1.4009993569e+02
1.0000000000e+00 0.0000000000e+00 1.8186953862e+04 9.7300121894e+04 1.3407955041e+04 1.9856438236e+04 6.1105750646e+05 6.0671823686e+04 -2.5258636604e+01 3.1187338188e+02 -2.3187165839e+01 -1.0935163008e+02 6.5438509964e+02 -1.4049607644e-13 3.0453182774e+02
1.0000000000e+00 0.0000000000e+00 3.1096066323e+03 1.0173635572e+04 2.9978080617e+03 6.0825415877e+03 1.3432406900e+05 1.3580626290e+04 9.6504190920e+00 9.1884553556e+01 -3.2359580439e+00 -3.4929417423e+01 1.8798473874e+02 -9.7200759818e-14 1.5257536800e+02
1.0000000000e+00 0.0000000000e+00 4.5022698406e+04 2.4616760664e+05 2.1321506338e+04 3.3862997663e+04 5.5293313068e+05 7.3872112486e+04 -6.0368151106e+01 4.8771432263e+02 -2.7570760781e+01 -1.2412825376e+02 6.5248585951e+02 -1.5848422639e-13 6.7362636979e+02
1.0000000000e+00 0.0000000000e+00 3.2657514673e+04 1.2737408304e+05 1.9526470768e+04 2.8292870310e+04 6.8044203586e+05 7.3278831317e+04 -5.0662365248e+01 3.5646703380e+02 -1.0237739243e+01 -1.3403159359e+02 7.0451087033e+02 -1.5948853514e-13 4.0551953065e+02
1.0000000000e+00 0.0000000000e+00 1.0794518798e+04 4.4535343664e+04 7.2046340160e+03 9.2039995496e+03 2.7667871888e+05 2.8080252634e+04 -2.6541915288e+01 2.0726966637e+02 -6.5356251840e+00 -7.9920865295e+01 4.2673891050e+02 -1.1683232432e-13 3.1742625954e+02
1.0000000000e+00 0.0000000000e+00 5.4688024455e+03 4.4060078417e+03 2.4951634069e+03 1.3719783446e+04 3.6898686793e+05 3.2315366954e+04 -1.0670510378e+01 6.0455560449e+01 3.2311197642e+01 -1.0597371533e+02 4.6089865621e+02 -1.1986765050e-13 1.5468136942e+02
1.0000000000e+00 0.0000000000e+00 1.0568428100e+04 6.2966096250e+03 2.6634404224e+03 2.3023671328e+04 4.5703615403e+05 4.2610664627e+04 -2.1992996537e+01 7.8699327991e+01 3.7375085313e+01 -1.2243736864e+02 5.2570836308e+02 -1.2519431239e-13 4.5898477122e+01
1.0000000000e+00 0.0000000000e+00 1.6335084879e+04 5.8180571122e+04 1.1984499699e+04 9.5441798874e+03 2.9385957341e+05 3.2125237373e+04 -3.4202119087e+01 2.3883243650e+02 -1.3532920226e+01 -7.5584134000e+01 4.1921519852e+02 -1.2838168134e-13 3.3048058311e+02
1.0000000000e+00 0.0000000000e+00 1.5603779819e+04 2.4029882253e+04 4.5012991017e+03 2.0479542676e+04 3.6948058252e+05 3.7240871946e+04 -3.8874297741e+01 1.5357804734e+02 2.4593309991e+01 -1.1182422717e+02 4.8120239546e+02 -1.2407852270e-13 1.9148927232e+02
1.0000000000e+00 0.0000000000e+00 2.8691584151e+04 7.2531946395e+04 1.3401221131e+04 3.0489875955e+04 6.1668551803e+05 6.4630395270e+04 -5.1829567426e+01 2.6819424954e+02 1.1352470054e+01 -1.3853408870e+02 6.6133139877e+02 -1.5040054698e-13 3.4100345729e+02
1.0000000000e+00 0.0000000000e+00 2.7296882457e+04 2.6342350037e+04 8.9185009549e+03 4.1835554871e+04 6.3541830260e+05 6.6803163261e+04 -5.0168386849e+01 1.6040354157e+02 4.1543081498e+01 -1.6051088693e+02 6.9486484453e+02 -1.3264303151e-13 1.2147348033e+02
1.0000000000e+00 0.0000000000e+00 9.9519895578e+03 7.4323941119e+04 6.5951225033e+03 5.0205350883e+03 2.9332296383e+05 2.8518991859e+04 -1.7521828312e+01 2.7070718190e+02 -2.5587025050e+01 -6.3867092140e+01 3.9425493681e+02 -1.2197441392e-13 2.1037283232e+02
1.0000000000e+00 0.0000000000e+00 3.9477560444e+04 1.4317115752e+05 2.5848069903e+04 3.0349442364e+04 3.8470246956e+05 5.7824115459e+04 -5.8552089921e+01 3.7383651862e+02 -1.9267005190e+01 -9.9966826161e+01 5.2058986712e+02 -1.4242560516e-13 5.1217913058e+02
1.0000000000e+00 0.0000000000e+00 5.0553868069e+03 1.7175217533e+04 2.0710709171e+03 1.1544233427e+04 3.6835870027e+05 3.1738266189e+04 -1.3638030603e+01 1.2578845144e+02 8.3320181180e+00 -9.1753605524e+01 4.7093168251e+02 -1.1407156947e-13 3.8302575208e+01
1.0000000000e+00 0.0000000000e+00 2.1246747950e+03 1.3521629497e+03 1.6799214108e+03 2.0771817434e+03 1.1147608367e+05 9.2281858850e+03 -8.3194679688e+00 -1.5728869573e+01 1.9434534069e+01 -4.0931050673e+01 1.6218584921e+02 -8.6646599165e-14 -5.5814338935e+01
1.0000000000e+00 0.0000000000e+00 2.4402558364e+03 6.2208066185e+02 1.5530817969e+03 6.1898735782e+03 1.8539868622e+05 1.5969084304e+04 -6.2668849165e+00 3.7813428323e+00 2.7715553802e+01 -7.2741737429e+01 3.0862207904e+02 -9.9052973570e-14 1.1628282556e+02
1.0000000000e+00 0.0000000000e+00 7.7338484283e+03 1.9361625071e+04 4.8904899790e+03 7.7190589883e+03 2.1338558933e+05 2.0908732081e+04 -2.5873699653e+01 1.3806505205e+02 1.8983438691e+00 -6.7634427570e+01 3.4098464768e+02 -1.0843794157e-13 1.4804900291e+02
1.0000000000e+00 0.0000000000e+00 3.8049359604e+03 1.6980593689e+04 3.6669244364e+03 3.1520835043e+03 1.6697370319e+05 1.5076721473e+04 -1.0324275669e+01 1.2983740657e+02 -1.2541597047e+01 -4.5449910112e+01 2.9044022274e+02 -1.0250132216e-13 1.6649217991e+02
1.0000000000e+00 0.0000000000e+00 3.0800587471e+03 1.4957595585e+04 1.7294899100e+03 4.9968496944e+03 1.9337777176e+05 1.6751540926e+04 -4.0496672135e+00 -8.1645275100e+01 3.3099809855e+01 -6.4625213272e+01 2.8238030489e+02 -8.2550740437e-14 -2.9588663071e+02
1.0000000000e+00 0.0000000000e+00 8.7874831164e+03 1.7701557532e+04 6.4280328573e+03 7.6776737571e+03 2.2838316810e+05 2.2479434086e+04 -2.6270832456e+01 1.3247816471e+02 3.2229792772e+00 -6.9261565164e+01 3.4754324753e+02 -1.1117355895e-13 1.1410528273e+02
1.0000000000e+00 0.0000000000e+00 2.3107502306e+03 4.1630480165e+02 1.9057302372e+03 7.1752653846e+03 2.5239521125e+05 2.1062662316e+04 -8.0937771396e+00 1.3649361401e+01 1.8230393889e+01 -7.2513784920e+01 3.6062422210e+02 -1.0226067401e-13 -3.2885662233e+01
1.0000000000e+00 0.0000000000e+00 5.6949622957e+04 1.3011911550e+05 3.9616486306e+04 4.7865605234e+04 7.0988461629e+05 9.2905900943e+04 -7.0114469404e+01 3.6017609003e+02 -1.3530359859e+00 -1.4686688456e+02 7.3112941916e+02 -1.5060601386e-13 2.9777799000e+02
1.0000000000e+00 0.0000000000e+00 1.0437013167e+04 1.6212896608e+03 7.2542186035e+03 1.1022925194e+04 1.9658365958e+05 2.1413914377e+04 -1.9329104714e+01 1.5657563280e+00 4.4302870787e+01 -8.8424815282e+01 3.0937585017e+02 -1.0376479361e-13 7.5113858305e+01
1.0000000000e+00 0.0000000000e+00 6.4375644284e+03 5.3374864138e+04 2.9395911770e+03 2.8310627729e+03 1.7365587169e+05 1.6867953453e+04 -1.4244354765e+01 2.1444532450e+02 -2.1364018279e+01 -4.3027805372e+01 2.6846951875e+02 -1.1523013873e-13 4.2015765285e+02
1.0000000000e+00 0.0000000000e+00 8.1044917804e+03 1.9064168389e+03 3.8926724178e+03 1.3932845394e+04 2.5487354699e+05 2.5215280466e+04 -1.9327414730e+01 -2.5218735965e+01 4.2966081809e+01 -9.5956575869e+01 3.8828041585e+02 -9.6709210966e-14 -8.0927047267e+01
1.0000000000e+00 0.0000000000e+00 7.9381173521e+04 3.2629752792e+05 5.4264841565e+04 5.6027563420e+04 5.4476076110e+05 1.0151045097e+05 -8.3830262763e+01 5.6592972598e+02 -4.2256869705e+01 -1.1935255458e+02 6.5697592304e+02 -1.6631800190e-13 7.2248137858e+02
1.0000000000e+00 0.0000000000e+00 4.9800111994e+03 2.1401932786e+04 8.1692118101e+02 1.0190464896e+04 3.3920676650e+05 2.8833825952e+04 -1.7109885458e+01 1.4033457600e+02 9.1079547672e+00 -9.1526561285e+01 4.5373286962e+02 -1.2361866013e-13 2.1006579235e+02
1.0000000000e+00 0.0000000000e+00 9.5601078094e+03 1.5069245478e+04 8.7874837757e+03 7.0156277599e+03 1.6542534236e+05 1.8832448349e+04 -2.6497503371e+01 1.1830868065e+02 -4.0760075348e-02 -5.9391379810e+01 3.1252674525e+02 -9.4799041153e-14 3.8548766941e+01
1.0000000000e+00 0.0000000000e+00 4.2155070578e+04 1.5895409428e+05 3.0706784950e+04 2.8073914515e+04 4.8516999125e+05 6.6427894199e+04 -5.7036202354e+01 3.9515694193e+02 -2.4528925241e+01 -1.0999104667e+02 6.0602541544e+02 -1.5033613095e-13 5.2799968663e+02
1.0000000000e+00 0.0000000000e+00 2.2961028718e+04 1.2062112984e+05 1.5308363562e+04 1.2048241161e+04 3.9485904275e+05 4.4572637918e+04 -3.9144273353e+01 3.4109929714e+02 -2.6362876276e+01 -8.7315513126e+01 5.0509438103e+02 -1.3799563079e-13 3.9672524600e+02
1.0000000000e+00 0.0000000000e+00 9.2531238377e+03 1.9163402307e+04 1.6981935425e+03 2.2328987001e+04 5.0191756622e+05 4.5535686803e+04 -1.7985455179e+01 1.3608012998e+02 2.5560308565e+01 -1.2169510709e+02 5.5423655115e+02 -1.3923331880e-13 2.4001090030e+02
1.0000000000e+00 0.0000000000e+00 1.7659460994e+04 3.5069337975e+02 1.0233525396e+04 2.4625831767e+04 3.5283135439e+05 3.9295556590e+04 -3.4430908014e+01 -7.8341029228e+00 5.3462721976e+01 -1.2491828987e+02 5.0292604508e+02 -1.1390995794e-13 1.4460438951e+01
1.0000000000e+00 0.0000000000e+00 5.2789589298e+03 8.7401563861e+03 3.5889262132e+03 7.2139099580e+03 2.2304960575e+05 2.0243760737e+04 -1.0544369539e+01 -8.3069514542e+01 4.3814115901e+01 -8.2728250395e+01 3.3646301739e+02 -1.0115991695e-13 -4.9897608755e+01
1.0000000000e+00 0.0000000000e+00 1.2436414507e+04 3.0180131684e+04 7.9173975444e+03 1.5066377189e+04 4.1931958303e+05 3.9922171063e+04 -3.0732589892e+01 1.7143714522e+02 5.7412387962e+00 -9.9470518791e+01 5.0584088335e+02 -1.3058454118e-13 1.7158196122e+02
1.0000000000e+00 0.0000000000e+00 9.8269321584e+03 1.0267673467e+04 6.5509829132e+03 1.1365386780e+04 2.6351821699e+05 2.6195359697e+04 -2.8967589648e+01 9.6221727404e+01 1.4636930696e+01 -8.5506413472e+01 4.1026958951e+02 -1.1365614033e-13 1.5387813483e+02
1.0000000000e+00 0.0000000000e+00 7.5155636622e+02 2.2061055501e+03 9.5026713918e+02 3.3254927154e+03 1.8003234634e+05 1.4131420922e+04 3.2473656185e+00 4.0765562918e+01 5.6895484350e+00 -3.9254475285e+01 1.9745586990e+02 -1.0938035525e-13 1.0200421724e+02
1.0000000000e+00 0.0000000000e+00 7.9447235286e+03 7.6078590098e+03 2.1054406852e+03 1.4884070237e+04 3.4480708228e+05 3.1205914089e+04 -2.4326920547e+01 8.6550752150e+01 2.8486195017e+01 -1.0556873629e+02 4.6349748955e+02 -1.1099469695e-13 5.7526055527e+01
1.0000000000e+00 0.0000000000e+00 3.0312492124e+04 4.1651268171e+04 1.4038663922e+04 3.8407942758e+04 5.2228996848e+05 6.0608874621e+04 -5.3768784292e+01 2.0390000399e+02 2.8100839423e+01 -1.4385871890e+02 6.3707466319e+02 -1.3152657293e-13 2.4109010288e+02
1.0000000000e+00 0.0000000000e+00 6.0347284389e+03 3.6905118172e+03 4.2542133035e+03 1.1524514020e+04 2.6587844565e+05 2.5110574903e+04 -8.6422590269e+00 -5.9106416213e+01 4.4489366561e+01 -9.3102569506e+01 3.8425554744e+02 -1.0024733419e-13 -6.3146447126e+01
1.0000000000e+00 0.0000000000e+00 1.6673729735e+04 1.0211560767e+05 1.0291215833e+04 1.4829994497e+04 3.4767478629e+05 3.9578587056e+04 -2.6768100274e+00 -2.9467802658e+02 8.5568448069e+01 -1.0958736092e+02 4.0506690323e+02 -9.5316522921e-14 -4.4378198859e+02
1.0000000000e+00 0.0000000000e+00 7.8911503295e+03 4.4737185087e+03 4.1086459185e+03 1.4714475695e+04 3.3934211339e+05 3.1470154176e+04 -1.5580640788e+01 -6.1640248121e+01 5.3066549731e+01 -1.1241511006e+02 4.6098324914e+02 -1.0642158002e-13 -8.8724680738e+01
1.0000000000e+00 0.0000000000e+00 1.6177179985e+04 4.7937441568e+04 7.6871755756e+03 3.7339020688e+04 1.0975312063e+06 9.6388973138e+04 -2.7222344943e+01 2.0856642383e+02 1.0827660229e+01 -1.5927591660e+02 8.4800003270e+02 -1.7849923619e-13 3.4623955919e+02
1.0000000000e+00 0.0000000000e+00 2.7736541033e+03 1.4759462951e+03 3.5330731404e+03 1.8679858339e+03 1.3696521799e+05 1.1652969112e+04 -8.0877769984e+00 2.5351288536e+01 3.3870435814e-01 -3.2077092854e+01 1.9483538486e+02 -1.0348281555e-13 7.1836097612e+01
1.0000000000e+00 0.0000000000e+00 5.1784981638e+03 1.3807955745e+04 5.8055105332e+03 6.4782686360e+03 2.3020146230e+05 2.1598396527e+04 -1.7083302611e+00 9.8401725239e+01 1.5640874757e+01 -7.0958155804e+01 3.0442420050e+02 -1.1778409453e-13 1.7858031725e+02
1.0000000000e+00 0.0000000000e+00 3.7775978147e+04 2.2257794110e+05 1.7211198208e+04 2.7622916049e+04 6.2724646086e+05 7.3109815986e+04 -5.2787454984e+01 4.6966499858e+02 -2.5975177357e+01 -1.2858794061e+02 6.8551758451e+02 -1.5529832211e-13 5.4697388431e+02
1.0000000000e+00 0.0000000000e+00 2.7567497923e+04 8.5244951891e+04 2.4382335192e+04 1.6068263964e+04 5.2370341472e+05 5.7217969997e+04 -4.3755821268e+01 2.9133019700e+02 -1.7501209362e+01 -1.0398056428e+02 5.9694307769e+02 -1.4532255596e-13 2.2631171516e+02
1.0000000000e+00 0.0000000000e+00 9.2348367960e+03 4.8777294415e+04 4.8533439020e+03 5.7135845346e+03 1.4981691964e+05 1.7165523637e+04 -2.5736310262e+01 2.1856057901e+02 -1.3271145699e+01 -4.6842517878e+01 2.3921935216e+02 -1.0567353197e-13 1.9124879537e+02
1.0000000000e+00 0.0000000000e+00 8.5341138209e+03 1.8596392735e+03 4.4210333657e+03 1.4884512227e+04 3.4265349550e+05 3.1775106071e+04 -2.0865519468e+01 -2.4188757260e+01 4.5610902120e+01 -1.1040793931e+02 4.6772741459e+02 -1.0957072018e-13 -7.8638362173e+01
1.0000000000e+00 0.0000000000e+00 4.1865527232e+03 1.2343136314e+03 1.8012040825e+03 5.6153446242e+03 1.7320311895e+05 1.5026273008e+04 -1.4506685421e+01 1.8645521467e+01 2.5530005521e+01 -5.9630431106e+01 2.2354988984e+02 -1.1462160997e-13 1.1603349672e+02
1.0000000000e+00 0.0000000000e+00 7.9694614732e+03 2.8455669961e+04 6.1563004014e+03 6.2826359403e+03 2.2551684178e+05 2.2070719866e+04 -2.2618031267e+01 1.6789077762e+02 -6.3972093498e+00 -6.4678390428e+01 3.5234183725e+02 -1.0904841313e-13 1.6240914200e+02
1.0000000000e+00 0.0000000000e+00 3.8942088732e+03 2.8348811746e+03 2.3217355562e+03 1.7894970230e+04 4.7478563210e+05 4.1166810511e+04 -4.2503162617e+00 -4.3553468529e+01 4.1361609039e+01 -1.1074336188e+02 5.1146078066e+02 -1.2367354119e-13 -7.5053477476e+01
1.0000000000e+00 0.0000000000e+00 4.3039635202e+03 9.9214177177e+03 1.8397650896e+03 4.8740963330e+03 2.0278910351e+05 1.7127424701e+04 -1.8774813310e+01 8.8667172954e+01 1.0022211996e+01 -6.1780035819e+01 2.8589171017e+02 -1.1156885926e-13 1.7983911053e+02
1.0000000000e+00 0.0000000000e+00 9.9314399450e+03 5.3036586923e+04 2.6407095548e+03 1.0366149459e+04 2.9444135676e+05 2.8253599541e+04 -2.6222865108e+01 2.2279171865e+02 -2.4105416362e+00 -8.5323448440e+01 4.2520444483e+02 -1.2606361259e-13 3.8711352487e+02
1.0000000000e+00 0.0000000000e+00 7.6732239642e+03 3.8768318902e+04 3.9306884656e+03 1.3237121370e+04 2.8319417583e+05 2.8645536858e+04 -1.6304556774e-01 -1.7367208713e+02 5.2748275748e+01 -8.6430941003e+01 3.7073617884e+02 -8.4204191298e-14 -4.6209351619e+02
1.0000000000e+00 0.0000000000e+00 9.3452967863e+02 1.1559107530e+03 1.3412685463e+03 3.5509049134e+03 1.3266216191e+05 1.1163849135e+04 5.4453790728e+00 -3.1443391740e+01 7.4129019751e+00 -2.9808389627e+01 1.7601713624e+02 -8.9468134145e-14 -6.8387989775e+00
1.0000000000e+00 0.0000000000e+00 8.4345764130e+02 3.4423635615e+03 5.1054229968e+02 6.0752758344e+03 2.2076134182e+05 1.7985844571e+04 -1.6969955426e+00 5.8344501677e+01 1.8616131520e+00 -5.6287437054e+01 3.2357211830e+02 -1.0444450187e-13 4.2711933876e+01
1.0000000000e+00 0.0000000000e+00 8.7832644465e+03 4.8364568658e+03 3.8407909248e+03 1.3978136825e+04 3.4469866202e+05 3.1399950201e+04 -2.4358367996e+01 4.7941499419e+01 3.3620065595e+01 -1.0513821103e+02 4.5609726207e+02 -1.2338129517e-13 1.7335530809e+02
1.0000000000e+00 0.0000000000e+00 4.0730574936e+04 1.3311508038e+05 1.8675887005e+04 4.6221388407e+04 6.5923910550e+05 7.9877057202e+04 -6.1836746853e+01 3.6310529697e+02 1.0308222735e+00 -1.4834943165e+02 7.2366319305e+02 -1.5356662708e-13 4.5380003040e+02
1.0000000000e+00 0.0000000000e+00 2.3275393750e+04 7.2099356832e+04 8.3476319109e+03 2.9624982365e+04 5.9808136546e+05 6.0788069967e+04 -4.3072546121e+01 2.6800668916e+02 1.2944634746e+01 -1.3708413366e+02 6.4151675121e+02 -1.4237871407e-13 2.6707148260e+02
1.0000000000e+00 0.0000000000e+00 1.5163728373e+04 6.9289152795e+03 8.4406853932e+03 1.8754353465e+04 3.8898313528e+05 3.8624695411e+04 -3.6010883044e+01 8.2121721729e+01 3.1048099644e+01 -1.1463266578e+02 5.1127171253e+02 -1.1642564560e-13 4.5078573267e+01
1.0000000000e+00 0.0000000000e+00 4.7757303824e+03 5.5726535142e+03 5.9902655124e+03 8.9451253183e+03 4.3931222624e+05 3.6450801421e+04 -8.1630434970e+00 -5.3415069127e+01 2.3640578029e+01 -8.3061669547e+01 4.4619029072e+02 -1.2343838521e-13 -1.2266648593e+02
1.0000000000e+00 0.0000000000e+00 1.0238253337e+04 3.6143235974e+04 7.6429462590e+03 7.4276539842e+03 3.0470606119e+05 2.8935901844e+04 -2.6218265249e+01 1.8816364371e+02 -6.8205142938e+00 -7.8126206782e+01 4.3055261261e+02 -1.1259153160e-13 1.1317310578e+02
1.0000000000e+00 0.0000000000e+00 5.8159742933e+03 1.0046481986e+04 7.3897439489e+03 2.3820153835e+03 1.8815959268e+05 1.7415270843e+04 -1.5320853417e+01 9.5813832247e+01 -9.2548274458e+00 -4.3876271449e+01 2.8382052071e+02 -9.9351416803e-14 -2.5796720621e+00
1.0000000000e+00 0.0000000000e+00 2.6993389058e+03 1.0142660632e+04 8.5151961706e+02 2.7777772495e+03 1.3037735267e+05 1.0894046646e+04 -1.4927601627e+01 9.1286212349e+01 1.7028143457e+00 -4.3453469996e+01 2.1407778789e+02 -1.0398399087e-13 2.2661703568e+02
1.0000000000e+00 0.0000000000e+00 2.4837350096e+03 1.8132662043e+03 1.0095227573e+03 5.5692245343e+03 1.6067059393e+05 1.3849845831e+04 -9.2957829211e+00 2.5042142757e+01 2.2881143999e+01 -6.4259941281e+01 2.6694622334e+02 -1.0068683594e-13 1.2755984977e+02
1.0000000000e+00 0.0000000000e+00 5.2184887023e+04 2.7140382846e+05 3.0790584187e+04 3.3036608483e+04 5.6566784244e+05 7.9685425213e+04 -6.3745920363e+01 5.1676416039e+02 -3.7449223880e+01 -1.1776529836e+02 6.5165446165e+02 -1.5937962672e-13 6.1865973935e+02
1.0000000000e+00 0.0000000000e+00 3.6536439856e+03 3.8624634250e+03 5.5508243324e+03 3.1022867554e+03 2.0413864048e+05 1.7717044153e+04 -6.3864256699e+00 -3.5410909297e+01 6.0865376144e+00 -4.3406598685e+01 2.7885665146e+02 -9.5227227484e-14 -1.2294057983e+02
1.0000000000e+00 0.0000000000e+00 2.5567371613e+04 7.9768039048e+04 1.2688383408e+04 2.5472350864e+04 4.6966218558e+05 5.2523513743e+04 -4.7176438739e+01 2.7493572695e+02 3.9590958450e+00 -1.1794353630e+02 5.6532944177e+02 -1.4141928575e-13 4.3718715545e+02
1.0000000000e+00 0.0000000000e+00 1.0248007112e+04 3.7333058245e+04 1.2226153296e+03 2.1904475243e+04 4.1555578391e+05 4.0228944942e+04 -2.1832204078e+01 1.8910115841e+02 1.1351394306e+01 -1.1054796449e+02 5.3136457850e+02 -1.2838296803e-13 3.0511277477e+02
1.0000000000e+00 0.0000000000e+00 1.8789094747e+03 1.5159701510e+04 9.6467661052e+02 5.7936713802e+03 2.1425700537e+05 1.8196478407e+04 2.9035080268e-02 1.1989175362e+02 -5.2546687236e+00 -5.2874960149e+01 3.0097004993e+02 -1.0692481646e-13 9.7610902391e+01
1.0000000000e+00 0.0000000000e+00 2.0181193831e+04 6.2865483370e+04 1.0197535330e+04 1.8826168895e+04 4.4434935486e+05 4.5905719692e+04 -4.2809941159e+01 2.4733309410e+02 1.5698488773e+00 -1.0681645278e+02 5.2613858445e+02 -1.4734104780e-13 3.9038914621e+02
1.0000000000e+00 0.0000000000e+00 4.7694759699e+03 1.9692856795e+04 4.1949384039e+03 4.6702185060e+03 2.7220330560e+05 2.3202696723e+04 -1.3360222286e+01 1.2274311551e+02 -6.0411085778e+00 -6.2116005011e+01 3.6604045814e+02 -1.1945723265e-13 2.1683979520e+02
1.0000000000e+00 0.0000000000e+00 6.9949003422e+03 3.6958626195e+04 3.0710427984e+03 5.5190785129e+03 2.2146876575e+05 2.0543829525e+04 -2.2888267775e+01 1.8367288469e+02 -5.9495619387e+00 -6.5665749643e+01 3.4450239493e+02 -1.1299349768e-13 2.3307482886e+02
1.0000000000e+00 0.0000000000e+00 6.0680392799e+03 1.3086069494e+04 3.4329825269e+03 8.8665991702e+03 1.3192678504e+05 1.5009971994e+04 -9.1197289055e+00 -1.0002240212e+02 4.7539062484e+01 -7.2931362701e+01 2.5919421216e+02 -7.6779774762e-14 -1.9461375793e+02
1.0000000000e+00 0.0000000000e+00 3.8122872396e+03 1.0198339103e+04 3.0332079075e+03 1.5639952792e+04 2.3025056127e+05 2.4370789773e+04 1.3226582167e+01 9.7625374751e+01 -7.1968663912e+00 -5.2138050660e+01 3.2484165563e+02 -1.0216494988e-13 7.7093202587e+01
1.0000000000e+00 0.0000000000e+00 2.8212810705e+03 1.3825803969e+04 6.4462377554e+02 8.3865764572e+03 2.7672290610e+05 2.3366417923e+04 -8.4519022038e+00 1.1696751575e+02 3.3083639916e+00 -7.3587381698e+01 3.8748694935e+02 -1.0740020973e-13 7.2001900343e+01
1.0000000000e+00 0.0000000000e+00 1.8139027322e+04 5.2966256513e+04 7.4530125929e+03 2.4567818034e+04 4.2535665823e+05 4.5551702194e+04 -3.9787030756e+01 2.2604301840e+02 9.9866828694e+00 -1.1985594713e+02 5.7551647647e+02 -1.2598942327e-13 3.4258061649e+02
1.0000000000e+00 0.0000000000e+00 1.4369760052e+03 1.5492413985e+02 4.8857827238e+02 2.5433865193e+03 9.6254899301e+04 7.8424257085e+03 -7.6065976379e+00 3.0845860339e-01 1.9195800143e+01 -4.3466595056e+01 1.6896627448e+02 -8.0857867968e-14 -1.7429821103e+01
1.0000000000e+00 0.0000000000e+00 1.8572650667e+04 7.4014422677e+03 9.4204502850e+03 4.8076417401e+04 7.7756790113e+05 7.8465441996e+04 -1.3302007529e+01 -5.4264906672e+01 7.7652684536e+01 -1.7655160370e+02 7.2916638126e+02 -1.2578962225e-13 -2.4959666777e+02
1.0000000000e+00 0.0000000000e+00 6.0541281071e+03 1.5040928054e+04 3.2045826200e+03 1.2128952632e+04 3.1384992301e+05 2.8719481029e+04 -8.3274893627e+00 -1.0116877637e+02 4.6908546426e+01 -9.5145207092e+01 4.1342137310e+02 -9.3493056647e-14 -2.4447120874e+02
1.0000000000e+00 0.0000000000e+00 6.3005630097e+03 5.1579251758e+03 4.8710045923e+03 1.0609088854e+04 2.4861226087e+05 2.3873803341e+04 -9.4844486111e+00 -7.0624512414e+01 4.7549271808e+01 -9.4262729848e+01 3.8091548866e+02 -9.8156821344e-14 -5.0495947564e+01
1.0000000000e+00 0.0000000000e+00 5.2740619463e+04 9.1789122811e+04 3.7404445553e+04 4.9921244556e+04 6.9955233785e+05 9.0290646534e+04 -6.8301279470e+01 2.9772142748e+02 1.0196417719e+01 -1.5195131853e+02 7.3722602766e+02 -1.5281760908e-13 3.1373891613e+02
1.0000000000e+00 0.0000000000e+00 3.5548458654e+04 1.7839202527e+05 2.1142954205e+04 2.4439067459e+04 5.3786628685e+05 6.5167416221e+04 -5.1179666937e+01 4.1766732551e+02 -2.4951460345e+01 -1.1526199827e+02 6.2761273556e+02 -1.5193492262e-13 5.4363203416e+02
1.0000000000e+00 0.0000000000e+00 9.8097290772e+03 1.1930871815e+02 2.7050347939e+03 2.3611245978e+04 3.5465175174e+05 3.5702351178e+04 -1.9135410998e+01 -8.3285549363e+00 4.8931339130e+01 -1.1955035725e+02 4.9624418802e+02 -1.0973465970e-13 4.0235328932e+01
1.0000000000e+00 0.0000000000e+00 1.2385052278e+04 4.6230362855e+04 5.3445321094e+03 2.0854229173e+04 6.8490077307e+05 6.0087136905e+04 -2.7886315401e+01 2.1436314737e+02 8.9219476050e+00 -1.3390315507e+02 6.8537046495e+02 -1.4782023206e-13 2.1115299439e+02
1.0000000000e+00 0.0000000000e+00 3.0244071142e+03 2.8547355889e+03 1.4595641195e+03 5.1592231543e+03 1.6169452522e+05 1.3978848655e+04 -4.4434805787e+00 -4.9238632095e+01 3.0542673907e+01 -5.6724207144e+01 2.2181523217e+02 -9.5890209647e-14 -5.5813451662e+01
1.0000000000e+00 0.0000000000e+00 5.1527534692e+04 1.6364567103e+05 3.6133575064e+04 3.8517387327e+04 5.6635915929e+05 7.9182519905e+04 -6.5679105818e+01 4.0429374374e+02 -1.6901003051e+01 -1.2586395227e+02 6.5712847013e+02 -1.4659074507e-13 4.7741813972e+02
1.0000000000e+00 0.0000000000e+00 3.0554712646e+03 2.5440869374e+04 1.1714586491e+03 4.0506959718e+03 2.2059864099e+05 1.8432639132e+04 -9.8954193350e+00 1.5395011878e+02 -9.1228167352e+00 -5.6541703001e+01 3.2536223146e+02 -1.1599784020e-13 2.4970222585e+02
1.0000000000e+00 0.0000000000e+00 5.8158849755e+03 1.7582713395e+03 6.1997772031e+03 4.9145794643e+03 2.4050077955e+05 2.1157891042e+04 -1.5525425621e+01 -4.0413167740e+01 2.5621309088e+01 -6.7883332298e+01 3.2188849677e+02 -1.1073573819e-13 -5.4941261956e+01
1.0000000000e+00 0.0000000000e+00 7.5897656836e+03 2.2666136132e+04 9.8109304688e+03 2.9258695369e+03 2.5588543390e+05 2.3884460534e+04 -1.3523763697e+01 1.3874408774e+02 -2.0872078358e+01 -4.4809313010e+01 3.3297462440e+02 -1.1179889546e-13 -1.4764462978e+01
1.0000000000e+00 0.0000000000e+00 1.8428526722e+04 1.4708846018e+03 1.3359957604e+04 2.1384294584e+04 4.4049015197e+05 4.5128856988e+04 -3.6871660113e+01 3.3300351337e+01 3.9419196261e+01 -1.2311950274e+02 5.5058570026e+02 -1.2165085595e-13 1.7763642199e+01
1.0000000000e+00 0.0000000000e+00 2.5553517980e+04 7.2270124482e+04 2.0909949192e+04 2.2943860823e+04 6.1921340191e+05 6.4612181736e+04 -4.2001841677e+01 2.6695765329e+02 -7.5724777005e+00 -1.2078765024e+02 6.6422745072e+02 -1.4132779115e-13 2.5676290169e+02
1.0000000000e+00 0.0000000000e+00 2.6351659343e+04 1.7937833962e+05 7.5212713317e+03 2.3105257056e+04 5.6644679265e+05 6.0663295404e+04 -4.2446076395e+01 4.1449734056e+02 -1.6414416491e+01 -1.2314280582e+02 6.2821051861e+02 -1.6123028435e-13 5.3879217482e+02
1.0000000000e+00 0.0000000000e+00 6.7052964523e+04 3.7068418518e+05 4.0416801720e+04 3.8228458447e+04 9.1313969671e+05 1.1446521621e+05 -6.8771413984e+01 6.0585416168e+02 -4.5009259561e+01 -1.4380082325e+02 8.0961558613e+02 -1.7892439783e-13 5.2080331732e+02
1.0000000000e+00 0.0000000000e+00 1.7437538721e+04 2.6195281063e+04 1.0992826642e+04 1.7164481012e+04 4.3001505132e+05 4.2718904745e+04 -3.9561992123e+01 1.5246395431e+02 1.4275102588e+01 -1.0591132752e+02 5.0840183794e+02 -1.2550168485e-13 3.1151488642e+01
1.0000000000e+00 0.0000000000e+00 2.5665178302e+04 1.9900839962e+04 2.0257307148e+04 3.1834491052e+04 6.2298904334e+05 6.6014173369e+04 -4.3568504708e+01 1.1168761817e+02 2.8902284832e+01 -1.4157121262e+02 6.8438480630e+02 -1.2546444785e-13 -9.5260723797e+01
1.0000000000e+00 0.0000000000e+00 1.1974519837e+04 3.3562164287e+04 4.7719026862e+03 1.8060294486e+04 5.1009126494e+05 4.6192577745e+04 -2.9997094313e+01 1.7814453723e+02 9.9516381350e+00 -1.1384409981e+02 5.7055478612e+02 -1.4196296711e-13 3.0209015668e+02
1.0000000000e+00 0.0000000000e+00 3.3370657327e+04 1.1344634233e+05 2.0687481970e+04 2.3410505999e+04 5.1701613820e+05 5.9890609776e+04 -4.8126416400e+01 3.2716603762e+02 -1.2705413312e+01 -1.0542862610e+02 5.4958219442e+02 -1.6576621468e-13 5.4375760425e+02
1.0000000000e+00 0.0000000000e+00 2.6058642791e+03 4.9785282948e+03 1.3657228935e+03 1.1697532434e+04 2.3800876537e+05 2.2132843870e+04 1.0152442276e+01 6.5017115933e+01 -3.1603165426e+00 -4.7204927171e+01 2.8978970628e+02 -1.0929350802e-13 7.4449721341e+01
1.0000000000e+00 0.0000000000e+00 2.4131678568e+04 7.0390537482e+03 1.3041469091e+04 3.7335519208e+04 5.4089963470e+05 5.9233412148e+04 -3.9444494872e+01 -6.0787980911e+01 6.9623379603e+01 -1.5200432867e+02 6.2039595479e+02 -1.2049108682e-13 -1.3420894506e+02
1.0000000000e+00 0.0000000000e+00 8.4494613697e+03 2.5634772069e+03 8.1925042929e+03 1.6465598911e+04 2.3513530877e+05 2.6919062849e+04 6.3831542505e+00 3.2406069804e+01 2.5776456182e+01 -7.8570320093e+01 3.3918106320e+02 -1.0513559934e-13 1.4942855439e+02
1.0000000000e+00 0.0000000000e+00 1.0537353521e+04 1.5118271758e+03 6.2046649887e+03 1.7281020645e+04 3.8849513706e+05 3.6693747522e+04 -2.0685470159e+01 -3.7208538414e+01 5.1364637717e+01 -1.1908230566e+02 4.9874412894e+02 -1.1187423059e-13 -2.9781726212e+01
1.0000000000e+00 0.0000000000e+00 6.0007079810e+04 1.5120618829e+05 4.1310716118e+04 5.8202060425e+04 8.9415376250e+05 1.1174731846e+05 -7.2264159599e+01 3.8857776077e+02 -1.3174269433e+00 -1.6866528483e+02 8.5656050360e+02 -1.5996547723e-13 4.6040264418e+02
1.0000000000e+00 0.0000000000e+00 4.4222153482e+04 9.2417254664e+04 2.3367508372e+04 4.8227730712e+04 7.2347027173e+05 8.5113541216e+04 -6.4325888007e+01 3.0213651811e+02 1.5823794978e+01 -1.5963046397e+02 7.4953777869e+02 -1.5340535459e-13 3.7741060648e+02
1.0000000000e+00 0.0000000000e+00 5.4089840362e+04 1.9879001209e+05 4.9998412215e+04 2.2958934970e+04 6.0427157366e+05 8.2412796348e+04 -5.9582534740e+01 4.4367236577e+02 -4.1441235549e+01 -1.0679663006e+02 6.5726014612e+02 -1.4799325426e-13 3.4769271787e+02
1.0000000000e+00 0.0000000000e+00 1.4389509587e+04 2.3270526399e+04 1.2047035477e+04 1.1255897399e+04 2.7863436151e+05 3.0175097448e+04 -3.4448261442e+01 1.5192911416e+02 2.0972886278e+00 -8.0974103851e+01 4.1919414868e+02 -1.1422929390e-13 1.5207050004e+02
1.0000000000e+00 0.0000000000e+00 6.8677068016e+03 4.8360956886e+03 3.1990408842e+03 9.9727656429e+03 1.8713021768e+05 1.8714131680e+04 -2.4652375290e+01 6.8504531890e+01 2.0219636355e+01 -7.5958294101e+01 3.3068391283e+02 -1.0159657100e-13 8.2353187711e+01
1.0000000000e+00 0.0000000000e+00 3.2420640157e+04 2.2042366139e+05 2.3196241349e+04 9.1497958877e+03 4.1379529908e+05 5.2873421924e+04 -4.1095377737e+01 4.6015636743e+02 -5.5451429457e+01 -7.2350737022e+01 5.0335226962e+02 -1.5176769082e-13 6.4713974220e+02
1.0000000000e+00 0.0000000000e+00 9.4465865389e+03 1.5554158986e+03 3.9021630961e+03 2.0161115023e+04 3.9267783654e+05 3.7286988272e+04 -1.8801705300e+01 -2.1865365377e+01 5.2079784162e+01 -1.2314172819e+02 5.1016642753e+02 -1.0585756674e-13 -1.6545236838e+02
1.0000000000e+00 0.0000000000e+00 1.2943469452e+04 1.2666196166e+04 7.8407358495e+03 1.5579167463e+04 2.5167013053e+05 2.7978517331e+04 -3.4145141928e+01 1.0627172269e+02 1.8979042220e+01 -9.1302394960e+01 4.1401383608e+02 -1.0366513984e-13 8.4431903665e+01
1.0000000000e+00 0.0000000000e+00 4.8317890133e+04 3.0944247065e+05 2.4354439299e+04 2.8120476381e+04 6.5037429209e+05 8.2267072098e+04 -5.7914972606e+01 5.4541596342e+02 -4.1229613987e+01 -1.2027291868e+02 6.7166817086e+02 -1.7636085424e-13 7.4767057814e+02
1.0000000000e+00 0.0000000000e+00 7.4768938155e+03 2.5510766065e+04 5.8982870532e+03 1.3558249328e+04 2.0438319570e+05 2.3682276845e+04 2.0617040070e+00 -1.5456042326e+02 5.5438404299e+01 -8.6997283391e+01 3.4324457618e+02 -8.2796676297e-14 -2.2788921221e+02
1.0000000000e+00 0.0000000000e+00 6.9172367489e+04 2.4799072910e+05 5.7387226157e+04 4.1934784328e+04 8.1310228573e+05 1.1065849237e+05 -7.1370663666e+01 4.9761917372e+02 -3.5422871793e+01 -1.3859826194e+02 7.9280807736e+02 -1.6609697919e-13 5.2110569273e+02
1.0000000000e+00 0.0000000000e+00 3.0584035705e+04 7.0481018828e+04 1.5784995909e+04 3.3664487514e+04 5.4865290735e+05 6.2416203071e+04 -5.3775017654e+01 2.6448830811e+02 1.1137502715e+01 -1.3544141993e+02 6.4464314836e+02 -1.3363581698e-13 2.4172436248e+02
1.0000000000e+00 0.0000000000e+00 1.0762187197e+04 1.5543444428e+04 1.0141165927e+04 8.0147089506e+03 3.0752872981e+05 2.9449043314e+04 -2.8327980145e+01 1.2396653139e+02 6.2856051555e-01 -7.8894530233e+01 4.3519425110e+02 -1.1804809176e-13 1.4148851679e+02
1.0000000000e+00 0.0000000000e+00 4.8931905906e+04 2.3491465324e+05 1.6640689821e+04 5.3742423573e+04 1.0002239850e+06 1.1037132718e+05 -6.3227710491e+01 4.7508490876e+02 -4.3412336078e+00 -1.8001616874e+02 8.8862322448e+02 -1.8563912174e-13 7.3369759279e+02
1.0000000000e+00 0.0000000000e+00 1.1846523654e+04 7.9515696120e+04 4.1546570219e+03 7.5807655202e+03 2.3110391287e+05 2.4696656655e+04 -2.5818092373e+01 2.6586007813e+02 -1.4255033264e+01 -6.7683224364e+01 3.5084607227e+02 -1.3009031855e-13 4.1227722450e+02
1.0000000000e+00 0.0000000000e+00 9.4773755754e+04 3.6766513200e+05 7.5772379138e+04 5.1861857463e+04 7.4936992400e+05 1.2470682467e+05 -8.4956507692e+01 6.0369535878e+02 -5.1895137705e+01 -1.3163540522e+02 7.7354928762e+02 -1.7137462801e-13 7.6575033131e+02
1.0000000000e+00 0.0000000000e+00 1.5224579655e+04 3.2450733264e+04 1.3368762182e+04 1.5631299919e+04 4.0739529604e+05 4.1837929145e+04 -1.2761826578e+01 -1.7825045839e+02 7.3818122295e+01 -1.2092506468e+02 4.7096405225e+02 -1.1574467914e-13 -1.5979646226e+02
1.0000000000e+00 0.0000000000e+00 8.5481027815e+03 4.6444971470e+04 4.2008035073e+03 1.0957745690e+04 3.1354491515e+05 3.0152440122e+04 -8.6657828076e+00 2.0753271216e+02 4.8622086886e+00 -8.7136722296e+01 4.0200555869e+02 -1.2476155885e-13 3.3272519133e+02
1.0000000000e+00 0.0000000000e+00 1.6644294695e+04 1.0579142117e+04 1.1606331581e+04 2.8678792339e+04 4.4105920567e+05 4.8160224957e+04 -1.0840440851e+01 -1.0111189457e+02 7.4443732930e+01 -1.3777354233e+02 5.2348772232e+02 -1.1405587288e-13 -1.3479463527e+02
1.0000000000e+00 0.0000000000e+00 2.0464670308e+03 1.1429289055e+03 2.0786573083e+03 5.6378167180e+03 2.7094863122e+05 2.1725842382e+04 -7.2111607064e+00 -4.8485677636e+00 1.5833452429e+01 -6.7241090310e+01 3.5414466173e+02 -1.0756190782e-13 -6.8397519936e+01
1.0000000000e+00 0.0000000000e+00 1.4245054586e+04 1.8050761755e+04 7.0976096487e+03 2.3388659468e+04 3.3133342149e+05 3.6813996093e+04 -1.8357678335e+01 -1.3368715210e+02 7.2007204274e+01 -1.2415640581e+02 4.7151692700e+02 -9.9949126607e-14 -1.1480755228e+02
1.0000000000e+00 0.0000000000e+00 3.3076444821e+04 6.8577604888e+04 2.6196695059e+04 2.7407062496e+04 4.5339379476e+05 5.7573769922e+04 -5.3443640583e+01 2.6099036598e+02 -2.8067034641e+00 -1.1209568561e+02 5.7963573699e+02 -1.2946957959e-13 1.8708622545e+02
1.0000000000e+00 0.0000000000e+00 4.6413098971e+04 1.1776518613e+05 2.1152500279e+04 5.5068604183e+04 7.6465678841e+05 9.1276214736e+04 -6.6540007029e+01 3.4044993757e+02 1.3926580843e+01 -1.6754636441e+02 7.8673488285e+02 -1.5594283621e-13 4.5989384611e+02
1.0000000000e+00 0.0000000000e+00 8.9385951410e+03 4.3041644054e+04 1.0175380584e+03 2.0152081868e+04 4.5315331080e+05 4.2159344631e+04 -1.9767067293e+01 1.9872188761e+02 8.0902961751e+00 -1.1256929853e+02 5.5877878387e+02 -1.3818310479e-13 3.8672880383e+02
1.0000000000e+00 0.0000000000e+00 9.5623321670e+03 5.7586103458e+04 4.0460527981e+03 6.7126201853e+03 1.9760380550e+05 2.0919175243e+04 -2.6690672599e+01 2.3298485310e+02 -1.4009142544e+01 -6.2603920855e+01 3.3930308281e+02 -1.1693909097e-13 3.9341230052e+02
1.0000000000e+00 0.0000000000e+00 3.9298063688e+04 1.5373771242e+05 1.9538046544e+04 3.7318549689e+04 6.8756049710e+05 7.9148130021e+04 -5.8740433180e+01 3.8686574547e+02 -8.9502578229e+00 -1.4121979785e+02 7.2222568877e+02 -1.6414037959e-13 6.1884131710e+02
1.0000000000e+00 0.0000000000e+00 6.9206281477e+03 1.9988375231e+04 1.1511411801e+03 1.3135093675e+04 3.7164142483e+05 3.2421026341e+04 -2.0353467072e+01 1.4097777578e+02 9.7406163901e+00 -9.0594745076e+01 4.4294030877e+02 -1.2839153081e-13 1.8808155006e+02
1.0000000000e+00 0.0000000000e+00 3.7183789681e+04 1.6616770340e+05 1.8076816371e+04 3.0614568329e+04 5.6486028851e+05 6.7848955432e+04 -5.6524857526e+01 4.0723178083e+02 -1.4713118168e+01 -1.2525921708e+02 6.3687907784e+02 -1.4602869036e-13 3.7526940382e+02
1.0000000000e+00 0.0000000000e+00 3.5800065108e+04 6.6217035273e+04 2.1584035430e+04 3.7497168477e+04 5.0715657286e+05 6.3647182938e+04 -5.9673514668e+01 2.5457718115e+02 9.7905597766e+00 -1.2801509752e+02 6.1063919532e+02 -1.4046686622e-13 3.7635687516e+02
1.0000000000e+00 0.0000000000e+00 4.5974122227e+03 2.3853499820e+04 2.9484234027e+03 3.7504544098e+03 1.8969858100e+05 1.6906041906e+04 -1.3904365799e+01 1.5360374445e+02 -4.8500773140e+00 -5.6710799614e+01 2.9936869082e+02 -1.0282543266e-13 1.1296712405e+02
1.0000000000e+00 0.0000000000e+00 3.6560235482e+04 9.8274807383e+04 3.5130245508e+04 1.8301833205e+04 4.6783439413e+05 5.9748099777e+04 -5.1310595401e+01 3.1293398145e+02 -2.3445348326e+01 -9.6529796706e+01 5.6905906327e+02 -1.4350700148e-13 4.1569970081e+02
1.0000000000e+00 0.0000000000e+00 5.8944849683e+03 3.0821716569e+04 2.0887813849e+03 1.1744569149e+04 3.0108557243e+05 2.7986845155e+04 -8.8752517346e+00 1.7400500385e+02 2.5681923259e+00 -8.4556073736e+01 4.2401980601e+02 -1.1170459369e-13 1.7977329878e+02
1.0000000000e+00 0.0000000000e+00 4.8841557824e+04 1.1869008007e+05 4.4064528420e+04 3.5673498698e+04 7.3399399336e+05 9.0366484394e+04 -6.0480044046e+01 3.4257964559e+02 -1.4156849569e+01 -1.3703428076e+02 7.6003114725e+02 -1.4172707005e-13 1.9896667575e+02
1.0000000000e+00 0.0000000000e+00 2.0326992634e+04 1.8681819325e+04 1.3094224254e+04 2.3739206043e+04 3.8305330952e+05 4.3067435439e+04 -2.5804627659e+01 -1.3517220407e+02 8.0213886821e+01 -1.3489066926e+02 4.9217642725e+02 -1.0720166413e-13 -1.4214301054e+02
1.0000000000e+00 0.0000000000e+00 5.7450190604e+04 1.0688557591e+05 4.0251053818e+04 5.2304706811e+04 6.7343657891e+05 9.1585854317e+04 -7.2024098748e+01 3.1929120948e+02 6.9445711924e+00 -1.4868348430e+02 7.2023309162e+02 -1.6350409902e-13 5.2667777874e+02
1.0000000000e+00 0.0000000000e+00 6.4533381017e+03 6.8734996786e+03 3.0014675999e+03 1.1888261509e+04 2.1104594035e+05 2.1204472615e+04 -1.0686663294e+01 -7.5654999419e+01 4.4356772534e+01 -8.2150250805e+01 3.2364546397e+02 -1.0465391642e-13 5.7524019425e+01
1.0000000000e+00 0.0000000000e+00 2.2224689297e+04 2.6057824644e+03 2.2942904737e+04 1.7688831398e+04 5.3644058286e+05 5.4098624884e+04 -3.8201302130e+01 3.3639485439e+01 2.7197259066e+01 -1.1632377573e+02 5.8298254492e+02 -1.3407499448e-13 -2.5335425416e+01
1.0000000000e+00 0.0000000000e+00 3.3729794829e+04 6.7622577258e+04 2.1028972659e+04 3.5956793722e+04 4.9381171670e+05 6.1883336904e+04 -5.6521157617e+01 2.5949090895e+02 8.2132134546e+00 -1.2969593912e+02 6.2843483742e+02 -1.3172110013e-13 2.7911706560e+02
1.0000000000e+00 0.0000000000e+00 4.9650332170e+04 7.9986395167e+04 2.6308196045e+04 6.0477846777e+04 6.7651428162e+05 8.8147309620e+04 -7.0631057268e+01 2.8192637273e+02 2.2728358747e+01 -1.6272092258e+02 7.4092690997e+02 -1.4381047046e-13 2.3230082257e+02
1.0000000000e+00 0.0000000000e+00 4.9312445658e+04 1.3549228878e+05 4.6632649689e+04 2.7939806253e+04 4.5482433701e+05 7.0030915182e+04 -5.8165888705e+01 3.6802604050e+02 -2.8825760998e+01 -9.9753063367e+01 5.8469122047e+02 -1.4400909986e-13 4.1233980327e+02
1.0000000000e+00 0.0000000000e+00 1.3679291360e+03 5.2331113279e+03 1.3625648094e+03 4.4038024403e+03 1.8387768922e+05 1.5205138183e+04 5.9794230490e-01 -7.1775699706e+01 2.2248393869e+01 -5.1356450912e+01 2.5546514966e+02 -9.4129577037e-14 -7.6489775343e+01
1.0000000000e+00 0.0000000000e+00 2.3460400608e+04 5.6377042882e+03 1.2709437731e+04 3.2274606583e+04 5.9014064974e+05 6.0044419716e+04 -4.3210552743e+01 7.3834241347e+01 4.6873219259e+01 -1.4948090942e+02 6.5022338086e+02 -1.3064246055e-13 1.0153185199e+02
1.0000000000e+00 0.0000000000e+00 3.7223597835e+04 1.1031074307e+05 2.7974611736e+04 2.6604396305e+04 4.1918767238e+05 5.7741179559e+04 -5.6718572762e+01 3.3191874212e+02 -1.5518247265e+01 -1.0534785457e+02 5.6357159271e+02 -1.3760850735e-13 3.9132717317e+02
1.0000000000e+00 0.0000000000e+00 1.7386712901e+03 6.3120993962e+02 2.4530808331e+03 3.0349888360e+03 1.3956441209e+05 1.1848130362e+04 1.0978795766e+00 -1.4051387742e+00 1.6796569259e+01 -4.5423949979e+01 1.9876322933e+02 -9.9231462025e-14 5.6457915540e+01
1.0000000000e+00 0.0000000000e+00 5.9475703468e+04 7.9746991884e+04 3.1618604576e+04 7.2287735824e+04 8.5146461101e+05 1.0753202805e+05 -7.6602803647e+01 2.8179579001e+02 3.1556821714e+01 -1.8551225888e+02 8.3766422090e+02 -1.5204253128e-13 3.1703051492e+02
1.0000000000e+00 0.0000000000e+00 4.1965643022e+03 3.1669665198e+03 5.9158098977e+02 1.2901613844e+04 3.3343510824e+05 2.8672303978e+04 -1.0128581701e+01 4.8278708709e+01 2.3240011024e+01 -9.1236294265e+01 4.2891576148e+02 -1.1296728986e-13 7.2478804319e+01
1.0000000000e+00 0.0000000000e+00 2.0026850269e+04 1.4873484175e+05 7.3320714958e+03 1.6992810181e+04 5.0139230814e+05 5.1926255170e+04 -3.3206078746e+01 3.7422480594e+02 -2.1349137373e+01 -1.0924591151e+02 5.9603214534e+02 -1.4372708317e-13 5.0230423045e+02
1.0000000000e+00 0.0000000000e+00 3.4134355375e+04 6.2389631139e+04 7.3266222723e+03 6.1727301273e+04 7.5406232406e+05 8.4874926524e+04 -5.4901028787e+01 2.4660537825e+02 3.9390768108e+01 -1.7948722774e+02 7.7283214755e+02 -1.5202128550e-13 3.1647639109e+02
1.0000000000e+00 0.0000000000e+00 7.4435073004e+04 3.6756126682e+05 3.9920203122e+04 5.2523954205e+04 7.0277260802e+05 1.0641162814e+05 -8.0210746796e+01 6.0033632606e+02 -3.8287588962e+01 -1.3793033037e+02 7.3112606041e+02 -1.7650186085e-13 7.2535975731e+02
1.0000000000e+00 0.0000000000e+00 3.0856805467e+04 1.5374067178e+05 1.8649599940e+04 1.9375400618e+04 4.0031245251e+05 5.1331497468e+04 -4.8497137057e+01 3.8939045071e+02 -2.6325619821e+01 -9.5594143078e+01 5.2499256225e+02 -1.4027624393e-13 4.4910338498e+02
1.0000000000e+00 0.0000000000e+00 7.2421414024e+03 1.8768425598e+03 1.5977521684e+03 2.8107672694e+04 5.5064172421e+05 5.0527382314e+04 -6.6187279725e+00 3.3503247755e+01 3.2137430134e+01 -1.1950547930e+02 5.7281033060e+02 -1.3487276695e-13 1.9047123985e+01
1.0000000000e+00 0.0000000000e+00 8.3204291406e+03 2.9569606992e+03 6.7982380253e+03 1.0229043695e+04 3.2501112425e+05 2.9562424518e+04 -2.3574227263e+01 4.9933525680e+01 2.0720447516e+01 -9.1171646992e+01 4.4341252447e+02 -1.1816946974e-13 -1.1550634213e+01
1.0000000000e+00 0.0000000000e+00 6.2745947371e+03 2.9826426235e+03 2.6649131078e+03 1.4975214788e+04 2.3894521480e+05 2.4139264227e+04 -1.0253571283e+01 3.7181014100e+01 3.3117906386e+01 -9.3982933920e+01 3.9223397901e+02 -1.0351259270e-13 9.9360352593e+01
1.0000000000e+00 0.0000000000e+00 9.8835656848e+04 3.5485549229e+05 6.6476441460e+04 7.4592972177e+04 6.5531737145e+05 1.2401847016e+05 -9.3509582463e+01 5.9189575987e+02 -3.6471423824e+01 -1.3904555999e+02 7.3319176285e+02 -1.6147780838e-13 7.0946994002e+02
1.0000000000e+00 0.0000000000e+00 4.4121742116e+03 5.7299277801e+03 6.0463563167e+03 5.0312175859e+03 2.4707846522e+05 2.1783393400e+04 -5.2290636762e+00 4.2731082388e+01 -7.3103719158e+00 -4.6061540720e+01 3.2509379669e+02 -1.0808346117e-13 -5.1385407448e+01
1.0000000000e+00 0.0000000000e+00 2.7150927727e+04 7.7701586546e+04 1.1597270853e+04 3.1477265215e+04 5.1582636492e+05 5.7771227725e+04 -5.0711095685e+01 2.7861621914e+02 8.0478934744e+00 -1.3001406186e+02 6.1756576779e+02 -1.3742389979e-13 2.7470711788e+02
1.0000000000e+00 0.0000000000e+00 1.4956504062e+03 8.4136381543e+02 1.1378178247e+03 3.6891552668e+03 1.9329861506e+05 1.5201480800e+04 -7.1783657898e+00 1.2222725275e+01 1.4517594571e+01 -5.7161417196e+01 2.8225652902e+02 -1.0270924195e-13 -3.3823862873e+00
1.0000000000e+00 0.0000000000e+00 2.8570418372e+03 2.6740634998e+04 4.5171656399e+02 4.7526953339e+03 2.2943074714e+05 1.9098147537e+04 -9.3072715078e+00 1.4827309430e+02 -4.5162884290e+00 -6.0444084511e+01 3.2624896829e+02 -1.1356706240e-13 1.9252563041e+02
1.0000000000e+00 0.0000000000e+00 2.7754348214e+04 1.2659404945e+05 6.0008811356e+03 3.3239427828e+04 6.8492124617e+05 6.9947586356e+04 -4.7270534848e+01 3.4791118654e+02 8.2931126321e+00 -1.4929894741e+02 6.9467660208e+02 -1.6503012094e-13 5.2300532605e+02
1.0000000000e+00 0.0000000000e+00 5.6990138808e+03 7.8570327714e+03 7.2454431387e+03 8.3561927474e+03 2.7308542695e+05 2.5658250375e+04 -1.6299155728e+00 -8.4100222686e+01 3.4730185084e+01 -7.6621515828e+01 3.5438717032e+02 -1.0273810097e-13 -1.8112505597e+02
1.0000000000e+00 0.0000000000e+00 1.1578993948e+04 7.3777917944e+03 8.4928047299e+03 1.5305708106e+04 3.6995735653e+05 3.5830283131e+04 -2.3560345013e+01 -7.1461085377e+01 4.7330392949e+01 -1.0995955275e+02 4.8846280303e+02 -1.0598502801e-13 -1.2430437218e+02
1.0000000000e+00 0.0000000000e+00 2.1823075364e+04 2.7244673979e+04 1.8965768819e+04 4.5469954126e+04 6.4483684211e+05 7.3455931088e+04 3.5628159501e+00 -1.6473367482e+02 8.9787938434e+01 -1.6435461615e+02 6.5064227330e+02 -1.1968853922e-13 -1.3576100966e+02
1.0000000000e+00 0.0000000000e+00 6.5718384034e+04 1.0241696487e+05 4.7860144733e+04 9.3612228422e+04 9.8479281969e+05 1.3426522407e+05 -1.9246595820e+01 -3.1900463040e+02 1.5854180096e+02 -2.4250332842e+02 8.4884296485e+02 -1.3539381620e-13 -2.1813573222e+02
1.0000000000e+00 0.0000000000e+00 4.0708116593e+04 1.0688332062e+05 2.3714406849e+04 3.7807091776e+04 4.4849712305e+05 6.2772125194e+04 -6.2424816046e+01 3.2666846525e+02 -1.2803019728e+00 -1.2060644836e+02 5.7876145978e+02 -1.3828960064e-13 3.8388841188e+02
1.0000000000e+00 0.0000000000e+00 2.3144711762e+04 1.6164129513e+03 1.1721169139e+04 3.3420288372e+04 5.3974882343e+05 5.6548176033e+04 -4.0892713801e+01 2.7756140317e+01 5.8572907573e+01 -1.4928279031e+02 6.0779712610e+02 -1.2625396273e-13 -7.3051392304e+01
1.0000000000e+00 0.0000000000e+00 1.9343167599e+04 1.1529358982e+05 8.0565179698e+03 1.4694583845e+04 3.7268517105e+05 4.0888140501e+04 -3.7664906914e+01 3.3071790831e+02 -1.5860742887e+01 -9.7341698494e+01 5.1282492160e+02 -1.3538962796e-13 4.9832172860e+02
1.0000000000e+00 0.0000000000e+00 3.5193240861e+04 1.0170337443e+05 1.6061741062e+04 3.4489810948e+04 5.2259921874e+05 6.2700971220e+04 -5.8250575422e+01 3.1737015216e+02 3.9607868361e+00 -1.2444972232e+02 5.7784734149e+02 -1.5451068593e-13 3.7755962267e+02
1.0000000000e+00 0.0000000000e+00 3.5049932474e+03 5.1465655350e+03 8.3448016253e+02 1.4537260080e+04 4.0211008864e+05 3.4233612057e+04 -9.7067003485e+00 6.7396392337e+01 1.9174116865e+01 -9.8925171778e+01 4.9260543339e+02 -1.2232161067e-13 1.5265621100e+02
1.0000000000e+00 0.0000000000e+00 8.3112438568e+03 2.9976171968e+03 6.3100173799e+03 1.2766425252e+04 3.2839090886e+05 3.0728656582e+04 -1.2641146886e+01 -4.8554350668e+01 5.0471533796e+01 -1.0448871723e+02 4.1470141257e+02 -1.0631446756e-13 -1.5072859217e+02
1.0000000000e+00 0.0000000000e+00 2.1646121728e+04 2.3924882374e+04 1.0515012890e+04 2.7059562700e+04 5.3931140443e+05 5.4226226867e+04 -4.2387021904e+01 1.4971298598e+02 3.0357011982e+01 -1.3516627896e+02 6.0403187466e+02 -1.3359587366e-13 7.2251038743e+01
1.0000000000e+00 0.0000000000e+00 1.9486174544e+04 5.3323173136e+04 1.1650630557e+04 1.6421556183e+04 2.7986820344e+05 3.3909789565e+04 -4.3088067837e+01 2.2933965595e+02 -2.3377203451e+00 -8.6508398278e+01 4.2788783378e+02 -1.2323382379e-13 3.1555521531e+02
1.0000000000e+00 0.0000000000e+00 3.4523279642e+03 2.5189300502e+04 1.3422523564e+03 5.6713847282e+03 2.4877932965e+05 2.1122090523e+04 -9.8296106279e+00 1.5851975907e+02 -2.2746145653e+00 -6.9235903667e+01 3.6345172998e+02 -1.1015561750e-13 2.0568564336e+02
1.0000000000e+00 0.0000000000e+00 2.5058441807e+04 8.9650601669e+04 1.6499711191e+04 1.7873687394e+04 3.5982037291e+05 4.3831522831e+04 -4.4785563219e+01 2.9893548291e+02 -1.2931012036e+01 -9.1995347839e+01 4.8148133299e+02 -1.3357409332e-13 3.6778660179e+02
1.0000000000e+00 0.0000000000e+00 6.7138404205e+03 7.2470216964e+04 2.7217741388e+03 3.9223770027e+03 1.9475693972e+05 1.9631463310e+04 -5.7762265489e+00 2.5940999001e+02 -2.6472140477e+01 -4.7399548142e+01 2.9752672751e+02 -1.2062708442e-13 4.2759094691e+02
1.0000000000e+00 0.0000000000e+00 1.2070790913e+05 2.7240221503e+05 6.9765968150e+04 1.2267844812e+05 1.2820754721e+06 1.8525636836e+05 -1.0710890792e+02 5.2001733770e+02 1.0521930815e+01 -2.2298111896e+02 1.0491634039e+03 -1.8519350306e-13 6.0995374826e+02
1.0000000000e+00 0.0000000000e+00 2.9772183934e+04 1.5853412111e+04 1.8915502741e+04 3.9268464893e+04 5.9826301956e+05 6.6933966573e+04 -5.1266051180e+01 1.1788746848e+02 3.6068750719e+01 -1.4936542409e+02 6.8629294967e+02 -1.2927473754e-13 1.0381972415e+02
1.0000000000e+00 0.0000000000e+00 7.1190681286e+03 4.1301530137e+04 1.5841992045e+03 1.4563379204e+04 3.6785991066e+05 3.4053618196e+04 -1.4129143428e+01 2.0264760383e+02 1.5138017086e+00 -9.4762946780e+01 4.7833039361e+02 -1.2142120506e-13 2.2778953740e+02
1.0000000000e+00 0.0000000000e+00 5.1429843513e+04 1.2191404938e+05 5.3568297742e+04 2.3942348714e+04 4.9408860401e+05 7.3182340226e+04 -5.8212718342e+01 3.4615865957e+02 -3.0229774900e+01 -9.8796978365e+01 6.0334647467e+02 -1.3507422550e-13 2.7522988574e+02
1.0000000000e+00 0.0000000000e+00 2.2991604478e+04 5.0501717853e+04 9.9397178297e+03 2.6706030964e+04 5.0771253459e+05 5.3007844936e+04 -4.6719619833e+01 2.2408669146e+02 1.5374435442e+01 -1.2518139327e+02 5.7822663257e+02 -1.4267440530e-13 2.3420175273e+02
1.0000000000e+00 0.0000000000e+00 3.7028515315e+04 1.4923334059e+04 4.8656711301e+04 1.9202869191e+04 5.6283878765e+05 6.8252986665e+04 -4.1928711054e+01 6.8399047759e+01 8.4244709495e+00 -1.0829258479e+02 6.2374208262e+02 -1.2395849435e-13 -1.7697476761e+02
1.0000000000e+00 0.0000000000e+00 8.5301340579e+03 1.5529731573e+04 9.4857630781e+03 4.2666463205e+03 2.5087314015e+05 2.3660386544e+04 -2.2328391273e+01 1.1420642998e+02 -5.2833692450e+00 -6.0200654194e+01 3.5458612257e+02 -1.2477639149e-13 3.1027356795e+02
1.0000000000e+00 0.0000000000e+00 2.6153738976e+04 9.9132858509e+04 8.1161982541e+03 3.0239565278e+04 4.7843636129e+05 5.4256332436e+04 -4.9002667708e+01 3.1140912447e+02 5.9329605563e+00 -1.2797121363e+02 5.9326655381e+02 -1.4283579895e-13 4.2328485850e+02
1.0000000000e+00 0.0000000000e+00 5.3150435933e+03 3.2167633562e+03 1.2008861543e+03 1.1025948433e+04 2.2301270338e+05 2.0662319103e+04 -1.8665462462e+01 5.6077753795e+01 2.4974948254e+01 -8.4035678553e+01 3.6365013266e+02 -1.0334622233e-13 6.5386364856e+01
1.0000000000e+00 0.0000000000e+00 1.1611077534e+04 6.6119033445e+04 3.9743632368e+03 1.1715306341e+04 3.0921061163e+05 3.1079171968e+04 -2.8865329418e+01 2.5512268331e+02 -6.2535279069e+00 -8.8489338832e+01 4.4733871365e+02 -1.2321871134e-13 3.4478163716e+02
1.0000000000e+00 0.0000000000e+00 2.7807702020e+04 8.6593077541e+04 1.2295792659e+04 3.2106644500e+04 5.7848303161e+05 6.3011085745e+04 -4.9739699266e+01 2.9353831610e+02 7.1963841132e+00 -1.3411046126e+02 6.3958749805e+02 -1.4184631236e-13 2.7055630670e+02
1.0000000000e+00 0.0000000000e+00 1.8968962192e+03 1.5810648604e+03 8.6945181124e+02 1.0644568437e+04 2.7891472284e+05 2.4026014663e+04 -4.1295391109e+00 3.2189001523e+01 1.7239028553e+01 -7.9826858001e+01 4.0250706169e+02 -1.0291551398e-13 -5.0864640429e+00
1.0000000000e+00 0.0000000000e+00 6.7883050583e+03 2.9748916351e+04 3.8873404776e+03 7.9482919940e+03 1.6066056143e+05 1.7547560548e+04 -9.1958725408e-01 -1.4616784826e+02 4.7243889185e+01 -6.2320893285e+01 2.2369397604e+02 -8.1299882205e-14 -3.2261797327e+02
1.0000000000e+00 0.0000000000e+00 5.7408273216e+03 4.7117308483e+03 6.0529862057e+03 4.3166579798e+03 1.7279142823e+05 1.6416251593e+04 -1.9431098136e+01 5.7355504575e+01 5.0118333842e+00 -5.5114803541e+01 2.9622538001e+02 -1.0081276001e-13 1.1096678295e+02
1.0000000000e+00 0.0000000000e+00 1.1480860216e+04 1.6447479219e+03 3.3724643061e+03 2.0334408083e+04 3.8927637624e+05 3.6912642017e+04 -2.5932822974e+01 3.6152094349e+01 4.7369754095e+01 -1.2277655045e+02 4.9522520822e+02 -1.2360131498e-13 1.4955843103e+02
1.0000000000e+00 0.0000000000e+00 2.1797032717e+04 8.1580890112e+04 1.0158331248e+04 2.0614987340e+04 4.0171261099e+05 4.4755851184e+04 -4.4403409036e+01 2.8538722460e+02 -3.4019663490e+00 -1.0432229485e+02 5.1324593703e+02 -1.2912145565e-13 2.7738099746e+02
1.0000000000e+00 0.0000000000e+00 1.1300994011e+04 1.9650561689e+03 4.2905732968e+03 2.1123869805e+04 3.7227119616e+05 3.6537491417e+04 -2.6053438732e+01 4.0986815083e+01 4.5867526786e+01 -1.2343239909e+02 5.0570651712e+02 -1.1505116713e-13 4.9118174513e+01
1.0000000000e+00 0.0000000000e+00 4.9658782700e+04 1.3351046184e+05 2.0804629036e+04 6.3401937044e+04 9.3023097700e+05 1.0680985013e+05 -6.7949079150e+01 3.6370794849e+02 1.6613556779e+01 -1.8472116888e+02 8.6787173861e+02 -1.6400977657e-13 4.7960741560e+02
1.0000000000e+00 0.0000000000e+00 3.6072845400e+03 1.3572017122e+04 8.6086862206e+02 6.7712888823e+03 2.3550773860e+05 1.9944560720e+04 -1.3352382300e+01 1.0988462328e+02 1.0973535823e+01 -7.4671287005e+01 3.5085557538e+02 -1.0525770769e-13 4.3165581041e+01
1.0000000000e+00 0.0000000000e+00 2.0600058314e+04 7.6506713899e+04 1.1211093016e+04 1.6390106416e+04 2.1158990856e+05 3.0260654958e+04 -4.2690479135e+01 2.7630716796e+02 -1.1426853390e+01 -7.1516021166e+01 3.5080302384e+02 -1.1621150655e-13 3.0125953934e+02
1.0000000000e+00 0.0000000000e+00 1.7040382706e+04 5.3307224861e+04 5.6469688081e+03 2.1269155551e+04 4.2287963020e+05 4.3131807422e+04 -3.9091656358e+01 2.2380219031e+02 1.1693393687e+01 -1.1576252539e+02 5.3870600271e+02 -1.3805250134e-13 4.1265547220e+02
1.0000000000e+00 0.0000000000e+00 4.4540452164e+03 1.9399036614e+04 3.5183241056e+03 7.6274628961e+03 1.9548892571e+05 1.9073922453e+04 8.8833117456e-01 -1.3660775432e+02 4.3643292047e+01 -7.2345123730e+01 3.0713188320e+02 -8.5777592539e-14 -1.4898255705e+02
1.0000000000e+00 0.0000000000e+00 6.1405810089e+04 5.3020302778e+05 2.2975413895e+04 3.3076149336e+04 9.1963026640e+05 1.1294496578e+05 -5.4274815274e+01 7.0487492918e+02 -5.6484817592e+01 -1.4495416315e+02 8.1808594140e+02 -2.0470954768e-13 1.1122239502e+03
1.0000000000e+00 0.0000000000e+00 2.4798574444e+04 6.3595607825e+04 1.4198460596e+04 2.6055049686e+04 4.5328138093e+05 5.1536124493e+04 -4.7589014997e+01 2.5177294646e+02 4.2992004938e+00 -1.1790503048e+02 5.7992783247e+02 -1.3051581405e-13 2.8150986635e+02
1.0000000000e+00 0.0000000000e+00 8.2889333839e+03 5.0507725946e+03 3.6757932622e+03 1.7479810249e+04 3.3609499230e+05 3.2344144822e+04 -1.1058546677e+01 -6.9404348878e+01 5.0156884244e+01 -1.0535410306e+02 4.3787199101e+02 -1.1130351374e-13 -1.6352611015e+01
1.0000000000e+00 0.0000000000e+00 8.1065991979e+03 3.8571107035e+04 2.0351508477e+03 1.2663151909e+04 4.5202508276e+05 3.8914600571e+04 -2.1546692680e+01 1.9025996323e+02 9.3363846495e+00 -1.0759059561e+02 5.2354469993e+02 -1.3392492469e-13 2.6136793307e+02
1.0000000000e+00 0.0000000000e+00 6.0912219844e+03 3.5107240252e+04 2.3949848999e+03 5.6776144246e+03 2.7236831890e+05 2.3655969898e+04 -1.9199646350e+01 1.8545306627e+02 -4.6318657092e+00 -7.2470380200e+01 3.8049480057e+02 -1.1230621654e-13 7.6694059078e+01
1.0000000000e+00 0.0000000000e+00 2.1671855355e+04 1.2345556559e+05 9.4176946394e+03 2.0738402868e+04 6.2182477629e+05 6.1368655079e+04 -3.7873628063e+01 3.4324019074e+02 -1.1626387127e+01 -1.2515385283e+02 6.6345521894e+02 -1.6281225512e-13 5.9324188908e+02
1.0000000000e+00 0.0000000000e+00 2.2816960635e+03 1.9424474511e+03 1.4404580888e+03 1.1919531536e+04 3.6646311047e+05 3.0755031074e+04 -5.0448691997e+00 -8.7641666953e+00 2.2772686472e+01 -8.8145766846e+01 4.5309063145e+02 -1.1430180381e-13 -4.4457603145e+01
1.0000000000e+00 0.0000000000e+00 9.1439983364e+04 1.7335656482e+05 5.9573778147e+04 8.9558708711e+04 1.2931921190e+06 1.6173418808e+05 -9.2164871497e+01 4.1526386809e+02 1.3387813868e+01 -2.0916764539e+02 1.0149778117e+03 -1.8843843248e-13 4.6935241233e+02
1.0000000000e+00 0.0000000000e+00 2.3987535359e+04 1.4517903088e+04 1.9105654368e+04 2.6136530796e+04 4.2062629508e+05 4.9064049608e+04 -2.6195592041e+01 -1.1740259201e+02 8.1632998980e+01 -1.4136760955e+02 5.1355496109e+02 -1.1650468355e-13 -1.0447223661e+02
1.0000000000e+00 0.0000000000e+00 2.2059581731e+04 1.0487995531e+03 1.0787838715e+04 3.6638136920e+04 6.9348276021e+05 6.7912890157e+04 -3.3915763384e+01 5.1284385139e+00 6.7214844044e+01 -1.6742636560e+02 6.9103068697e+02 -1.3910216000e-13 8.6759457592e+01
1.0000000000e+00 0.0000000000e+00 7.3770731583e+04 5.5615346141e+04 3.3954004155e+04 1.0431018678e+05 1.1270440532e+06 1.4036033151e+05 -8.4368283132e+01 2.3133815676e+02 6.0103615653e+01 -2.2841109730e+02 9.8022079151e+02 -1.5634526704e-13 1.6566711762e+02
1.0000000000e+00 0.0000000000e+00 8.1618628197e+03 6.1409090158e+04 2.1980772058e+03 9.2742971412e+03 2.6577817904e+05 2.6055400056e+04 -1.6585777156e+01 2.4372384174e+02 -7.0092599899e+00 -7.9032790780e+01 3.9699067183e+02 -1.1937100417e-13 3.4308984012e+02
1.0000000000e+00 0.0000000000e+00 2.4298806979e+04 3.8898392380e+04 1.8139034283e+04 2.3784940304e+04 4.0982746508e+05 4.8063828616e+04 -4.5849497839e+01 1.9578904576e+02 8.0903849668e+00 -1.1013679329e+02 5.4458179085e+02 -1.2370707099e-13 2.1927417097e+02
1.0000000000e+00 0.0000000000e+00 2.2590992437e+03 5.6610177981e+03 2.4683350194e+03 5.3232612285e+03 1.7592529531e+05 1.5583877804e+04 3.5940878300e+00 2.1961165694e+01 -7.5325868634e+00 -3.0620916511e+01 2.3798836226e+02 -9.0700198211e-14 -2.0346673961e+02
1.0000000000e+00 0.0000000000e+00 1.1433420025e+04 6.3628709021e+04 6.2193843907e+03 6.8957079556e+03 3.1062545857e+05 2.9839584173e+04 -2.7768992967e+01 2.4736272178e+02 -1.4573339094e+01 -7.1967132782e+01 3.9529222363e+02 -1.3212231449e-13 3.7434790051e+02
1.0000000000e+00 0.0000000000e+00 4.3528965090e+04 1.3513205932e+05 1.6865765737e+04 5.0521051045e+04 6.4452001883e+05 8.0150762340e+04 -6.5230931675e+01 3.6273927917e+02 8.4726477812e+00 -1.5586270923e+02 7.2674721475e+02 -1.4646683910e-13 4.4968883368e+02
1.0000000000e+00 0.0000000000e+00 5.2068610111e+04 1.3960718297e+05 2.7415806348e+04 6.1257035813e+04 8.1335220366e+05 1.0113033790e+05 -7.0136767427e+01 3.7181655803e+02 6.1301733562e+00 -1.6746885383e+02 8.1311174920e+02 -1.6247786417e-13 5.1942392111e+02
1.0000000000e+00 0.0000000000e+00 2.0329680393e+05 7.8400151469e+05 1.5961763741e+05 1.2594786965e+05 1.3102269929e+06 2.5267170733e+05 -1.2739530116e+02 8.8416967020e+02 -7.3998180834e+01 -1.8471891439e+02 1.0657927466e+03 -2.0223732396e-13 9.1145456531e+02
1.0000000000e+00 0.0000000000e+00 7.6649267605e+03 5.7233990686e+04 3.4112471568e+03 5.7994643925e+03 1.8970415866e+05 1.9683859360e+04 -2.0043812761e+01 2.3651388208e+02 -1.6933694312e+01 -5.8862349442e+01 3.3029715434e+02 -1.0993462075e-13 3.1153656738e+02
1.0000000000e+00 0.0000000000e+00 8.9141522780e+03 5.0108547984e+03 8.0085656207e+03 7.8108872875e+03 2.4559258049e+05 2.3750679296e+04 -2.2859744414e+01 -5.1032703682e+01 3.0949866031e+01 -7.7193986788e+01 3.5814256688e+02 -9.7017370016e-14 -1.5572864467e+02
1.0000000000e+00 0.0000000000e+00 2.0904369142e+04 6.3737225444e+04 5.3517088652e+03 4.2218577650e+04 9.2607583394e+05 8.6838272344e+04 -3.6117664532e+01 2.5132733876e+02 2.1287880219e+01 -1.7161564294e+02 8.3246491281e+02 -1.5699217918e-13 3.5708503314e+02
1.0000000000e+00 0.0000000000e+00 2.5250186169e+04 1.6054771446e+05 8.5521437841e+03 2.6242465347e+04 6.6344137562e+05 6.8118511477e+04 -3.9189950008e+01 3.9402475298e+02 -1.2298646344e+01 -1.3368893759e+02 6.8779101878e+02 -1.6033979326e-13 5.9490162166e+02
1.0000000000e+00 0.0000000000e+00 3.2775344807e+03 9.9562631618e+03 9.7138410716e+02 4.1225224853e+03 1.4315014342e+05 1.2403661367e+04 -1.4804029897e+01 9.1355954862e+01 8.6285244440e+00 -5.4148499810e+01 2.4154001140e+02 -9.9586476474e-14 1.3346911023e+02
1.0000000000e+00 0.0000000000e+00 5.4364325818e+03 4.7422723579e+03 2.6296447150e+03 8.1079020333e+03 1.6035921502e+05 1.5820164611e+04 -1.7600312032e+01 -4.4846174697e+01 3.5293607672e+01 -7.1772104703e+01 2.8930082806e+02 -9.3152092107e-14 -1.1132014700e+02
1.0000000000e+00 0.0000000000e+00 4.3404631536e+04 2.9623023304e+03 1.6512765144e+04 7.1490665781e+04 7.3196331889e+05 8.8823412575e+04 -5.3298943039e+01 -4.4330114099e+01 9.7035852215e+01 -1.9956681002e+02 7.5235734859e+02 -1.3125748053e-13 -4.4927388768e+01
1.0000000000e+00 0.0000000000e+00 9.5261154101e+03 6.3161922535e+03 1.2793427888e+04 4.3238262788e+03 1.8313797168e+05 2.0100475550e+04 -1.9046935018e+01 5.3989613218e+01 -3.2654496002e+00 -4.7758862601e+01 3.0229875718e+02 -9.8368721229e-14 -2.0874514869e+01
1.0000000000e+00 0.0000000000e+00 1.9804290206e+03 1.4288546023e+03 1.7803544658e+03 9.6682502637e+03 3.5004497686e+05 2.8753877452e+04 -4.4538005222e+00 3.1848799606e+01 9.6180630717e+00 -7.5435083775e+01 4.2207639306e+02 -1.2011279579e-13 -3.2773144035e+00
1.0000000000e+00 0.0000000000e+00 2.0389774732e+04 1.0778845621e+04 1.2232643538e+04 2.6230123901e+04 3.5237760150e+05 4.1368162365e+04 -4.2584056412e+01 9.0094924346e+01 3.1985493410e+01 -1.1507949264e+02 5.0240311510e+02 -1.1621419314e-13 -1.1968218347e+01
1.0000000000e+00 0.0000000000e+00 5.4225877235e+04 3.5210627694e+05 4.1077685751e+04 1.6825345058e+04 6.6852660593e+05 8.7700315646e+04 -4.9749113037e+01 5.8219836079e+02 -6.5622480213e+01 -1.0278682175e+02 6.8339547241e+02 -1.7944303844e-13 8.3339252184e+02
1.0000000000e+00 0.0000000000e+00 2.3647897120e+04 3.9532020529e+04 1.6557923512e+04 2.8564412028e+04 4.2548315115e+05 5.0627776205e+04 -1.7557367921e+01 -1.9804796123e+02 9.2584068631e+01 -1.4273941825e+02 5.1190688063e+02 -1.1310275558e-13 -1.4374660476e+02
1.0000000000e+00 0.0000000000e+00 1.0204660532e+04 1.0359398681e+05 3.0612716466e+03 7.0468071004e+03 2.5367856491e+05 2.6693428802e+04 -1.3133027648e+01 3.1373163988e+02 -2.7867977820e+01 -6.3511879573e+01 3.7484001040e+02 -1.2231178017e-13 3.5378113791e+02
1.0000000000e+00 0.0000000000e+00 1.1348564462e+04 1.1580022585e+04 2.8594955610e+03 2.2342256488e+04 3.7648592164e+05 3.7230661552e+04 -2.7458550524e+01 9.4018532293e+01 2.6353701988e+01 -1.0746526407e+02 4.8442266626e+02 -1.2171813334e-13 1.6027953828e+01
1.0000000000e+00 0.0000000000e+00 5.8820696425e+03 3.3372970442e+04 4.8871614573e+03 4.8984833299e+03 3.1702527660e+05 2.7295810167e+04 -1.3633363509e+01 1.8132066581e+02 -1.4379601883e+01 -6.4084359984e+01 3.8963132269e+02 -1.3068380206e-13 3.0760038005e+02
1.0000000000e+00 0.0000000000e+00 2.8874229796e+04 4.8013348531e+03 1.3565318744e+04 4.1071161685e+04 4.9731060179e+05 5.8105947383e+04 -4.9187767645e+01 3.1364535353e+01 6.0145768296e+01 -1.5139035312e+02 6.0923119068e+02 -1.1368188342e-13 -1.7669453905e+02
1.0000000000e+00 0.0000000000e+00 1.0911963760e+05 1.4185869594e+05 5.6877796889e+04 1.3687793239e+05 1.2928547394e+06 1.8038801587e+05 -1.0441703156e+02 3.7640744154e+02 4.2923530957e+01 -2.3781879246e+02 1.0468763125e+03 -1.7899347033e-13 4.1389255814e+02
1.0000000000e+00 0.0000000000e+00 5.6114436010e+03 3.2167096431e+03 3.3789867326e+03 1.0951475222e+04 1.9184459369e+05 1.9471232876e+04 -4.5652549234e+00 -5.5989167089e+01 3.9280307922e+01 -7.6811513381e+01 3.0582482255e+02 -9.7132509951e-14 -4.1511881662e+01
1.0000000000e+00 0.0000000000e+00 2.8641678384e+04 2.0088526063e+03 1.1958590109e+04 4.6507722000e+04 6.7685501427e+05 7.1809568217e+04 -4.7892731277e+01 4.0862723259e+01 6.0903686808e+01 -1.6645350998e+02 6.9865623362e+02 -1.4456766260e-13 4.6459602537e+01
1.0000000000e+00 0.0000000000e+00 7.1029418811e+04 2.2250426774e+05 3.3545441872e+04 7.3150951086e+04 1.1323212339e+06 1.3470576899e+05 -8.2035189506e+01 4.7111624807e+02 3.6161288005e+00 -1.9271329275e+02 9.2590370669e+02 -1.8404910365e-13 4.6143295394e+02
1.0000000000e+00 0.0000000000e+00 1.1080060192e+05 1.0253939404e+05 5.0852999768e+04 1.4942846527e+05 1.5989930000e+06 2.0211149382e+05 -1.0496151870e+02 3.1381779334e+02 6.4373654433e+01 -2.6886120521e+02 1.1641306216e+03 -1.7723830831e-13 1.8361661126e+02
1.0000000000e+00 0.0000000000e+00 9.1558307827e+04 1.9025089323e+05 6.3591069672e+04 8.8176424711e+04 1.1655399971e+06 1.5509090137e+05 -9.1971439920e+01 4.3555835149e+02 4.3450380212e+00 -1.9823876226e+02 9.8453360250e+02 -1.8294195283e-13 5.6760552857e+02
1.0000000000e+00 0.0000000000e+00 2.1509096883e+04 1.9514457447e+04 7.7541745874e+03 3.3610480432e+04 6.4539484322e+05 6.2915225000e+04 -4.2324695514e+01 1.3659617589e+02 4.0904500113e+01 -1.5291409441e+02 6.6539594734e+02 -1.4805403435e-13 2.2201409065e+02
1.0000000000e+00 0.0000000000e+00 1.8441546557e+04 1.4076536168e+04 8.8084429688e+03 2.4137813233e+04 3.8187087829e+05 4.1092781472e+04 -4.0307751410e+01 1.0820742437e+02 3.2965361698e+01 -1.1858776197e+02 5.0638641530e+02 -1.3347626441e-13 2.9706292053e+02
1.0000000000e+00 0.0000000000e+00 2.9803901252e+04 3.3805338153e+04 1.0930970471e+04 4.5293072621e+04 6.2756206631e+05 6.9074942464e+04 -5.3569915786e+01 1.8365476025e+02 3.4798924790e+01 -1.5461776314e+02 6.8136858955e+02 -1.4796437239e-13 2.3925928337e+02
1.0000000000e+00 0.0000000000e+00 1.4900040206e+04 7.7554545320e+04 7.1048960103e+03 1.3991085025e+04 4.2389008728e+05 4.1736798309e+04 -2.8942609599e+01 2.6855414476e+02 -8.7940519205e+00 -9.4323031639e+01 4.9296196924e+02 -1.5021867103e-13 5.0865503452e+02
1.0000000000e+00 0.0000000000e+00 1.0266010293e+04 3.9339241603e+03 3.0330081216e+03 1.9706145189e+04 4.1703423213e+05 3.8462449344e+04 -1.9094893613e+01 3.1055310948e+01 4.1080707415e+01 -1.1607907968e+02 4.9425544638e+02 -1.1219501793e-13 -1.1286578423e+02
1.0000000000e+00 0.0000000000e+00 3.2909538852e+03 2.7925822190e+03 2.8900793003e+03 4.9205011291e+03 1.8732600855e+05 1.6208464119e+04 -7.4697386931e+00 -4.6578651996e+01 3.1347891917e+01 -6.7597654375e+01 2.8779962101e+02 -9.6659696633e-14 -1.1309399939e+02
1.0000000000e+00 0.0000000000e+00 3.3912202698e+05 1.5703216968e+06 2.2326488821e+05 2.2837603857e+05 2.2466512028e+06 4.2830969638e+05 -1.6560580645e+02 1.2469674022e+03 -9.5621121651e+01 -2.5801604537e+02 1.4303025561e+03 -2.5911228866e-13 1.4954259921e+03
1.0000000000e+00 0.0000000000e+00 1.9833863805e+03 6.3391032508e+03 2.1912530248e+03 4.8356537528e+03 1.8667155930e+05 1.6000279332e+04 2.7558758601e+00 -6.6190874766e+01 3.0430542340e+01 -5.6567279737e+01 2.3394790177e+02 -1.1395641228e-13 8.3348615483e+01
1.0000000000e+00 0.0000000000e+00 9.4939706871e+03 4.7718220268e+04 2.5247734992e+03 1.3136861825e+04 3.3825689635e+05 3.2140397264e+04 -2.5536102434e+01 2.1575562925e+02 -6.2551697044e-01 -9.1752596638e+01 4.6216195809e+02 -1.2622661467e-13 2.7703206123e+02
1.0000000000e+00 0.0000000000e+00 5.7986038970e+04 9.4046235688e+03 2.7943023063e+04 9.1205682332e+04 1.1904882681e+06 1.3382454465e+05 -6.2118863057e+01 -3.6407646342e+01 1.0510380410e+02 -2.4232867700e+02 9.8230676389e+02 -1.4320789976e-13 -2.2523364054e+02
1.0000000000e+00 0.0000000000e+00 3.1354307213e+04 6.2382240029e+03 2.4033390122e+04 3.3430873801e+04 5.7153433377e+05 6.4227105188e+04 -5.0863447201e+01 6.6202538816e+01 3.9918518066e+01 -1.4008006728e+02 6.3720984533e+02 -1.3581798842e-13 7.0610444835e+01
1.0000000000e+00 0.0000000000e+00 1.5073188793e+04 1.3481613624e+05 4.5847094580e+03 9.8100166948e+03 3.7199223473e+05 3.8101986594e+04 -2.3490802168e+01 3.4925099090e+02 -2.5292526861e+01 -8.5039669062e+01 4.7693793724e+02 -1.4280390600e-13 5.8294916077e+02
1.0000000000e+00 0.0000000000e+00 9.4483275755e+03 1.0066527080e+05 3.0328987556e+03 1.0860184326e+04 3.2702671420e+05 3.3194021439e+04 -5.6483318594e+00 3.0582012002e+02 -2.3759459881e+01 -7.5032743965e+01 4.3178094896e+02 -1.3692198940e-13 4.9294052316e+02
1.0000000000e+00 0.0000000000e+00 5.7457473294e+03 2.5153347723e+04 3.8492680957e+03 1.0480405223e+04 2.7610616834e+05 2.6213600583e+04 -4.5714909662e+00 -1.4028411307e+02 4.4332543908e+01 -8.5200341135e+01 3.9184350714e+02 -9.7535612833e-14 -1.6993213899e+02
1.0000000000e+00 0.0000000000e+00 5.0702298273e+04 1.2806225164e+05 2.8782188959e+04 4.8308081466e+04 8.0290383791e+05 9.4590157198e+04 -6.7435775629e+01 3.5677463802e+02 5.9146503296e+00 -1.6079454009e+02 7.8068583431e+02 -1.6579499583e-13 4.1841474320e+02
1.0000000000e+00 0.0000000000e+00 4.4636239666e+04 1.3338795671e+05 2.4231987066e+04 4.7795039301e+04 7.5320100875e+05 8.9317125753e+04 -6.3721013856e+01 3.6317488723e+02 1.3582541908e+00 -1.5448205477e+02 7.6274279396e+02 -1.4748393441e-13 2.2841286213e+02
1.0000000000e+00 0.0000000000e+00 1.8093632734e+03 7.3671110948e+02 2.4537525648e+03 3.4811831455e+03 1.7522471907e+05 1.4453898610e+04 8.1861763694e-01 -1.3109666501e+01 1.2821139064e+01 -4.1837137717e+01 2.0873795199e+02 -1.1371950440e-13 1.2781556968e+02
1.0000000000e+00 0.0000000000e+00 1.0989216458e+05 3.1280083592e+05 5.4944113072e+04 1.1600361030e+05 1.1502096737e+06 1.6897799685e+05 -1.0380412552e+02 5.4511314637e+02 4.6313838741e+00 -2.0999238127e+02 9.8113583219e+02 -2.0220828660e-13 8.7615258538e+02
1.0000000000e+00 0.0000000000e+00 2.0686027752e+04 1.0104878266e+05 1.2523504786e+04 2.2266197153e+04 3.4953481961e+05 4.3975749148e+04 -6.3356259115e+00 -2.9746447887e+02 9.5200615223e+01 -1.2624583863e+02 4.5737557780e+02 -8.6510345141e-14 -5.1567271657e+02
1.0000000000e+00 0.0000000000e+00 2.5396726781e+04 1.4254264644e+04 1.1859837972e+04 3.7100555635e+04 4.3839539797e+05 5.2080339763e+04 -3.1305214444e+01 -1.1099132812e+02 9.2006676294e+01 -1.5277572009e+02 5.1904781995e+02 -1.1716602453e-13 -1.7777070140e+02
1.0000000000e+00 0.0000000000e+00 1.7053567546e+04 4.4545460894e+04 1.5764021397e+04 3.3818687573e+04 5.1178740857e+05 5.8714247653e+04 5.7612280284e+00 -2.0503019258e+02 8.4008423479e+01 -1.4089099859e+02 5.5957934557e+02 -1.1188666612e-13 -2.9476812169e+02
1.0000000000e+00 0.0000000000e+00 5.1469874888e+04 2.2247940373e+05 4.1693838813e+04 4.2270564077e+04 5.2422779452e+05 8.3353470499e+04 -5.5389459066e+00 -4.6161211734e+02 1.4669915054e+02 -1.7791175520e+02 5.9539218698e+02 -9.3025776146e-14 -6.4103105878e+02
1.0000000000e+00 0.0000000000e+00 5.4542631369e+03 9.8895845413e+02 3.4363570626e+03 9.3098128723e+03 2.7108626336e+05 2.3973182526e+04 -1.3995926643e+01 -2.7561828346e+01 3.8870981647e+01 -9.1899911392e+01 3.8897765365e+02 -1.0819859166e-13 5.4335544484e+01
1.0000000000e+00 0.0000000000e+00 5.6161043218e+04 2.5079960375e+05 2.9012624797e+04 4.6608580971e+04 6.5869518560e+05 9.0293647268e+04 -6.9808871066e+01 4.9869156540e+02 -2.1749447651e+01 -1.3933564493e+02 7.0934001953e+02 -1.6037441054e-13 5.6458776935e+02
1.0000000000e+00 0.0000000000e+00 4.2598248734e+04 1.1482555659e+05 1.8983479344e+04 5.5554573294e+04 8.0430689377e+05 9.3082350496e+04 -6.3048611405e+01 3.3687663089e+02 1.2268618751e+01 -1.6669826111e+02 7.9428774449e+02 -1.5708059966e-13 4.2848772658e+02
1.0000000000e+00 0.0000000000e+00 7.6613473867e+03 3.1883039240e+03 4.5620821372e+03 1.2461580373e+04 4.1000882609e+05 3.5336323449e+04 -2.1583878275e+01 5.2547051676e+01 2.5544546548e+01 -1.0324908941e+02 4.9176740020e+02 -1.2476068533e-13 1.1161727552e+02
1.0000000000e+00 0.0000000000e+00 2.9317605520e+04 3.0245477065e+05 1.2420240908e+04 1.5730165989e+04 5.8192652732e+05 6.6570260929e+04 -1.7093502923e+01 5.2580312684e+02 -6.2681295383e+01 -8.9389933258e+01 6.1595865534e+02 -1.6458612588e-13 7.6066646821e+02
1.0000000000e+00 0.0000000000e+00 3.9551006293e+04 1.2201862912e+05 2.2108899292e+04 3.7753842819e+04 6.4489790627e+05 7.6014545649e+04 -5.9143942083e+01 3.4902558199e+02 -7.0506617256e-01 -1.4330101023e+02 7.1120478433e+02 -1.4790071591e-13 4.0721136647e+02
1.0000000000e+00 0.0000000000e+00 4.0266949807e+03 2.8444588979e+03 2.4206418292e+03 6.1717888264e+03 2.2012839059e+05 1.8780749659e+04 -1.6718960059e+01 5.0188927086e+01 1.2542657845e+01 -6.9492939800e+01 3.4989322594e+02 -9.9469091857e-14 3.3196383216e+01
1.0000000000e+00 0.0000000000e+00 1.8781456681e+04 9.1494081018e+03 5.1639409080e+03 3.1370398463e+04 4.7111539566e+05 4.8550943151e+04 -3.5608010371e+01 9.4168371935e+01 5.1841041502e+01 -1.4607410372e+02 5.8052293385e+02 -1.1670011341e-13 5.1759762975e+01
1.0000000000e+00 0.0000000000e+00 6.3826579639e+03 2.7972398018e+03 1.7920852946e+03 1.5612594163e+04 3.1366813518e+05 2.9067874504e+04 -1.3622781672e+01 7.7948464787e-02 3.7235272009e+01 -1.0007646809e+02 4.3410194788e+02 -9.9938233700e-14 -1.7060234838e+02
1.0000000000e+00 0.0000000000e+00 2.1329327874e+04 3.3557999920e+03 2.5656321306e+04 1.4829596562e+04 4.4173251054e+05 4.7642517474e+04 -3.3558486794e+01 6.5751139234e-01 2.3549656151e+01 -1.0291117455e+02 5.4044809013e+02 -1.2146178031e-13 -2.8738277532e+01
1.0000000000e+00 0.0000000000e+00 4.0142420038e+04 1.4655518642e+05 2.2227043770e+04 3.9177731150e+04 7.9183273630e+05 8.7805981943e+04 -5.7796382279e+01 3.8106033929e+02 -5.9849221182e+00 -1.5316335161e+02 7.8778619049e+02 -1.5687697481e-13 4.6701050058e+02
1.0000000000e+00 0.0000000000e+00 2.6987550044e+03 4.6568736636e+03 1.4164362825e+03 7.3790965153e+03 1.7938990262e+05 1.6243386276e+04 -5.7423130261e+00 6.5727287735e+01 1.2151010738e+01 -6.4384196872e+01 3.0662847588e+02 -9.4568543336e-14 1.8842152026e+01
1.0000000000e+00 0.0000000000e+00 1.4704550128e+04 3.3013238111e+03 8.1090141158e+03 2.2322650263e+04 4.0462485596e+05 4.0967833980e+04 -3.4387823328e+01 5.4149729738e+01 3.4503143125e+01 -1.1974790716e+02 5.4409141433e+02 -1.1614168257e-13 1.1532222514e+02
1.0000000000e+00 0.0000000000e+00 1.1911843317e+04 6.3063497427e+02 3.9694964156e+03 2.0671074086e+04 3.7521644072e+05 3.6326412776e+04 -2.7850200699e+01 2.3826580543e+01 4.8303725173e+01 -1.2233651074e+02 4.9534663912e+02 -1.1646165782e-13 -4.9939964625e+00
1.0000000000e+00 0.0000000000e+00 4.4867273058e+04 1.7831761865e+05 2.7692873727e+04 3.2749237361e+04 6.0925294054e+05 7.6546465975e+04 -5.9541287140e+01 4.1681741992e+02 -1.8837875584e+01 -1.2568377642e+02 6.5911946489e+02 -1.6441552521e-13 6.2378008857e+02
1.0000000000e+00 0.0000000000e+00 4.7232274384e+03 2.7478548499e+04 2.7679498048e+03 4.7716542527e+03 2.5224100740e+05 2.1675928311e+04 -1.3305394233e+01 1.6228356006e+02 -5.9951822570e+00 -6.2655299285e+01 3.4028829090e+02 -1.0759178890e-13 6.5063277331e+01
1.0000000000e+00 0.0000000000e+00 4.0269221918e+03 8.5512339835e+02 1.3175484921e+03 9.5975074911e+03 2.0058066309e+05 1.8441088219e+04 -1.2775392153e+01 2.5958567147e+01 2.8657879922e+01 -8.2883136680e+01 3.5445051587e+02 -9.6066457418e-14 3.7425492257e+01
1.0000000000e+00 0.0000000000e+00 7.1438923418e+04 1.3047885496e+05 2.9727647976e+04 8.9417935855e+04 1.1611859878e+06 1.3780439628e+05 -8.3674914670e+01 3.5842598168e+02 3.4855621123e+01 -2.1483312081e+02 9.5727998283e+02 -1.7381205678e-13 2.3437835350e+02
1.0000000000e+00 0.0000000000e+00 2.1265704709e+04 3.4512477539e+04 9.0191815211e+03 2.9756003606e+04 4.4877259760e+05 4.9234868781e+04 -4.4425534518e+01 1.8317986701e+02 2.3628097070e+01 -1.2741412350e+02 5.7042573362e+02 -1.3540068603e-13 3.2763585927e+02
1.0000000000e+00 0.0000000000e+00 7.8056230725e+03 2.8694345817e+04 4.0650542542e+03 8.1259395697e+03 2.3691107259e+05 2.2780905968e+04 -2.4446866787e+01 1.6818761639e+02 -5.0604031979e-01 -7.4400553876e+01 3.7972713358e+02 -1.1567896533e-13 2.2924259082e+02
1.0000000000e+00 0.0000000000e+00 6.0689281367e+04 3.1526132358e+05 3.2869589334e+04 5.6550967949e+04 1.3400355494e+06 1.4546782893e+05 -6.3899555515e+01 5.5511099672e+02 -2.4809796981e+01 -1.9090849637e+02 1.0341783108e+03 -1.9887306360e-13 8.1324656640e+02
1.0000000000e+00 0.0000000000e+00 1.0862362851e+05 5.3996945755e+05 5.6147041250e+04 7.8635561694e+04 9.5259114544e+05 1.5054607123e+05 -9.4182303426e+01 7.2214847437e+02 -4.3627018192e+01 -1.6774527316e+02 8.7619524143e+02 -2.0020832663e-13 1.0018891937e+03
1.0000000000e+00 0.0000000000e+00 1.3062517600e+04 3.5227221965e+02 9.4874551554e+03 4.3942650416e+04 5.6382407152e+05 6.1900047050e+04 4.4689200887e-02 8.2412135389e+00 5.6019453574e+01 -1.4563028698e+02 6.1396121943e+02 -1.1696300324e-13 -5.5793968672e+01
1.0000000000e+00 0.0000000000e+00 1.5197159921e+05 6.4429702183e+05 1.1885925786e+05 8.4529339902e+04 1.0343554932e+06 1.9090615186e+05 -1.0698383559e+02 8.0171705227e+02 -7.3533721948e+01 -1.5498124674e+02 9.2353768750e+02 -1.9564805225e-13 8.2483393789e+02
1.0000000000e+00 0.0000000000e+00 8.5319278790e+03 5.9193745853e+04 4.2973559939e+03 5.4154360373e+03 2.3190525748e+05 2.2827577576e+04 -1.8548749034e+01 2.3598723274e+02 -1.6748423304e+01 -6.1456281600e+01 3.4693597761e+02 -1.2226650459e-13 3.4430778948e+02
1.0000000000e+00 0.0000000000e+00 2.2608576117e+03 9.1151030536e+03 1.3787538460e+03 8.6608174864e+03 2.6950798016e+05 2.3088577183e+04 -3.0201115522e+00 9.4928858807e+01 -3.3121756111e+00 -6.2971204008e+01 3.7475787901e+02 -1.1365994479e-13 1.3894503466e+02
1.0000000000e+00 0.0000000000e+00 9.0803778823e+03 3.9068508975e+04 3.5368597453e+03 1.0089336933e+04 1.9549773315e+05 2.1168811073e+04 -2.8043150195e+01 1.9705496175e+02 -3.7667278151e+00 -7.0690522329e+01 3.5445035711e+02 -1.0577083233e-13 2.5304339613e+02
1.0000000000e+00 0.0000000000e+00 5.1791049016e+04 2.2398975265e+05 3.0827441570e+04 3.4964918778e+04 4.8942848973e+05 7.3099770876e+04 -6.5692915955e+01 4.7171361173e+02 -2.9539859147e+01 -1.0799955086e+02 5.6844281852e+02 -1.5202240167e-13 5.2106648480e+02
1.0000000000e+00 0.0000000000e+00 9.4428535827e+04 3.9185547960e+05 7.3304906440e+04 5.3874040109e+04 9.3739047954e+05 1.3839593886e+05 -8.3088426301e+01 6.2493196630e+02 -4.9669296312e+01 -1.4692303297e+02 8.4644108093e+02 -1.8909727181e-13 7.0437610133e+02
1.0000000000e+00 0.0000000000e+00 2.0119708097e+04 7.4763116353e+04 1.7885979231e+04 1.2272278761e+04 3.9642014879e+05 4.3621430164e+04 -3.5856553043e+01 2.7306226027e+02 -2.1666540694e+01 -8.5739177633e+01 5.1444042563e+02 -1.3508093294e-13 2.9177180351e+02
1.0000000000e+00 0.0000000000e+00 2.5985724554e+04 3.5387256284e+04 1.2608012563e+04 3.9108583015e+04 6.0029710721e+05 6.5245795793e+04 -2.7416086999e+01 -1.6693373577e+02 9.4446764210e+01 -1.6641444081e+02 6.3624894751e+02 -1.1315672240e-13 -3.7884983471e+02
1.0000000000e+00 0.0000000000e+00 3.0760600365e+04 3.0122248926e+04 1.9178236439e+04 3.3519958024e+04 7.0783404912e+05 7.2523455827e+04 -5.1571340745e+01 1.6790761764e+02 2.9398331203e+01 -1.5108766290e+02 7.0383233590e+02 -1.5608865816e-13 3.1250315081e+02
1.0000000000e+00 0.0000000000e+00 3.8583467976e+03 1.1605829522e+04 3.1873030909e+03 2.7279653439e+03 1.3732677185e+05 1.2418244328e+04 -1.4582321777e+01 7.4250374904e+01 1.4923432631e+00 -4.8128720754e+01 2.5938877504e+02 -8.4583418919e-14 -1.1546573585e+02
1.0000000000e+00 0.0000000000e+00 1.7579148455e+04 8.3058914944e+04 8.0946186406e+03 1.6593331133e+04 3.9647751605e+05 4.1768699303e+04 -3.5386047250e+01 2.8414351154e+02 -8.1579715655e+00 -9.9615454427e+01 5.1299935193e+02 -1.4096163604e-13 4.4564748750e+02
1.0000000000e+00 0.0000000000e+00 1.5421450757e+04 1.5391746020e+04 6.7244323986e+03 2.9512237596e+04 6.5554467625e+05 6.1096875620e+04 -3.3387826035e+01 1.2387535021e+02 2.7751911788e+01 -1.4398014210e+02 6.9898846715e+02 -1.3233088796e-13 1.0502660969e+02
1.0000000000e+00 0.0000000000e+00 5.9050391407e+03 1.0887471428e+04 5.4798229224e+03 7.3333819146e+03 3.1240043784e+05 2.7228853013e+04 -1.7691871869e+01 1.0022940945e+02 4.1535950557e+00 -7.5424643854e+01 4.0673297672e+02 -1.2178405183e-13 6.7160103265e+01
1.0000000000e+00 0.0000000000e+00 2.1405500331e+04 1.7377475739e+05 1.3192750869e+04 9.4068755623e+03 4.1870995335e+05 4.6700061980e+04 -2.5083856738e+01 4.1125013099e+02 -4.4386838994e+01 -8.1234349128e+01 5.2813285330e+02 -1.3807793907e-13 5.2500586221e+02
1.0000000000e+00 0.0000000000e+00 9.2309699302e+03 7.6354889722e+03 1.1403633595e+04 9.8711487340e+03 4.1247911541e+05 3.7500423620e+04 -1.9451664088e+01 7.9588173575e+01 5.2789176386e+00 -8.8967353337e+01 5.0574998612e+02 -1.1643660393e-13 -8.4018172565e+01
1.0000000000e+00 0.0000000000e+00 8.4646822180e+03 3.3561640418e+04 4.9662400355e+03 8.8058503978e+03 3.0297915613e+05 2.8161344635e+04 -2.4151778245e+01 1.8280562933e+02 -2.3388053467e+00 -8.0835514972e+01 4.2398372112e+02 -1.2023176138e-13 1.8447588712e+02
1.0000000000e+00 0.0000000000e+00 2.7988848851e+04 1.0576496269e+05 1.3216935626e+04 2.9608200978e+04 5.0410174949e+05 5.8224037066e+04 -4.9712158536e+01 3.2484612842e+02 -3.8058367809e+00 -1.2395657541e+02 6.1881146536e+02 -1.3580847362e-13 3.3483177311e+02
1.0000000000e+00 0.0000000000e+00 1.1009981659e+04 3.3190598228e+04 8.0961933974e+03 1.0346434513e+04 3.9099415412e+05 3.6108743472e+04 -2.7087547437e+01 1.7858072641e+02 -4.8605400240e-01 -9.4999110424e+01 5.1043781177e+02 -1.1983777012e-13 1.2460401392e+02
1.0000000000e+00 0.0000000000e+00 1.8511314963e+05 3.9193115450e+05 9.9534444910e+04 2.1493452291e+05 1.9293142496e+06 2.8925213379e+05 -1.3717447912e+02 6.2372312822e+02 2.1735950268e+01 -2.8502343719e+02 1.3181183499e+03 -2.0443229858e-13 7.2263884697e+02
1.0000000000e+00 0.0000000000e+00 1.4348521378e+04 3.0896473092e+04 5.2104541877e+03 1.7983103218e+04 3.7692731005e+05 3.7258296326e+04 -3.4601177165e+01 1.6435390013e+02 2.0884653489e+01 -1.1219679911e+02 4.9955092361e+02 -1.2801667628e-13 2.6271868413e+02
1.0000000000e+00 0.0000000000e+00 4.9460167493e+04 1.6368413857e+05 2.9508724458e+04 4.0322896656e+04 5.4505689388e+05 7.5712190120e+04 -6.8361379462e+01 3.9671799603e+02 -1.3018380120e+01 -1.2578701739e+02 6.3729870438e+02 -1.5270916530e-13 5.5139065678e+02
1.0000000000e+00 0.0000000000e+00 2.5117071747e+04 1.1547048356e+05 1.5245750222e+04 1.9317710423e+04 5.1273077369e+05 5.5505972763e+04 -4.2145208598e+01 3.3847920606e+02 -1.4844902315e+01 -1.1251400291e+02 6.0260821440e+02 -1.3943520807e-13 3.4309109824e+02
1.0000000000e+00 0.0000000000e+00 5.9345574182e+04 2.0579987574e+05 5.1459085974e+04 3.0599695344e+04 6.6899952508e+05 9.1197864118e+04 -6.4412798406e+01 4.5327091483e+02 -3.6417560852e+01 -1.2090784337e+02 7.1287110585e+02 -1.5381517476e-13 4.3524795384e+02
1.0000000000e+00 0.0000000000e+00 1.5957005777e+05 2.4593290489e+05 8.8746424492e+04 1.9065059754e+05 1.6966511263e+06 2.5074914750e+05 -1.2789356615e+02 4.9575408463e+02 3.5232099614e+01 -2.6965763604e+02 1.2224401879e+03 -1.9649319645e-13 5.2436236635e+02
1.0000000000e+00 0.0000000000e+00 6.0448061330e+04 1.1680718717e+05 3.9177764204e+04 6.0233593100e+04 7.8123658769e+05 1.0244991323e+05 -7.5859590251e+01 3.4118026273e+02 9.1035236835e+00 -1.6398160798e+02 7.9314425962e+02 -1.5445438286e-13 3.7276263024e+02
1.0000000000e+00 0.0000000000e+00 5.6472555352e+03 5.7333652090e+03 3.9085476731e+03 7.7333497495e+03 1.6831500208e+05 1.6786248184e+04 -1.3048101655e+01 -7.1668323200e+01 4.0470547697e+01 -7.6794730692e+01 3.0961602719e+02 -8.1629432649e-14 -1.8933330845e+02
1.0000000000e+00 0.0000000000e+00 1.0420293502e+04 5.7605220766e+04 5.5229895242e+03 7.5010354972e+03 2.5261003145e+05 2.5613010714e+04 -2.6511481443e+01 2.3459173690e+02 -1.2208292894e+01 -7.3916930917e+01 4.0263595469e+02 -1.1437814157e-13 3.3978829252e+02
1.0000000000e+00 0.0000000000e+00 3.7789975239e+04 1.8868961752e+05 2.1630133008e+04 2.6923941611e+04 4.9997036155e+05 6.4461628381e+04 -5.4785589450e+01 4.3169080064e+02 -2.6768389139e+01 -1.1081310520e+02 5.9903340064e+02 -1.4635182063e-13 4.7749807431e+02
1.0000000000e+00 0.0000000000e+00 6.5989128117e+04 3.2585518529e+05 4.4723462895e+04 3.9537380469e+04 6.1371776734e+05 9.4556852910e+04 -7.0403458267e+01 5.6907968613e+02 -4.6704257651e+01 -1.2043564271e+02 6.9044508100e+02 -1.6149432359e-13 6.4901153205e+02
1.0000000000e+00 0.0000000000e+00 6.0377269896e+03 6.7024526302e+03 3.5572327261e+03 7.1914121080e+03 2.0925710010e+05 1.9191437603e+04 -2.1579283342e+01 8.0483324983e+01 1.4924040350e+01 -7.3420026553e+01 3.3874929707e+02 -1.0792158621e-13 1.7123732941e+02
1.0000000000e+00 0.0000000000e+00 6.0914429943e+04 2.0166018485e+05 2.0099006706e+04 7.3693942821e+04 9.2652758419e+05 1.1428195280e+05 -7.6398766654e+01 4.4704369169e+02 1.3146577537e+01 -1.9179437758e+02 8.7634891435e+02 -1.6526404648e-13 5.5306670064e+02
1.0000000000e+00 0.0000000000e+00 1.2182891520e+04 1.9913464914e+03 6.6860079057e+03 2.1532704720e+04 3.9337591543e+05 3.9175790878e+04 -2.6767969528e+01 -1.4963944580e+01 4.6531775919e+01 -1.2086435404e+02 5.2533816239e+02 -1.0475673348e-13 -1.1449799452e+02
1.0000000000e+00 0.0000000000e+00 5.5328646402e+04 2.2417166768e+05 1.8815626354e+04 6.5286968560e+04 9.2105391146e+05 1.1067274055e+05 -7.0404932952e+01 4.7209755177e+02 2.6511143581e+00 -1.8287297816e+02 8.6521090727e+02 -1.6709589232e-13 5.9633456325e+02
1.0000000000e+00 0.0000000000e+00 2.1668857439e+03 3.2274459249e+03 9.2674481169e+02 6.3834124921e+03 1.6654037337e+05 1.4647085101e+04 3.4910237327e+00 4.9936124927e+01 -2.9970353512e+00 -3.5573863354e+01 2.2164063289e+02 -9.2566490680e-14 -1.6251277422e+01
1.0000000000e+00 0.0000000000e+00 2.5254694773e+04 1.5131998206e+04 1.0475547311e+04 3.7319002377e+04 5.4146880748e+05 5.8558469317e+04 -4.8696294537e+01 1.1672723320e+02 3.9557407901e+01 -1.4338841039e+02 6.2460336839e+02 -1.2679848489e-13 1.0006349956e+02
1.0000000000e+00 0.0000000000e+00 4.5598086052e+03 1.3282925776e+04 3.0965090369e+03 5.2076344894e+03 2.5206790922e+05 2.1300780992e+04 -1.6639057225e+01 1.1485788588e+02 2.6449004681e+00 -6.7950897114e+01 3.5539711089e+02 -1.1383438581e-13 1.6234668310e+02
1.0000000000e+00 0.0000000000e+00 3.5454700322e+04 8.9774107386e+04 2.2050252997e+04 3.1578703408e+04 4.0416918452e+05 5.5410453862e+04 -5.7404895124e+01 2.9909532211e+02 -1.8828547842e+00 -1.1185232751e+02 5.4405084171e+02 -1.3410786252e-13 3.6958603126e+02
1.0000000000e+00 0.0000000000e+00 1.5151842027e+03 4.9221464557e+03 1.0210280171e+03 4.5736821928e+03 2.0747383663e+05 1.6706406810e+04 -5.1548963787e+00 6.8983973720e+01 6.0977509201e+00 -5.8557703619e+01 3.0385875287e+02 -9.9556362649e-14 3.2742737263e+01
1.0000000000e+00 0.0000000000e+00 2.4025074520e+03 1.0561199288e+03 2.1098738853e+03 5.6373723759e+03 1.3611157917e+05 1.2665719187e+04 9.9966352299e-01 -2.8695340463e+01 2.4037451390e+01 -5.3888369463e+01 2.2933338005e+02 -9.1005749704e-14 1.1885083835e+01
1.0000000000e+00 0.0000000000e+00 1.7897866230e+03 3.6749308374e+02 2.6212329016e+03 2.6758613906e+03 1.1283824283e+05 9.9475889039e+03 -8.8738402090e-01 -5.6751949354e+00 1.1251218714e+00 -2.9899015920e+01 1.9797302838e+02 -9.2311166778e-14 2.8173236932e+01
1.0000000000e+00 0.0000000000e+00 6.8337571476e+03 2.0619812734e+04 1.2451301270e+03 1.1659138756e+04 3.0519562552e+05 2.7356262248e+04 -2.1606446116e+01 1.4342979639e+02 1.3043156537e+01 -9.3988449104e+01 4.4278562425e+02 -1.0874775988e-13 1.5062816047e+02
1.0000000000e+00 0.0000000000e+00 2.1485028939e+04 8.6838573775e+04 1.2516544208e+04 2.6557822320e+04 7.7263616701e+05 7.3667967209e+04 -3.7170926952e+01 2.9268880440e+02 -1.9322765796e+00 -1.4253004591e+02 7.5532493947e+02 -1.5245475958e-13 3.7858321251e+02
1.0000000000e+00 0.0000000000e+00 3.4712183974e+04 1.0568766099e+05 7.2884270355e+03 4.7629313998e+04 7.6689249253e+05 8.1488571406e+04 -5.6174692755e+01 3.2160338275e+02 2.3658691815e+01 -1.7072906421e+02 7.5961866223e+02 -1.5548608536e-13 4.6487323405e+02
1.0000000000e+00 0.0000000000e+00 8.8762077337e+03 2.0636037826e+04 4.1378782133e+03 1.2944354465e+04 3.7364712986e+05 3.3789258395e+04 -2.5716999982e+01 1.3145325691e+02 1.4588198340e+01 -1.0098404725e+02 4.8872335831e+02 -1.2744221561e-13 3.4449928775e+02
1.0000000000e+00 0.0000000000e+00 9.0700987126e+03 1.7712025829e+03 2.7827945628e+03 1.7319304741e+04 3.0141720669e+05 2.9391948375e+04 -2.4748735864e+01 3.7683259660e+01 3.9857364308e+01 -1.0945791297e+02 4.5270723386e+02 -1.1322057177e-13 1.0373532707e+02
1.0000000000e+00 0.0000000000e+00 3.0012804282e+04 4.8402680045e+04 1.8548937212e+04 3.0992931938e+04 5.7351393020e+05 6.2979546932e+04 -5.1284036583e+01 2.1865890325e+02 1.6586244046e+01 -1.3597595125e+02 6.4702355741e+02 -1.4218367924e-13 3.1187630752e+02
1.0000000000e+00 0.0000000000e+00 1.1938715223e+04 5.3018329896e+03 3.2394123898e+03 2.7680054471e+04 4.3622442084e+05 4.3515495394e+04 -2.4377952209e+01 3.8521432158e+01 4.8504440726e+01 -1.3274722682e+02 5.5324242847e+02 -1.3281707145e-13 2.4964131765e+02
1.0000000000e+00 0.0000000000e+00 1.0050884183e+04 3.7540764786e+03 4.1685264451e+03 1.5607366705e+04 3.6795578846e+05 3.3788660373e+04 -2.7692883789e+01 6.0442990001e+01 3.3847771118e+01 -1.1001220763e+02 4.7821021426e+02 -1.1681661221e-13 2.8574737529e+01
1.0000000000e+00 0.0000000000e+00 3.0445884928e+03 1.5364507523e+04 1.5116363278e+03 4.4786419190e+03 1.4981355194e+05 1.3513321696e+04 -1.2010043797e+00 -1.0794732974e+02 3.2673787824e+01 -5.2916135770e+01 2.2573726178e+02 -8.7133740501e-14 -1.6267212548e+02
1.0000000000e+00 0.0000000000e+00 5.3665870578e+04 3.0968064873e+05 2.1402231948e+04 4.7221983890e+04 7.8463559130e+05 9.8673951448e+04 -6.5160442741e+01 5.5363154906e+02 -2.6485783414e+01 -1.5151387158e+02 7.8115981871e+02 -1.6565174477e-13 5.9503335716e+02
1.0000000000e+00 0.0000000000e+00 3.6990704158e+04 1.3888754194e+05 2.6513458786e+04 2.5609155944e+04 4.5879732040e+05 6.0739145234e+04 -5.4324722801e+01 3.7173545658e+02 -2.0976149503e+01 -1.0798081757e+02 5.8696739693e+02 -1.3419535532e-13 3.1881728916e+02
1.0000000000e+00 0.0000000000e+00 9.1815047855e+03 6.3044223992e+04 1.3040392290e+03 1.2419298684e+04 4.2431403362e+05 3.7836061510e+04 -2.2085627689e+01 2.3491328925e+02 -5.1465468573e-01 -1.0048479954e+02 5.0606650097e+02 -1.4698767219e-13 4.6028291706e+02
1.0000000000e+00 0.0000000000e+00 1.2556502126e+04 1.8449002264e+04 1.5280194800e+04 6.9162285340e+03 3.8183652186e+05 3.6309341222e+04 -2.2118661174e+01 7.9468854788e+01 3.6347105257e-01 -7.6559252869e+01 4.5392299820e+02 -1.0894544572e-13 -2.5019615196e+02
1.0000000000e+00 0.0000000000e+00 8.9604550983e+04 3.0570734250e+05 4.8072272477e+04 8.9414912732e+04 8.1609312138e+05 1.3116920660e+05 -9.4078851385e+01 5.4970679692e+02 -1.4280169351e+01 -1.6860509389e+02 8.2072116350e+02 -1.7200058005e-13 6.8219419735e+02
1.0000000000e+00 0.0000000000e+00 1.7723818948e+03 4.2075947756e+03 1.9367745425e+03 6.3332679731e+03 1.8289166049e+05 1.6208089820e+04 4.6309087462e+00 5.2098570737e+01 -9.7157351321e+00 -3.5555064941e+01 2.6298565542e+02 -1.0687295487e-13 1.8307187325e+02
1.0000000000e+00 0.0000000000e+00 1.9926730955e+04 2.5440775893e+04 5.2436327044e+03 2.7753469801e+04 5.4320096650e+05 5.2604192489e+04 -4.2385682999e+01 1.5605002895e+02 3.4462119248e+01 -1.3656096382e+02 5.8243641397e+02 -1.3305841658e-13 1.6751904731e+01
1.0000000000e+00 0.0000000000e+00 7.8954565718e+03 6.7530635653e+04 4.6352461527e+03 1.0174481044e+04 3.5290922159e+05 3.3676317888e+04 -6.6198786104e+00 2.5365470737e+02 -2.4167416301e+01 -7.1188924080e+01 4.4692340131e+02 -1.2747698351e-13 3.5606104273e+02
1.0000000000e+00 0.0000000000e+00 1.8030956525e+04 2.1159444388e+04 1.0424875833e+04 1.9336819932e+04 4.1228215994e+05 4.2014526236e+04 -3.9860778078e+01 1.3942293346e+02 2.0863621959e+01 -1.1148232345e+02 5.1321998145e+02 -1.3972284809e-13 3.4423424954e+02
1.0000000000e+00 0.0000000000e+00 1.2608733565e+04 4.4693060983e+04 3.4202098723e+03 1.5074994903e+04 3.7007617854e+05 3.5393289707e+04 -3.3145294437e+01 2.0697991865e+02 9.1232840786e+00 -1.0421469206e+02 4.8991630179e+02 -1.2322468175e-13 2.4327750691e+02
1.0000000000e+00 0.0000000000e+00 1.2527899938e+04 3.3843768917e+04 6.3338440574e+03 1.5997099573e+04 3.8001244169e+05 3.7197847534e+04 -3.1739258255e+01 1.8384454922e+02 8.3212231095e+00 -1.0381170433e+02 5.0936458108e+02 -1.2441307305e-13 2.1028262644e+02
1.0000000000e+00 0.0000000000e+00 2.0133474878e+04 1.1752629567e+05 7.8633433037e+03 1.8353814735e+04 5.5422745650e+05 5.4780425726e+04 -3.7674549694e+01 3.3527389568e+02 -1.4388675014e+01 -1.1330550532e+02 6.0736299525e+02 -1.4966623463e-13 4.5883880023e+02
1.0000000000e+00 0.0000000000e+00 3.5492044224e+04 1.2537494013e+05 1.7485088442e+04 3.4707230945e+04 4.9230464244e+05 6.2546345789e+04 -5.7646189024e+01 3.5260353172e+02 -4.5732521285e+00 -1.2530713255e+02 6.1239317847e+02 -1.3865631987e-13 3.7806207837e+02
1.0000000000e+00 0.0000000000e+00 2.0662505158e+04 6.0208398069e+04 1.3585611288e+04 2.1126644692e+04 4.0801613451e+05 4.5831296855e+04 -2.2202170769e+01 -2.3548496904e+02 8.3798233757e+01 -1.2500869411e+02 4.7655101350e+02 -1.1018260324e-13 -2.7896264003e+02
1.0000000000e+00 0.0000000000e+00 4.2358718534e+03 4.5413301042e+04 8.9536631737e+02 1.1117957976e+04 3.6533001120e+05 3.2231967019e+04 -3.9950165122e+00 1.9485832743e+02 -9.9115197193e+00 -7.9111376352e+01 4.5206276970e+02 -1.3170946692e-13 4.1303669816e+02
1.0000000000e+00 0.0000000000e+00 3.4586670528e+04 8.4169882166e+04 1.9073014983e+04 3.7442678948e+04 4.1885156552e+05 5.7488884205e+04 -5.9260925428e+01 2.8844600924e+02 3.2975987315e+00 -1.1648851527e+02 5.4984979065e+02 -1.4107637081e-13 4.2221177235e+02
1.0000000000e+00 0.0000000000e+00 8.3143343661e+04 7.1468268416e+04 3.8518682130e+04 1.1880500161e+05 1.1459374807e+06 1.5093745153e+05 -9.0347716558e+01 2.6432117089e+02 5.8888266135e+01 -2.3348288652e+02 9.9784750324e+02 -1.5767333842e-13 2.6277609774e+02
1.0000000000e+00 0.0000000000e+00 1.1416786564e+05 4.8826241285e+05 8.0124152978e+04 7.3955321208e+04 7.6496206494e+05 1.4358801163e+05 -9.5453959448e+01 6.8969654858e+02 -5.5005222788e+01 -1.4180901276e+02 7.9862235803e+02 -1.7976510627e-13 9.2303540558e+02
1.0000000000e+00 0.0000000000e+00 8.1406336430e+03 2.2244391713e+02 5.2197856661e+03 1.4646195555e+04 3.5511159337e+05 3.2768604548e+04 -2.0052810643e+01 -3.9732888220e+00 3.9771951792e+01 -1.0829232742e+02 4.7605842008e+02 -1.0995889431e-13 -3.0711693268e+01
1.0000000000e+00 0.0000000000e+00 1.7439404752e+04 1.1070734856e+05 5.8285973704e+03 1.7187152911e+04 4.0422122887e+05 4.2949028538e+04 -3.3655617528e+01 3.2917843152e+02 -1.2385480710e+01 -1.0601869141e+02 5.5001845546e+02 -1.2937632178e-13 4.2710030572e+02
1.0000000000e+00 0.0000000000e+00 3.6779601439e+04 9.0585594750e+04 2.3085160333e+04 3.6676886049e+04 5.3105283085e+05 6.6736189053e+04 -5.7720461804e+01 2.9981715320e+02 2.5483185774e+00 -1.2901284025e+02 6.3048878030e+02 -1.4565536045e-13 3.6801007189e+02
1.0000000000e+00 0.0000000000e+00 4.0423929968e+03 1.2435094194e+04 7.4501271806e+02 1.6730277808e+04 3.3000806363e+05 3.0697715673e+04 -3.2391075614e+00 1.0894363451e+02 1.2201376614e+01 -9.0148689942e+01 4.4773212233e+02 -1.1620909234e-13 1.0433677889e+02
1.0000000000e+00 0.0000000000e+00 1.0282642677e+04 1.4469393647e+04 9.2350104286e+03 1.0069670634e+04 2.9913428230e+05 2.9369890898e+04 -2.7251437188e+01 1.1283029862e+02 5.2733700036e+00 -8.2791491990e+01 4.3981464742e+02 -1.1301991800e-13 6.4738633998e+01
1.0000000000e+00 0.0000000000e+00 4.2337081425e+04 5.3411492052e+03 2.5126119268e+04 6.8064789502e+04 1.0842958603e+06 1.1480280221e+05 -5.6895860156e+01 6.4887794118e+01 6.4395817744e+01 -2.0892182153e+02 9.4411569694e+02 -1.4721770921e-13 9.0544623856e+01
1.0000000000e+00 0.0000000000e+00 1.1118764801e+05 2.7050731578e+05 6.9200940728e+04 1.0972746252e+05 1.3205513719e+06 1.8165069917e+05 -1.0214108516e+02 5.1986190693e+02 2.5386896718e+00 -2.1581880750e+02 1.0522925377e+03 -1.8880683119e-13 5.6990978948e+02
1.0000000000e+00 0.0000000000e+00 6.2598122550e+04 3.2861473039e+03 2.4384977011e+04 1.0690308637e+05 1.0462598466e+06 1.2938539632e+05 -7.0246494476e+01 5.3460170864e+01 9.7649968298e+01 -2.4024776976e+02 9.4998943194e+02 -1.3692912996e-13 1.5794298076e+01
1.0000000000e+00 0.0000000000e+00 1.6065839812e+04 4.5232895862e+04 1.0126847815e+04 1.3553240587e+04 2.8655352936e+05 3.2005315239e+04 -3.6896271907e+01 2.0620127270e+02 -4.7978503537e-01 -8.6896822577e+01 4.3561032707e+02 -1.2427529558e-13 4.1406485715e+02
1.0000000000e+00 0.0000000000e+00 2.2048138568e+04 1.1332758197e+04 1.2391660255e+04 2.8826250232e+04 4.2807455096e+05 4.7729386624e+04 -3.9658366575e+01 -3.6385426099e+01 5.8263251025e+01 -1.3501661482e+02 5.6104936293e+02 -1.0511527837e-13 -1.8826904609e+02
1.0000000000e+00 0.0000000000e+00 6.9355417779e+03 4.5318790096e+03 1.0671101983e+04 5.3206573362e+03 2.5564518733e+05 2.4424855674e+04 -6.9874924989e+00 1.9351818484e+01 -7.1691380588e+00 -4.7183588382e+01 3.4892839161e+02 -9.9429052055e-14 -1.1412130443e+02
1.0000000000e+00 0.0000000000e+00 1.4652264483e+04 1.2027545126e+04 1.0630440209e+04 1.6504676331e+04 4.0740880261e+05 4.0042940364e+04 -3.4169076126e+01 1.0348393738e+02 2.0330636271e+01 -1.0977339784e+02 5.3158145854e+02 -1.2063575307e-13 8.0112827804e+01
1.0000000000e+00 0.0000000000e+00 1.5007575375e+05 3.3959127190e+05 1.0011067352e+05 1.4178912661e+05 1.1268189450e+06 1.9986052961e+05 -1.1895548738e+02 5.8226202992e+02 -6.0432301428e+00 -2.0379826377e+02 9.8058512208e+02 -1.8696873377e-13 6.5468759100e+02
1.0000000000e+00 0.0000000000e+00 1.3182597207e+04 2.4737969241e+04 4.2310098494e+03 2.3627231360e+04 5.4757990234e+05 5.0561604956e+04 -3.1944469727e+01 1.5671659536e+02 2.2747020629e+01 -1.2981796831e+02 6.1169846637e+02 -1.3753593482e-13 1.1620783024e+02
1.0000000000e+00 0.0000000000e+00 6.9655062159e+03 1.2889512956e+04 2.3463820659e+03 9.8796136445e+03 2.5416369518e+05 2.3211503757e+04 -2.3261354927e+01 9.4333464610e+01 1.9437801025e+01 -8.6091009942e+01 3.8481862083e+02 -1.1530885217e-13 2.3149916412e+02
1.0000000000e+00 0.0000000000e+00 2.5743650111e+04 1.0977884515e+05 1.8378829779e+04 1.4664516919e+04 3.3749524357e+05 4.2684652203e+04 -4.2542535538e+01 3.3071685952e+02 -2.2043960960e+01 -8.6681047137e+01 4.8078446426e+02 -1.3608624567e-13 4.5907272995e+02
1.0000000000e+00 0.0000000000e+00 7.5542442827e+04 3.4534498163e+05 4.5437764319e+04 5.2243188761e+04 7.7200810024e+05 1.1222087608e+05 -7.8330772065e+01 5.7832843046e+02 -3.5801477236e+01 -1.4527081975e+02 7.8072934882e+02 -1.7979098994e-13 8.6109384085e+02
1.0000000000e+00 0.0000000000e+00 1.0186769531e+05 4.0208750366e+05 5.1818429025e+04 9.6121125851e+04 1.1049974005e+06 1.6001625310e+05 -9.6364809049e+01 6.3218626704e+02 -1.8639518976e+01 -1.9472545206e+02 9.6360084824e+02 -1.8792183300e-13 7.4725852975e+02
1.0000000000e+00 0.0000000000e+00 1.1090064694e+05 1.1871614230e+05 6.7180029693e+04 1.3454683946e+05 1.3964950423e+06 1.8960096807e+05 -1.0472996759e+02 3.4277527543e+02 4.2251762828e+01 -2.4209807531e+02 1.1046890172e+03 -1.6983353421e-13 3.1747993522e+02
1.0000000000e+00 0.0000000000e+00 1.1771903128e+03 9.7418778661e+03 5.3279482954e+02 1.3782271914e+03 1.2911947792e+05 1.0019363991e+04 -4.9120954531e+00 5.7561066938e+01 -3.1973169456e-01 -3.3049657920e+01 1.8190250671e+02 -1.1163519649e-13 3.3600844126e+02
1.0000000000e+00 0.0000000000e+00 1.7725790399e+04 6.3357764328e+04 1.0733949054e+04 1.3807660380e+04 2.8006992196e+05 3.2842659299e+04 -3.8399672151e+01 2.4935423957e+02 -7.7932027823e+00 -8.2544111051e+01 4.2148027574e+02 -1.2542498907e-13 3.2650411212e+02
1.0000000000e+00 0.0000000000e+00 1.5807163700e+04 3.7944782446e+04 1.0365183662e+04 1.4324756101e+04 3.2721174823e+05 3.4831022930e+04 -3.5848471651e+01 1.9352270229e+02 4.2712082375e+00 -9.5062371597e+01 4.6938215573e+02 -1.2375803769e-13 2.9568373984e+02
1.0000000000e+00 0.0000000000e+00 1.5527774649e+04 6.9875512132e+04 7.8588202338e+03 1.3622830129e+04 3.8725225420e+05 3.9051142655e+04 -3.4184906375e+01 2.6159667875e+02 -6.5523326000e+00 -9.6981075422e+01 5.0158158423e+02 -1.2987479150e-13 2.4740339281e+02
1.0000000000e+00 0.0000000000e+00 5.0341083471e+04 1.9785493586e+05 2.3292691144e+04 4.8809219163e+04 6.9453427025e+05 8.8614210087e+04 -6.7331797040e+01 4.3272560571e+02 -6.5515467204e+00 -1.4895387310e+02 7.2511595540e+02 -1.6528142101e-13 6.4874185907e+02
1.0000000000e+00 0.0000000000e+00 9.1489345603e+03 1.5283469783e+04 2.2920202683e+03 2.5000269049e+04 4.5580136606e+05 4.3705882061e+04 -1.1235923630e+01 1.2288685369e+02 2.2241665212e+01 -1.1497792300e+02 5.4005141126e+02 -1.2342230800e-13 2.1104878819e+02
1.0000000000e+00 0.0000000000e+00 3.2009522804e+04 1.3991640473e+05 1.5481316328e+04 2.9790316663e+04 5.4410997874e+05 6.3663001835e+04 -5.1584525306e+01 3.7097257609e+02 -9.7079068630e+00 -1.2260560980e+02 6.1362922078e+02 -1.5603285186e-13 5.3888750867e+02
1.0000000000e+00 0.0000000000e+00 1.9848026730e+04 3.5525326986e+04 1.2354040159e+04 2.1359108082e+04 3.0252850270e+05 3.7089327431e+04 -4.2861289176e+01 1.8829007541e+02 8.8957735779e+00 -9.6675314472e+01 4.5443461043e+02 -1.2145693669e-13 2.3509541316e+02
1.0000000000e+00 0.0000000000e+00 9.0555256451e+03 4.9248755363e+03 4.4023903352e+03 1.3462469108e+04 3.1579905840e+05 2.9469469523e+04 -2.2088567256e+01 -2.5178322396e+01 4.4227385305e+01 -1.0267869867e+02 4.2535922538e+02 -1.0512940604e-13 -1.2985972477e+02
1.0000000000e+00 0.0000000000e+00 2.2630718843e+04 6.9155965704e+03 7.7643062248e+03 3.7531956205e+04 6.0621506038e+05 6.1434313600e+04 -4.2179622486e+01 7.8229892134e+01 5.4949449599e+01 -1.5752048564e+02 6.4927723144e+02 -1.3374007227e-13 7.0450675119e+01
1.0000000000e+00 0.0000000000e+00 8.7019195629e+03 3.6660603294e+04 6.7588065531e+03 1.0002726135e+04 3.4771550178e+05 3.2637560419e+04 -1.9013021952e+01 1.8980969056e+02 -1.1150861719e+01 -7.8355200680e+01 4.5863576808e+02 -1.2672174041e-13 2.6283309522e+02
1.0000000000e+00 0.0000000000e+00 1.3745361709e+04 4.6230740037e+04 4.9111485574e+03 3.0371991290e+04 4.6476213654e+05 4.9397672260e+04 -1.3055725383e+01 2.0588437379e+02 2.1099320767e+01 -1.2858170460e+02 5.7778293770e+02 -1.3069021366e-13 3.6328510655e+02
1.0000000000e+00 0.0000000000e+00 1.3251146991e+04 1.2919343434e+04 1.5409269061e+04 6.4057992878e+03 2.1868617631e+05 2.4887187432e+04 -2.8026508624e+01 1.0450657036e+02 -3.1620045638e+00 -6.1754820428e+01 3.5857292961e+02 -9.9641138766e-14 -2.2812836661e+01
1.0000000000e+00 0.0000000000e+00 7.8114700850e+03 4.5772678868e+04 3.6020178955e+03 4.8216272835e+03 2.0427041546e+05 1.9736643075e+04 -2.4176423315e+01 2.1015555032e+02 -1.2219664369e+01 -5.8824104788e+01 3.1921407827e+02 -1.1842019012e-13 3.1633096388e+02
1.0000000000e+00 0.0000000000e+00 4.8607877242e+04 1.7051978010e+05 3.6556808805e+04 3.3574416671e+04 4.8098071387e+05 7.1727395624e+04 -6.2740310857e+01 4.1266825209e+02 -2.5999127674e+01 -1.1114267952e+02 6.1031050322e+02 -1.4358771144e-13 4.6340014068e+02
1.0000000000e+00 0.0000000000e+00 4.8672509010e+03 3.2225708754e+04 4.7277355005e+02 9.1379086683e+03 2.6912237296e+05 2.4031146041e+04 -1.3777295832e+01 1.7036104575e+02 3.6679891601e+00 -8.2424456038e+01 4.0532039464e+02 -1.1939979425e-13 2.9060148998e+02
1.0000000000e+00 0.0000000000e+00 2.9676397278e+04 8.0830935141e+04 1.2941856341e+04 3.3814686282e+04 5.9391464485e+05 6.4814802173e+04 -5.2408740053e+01 2.7102952730e+02 1.2676134752e+01 -1.4058076156e+02 6.6452192374e+02 -1.5280868043e-13 4.9270390470e+02
1.0000000000e+00 0.0000000000e+00 2.7538740388e+04 1.0480356552e+05 2.2849652465e+04 1.4543794406e+04 3.1971993602e+05 4.3115670983e+04 -4.5167201518e+01 3.2209828627e+02 -2.6125999205e+01 -8.0008426542e+01 4.6842686298e+02 -1.1926117797e-13 2.2679208697e+02
1.0000000000e+00 0.0000000000e+00 2.4429499765e+04 9.8527427907e+03 1.2770307164e+04 3.7300008771e+04 5.1763498578e+05 5.7674889011e+04 -3.7317448317e+01 -7.7530227808e+01 7.4008941785e+01 -1.5279281207e+02 6.0990318994e+02 -1.1878452216e-13 -1.3395933436e+02
1.0000000000e+00 0.0000000000e+00 1.8793202296e+04 1.6655976607e+04 1.0721313342e+04 2.9864263816e+04 5.8001733561e+05 5.7961657117e+04 -3.8307854839e+01 1.2341517804e+02 2.4367334896e+01 -1.3417671178e+02 6.5511152809e+02 -1.3468082689e-13 2.6446859844e+02
1.0000000000e+00 0.0000000000e+00 1.0230042367e+05 2.8985014050e+05 7.6754599126e+04 7.9557876278e+04 9.2387779517e+05 1.4554160025e+05 -9.4837300601e+01 5.3622479884e+02 -2.3150158971e+01 -1.6485194416e+02 8.6225555565e+02 -1.6773310082e-13 4.3888422852e+02
1.0000000000e+00 0.0000000000e+00 1.0876387366e+04 6.2547644725e+04 8.0547857223e+03 5.9514359500e+03 3.0923059887e+05 3.0056513601e+04 -2.0562658447e+01 2.4589229578e+02 -2.2145868758e+01 -6.8418021685e+01 4.2104763006e+02 -1.3218976826e-13 4.0233572796e+02
1.0000000000e+00 0.0000000000e+00 2.8699040812e+04 1.0396088899e+05 1.2536368479e+04 3.0159038830e+04 5.3655072920e+05 6.0272988722e+04 -4.9803775748e+01 3.1884621395e+02 2.2502229134e+00 -1.2928538506e+02 6.2023508227e+02 -1.4788143341e-13 4.6528248460e+02
1.0000000000e+00 0.0000000000e+00 2.0433167906e+04 9.1778891607e+04 1.8744150921e+04 6.4766339895e+03 3.1024799051e+05 3.6416578795e+04 -3.3397357185e+01 3.0283236301e+02 -3.3560387580e+01 -6.2755449416e+01 4.1425557606e+02 -1.3276074967e-13 3.5821938022e+02
1.0000000000e+00 0.0000000000e+00 1.3905155131e+05 5.8360589450e+05 1.0653908446e+05 8.3121843319e+04 7.2837319124e+05 1.6137591359e+05 -1.0314489084e+02 7.6057004041e+02 -7.1549600501e+01 -1.2973722189e+02 7.7137147670e+02 -1.8141163106e-13 8.9462436080e+02
1.0000000000e+00 0.0000000000e+00 1.2824194774e+03 6.5383003813e+03 9.7902418716e+02 2.7226781175e+03 1.2773462133e+05 1.0568033338e+04 2.7421535029e+00 7.9409283191e+01 -1.3836730731e+01 -1.9925417914e+01 1.6423267604e+02 -9.6719666051e-14 5.0721531723e+01
1.0000000000e+00 0.0000000000e+00 4.0829704261e+04 1.2990760283e+05 2.9512352630e+04 2.8763650023e+04 6.3654882616e+05 7.4969571776e+04 -5.7056969144e+01 3.5453212694e+02 -1.3250690927e+01 -1.2673414138e+02 6.7618440050e+02 -1.6010014380e-13 5.0874548285e+02
1.0000000000e+00 0.0000000000e+00 1.0090590985e+04 1.8968547979e+04 6.1648841046e+03 1.1873940254e+04 3.0170074943e+05 2.9257468350e+04 -2.8691661803e+01 1.3716251730e+02 1.0063885684e+01 -8.8543551980e+01 4.2988456157e+02 -1.2291626429e-13 2.2239742943e+02
1.0000000000e+00 0.0000000000e+00 1.7632353675e+04 1.0874272905e+05 7.7207544900e+03 1.0462208239e+04 2.6064813061e+05 3.0969938131e+04 -3.6324624822e+01 3.2436934042e+02 -2.1860601381e+01 -7.2890556063e+01 3.9156516418e+02 -1.2693623492e-13 4.0498851705e+02
1.0000000000e+00 0.0000000000e+00 4.4552031474e+03 3.7917880322e+03 1.9359123649e+03 7.7232347263e+03 2.5516398913e+05 2.1676674652e+04 -1.1320350366e+01 -2.1954744889e+01 3.7358185296e+01 -8.1504073377e+01 3.2465854113e+02 -1.0194413699e-13 -2.1911454100e+02
1.0000000000e+00 0.0000000000e+00 2.5536136989e+04 1.8939079596e+04 1.3126817810e+04 3.6292951329e+04 4.4510759471e+05 5.2944556619e+04 -3.0818960514e+01 -1.3278155689e+02 9.0007212575e+01 -1.5391811546e+02 5.5557072665e+02 -1.1492466248e-13 -7.7171094207e+01
1.0000000000e+00 0.0000000000e+00 1.4002154660e+04 1.1748026431e+05 6.4733908243e+03 7.0890241640e+03 3.2754691936e+05 3.3838767730e+04 -2.3720910254e+01 3.4126348109e+02 -2.8399073227e+01 -7.4134658980e+01 4.2940978426e+02 -1.2927911766e-13 3.3111409458e+02
1.0000000000e+00 0.0000000000e+00 1.2188323069e+04 1.9142302116e+04 3.8000625734e+03 1.6487720656e+04 3.1558504499e+05 3.1266753327e+04 -3.4259525825e+01 1.3716411497e+02 2.0926165154e+01 -1.0037631459e+02 4.3981530440e+02 -1.1949412864e-13 2.2937259155e+02
1.0000000000e+00 0.0000000000e+00 1.2611423716e+05 3.1451569514e+05 7.6918439636e+04 1.2442809288e+05 1.1487344036e+06 1.8224582103e+05 -1.1032239469e+02 5.6011179351e+02 -2.4895042421e+00 -2.0404171465e+02 9.7573736570e+02 -1.8951676630e-13 6.9823430530e+02
1.0000000000e+00 0.0000000000e+00 5.3312372165e+03 4.0486225209e+03 2.4481997751e+03 1.3210274976e+04 3.0488845925e+05 2.7735817126e+04 -1.3460587630e+01 2.8002438320e+00 3.6580758347e+01 -1.0078746023e+02 4.4107452585e+02 -1.1869547937e-13 2.0263730320e+02
1.0000000000e+00 0.0000000000e+00 4.9445795551e+03 9.3773414602e+03 2.1501057189e+03 6.3160406056e+03 2.4703023889e+05 2.0861955473e+04 -1.6066944303e+01 9.3589537723e+01 1.3690127365e+01 -7.0084409566e+01 3.1459244868e+02 -1.1639303974e-13 1.5193316973e+02
1.0000000000e+00 0.0000000000e+00 2.6024530809e+04 3.0319455551e+03 1.0225127963e+04 4.0772433646e+04 4.9574620634e+05 5.6338206016e+04 -4.7752463517e+01 5.4803256776e+01 5.3975920719e+01 -1.4771308409e+02 6.0681322341e+02 -1.2489101348e-13 6.6887154347e+01
1.0000000000e+00 0.0000000000e+00 6.6969106112e+04 5.4986866225e+03 2.7789773784e+04 1.1278789162e+05 1.5472925526e+06 1.6732287746e+05 -6.5485515886e+01 -1.1648190727e+01 1.1837364020e+02 -2.7568188475e+02 1.1032776163e+03 -1.6156448998e-13 -1.9795731039e+02
1.0000000000e+00 0.0000000000e+00 1.9174866682e+04 2.4386155931e+04 9.4482403921e+03 2.5607017622e+04 4.2149209015e+05 4.5207881785e+04 -4.2303636280e+01 1.5455934931e+02 2.2740819824e+01 -1.2105506466e+02 5.5441228313e+02 -1.2714993592e-13 2.3820431011e+02
1.0000000000e+00 0.0000000000e+00 1.4205611203e+03 2.4276326315e+03 4.9196705962e+02 5.3246323438e+03 1.4598385725e+05 1.2558704841e+04 -9.5967424040e-01 -2.7851344992e+01 1.8073478916e+01 -5.3097393677e+01 2.6161960208e+02 -8.5838504622e-14 -7.5454661437e+01
1.0000000000e+00 0.0000000000e+00 9.6398743914e+03 6.5049078554e+03 2.1007717865e+03 2.0767271169e+04 3.5436781944e+05 3.4452674500e+04 -2.3490629822e+01 7.7678816984e+01 3.5679093279e+01 -1.1591873283e+02 4.9350452306e+02 -1.1333423827e-13 1.1336442651e+02
1.0000000000e+00 0.0000000000e+00 1.2574607267e+05 5.5733271289e+05 8.7571939212e+04 7.9890908628e+04 1.0289500805e+06 1.7065538128e+05 -9.7602105060e+01 7.4134944002e+02 -5.6261940574e+01 -1.6492260858e+02 9.2407618541e+02 -1.9510778927e-13 9.6553433250e+02
1.0000000000e+00 0.0000000000e+00 2.7671975251e+04 6.1922008921e+03 1.3412857725e+04 5.1631462311e+04 7.4734601945e+05 7.9701506661e+04 -3.8031538585e+01 -6.7240288894e+01 8.2746018157e+01 -1.8277587650e+02 7.4791124972e+02 -1.2763753702e-13 -1.6481629985e+02
1.0000000000e+00 0.0000000000e+00 1.1041657930e+04 4.6231859376e+04 8.8985268264e+03 4.9320538100e+03 2.7642289487e+05 2.6945483703e+04 -2.6612508816e+01 1.9934331637e+02 -1.5134007193e+01 -5.9034974698e+01 3.4726335952e+02 -1.2900746271e-13 3.3556798759e+02
1.0000000000e+00 0.0000000000e+00 1.7593966265e+04 1.0230372521e+05 8.7968303051e+03 1.2871988745e+04 4.6337302758e+05 4.5840124613e+04 -3.3836596560e+01 3.0149586125e+02 -1.4586015234e+01 -1.0100513947e+02 5.5077792116e+02 -1.4772935462e-13 5.8094111629e+02
1.0000000000e+00 0.0000000000e+00 1.3957163790e+04 8.5480306617e+03 1.4724416324e+04 9.3952018415e+03 2.7575730509e+05 2.9566039949e+04 -3.2440895324e+01 7.9191897733e+01 7.4046189903e+00 -7.3804567864e+01 3.9047844999e+02 -1.0682694099e-13 -3.2086434747e+01
1.0000000000e+00 0.0000000000e+00 3.0850386938e+04 5.6417345508e+04 1.7104644938e+04 3.3846648180e+04 4.7776623373e+05 5.7603888328e+04 -5.5299052151e+01 2.3615609236e+02 1.3262082245e+01 -1.2514656053e+02 5.8265360279e+02 -1.4175153214e-13 3.4020787382e+02
1.0000000000e+00 0.0000000000e+00 3.3229904799e+04 8.2246430775e+04 2.2848738214e+04 3.1057102363e+04 4.6144567117e+05 5.8998793581e+04 -5.5018349133e+01 2.8371773299e+02 -2.1238201316e+00 -1.1644298267e+02 5.8776883859e+02 -1.3388713871e-13 2.8722947870e+02
1.0000000000e+00 0.0000000000e+00 1.3026691207e+04 2.2915521208e+04 7.6131231033e+03 1.6258270902e+04 2.1698415609e+05 2.6361565861e+04 -1.5769755693e+01 -1.3526499782e+02 7.0949358678e+01 -1.0750074623e+02 3.6748215772e+02 -8.1250285545e-14 -3.2564229327e+02
1.0000000000e+00 0.0000000000e+00 3.2754553770e+03 1.8222062838e+04 1.5276666619e+03 3.9786951525e+03 1.7534831439e+05 1.5152990794e+04 -1.2837662038e+01 1.2823830087e+02 -2.0858167150e+00 -5.6460402161e+01 2.9862561227e+02 -1.1063881051e-13 2.8021839527e+02
1.0000000000e+00 0.0000000000e+00 1.4155712403e+04 5.4666653298e+03 6.6514378560e+03 2.1009000504e+04 4.3196365141e+05 4.1691403770e+04 -3.1779444135e+01 5.1392740395e+00 4.5903456387e+01 -1.2382686724e+02 5.3449542821e+02 -1.0999235159e-13 -1.5283926715e+02
1.0000000000e+00 0.0000000000e+00 2.2906375460e+04 6.3153124314e+04 1.2975401221e+04 2.3051102017e+04 4.2194148298e+05 4.7520747057e+04 -4.4858937200e+01 2.5112601653e+02 3.1545666265e+00 -1.1382139615e+02 5.6028582645e+02 -1.2614051250e-13 2.7207328327e+02
1.0000000000e+00 0.0000000000e+00 2.5298855273e+03 7.9057581842e+03 1.8802927992e+03 4.9332474701e+03 1.3474186261e+05 1.2495094761e+04 -1.6868233467e+00 -8.4077827953e+01 2.7764918408e+01 -5.4470926621e+01 2.5009542481e+02 -8.4550019662e-14 -6.6301094266e+01
1.0000000000e+00 0.0000000000e+00 3.8455025933e+04 1.8638287357e+04 1.9552179044e+04 5.0773399865e+04 7.7393566692e+05 8.4364214162e+04 -5.7847695595e+01 1.3358091078e+02 5.1014892608e+01 -1.7652235585e+02 7.6153097263e+02 -1.3781026899e-13 4.7928081972e+01
1.0000000000e+00 0.0000000000e+00 2.0373686466e+04 1.4137258434e+05 6.0712299624e+03 1.5547541412e+04 3.8936437947e+05 4.2830021134e+04 -3.8304599777e+01 3.6329398935e+02 -1.8145101068e+01 -9.9866443296e+01 5.2047883263e+02 -1.3742391394e-13 4.8052961294e+02
1.0000000000e+00 0.0000000000e+00 2.4324623511e+04 3.1620159697e+04 1.8303981425e+04 2.3272382102e+04 4.4304508949e+05 4.9777299967e+04 -4.5776207274e+01 1.7545193014e+02 1.2443119596e+01 -1.1443660567e+02 5.6055011451e+02 -1.2746811437e-13 1.3149241266e+02
1.0000000000e+00 0.0000000000e+00 3.4608484570e+03 1.6420263887e+04 1.1101872657e+03 3.5669758157e+03 1.5784348574e+05 1.3520342962e+04 -1.2508100421e+01 9.9420482360e+01 8.5963009645e+00 -5.5982081876e+01 2.4814188144e+02 -1.1145439752e-13 3.1012043137e+02
1.0000000000e+00 0.0000000000e+00 2.4259159662e+03 3.8432299207e+03 3.4904670453e+02 1.0074985990e+04 2.8082661621e+05 2.3784626878e+04 -6.9487916554e+00 6.0827141364e+01 1.6433968915e+01 -8.1081428527e+01 3.9503691847e+02 -1.0862977105e-13 2.9657288861e+00
1.0000000000e+00 0.0000000000e+00 3.4035766214e+04 4.8923069101e+04 2.2030921254e+04 3.6618612425e+04 7.3905793071e+05 7.8184584097e+04 -5.4755789164e+01 2.0807416722e+02 2.1013755320e+01 -1.5347145207e+02 7.4405347982e+02 -1.3959948685e-13 7.0117678520e+01
1.0000000000e+00 0.0000000000e+00 3.0914487094e+04 5.8244661724e+03 2.6158456602e+04 3.3838421656e+04 6.5818541818e+05 7.1135122575e+04 -4.7110195910e+01 1.8006153210e+01 4.5505960026e+01 -1.4879469558e+02 6.9543676095e+02 -1.2941813022e-13 -7.0701988600e+01
1.0000000000e+00 0.0000000000e+00 9.6138436875e+03 4.9523490428e+04 6.7003795950e+03 5.5274168681e+03 2.4105636847e+05 2.4051214391e+04 -2.4313731211e+01 2.2072290978e+02 -1.6137645826e+01 -6.5692591265e+01 3.8272936206e+02 -1.1362399728e-13 2.9489067608e+02
1.0000000000e+00 0.0000000000e+00 1.1768673644e+04 9.9944398936e+04 4.4825195168e+03 9.1691408296e+03 2.9019030046e+05 3.0541003942e+04 -2.0107136492e+01 3.1166318295e+02 -2.2751102978e+01 -7.6512364642e+01 4.3096775922e+02 -1.2023188556e-13 3.4471641276e+02
1.0000000000e+00 0.0000000000e+00 1.9482445741e+04 1.9387731518e+04 1.0505865080e+04 3.9904884974e+04 6.1768104020e+05 6.5077375310e+04 -2.0266698822e+01 -1.3271695860e+02 8.3997817456e+01 -1.6553322132e+02 6.7212695486e+02 -1.1918306755e-13 -1.5678179283e+02
1.0000000000e+00 0.0000000000e+00 3.4207460487e+03 2.5087745046e+04 1.0887828240e+03 4.1617663925e+03 1.5097838947e+05 1.3747123834e+04 -1.3127432107e+01 1.5656526388e+02 -7.1375328846e+00 -5.4257686749e+01 2.9535912174e+02 -9.8705633453e-14 2.3523908893e+02
1.0000000000e+00 0.0000000000e+00 6.5748924787e+03 2.7514059407e+04 7.6937342491e+03 2.4442857310e+03 2.1151779216e+05 2.0009691732e+04 -1.1387140491e+01 1.5327669947e+02 -2.3400069362e+01 -3.9275149637e+01 3.0128196042e+02 -1.0349886446e-13 3.0039234353e+01
1.0000000000e+00 0.0000000000e+00 1.0964594435e+04 1.6489125179e+04 2.4190649469e+03 1.9276595168e+04 3.8044538640e+05 3.6163731546e+04 -2.9206031090e+01 1.2747382456e+02 2.9159504796e+01 -1.1726468191e+02 5.0771301119e+02 -1.2609045508e-13 2.1577411614e+02
1.0000000000e+00 0.0000000000e+00 3.9703571844e+04 4.7099254335e+04 3.6997552852e+04 2.9313736817e+04 5.7810791583e+05 7.0417668349e+04 -5.7588091776e+01 2.1614646932e+02 3.4809338251e+00 -1.2008095426e+02 6.2600557455e+02 -1.4772991743e-13 2.5640164799e+02
1.0000000000e+00 0.0000000000e+00 6.0562647967e+04 1.6952958576e+05 3.4398677318e+04 6.7587340747e+04 1.0281233002e+06 1.2292874268e+05 -7.3497285795e+01 4.1056768918e+02 4.0568423081e+00 -1.8584463387e+02 9.2143704494e+02 -1.6112506517e-13 3.8219662193e+02
1.0000000000e+00 0.0000000000e+00 4.0218986597e+03 1.2861723946e+03 1.7471052500e+03 6.0532062845e+03 1.4443639289e+05 1.3268673072e+04 -1.3249836949e+01 -2.2126421725e+01 3.4015502888e+01 -6.8247563591e+01 2.5708597094e+02 -9.1984935023e-14 -6.5798811932e+01
1.0000000000e+00 0.0000000000e+00 3.1842950893e+04 7.8008974163e+03 1.0733342190e+04 5.0146308080e+04 5.1769224600e+05 6.2508012618e+04 -5.4226546989e+01 8.2576151444e+01 5.8836920757e+01 -1.6005142046e+02 6.3817991911e+02 -1.1849103523e-13 2.1982006311e+01
1.0000000000e+00 0.0000000000e+00 1.3071653840e+04 3.5968226352e+04 1.2874806541e+04 8.3094217138e+03 4.2454183833e+05 3.9641445641e+04 -2.6878402715e+01 1.8942711410e+02 -1.0373546813e+01 -8.6609975496e+01 5.0943167613e+02 -1.2513615927e-13 1.4918831429e+02
1.0000000000e+00 0.0000000000e+00 1.9818660704e+04 8.0371268095e+04 9.6205321372e+03 1.9784642390e+04 4.7271991360e+05 4.8864625380e+04 -4.0436742073e+01 2.8161466204e+02 -6.9872583606e+00 -1.0932385611e+02 5.7262520447e+02 -1.3544460880e-13 3.3749651964e+02
1.0000000000e+00 0.0000000000e+00 1.1413616760e+04 2.2368881197e+04 4.8690004026e+03 1.6908687474e+04 4.2732839769e+05 3.9593347586e+04 -2.9573589472e+01 1.4908360523e+02 1.1798868716e+01 -1.0619384048e+02 5.2865838624e+02 -1.2647075010e-13 2.2276982795e+02
1.0000000000e+00 0.0000000000e+00 9.6762485094e+03 1.2030997554e+03 3.9535335294e+03 1.3931651997e+04 2.3219117800e+05 2.3680575876e+04 -2.4497728706e+01 -2.5425182272e+01 4.7287460220e+01 -9.7655313456e+01 3.7215592930e+02 -1.0524517210e-13 5.3382550705e+01
1.0000000000e+00 0.0000000000e+00 6.9644790634e+04 1.5940089504e+05 4.0787174541e+04 7.4130165609e+04 1.0421224286e+06 1.2908177511e+05 -8.1033472267e+01 3.9737840789e+02 9.8890945293e+00 -1.8914892285e+02 9.1597237733e+02 -1.7722118349e-13 5.2018069103e+02
1.0000000000e+00 0.0000000000e+00 1.3311237212e+04 7.2109507297e+04 1.0335564143e+04 9.0285396086e+03 3.8247181652e+05 3.7830356465e+04 -2.4716595610e+01 2.6806802786e+02 -2.1543175160e+01 -8.1893894801e+01 4.9147149926e+02 -1.3364258629e-13 3.4102265641e+02
1.0000000000e+00 0.0000000000e+00 2.5047882120e+04 8.0721036448e+04 8.5042414508e+03 5.6208175681e+04 8.9233874164e+05 9.3094227219e+04 -1.5323584923e+01 2.6876361801e+02 2.3882018376e+01 -1.7131547128e+02 8.0099530597e+02 -1.6386928378e-13 5.0156006442e+02
1.0000000000e+00 0.0000000000e+00 1.7555045622e+04 2.2886068554e+04 1.8450528382e+04 1.2823023676e+04 5.0134013016e+05 4.8604253758e+04 -3.3794375892e+01 1.5057649587e+02 1.8285037650e-01 -1.0083895580e+02 5.6600982928e+02 -1.3613093867e-13 1.5490152555e+02
1.0000000000e+00 0.0000000000e+00 4.7818140506e+03 1.1009033419e+04 1.4245074942e+03 8.8640406794e+03 2.3887152719e+05 2.1233296248e+04 -1.3328928102e+01 9.7212557271e+01 2.1006691067e+01 -8.3251925571e+01 3.5355844693e+02 -1.1518661343e-13 2.0160284404e+02
1.0000000000e+00 0.0000000000e+00 1.5724315412e+04 3.7055938896e+04 9.0467115722e+03 1.7727255306e+04 4.3389819973e+05 4.2932917921e+04 -3.6120366515e+01 1.9074323079e+02 6.2709071438e+00 -1.0705095344e+02 5.3920871924e+02 -1.3234031082e-13 2.8677373828e+02
1.0000000000e+00 0.0000000000e+00 3.4085191667e+03 2.1759835403e+03 3.4090866440e+03 7.7609237155e+03 2.8798060025e+05 2.4456074957e+04 -5.2523039427e+00 3.4277657020e+00 2.6981599001e+01 -8.1020029699e+01 3.6924089996e+02 -1.1881358742e-13 1.2293885735e+02
1.0000000000e+00 0.0000000000e+00 9.0362638112e+03 4.3175358222e+04 6.0364466680e+03 5.8759386666e+03 2.4894327556e+05 2.4139014566e+04 -2.2874460868e+01 2.0545203601e+02 -1.2220334994e+01 -6.5152537328e+01 3.6522379212e+02 -1.1186161659e-13 9.3977850214e+01
1.0000000000e+00 0.0000000000e+00 4.1490455899e+04 1.4228828695e+05 2.4013645142e+04 3.9306273247e+04 6.1314344066e+05 7.6404623145e+04 -6.0396423724e+01 3.6633821559e+02 -6.2199603217e+00 -1.3937529016e+02 7.0742468222e+02 -1.5148192738e-13 6.4940460458e+02
1.0000000000e+00 0.0000000000e+00 8.0760787745e+03 7.1998059583e+03 3.2949368860e+03 1.2852280500e+04 2.5537790096e+05 2.4764788801e+04 -2.5260201785e+01 6.7975464474e+01 2.3233366916e+01 -8.8965470115e+01 3.9920398651e+02 -1.0940308742e-13 1.0966414977e+02
1.0000000000e+00 0.0000000000e+00 2.4078613400e+04 1.9860059765e+05 1.2254568894e+04 1.5677896501e+04 5.1708009010e+05 5.6975795872e+04 -2.6061408847e+01 4.4029758438e+02 -3.8081978940e+01 -1.0182978828e+02 6.0482015561e+02 -1.4395987833e-13 5.8113392628e+02
1.0000000000e+00 0.0000000000e+00 1.6923867148e+04 1.8124959463e+04 2.6958396347e+03 4.6251596642e+04 6.7681153245e+05 6.8495091150e+04 -3.0603937490e+01 1.3254037633e+02 4.3377182018e+01 -1.6351282728e+02 7.2378592110e+02 -1.3064869438e-13 8.2001802595e+01
1.0000000000e+00 0.0000000000e+00 2.4400189381e+04 1.8835560855e+04 1.2161769238e+04 4.3269046849e+04 5.4158728845e+05 6.2167077996e+04 -2.6109044475e+01 -1.2667660872e+02 9.2040671735e+01 -1.6886092742e+02 6.3850726471e+02 -1.1128531833e-13 -2.1326085506e+02
1.0000000000e+00 0.0000000000e+00 4.3121002505e+04 7.8829322460e+04 3.9835461539e+04 3.3547658304e+04 5.6122745835e+05 7.3989932788e+04 -5.7760918738e+01 2.8012602243e+02 -6.7095397459e+00 -1.2171249901e+02 6.5522854519e+02 -1.4012589118e-13 3.0121252843e+02
1.0000000000e+00 0.0000000000e+00 1.7934733981e+04 1.7786131255e+05 4.5275733427e+03 9.4299900293e+03 3.1021181282e+05 3.5879716387e+04 -2.7026472096e+01 4.0213864498e+02 -3.2377847733e+01 -7.6647544612e+01 4.2702891087e+02 -1.4361483326e-13 6.7232569045e+02
1.0000000000e+00 0.0000000000e+00 4.8779853883e+04 1.7128875563e+05 3.4349829883e+04 3.6104555577e+04 5.8002042767e+05 7.8619500806e+04 -6.3442572784e+01 4.1331773820e+02 -2.0238207447e+01 -1.2463465166e+02 6.6361549137e+02 -1.4895784000e-13 4.3352088411e+02
1.0000000000e+00 0.0000000000e+00 2.2390166776e+03 1.8172373249e+04 1.2864251903e+03 1.7757652044e+03 1.6009722379e+05 1.3024626129e+04 -6.1495203911e+00 1.3139731884e+02 -8.5145687466e+00 -3.8525667650e+01 2.1693112357e+02 -1.0869928010e-13 1.6514762848e+02
1.0000000000e+00 0.0000000000e+00 1.8501846276e+04 4.3726368310e+04 9.8447859737e+03 2.1246184723e+04 3.8179783748e+05 4.1693907977e+04 -2.1095901901e+01 -1.8238849561e+02 8.3504656393e+01 -1.3096413536e+02 4.7941639930e+02 -9.5580869775e-14 -3.7960842909e+02
1.0000000000e+00 0.0000000000e+00 3.1447773428e+04 1.3858307563e+03 1.5874643284e+04 4.6536414907e+04 5.6867182220e+05 6.6203514913e+04 -4.9999450869e+01 1.8297044428e+01 6.3934964301e+01 -1.6129513318e+02 6.6114628615e+02 -1.2313414197e-13 -6.9143612129e+00
1.0000000000e+00 0.0000000000e+00 4.7721528378e+02 3.3199532445e+03 5.0316112023e+01 2.1614930931e+03 1.2318978825e+05 9.4490212183e+03 -2.2101076937e+00 5.5862106831e+01 3.3162101264e+00 -3.8120614169e+01 1.9394026290e+02 -9.5267612296e-14 8.9972895288e+01
1.0000000000e+00 0.0000000000e+00 1.0283325119e+04 6.7446444800e+04 6.1076487222e+03 8.3090083099e+03 2.5589972058e+05 2.6938527984e+04 -2.1220486093e+01 2.5810250819e+02 -2.2181539107e+01 -6.7215494424e+01 4.0421064162e+02 -1.1674488718e-13 2.8880135915e+02
1.0000000000e+00 0.0000000000e+00 2.0456782088e+04 1.9675034993e+04 9.3297356788e+03 3.3183504432e+04 5.7019344249e+05 5.8351282825e+04 -4.2275541694e+01 1.3779595491e+02 3.0730550247e+01 -1.3861756903e+02 6.3360607544e+02 -1.3900525712e-13 1.6722860097e+02
1.0000000000e+00 0.0000000000e+00 3.8929023073e+04 1.2851398526e+05 3.4535042167e+04 2.2149168561e+04 5.3116836923e+05 6.6987026134e+04 -5.1655198377e+01 3.5799989658e+02 -2.5862545844e+01 -1.0790289602e+02 6.2786478343e+02 -1.4099305071e-13 4.1431150280e+02
1.0000000000e+00 0.0000000000e+00 2.7522029630e+04 1.4838457279e+05 6.1324234569e+03 4.0871522518e+04 9.8446510690e+05 9.4680616391e+04 -4.0884703059e+01 3.8153621299e+02 -1.2042331937e+00 -1.6664824752e+02 8.4745387114e+02 -1.6937362394e-13 4.5100887488e+02
1.0000000000e+00 0.0000000000e+00 2.0364294333e+04 6.2912390339e+04 1.1134247193e+04 1.8099612706e+04 3.6532108260e+05 4.0667896716e+04 -4.3968410550e+01 2.4656274261e+02 -2.5267011831e+00 -9.4620889159e+01 4.7097080308e+02 -1.3156477513e-13 2.5493242216e+02
1.0000000000e+00 0.0000000000e+00 3.9337810732e+04 2.4917108386e+04 2.5878564488e+04 4.7701130978e+04 7.2312248064e+05 8.2595145066e+04 -5.9122904569e+01 1.5305879977e+02 3.6632137354e+01 -1.6293896959e+02 7.4806664897e+02 -1.4737516748e-13 1.8132232497e+02
1.0000000000e+00 0.0000000000e+00 1.2588797200e+04 3.4803910200e+04 4.3106065288e+03 1.8844597121e+04 3.2218141132e+05 3.3771060839e+04 -3.2308565147e+01 1.8036746321e+02 1.4876191620e+01 -1.0245482832e+02 4.6078731764e+02 -1.2479678740e-13 2.7518309521e+02
1.0000000000e+00 0.0000000000e+00 3.1077816640e+04 6.6233087546e+04 2.4098418614e+04 2.3754377610e+04 3.7727053547e+05 4.9781543564e+04 -5.2213144474e+01 2.5722491619e+02 -4.9960778039e+00 -9.9409137486e+01 5.1114648742e+02 -1.3142645543e-13 2.8286863596e+02
1.0000000000e+00 0.0000000000e+00 1.9731425116e+03 5.1874937463e+02 7.1481453122e+02 1.0173226415e+04 2.6218033938e+05 2.2568117193e+04 -2.5668312882e+00 1.2061606372e+01 2.3140487179e+01 -7.7708220297e+01 3.6524394705e+02 -9.9073512650e-14 -8.3114132418e+01
1.0000000000e+00 0.0000000000e+00 2.2940359863e+04 5.4663500077e+04 2.1449637470e+04 1.3786276625e+04 2.8060192487e+05 3.7058021476e+04 -4.1836846517e+01 2.3043108024e+02 -1.3441183857e+01 -7.8707333568e+01 4.4580389459e+02 -1.0823957088e-13 1.1696834588e+02
1.0000000000e+00 0.0000000000e+00 1.4242036266e+04 2.8327273024e+03 1.0579957770e+04 1.6003263169e+04 2.9253275367e+05 3.1613046167e+04 -3.3246680181e+01 3.7483154214e+01 3.0297890066e+01 -9.9947350540e+01 4.5018453157e+02 -1.0271082358e-13 -3.8872174454e+00
1.0000000000e+00 0.0000000000e+00 1.5367911226e+05 6.9968580277e+05 1.0992562535e+05 9.6525644326e+04 8.9717242513e+05 1.8599284316e+05 -1.0993571582e+02 8.3352979955e+02 -7.2744204694e+01 -1.5390911808e+02 8.8787011997e+02 -1.9219322071e-13 1.0850659725e+03
1.0000000000e+00 0.0000000000e+00 4.2803289709e+03 4.2921754498e+03 3.0426295009e+03 1.0788972083e+04 2.3659887550e+05 2.2316113057e+04 -2.7842438357e+00 -6.4518743385e+01 4.3337187306e+01 -8.8272986903e+01 3.6315204755e+02 -9.6150960662e-14 -8.4782768488e+00
1.0000000000e+00 0.0000000000e+00 3.4847615439e+03 2.7933529935e+03 5.4606340658e+03 2.0752407414e+03 1.3137944703e+05 1.2267106751e+04 -5.1132067217e+00 2.7875828114e+01 -9.1179883172e+00 -2.6997622174e+01 2.1943990754e+02 -8.9771626476e-14 -2.4122965677e+01
1.0000000000e+00 0.0000000000e+00 4.0998880933e+04 1.1799737007e+05 3.2822535552e+04 2.7851463285e+04 3.7846828352e+05 5.8036452384e+04 -5.9241240309e+01 3.4301481883e+02 -1.9625911412e+01 -9.8817498063e+01 5.3783381244e+02 -1.2411391036e-13 2.9232971804e+02
1.0000000000e+00 0.0000000000e+00 2.2964718146e+03 1.2978256009e+04 1.7081599338e+03 2.8601049757e+03 1.5900999251e+05 1.3366660535e+04 -8.4024186575e+00 1.1354169750e+02 -8.2343724903e+00 -4.4032606838e+01 2.6529168164e+02 -9.7562185930e-14 1.2649893746e+02
1.0000000000e+00 0.0000000000e+00 2.4793912469e+04 1.4104459150e+05 1.5255235896e+04 1.2023785246e+04 3.3082089168e+05 4.1241885163e+04 -3.8695664854e+01 3.7031501948e+02 -3.1596607679e+01 -7.9259491252e+01 4.6298920801e+02 -1.3501447294e-13 4.7673704024e+02
1.0000000000e+00 0.0000000000e+00 1.2401823231e+04 2.0040912784e+03 5.2414581665e+03 1.6429679204e+04 3.1750783253e+05 3.1143337337e+04 -3.0019314356e+01 4.4568577090e+00 4.5472656289e+01 -1.0762427280e+02 4.2882907261e+02 -1.1055607479e-13 2.2186306258e+01
1.0000000000e+00 0.0000000000e+00 8.6146564160e+03 1.3912444057e+04 2.0473505658e+03 1.8468628819e+04 4.0189054991e+05 3.6953061455e+04 -1.4950502912e+01 1.1493930952e+02 2.6440314549e+01 -1.1122733521e+02 4.9377179124e+02 -1.1681498865e-13 1.0329178398e+02
1.0000000000e+00 0.0000000000e+00 2.3510171249e+04 3.6289862777e+04 1.2343843488e+04 3.9276382912e+04 5.0541074962e+05 5.8870429164e+04 -2.3482366033e+01 -1.7127386394e+02 9.0464420645e+01 -1.5837218719e+02 6.1089743099e+02 -9.8472301604e-14 -2.7649662708e+02
1.0000000000e+00 0.0000000000e+00 2.9579380670e+05 1.0317211773e+06 2.1900643476e+05 2.0886954716e+05 1.9844704431e+06 3.7337364934e+05 -1.5939542440e+02 1.0116594487e+03 -6.8226845923e+01 -2.4160019309e+02 1.3174398531e+03 -2.4389469688e-13 1.2648898676e+03
1.0000000000e+00 0.0000000000e+00 1.9382014624e+04 1.1927286663e+04 1.3467157401e+04 2.8917926248e+04 4.6262363051e+05 5.0587640925e+04 -1.3852608182e+01 -9.8890468333e+01 8.2331305641e+01 -1.4645345576e+02 5.2965491584e+02 -1.1209246122e-13 -1.3501411611e+02
1.0000000000e+00 0.0000000000e+00 1.4355224922e+04 2.1939255439e+04 9.4011952607e+03 1.6555716727e+04 3.8945277600e+05 3.8818747543e+04 -3.4975458758e+01 1.4771841404e+02 1.1184488035e+01 -1.0335068713e+02 5.1448585750e+02 -1.1904895474e-13 1.5352062611e+02
1.0000000000e+00 0.0000000000e+00 2.1946633149e+03 1.4776086270e+04 4.7856247916e+02 8.0888284188e+03 2.6314739219e+05 2.2294123446e+04 -4.7439288509e+00 1.1900466082e+02 -8.9584755064e-01 -6.7916491954e+01 3.7480931021e+02 -1.0947391895e-13 1.4953101171e+02
1.0000000000e+00 0.0000000000e+00 8.7445328261e+03 1.4901087283e+04 2.2274098189e+03 1.5082561167e+04 3.8053451625e+05 3.4112070065e+04 -2.5638457422e+01 1.1622161280e+02 2.4037160367e+01 -1.0746095097e+02 4.8290981940e+02 -1.1639866693e-13 6.3651532201e+01
1.0000000000e+00 0.0000000000e+00 1.1393178408e+05 4.3326928148e+05 8.0366098385e+04 8.6603345541e+04 8.5553953257e+05 1.5278312674e+05 -9.9258126355e+01 6.5252204850e+02 -4.3263328431e+01 -1.5679352335e+02 8.5144889287e+02 -1.7742987350e-13 8.6357001610e+02
1.0000000000e+00 0.0000000000e+00 4.0783803587e+04 9.5582170039e+04 2.6811320362e+04 3.8724211185e+04 7.2700869855e+05 8.2695348437e+04 -5.9184402946e+01 3.0663175838e+02 4.8579630453e+00 -1.4789285762e+02 7.3760287184e+02 -1.5949881608e-13 4.1391210948e+02
1.0000000000e+00 0.0000000000e+00 1.7769515044e+03 1.1992962199e+03 1.5461671721e+03 6.4062530776e+03 2.5900726458e+05 2.1043385444e+04 -1.2467593726e+00 3.0314755080e+01 2.0069921488e+01 -6.9025258785e+01 3.1312295011e+02 -1.0998518006e-13 6.9793442417e+01
1.0000000000e+00 0.0000000000e+00 4.6820328573e+03 7.3842288593e+03 1.2479344843e+03 9.5505462349e+03 2.9986585088e+05 2.5390731895e+04 -1.7254501676e+01 8.5100660808e+01 2.0364272962e+01 -8.8457618771e+01 4.0158230149e+02 -1.1852532911e-13 9.4000840349e+01
1.0000000000e+00 0.0000000000e+00 9.1416767424e+04 4.4925738238e+05 6.9154039254e+04 4.5261705042e+04 8.0178631022e+05 1.2643130830e+05 -8.0342718296e+01 6.6606717148e+02 -6.3838937178e+01 -1.2929770362e+02 7.8850726186e+02 -1.7904617179e-13 7.4495950658e+02
1.0000000000e+00 0.0000000000e+00 8.1210867442e+03 1.4585606630e+03 4.6656576903e+03 1.2523830244e+04 3.2213832017e+05 2.9413413856e+04 -1.9868187060e+01 3.7440972772e+01 3.6913970099e+01 -1.0347098089e+02 4.3150054227e+02 -1.1541089463e-13 4.5776964740e+01
1.0000000000e+00 0.0000000000e+00 7.5719862311e+03 3.0016220179e+04 6.1380629501e+03 6.9066532450e+03 3.4979279592e+05 3.0780981352e+04 -1.8984420582e+01 1.6638422628e+02 -5.2684044018e+00 -7.7548244013e+01 4.3273867108e+02 -1.1733961546e-13 3.7098432601e+01
1.0000000000e+00 0.0000000000e+00 7.5836083616e+03 2.2943865234e+04 1.9224333894e+03 8.7052288210e+03 1.5393330703e+05 1.6253661857e+04 -2.8150420541e+01 1.4726315403e+02 5.9496670068e+00 -6.1870273874e+01 2.6950089541e+02 -9.9249256800e-14 5.9597533265e+01
1.0000000000e+00 0.0000000000e+00 3.0901259696e+04 6.5995936197e+04 2.1550795426e+04 2.7845115435e+04 4.4097276849e+05 5.4805919930e+04 -5.3515882397e+01 2.5660477210e+02 7.7610218226e-01 -1.1132522391e+02 5.5471855056e+02 -1.3417293076e-13 2.4035289635e+02
1.0000000000e+00 0.0000000000e+00 2.1348836787e+04 3.6604553715e+04 2.1518655334e+04 1.8561932269e+04 3.2191752466e+05 4.1132706532e+04 -7.1553588480e+00 -1.8795140641e+02 8.3295812630e+01 -1.2153266907e+02 4.2143928199e+02 -1.0557919777e-13 -7.5334451315e+01
1.0000000000e+00 0.0000000000e+00 5.4214743551e+03 2.9381107712e+03 3.1815662840e+03 1.2890177568e+04 3.4884168212e+05 3.0808554075e+04 -1.1974655692e+01 1.9924704790e+01 3.6186564684e+01 -1.0320923103e+02 4.4728681258e+02 -1.2479606373e-13 1.4261972439e+02
1.0000000000e+00 0.0000000000e+00 1.1932184150e+04 1.6012615093e+04 5.4641370065e+03 3.1944591149e+04 5.2156729342e+05 5.2672903645e+04 -1.0195696787e+01 -1.2075777804e+02 6.7107021177e+01 -1.3976480778e+02 5.9834816907e+02 -1.1617891086e-13 -1.7824853386e+02
1.0000000000e+00 0.0000000000e+00 6.6202966310e+03 3.0879069288e+04 4.7054650955e+03 4.5691568033e+03 2.0805379599e+05 1.9615812496e+04 -1.9169640598e+01 1.6879761362e+02 -9.6468991111e+00 -5.9724936623e+01 3.3920108831e+02 -1.1113116075e-13 2.5527532361e+02
1.0000000000e+00 0.0000000000e+00 8.7490652698e+03 5.1756006855e+03 2.7186329347e+03 1.5556219734e+04 3.1939331753e+05 2.9944539103e+04 -2.4876325952e+01 5.2727449619e+01 2.9518551266e+01 -9.8553941523e+01 4.3459894372e+02 -1.2751146181e-13 2.4143247106e+02
1.0000000000e+00 0.0000000000e+00 3.1258207825e+03 1.2138524051e+04 3.5183166599e+03 7.0044943012e+03 3.0313986837e+05 2.5673589623e+04 4.9195680186e-01 -8.3014592410e+01 2.2953571239e+01 -6.2167931082e+01 3.3189726171e+02 -9.8768511174e-14 -2.7020558947e+02
1.0000000000e+00 0.0000000000e+00 1.2110969672e+04 6.5702250297e+04 5.8914418335e+03 8.5303689327e+03 2.7163624999e+05 2.7917563934e+04 -2.9999923361e+01 2.4616018508e+02 -1.2306477165e+01 -7.5216371994e+01 4.0349231219e+02 -1.2886896479e-13 4.4249222134e+02
1.0000000000e+00 0.0000000000e+00 1.3059833957e+04 8.1174455933e+03 4.7991152297e+03 1.8510209405e+04 3.8434891601e+05 3.6691574829e+04 -3.0910834781e+01 1.1572571777e+01 4.5296968757e+01 -1.1658934911e+02 4.8499308862e+02 -1.0390773563e-13 -1.7187506537e+02
1.0000000000e+00 0.0000000000e+00 2.3450662155e+04 6.5681907166e+04 1.6881548557e+04 2.7405214601e+04 3.6667843815e+05 4.7581620528e+04 -1.0239210022e+01 -2.4645105860e+02 9.7464451959e+01 -1.3791693650e+02 4.8380810571e+02 -9.0112903008e-14 -3.6619957268e+02
1.0000000000e+00 0.0000000000e+00 3.7593469855e+04 6.3440214032e+04 1.0814300333e+04 5.6274215724e+04 6.5557698814e+05 7.7340507137e+04 -6.1118321501e+01 2.4882961672e+02 3.5167433127e+01 -1.6688054030e+02 7.1351036330e+02 -1.4878932742e-13 3.8505576925e+02
1.0000000000e+00 0.0000000000e+00 6.9798859159e+04 2.4557750566e+05 4.4107352168e+04 5.7418000007e+04 7.8211276479e+05 1.0973126640e+05 -7.9303873177e+01 4.8926198904e+02 -1.9744016078e+01 -1.5315086871e+02 7.9630168303e+02 -1.7061956406e-13 6.3063860031e+02
1.0000000000e+00 0.0000000000e+00 1.2513302603e+04 9.2741747859e+03 8.6199060501e+03 2.2384656904e+04 4.4338675025e+05 4.4118707680e+04 -1.4027070219e+01 -9.3024912101e+01 6.4738623935e+01 -1.3073172330e+02 5.3240023709e+02 -1.1906060153e-13 -3.3010898394e-01
1.0000000000e+00 0.0000000000e+00 1.5207930895e+04 1.7381067019e+04 8.2442840958e+03 2.0759103506e+04 4.2945536077e+05 4.2685778217e+04 -3.6202819566e+01 1.2987526530e+02 2.2054134037e+01 -1.1779795345e+02 5.5507206770e+02 -1.1817909275e-13 6.7233967601e+01
1.0000000000e+00 0.0000000000e+00 4.7360790552e+04 1.7015649828e+05 3.7080710474e+04 2.9426694417e+04 7.5940094683e+05 8.8786167826e+04 -5.8868571885e+01 4.0743009469e+02 -2.3136391059e+01 -1.3296826506e+02 7.4254787315e+02 -1.7198692381e-13 5.9459910497e+02
1.0000000000e+00 0.0000000000e+00 3.3374894222e+04 1.2335460340e+04 1.4101721682e+04 5.5987228304e+04 7.2344984011e+05 8.0664743146e+04 -4.0118873961e+01 -1.0765462491e+02 9.5144276980e+01 -1.8795756004e+02 7.3300996199e+02 -1.2875991010e-13 -1.3373851626e+02
1.0000000000e+00 0.0000000000e+00 1.3603866636e+04 8.3684835010e+04 4.9170266524e+03 1.2546755540e+04 4.1447001112e+05 3.9810225606e+04 -2.9831809251e+01 2.8424690201e+02 -9.1471467563e+00 -9.8512153484e+01 5.1184574621e+02 -1.3707446131e-13 3.0064623241e+02
1.0000000000e+00 0.0000000000e+00 5.1630769734e+04 6.9968943322e+04 3.7298825115e+04 5.2302585704e+04 8.9585791543e+05 1.0344586460e+05 -6.6054185971e+01 2.6318645390e+02 1.9790641092e+01 -1.7113228635e+02 8.3008871524e+02 -1.6001547552e-13 2.6826730725e+02
1.0000000000e+00 0.0000000000e+00 3.8520316495e+04 6.5318115531e+04 2.0857319601e+04 4.1096913426e+04 6.7193681586e+05 7.6000232429e+04 -5.9603689228e+01 2.5387382800e+02 2.0389624221e+01 -1.5190125480e+02 7.0380997572e+02 -1.5326762244e-13 3.8723213032e+02
1.0000000000e+00 0.0000000000e+00 6.7377471180e+04 2.0731224524e+05 4.9196899319e+04 4.7435671829e+04 7.6157500943e+05 1.0413703093e+05 -7.4098642084e+01 4.5509283312e+02 -2.0297596567e+01 -1.4500520268e+02 7.7021941892e+02 -1.5952602309e-13 4.8612465506e+02
1.0000000000e+00 0.0000000000e+00 6.8523857476e+03 1.1974218641e+03 3.3813565287e+03 1.0015683974e+04 2.2751680532e+05 2.1348505224e+04 -2.0934422692e+01 -8.5159302885e+00 3.6170629382e+01 -8.8870578173e+01 3.7190988537e+02 -9.3455882075e-14 -6.7116395022e+01
1.0000000000e+00 0.0000000000e+00 3.6534524068e+04 3.9003439121e+04 1.4116443102e+04 5.3299400804e+04 6.2047514047e+05 7.3848978223e+04 -6.0210640945e+01 1.9718570726e+02 3.8493797363e+01 -1.6314991115e+02 7.0509593716e+02 -1.3608327600e-13 2.4150093627e+02
1.0000000000e+00 0.0000000000e+00 2.4490746190e+04 1.0049862951e+05 1.0347104226e+04 2.6300226206e+04 3.8241668820e+05 4.7046061364e+04 -4.6970137065e+01 3.1537627260e+02 -4.9342341946e+00 -1.0959157253e+02 5.3643374463e+02 -1.2711854151e-13 2.9286168579e+02
1.0000000000e+00 0.0000000000e+00 1.4532000122e+04 4.6060488845e+04 3.8910018626e+03 3.0021601918e+04 6.7995808521e+05 6.3265030449e+04 -2.9984553341e+01 2.1411256988e+02 1.1976275618e+01 -1.3920570837e+02 7.0162761993e+02 -1.4275174978e-13 2.4597494196e+02
1.0000000000e+00 0.0000000000e+00 2.8129579078e+03 8.6069692910e+03 6.8502091209e+02 4.4760139927e+03 1.7100158409e+05 1.4246581858e+04 -1.0676706866e+01 8.5643936054e+01 1.4840573122e+01 -6.3428747803e+01 2.6831746113e+02 -1.0670794186e-13 1.9389209175e+02
1.0000000000e+00 0.0000000000e+00 7.7538920549e+03 4.5050956394e+02 1.7408335822e+03 1.8405611056e+04 3.3230453426e+05 3.1446116363e+04 -1.8334341275e+01 1.5433766073e+01 3.7998406383e+01 -1.0760811349e+02 4.6855099762e+02 -1.0950683533e-13 8.0731981267e+01
1.0000000000e+00 0.0000000000e+00 1.7833021611e+04 7.8244806126e+04 7.3245521413e+03 1.5698272717e+04 3.4273984904e+05 3.7179467913e+04 -3.9761188333e+01 2.7437380396e+02 -5.2476759323e+00 -9.2750178439e+01 4.5537748032e+02 -1.3615248226e-13 4.1708159795e+02
1.0000000000e+00 0.0000000000e+00 8.8784631834e+03 1.7156893771e+04 8.6366934753e+03 1.7915674615e+04 3.8389072886e+05 3.8493439374e+04 7.8159543713e-01 -1.3044919907e+02 6.5073120212e+01 -1.1725121456e+02 4.6715437873e+02 -1.1316655389e-13 -5.7419098069e+01
1.0000000000e+00 0.0000000000e+00 5.2339523483e+04 2.0030412096e+05 2.6341758632e+04 5.0636476105e+04 9.1268870316e+05 1.0554901594e+05 -6.7105672606e+01 4.4004791601e+02 -5.9284231808e+00 -1.6779390623e+02 8.4239716699e+02 -1.8066752115e-13 6.4654467195e+02
1.0000000000e+00 0.0000000000e+00 5.6697691638e+04 1.1241071379e+05 2.8430024998e+04 6.4519589147e+04 7.9544390595e+05 1.0049285882e+05 -7.4651810263e+01 3.3109800893e+02 2.0161453085e+01 -1.7195982171e+02 7.8332409465e+02 -1.6455244991e-13 4.4846791865e+02
1.0000000000e+00 0.0000000000e+00 1.3598656684e+03 4.4652458439e+03 1.5291595556e+03 5.2693701431e+03 1.9919031558e+05 1.6660283343e+04 7.3603515348e-01 -7.4566487126e+00 5.5778234841e+00 -4.7340901838e+01 2.8800590668e+02 -8.7662572736e-14 -1.8321708694e+02
1.0000000000e+00 0.0000000000e+00 4.2606021150e+04 4.0783186257e+03 1.9584834979e+04 6.5038429661e+04 7.4359940581e+05 8.8067989984e+04 -5.6878019863e+01 5.2924255784e+00 8.2305196722e+01 -1.9271353267e+02 7.6419656049e+02 -1.2778632340e-13 -1.5013035437e+02
1.0000000000e+00 0.0000000000e+00 9.4323643330e+04 4.7907572057e+05 5.4412725395e+04 6.9875443016e+04 9.8589428297e+05 1.4506467660e+05 -8.6447331385e+01 6.8708520072e+02 -4.5002093050e+01 -1.6799124438e+02 9.1245246455e+02 -1.8482634548e-13 8.6793998600e+02
1.0000000000e+00 0.0000000000e+00 7.6932200130e+03 2.0907304102e+04 5.1136876604e+03 7.9654379505e+03 2.5963219710e+05 2.4303353292e+04 -2.3313077367e+01 1.4231331019e+02 3.2163930027e+00 -7.9724847618e+01 4.1069558662e+02 -1.0883676431e-13 9.3040521871e+01
1.0000000000e+00 0.0000000000e+00 5.9880159482e+03 2.2719075188e+04 7.2369947433e+03 2.4077860601e+03 2.1482691629e+05 1.9781646893e+04 -1.1218171223e+01 1.5058664646e+02 -2.4631232703e+01 -3.4903299888e+01 2.8175967717e+02 -1.1221248070e-13 1.2101148454e+02
1.0000000000e+00 0.0000000000e+00 1.4984707540e+04 1.6252564623e+04 9.9955487003e+03 2.2132358335e+04 3.9826483820e+05 4.1907994317e+04 -1.5763819975e+01 -1.2370355495e+02 7.3663959726e+01 -1.3138896905e+02 5.0217926804e+02 -1.0980384979e-13 -1.3687866623e+02
1.0000000000e+00 0.0000000000e+00 1.0964648127e+04 6.9417629574e+03 2.0381154546e+03 2.4436092580e+04 3.8225100316e+05 3.7981668707e+04 -2.6495022881e+01 7.8265239769e+01 3.7340051448e+01 -1.2040284824e+02 5.1257419104e+02 -1.1220397164e-13 2.5895177942e+01
1.0000000000e+00 0.0000000000e+00 9.0091321786e+04 1.9763869042e+05 6.5760857122e+04 7.8172555767e+04 9.5095096454e+05 1.3743499699e+05 -9.0032075173e+01 4.4300245990e+02 -4.2649382181e+00 -1.7464817622e+02 8.7564325597e+02 -1.6888261527e-13 4.1172161437e+02
1.0000000000e+00 0.0000000000e+00 1.3848331712e+04 4.3720626950e+03 6.3289934447e+03 2.4210274561e+04 4.5364494599e+05 4.4404089337e+04 -2.4886142209e+01 -6.0576376664e+01 6.0891947641e+01 -1.3110202915e+02 5.3567707237e+02 -1.2822306854e-13 7.9471685500e+01
1.0000000000e+00 0.0000000000e+00 2.3755556588e+04 8.7607467350e+04 1.4568223221e+04 2.7376160931e+04 4.9487225811e+05 5.6278206706e+04 -2.0033817023e+01 -2.7592352543e+02 8.9751720442e+01 -1.4176405424e+02 5.8078320507e+02 -9.3988108224e-14 -4.8867254047e+02
1.0000000000e+00 0.0000000000e+00 3.9531747687e+04 1.9392369127e+05 2.1372142650e+04 2.8487735177e+04 3.5085325413e+05 5.5286918858e+04 -5.7350888466e+01 4.3178667050e+02 -2.7346551377e+01 -9.7026498990e+01 5.0998166526e+02 -1.3767351502e-13 5.8339973375e+02
1.0000000000e+00 0.0000000000e+00 8.6079620071e+03 3.3807249580e+03 1.4440199931e+03 2.2409619539e+04 3.8840072480e+05 3.7046681589e+04 -1.6889861512e+01 5.2730979673e+01 3.6094725098e+01 -1.1620061299e+02 5.1108575790e+02 -1.1824342668e-13 1.2163454061e+02
1.0000000000e+00 0.0000000000e+00 2.5925219482e+04 6.9633318748e+04 1.8226361934e+04 2.0380396911e+04 3.2975972892e+05 4.2697188651e+04 -4.8268181587e+01 2.6142768063e+02 -6.7024565782e+00 -9.3544461075e+01 4.7956384913e+02 -1.3685108434e-13 4.4088067786e+02
1.0000000000e+00 0.0000000000e+00 5.5908975058e+03 1.2628592583e+03 2.7065620656e+03 1.3008381388e+04 3.2286860271e+05 2.8827420205e+04 -1.2196870838e+01 9.9181879922e+00 3.8934536187e+01 -1.0151804680e+02 4.2566471991e+02 -1.1974836979e-13 8.1030270845e+01
1.0000000000e+00 0.0000000000e+00 4.6948461283e+04 3.5563414672e+03 2.0043100714e+04 7.5698691900e+04 8.7840348728e+05 1.0212698102e+05 -5.7862345205e+01 -1.6557666372e+01 9.2669214060e+01 -2.1199977049e+02 8.4350295449e+02 -1.3204406601e-13 -8.1350555102e+01
1.0000000000e+00 0.0000000000e+00 5.3827350430e+04 2.0796924012e+05 2.1920213020e+04 6.0275084485e+04 8.4379541114e+05 1.0374684885e+05 -6.9490688515e+01 4.5404364857e+02 -1.0998651787e+00 -1.7111233991e+02 8.2346495247e+02 -1.6082692133e-13 5.2865992162e+02
1.0000000000e+00 0.0000000000e+00 7.0552880133e+03 7.1975948755e+02 3.5349897636e+03 9.6067599586e+03 2.2734404599e+05 2.1194574855e+04 -2.2542746207e+01 3.3364409895e+00 3.3784515689e+01 -8.3967578883e+01 3.4552259949e+02 -1.0549657453e-13 -2.0629038593e+01
1.0000000000e+00 0.0000000000e+00 2.7664160885e+05 9.1242946302e+05 1.8334452596e+05 2.3011858914e+05 2.0777449193e+06 3.6798081956e+05 -1.5839235838e+02 9.5394693676e+02 -4.4083287789e+01 -2.6473048681e+02 1.3606510277e+03 -2.3149203143e-13 1.0259748632e+03
1.0000000000e+00 0.0000000000e+00 1.4789420508e+04 4.3140393470e+04 3.9959136930e+03 1.9643094490e+04 3.5515226288e+05 3.6626496750e+04 -3.6730955169e+01 2.0364518514e+02 1.3944417273e+01 -1.0665783449e+02 4.7789432815e+02 -1.2999712146e-13 3.6334059232e+02
1.0000000000e+00 0.0000000000e+00 2.1519297921e+04 6.8609250230e+04 2.3838770191e+04 1.1086852351e+04 5.2542333650e+05 5.4023815691e+04 -2.9984998325e+01 2.5959364999e+02 -2.5000150200e+01 -9.1907588144e+01 5.8718307779e+02 -1.3871798784e-13 2.2259438554e+02
1.0000000000e+00 0.0000000000e+00 1.5682750500e+04 9.0534441247e+03 6.8112310751e+03 2.6068447235e+04 4.2948362480e+05 4.4058726342e+04 -3.6269114828e+01 8.3683522087e+01 3.5390874107e+01 -1.2563488523e+02 5.5625642858e+02 -1.1787959197e-13 -2.5146026342e+01
1.0000000000e+00 0.0000000000e+00 2.8859356334e+04 7.7386114133e+04 1.9188041476e+04 2.6390112445e+04 4.3808931684e+05 5.3498998232e+04 -5.0486089008e+01 2.7789390129e+02 -2.7400758942e+00 -1.1247511921e+02 5.6932644134e+02 -1.3175061194e-13 2.9076860397e+02
1.0000000000e+00 0.0000000000e+00 1.5574705583e+04 9.5365092269e+03 9.6904036197e+03 2.9417458691e+04 6.6133416674e+05 6.2432332401e+04 -2.5845797503e+01 -7.0691016043e+01 6.0262735274e+01 -1.5044967696e+02 6.7722304198e+02 -1.2118248499e-13 -2.0536252451e+02
1.0000000000e+00 0.0000000000e+00 8.0154865240e+04 1.7996888796e+05 5.5529399387e+04 7.4555506354e+04 8.7294659689e+05 1.2526809892e+05 -8.7446039757e+01 4.2416538217e+02 -2.7070554249e+00 -1.6988821794e+02 8.4751272089e+02 -1.6265406150e-13 4.5296004282e+02
1.0000000000e+00 0.0000000000e+00 4.5351975764e+04 2.0127298561e+05 3.1951486499e+04 2.4544224635e+04 4.5520059652e+05 6.5446266363e+04 -5.7815359180e+01 4.4531544984e+02 -3.5748284944e+01 -9.7762098993e+01 5.5882513642e+02 -1.5665725094e-13 6.3826299135e+02
1.0000000000e+00 0.0000000000e+00 1.2463660753e+04 5.6311197900e+03 7.6022204075e+03 1.4595224692e+04 3.4188489162e+05 3.3150543070e+04 -3.1777534539e+01 7.3858625649e+01 2.7228163414e+01 -1.0122495717e+02 4.5169302705e+02 -1.1986620751e-13 7.3507869690e+01
1.0000000000e+00 0.0000000000e+00 3.7978704416e+03 1.9554104593e+03 2.3025047481e+03 5.9416925121e+03 2.4190379223e+05 2.0046398385e+04 -1.5724838694e+01 3.0876101667e+01 1.9442406963e+01 -7.2500039410e+01 3.4009278406e+02 -1.0860242325e-13 1.2813978465e+01
1.0000000000e+00 0.0000000000e+00 5.1634311567e+04 1.1197585174e+05 2.7231445567e+04 5.8500409245e+04 9.6482479826e+05 1.0862537059e+05 -6.9494544561e+01 3.3423820922e+02 1.6298273762e+01 -1.8105598231e+02 8.6692765506e+02 -1.6737935555e-13 4.0759445593e+02
1.0000000000e+00 0.0000000000e+00 1.8459682664e+04 6.8291993615e+03 7.0315794341e+03 3.3197296263e+04 6.2885568828e+05 6.0676909104e+04 -3.7687862952e+01 7.7624184615e+01 4.2295167338e+01 -1.4846216359e+02 6.6992872012e+02 -1.3428562027e-13 1.2194076139e+02
1.0000000000e+00 0.0000000000e+00 1.9852149836e+04 1.2207625807e+05 3.7925817244e+03 1.7245832729e+04 4.0181316191e+05 4.2498343313e+04 -4.0449181690e+01 3.3342226817e+02 -7.4818351464e+00 -1.0273982089e+02 4.9342444696e+02 -1.4960051677e-13 5.5005041497e+02
1.0000000000e+00 0.0000000000e+00 6.3006905927e+04 3.5053573654e+05 3.0944946098e+04 4.8706861327e+04 8.9217325695e+05 1.1271322764e+05 -6.9715105479e+01 5.8260756710e+02 -3.3625760773e+01 -1.5700281994e+02 8.4251091095e+02 -1.8253085176e-13 8.2525324698e+02
1.0000000000e+00 0.0000000000e+00 1.3839320734e+04 6.2455911184e+03 8.0989241275e+03 2.0414337240e+04 3.6888357556e+05 3.7842291252e+04 -2.6594763546e+01 -6.9274093118e+01 5.5494435856e+01 -1.1638446565e+02 4.7772307095e+02 -1.1573361317e-13 -6.6297929900e+01
1.0000000000e+00 0.0000000000e+00 9.1009850074e+03 1.7058170208e+04 8.4844939532e+03 1.3355162684e+04 4.5041731180e+05 4.0835306318e+04 -1.0342580925e+01 -1.1305888464e+02 5.2068023330e+01 -1.1059512815e+02 4.9296772657e+02 -1.1451286354e-13 -2.7793648688e+02
1.0000000000e+00 0.0000000000e+00 6.4169137537e+03 3.3797669105e+04 4.0844724250e+03 6.3937254506e+03 3.2162528848e+05 2.7956312593e+04 -1.7788138722e+01 1.8326009223e+02 -7.7346696415e+00 -7.5267163305e+01 4.2079718765e+02 -1.2041501632e-13 2.3582556053e+02
1.0000000000e+00 0.0000000000e+00 9.2875518841e+03 5.9582399828e+04 4.7719658922e+03 3.1210686015e+04 5.0025375757e+05 5.2764600913e+04 1.0577401329e+01 -2.2286099849e+02 6.1867258332e+01 -1.1477395487e+02 5.3901940870e+02 -1.0275971090e-13 -4.0839863188e+02
1.0000000000e+00 0.0000000000e+00 5.1228492851e+04 1.7007017716e+05 2.0360223181e+04 5.8808324650e+04 7.4256391294e+05 9.3727387397e+04 -7.1331021854e+01 4.0855125893e+02 2.9938096184e+00 -1.6098452799e+02 7.6259994293e+02 -1.6097449144e-13 4.9995013833e+02
1.0000000000e+00 0.0000000000e+00 3.2495923396e+04 7.6042235966e+04 2.1509951286e+04 3.9551824660e+04 8.3111510995e+05 8.6819717790e+04 -5.0521191786e+01 2.7362687992e+02 8.2710835378e+00 -1.5827610870e+02 8.0980976905e+02 -1.4930386214e-13 2.1739478824e+02
1.0000000000e+00 0.0000000000e+00 3.3095576087e+04 2.1727330959e+05 1.6246031043e+04 2.0302397538e+04 3.8894413581e+05 5.3092981889e+04 -4.8638287815e+01 4.5722952284e+02 -3.6010114206e+01 -9.3752486365e+01 5.2478355734e+02 -1.4207788453e-13 5.5754725101e+02
1.0000000000e+00 0.0000000000e+00 2.9697556230e+04 5.9301182831e+04 2.0204534840e+04 4.0451005748e+04 5.1410594916e+05 6.4513449489e+04 -1.2809945394e+01 -2.4123077377e+02 1.0678742047e+02 -1.6095358810e+02 5.7508948017e+02 -1.0932813345e-13 -2.6742632971e+02
1.0000000000e+00 0.0000000000e+00 3.4959868200e+04 8.9667638869e+02 1.6752315658e+04 5.6442799942e+04 8.1238796713e+05 8.7429419297e+04 -5.0910640495e+01 1.8323306020e+01 7.1930144760e+01 -1.8969375068e+02 8.0080649861e+02 -1.3051314078e-13 -4.6241890592e+01
1.0000000000e+00 0.0000000000e+00 4.7716340565e+03 2.2696203725e+03 2.4390026391e+03 8.3060058681e+03 1.9414017859e+05 1.7977327851e+04 -8.4275630128e+00 -4.0420602895e+01 3.9531212201e+01 -7.9696648664e+01 3.1216210359e+02 -1.0039861864e-13 7.2351146626e+01
1.0000000000e+00 0.0000000000e+00 7.8860165061e+03 5.4919953481e+03 1.1682254597e+03 1.8595631868e+04 3.7981585202e+05 3.4730201668e+04 -1.9638648079e+01 7.3758770631e+01 3.2631082224e+01 -1.1252832761e+02 4.9312982718e+02 -1.1823540008e-13 1.0107468787e+02
1.0000000000e+00 0.0000000000e+00 3.7636985038e+04 2.6715537738e+05 1.1451113787e+04 3.5441342788e+04 8.3113285429e+05 9.0080741727e+04 -4.6107733111e+01 5.1224317760e+02 -2.0842049142e+01 -1.5405413674e+02 7.9250839070e+02 -1.6505323807e-13 5.5106360303e+02
1.0000000000e+00 0.0000000000e+00 4.9584234313e+03 2.2546623632e+03 1.9047233494e+03 6.8040708005e+03 2.1859268635e+05 1.8711783333e+04 -1.6054680810e+01 4.6538471103e+01 2.5121426997e+01 -7.1356204851e+01 2.8448419924e+02 -1.1398704668e-13 9.8509205650e+01
1.0000000000e+00 0.0000000000e+00 2.1458315818e+04 7.9220999065e+02 1.1894396954e+04 3.5260544188e+04 6.0328500577e+05 6.1687628003e+04 -3.1686644755e+01 -2.1546572234e+01 7.0963727508e+01 -1.6301355759e+02 6.5695640537e+02 -1.2910597217e-13 -1.3697252616e+00
1.0000000000e+00 0.0000000000e+00 1.2200579626e+04 2.5196678502e+03 3.8761575595e+03 2.7224909171e+04 4.2041254961e+05 4.2383038339e+04 -1.8031648093e+01 4.6498618444e+01 4.7515429729e+01 -1.3088497752e+02 5.4119392046e+02 -1.1786383467e-13 1.3518644286e+02
1.0000000000e+00 0.0000000000e+00 8.7854170068e+04 1.9110249631e+05 3.6100071154e+04 1.1172700568e+05 1.2879424161e+06 1.6216400078e+05 -9.3821119684e+01 4.3708212424e+02 2.8993201770e+01 -2.2821772054e+02 1.0269834385e+03 -1.8391503030e-13 4.5090629258e+02
1.0000000000e+00 0.0000000000e+00 1.0452109074e+05 4.0856805113e+05 6.6351748733e+04 7.9355986207e+04 9.6332281891e+05 1.4949205743e+05 -9.3861261543e+01 6.3409878317e+02 -3.3836079485e+01 -1.7033203432e+02 8.9559698607e+02 -1.8316708260e-13 7.7983788415e+02
1.0000000000e+00 0.0000000000e+00 7.3772681624e+04 4.4600698594e+05 4.2423119790e+04 4.4431722203e+04 6.8929172815e+05 1.0680556569e+05 -7.2799785861e+01 6.5803091468e+02 -5.4965379600e+01 -1.2885488661e+02 7.3456815712e+02 -1.7656975167e-13 8.7436182559e+02
1.0000000000e+00 0.0000000000e+00 2.8515045214e+04 3.0188591573e+04 1.4222853417e+04 3.7791981228e+04 6.4180706233e+05 6.7881338075e+04 -4.9492511597e+01 1.6381899138e+02 3.6011126167e+01 -1.5281960462e+02 6.7610025915e+02 -1.5035021173e-13 2.9861638012e+02
1.0000000000e+00 0.0000000000e+00 8.3180557857e+04 1.6481342523e+05 6.2685132931e+04 7.7492025540e+04 1.0451508426e+06 1.4051329005e+05 -8.5182585642e+01 4.0217830538e+02 2.8638369244e+00 -1.8671326392e+02 9.4109380873e+02 -1.5775218177e-13 2.4706358600e+02
1.0000000000e+00 0.0000000000e+00 9.2630068742e+03 6.5777472402e+04 4.4939841546e+03 5.8880747322e+03 2.3867505065e+05 2.3907103625e+04 -2.3039269032e+01 2.5547121493e+02 -1.9337345443e+01 -6.5042525321e+01 3.7330806293e+02 -1.1856003196e-13 3.2776629614e+02
1.0000000000e+00 0.0000000000e+00 4.9934724396e+03 2.8234927009e+04 3.9241934551e+02 8.5969034805e+03 2.5809487437e+05 2.2812736195e+04 -1.6184699573e+01 1.6246226695e+02 5.9532187226e+00 -8.1853023985e+01 3.9264187080e+02 -1.1447458312e-13 2.7429082932e+02
1.0000000000e+00 0.0000000000e+00 1.3418162023e+04 3.5198112706e+04 3.8444399195e+03 2.6160169166e+04 5.5243898826e+05 5.2384617031e+04 -2.9742213462e+01 1.8496135855e+02 1.3071747704e+01 -1.2613953078e+02 6.2820483933e+02 -1.3576045397e-13 2.5269814562e+02
1.0000000000e+00 0.0000000000e+00 1.6188179268e+04 6.9716941587e+04 1.1967671073e+04 8.8052723073e+03 2.5422456766e+05 2.9688753232e+04 -3.4037053458e+01 2.6363399139e+02 -1.8275411310e+01 -7.1695028048e+01 4.0522233159e+02 -1.1300770293e-13 3.0378766891e+02
1.0000000000e+00 0.0000000000e+00 6.3014346755e+04 4.6212971372e+04 3.0830382466e+04 8.2903941758e+04 8.9227859169e+05 1.1307885050e+05 -7.8953454762e+01 2.1448988183e+02 5.0668199381e+01 -1.9787957005e+02 8.4782518670e+02 -1.4798521748e-13 1.6326601254e+02
1.0000000000e+00 0.0000000000e+00 5.1851101504e+04 1.6634189346e+05 2.5230731855e+04 5.3570567236e+04 5.6767278245e+05 8.1511011173e+04 -7.2296267752e+01 3.9901676895e+02 -3.5076058429e+00 -1.3867886104e+02 6.6132211211e+02 -1.5665310465e-13 5.9969140451e+02
1.0000000000e+00 0.0000000000e+00 1.9504864008e+04 6.7671412070e+04 1.7438225407e+04 1.0307941076e+04 2.8109714213e+05 3.4432750694e+04 -3.6669736768e+01 2.5967952055e+02 -2.1219649709e+01 -7.0253571422e+01 4.1731055477e+02 -1.2809532684e-13 2.7640689052e+02
1.0000000000e+00 0.0000000000e+00 1.2034893123e+04 1.0269236236e+04 1.2171053542e+04 9.4249364391e+03 2.9509251636e+05 2.9864399067e+04 -2.7674994235e+01 6.9136631774e+01 1.2003179467e+01 -8.2906084484e+01 4.2959019744e+02 -1.0193380667e-13 -8.8074267190e+01
1.0000000000e+00 0.0000000000e+00 6.8119987416e+02 4.1996069089e+03 3.7172838414e+02 2.4555695372e+03 1.5266010099e+05 1.1746233011e+04 -1.7366769022e+00 5.4335756715e+01 4.3456667114e+00 -4.0467438708e+01 2.0424249482e+02 -9.9159378258e-14 5.4286987563e+01
1.0000000000e+00 0.0000000000e+00 1.1445513846e+04 3.9074374424e+04 1.2498820622e+03 2.2549688493e+04 4.1600037652e+05 4.0648503455e+04 -2.5640998657e+01 1.9428303644e+02 2.0927673772e+01 -1.2198209927e+02 5.4304739469e+02 -1.2556812154e-13 3.0781060893e+02
1.0000000000e+00 0.0000000000e+00 4.8098005248e+03 3.3730111006e+02 1.8679723376e+03 1.3233056671e+04 3.2011416812e+05 2.8336460045e+04 -1.2629019192e+01 -3.6621660145e+00 3.5832752855e+01 -9.8823749191e+01 4.3742008501e+02 -1.1104408595e-13 5.1070715845e+01
1.0000000000e+00 0.0000000000e+00 3.6844347242e+04 2.4330387872e+05 1.5215572224e+04 2.7408051222e+04 6.1733693602e+05 7.2511214988e+04 -4.8940465089e+01 4.9114984127e+02 -2.8113218338e+01 -1.2889920607e+02 6.8551059176e+02 -1.4962296923e-13 5.1401678949e+02
1.0000000000e+00 0.0000000000e+00 1.2469833660e+04 3.8784774309e+04 6.7455954385e+03 1.2803609294e+04 2.0924524979e+05 2.4690013384e+04 -3.4322881800e+01 1.8800869507e+02 -7.2803996724e-01 -7.5141300049e+01 3.7155085654e+02 -1.1487239858e-13 2.9667985771e+02
1.0000000000e+00 0.0000000000e+00 7.3643091537e+04 3.6497786304e+05 4.2112357350e+04 5.0779902408e+04 9.8610670244e+05 1.2549712975e+05 -7.5120540583e+01 6.0190498856e+02 -3.4754185533e+01 -1.6527160623e+02 8.9114004780e+02 -1.8005215465e-13 7.3102591647e+02
1.0000000000e+00 0.0000000000e+00 4.2186944972e+04 1.1736333309e+05 3.0643480484e+04 3.1330031266e+04 4.5014512611e+05 6.3459633993e+04 -5.9337128916e+01 3.4232197211e+02 -1.2681963220e+01 -1.1145597778e+02 5.7880579398e+02 -1.3817579760e-13 3.5693061353e+02
1.0000000000e+00 0.0000000000e+00 2.3752248707e+04 1.6384503176e+05 1.1310956739e+04 1.3370265559e+04 4.5009646968e+05 4.9300830431e+04 -3.6972405794e+01 3.9920070055e+02 -2.7376661132e+01 -9.7669459460e+01 5.3846543784e+02 -1.5323705172e-13 5.9659187352e+02
1.0000000000e+00 0.0000000000e+00 8.3903663671e+04 2.7996006473e+05 5.9843649962e+04 6.7522867042e+04 5.5183113256e+05 1.0729652530e+05 -8.6932654112e+01 5.2757059672e+02 -3.1249500887e+01 -1.2999967098e+02 6.8622143699e+02 -1.5558066025e-13 6.9525789890e+02
1.0000000000e+00 0.0000000000e+00 3.3269022502e+04 1.3077469557e+05 2.6070388728e+04 1.8617199604e+04 3.7175826063e+05 5.1130926928e+04 -5.0795545880e+01 3.6011522373e+02 -2.8445625260e+01 -8.6351081202e+01 4.9797252266e+02 -1.3800878038e-13 4.0476541731e+02
1.0000000000e+00 0.0000000000e+00 1.5792126225e+04 4.2954665420e+04 4.1867386436e+03 2.2698874191e+04 4.6851078091e+05 4.5705790936e+04 -3.6101056571e+01 2.0684447161e+02 2.0022027644e+01 -1.2746680523e+02 5.7648598770e+02 -1.2819469010e-13 2.3617261566e+02
1.0000000000e+00 0.0000000000e+00 7.3040367633e+03 4.1731204829e+04 5.4974081953e+03 3.5346826541e+03 1.7863672667e+05 1.8047731045e+04 -1.7334434759e+01 2.0339305705e+02 -1.8405643216e+01 -5.0212253996e+01 3.0593861590e+02 -1.0270811923e-13 1.9912972296e+02
1.0000000000e+00 0.0000000000e+00 2.3709199857e+03 1.2273839620e+04 2.3482886043e+03 5.0394348216e+03 2.3353227034e+05 1.9605556458e+04 -5.2646645112e+00 1.0147582062e+02 -7.0691087680e+00 -5.2617818865e+01 3.2441613935e+02 -1.2402354887e-13 3.0559978822e+02
1.0000000000e+00 0.0000000000e+00 1.4623028841e+03 6.0147809688e+01 6.3270033421e+02 2.7708646235e+03 1.2818741732e+05 1.0150495677e+04 -7.1183036637e+00 1.0470164616e+00 1.9793226609e+01 -4.9387550573e+01 2.0440032376e+02 -9.7426966042e-14 5.8026527513e+01
1.0000000000e+00 0.0000000000e+00 1.4997771863e+04 1.5691450411e+04 4.4909706498e+03 2.2431349286e+04 3.1625926857e+05 3.4126832454e+04 -3.7573372700e+01 1.2439665038e+02 3.0086272980e+01 -1.1225015949e+02 4.7032404019e+02 -1.1457440306e-13 1.8132483069e+02
1.0000000000e+00 0.0000000000e+00 3.9973141046e+04 1.8388555910e+05 1.5184896274e+04 3.9523096852e+04 4.8689616928e+05 6.6263284797e+04 -6.0494904135e+01 4.2230094698e+02 -1.0715503563e+01 -1.2520586378e+02 5.9981466109e+02 -1.4918326660e-13 5.3038825913e+02
1.0000000000e+00 0.0000000000e+00 1.3133926520e+05 2.4579097627e+05 8.4735114572e+04 1.4128090931e+05 1.7329766526e+06 2.2913198757e+05 -1.1110683871e+02 4.9472097388e+02 1.7936924973e+01 -2.5352610448e+02 1.2255978687e+03 -1.8888427895e-13 3.9600164212e+02
1.0000000000e+00 0.0000000000e+00 3.7801726461e+04 9.2161037272e+04 3.1750002056e+04 3.6648109870e+04 4.5956899548e+05 6.5728426034e+04 -1.2864032560e+01 -3.0065189084e+02 1.2336706520e+02 -1.6687830602e+02 5.5236414557e+02 -9.8974072078e-14 -3.4418416850e+02
1.0000000000e+00 0.0000000000e+00 5.3912155254e+04 1.0101882825e+05 4.1668329326e+04 4.7179941547e+04 5.2225091191e+05 7.9420560462e+04 -6.9917191689e+01 3.1713188120e+02 -1.7623068905e+00 -1.2950193555e+02 6.4866928630e+02 -1.4505574451e-13 4.4250942917e+02
1.0000000000e+00 0.0000000000e+00 1.3692710273e+04 3.3661733510e+04 8.6148789652e+03 1.1420752298e+04 2.3122734396e+05 2.6095587901e+04 -3.3947432513e+01 1.7960011037e+02 1.2385533756e+00 -7.7225514191e+01 3.7914334567e+02 -1.0688138124e-13 1.0179388795e+02
1.0000000000e+00 0.0000000000e+00 1.0284022769e+05 8.4937985047e+03 4.2019948791e+04 1.6046489069e+05 1.6724812722e+06 2.0358436360e+05 -8.9195366299e+01 -1.7082642999e+01 1.3317868854e+02 -2.9976479581e+02 1.1742937764e+03 -1.6493441591e-13 -1.3510363562e+02
1.0000000000e+00 0.0000000000e+00 1.8457688154e+04 5.0594175585e+03 7.2486623217e+03 3.4362618731e+04 6.4165371410e+05 6.2070665397e+04 -3.5808008180e+01 5.7889039433e+01 5.0413308191e+01 -1.5530850059e+02 6.7844095191e+02 -1.3382808094e-13 1.0065288608e+02
1.0000000000e+00 0.0000000000e+00 7.0402893185e+03 7.2075697571e+03 8.2848477543e+03 4.9953964327e+03 2.2254808280e+05 2.1155373848e+04 -1.9478311132e+01 8.3064875206e+01 -2.2804580980e+00 -5.8461918245e+01 3.4655597089e+02 -1.0545103596e-13 5.5619797074e+01
1.0000000000e+00 0.0000000000e+00 6.0081939211e+03 1.6603965116e+04 1.3824253971e+03 1.2347153176e+04 3.4954193214e+05 3.0510599615e+04 -1.8434530230e+01 1.2023428718e+02 1.7016446375e+01 -9.7115515722e+01 4.5540404273e+02 -1.2423673824e-13 1.7395808070e+02
1.0000000000e+00 0.0000000000e+00 3.8196218820e+04 1.5450160620e+05 2.0367329463e+04 3.8580586720e+04 6.4449307086e+05 7.7217387724e+04 -5.5801550997e+01 3.8477213062e+02 -8.3910349917e+00 -1.3883244854e+02 7.0413135346e+02 -1.5890546764e-13 5.4212267297e+02
1.0000000000e+00 0.0000000000e+00 8.4585872101e+04 2.4352841185e+05 6.1878737970e+04 6.5490133550e+04 7.2038880064e+05 1.1678942751e+05 -8.6117049983e+01 4.9281617398e+02 -2.2071140961e+01 -1.4582728068e+02 7.5936642258e+02 -1.6129520978e-13 5.1874909954e+02
1.0000000000e+00 0.0000000000e+00 1.9130082510e+03 9.5914688935e+02 1.0543073404e+03 6.4725088632e+03 1.9468623030e+05 1.6523224927e+04 -4.2378243369e+00 2.6160327216e+01 2.0308825755e+01 -6.8120206642e+01 3.0856285392e+02 -1.0244156265e-13 7.4700927056e+01
1.0000000000e+00 0.0000000000e+00 6.4599634894e+04 2.9789718548e+05 3.8490991039e+04 4.5848071466e+04 7.0935936152e+05 9.9773397587e+04 -7.2347274410e+01 5.3288246979e+02 -3.1376253030e+01 -1.4066473256e+02 7.5482753991e+02 -1.6780989269e-13 7.8605873157e+02
1.0000000000e+00 0.0000000000e+00 5.4001588663e+04 2.2930102086e+05 2.7273458340e+04 4.9822546410e+04 6.6570154235e+05 9.0404889671e+04 -6.8580049519e+01 4.7491337000e+02 -1.5551137315e+01 -1.4656401909e+02 7.3569919877e+02 -1.6250217242e-13 6.7077999613e+02
1.0000000000e+00 0.0000000000e+00 7.2314398682e+03 3.5722417758e+03 3.9879559038e+03 1.3760362428e+04 3.1593311569e+05 2.9367614815e+04 -1.7230334651e+01 -3.2065211226e+01 4.1219896523e+01 -1.0279073770e+02 4.5045383079e+02 -1.0039016846e-13 -9.6681604431e+01
1.0000000000e+00 0.0000000000e+00 2.2596074218e+03 1.0706421931e+04 1.4545723373e+03 7.6785319309e+03 1.7706144443e+05 1.6537897618e+04 9.6086543221e+00 9.4865986130e+01 -1.1967902942e+01 -3.3510651848e+01 2.3221887335e+02 -1.0194371631e-13 1.2696960898e+02
1.0000000000e+00 0.0000000000e+00 1.3328944082e+04 9.4798359903e+04 3.7274737975e+03 1.5703529150e+04 4.2754571380e+05 4.2154142503e+04 -2.6944184129e+01 3.0408378160e+02 -1.0909190783e+01 -1.0201454243e+02 5.3209482466e+02 -1.3106215052e-13 3.1271718306e+02
1.0000000000e+00 0.0000000000e+00 1.4023389212e+04 3.2322308120e+04 7.6517576015e+03 1.4821332860e+04 3.4949195302e+05 3.5106252601e+04 -3.5389008879e+01 1.7894505335e+02 7.7192709241e+00 -9.9474904343e+01 4.8767027906e+02 -1.2359787992e-13 2.4854468706e+02
1.0000000000e+00 0.0000000000e+00 4.2340957618e+04 1.1646444253e+05 2.9660763872e+04 3.5420865167e+04 3.3150756265e+05 5.6861824148e+04 -6.2709365506e+01 3.3945431617e+02 -1.3031533855e+01 -9.9626727011e+01 5.0362796121e+02 -1.2926064073e-13 4.2226985895e+02
1.0000000000e+00 0.0000000000e+00 6.0787432443e+03 9.7345455609e+02 3.9748520891e+03 9.8591945504e+03 2.8064449906e+05 2.5095856969e+04 -1.8827898152e+01 1.3499492294e+01 2.9196867321e+01 -9.0245377682e+01 4.0965617289e+02 -1.0518877621e-13 -9.6462894453e+00
1.0000000000e+00 0.0000000000e+00 6.2724549111e+04 2.8545966210e+05 3.6476050475e+04 4.5409181214e+04 5.1229228505e+05 8.4836369423e+04 -7.4089360370e+01 5.3081009389e+02 -3.4703465057e+01 -1.1839238368e+02 6.2794071497e+02 -1.5845493313e-13 6.5991714667e+02
1.0000000000e+00 0.0000000000e+00 3.0628388840e+03 4.4163418203e+03 3.0977179126e+03 1.1754172907e+04 2.2897556796e+05 2.2269711042e+04 8.1634734388e+00 6.3654417418e+01 -1.1214615620e+01 -4.4088238559e+01 3.2146082507e+02 -9.7278828041e-14 -1.2311365895e+00
1.0000000000e+00 0.0000000000e+00 1.5176993467e+05 7.5298282565e+05 1.0896204107e+05 8.3805880484e+04 1.2980802467e+06 2.0942738964e+05 -1.0405865572e+02 8.6287607337e+02 -7.5159638183e+01 -1.7762037181e+02 1.0411758473e+03 -2.0474978752e-13 1.0043617695e+03
1.0000000000e+00 0.0000000000e+00 8.5106794636e+03 5.1657992567e+04 1.5843956758e+03 1.2327223756e+04 3.6311555180e+05 3.3235800619e+04 -2.2270136111e+01 2.2350694316e+02 6.5765832714e-01 -9.5880602273e+01 4.7598878253e+02 -1.2985058674e-13 3.0287588007e+02
1.0000000000e+00 0.0000000000e+00 2.5612769229e+04 2.9743865751e+03 1.3206185121e+04 3.7433483374e+04 6.1153479514e+05 6.3898521439e+04 -4.5096604278e+01 5.2206540785e+01 5.3684391765e+01 -1.5316770049e+02 6.4726286644e+02 -1.3917040174e-13 5.3030019352e+01
1.0000000000e+00 0.0000000000e+00 4.1075150959e+04 8.7023356974e+03 1.8785701948e+04 6.2846309662e+04 7.7319344255e+05 8.8951496884e+04 -4.9651511113e+01 -8.1330958770e+01 9.7919457250e+01 -1.9983228558e+02 7.7569436426e+02 -1.2798711288e-13 -6.9778645772e+01
1.0000000000e+00 0.0000000000e+00 6.7216706214e+03 4.3668391391e+04 2.2295859759e+03 6.0948450872e+03 2.1534289209e+05 2.0361363695e+04 -2.0697139425e+01 1.9858481718e+02 -6.3284353896e+00 -6.6156761061e+01 3.3926346703e+02 -1.1593232572e-13 3.4000687423e+02
1.0000000000e+00 0.0000000000e+00 2.7005249520e+04 2.4215535201e+04 1.7791302307e+04 2.7745156201e+04 4.7657672667e+05 5.3467809910e+04 -4.8587695343e+01 1.5360876197e+02 2.3968152653e+01 -1.2093153255e+02 5.4641466608e+02 -1.3389423124e-13 8.3048160109e+01
1.0000000000e+00 0.0000000000e+00 2.9997103122e+04 1.4766688032e+04 1.3665359576e+04 4.8456472300e+04 7.0485515030e+05 7.5940956016e+04 -5.0458455416e+01 1.0543714257e+02 5.0066190731e+01 -1.6868281042e+02 7.3560728841e+02 -1.3096526342e-13 5.1061627022e+00
1.0000000000e+00 0.0000000000e+00 5.4804291812e+03 4.9799464917e+02 2.6714059313e+03 8.4465238454e+03 2.1057198703e+05 1.9158604257e+04 -1.7711268517e+01 -1.1447419378e+01 2.8848495562e+01 -7.6137530354e+01 3.3539185387e+02 -1.0331688297e-13 9.5013020515e+01
1.0000000000e+00 0.0000000000e+00 1.7080152917e+04 3.1669469025e+04 7.3374886124e+03 2.0238193072e+04 3.6817441601e+05 3.8644468907e+04 -4.0850889613e+01 1.7632958928e+02 1.6259516436e+01 -1.0938004768e+02 5.0144920193e+02 -1.2599527111e-13 2.8035299464e+02
1.0000000000e+00 0.0000000000e+00 4.8297528125e+03 4.1430684987e+04 1.2261412905e+03 3.7188528057e+03 2.3722391435e+05 2.0215414022e+04 -1.2344306371e+01 1.9213017902e+02 -6.7766919835e+00 -5.7280759095e+01 2.8721107497e+02 -1.2608990528e-13 2.9669745151e+02
1.0000000000e+00 0.0000000000e+00 3.4047748134e+03 7.4708390780e+02 2.0197123087e+03 1.4656195281e+04 3.9783641721e+05 3.4293232040e+04 -2.6592898522e+00 9.5889560477e+00 3.0590331480e+01 -9.7669502064e+01 4.5351352890e+02 -1.2085123903e-13 3.0601431611e+01
1.0000000000e+00 0.0000000000e+00 1.8048666516e+04 5.1537997468e+04 1.2407391536e+04 1.5479889784e+04 2.6668029442e+05 3.2834882262e+04 -3.9216342776e+01 2.2337637300e+02 -4.0916735294e+00 -8.6187941016e+01 4.4136118847e+02 -1.0231287651e-13 4.9647361699e+01
1.0000000000e+00 0.0000000000e+00 1.2336736278e+04 6.5685933085e+04 1.7770005714e+03 1.6356083910e+04 5.1269455598e+05 4.5895225734e+04 -2.7831212220e+01 2.5448919115e+02 8.5718678722e+00 -1.1893935120e+02 5.5749895144e+02 -1.4290958693e-13 2.0894789370e+02
1.0000000000e+00 0.0000000000e+00 5.2256498967e+04 1.7871783850e+05 3.8125587266e+04 3.8501832641e+04 5.0428238344e+05 7.6604603466e+04 -6.7278819986e+01 4.1654100679e+02 -2.4162817679e+01 -1.1496221852e+02 6.2137115325e+02 -1.5064984589e-13 5.4207838271e+02
1.0000000000e+00 0.0000000000e+00 8.0444544156e+03 6.1467372318e+02 7.4417702015e+03 9.8331233247e+03 3.1363589338e+05 2.8779842009e+04 -2.0569633416e+01 -2.9575525403e+00 2.7721875996e+01 -9.0447430943e+01 4.3257295569e+02 -1.1172159665e-13 1.4919303341e+00
1.0000000000e+00 0.0000000000e+00 2.3768680236e+04 9.4345519359e+04 1.0203950857e+04 2.1776330000e+04 3.7099114737e+05 4.3865835036e+04 -4.4978701422e+01 2.8752802624e+02 -8.7964521218e-01 -1.0494792283e+02 4.9971113248e+02 -1.4426270733e-13 5.3833751740e+02
1.0000000000e+00 0.0000000000e+00 2.3655035501e+04 4.6204419430e+03 6.9594760257e+03 4.7240760094e+04 7.8202072903e+05 7.7188596590e+04 -3.8891912445e+01 6.6162363552e+01 6.3416431708e+01 -1.8201836518e+02 7.6858446243e+02 -1.3716666856e-13 4.9403077762e+01
1.0000000000e+00 0.0000000000e+00 1.6464258237e+04 6.1424139982e+03 7.5634698443e+03 2.6391771388e+04 3.9268408323e+05 4.1910070679e+04 -3.5579108222e+01 2.0853338521e+01 4.6627556791e+01 -1.2465825760e+02 5.2388559928e+02 -1.1119982292e-13 -9.8148911850e+01
1.0000000000e+00 0.0000000000e+00 4.3069694185e+03 4.9791063400e+03 2.5579471775e+03 8.0390038416e+03 2.2799515477e+05 2.0318984375e+04 -8.9617500535e+00 -3.6390916596e+01 3.7203870348e+01 -8.0193600535e+01 3.2745567054e+02 -9.9617349651e-14 -8.8755504280e+01
1.0000000000e+00 0.0000000000e+00 6.2268087035e+03 1.7798649351e+04 4.4700009513e+03 7.3924484415e+03 2.9217615303e+05 2.5801875167e+04 -1.8558533609e+01 1.2998295775e+02 2.0857500363e+00 -7.8237981429e+01 4.1701547219e+02 -1.0622552503e-13 5.2796735938e+01
1.0000000000e+00 0.0000000000e+00 2.7705001854e+04 7.9325344790e+04 1.2208393478e+04 3.1765814572e+04 6.0417743529e+05 6.4187937840e+04 -4.9901389658e+01 2.7869242832e+02 1.0250528158e+01 -1.4020856489e+02 6.7192967963e+02 -1.4450359557e-13 3.7750772182e+02
1.0000000000e+00 0.0000000000e+00 1.3153637290e+04 1.0158533380e+04 4.0598933523e+03 2.4733160750e+04 5.6423691670e+05 5.1386993474e+04 -3.1118781586e+01 9.8643295268e+01 3.5200468786e+01 -1.3672320497e+02 6.2101966071e+02 -1.3185944361e-13 1.9165429789e+02
1.0000000000e+00 0.0000000000e+00 1.2461700367e+04 6.4668680650e+04 7.7290699416e+03 7.4823080406e+03 2.0380434954e+05 2.3622343279e+04 -3.0571244765e+01 2.5315081156e+02 -1.8722827711e+01 -6.0711028857e+01 3.4195571335e+02 -1.1064604698e-13 2.4002053169e+02
1.0000000000e+00 0.0000000000e+00 1.5471710074e+04 9.4758594497e+04 3.3488352355e+03 1.3934778782e+04 3.1284307105e+05 3.3474297394e+04 -3.5278754352e+01 2.9476461583e+02 -6.4768921860e+00 -9.2721488406e+01 4.4806477709e+02 -1.3373347782e-13 5.1420386310e+02
1.0000000000e+00 0.0000000000e+00 3.7264704534e+04 2.2233234794e+05 1.4939825835e+04 3.0920754975e+04 6.4490735676e+05 7.4797604997e+04 -5.2952002639e+01 4.6187563950e+02 -2.1937314658e+01 -1.3327097975e+02 6.9685108443e+02 -1.5621265935e-13 6.0791082369e+02
1.0000000000e+00 0.0000000000e+00 1.3898163527e+05 7.3598130409e+05 8.7115585035e+04 8.3436422864e+04 9.5020894633e+05 1.7560387138e+05 -1.0274034209e+02 8.4981614288e+02 -7.1995722583e+01 -1.5929484586e+02 9.0730172307e+02 -1.9645030450e-13 1.1782417776e+03
1.0000000000e+00 0.0000000000e+00 4.5321116625e+04 2.0391521450e+05 2.4373641795e+04 3.4776371684e+04 5.2797974027e+05 7.1832192583e+04 -6.1865500763e+01 4.4803651992e+02 -2.2062254243e+01 -1.2062528953e+02 6.2281455941e+02 -1.5281540904e-13 5.2868251704e+02
1.0000000000e+00 0.0000000000e+00 6.6568104055e+04 1.3667854946e+05 4.0763107076e+04 6.5718008368e+04 7.0251711108e+05 1.0130172822e+05 -8.0884613523e+01 3.6944976782e+02 6.8498760893e+00 -1.5906889894e+02 7.5376727196e+02 -1.5031464358e-13 3.3883734401e+02
1.0000000000e+00 0.0000000000e+00 7.0597182053e+03 3.1573476111e+03 4.1238513194e+03 1.1631636455e+04 3.0072569768e+05 2.7420252007e+04 -2.1526607501e+01 5.4916160982e+01 2.5629098924e+01 -9.5751836362e+01 4.3907917238e+02 -1.1421103532e-13 1.1887376684e+02
1.0000000000e+00 0.0000000000e+00 7.2578412300e+04 2.4111756927e+05 4.7944531501e+04 6.0623534078e+04 1.2153210278e+06 1.4175167426e+05 -7.7522130645e+01 4.8755628679e+02 -1.3376501577e+01 -1.8616318670e+02 9.7868569942e+02 -1.9303111962e-13 6.3666701642e+02
1.0000000000e+00 0.0000000000e+00 7.4977171587e+03 2.9730348306e+04 1.3635104120e+03 1.3936533191e+04 3.7134110039e+05 3.3336727812e+04 -2.2106365879e+01 1.6618228256e+02 9.7439905893e+00 -9.8265857621e+01 4.7595242194e+02 -1.2514968499e-13 2.1139095772e+02
1.0000000000e+00 0.0000000000e+00 4.4249616023e+03 2.3441455111e+04 1.0412464300e+03 8.3853305865e+03 2.6694462358e+05 2.3354854140e+04 -6.8747529362e+00 1.4141351230e+02 1.1950259209e+00 -6.9926388422e+01 3.5843824917e+02 -1.1922169093e-13 3.1760721192e+02
1.0000000000e+00 0.0000000000e+00 6.4736769983e+04 3.1343122347e+05 3.7952198686e+04 4.8723251512e+04 7.2155706092e+05 1.0243015268e+05 -7.2013283301e+01 5.5541538747e+02 -3.3643958558e+01 -1.4179226589e+02 7.6036844133e+02 -1.6723899192e-13 6.8339496795e+02
1.0000000000e+00 0.0000000000e+00 5.5000083927e+03 1.2375380999e+03 4.2196471680e+03 6.9544945040e+03 2.3376442067e+05 2.0747856638e+04 -1.7987136279e+01 6.5102421673e+00 2.4860213580e+01 -7.7784104184e+01 3.5881515498e+02 -1.0438126819e-13 3.0187982638e+00
1.0000000000e+00 0.0000000000e+00 2.0551672271e+05 9.8155367984e+05 1.3857182111e+05 1.2201229540e+05 1.2210780721e+06 2.4559673887e+05 -1.2553730011e+02 9.8165565622e+02 -8.5701201559e+01 -1.7879998142e+02 1.0293032451e+03 -2.1341174280e-13 1.2733126523e+03
1.0000000000e+00 0.0000000000e+00 3.7242266394e+04 1.5449244512e+05 3.0954708550e+04 1.7861238438e+04 5.2508802808e+05 6.4380910032e+04 -4.9704705693e+01 3.9207739156e+02 -3.1588109360e+01 -1.0118364136e+02 5.9432291475e+02 -1.4189762551e-13 2.9259604638e+02
1.0000000000e+00 0.0000000000e+00 3.9160454662e+04 1.8558919497e+04 1.2608094295e+04 6.1660863936e+04 7.7266121283e+05 8.6204211158e+04 -5.9795323055e+01 1.2158158396e+02 6.0753332205e+01 -1.8505819688e+02 7.6532675959e+02 -1.3654025616e-13 9.3320669269e+00
1.0000000000e+00 0.0000000000e+00 4.8464298986e+04 1.6839206272e+05 2.5167297537e+04 4.6956589582e+04 5.3903435038e+05 7.6668150041e+04 -6.8311058451e+01 4.0874256179e+02 -9.1210812108e+00 -1.3003126291e+02 6.3200924455e+02 -1.4778985639e-13 4.0778296087e+02
1.0000000000e+00 0.0000000000e+00 2.1570649823e+05 7.4190070587e+05 1.4104418474e+05 1.7495326300e+05 1.7721184223e+06 2.9580822716e+05 -1.3904589776e+02 8.5934132644e+02 -3.9919332358e+01 -2.4132001255e+02 1.2461613484e+03 -2.1499641793e-13 9.0145219008e+02
1.0000000000e+00 0.0000000000e+00 7.9141327962e+03 5.7974373078e+03 1.6801730407e+03 1.3186301383e+04 2.8611310411e+05 2.6217586522e+04 -2.4780357901e+01 7.5749329691e+01 2.9905394524e+01 -9.7553853047e+01 4.0846255581e+02 -1.1610902209e-13 1.1583370000e+02
1.0000000000e+00 0.0000000000e+00 2.4661817597e+04 4.8170664799e+04 1.3841070187e+04 2.5701560130e+04 3.1685231287e+05 4.1282952027e+04 -5.0636099271e+01 2.1833663677e+02 6.5324279748e+00 -9.8546550496e+01 4.6006181490e+02 -1.2407929575e-13 2.4917873639e+02
1.0000000000e+00 0.0000000000e+00 4.0145747754e+04 8.1333155196e+04 2.0974979149e+04 4.5361039357e+04 6.6145644360e+05 7.8066510870e+04 -6.2167589605e+01 2.8362657746e+02 1.5290962648e+01 -1.5211416377e+02 7.1603580084e+02 -1.4903808234e-13 2.9662334010e+02
1.0000000000e+00 0.0000000000e+00 1.0404844515e+04 7.2040939681e+04 5.1849542724e+03 6.1509329235e+03 2.2868588545e+05 2.3961829225e+04 -2.4502899887e+01 2.5593178197e+02 -1.8876094905e+01 -6.4530496465e+01 3.6657066929e+02 -1.2428813757e-13 4.5616599313e+02
1.0000000000e+00 0.0000000000e+00 8.9307241806e+04 2.3246361127e+05 6.5482463062e+04 7.3054330334e+04 8.9482403200e+05 1.3294838953e+05 -8.8129654568e+01 4.8110718357e+02 -1.4044905113e+01 -1.6768960904e+02 8.6351608917e+02 -1.7419901481e-13 5.9376926035e+02
1.0000000000e+00 0.0000000000e+00 3.0596685774e+04 1.1536983469e+05 2.3364204385e+04 2.5776263443e+04 3.1368223699e+05 4.8533265382e+04 -1.2425308915e+01 -3.3488659505e+02 1.1335172769e+02 -1.3756986957e+02 4.4469656999e+02 -9.7808948348e-14 -3.1466353702e+02
1.0000000000e+00 0.0000000000e+00 2.7379900453e+04 1.3625780014e+05 1.5409327573e+04 2.0867313965e+04 4.9101853753e+05 5.5845226368e+04 -4.5934521369e+01 3.6379047063e+02 -2.0430071324e+01 -1.0629412459e+02 5.7797169561e+02 -1.4817407980e-13 4.6419607269e+02
1.0000000000e+00 0.0000000000e+00 1.1151808457e+04 3.8144912651e+03 1.0289125389e+04 1.7146444758e+04 5.3491741302e+05 4.8355862932e+04 -2.4175151107e+01 3.3309112443e+01 2.6864610189e+01 -1.1421137047e+02 5.7115596466e+02 -1.2509181035e-13 -7.9629656757e+01
1.0000000000e+00 0.0000000000e+00 1.4902099479e+04 5.3907328368e+04 9.7528219378e+03 1.0631475922e+04 3.3747826322e+05 3.4377221834e+04 -3.5024156812e+01 2.3196166059e+02 -8.7047634262e+00 -8.3859544696e+01 4.4895921221e+02 -1.2708043842e-13 2.4406903803e+02
1.0000000000e+00 0.0000000000e+00 1.9375899934e+04 7.9479080657e+04 1.3853708876e+04 1.2553916269e+04 3.1404093619e+05 3.6703047130e+04 -3.8388418501e+01 2.8164882510e+02 -1.7674576157e+01 -7.7942919069e+01 4.3012516496e+02 -1.2894395603e-13 2.5009966263e+02
1.0000000000e+00 0.0000000000e+00 7.4759039560e+04 2.0653237418e+05 5.7726076042e+04 5.2628618453e+04 8.5669343404e+05 1.1652103977e+05 -7.7551972049e+01 4.5416227237e+02 -1.7855688582e+01 -1.5444449653e+02 8.1871303824e+02 -1.6317233902e-13 4.4982281756e+02
1.0000000000e+00 0.0000000000e+00 8.0454298396e+04 2.2718884514e+05 6.4372807237e+04 5.5355497283e+04 7.9214148831e+05 1.1729957313e+05 -8.2149478155e+01 4.7456238518e+02 -2.4326478997e+01 -1.4603185452e+02 7.8862317610e+02 -1.7429988356e-13 6.8582229425e+02
1.0000000000e+00 0.0000000000e+00 1.5237223246e+04 2.5632883610e+04 7.2171589181e+03 1.8607552000e+04 3.5781825612e+05 3.6860054866e+04 -3.6799692587e+01 1.5850541214e+02 1.7930470288e+01 -1.0668045204e+02 4.8570067571e+02 -1.2329634100e-13 2.0159530537e+02
1.0000000000e+00 0.0000000000e+00 1.5329057946e+04 5.1865113538e+03 7.3186002932e+03 2.3771381667e+04 3.5946490191e+05 3.8338015042e+04 -3.3723640136e+01 3.7665956158e+01 4.4544696365e+01 -1.2288700636e+02 5.1296085592e+02 -1.1152831269e-13 5.4659643052e+00
1.0000000000e+00 0.0000000000e+00 1.8552726122e+03 2.4172915166e+03 1.3188263765e+03 9.3808024286e+03 2.2534217133e+05 2.0086380949e+04 7.7411978691e+00 4.5450912992e+01 4.1892366847e+00 -5.1517597648e+01 2.8607001907e+02 -1.0916759049e-13 7.0977386619e+01
1.0000000000e+00 0.0000000000e+00 7.7887295621e+03 4.5349931014e+04 1.3266368677e+03 1.1380212965e+04 2.8810159059e+05 2.7338981798e+04 -1.9070136601e+01 2.0327696662e+02 8.4215241240e-01 -8.5927546097e+01 4.2277220045e+02 -1.2263281822e-13 3.8833601620e+02
1.0000000000e+00 0.0000000000e+00 1.3766011071e+04 3.8168310425e+04 3.3433315169e+03 3.0015920030e+04 5.8607334089e+05 5.6321278211e+04 -2.4194315354e+01 1.9324443663e+02 2.0948754687e+01 -1.3614522014e+02 6.3889432115e+02 -1.3551880448e-13 2.8466721307e+02
1.0000000000e+00 0.0000000000e+00 5.0687078429e+04 1.8355779549e+05 3.8912696267e+04 3.2589189393e+04 4.3003263804e+05 6.9515748624e+04 -6.5270332208e+01 4.2648690807e+02 -3.2164898851e+01 -1.0031631263e+02 5.6687921813e+02 -1.3894867081e-13 3.9799265634e+02
1.0000000000e+00 0.0000000000e+00 1.1046663112e+04 1.0507559443e+05 3.6802265181e+03 5.0384463815e+03 2.9398763804e+05 2.8836572776e+04 -2.1227158528e+01 3.1568279713e+02 -2.7193875378e+01 -6.6094086554e+01 3.8644443408e+02 -1.3501784757e-13 4.9322227147e+02
1.0000000000e+00 0.0000000000e+00 5.1713194591e+04 1.2154860646e+05 2.4724625701e+04 6.2419466041e+04 7.0796728751e+05 9.2514303769e+04 -7.1750336302e+01 3.4828965111e+02 1.3634140701e+01 -1.6434119805e+02 7.6129460108e+02 -1.5450733708e-13 3.8998330727e+02
1.0000000000e+00 0.0000000000e+00 5.7005161455e+04 1.5990692216e+05 4.9089309535e+04 3.2973495988e+04 6.5006682802e+05 8.7705864688e+04 -6.6710198742e+01 3.9547859453e+02 -2.5291080184e+01 -1.2134460039e+02 6.8700318528e+02 -1.6301851506e-13 5.4872802320e+02
1.0000000000e+00 0.0000000000e+00 5.0178865687e+04 2.3312199166e+05 3.2441564181e+04 3.2419788443e+04 6.4336837127e+05 8.3450451125e+04 -6.2695148539e+01 4.8071404522e+02 -3.2406288789e+01 -1.2442526379e+02 6.9062381675e+02 -1.6077792949e-13 5.1691923301e+02
1.0000000000e+00 0.0000000000e+00 3.0268894428e+04 2.2998349723e+04 1.2383494490e+04 5.1493290029e+04 7.7570901042e+05 8.1934400196e+04 -5.1200547849e+01 1.4800546567e+02 4.3922861275e+01 -1.7373251810e+02 7.7761995095e+02 -1.3273978437e-13 2.6649516450e+01
1.0000000000e+00 0.0000000000e+00 1.0380227239e+05 2.8035673978e+05 7.0382610097e+04 8.9224914949e+04 1.0446824851e+06 1.5482162536e+05 -9.7074515279e+01 5.2665351394e+02 -1.2361761927e+01 -1.8232063568e+02 9.1759117301e+02 -1.8650998594e-13 6.0897255383e+02
1.0000000000e+00 0.0000000000e+00 3.3655441785e+04 1.2793593191e+05 2.0148362361e+04 2.4006232000e+04 3.6838987266e+05 5.0647867450e+04 -5.2980679417e+01 3.5719058309e+02 -1.6740262895e+01 -9.3700538026e+01 4.7451098595e+02 -1.3800575046e-13 3.4975817479e+02
1.0000000000e+00 0.0000000000e+00 1.0552104053e+03 3.1737020375e+03 5.4945909008e+02 6.3251736363e+03 2.0468695264e+05 1.7021172691e+04 1.0406322524e-01 5.3393675757e+01 6.7635040120e+00 -5.8071161624e+01 3.0778800240e+02 -9.3924126017e-14 -3.4347788487e+00
1.0000000000e+00 0.0000000000e+00 3.4424970130e+03 1.6790517237e+04 7.6936744526e+02 9.8868293321e+03 2.3973439146e+05 2.1757420583e+04 -7.8911367826e+00 1.2728316574e+02 7.4138253121e-01 -6.6955306626e+01 3.5176470026e+02 -1.1472546881e-13 1.7111144107e+02
1.0000000000e+00 0.0000000000e+00 3.0693943754e+03 5.9221107993e+03 1.1711635237e+03 1.2779675633e+04 3.2632012129e+05 2.8524765994e+04 -3.8377291657e+00 7.6521422316e+01 1.5590493419e+01 -8.6608337299e+01 4.2605644639e+02 -1.1596654679e-13 1.0412454044e+02
1.0000000000e+00 0.0000000000e+00 6.6942662254e+03 1.8113550988e+03 3.8540130984e+03 1.3419032269e+04 2.5294825972e+05 2.4832080232e+04 -6.7860084789e+00 -4.1413687449e+01 4.1673885787e+01 -9.0743151290e+01 3.7342478776e+02 -1.0265902188e-13 -5.3201700651e+00
1.0000000000e+00 0.0000000000e+00 3.8251941304e+04 1.3572153284e+05 3.4090170412e+04 2.1396533067e+04 3.5076827078e+05 5.4677854084e+04 -5.4104567474e+01 3.6806467859e+02 -3.4231187620e+01 -8.2132290274e+01 5.0084386848e+02 -1.3453767466e-13 4.0697402151e+02
1.0000000000e+00 0.0000000000e+00 1.2658459035e+03 6.8162616347e+02 1.3837124631e+03 6.3093300759e+03 2.2317606039e+05 1.8493924492e+04 5.7760760502e-01 3.2082410375e+00 2.0070780785e+01 -6.4856280555e+01 3.0502741325e+02 -1.0940952361e-13 5.2970491231e+01
1.0000000000e+00 0.0000000000e+00 1.7612349098e+04 3.4898537296e+04 9.3175147128e+03 1.9995637663e+04 3.7874624760e+05 4.0259153928e+04 -3.8831986253e+01 1.7166943711e+02 1.6492927187e+01 -1.1069426818e+02 5.1221637788e+02 -1.3887073640e-13 4.8997258672e+02
1.0000000000e+00 0.0000000000e+00 2.6503857845e+04 1.3495139057e+05 1.7574971437e+04 2.2605501792e+04 8.6343189186e+05 8.2548521150e+04 -3.9036524167e+01 3.6243571784e+02 -1.9920447000e+01 -1.3485230298e+02 7.6769736965e+02 -1.6936117855e-13 4.4575109381e+02
1.0000000000e+00 0.0000000000e+00 3.1996125850e+04 1.8111854355e+05 1.9709330691e+04 1.5834798504e+04 3.4126523008e+05 4.7570273398e+04 -4.6982393237e+01 4.2091235282e+02 -3.7133825344e+01 -8.2977722290e+01 4.8626003495e+02 -1.4012462033e-13 5.1689488906e+02
1.0000000000e+00 0.0000000000e+00 3.3664278018e+04 7.8741278059e+04 7.1212800424e+03 5.2354391914e+04 6.0152610010e+05 7.1097554533e+04 -5.7221040742e+01 2.7905100704e+02 2.7452391381e+01 -1.5693569425e+02 6.7387038119e+02 -1.4592978252e-13 3.4656119174e+02
1.0000000000e+00 0.0000000000e+00 2.5942527554e+04 1.5855928639e+05 1.7879560374e+04 1.0609598110e+04 3.7418217104e+05 4.5516667096e+04 -3.9109071411e+01 3.9465600812e+02 -3.8156117568e+01 -8.0306704305e+01 4.9416755006e+02 -1.4320060411e-13 5.9259024024e+02
1.0000000000e+00 0.0000000000e+00 7.2775511056e+02 9.1399792491e+02 9.4738261022e+02 6.4439989232e+03 2.1488321611e+05 1.7820446917e+04 4.0661106989e+00 -1.6114898166e+01 4.7628692172e+00 -4.3784057551e+01 2.7568510746e+02 -1.0316031731e-13 5.1526456134e+01
1.0000000000e+00 0.0000000000e+00 2.0690550686e+03 2.2720626224e+03 1.1643613159e+03 7.5735653925e+03 2.9762431493e+05 2.4057072941e+04 -4.7486153055e+00 8.5682145869e+00 1.1680799848e+01 -6.5901203459e+01 3.6188358492e+02 -1.0296892937e-13 -1.0602144718e+02
1.0000000000e+00 0.0000000000e+00 4.4681998573e+03 2.0449740913e+04 4.0010410783e+03 3.0503016346e+03 1.8722113885e+05 1.6708189613e+04 -1.4205175846e+01 1.3692493052e+02 -1.0974298519e+01 -5.0398352275e+01 3.0845002968e+02 -1.0991889027e-13 2.6247964657e+02
1.0000000000e+00 0.0000000000e+00 4.4370017129e+04 1.9711241351e+05 3.5638278208e+04 2.2398192409e+04 5.0840738854e+05 6.9438021376e+04 -5.4017119953e+01 4.4348662033e+02 -3.7766051172e+01 -1.0462367746e+02 6.1923284289e+02 -1.4464389517e-13 4.6136471507e+02
1.0000000000e+00 0.0000000000e+00 2.6114402176e+04 4.4003213822e+04 2.3423832270e+04 2.0124602059e+04 5.2286789710e+05 5.6542478536e+04 -4.4896530077e+01 2.0682151785e+02 9.1534947159e-01 -1.1414029780e+02 6.0936914428e+02 -1.3577465282e-13 2.0925983899e+02
1.0000000000e+00 0.0000000000e+00 3.6619371748e+04 9.5536235299e+04 2.6107600897e+04 2.8980706804e+04 5.8780033947e+05 6.8620763279e+04 -5.5531788203e+01 3.0864696232e+02 -4.8714711126e+00 -1.2444695620e+02 6.4085330390e+02 -1.4657215559e-13 2.8115781068e+02
1.0000000000e+00 0.0000000000e+00 1.4430028606e+04 2.0626808424e+04 6.9248966885e+03 2.3652424085e+04 3.1359630061e+05 3.5793262724e+04 -1.6979276235e+01 -1.2936239516e+02 7.2537981120e+01 -1.2105536909e+02 4.4408586583e+02 -9.9435507834e-14 -1.7036398076e+02
1.0000000000e+00 0.0000000000e+00 1.8751769812e+04 6.2912953539e+04 1.0423774208e+04 1.5680041581e+04 2.3641816775e+05 3.0597603004e+04 -4.1813301736e+01 2.4706939490e+02 -7.5746148326e+00 -7.2902827737e+01 3.5694190183e+02 -1.2532756839e-13 3.4992894517e+02
1.0000000000e+00 0.0000000000e+00 1.8522251809e+04 3.8017608655e+03 6.5100385430e+03 3.7787240713e+04 4.9395859801e+05 5.3304682289e+04 -2.4979294114e+01 -4.3297411700e+01 7.3467633021e+01 -1.5623016021e+02 6.1130223261e+02 -1.1018979476e-13 -7.7951752369e+01
1.0000000000e+00 0.0000000000e+00 2.6220000724e+03 2.2634601587e+04 1.3132589677e+03 1.1841588433e+04 2.8215582160e+05 2.6018160070e+04 9.8735686257e+00 -1.2377264879e+02 2.6201416762e+01 -6.0710250216e+01 3.3126007639e+02 -1.0000443725e-13 -2.7731882865e+02
1.0000000000e+00 0.0000000000e+00 1.9961376564e+04 7.1743155457e+04 9.1451962754e+03 1.6715393987e+04 4.1675949529e+05 4.3081127393e+04 -4.0602063691e+01 2.6074310886e+02 -2.8637971538e+00 -9.6056135858e+01 4.7235026328e+02 -1.4505897919e-13 3.4289557438e+02
1.0000000000e+00 0.0000000000e+00 1.1814182983e+04 6.8540463402e+02 4.6271672119e+03 3.0253155842e+04 5.4966499891e+05 5.2678832762e+04 -1.8346168384e+01 2.3891271424e+01 5.5896399705e+01 -1.4837632257e+02 6.2170019589e+02 -1.2418937568e-13 3.3310777304e+01
1.0000000000e+00 0.0000000000e+00 8.3623346564e+03 3.4447912402e+04 2.3057969355e+03 1.0308174116e+04 3.2199078026e+05 2.9016353583e+04 -2.4507808141e+01 1.8123802038e+02 5.1660771208e+00 -8.7340572548e+01 4.2076918480e+02 -1.2427350514e-13 2.3702290703e+02
1.0000000000e+00 0.0000000000e+00 4.1708558632e+04 9.2456073156e+04 2.8852760763e+04 4.0954445620e+04 5.9941201443e+05 7.5847103437e+04 -6.1763924974e+01 3.0331321713e+02 1.3831968204e+00 -1.3748549468e+02 6.9234620188e+02 -1.4055445410e-13 2.6722208180e+02
1.0000000000e+00 0.0000000000e+00 2.9938047903e+04 9.5581341065e+04 1.1444184162e+04 3.5690116536e+04 7.2963746553e+05 7.4875609263e+04 -5.1700229371e+01 3.0680458505e+02 9.4981562163e+00 -1.5190614570e+02 7.3471667894e+02 -1.5893995100e-13 4.1369447545e+02
1.0000000000e+00 0.0000000000e+00 1.2724316650e+04 2.8351505627e+04 6.6583061743e+03 2.4448011152e+04 4.3879260363e+05 4.4840898521e+04 -1.3550365916e+01 -1.5150906476e+02 6.8157653303e+01 -1.3046547010e+02 5.5171401313e+02 -1.0119545785e-13 -2.7145346938e+02
1.0000000000e+00 0.0000000000e+00 4.4306415590e+04 1.1733033654e+05 3.2108618579e+04 3.8266386658e+04 7.0812946792e+05 8.4578027335e+04 -6.1158930665e+01 3.4228995835e+02 -5.6716016372e+00 -1.4264343586e+02 7.4357010728e+02 -1.4945193589e-13 3.7236766896e+02
1.0000000000e+00 0.0000000000e+00 1.4760270890e+04 9.3050378680e+04 9.8043895309e+03 7.5253064891e+03 3.5831854162e+05 3.6333083721e+04 -2.7890995486e+01 2.9911595855e+02 -2.6150947060e+01 -7.7799020769e+01 4.7063736816e+02 -1.3580809378e-13 4.2860668104e+02
1.0000000000e+00 0.0000000000e+00 1.4052996310e+04 3.9988572228e+04 1.1786517050e+04 9.1484035206e+03 2.4572078754e+05 2.7723138252e+04 -3.2261476729e+01 1.9910381602e+02 -9.1399367401e+00 -7.2772063508e+01 4.0137581730e+02 -1.1102293145e-13 1.9549042207e+02
1.0000000000e+00 0.0000000000e+00 1.0845887215e+05 3.6246767407e+05 6.7299467265e+04 1.0064315877e+05 1.1229721771e+06 1.6798359047e+05 -9.9829207177e+01 6.0035284455e+02 -1.9657568444e+01 -1.9291386589e+02 9.8136124519e+02 -1.8266091710e-13 5.9137459080e+02
1.0000000000e+00 0.0000000000e+00 3.2882780192e+04 3.4178662137e+04 2.1218538192e+04 4.6925517144e+04 9.4059366495e+05 9.5320767651e+04 -5.0813615925e+01 1.7524575703e+02 3.2609018835e+01 -1.7468799171e+02 8.3652078967e+02 -1.5157199716e-13 5.9127635920e+00
1.0000000000e+00 0.0000000000e+00 1.7365238969e+04 8.4567729572e+04 7.3117131943e+03 1.6220171924e+04 3.8281933999e+05 4.0418464793e+04 -3.6180572392e+01 2.9014359528e+02 -5.5216517852e+00 -1.0067905156e+02 4.9883970338e+02 -1.3292536595e-13 3.2366336110e+02
1.0000000000e+00 0.0000000000e+00 6.2109225650e+03 3.1458928197e+04 1.2093907262e+03 1.2797783943e+04 3.6542620847e+05 3.2443048395e+04 -1.2766177005e+01 1.7408432117e+02 2.5259307038e+00 -9.0025288239e+01 4.6100164781e+02 -1.1574768558e-13 1.2471486127e+02
1.0000000000e+00 0.0000000000e+00 4.9436080409e+04 1.8652893400e+05 1.4988032015e+04 6.1446402711e+04 8.4039976865e+05 9.9999058489e+04 -6.7838165760e+01 4.2103560289e+02 7.6526762877e+00 -1.7753408170e+02 8.3481931411e+02 -1.6512178635e-13 6.4741946822e+02
1.0000000000e+00 0.0000000000e+00 8.6672943104e+04 3.6942750966e+05 5.8145252457e+04 5.3364990722e+04 7.5601942073e+05 1.1832215967e+05 -8.1468498023e+01 6.0303946769e+02 -4.3763217830e+01 -1.3921081220e+02 7.7284121411e+02 -1.7836779035e-13 7.2465903488e+02
1.0000000000e+00 0.0000000000e+00 2.1484702031e+04 3.1276776363e+03 5.0809244241e+03 4.6015147866e+04 6.8359993600e+05 6.9130987659e+04 -3.4967840219e+01 4.8926935591e+01 6.3788558159e+01 -1.7389491163e+02 7.2426303930e+02 -1.3449209889e-13 1.5299738828e+02
1.0000000000e+00 0.0000000000e+00 1.0974788290e+04 4.5298299314e+04 9.3436654218e+03 6.0196201814e+03 2.5965178421e+05 2.6454952877e+04 -2.6383073135e+01 2.1240521811e+02 -1.8896345443e+01 -6.1649587233e+01 3.7934762617e+02 -1.2125386550e-13 2.9305346442e+02
1.0000000000e+00 0.0000000000e+00 2.9046542824e+04 2.1147794516e+04 1.3685868604e+04 4.2772124222e+04 5.4313261595e+05 6.2817722682e+04 -5.1851811122e+01 1.4443912448e+02 3.9705311707e+01 -1.4757075265e+02 6.3139001064e+02 -1.4034694108e-13 2.1338230273e+02
1.0000000000e+00 0.0000000000e+00 2.1492293519e+04 1.7834493878e+05 1.0372618588e+04 1.0939265784e+04 3.5950117983e+05 4.2421005249e+04 -3.0726030900e+01 4.1620220297e+02 -3.7789646078e+01 -8.2034053826e+01 4.8758361129e+02 -1.3651967226e-13 5.0372865490e+02
1.0000000000e+00 0.0000000000e+00 2.6624753184e+04 6.5391462002e+04 1.6370180245e+04 2.5783789303e+04 4.2535430835e+05 5.0560141463e+04 -4.9277683408e+01 2.5564109864e+02 2.4935175436e+00 -1.1268992939e+02 5.5359485090e+02 -1.3060245014e-13 2.4888058057e+02
1.0000000000e+00 0.0000000000e+00 2.7814607057e+03 4.3553123564e+03 1.0360558231e+03 9.0792009061e+03 2.4982321082e+05 2.1570565852e+04 -5.7369974492e+00 4.2711000856e+01 2.0342641731e+01 -7.7065512117e+01 3.5631142313e+02 -1.1398807084e-13 1.0961142542e+02
1.0000000000e+00 0.0000000000e+00 1.8382231120e+05 8.9738263899e+05 1.1234082753e+05 1.3073378363e+05 1.3697111785e+06 2.4406556587e+05 -1.2202449125e+02 9.4319611975e+02 -6.8111159675e+01 -2.0101781782e+02 1.0942219820e+03 -2.1336419320e-13 1.1496079468e+03
1.0000000000e+00 0.0000000000e+00 3.5913956622e+04 2.4713976407e+05 1.2702783353e+04 2.3824161134e+04 4.5355011046e+05 5.8980947504e+04 -5.0192516214e+01 4.8651068076e+02 -2.9620001015e+01 -1.1213738236e+02 5.8589115518e+02 -1.4881429269e-13 6.6329405313e+02
1.0000000000e+00 0.0000000000e+00 1.6887654125e+04 9.1765587761e+04 1.2340771900e+04 2.0647973402e+04 3.1159193398e+05 4.0153961085e+04 4.9446082377e+00 -2.8837261795e+02 8.3157159256e+01 -1.0928102006e+02 4.1382412473e+02 -9.2476812839e-14 -3.9335451117e+02
1.0000000000e+00 0.0000000000e+00 4.8367364853e+03 2.6609264985e+04 2.3579328527e+03 6.1519902485e+03 2.9073999622e+05 2.4669762520e+04 -1.4430926073e+01 1.5884525934e+02 -7.6976482061e-01 -7.4106956130e+01 3.8631522001e+02 -1.1702692407e-13 6.5212781085e+01
1.0000000000e+00 0.0000000000e+00 4.3257070224e+04 1.1580395117e+05 2.3879861508e+04 4.2967687417e+04 5.0098194893e+05 6.9148415510e+04 -6.3888417052e+01 3.3947136029e+02 1.8768374475e+00 -1.3121843618e+02 6.2045347602e+02 -1.4273215242e-13 3.9067434221e+02
1.0000000000e+00 0.0000000000e+00 5.5394373999e+03 4.8458948736e+04 1.5972122890e+03 1.1781546142e+04 4.6412766288e+05 3.9630349372e+04 -9.4088321949e+00 2.0857854653e+02 -3.4773507606e+00 -9.4418158120e+01 5.0363960912e+02 -1.5141759869e-13 4.7936122461e+02
1.0000000000e+00 0.0000000000e+00 3.6758266945e+04 1.2870724818e+05 1.4749798909e+04 3.9754439284e+04 7.0350327275e+05 7.8019457363e+04 -5.8028385764e+01 3.5778115550e+02 4.4710487188e+00 -1.4749000854e+02 6.9975208782e+02 -1.6166506823e-13 4.5603668673e+02
1.0000000000e+00 0.0000000000e+00 3.6961959476e+03 1.1656260440e+04 3.8172504029e+03 7.4636594371e+03 2.3873857546e+05 2.1654619403e+04 -2.4280496765e+00 -9.1523125691e+01 3.2761335342e+01 -7.2127770519e+01 3.4225460668e+02 -9.2827068993e-14 -2.1138479785e+02
1.0000000000e+00 0.0000000000e+00 1.5013379081e+04 4.0847519874e+04 1.2717865621e+04 1.9459440833e+04 3.1913236556e+05 3.7767236847e+04 -3.5554811191e+00 -2.0073387940e+02 7.7758669031e+01 -1.1637629889e+02 4.3166423995e+02 -1.0579680110e-13 -7.9262289619e+01
1.0000000000e+00 0.0000000000e+00 1.5828805226e+03 8.1402413069e+03 6.0788994427e+02 3.6751789365e+03 1.4815649378e+05 1.2291566074e+04 -3.9348626363e+00 7.9686354799e+01 -3.6128036650e+00 -4.2645747516e+01 2.5124886024e+02 -9.4632574598e-14 1.5727381662e+02
1.0000000000e+00 0.0000000000e+00 1.1168831395e+04 3.6120785701e+03 5.2007559898e+03 1.7248863487e+04 2.4885985328e+05 2.6958528328e+04 -2.6139161104e+01 -2.9363400846e+01 4.9556804322e+01 -1.0505012628e+02 4.1022283493e+02 -9.3561919306e-14 -1.2061054534e+02
1.0000000000e+00 0.0000000000e+00 3.5916300923e+04 1.8660274693e+05 2.7049195715e+04 1.6626741712e+04 4.4569589536e+05 5.8387759693e+04 -4.9098821958e+01 4.2128737084e+02 -4.0496617438e+01 -9.1820075915e+01 5.6698403834e+02 -1.4613630804e-13 5.7642146912e+02
1.0000000000e+00 0.0000000000e+00 1.9841795809e+04 7.0525471134e+04 1.0841917734e+04 1.6351330969e+04 3.1241365520e+05 3.6569435563e+04 -4.0977769420e+01 2.6172272708e+02 -5.2030378476e+00 -9.0499614758e+01 4.4926626818e+02 -1.3550898982e-13 4.1590993442e+02
1.0000000000e+00 0.0000000000e+00 1.8520191050e+03 3.9325717027e+03 1.3719239906e+03 4.0405115773e+03 2.1102691352e+05 1.6806604069e+04 -7.9860735054e+00 4.5707726474e+01 9.2868699496e+00 -5.9284057437e+01 3.0542262102e+02 -9.8603358980e-14 -6.1335894591e+01
1.0000000000e+00 0.0000000000e+00 7.8350972459e+04 1.8624652110e+05 4.8141920214e+04 7.8774522818e+04 8.4335425449e+05 1.2231143622e+05 -8.7158196524e+01 4.3035827956e+02 1.9890254680e+00 -1.7269037835e+02 8.3169797830e+02 -1.6536633789e-13 5.0689916864e+02
1.0000000000e+00 0.0000000000e+00 8.2278786807e+03 4.8260687843e+04 4.4815683864e+03 7.2332879645e+03 3.3610223632e+05 3.0196358050e+04 -2.0565665798e+01 2.1504018552e+02 -9.4155302906e+00 -7.8609583453e+01 4.3066579805e+02 -1.2886177324e-13 2.9548437701e+02
1.0000000000e+00 0.0000000000e+00 6.8527272720e+04 5.1365474479e+05 3.2974073647e+04 3.7338929357e+04 9.3264735571e+05 1.1923964466e+05 -6.2315186890e+01 7.0985410331e+02 -5.9525613018e+01 -1.4754120909e+02 8.5130546270e+02 -1.8335297609e-13 8.7344038379e+02
1.0000000000e+00 0.0000000000e+00 5.0111930826e+03 1.9943754391e+04 1.0586151623e+03 8.9859320517e+03 2.7812681711e+05 2.4212995407e+04 -1.7950148068e+01 1.4113473893e+02 8.2984460741e+00 -8.3715162589e+01 4.0581695030e+02 -1.1315304697e-13 1.6573244134e+02
1.0000000000e+00 0.0000000000e+00 2.5066019538e+04 1.4757264007e+05 6.2187725861e+03 2.3432074728e+04 5.9115925980e+05 6.0338250547e+04 -4.2827753367e+01 3.7473059097e+02 -4.9804867676e+00 -1.2886466385e+02 6.2264512501e+02 -1.6075793321e-13 4.8915679886e+02
1.0000000000e+00 0.0000000000e+00 2.2906006112e+04 8.9524734372e+04 6.6193451593e+03 2.6404224400e+04 5.3776282861e+05 5.5391724806e+04 -4.5221167155e+01 2.9622587238e+02 6.3409701358e+00 -1.3156297337e+02 6.2596661783e+02 -1.3894529011e-13 4.0241507228e+02
1.0000000000e+00 0.0000000000e+00 9.7933988490e+03 1.0908214603e+04 1.1260613088e+04 6.3180727072e+03 2.9338074059e+05 2.7983527283e+04 -2.3628922907e+01 9.3834565578e+01 8.3156131933e-01 -7.3875876946e+01 4.2231613461e+02 -1.0745313700e-13 3.5064159846e+01
1.0000000000e+00 0.0000000000e+00 1.6325476981e+04 4.9200643607e+04 1.1718756779e+04 1.3094209848e+04 4.2719986003e+05 4.2140103438e+04 -3.5306926589e+01 2.1997552143e+02 -3.7887087896e+00 -9.8658175175e+01 5.2575775781e+02 -1.3100640500e-13 1.8353987067e+02
1.0000000000e+00 0.0000000000e+00 2.0677360413e+04 1.6518795627e+04 1.1121346911e+04 2.6556263290e+04 4.3263169907e+05 4.6718398060e+04 -4.2897748374e+01 1.2745772757e+02 2.9729485574e+01 -1.2617939941e+02 5.6400498944e+02 -1.2187544369e-13 1.3844395692e+02
1.0000000000e+00 0.0000000000e+00 3.9524243882e+04 1.4102675624e+05 1.8483151077e+04 3.6310221809e+04 5.2862023320e+05 6.6918338911e+04 -6.0421484390e+01 3.7328075315e+02 -3.8900018878e+00 -1.2863823787e+02 6.1520006922e+02 -1.5222334703e-13 4.8028011411e+02
1.0000000000e+00 0.0000000000e+00 9.8365022053e+03 1.1694729196e+04 9.1289639807e+03 1.0181533194e+04 2.1594406029e+05 2.3642150178e+04 -8.7980607078e+00 -1.0545055056e+02 6.0185941232e+01 -9.4398024965e+01 3.2644908890e+02 -9.6915268779e-14 -3.6550793272e+01
1.0000000000e+00 0.0000000000e+00 3.5345301212e+03 3.9449121285e+03 4.9092503905e+03 3.1942624613e+03 2.1609589350e+05 1.8290380048e+04 -9.9657501617e+00 5.7024610171e+01 -2.1798550731e+00 -5.0810140887e+01 3.1362216060e+02 -1.0082160931e-13 1.7566281457e+01
1.0000000000e+00 0.0000000000e+00 1.7787351355e+04 1.6369397566e+04 6.3283805261e+03 3.0405200646e+04 4.9252352684e+05 5.0413557746e+04 -3.8926469350e+01 1.1955487318e+02 3.6089726259e+01 -1.3612225738e+02 5.9589877872e+02 -1.3743598720e-13 3.1161881304e+02
1.0000000000e+00 0.0000000000e+00 1.7561342060e+04 2.4045524762e+04 1.1499804339e+04 2.3121594542e+04 5.9933382805e+05 5.6913122891e+04 -2.9032166841e+01 -8.9680770455e+01 5.9457782057e+01 -1.3888501561e+02 6.1860110666e+02 -1.1870350538e-13 -3.5789281306e+02
1.0000000000e+00 0.0000000000e+00 7.1721470109e+04 3.0301344869e+05 5.8252656517e+04 3.6513540305e+04 6.5774998517e+05 1.0085331692e+05 -7.2902664081e+01 5.4692353169e+02 -5.0333172508e+01 -1.1544198077e+02 6.9642825765e+02 -1.6946134275e-13 6.7911027848e+02
1.0000000000e+00 0.0000000000e+00 4.1236664404e+03 7.7842322976e+03 2.4086919412e+03 1.3864348287e+04 3.5334612142e+05 3.1458597366e+04 -4.0705071665e+00 -8.5426885487e+01 3.9762001299e+01 -9.4293996141e+01 4.4192410809e+02 -1.1139087601e-13 -4.8258129119e+01
1.0000000000e+00 0.0000000000e+00 8.2946876602e+03 5.3570819844e+04 4.7410460266e+03 1.0055953470e+04 1.6464608473e+05 2.0315210230e+04 1.0998262545e+01 2.0955609307e+02 -2.9550805597e+01 -2.7956353615e+01 2.2321227875e+02 -1.1547513208e-13 3.7465088916e+02
1.0000000000e+00 0.0000000000e+00 1.5572319280e+04 1.4384112695e+04 2.0053062465e+04 9.0908313540e+03 3.6984349454e+05 3.8342428040e+04 -2.8065678460e+01 1.1146906971e+02 -4.0840532862e+00 -8.2310419994e+01 4.9755590860e+02 -1.1516483018e-13 6.6631198137e+01
1.0000000000e+00 0.0000000000e+00 2.9381977449e+03 1.9941066486e+03 1.3882584725e+03 8.1026570614e+03 2.1590547913e+05 1.8882711896e+04 -3.2478335073e+00 2.9648189250e+01 1.9959685445e+01 -6.5455920380e+01 2.9032324333e+02 -1.0173399490e-13 2.9284798900e+00
1.0000000000e+00 0.0000000000e+00 8.7125343887e+04 2.4664830846e+05 4.9487000420e+04 8.4868477331e+04 9.5592753881e+05 1.3620669197e+05 -9.1528856029e+01 4.9480422145e+02 -2.7953116543e+00 -1.8324472964e+02 8.8591619444e+02 -1.6967116899e-13 4.7108544428e+02
1.0000000000e+00 0.0000000000e+00 5.5693984994e+04 1.1891031748e+05 4.2988492298e+04 4.5677651277e+04 6.7219142254e+05 9.0280415291e+04 -7.0368516753e+01 3.4382947111e+02 -5.0301439395e+00 -1.3936603815e+02 7.1629264521e+02 -1.5737003514e-13 4.4528052687e+02
1.0000000000e+00 0.0000000000e+00 4.6329470551e+04 1.2737098840e+05 1.7440734434e+04 5.8360934476e+04 1.0608743254e+06 1.1156355362e+05 -6.4558977462e+01 3.5289781245e+02 2.0394037310e+01 -1.9285468606e+02 9.0627419393e+02 -1.7711189791e-13 4.0351523676e+02
1.0000000000e+00 0.0000000000e+00 1.0971887915e+04 5.9228305446e+04 6.1440808014e+03 7.5145291139e+03 3.2960599891e+05 3.1145869596e+04 -2.5209409416e+01 2.3798071174e+02 -1.2329724834e+01 -7.6223235884e+01 4.1642672641e+02 -1.3580890131e-13 3.4409545572e+02
1.0000000000e+00 0.0000000000e+00 1.0197149958e+05 4.8113648644e+05 7.4174205542e+04 5.7413413026e+04 7.7733714195e+05 1.3402290892e+05 -8.7464563732e+01 6.8681910885e+02 -6.1263232690e+01 -1.3500859868e+02 7.9512917939e+02 -1.8090299616e-13 8.7137215388e+02
1.0000000000e+00 0.0000000000e+00 2.0366904357e+04 7.5227226751e+04 8.2908903491e+03 2.2816214517e+04 5.0977369835e+05 5.1900000776e+04 -4.1127616965e+01 2.7213618830e+02 2.9389638620e+00 -1.2006933948e+02 5.8821860028e+02 -1.4032958822e-13 2.8376344026e+02
1.0000000000e+00 0.0000000000e+00 1.8130311046e+04 4.4844975201e+04 1.3472978841e+04 1.6796761011e+04 4.3530910183e+05 4.4900495913e+04 -3.8102508790e+01 2.0884386795e+02 -1.8619372955e+00 -1.0058126374e+02 5.3452515328e+02 -1.3208584330e-13 2.9451666935e+02
1.0000000000e+00 0.0000000000e+00 2.3929824075e+04 2.0658616566e+05 8.9257393856e+03 1.1564904648e+04 4.4676070413e+05 4.9346368809e+04 -3.4421611159e+01 4.3236372532e+02 -3.5336299441e+01 -9.2105056363e+01 5.2767900737e+02 -1.6119169002e-13 7.4505571061e+02
1.0000000000e+00 0.0000000000e+00 1.0644482647e+05 2.9172240314e+05 7.4247434029e+04 9.0978341971e+04 8.9908640082e+05 1.4805011202e+05 -9.7972003201e+01 5.3811762693e+02 -1.7483151500e+01 -1.6967356865e+02 8.5695752162e+02 -1.8179516540e-13 6.7143462811e+02
1.0000000000e+00 0.0000000000e+00 2.1545571399e+04 1.6333589201e+04 2.3994872909e+04 1.7612535413e+04 6.1927019966e+05 6.0767839700e+04 -3.5003935723e+01 1.1637318365e+02 9.3059339340e+00 -1.1882512582e+02 6.5361565088e+02 -1.3237191401e-13 6.6870579524e+01
1.0000000000e+00 0.0000000000e+00 2.7967728659e+04 9.8829249365e+04 1.7534582810e+04 2.3115851090e+04 3.4867266878e+05 4.6352356204e+04 -4.9891743320e+01 3.1283598383e+02 -1.2239751138e+01 -9.7068232068e+01 5.0093132311e+02 -1.2730280313e-13 3.0720083425e+02
1.0000000000e+00 0.0000000000e+00 2.6937727383e+05 1.1363941307e+06 1.7689445670e+05 1.9597389731e+05 1.6607124097e+06 3.3279115160e+05 -1.5099749353e+02 1.0591515949e+03 -7.5020024089e+01 -2.2363332554e+02 1.2052563763e+03 -2.3912346004e-13 1.3779189801e+03
1.0000000000e+00 0.0000000000e+00 9.6349180915e+03 7.0052520477e+03 4.9893040453e+03 1.4651899891e+04 2.6349952623e+05 2.6845595461e+04 -1.8369109931e+01 -6.8521674404e+01 5.6926048638e+01 -1.0533159210e+02 3.9368600661e+02 -9.8056750115e-14 -1.9158949768e+02
1.0000000000e+00 0.0000000000e+00 5.3649792707e+04 2.3709256253e+05 3.9575737242e+04 2.8025253047e+04 4.9018684717e+05 7.4432253948e+04 -6.2100260754e+01 4.8543258666e+02 -4.0382212174e+01 -1.0338720048e+02 5.9683492100e+02 -1.5621309089e-13 6.2549288121e+02
1.0000000000e+00 0.0000000000e+00 2.1621417519e+04 2.2111576424e+04 7.7991180769e+03 2.9721937962e+04 4.6801563367e+05 4.9374296142e+04 -4.6434122271e+01 1.4860163422e+02 3.1473951100e+01 -1.2658185716e+02 5.3997781653e+02 -1.3078525172e-13 1.3603011282e+02
1.0000000000e+00 0.0000000000e+00 1.0233018442e+04 1.5653416707e+03 7.4207196509e+03 1.7095987626e+04 3.3743454973e+05 3.3702634772e+04 -1.6938093567e+01 -3.7347873523e+01 5.3087455586e+01 -1.1405568321e+02 4.5401082240e+02 -1.1043595490e-13 -2.7605823309e+01
1.0000000000e+00 0.0000000000e+00 2.0696986624e+04 9.8153425196e+04 1.9856932013e+04 9.2521742426e+03 4.7290657262e+05 4.9407045481e+04 -2.8750435552e+01 3.1239610827e+02 -3.5310673859e+01 -8.2543444727e+01 5.5147306675e+02 -1.3990410944e-13 3.7921913102e+02
1.0000000000e+00 0.0000000000e+00 1.0112111774e+04 6.8779432176e+03 5.6758011546e+03 1.7117543083e+04 4.1085394990e+05 3.8161157112e+04 -2.4163872185e+01 -9.3009918813e+00 4.0403271106e+01 -1.1478326786e+02 5.1956918790e+02 -1.0199436408e-13 -1.8308305375e+02
1.0000000000e+00 0.0000000000e+00 3.5377333927e+04 2.5970430537e+05 1.4501926275e+04 1.7722147095e+04 4.7807043880e+05 5.9268119438e+04 -4.7214907249e+01 4.8365735889e+02 -3.7649980931e+01 -1.0171579614e+02 5.6939227217e+02 -1.6716120263e-13 8.3320358148e+02
1.0000000000e+00 0.0000000000e+00 4.4903761553e+04 1.0873601994e+05 1.6372117882e+04 7.3263645498e+04 1.2459101504e+06 1.2936517633e+05 -6.1204046822e+01 3.2934914020e+02 2.8465352734e+01 -2.1322985489e+02 1.0088453440e+03 -1.6795746530e-13 3.3252756542e+02
1.0000000000e+00 0.0000000000e+00 2.2064510647e+04 2.9497274621e+04 1.1907017613e+04 2.3948754796e+04 3.8354331028e+05 4.3218421798e+04 -4.5709082515e+01 1.6090461561e+02 2.1000725093e+01 -1.1076029995e+02 4.9168653831e+02 -1.1794180724e-13 4.1980028081e+00
1.0000000000e+00 0.0000000000e+00 1.1751243427e+03 2.4258457197e+03 5.2264864308e+02 4.2783010570e+03 2.2088523548e+05 1.7136544848e+04 -4.7289372191e+00 4.4794377446e+01 1.3282118655e+01 -6.0088890374e+01 2.8589865494e+02 -1.1324816101e-13 1.2896985256e+02
1.0000000000e+00 0.0000000000e+00 3.4099969260e+04 6.5634567596e+04 2.9684863255e+04 2.3431549896e+04 5.0682124915e+05 6.0727715776e+04 -5.1790856329e+01 2.5476571566e+02 -5.2619044417e+00 -1.0928548471e+02 5.8105737407e+02 -1.3448233001e-13 1.9721368652e+02
1.0000000000e+00 0.0000000000e+00 4.4604991431e+03 4.8992270811e+03 2.5178185879e+03 5.3696119831e+03 1.1052683060e+05 1.1189807382e+04 -1.4489205467e+01 -5.9845474318e+01 3.4730608557e+01 -5.9492610118e+01 2.2138721956e+02 -8.0635274310e-14 -1.5056828538e+02
1.0000000000e+00 0.0000000000e+00 1.5243914791e+03 8.6064162860e+02 1.3912525128e+03 7.0762736085e+03 2.0167604936e+05 1.7406748523e+04 2.3154890059e+00 2.2242618991e+01 1.6626912955e+01 -6.0087386285e+01 2.8103850935e+02 -9.9486446146e-14 -2.8250416762e+01
1.0000000000e+00 0.0000000000e+00 6.3115282996e+03 1.8161717819e+04 5.1877671061e+03 1.8384448580e+04 3.6459178532e+05 3.5970302833e+04 8.0853679410e+00 1.2768737864e+02 1.9768299078e+00 -7.8140626151e+01 4.1874753878e+02 -1.2784902691e-13 2.8502112688e+02
1.0000000000e+00 0.0000000000e+00 1.9028915931e+04 6.5021074453e+04 9.4905647729e+03 1.9570866475e+04 4.2326707457e+05 4.4626351152e+04 -4.0950994209e+01 2.4976829244e+02 -1.3267412774e-01 -1.0544383948e+02 5.2603130975e+02 -1.4460700668e-13 4.2268496945e+02
1.0000000000e+00 0.0000000000e+00 6.7728144315e+04 2.5616188292e+05 4.1106811046e+04 5.5882954743e+04 8.3778086915e+05 1.1201149955e+05 -7.7544706204e+01 5.0341195971e+02 -2.1151225023e+01 -1.5561629269e+02 8.1148798540e+02 -1.6953651689e-13 5.0740891000e+02
1.0000000000e+00 0.0000000000e+00 7.1404122018e+04 1.1059322779e+05 4.5423781490e+04 7.3591569465e+04 9.0072174440e+05 1.1891184063e+05 -8.3559034182e+01 3.3239428043e+02 1.8324177081e+01 -1.7804271683e+02 8.3504130466e+02 -1.6471414576e-13 3.5515035974e+02
1.0000000000e+00 0.0000000000e+00 2.9204497722e+04 3.6341260961e+03 9.6236062357e+03 5.0270151569e+04 5.4126723623e+05 6.3465128150e+04 -4.7845608415e+01 4.6017973633e+01 6.5438539400e+01 -1.6396203720e+02 6.4904918462e+02 -1.1279141106e-13 -6.4184311487e+01
1.0000000000e+00 0.0000000000e+00 4.7198069366e+03 2.3428021438e+03 3.8936560773e+03 6.4287999215e+03 2.9289658431e+05 2.4401500886e+04 -1.6656985262e+01 3.4313831486e+01 1.7302273837e+01 -7.7398504119e+01 3.8421308537e+02 -1.1356062716e-13 -1.6816480861e+01
1.0000000000e+00 0.0000000000e+00 6.9320652733e+03 2.8269394144e+04 4.6070079557e+03 7.7863841898e+03 1.8517354171e+05 1.9360124418e+04 -6.3095479996e+00 -1.6221783610e+02 5.2746806006e+01 -7.7222941363e+01 3.0041554761e+02 -8.7207225083e-14 -2.6770378712e+02
1.0000000000e+00 0.0000000000e+00 1.1907203629e+04 4.2462309841e+04 1.4796784877e+04 2.5771189636e+03 2.3413796874e+05 2.5392717044e+04 -1.7518523926e+01 2.0145887861e+02 -3.1794536948e+01 -4.3049263642e+01 3.4501780913e+02 -1.2077903443e-13 3.1183797246e+02
1.0000000000e+00 0.0000000000e+00 1.7592489053e+04 1.0847943342e+04 8.5231211725e+03 3.4816042560e+04 4.9817678215e+05 5.3461266271e+04 -2.1468640639e+01 -9.8651246531e+01 7.8411549898e+01 -1.5306193194e+02 5.9903026179e+02 -1.1342849799e-13 -2.2868190822e+01
1.0000000000e+00 0.0000000000e+00 6.7763584349e+03 5.4265336377e+04 4.2116113713e+03 2.3343551807e+03 1.7279054194e+05 1.7177550759e+04 -1.5907930764e+01 2.2767960960e+02 -2.6789866563e+01 -4.1936864336e+01 2.8617658388e+02 -1.1273854012e-13 3.2602930089e+02
1.0000000000e+00 0.0000000000e+00 9.2065649030e+04 3.3541430576e+05 6.8361535747e+04 6.3214238419e+04 6.0953873178e+05 1.1564498355e+05 -8.8787237923e+01 5.7776145335e+02 -4.2523147070e+01 -1.2700053230e+02 7.0139694805e+02 -1.6498145692e-13 7.1413955064e+02
1.0000000000e+00 0.0000000000e+00 5.1363157216e+04 2.5621246655e+05 2.9199050811e+04 3.3394485760e+04 5.2667497560e+05 7.5786975310e+04 -6.4122211683e+01 5.0007977988e+02 -3.3846212992e+01 -1.1395224347e+02 6.1519875359e+02 -1.6158413616e-13 7.0303449447e+02
1.0000000000e+00 0.0000000000e+00 2.6251341629e+04 5.3598059984e+04 1.2661920537e+04 3.0143870775e+04 4.1517911007e+05 4.9665302100e+04 -5.0997686346e+01 2.3062789506e+02 1.3261385328e+01 -1.2172422005e+02 5.6371600223e+02 -1.2250815773e-13 2.2296490199e+02
1.0000000000e+00 0.0000000000e+00 1.5287452709e+03 1.0341209535e+03 7.2165604225e+02 6.4378562222e+03 1.9704660302e+05 1.6526621435e+04 -4.3336832392e+00 -1.6143286484e+01 2.2443636783e+01 -6.7314796338e+01 3.2058141202e+02 -9.3849873728e-14 -3.3304666528e+01
1.0000000000e+00 0.0000000000e+00 6.0333741023e+03 1.8239387294e+04 4.8941051953e+03 1.1923207891e+04 3.9410036760e+05 3.4910620114e+04 -1.0196795786e+01 1.0503653482e+02 5.8748155150e+00 -8.6017281952e+01 4.6337928421e+02 -1.1754338569e-13 8.9718654247e+00
1.0000000000e+00 0.0000000000e+00 3.6161859481e+03 3.7410035654e+04 6.7536578282e+02 2.7015382512e+03 2.2366670878e+05 1.8407208722e+04 -9.1762815055e+00 1.8402386309e+02 -9.3418822109e+00 -5.0160650289e+01 2.6174635462e+02 -1.2806774629e-13 3.4680028687e+02
1.0000000000e+00 0.0000000000e+00 4.3437947087e+03 6.3947911674e+03 2.9755782456e+03 3.7636716972e+03 1.3242264705e+05 1.2207652839e+04 -1.9522893244e+01 7.4648680348e+01 5.5157719722e+00 -4.7181591862e+01 2.2694105379e+02 -9.1472673470e-14 -8.7051683000e+00
1.0000000000e+00 0.0000000000e+00 4.7367267892e+04 2.2469389856e+05 3.0363410900e+04 3.0246623425e+04 4.5392811441e+05 6.8413293307e+04 -6.1526714073e+01 4.7092351396e+02 -3.4440987268e+01 -1.0677292718e+02 5.9219007634e+02 -1.4451472932e-13 5.3055105954e+02
1.0000000000e+00 0.0000000000e+00 1.3225670353e+04 1.4328812270e+04 9.2744473676e+03 1.9560384077e+04 4.0534192192e+05 4.0814963856e+04 -2.1609567343e+01 -1.1493268505e+02 6.0211974697e+01 -1.2182866959e+02 5.1767185334e+02 -1.1075487181e-13 -1.2494334902e+02
1.0000000000e+00 0.0000000000e+00 3.1804303918e+03 2.2187027211e+03 2.4142284788e+03 4.6944511790e+03 1.8427095376e+05 1.5667243289e+04 -1.2370641779e+01 1.5407245141e+00 1.7569448643e+01 -6.2672730013e+01 3.0760572204e+02 -9.1582851375e-14 -1.0528312991e+02
1.0000000000e+00 0.0000000000e+00 1.6915838171e+04 7.6679572278e+04 1.1826767692e+04 1.8443784969e+04 2.9141439790e+05 3.6832216720e+04 -1.6768356225e+00 -2.5750689456e+02 8.5276052656e+01 -1.1232021050e+02 3.9797303596e+02 -8.7149370631e-14 -4.2046955853e+02
1.0000000000e+00 0.0000000000e+00 2.5866084510e+04 7.3835229298e+04 1.8106794762e+04 2.0473284596e+04 3.2371144899e+05 4.2488719138e+04 -4.7334072658e+01 2.6435525887e+02 -7.8433850840e+00 -8.9873070359e+01 4.6004040858e+02 -1.3615382046e-13 3.8961037487e+02
1.0000000000e+00 0.0000000000e+00 3.0781909997e+04 1.2351923323e+04 9.8785033906e+03 5.3485717001e+04 7.7647174501e+05 8.1280081167e+04 -4.9786380799e+01 9.5424398912e+01 5.9787953860e+01 -1.8219937236e+02 7.7153394663e+02 -1.3618351478e-13 -5.8339934200e+01
1.0000000000e+00 0.0000000000e+00 7.7078698802e+03 9.5381104345e+03 2.6181017678e+03 1.2354768681e+04 2.6586323047e+05 2.5068968111e+04 -2.4778250374e+01 7.8986104864e+01 2.3847549062e+01 -9.3277707387e+01 4.1615979516e+02 -1.1886004352e-13 3.2593059110e+02
1.0000000000e+00 0.0000000000e+00 1.2310276693e+04 1.4263574008e+05 2.7829325730e+03 8.0050229541e+03 3.9508486721e+05 3.8449131096e+04 -1.1601213947e+01 3.5612984905e+02 -2.7013436189e+01 -7.9794991342e+01 4.4764828986e+02 -1.5146932631e-13 5.7244218924e+02
1.0000000000e+00 0.0000000000e+00 3.3770796081e+04 4.1689364598e+04 2.2309898684e+04 3.4508669639e+04 5.2084374853e+05 6.2315904078e+04 -5.5257684835e+01 1.9587673408e+02 2.0532073605e+01 -1.3540519803e+02 6.3465365027e+02 -1.2418188580e-13 5.6510250070e+01
1.0000000000e+00 0.0000000000e+00 6.0561811269e+03 7.1232244012e+02 4.0774841792e+03 8.3764116781e+03 3.0909959565e+05 2.6370569398e+04 -1.8404014895e+01 -1.8447788826e+01 3.3089279976e+01 -8.7872157176e+01 3.9225199233e+02 -1.1317642391e-13 -4.6635738375e+01
1.0000000000e+00 0.0000000000e+00 5.0744232683e+03 3.1772009449e+03 4.2365417480e+03 5.9883858283e+03 2.5874548262e+05 2.2094455951e+04 -1.6229349357e+01 4.8059130508e+01 1.4607270465e+01 -7.2190042831e+01 3.5635962903e+02 -1.0695734116e-13 -3.9595447458e+01
1.0000000000e+00 0.0000000000e+00 3.2775847710e+04 1.6104762173e+05 1.8562157604e+04 2.5220818715e+04 4.5530648190e+05 5.7997369299e+04 -4.9450704339e+01 3.9917310568e+02 -2.1061270065e+01 -1.1052496588e+02 5.8443575646e+02 -1.4031925729e-13 4.6892350338e+02
1.0000000000e+00 0.0000000000e+00 4.2335656650e+04 1.9228629160e+05 2.5824170186e+04 2.8388011807e+04 5.4536207859e+05 7.0162605558e+04 -5.6578495130e+01 4.3550307035e+02 -2.5478143145e+01 -1.2005784224e+02 6.5011180685e+02 -1.4720517214e-13 4.9272586660e+02
1.0000000000e+00 0.0000000000e+00 4.5158681034e+04 7.8187372690e+04 2.0277922420e+04 6.4904703885e+04 9.8612031996e+05 1.0828447568e+05 -6.4710655729e+01 2.7934524508e+02 2.7658815831e+01 -1.9077824951e+02 8.9985311138e+02 -1.5478703542e-13 3.2845162837e+02
1.0000000000e+00 0.0000000000e+00 2.4109640833e+04 1.3329820363e+05 1.5785478181e+04 1.0909341481e+04 3.5282434053e+05 4.2063245572e+04 -3.9059586490e+01 3.6451882871e+02 -3.1777703975e+01 -7.9494625149e+01 4.6999401303e+02 -1.2725060487e-13 3.2917745594e+02
1.0000000000e+00 0.0000000000e+00 2.8690094798e+03 7.5155026411e+03 2.2735573206e+03 3.6077660058e+03 2.0077888882e+05 1.6487580696e+04 -1.1770098753e+01 8.5238668559e+01 1.1847830415e+00 -5.5306788666e+01 3.0153558449e+02 -1.0250839741e-13 8.6777123848e+01
1.0000000000e+00 0.0000000000e+00 2.7001024941e+04 3.8560622312e+04 1.8525628606e+04 3.4567275829e+04 3.9548714559e+05 5.2124844748e+04 -2.1727584479e+01 -1.9567490230e+02 1.0228472802e+02 -1.5611716745e+02 5.3792534734e+02 -9.8911549708e-14 -1.3504985880e+02
1.0000000000e+00 0.0000000000e+00 2.7567745519e+04 1.9211020671e+04 1.2546311657e+04 4.5643397685e+04 6.1526591745e+05 6.8380659929e+04 -3.4339916983e+01 -1.2143471048e+02 9.1283608331e+01 -1.7388780502e+02 6.7329938026e+02 -1.1449787144e-13 -2.4524317248e+02
1.0000000000e+00 0.0000000000e+00 6.7945539602e+03 1.8984805983e+04 1.4609934378e+03 1.9206241585e+04 5.5533729884e+05 4.7605532899e+04 -1.6596544045e+01 1.3670068737e+02 1.5977787064e+01 -1.1764312438e+02 5.8795575622e+02 -1.3248446993e-13 1.2076223800e+02
1.0000000000e+00 0.0000000000e+00 2.7206125527e+04 3.3781063647e+04 6.3864830659e+03 4.6574165652e+04 6.3333837669e+05 6.8082483256e+04 -4.9535548666e+01 1.8194532158e+02 3.8921376633e+01 -1.5994982540e+02 6.9205128443e+02 -1.4352670433e-13 2.4695946339e+02
1.0000000000e+00 0.0000000000e+00 3.8875458024e+04 8.6108788029e+04 1.5651866838e+04 5.0109559068e+04 7.4128940370e+05 8.3524792184e+04 -6.0194471744e+01 2.9284104094e+02 2.1662063004e+01 -1.6502248109e+02 7.5520623158e+02 -1.4481160141e-13 2.1340550612e+02
1.0000000000e+00 0.0000000000e+00 6.4302900950e+03 4.0446635147e+04 2.9890688810e+03 4.3578394616e+03 1.5649847447e+05 1.5786082018e+04 -2.0591918365e+01 1.9412597033e+02 -1.3555816769e+01 -4.9734095474e+01 2.7845641315e+02 -1.0997350881e-13 3.5270404571e+02
1.0000000000e+00 0.0000000000e+00 1.5943346790e+04 5.1024262208e+04 8.0800262510e+03 1.8431790730e+04 4.0756076396e+05 4.1754368657e+04 -3.5769368048e+01 2.2525115774e+02 4.5975794455e+00 -1.0893615950e+02 5.3722583215e+02 -1.2620379820e-13 1.9155725229e+02
1.0000000000e+00 0.0000000000e+00 6.7015831340e+03 1.0425004461e+04 4.0741371018e+03 6.6786462219e+03 1.9158058142e+05 1.8177649385e+04 -1.7152947948e+01 -9.1141451180e+01 4.1775821521e+01 -7.1460179880e+01 2.7970940658e+02 -1.0275311039e-13 2.1616891663e-01
1.0000000000e+00 0.0000000000e+00 2.7454483083e+03 6.1413950345e+03 9.9478400792e+02 3.4823073897e+03 1.3606419172e+05 1.1458926863e+04 -1.2302914498e+01 7.4867796615e+01 1.1766177056e+01 -5.1382608886e+01 2.1496262419e+02 -9.5511437046e-14 4.1164937698e+01
1.0000000000e+00 0.0000000000e+00 1.2516526558e+04 2.2165429077e+04 4.9907249123e+03 1.7584776108e+04 2.9894043758e+05 3.1306150819e+04 -2.3318917622e+01 -9.2187809417e+01 6.0792283121e+01 -1.1282933764e+02 4.3672063905e+02 -9.0113359141e-14 -3.4928336302e+02
1.0000000000e+00 0.0000000000e+00 2.8043637633e+04 4.1101899986e+04 1.4859790178e+04 3.7306872929e+04 6.4746924753e+05 6.8857292531e+04 -5.0532793035e+01 2.0243331249e+02 2.2472540206e+01 -1.4820003337e+02 7.0341324863e+02 -1.3597870871e-13 1.8308937980e+02
1.0000000000e+00 0.0000000000e+00 1.6914089084e+04 1.4917053129e+04 1.2568723193e+04 1.6793372314e+04 2.6866340511e+05 3.1820039615e+04 -3.9727329027e+01 1.2191171417e+02 1.3873123613e+01 -8.8043619376e+01 4.1332663152e+02 -1.1298351272e-13 1.1879499118e+02
1.0000000000e+00 0.0000000000e+00 1.3801687780e+04 3.4772906036e+04 7.6832923635e+03 1.5636139169e+04 3.3582528533e+05 3.4690310169e+04 -3.4737624817e+01 1.8545040562e+02 5.6610653975e+00 -9.8014540175e+01 4.8625897452e+02 -1.2371155742e-13 2.6786076340e+02
1.0000000000e+00 0.0000000000e+00 5.3086127777e+04 4.8875195166e+04 3.6085322214e+04 5.6807528079e+04 7.9615698163e+05 9.7210410704e+04 -6.7061120489e+01 2.2054143595e+02 3.2234803390e+01 -1.7380859017e+02 7.9969039881e+02 -1.5101378565e-13 2.9188719322e+02
1.0000000000e+00 0.0000000000e+00 6.5490527913e+03 3.1367645647e+04 1.1464289312e+03 2.6654132036e+04 5.8663256915e+05 5.3555252781e+04 -8.4301363448e+00 1.7033139613e+02 1.4937250053e+01 -1.2621204792e+02 6.2749674191e+02 -1.4339967958e-13 2.9812209422e+02
1.0000000000e+00 0.0000000000e+00 1.7830625623e+04 3.6082068106e+04 1.3081149407e+04 1.6682206165e+04 4.4446303721e+05 4.4861956357e+04 -3.6062684840e+01 1.8798437729e+02 6.4475009225e+00 -1.0698380593e+02 5.3965469122e+02 -1.3223456621e-13 2.4669629141e+02
1.0000000000e+00 0.0000000000e+00 3.9150090094e+04 3.3715994136e+04 1.1502136876e+04 6.6076027065e+04 8.1647137077e+05 9.1420416910e+04 -5.9288588800e+01 1.8249954738e+02 5.4895817385e+01 -1.9349286843e+02 8.1476769658e+02 -1.3893624941e-13 1.3887171701e+02
1.0000000000e+00 0.0000000000e+00 1.1691966622e+05 4.2064775773e+05 7.1464029721e+04 9.8616303193e+04 1.0304440563e+06 1.6551723715e+05 -1.0335705589e+02 6.4693564589e+02 -2.7776572943e+01 -1.8401457586e+02 9.3930517579e+02 -1.7155986252e-13 5.3671546715e+02
1.0000000000e+00 0.0000000000e+00 2.6826909323e+04 7.2959711807e+04 1.8537549284e+04 2.2911054363e+04 4.6764594353e+05 5.3414391767e+04 -4.8081927021e+01 2.6801071485e+02 -3.6002043032e+00 -1.1354209016e+02 5.8928189222e+02 -1.2954029688e-13 2.9181429152e+02
1.0000000000e+00 0.0000000000e+00 1.1788780178e+04 5.9002637897e+04 9.1916615771e+03 5.1522221949e+03 2.6446977429e+05 2.6999239268e+04 -2.6945458007e+01 2.4129827404e+02 -2.1869709663e+01 -6.2587399335e+01 3.8345767823e+02 -1.2224239416e-13 2.8228856881e+02
1.0000000000e+00 0.0000000000e+00 9.1898433597e+03 4.3071747163e+04 6.6782289363e+03 1.3631956436e+04 3.1653242804e+05 3.2463713989e+04 -2.4384113593e+00 -1.9459712792e+02 5.2501216787e+01 -8.8992163312e+01 4.0492979021e+02 -9.6516245108e-14 -3.1352377046e+02
1.0000000000e+00 0.0000000000e+00 7.3450794969e+04 2.2123669611e+05 3.8842950747e+04 7.1445129555e+04 9.0443026461e+05 1.2082753839e+05 -8.3043190621e+01 4.6478139152e+02 -5.9885393366e-01 -1.7699400690e+02 8.5189804525e+02 -1.7165349406e-13 5.4349214526e+02
1.0000000000e+00 0.0000000000e+00 1.1108380830e+05 2.2114258932e+05 8.7519239054e+04 9.3666464999e+04 9.4689979018e+05 1.5471110106e+05 -1.0102655834e+02 4.6939090314e+02 -9.7653590492e+00 -1.7234503705e+02 8.7600334324e+02 -1.7960898812e-13 5.0273724796e+02
1.0000000000e+00 0.0000000000e+00 6.7556583784e+03 1.0646576443e+04 1.6770148295e+03 1.8304327832e+04 3.8605323688e+05 3.5492341175e+04 -1.6499008019e+01 8.1527424415e+01 3.3014648117e+01 -1.1401379935e+02 4.9494408469e+02 -1.3183229237e-13 2.7777012883e+02
1.0000000000e+00 0.0000000000e+00 2.3153070169e+04 2.1024203296e+04 1.2352219864e+04 2.9942339262e+04 5.5793912539e+05 5.7431153964e+04 -4.2014995426e+01 1.3848001381e+02 3.6574555474e+01 -1.4317929021e+02 6.2631538981e+02 -1.3721854832e-13 1.7628326825e+02
1.0000000000e+00 0.0000000000e+00 8.1427671243e+03 1.5167635722e+04 2.0084773086e+03 1.2924021822e+04 3.2137132779e+05 2.9075530425e+04 -2.4311754429e+01 1.1460245156e+02 1.9037216570e+01 -9.3485558875e+01 4.2219074616e+02 -1.1382984375e-13 2.6405746676e+01
1.0000000000e+00 0.0000000000e+00 1.3674559784e+04 6.2510796689e+04 4.2224096952e+03 1.5068623482e+04 3.7136038733e+05 3.6704077979e+04 -3.3608747671e+01 2.4882229529e+02 1.9651933637e-01 -1.0035400267e+02 4.9039846091e+02 -1.2890002298e-13 2.6777731065e+02
1.0000000000e+00 0.0000000000e+00 1.5149081123e+04 8.3364918425e+03 1.0549299686e+04 2.2976815957e+04 4.9707789343e+05 4.8783059943e+04 -2.7502791975e+01 -7.1723197212e+01 5.4675740414e+01 -1.3069299297e+02 5.8096739134e+02 -1.1728887305e-13 -1.4338059884e+02
1.0000000000e+00 0.0000000000e+00 5.3253922261e+04 2.1124686715e+05 3.3975674786e+04 3.8538736177e+04 6.1617927227e+05 8.3967738610e+04 -6.6686423813e+01 4.5896248860e+02 -2.3459332257e+01 -1.3081690459e+02 6.9225018557e+02 -1.5286689117e-13 4.5727555397e+02
1.0000000000e+00 0.0000000000e+00 3.1285100172e+04 1.7447801174e+05 2.4741500779e+04 1.1689971965e+04 5.2352559027e+05 5.9795580205e+04 -4.1431190124e+01 4.1341880214e+02 -4.2415197337e+01 -8.9462491967e+01 5.6921841515e+02 -1.6332860067e-13 5.5575695593e+02
1.0000000000e+00 0.0000000000e+00 5.2099400764e+03 1.8706221398e+04 4.9562900021e+03 2.5064830501e+03 1.7491974834e+05 1.5960435399e+04 -1.4969838428e+01 1.2946060560e+02 -7.9382623485e+00 -4.6976756336e+01 2.7147828538e+02 -9.8715901410e-14 -3.8764399469e+01
1.0000000000e+00 0.0000000000e+00 2.2795239349e+04 6.2678348890e+04 8.7649739669e+03 2.5129483465e+04 4.2330378622e+05 4.6713645422e+04 -4.5442478412e+01 2.5019983744e+02 1.0187676809e+01 -1.1669846666e+02 5.3523239472e+02 -1.2812840103e-13 2.4202140516e+02
1.0000000000e+00 0.0000000000e+00 1.3786833053e+04 5.0445203178e+04 4.3956673654e+03 1.8294622622e+04 4.7573826043e+05 4.4661015272e+04 -3.3120182219e+01 2.0950934774e+02 1.0587918093e+01 -1.1457973461e+02 5.4835235539e+02 -1.5279848722e-13 5.0448247853e+02
1.0000000000e+00 0.0000000000e+00 2.0857376761e+04 7.1601956852e+04 1.3691834365e+04 1.5481138451e+04 3.0814769682e+05 3.7170833974e+04 -4.0736583242e+01 2.6712714868e+02 -1.0288114995e+01 -8.4817353427e+01 4.3968112694e+02 -1.2498122347e-13 1.9393720246e+02
1.0000000000e+00 0.0000000000e+00 5.7234671238e+04 2.0257257163e+05 4.7252971027e+04 3.3437337215e+04 6.5281807814e+05 8.9419788240e+04 -6.5926190245e+01 4.4739083432e+02 -3.2445583625e+01 -1.2575773158e+02 7.2434425802e+02 -1.5868201583e-13 5.9870479721e+02
1.0000000000e+00 0.0000000000e+00 4.6677111436e+04 2.6232171207e+05 2.0585787319e+04 3.7464300736e+04 5.5461190769e+05 7.6095493932e+04 -6.1281541741e+01 5.0259791526e+02 -2.7083928339e+01 -1.2667365328e+02 6.5553080487e+02 -1.6063040494e-13 7.9035284919e+02
1.0000000000e+00 0.0000000000e+00 1.9850902692e+03 2.6763737804e+03 4.5880047024e+02 8.5537176934e+03 2.3251486238e+05 1.9836892179e+04 -4.0277419000e+00 4.8154127182e+01 8.3348487451e+00 -6.3603057391e+01 3.3876143231e+02 -1.0776384764e-13 8.1466864811e+01
1.0000000000e+00 0.0000000000e+00 6.7187988448e+04 3.9956858369e+05 3.4315301141e+04 4.4512260216e+04 9.7582964944e+05 1.2032185099e+05 -7.0027094734e+01 6.2060517894e+02 -4.1702055682e+01 -1.5466885337e+02 8.5063424477e+02 -1.9430714685e-13 8.1836707232e+02
1.0000000000e+00 0.0000000000e+00 5.9306384223e+04 2.6783140609e+05 2.6114069924e+04 5.3118246143e+04 7.1870580495e+05 9.6866573596e+04 -7.2207837030e+01 5.1293576330e+02 -1.6017582004e+01 -1.5423851176e+02 7.6231720039e+02 -1.6360471710e-13 6.5601757667e+02
1.0000000000e+00 0.0000000000e+00 8.7075072163e+03 1.7030459205e+04 4.5330901057e+03 1.0986798769e+04 3.2654497819e+05 2.9728007411e+04 -2.5716657099e+01 1.2338511163e+02 1.4053263442e+01 -9.3258130309e+01 4.4614528232e+02 -1.2858005771e-13 2.6897425881e+02
1.0000000000e+00 0.0000000000e+00 7.6854587394e+03 7.6704247000e+03 1.0713230954e+04 6.2456763770e+03 3.1368864569e+05 2.8920544318e+04 -1.1205373544e+01 2.3858302896e+01 -4.9604177698e-01 -5.8890210857e+01 3.8154719481e+02 -1.0600609176e-13 -2.4509268936e+02
1.0000000000e+00 0.0000000000e+00 7.7923690238e+04 2.4864033868e+05 5.3747588967e+04 6.3545174118e+04 6.6880227273e+05 1.0918794157e+05 -8.1715039739e+01 4.9657572013e+02 -2.1839528197e+01 -1.4384640805e+02 7.4179933811e+02 -1.6677789943e-13 6.3320461707e+02
1.0000000000e+00 0.0000000000e+00 7.1291203475e+04 9.2342097814e+04 3.6210831584e+04 9.2268074614e+04 1.1609308320e+06 1.3998412412e+05 -8.3154195307e+01 3.0204188931e+02 3.9611233784e+01 -2.1590060657e+02 9.7544923810e+02 -1.7455420661e-13 4.0729591837e+02
1.0000000000e+00 0.0000000000e+00 2.2212291615e+04 6.1865661223e+04 1.4296406861e+04 3.4248124170e+04 5.4301751949e+05 6.1233153532e+04 -1.2943961369e+01 -2.4390563614e+02 9.3796609320e+01 -1.5327132919e+02 6.0867103273e+02 -1.1153556868e-13 -3.2249403621e+02
1.0000000000e+00 0.0000000000e+00 2.7860919510e+03 1.6244128960e+04 5.5864437406e+02 4.5512754121e+03 2.2286530760e+05 1.8092292552e+04 -1.1547189000e+01 1.2590662355e+02 3.9187106213e+00 -6.5469903417e+01 3.2242653570e+02 -1.0813047821e-13 4.4951753918e+01
1.0000000000e+00 0.0000000000e+00 3.7835871305e+03 3.1701303236e+04 3.2311174426e+02 2.7871949745e+03 1.3894070079e+05 1.2313031447e+04 -1.4141466636e+01 1.6146305850e+02 -4.9669981609e+00 -4.2900200463e+01 2.0148912920e+02 -1.1403279716e-13 3.4079505745e+02
1.0000000000e+00 0.0000000000e+00 9.8881843422e+04 1.6517916331e+05 7.0418112584e+04 9.8810820587e+04 1.3486476713e+06 1.7391803579e+05 -9.4488847777e+01 4.0128470024e+02 1.5673785604e+01 -2.1607146493e+02 1.0570227092e+03 -1.7866846631e-13 2.2314446697e+02
1.0000000000e+00 0.0000000000e+00 8.1766825895e+03 3.0859909264e+03 3.1188730016e+03 1.9881563152e+04 3.1389193159e+05 3.1599527921e+04 -1.2291871098e+01 -4.3685437277e+01 4.9486671330e+01 -1.1013854383e+02 4.5541596001e+02 -9.9155815609e-14 -1.1954939991e+02
1.0000000000e+00 0.0000000000e+00 7.0572448464e+03 3.6393554224e+04 1.3885322482e+03 1.0373712402e+04 3.2416212261e+05 2.8892868228e+04 -2.0183762557e+01 1.8311325621e+02 2.3853497154e+00 -8.6371837609e+01 4.3069954530e+02 -1.3742027933e-13 4.2072814077e+02
