1.769673898055155459e-01 5.415188833312261352e+01 1.604169451816293801e+01 -8.024148490323813121e+01 3.968140996333343651e+02 -1.075111857004553924e-13
-1.456562494080351833e+01 6.030011755640214233e+01 2.309375437537318021e+01 -7.888123589594700036e+01 3.379483895179214983e+02 -1.131934768430531887e-13
-6.242489763741007636e+01 3.287565486267750430e+02 -7.568582545207101830e+00 -1.171195730147814231e+02 5.940867592000431614e+02 -1.395693431480841143e-13
-1.009367299960497810e+01 -6.732704037249700946e+01 4.342961214054221841e+01 -8.457172762665489074e+01 3.397418564578533733e+02 -9.416767029879548905e-14
-2.422184604821123344e+01 7.929365304375065193e+01 1.868086285496973531e+01 -1.056459151780728973e+02 5.321992505367134072e+02 -1.241719053309299963e-13
-1.341349825931025350e+02 7.422931765207324588e+02 -2.471613217869278145e+01 -2.187280379192428938e+02 1.082928229435637149e+03 -1.961227430315635679e-13
-2.716737382364746711e+00 2.635392587805609423e+02 -2.722388891887691997e+01 -8.213280105748201265e+01 5.328179647065830977e+02 -1.387209207249867742e-13
-7.283409246507565626e+01 6.051887490744704792e+02 -3.391143073621005044e+01 -1.608353616881345545e+02 8.534985769825485704e+02 -1.729158863590063372e-13
-2.658378279843229386e+00 1.052124669287632628e+02 1.133132147078124596e+01 -7.184505862557959688e+01 3.329983516944774919e+02 -1.091313858244369364e-13
-4.189294334170282497e+01 -8.579617342002737956e+00 7.067413238569872647e+01 -1.725163063311745759e+02 7.131614315415147303e+02 -1.294941737379363227e-13
-3.351707201535395342e+01 3.243542570624525752e+02 -5.122807453877345374e+00 -1.242721769928066209e+02 6.297358532211633246e+02 -1.568421220646086172e-13
-5.665553648009674248e+01 3.033973094421608607e+02 1.008881928189055444e+01 -1.478135156930310643e+02 7.059225452361724820e+02 -1.350316241587177454e-13
-7.040400495852576057e+01 3.381887982592371031e+02 -1.848240520967635447e+01 -1.252370626446598436e+02 7.116721952759079386e+02 -1.517030729385470243e-13
-7.192447544762669054e+01 4.559973045205780409e+02 -1.866713481479137826e+01 -1.322744244171468608e+02 6.735155491791535951e+02 -1.462639587164690525e-13
-3.849366969214531764e+01 1.722525941009068617e+02 1.618974358310068640e+00 -8.811056852842907006e+01 4.552892933638100317e+02 -1.331940537759789778e-13
-2.893597783244679178e+01 9.244226732041543926e+01 2.913911346550691306e+01 -1.142714263512747408e+02 5.134871771637508573e+02 -1.050698498683935424e-13
-1.110494571143674314e+01 5.436458448602373039e+01 4.824768471122278157e+01 -1.352025063327131420e+02 5.597415681236207092e+02 -1.243400978427446789e-13
-2.386197639870046672e+01 2.227137452691908095e+02 -2.382703426602176222e+01 -7.587324099071996386e+01 4.989925096465864272e+02 -1.262135064696874414e-13
-4.649348164213879642e+01 1.328110870826906762e+02 3.671847020444686649e+01 -1.355718484308559937e+02 5.784181725221660599e+02 -1.206483455597606882e-13
-1.307649620573031690e+01 1.110403345758277851e+02 1.045117201747910585e+01 -7.886520126742983905e+01 3.815490000890445117e+02 -1.093028495701376799e-13
1.297259527500804532e+00 -5.797995714270141931e+00 2.415421904303963530e+01 -7.069420396404829887e+01 3.247281079592378319e+02 -9.981732138169211018e-14
-5.119083784973267370e+01 3.558494293046009034e+02 -1.971773194877559021e+01 -9.415272809529271569e+01 4.976209146206933838e+02 -1.345301866260736263e-13
-2.776282691067714836e+01 2.643974873128234435e+02 -1.093268101253347879e+01 -8.612830890710593224e+01 4.546335949322054262e+02 -1.318919506383555303e-13
-6.286086853251388362e+01 3.786191521896860195e+02 1.076092771199727949e+01 -1.690186520175834630e+02 7.888476648981886683e+02 -1.553771419746343605e-13
-2.344596642935188768e+01 -1.681432578945169212e+02 8.622296921451804508e+01 -1.567383708315503270e+02 6.247952785819377368e+02 -1.145787236373926052e-13
-5.511837665296735800e+00 -1.136757893024132073e+02 7.116554352006626516e+01 -1.518372410982365466e+02 6.482894361725076351e+02 -1.351934722746138240e-13
-3.345674094703165480e+01 7.516948978539842585e+01 2.960247376213848725e+01 -1.088988820302185161e+02 4.871027394404356414e+02 -1.177300221202805406e-13
-6.435864795372189917e+01 2.383620831799635198e+02 1.124469342333021871e+01 -1.350823191077772378e+02 6.607587233523158829e+02 -1.333762687339159213e-13
-2.887157531935162424e+01 1.726454472041029078e+02 2.833970047394302583e+00 -7.689785248057268063e+01 3.718304454701145119e+02 -1.162208183060141905e-13
-2.267057917391868571e+01 1.390807402132501807e+02 1.608389000738164754e+01 -1.152890847818060394e+02 5.696989796735072105e+02 -1.248198537571512335e-13
-7.017944157188902921e+01 1.444383079924546678e+02 6.156181877515552969e+01 -1.934435338811913709e+02 7.997072747521762039e+02 -1.423856359643774803e-13
-1.290955619304681079e+01 8.167324669165347473e+01 7.794655824366019559e+00 -5.780497899400076278e+01 2.785888601192944520e+02 -1.057844034633032485e-13
-1.295544304127642299e+01 -1.890775165125707531e+02 7.674793761881677767e+01 -1.270550683179117897e+02 5.013615540057330691e+02 -9.630095812326656727e-14
-5.182145362014387047e+01 2.487561998352755381e+02 4.019258889496675202e+00 -1.251277938333643931e+02 6.324993404250433287e+02 -1.419112510428915476e-13
-1.037620070820168934e+02 6.439822622621104529e+02 -2.812620358404545584e+01 -1.800523763556585095e+02 9.170806633240139263e+02 -1.857466441213792780e-13
-7.095488743340241911e+01 4.276065754866871771e+02 -7.662857294883528958e+00 -1.473674096777627938e+02 7.253381504662423822e+02 -1.627925269200283982e-13
-2.715140158124355096e+01 1.212823533261001074e+02 7.740031558194168326e+00 -6.664284981063566704e+01 3.092216527113903908e+02 -1.047091803774349166e-13
-2.386968165448550039e+01 8.345645969258507080e+01 1.547453489539291915e+01 -1.100736858219207619e+02 5.794553038358687900e+02 -1.319750535536354927e-13
-5.977504531520409614e+01 4.851332447342157366e+02 -3.916089910057115731e+01 -1.073503134174888913e+02 6.158712267542347263e+02 -1.517563526830079412e-13
-2.544089956790942608e+01 1.461890820977679937e+02 -1.412675266419570264e+01 -5.185604860714877873e+01 3.316408681059975265e+02 -1.177755065399834865e-13
-2.009961922291030945e+01 1.912090826517641915e+02 -8.296437223705089181e+00 -7.314685584414381481e+01 4.042961852191654657e+02 -1.298976521824297268e-13
-3.927766236622792917e+01 1.939809151655752544e+02 1.971574978680243717e+01 -1.406264575467429552e+02 6.763824603311375085e+02 -1.418361933749584140e-13
-1.829580540149218848e+01 6.331415821557768275e+00 3.094110154519094635e+01 -7.370733781008753738e+01 2.925646920484673501e+02 -8.980541651724434756e-14
-2.488892269489569742e+01 1.492008465202704031e+02 1.508405440660326846e+01 -9.778768547623036511e+01 4.510022546084394435e+02 -1.226822481899021070e-13
-3.348834768169209042e+01 3.225569250730477506e+02 -3.461875534348917682e+01 -7.226376499725587621e+01 4.704548281532182159e+02 -1.245026773331740185e-13
-2.545895059986474962e+01 6.019494958366585990e+01 3.320462562956941355e+01 -9.826206382575755072e+01 4.035189904939688859e+02 -1.233566402298769360e-13
-9.512686365816206546e+01 6.053423058479119163e+02 -4.383622152222805113e+01 -1.482994188451920365e+02 8.327176405528628038e+02 -1.790595010850126535e-13
-1.782283026124082070e+01 -1.115774207206647617e+02 5.344483628219261107e+01 -1.115929267445838349e+02 4.897618495518291866e+02 -1.161269502629722099e-13
-7.687966704626636449e+00 3.211539255614489718e+01 9.239873018380595937e+00 -3.562403683152705014e+01 1.566561054743261536e+02 -8.431205372242384648e-14
-2.190259838263672520e+01 2.103719255401075543e+02 -1.832170848745835912e+01 -7.383189332329665433e+01 4.590613551356093467e+02 -1.223907176813192340e-13
-6.354523667770356354e+01 3.049187008001454728e+02 1.966349013587024430e+01 -1.720587545727339887e+02 8.064366503211133477e+02 -1.472600708437019555e-13
-2.360796564864132918e+01 -5.794508748230668260e+01 5.459877922808770734e+01 -1.209161397161816893e+02 5.055969399732715033e+02 -1.157714162400807848e-13
-3.212310423637368473e+01 4.907042903683606596e+02 -3.731423585299761214e+01 -1.312541589466641199e+02 7.606423757871336875e+02 -1.771052687579150742e-13
-7.595733136950688902e+01 4.146749278510466183e+02 1.040950797259776239e+00 -1.714321118734847289e+02 8.408508569531502417e+02 -1.650585795797329605e-13
-3.700352951750876684e+01 -2.762355181005650024e+02 1.264212551157100535e+02 -1.937655830448199481e+02 6.955919848395254803e+02 -1.088674974797120312e-13
-4.680660346028407304e+01 1.572639371014616927e+02 1.584194469641127867e+01 -1.153228362208553222e+02 5.581021646318693001e+02 -1.290629325137058778e-13
-4.607124662863163422e+01 2.709769306525190586e+02 4.047379586056798928e+00 -1.250363853084218846e+02 6.153603974139365391e+02 -1.453023221781470020e-13
-3.792701436894066802e+01 2.356712789381350603e+02 1.773226025932755334e+01 -1.595011708216952115e+02 7.853243313302929209e+02 -1.582473883462277171e-13
-3.937816905599524375e+01 3.775562466845549352e+02 -1.216072888626078097e+01 -1.129326180508256954e+02 5.594763380499332470e+02 -1.511606052533294092e-13
-6.111723259022003418e+00 5.219624036018192470e+01 5.529327235587305545e+00 -4.239728499604453305e+01 2.112040700050893918e+02 -8.903148471434808103e-14
-5.505043245331066970e+01 1.430630473982645583e+02 4.416649823184430801e+01 -1.816328499883468339e+02 8.328073724492802512e+02 -1.382098653782105804e-13
-1.660271728705568606e+01 -6.808441965807055851e+01 4.565024457450115136e+01 -1.149599774570403099e+02 5.303653257973953714e+02 -1.161874524940388331e-13
-3.910181087367586628e+01 2.524121152680242233e+02 -1.301466587282347487e-01 -1.044991125941781291e+02 5.177191183626653128e+02 -1.281209401574190700e-13
-1.292106177322748017e+01 1.093728893314998913e+02 3.926485154006608136e-01 -4.041377598523163783e+01 1.887358265917223719e+02 -1.016007854630957912e-13
-1.360429282457845801e+01 1.231194498725672730e+02 -2.171034518213621922e+01 -6.253220808564829980e+01 4.689901398387887070e+02 -1.301709562234685114e-13
-2.472442370160879577e+01 3.787816368703660146e+02 -3.264639753660466681e+01 -7.407707659609570783e+01 4.286489107267787517e+02 -1.351009231478648116e-13
-2.219388913738505309e+01 1.358285954959121788e+01 6.355380902797655551e+01 -1.500781441426619551e+02 5.916452904216554316e+02 -1.215793272033664978e-13
-2.976652886082753025e+00 1.316771983542131466e+02 -2.489431773129853198e+00 -8.517192364056285214e+01 4.917094959336723150e+02 -1.356563035776121236e-13
-3.412985270716456654e+01 -2.187949325461734702e+02 1.091405272523896741e+02 -1.747289685598779272e+02 6.361167344284888259e+02 -1.007836886067031082e-13
-4.525020592967592847e+01 4.088438191624255182e+02 -3.561742745201821236e+01 -1.160753174654359441e+02 7.079317319407857667e+02 -1.708809603156119428e-13
6.100881019346541478e+00 7.511138277075491487e+01 -2.834471286400478185e+00 -5.975942340909591621e+01 3.646799574117190446e+02 -1.125495816619916910e-13
-4.301232812740483524e+01 3.327501332193314738e+02 -2.431669649359147911e+01 -8.338938628626489447e+01 4.717257842202233746e+02 -1.439500403134338251e-13
-1.070411119476530182e+01 3.271214088909854212e+01 1.524536840032072860e+01 -6.023190219467740292e+01 2.831640539292578183e+02 -1.090743816789946403e-13
-3.461926994702586313e+01 -1.923931369348366616e+01 7.467976593960797516e+01 -1.737612707096182874e+02 7.036986936562451547e+02 -1.249739130543511206e-13
-7.029103983008342027e+01 4.222826074829892491e+02 -7.666595986876051150e+00 -1.487701034975810330e+02 7.387083452360096771e+02 -1.559308382000478918e-13
-5.080792469218105367e+01 4.253992777836791674e+02 -3.018311687823718970e+01 -1.158300411805763872e+02 6.592756282299844770e+02 -1.589812095017922239e-13
-9.878047143003248820e+00 2.822832381295508242e+01 2.040442250642666266e+01 -7.852969488257784292e+01 3.764116448317726054e+02 -1.040066670795425022e-13
-4.676457166032099622e+01 1.566781133828291388e+02 1.892874854500943727e+01 -1.161784434133253683e+02 5.445011134784193700e+02 -1.264060260597685800e-13
-1.599376281061229754e+01 1.085968427682945077e+02 9.291417497942379811e+00 -7.908944185365268709e+01 3.922870201078619061e+02 -1.276021281156791459e-13
-4.726718935499260965e+01 2.609709382228437562e+02 1.068131704752643740e+00 -1.133956124942693862e+02 5.635545188208070613e+02 -1.373892672191394961e-13
-7.229308196673849807e+01 4.216895790542670284e+02 8.488354837942027942e+00 -1.704207813573249268e+02 7.811597589731643438e+02 -1.622737541297339616e-13
-3.482302608853188275e+01 2.346846476010275637e+02 2.512143205111974975e+00 -9.691247119531455212e+01 4.628184850431807149e+02 -1.269442325103804422e-13
-1.044970353978632538e+01 -1.475696728326106211e+02 6.021060323383496637e+01 -9.186103950130886631e+01 3.402151496697690050e+02 -1.047051374673888666e-13
-1.882143212706091617e+01 -1.081564098454865928e+02 4.654188883620757622e+01 -1.028873651343606923e+02 4.729612725046292212e+02 -9.857223414229646402e-14
-9.449733913685363973e+00 7.789305983328299021e+01 7.354933993646675994e+00 -6.994796635106354188e+01 3.658244561083321287e+02 -1.144008390404912876e-13
-6.389909810586120642e+01 -1.854329803021426244e+02 1.471403102115555441e+02 -2.842345678706984700e+02 1.104228784952877277e+03 -1.366884500336418354e-13
-4.438085310884019918e+01 1.822724600680041362e+02 -3.775738957859565925e+00 -1.003597619322327432e+02 5.648463360776255513e+02 -1.323558668971381134e-13
-7.091282052849169126e+00 -2.074555035820538933e+02 9.300818710214925034e+01 -1.489491951585872016e+02 5.578562767184013182e+02 -9.954559390801096823e-14
-2.802249310376134872e+01 2.176876375321226647e+02 -1.263738616533054326e+01 -7.154039025628217985e+01 4.018423327252031072e+02 -1.154413158066785923e-13
-1.207565738349448559e+01 2.846166046352394119e+01 3.594131230759801010e+00 -5.245917301907680041e+01 3.087106124485349028e+02 -9.488722936366346407e-14
-3.788475305689923545e+01 1.745497168761986870e+02 9.325722588356974541e+00 -9.392604256537499907e+01 4.433022475801355426e+02 -1.187269083836586176e-13
-2.122375876325173039e+01 5.522077974716798110e+01 1.731501567704650313e+01 -7.775355112086755582e+01 3.711405486888222072e+02 -9.992324471646715401e-14
-7.776448264259168575e+00 1.399183668414073338e+02 -9.139304453343745749e+00 -4.790758987048222650e+01 2.777419742014636768e+02 -1.035983742750608386e-13
-8.397363798384627387e+01 3.703975759294377781e+02 1.806547652384108815e+01 -1.769041162179688342e+02 8.010917816171319146e+02 -1.686867706891543895e-13
-1.288335914526932235e+01 -1.134744718316738776e+01 2.860036997744771270e+01 -8.339820686352341284e+01 3.857218704292170059e+02 -1.032490945735529593e-13
-5.106534554210983856e+01 3.389184939620825503e+02 -7.470389538648336547e+00 -1.079679305235171114e+02 5.244567882919020576e+02 -1.295876379479846221e-13
-8.915240437490341563e+00 1.845818173567743941e+02 -1.248406773140523995e+01 -6.410440993841298507e+01 3.752184288087464665e+02 -1.199612925353570534e-13
-2.108258216009701513e+01 2.352000343988986515e+02 -2.096203275838199076e+01 -6.510715995986178939e+01 3.990658663949993183e+02 -1.169649446803342504e-13
-4.256861662332269702e+01 -1.352194865228620415e+02 1.103635656785868235e+02 -2.049690921380656334e+02 7.701082770022986779e+02 -1.166045418290405189e-13
-2.173890688436030771e+01 -7.702906846756886239e+01 6.722866736645809738e+01 -1.299159837249681857e+02 4.991911523762433944e+02 -9.935969066614609204e-14
-7.528003155365684052e+01 4.674268773910846448e+02 -2.198637461852323227e+01 -1.297644116768564402e+02 6.695078602333239814e+02 -1.483594974418405834e-13
-1.931226722503158078e+00 -1.076274829752124162e+02 3.657736937500785501e+01 -6.534859237149613875e+01 2.840658157334822818e+02 -8.755040646391104231e-14
-8.439843377803677882e+00 -3.761113560833973679e+02 1.369254041360616156e+02 -1.796950979816235190e+02 6.071351238549935943e+02 -9.497444276125603046e-14
-5.909688916370836864e+01 2.260022926575764473e+02 4.208944123397363057e+01 -1.839674555987528493e+02 8.008103554901049392e+02 -1.631648808222680042e-13
-5.838877051683765806e+00 -8.565944563308669046e+01 5.656059836389966478e+01 -1.054071392763027148e+02 4.091416450059184058e+02 -9.668897609852076026e-14
-4.337097291887075556e+01 9.030138506675201882e+01 3.995417648529934240e+01 -1.270390520635094731e+02 5.315814649441861093e+02 -1.195702487959121304e-13
-7.021320148772585412e+01 2.319363145729595317e+02 2.334029358255313369e+01 -1.462005306244123801e+02 6.627084482558321952e+02 -1.382772306939378141e-13
-7.794568860658442588e+01 5.320016629535097081e+02 -4.635075325585316364e+01 -1.476347109360666821e+02 8.983099190315077749e+02 -1.836306190409014832e-13
-2.149794212427591944e+01 2.011726353173097266e+02 -8.973957225738795174e+00 -7.481255548808854883e+01 4.125084644506556515e+02 -1.330777489489736943e-13
-8.894220178792522802e+00 -1.209023358229509029e+02 3.600683793282248502e+01 -7.915656851266680860e+01 3.903171406847797016e+02 -1.018611416074664396e-13
-7.267655490729227097e+01 4.445076619451068609e+02 -9.007524625366922777e+00 -1.542771744519677100e+02 7.679791891243283999e+02 -1.594918803292514575e-13
-3.376796680615577628e+01 1.153537128651109924e+02 2.039435931905488530e+01 -9.950871735569738519e+01 4.534333311362868244e+02 -1.169458057395003897e-13
-2.149667896573754433e+01 9.385868987640564853e+01 -5.251000970592414774e+00 -4.749131779646553042e+01 2.839008106396152016e+02 -1.008522035521319218e-13
-2.696384590104878853e+01 1.478619307035596648e+02 -1.467586308763888070e+01 -5.603869691907725326e+01 3.620496048503080715e+02 -1.081315861602696207e-13
-4.151252509473429342e+01 -1.286413625721163498e+02 9.264936810826614533e+01 -1.781451509357251268e+02 6.984685884258876740e+02 -1.189635018467639263e-13
-2.003600944699815045e+01 8.576907545535405575e+01 1.029568177623010961e+01 -5.186727657625696253e+01 2.196275319205839764e+02 -1.044332203792018563e-13
-6.614193808993174173e+01 5.695556554753013501e+01 7.994012113281856102e+01 -2.063033499241456923e+02 8.327186214524977004e+02 -1.367964601246982992e-13
-3.576713595812051238e+01 -5.630619200361573462e+01 6.657915999105827609e+01 -1.378495711086236781e+02 5.414487739097693293e+02 -1.046149346423911100e-13
-1.580433682073254964e+01 2.449948173694875564e+01 3.121822947385149050e+01 -8.863611853979584509e+01 3.777908285432623643e+02 -1.050013233446211841e-13
-2.474878116015280582e+01 3.073378194280135745e+02 -1.720034858929862764e+01 -1.078364602163432266e+02 6.091636165331989332e+02 -1.347695668086958018e-13
-2.600715372377039003e+01 -4.265563281552222747e+02 1.747126998767601265e+02 -2.459698983077943808e+02 8.476131911667746408e+02 -1.095247573222341726e-13
-8.830644155171070153e+00 1.373879290329717549e+02 8.803275913342085701e+00 -6.958245800518078283e+01 3.103236539682895341e+02 -1.145790447612899242e-13
-1.130495813198053590e+01 2.678073063664382403e+01 1.396134811755676353e+01 -6.839918628819994240e+01 3.506647932339128033e+02 -1.103171812351386603e-13
-1.532003669770697662e+01 1.599190999941325231e+02 -2.515812311332930307e+01 -4.232318439031385537e+01 3.281558886109147579e+02 -1.149970978762714404e-13
-2.274912207181818147e+01 -4.255102545218782950e+01 5.037321310857258538e+01 -1.053393812190951166e+02 4.166348884188328725e+02 -1.033784386021922199e-13
-8.496458770975144148e+01 1.931984182100411829e+02 8.232217343045014957e+01 -2.644406666383974311e+02 1.108094639441867230e+03 -1.658002744773342549e-13
-2.344439153851677204e+01 2.183903243316864575e+02 -1.519523663821508563e+01 -6.501822733726403669e+01 3.738711877390535392e+02 -1.251285841804815003e-13
-6.921278839398065941e+01 5.883801699528223708e+02 -5.964309085442146596e+01 -1.258237934447257942e+02 7.954016644431742407e+02 -1.742906496196998300e-13
-5.140453618138437974e+01 5.247542637445558285e+02 -3.005016670819569669e+01 -1.512634989531101724e+02 8.235619864855744936e+02 -1.831485817236419790e-13
-3.555858483707128670e+01 6.477384386578951592e+01 4.741743150940201446e+01 -1.341156711859439383e+02 5.500997374645339733e+02 -1.173937153868431117e-13
-1.527769816844894457e+01 3.875759185980131605e+01 2.648598867102357346e+01 -9.413447968105379005e+01 4.345989368243971853e+02 -1.173889695669910066e-13
-3.452268949488028937e+01 1.187019247303925198e+02 9.760093166372683982e+00 -8.055308180384076877e+01 3.916904819636721413e+02 -1.167167092378100206e-13
-2.525863660417191525e+01 3.118733818846261556e+02 -2.318716583935528774e+01 -1.093516300790026321e+02 6.543850996384521750e+02 -1.404960764424814539e-13
9.650419092024300483e+00 9.188455355559251814e+01 -3.235958043928109706e+00 -3.492941742292619978e+01 1.879847387430297943e+02 -9.720075981829493455e-14
-6.036815110565955678e+01 4.877143226310150226e+02 -2.757076078122313234e+01 -1.241282537613888763e+02 6.524858595052468218e+02 -1.584842263860606573e-13
-5.066236524794410911e+01 3.564670337999063463e+02 -1.023773924349059783e+01 -1.340315935894433892e+02 7.045108703252132045e+02 -1.594885351379941658e-13
-2.654191528770710917e+01 2.072696663667306893e+02 -6.535625184045486868e+00 -7.992086529512062043e+01 4.267389105019579461e+02 -1.168323243164892823e-13
-1.067051037777113009e+01 6.045556044854970423e+01 3.231119764162205854e+01 -1.059737153298118244e+02 4.608986562122107671e+02 -1.198676504951917491e-13
-2.199299653731258175e+01 7.869932799080973496e+01 3.737508531294553649e+01 -1.224373686423482468e+02 5.257083630765616817e+02 -1.251943123940997882e-13
-3.420211908735594619e+01 2.388324365021649101e+02 -1.353292022556384211e+01 -7.558413400007432870e+01 4.192151985224928126e+02 -1.283816813428989011e-13
-3.887429774071198096e+01 1.535780473435904412e+02 2.459330999111607952e+01 -1.118242271674823769e+02 4.812023954619263577e+02 -1.240785226994045465e-13
-5.182956742581405507e+01 2.681942495373056090e+02 1.135247005414649379e+01 -1.385340887023957634e+02 6.613313987655067194e+02 -1.504005469833353238e-13
-5.016838684861570385e+01 1.604035415660941624e+02 4.154308149844285225e+01 -1.605108869280729778e+02 6.948648445283328101e+02 -1.326430315096911028e-13
-1.752182831231658966e+01 2.707071819048711063e+02 -2.558702505001225802e+01 -6.386709214038146598e+01 3.942549368050673593e+02 -1.219744139248573357e-13
-5.855208992077110253e+01 3.738365186211880200e+02 -1.926700518950267949e+01 -9.996682616135024091e+01 5.205898671208645965e+02 -1.424256051624486064e-13
-1.363803060313523652e+01 1.257884514444205450e+02 8.332018117978943650e+00 -9.175360552449255636e+01 4.709316825067899117e+02 -1.140715694662963895e-13
-8.319467968841381733e+00 -1.572886957262663721e+01 1.943453406910995085e+01 -4.093105067261534913e+01 1.621858492128746434e+02 -8.664659916537297780e-14
-6.266884916474702472e+00 3.781342832275942811e+00 2.771555380167438898e+01 -7.274173742861790970e+01 3.086220790441507802e+02 -9.905297357039517287e-14
-2.587369965308710107e+01 1.380650520530816436e+02 1.898343869107989912e+00 -6.763442757009249817e+01 3.409846476818407837e+02 -1.084379415670581858e-13
-1.032427566881645298e+01 1.298374065708972296e+02 -1.254159704722030355e+01 -4.544991011199577002e+01 2.904402227412138586e+02 -1.025013221625807179e-13
-4.049667213492073259e+00 -8.164527509954686479e+01 3.309980985494394901e+01 -6.462521327217257294e+01 2.823803048882832627e+02 -8.255074043674565051e-14
-2.627083245601731321e+01 1.324781647095892367e+02 3.222979277174745416e+00 -6.926156516439009181e+01 3.475432475298066493e+02 -1.111735589505231656e-13
-8.093777139588347325e+00 1.364936140109296758e+01 1.823039388920841475e+01 -7.251378491976289808e+01 3.606242220954324011e+02 -1.022606740064947893e-13
-7.011446940442492348e+01 3.601760900303630706e+02 -1.353035985909180061e+00 -1.468668845613957217e+02 7.311294191605733204e+02 -1.506060138611337979e-13
-1.932910471395027585e+01 1.565756328048261148e+00 4.430287078698962233e+01 -8.842481528185410866e+01 3.093758501695017458e+02 -1.037647936110624925e-13
-1.424435476541641776e+01 2.144453245001159303e+02 -2.136401827885687155e+01 -4.302780537189971710e+01 2.684695187510461665e+02 -1.152301387303005847e-13
-1.932741472952283601e+01 -2.521873596495571590e+01 4.296608180865144533e+01 -9.595657586933216976e+01 3.882804158519642215e+02 -9.670921096614886362e-14
-8.383026276309810498e+01 5.659297259819397823e+02 -4.225686970496008144e+01 -1.193525545750552226e+02 6.569759230398148020e+02 -1.663180018989057821e-13
-1.710988545837163244e+01 1.403345759999857307e+02 9.107954767206601687e+00 -9.152656128503627997e+01 4.537328696224226405e+02 -1.236186601265540861e-13
-2.649750337094691588e+01 1.183086806534718249e+02 -4.076007534755276412e-02 -5.939137980982945209e+01 3.125267452547412859e+02 -9.479904115307799134e-14
-5.703620235449341891e+01 3.951569419338798639e+02 -2.452892524144134612e+01 -1.099910466699194700e+02 6.060254154438881642e+02 -1.503361309475625498e-13
-3.914427335309138556e+01 3.410992971387676107e+02 -2.636287627561963376e+01 -8.731551312613387950e+01 5.050943810264666922e+02 -1.379956307940445260e-13
-1.798545517883539091e+01 1.360801299788289498e+02 2.556030856481241642e+01 -1.216951070873778775e+02 5.542365511523817077e+02 -1.392333187972117482e-13
-3.443090801372331100e+01 -7.834102922798718005e+00 5.346272197596020703e+01 -1.249182898707439051e+02 5.029260450775164486e+02 -1.139099579389564147e-13
-1.054436953921114117e+01 -8.306951454184748229e+01 4.381411590087607522e+01 -8.272825039459068819e+01 3.364630173880257189e+02 -1.011599169483724401e-13
-3.073258989200155611e+01 1.714371452198751058e+02 5.741238796153767865e+00 -9.947051879138410868e+01 5.058408833486490721e+02 -1.305845411844624065e-13
-2.896758964764816469e+01 9.622172740393862966e+01 1.463693069643801614e+01 -8.550641347153346317e+01 4.102695895079950787e+02 -1.136561403323296365e-13
3.247365618468680548e+00 4.076556291833362167e+01 5.689548435049392339e+00 -3.925447528506064288e+01 1.974558698981104214e+02 -1.093803552545921999e-13
-2.432692054668167358e+01 8.655075214989085453e+01 2.848619501729177728e+01 -1.055687362906903246e+02 4.634974895505228574e+02 -1.109946969484657450e-13
-5.376878429232919387e+01 2.039000039890623555e+02 2.810083942270282620e+01 -1.438587188989136507e+02 6.370746631935683126e+02 -1.315265729254407555e-13
-8.642259026855262150e+00 -5.910641621337496332e+01 4.448936656114640442e+01 -9.310256950621746341e+01 3.842555474424514728e+02 -1.002473341943826879e-13
-2.676810027397231284e+00 -2.946780265773222709e+02 8.556844806908644330e+01 -1.095873609219391653e+02 4.050669032267410898e+02 -9.531652292134225552e-14
-1.558064078752687998e+01 -6.164024812050657687e+01 5.306654973117487373e+01 -1.124151100582600122e+02 4.609832491397344825e+02 -1.064215800175953551e-13
-2.722234494271454253e+01 2.085664238340788188e+02 1.082766022869589584e+01 -1.592759165992506780e+02 8.480000327028809579e+02 -1.784992361930279859e-13
-8.087776998401515982e+00 2.535128853625507617e+01 3.387043581424967198e-01 -3.207709285438317437e+01 1.948353848555592833e+02 -1.034828155528100148e-13
-1.708330261087622759e+00 9.840172523880461597e+01 1.564087475702545404e+01 -7.095815580414196688e+01 3.044242005017290467e+02 -1.177840945291991583e-13
-5.278745498363932143e+01 4.696649985797238855e+02 -2.597517735714795606e+01 -1.285879406149321085e+02 6.855175845097785441e+02 -1.552983221136648008e-13
-4.375582126776819081e+01 2.913301969965269222e+02 -1.750120936152295670e+01 -1.039805642793140521e+02 5.969430776878249389e+02 -1.453225559649564762e-13
-2.573631026210280481e+01 2.185605790086661955e+02 -1.327114569882812489e+01 -4.684251787841498782e+01 2.392193521556948781e+02 -1.056735319666259465e-13
-2.086551946841510485e+01 -2.418875726017353855e+01 4.561090211959567853e+01 -1.104079393144758967e+02 4.677274145890449972e+02 -1.095707201810929700e-13
-1.450668542085050028e+01 1.864552146722125059e+01 2.553000552103594600e+01 -5.963043110638439259e+01 2.235498898416835516e+02 -1.146216099699728447e-13
-2.261803126662328012e+01 1.678907776179033533e+02 -6.397209349824875879e+00 -6.467839042761097801e+01 3.523418372500717055e+02 -1.090484131267813339e-13
-4.250316261693559916e+00 -4.355346852900061805e+01 4.136160903888109175e+01 -1.107433618837356306e+02 5.114607806607344287e+02 -1.236735411946091121e-13
-1.877481331003077614e+01 8.866717295364651363e+01 1.002221199647011218e+01 -6.178003581924984644e+01 2.858917101655044348e+02 -1.115688592555260022e-13
-2.622286510787831659e+01 2.227917186456431295e+02 -2.410541636241131158e+00 -8.532344843981121585e+01 4.252044448271799411e+02 -1.260636125852413158e-13
-1.630455677422248673e-01 -1.736720871322055757e+02 5.274827574775756744e+01 -8.643094100276155700e+01 3.707361788415097408e+02 -8.420419129812518356e-14
5.445379072847878810e+00 -3.144339174040660367e+01 7.412901975097928364e+00 -2.980838962695425565e+01 1.760171362405616833e+02 -8.946813414459469927e-14
-1.696995542649944122e+00 5.834450167726365777e+01 1.861613151951200473e+00 -5.628743705371566364e+01 3.235721182973865666e+02 -1.044445018745218200e-13
-2.435836799585591095e+01 4.794149941932546000e+01 3.362006559482039592e+01 -1.051382110264413399e+02 4.560972620726094533e+02 -1.233812951749605900e-13
-6.183674685250282010e+01 3.631052969712980030e+02 1.030822273482606688e+00 -1.483494316485459308e+02 7.236631930459309388e+02 -1.535666270796181823e-13
-4.307254612092987855e+01 2.680066891571158862e+02 1.294463474566990868e+01 -1.370841336642741908e+02 6.415167512076308185e+02 -1.423787140725819301e-13
-3.601088304354173175e+01 8.212172172931646230e+01 3.104809964380860876e+01 -1.146326657821215349e+02 5.112717125341683868e+02 -1.164256455955895643e-13
-8.163043496991859271e+00 -5.341506912707763632e+01 2.364057802893805160e+01 -8.306166954705001615e+01 4.461902907176172448e+02 -1.234383852094297303e-13
-2.621826524929763025e+01 1.881636437100603700e+02 -6.820514293755381097e+00 -7.812620678200761404e+01 4.305526126143105898e+02 -1.125915316021540242e-13
-1.532085341650755872e+01 9.581383224688308076e+01 -9.254827445814216347e+00 -4.387627144917441058e+01 2.838205207126742948e+02 -9.935141680310027196e-14
-1.492760162734314378e+01 9.128621234853618205e+01 1.702814345700671694e+00 -4.345346999569515845e+01 2.140777878910762411e+02 -1.039839908710282818e-13
-9.295782921052465397e+00 2.504214275712627469e+01 2.288114399894564244e+01 -6.425994128065843825e+01 2.669462233449017390e+02 -1.006868359431112893e-13
-6.374592036291972619e+01 5.167641603894671789e+02 -3.744922388034298422e+01 -1.177652983570796863e+02 6.516544616458185146e+02 -1.593796267181970199e-13
-6.386425669911066194e+00 -3.541090929721102754e+01 6.086537614407838248e+00 -4.340659868480780403e+01 2.788566514624153569e+02 -9.522722748401078567e-14
-4.717643873883555017e+01 2.749357269542048812e+02 3.959095845016461723e+00 -1.179435363048836649e+02 5.653294417687685609e+02 -1.414192857501005601e-13
-2.183220407840479993e+01 1.891011584074223322e+02 1.135139430573854646e+01 -1.105479644905512089e+02 5.313645784998420822e+02 -1.283829680347888669e-13
2.903508026788691535e-02 1.198917536181537287e+02 -5.254668723616505055e+00 -5.287496014850919579e+01 3.009700499339452904e+02 -1.069248164584912760e-13
-4.280994115873156147e+01 2.473330940953824211e+02 1.569848877250001884e+00 -1.068164527836563877e+02 5.261385844548918840e+02 -1.473410478044452129e-13
-1.336022228614682383e+01 1.227431155136716683e+02 -6.041108577805347934e+00 -6.211600501148776488e+01 3.660404581449282091e+02 -1.194572326526907361e-13
-2.288826777539235380e+01 1.836728846933016541e+02 -5.949561938678703754e+00 -6.566574964299380213e+01 3.445023949272603545e+02 -1.129934976796510282e-13
-9.119728905503025729e+00 -1.000224021193941724e+02 4.753906248363374232e+01 -7.293136270120609765e+01 2.591942121627046163e+02 -7.677977476239741610e-14
1.322658216664830100e+01 9.762537475075940563e+01 -7.196866391220544834e+00 -5.213805066002727528e+01 3.248416556324072531e+02 -1.021649498771326378e-13
-8.451902203843784989e+00 1.169675157490245994e+02 3.308363991602964127e+00 -7.358738169817972619e+01 3.874869493475291051e+02 -1.074002097311131146e-13
-3.978703075621007201e+01 2.260430184009454706e+02 9.986682869442585542e+00 -1.198559471297637202e+02 5.755164764651772202e+02 -1.259894232684554098e-13
-7.606597637931276523e+00 3.084586033901338675e-01 1.919580014287047121e+01 -4.346659505588706907e+01 1.689662744807500303e+02 -8.085786796765621157e-14
-1.330200752892189620e+01 -5.426490667164377868e+01 7.765268453639795609e+01 -1.765516036951097760e+02 7.291663812593967577e+02 -1.257896222458966957e-13
-8.327489362664694639e+00 -1.011687763671386193e+02 4.690854642585917134e+01 -9.514520709222040296e+01 4.134213730993367903e+02 -9.349305664663827685e-14
-9.484448611114677519e+00 -7.062451241365803867e+01 4.754927180797859876e+01 -9.426272984761331486e+01 3.809154886601444332e+02 -9.815682134367489544e-14
-6.830127947030167945e+01 2.977214274771880582e+02 1.019641771868724156e+01 -1.519513185319742661e+02 7.372260276613282031e+02 -1.528176090844475667e-13
-5.117966693719321114e+01 4.176673255072129223e+02 -2.495146034464558582e+01 -1.152619982746143421e+02 6.276127355576129503e+02 -1.519349226233348649e-13
-1.913541099757587816e+01 -8.328554936324593427e+00 4.893133912998300161e+01 -1.195503572490959101e+02 4.962441880164335544e+02 -1.097346597032198465e-13
-2.788631540145786758e+01 2.143631473684077093e+02 8.921947605012901406e+00 -1.339031550726595015e+02 6.853704649476594568e+02 -1.478202320604801898e-13
-4.443480578676825665e+00 -4.923863209454149370e+01 3.054267390708393748e+01 -5.672420714398855068e+01 2.218152321676734573e+02 -9.589020964741685985e-14
-6.567910581830705041e+01 4.042937437368138944e+02 -1.690100305082266274e+01 -1.258639522671286670e+02 6.571284701263316492e+02 -1.465907450656766415e-13
-9.895419334999827399e+00 1.539501187834096356e+02 -9.122816735157407209e+00 -5.654170300077448275e+01 3.253622314620834572e+02 -1.159978401974490781e-13
-1.552542562123528036e+01 -4.041316774001250423e+01 2.562130908798837226e+01 -6.788333229849780537e+01 3.218884967712942853e+02 -1.107357381884976828e-13
-1.352376369677038070e+01 1.387440877429164061e+02 -2.087207835795343058e+01 -4.480931301042439685e+01 3.329746243975907305e+02 -1.117988954580564305e-13
-3.687166011304448432e+01 3.330035133702683936e+01 3.941919626055783255e+01 -1.231195027389699561e+02 5.505857002571767680e+02 -1.216508559501262587e-13
-4.200184167740198404e+01 2.669576532863790703e+02 -7.572477700531691447e+00 -1.207876502414634956e+02 6.642274507197934099e+02 -1.413277911456030130e-13
-4.244607639547488986e+01 4.144973405610510326e+02 -1.641441649063531116e+01 -1.231428058164523520e+02 6.282105186139631314e+02 -1.612302843494605443e-13
-6.877141398442178399e+01 6.058541616793494313e+02 -4.500925956122135574e+01 -1.438008232540932738e+02 8.096155861342388107e+02 -1.789243978279841336e-13
-3.956199212309665114e+01 1.524639543068537080e+02 1.427510258805928700e+01 -1.059113275181724276e+02 5.084018379443544973e+02 -1.255016848524579325e-13
-4.356850470818829990e+01 1.116876181658165592e+02 2.890228483248164437e+01 -1.415712126168724865e+02 6.843848063039640692e+02 -1.254644478461024861e-13
-2.999709431258041192e+01 1.781445372270729024e+02 9.951638135029487131e+00 -1.138440998147834904e+02 5.705547861216745105e+02 -1.419629671107337661e-13
-4.812641639971233332e+01 3.271660376158328631e+02 -1.270541331159025411e+01 -1.054286261046694761e+02 5.495821944228048324e+02 -1.657662146779113141e-13
1.015244227585653469e+01 6.501711593272366940e+01 -3.160316542555114516e+00 -4.720492717077328848e+01 2.897897062778719715e+02 -1.092935080151223690e-13
-3.944449487215570826e+01 -6.078798091050793317e+01 6.962337960307610274e+01 -1.520043286673005127e+02 6.203959547936553918e+02 -1.204910868176638889e-13
6.383154250494126103e+00 3.240606980423896744e+01 2.577645618151990803e+01 -7.857032009315888388e+01 3.391810632031193222e+02 -1.051355993394298185e-13
-2.068547015933116384e+01 -3.720853841373180160e+01 5.136463771657876975e+01 -1.190823056583319897e+02 4.987441289446721839e+02 -1.118742305929099417e-13
-7.226415959902236352e+01 3.885777607744831244e+02 -1.317426943264067951e+00 -1.686652848268560945e+02 8.565605035961460771e+02 -1.599654772288061891e-13
-6.432588800705087806e+01 3.021365181088021927e+02 1.582379497802146950e+01 -1.596304639684800861e+02 7.495377786851821611e+02 -1.534053545935913411e-13
-5.958253473989140758e+01 4.436723657673779826e+02 -4.144123554859308456e+01 -1.067966300614494486e+02 6.572601461226712445e+02 -1.479932542644610527e-13
-3.444826144179874916e+01 1.519291141626082151e+02 2.097288627807845973e+00 -8.097410385054590165e+01 4.191941486787715121e+02 -1.142292939030167308e-13
-2.465237528996200922e+01 6.850453189030585577e+01 2.021963635463230347e+01 -7.595829410137571358e+01 3.306839128255811602e+02 -1.015965709958858406e-13
-4.109537773743403477e+01 4.601563674295312012e+02 -5.545142945725314831e+01 -7.235073702182604904e+01 5.033522696165217098e+02 -1.517676908168852512e-13
-1.880170529953880632e+01 -2.186536537715494788e+01 5.207978416180854708e+01 -1.231417281850917931e+02 5.101664275283529832e+02 -1.058575667429104636e-13
-3.414514192756590916e+01 1.062717226891258235e+02 1.897904221963229787e+01 -9.130239496036033131e+01 4.140138360782234486e+02 -1.036651398430189195e-13
-5.791497260618573506e+01 5.454159634231139080e+02 -4.122961398699943913e+01 -1.202729186795768470e+02 6.716681708570775982e+02 -1.763608542397267289e-13
2.061704006995293437e+00 -1.545604232635810433e+02 5.543840429858316554e+01 -8.699728339137645605e+01 3.432445761841358376e+02 -8.279667629656077481e-14
-7.137066366642795856e+01 4.976191737222885649e+02 -3.542287179289252208e+01 -1.385982619418940089e+02 7.928080773637402672e+02 -1.660969791907913883e-13
-5.377501765367628650e+01 2.644883081120923976e+02 1.113750271495661082e+01 -1.354414199292710066e+02 6.446431483618479206e+02 -1.336358169834505955e-13
-2.832798014482845872e+01 1.239665313899536443e+02 6.285605155471010175e-01 -7.889453023290464273e+01 4.351942511006292875e+02 -1.180480917575625229e-13
-6.322771049078925643e+01 4.750849087560204680e+02 -4.341233607805336625e+00 -1.800161687378955548e+02 8.886232244787200898e+02 -1.856391217358258548e-13
-2.581809237274866931e+01 2.658600781291495423e+02 -1.425503326406432159e+01 -6.768322436416140420e+01 3.508460722732627914e+02 -1.300903185511548848e-13
-8.495650769194496377e+01 6.036953587816512936e+02 -5.189513770487582178e+01 -1.316354052182115311e+02 7.735492876210314535e+02 -1.713746280061930056e-13
-1.276182657797534681e+01 -1.782504583932192759e+02 7.381812229477529286e+01 -1.209250646796634072e+02 4.709640522527465123e+02 -1.157446791431360133e-13
-8.665782807579684999e+00 2.075327121571596649e+02 4.862208688619923613e+00 -8.713672229580386386e+01 4.020055586883314049e+02 -1.247615588461784786e-13
-1.084044085134343050e+01 -1.011118945655424710e+02 7.444373292995197744e+01 -1.377735423301273840e+02 5.234877223247020765e+02 -1.140558728795972332e-13
-7.211160706393052067e+00 -4.848567763596125069e+00 1.583345242944280074e+01 -6.724109031000428160e+01 3.541446617338100964e+02 -1.075619078215347053e-13
-1.835767833458361764e+01 -1.336871521033074828e+02 7.200720427386012545e+01 -1.241564058085679534e+02 4.715169270013888081e+02 -9.994912660673148788e-14
-5.344364058282244656e+01 2.609903659813172681e+02 -2.806703464124673086e+00 -1.120956856122464558e+02 5.796357369917292317e+02 -1.294695795947249466e-13
-6.654000702889771901e+01 3.404499375660891474e+02 1.392658084322664358e+01 -1.675463644053093617e+02 7.867348828522808617e+02 -1.559428362092487092e-13
-1.976706729290701148e+01 1.987218876094999302e+02 8.090296175145871516e+00 -1.125692985289967964e+02 5.587787838692241849e+02 -1.381831047921477611e-13
-2.669067259881427745e+01 2.329848530967262548e+02 -1.400914254432261430e+01 -6.260392085453867139e+01 3.393030828118635327e+02 -1.169390909702830900e-13
-5.874043317978439660e+01 3.868657454669820481e+02 -8.950257822944227115e+00 -1.412197978544742227e+02 7.222256887659797258e+02 -1.641403795873116736e-13
-2.035346707201110306e+01 1.409777757824620323e+02 9.740616390107627254e+00 -9.059474507564048906e+01 4.429403087743032188e+02 -1.283915308101369366e-13
-5.652485752575194766e+01 4.072317808345363233e+02 -1.471311816789228821e+01 -1.252592170765026935e+02 6.368790778367809935e+02 -1.460286903624140654e-13
-5.967351466811877003e+01 2.545771811493435166e+02 9.790559776569770278e+00 -1.280150975160243831e+02 6.106391953224482450e+02 -1.404668662192465110e-13
-1.390436579905354542e+01 1.536037444526046727e+02 -4.850077314016814967e+00 -5.671079961371967215e+01 2.993686908201732990e+02 -1.028254326572637516e-13
-5.131059540132847729e+01 3.129339814541908709e+02 -2.344534832556395187e+01 -9.652979670571656357e+01 5.690590632659043422e+02 -1.435070014831614918e-13
-8.875251734613421206e+00 1.740050038459530413e+02 2.568192325862212577e+00 -8.455607373550279249e+01 4.240198060113046949e+02 -1.117045936896314359e-13
-6.048004404568251857e+01 3.425796455930877187e+02 -1.415684956855675658e+01 -1.370342807555049944e+02 7.600311472454579871e+02 -1.417270700464657782e-13
-2.580462765900619004e+01 -1.351722040679613315e+02 8.021388682081813215e+01 -1.348906692623098422e+02 4.921764272541237233e+02 -1.072016641258084368e-13
-7.202409874824762426e+01 3.192912094773132026e+02 6.944571192364183965e+00 -1.486834842992508641e+02 7.202330916242158310e+02 -1.635040990175710100e-13
-1.068666329380806523e+01 -7.565499941940991846e+01 4.435677253365195583e+01 -8.215025080509579425e+01 3.236454639700345410e+02 -1.046539164232636622e-13
-3.820130212993229435e+01 3.363948543948200154e+01 2.719725906580019270e+01 -1.163237757337889349e+02 5.829825449227748777e+02 -1.340749944829661172e-13
-5.652115761731921140e+01 2.594909089455503590e+02 8.213213454616512976e+00 -1.296959391152621777e+02 6.284348374175442586e+02 -1.317211001305206057e-13
-7.063105726765525105e+01 2.819263727289219901e+02 2.272835874688218283e+01 -1.627209225845766412e+02 7.409269099739973399e+02 -1.438104704637342675e-13
-5.816588870511017006e+01 3.680260404976455675e+02 -2.882576099837929107e+01 -9.975306336720636580e+01 5.846912204661100532e+02 -1.440090998598429388e-13
5.979423049034020554e-01 -7.177569970565461688e+01 2.224839386882729997e+01 -5.135645091223257452e+01 2.554651496598822575e+02 -9.412957703686343774e-14
-4.321055274254073453e+01 7.383424134684024409e+01 4.687321925898431374e+01 -1.494809094227381649e+02 6.502233808612254506e+02 -1.306424605490012448e-13
-5.671857276231467182e+01 3.319187421196495507e+02 -1.551824726482171002e+01 -1.053478545730563667e+02 5.635715927072257045e+02 -1.376085073500451282e-13
1.097879576633880028e+00 -1.405138774179024885e+00 1.679656925922326138e+01 -4.542394997866085049e+01 1.987632293330458424e+02 -9.923146202528492221e-14
-7.660280364707736567e+01 2.817957900095547075e+02 3.155682171440602346e+01 -1.855122588778160093e+02 8.376642208974133155e+02 -1.520425312783300005e-13
-1.012858170144647829e+01 4.827870870904470735e+01 2.324001102444741917e+01 -9.123629426450388280e+01 4.289157614799948419e+02 -1.129672898559017880e-13
-3.320607874554297467e+01 3.742248059384976955e+02 -2.134913737271075362e+01 -1.092459115106170628e+02 5.960321453366449305e+02 -1.437270831683338909e-13
-5.490102878698071009e+01 2.466053782527024509e+02 3.939076810848312959e+01 -1.794872277389350472e+02 7.728321475515723478e+02 -1.520212855024704260e-13
-8.021074679578028110e+01 6.003363260621368909e+02 -3.828758896183949645e+01 -1.379303303727081413e+02 7.311260604065035977e+02 -1.765018608473550282e-13
-4.849713705686076537e+01 3.893904507080966937e+02 -2.632561982144724766e+01 -9.559414307817577594e+01 5.249925622509264258e+02 -1.402762439338895219e-13
-6.618727972485209499e+00 3.350324775513073661e+01 3.213743013374978830e+01 -1.195054793049089028e+02 5.728103305983931932e+02 -1.348727669469063014e-13
-2.357422726299271787e+01 4.993352567971507483e+01 2.072044751636278903e+01 -9.117164699165206798e+01 4.434125244715719418e+02 -1.181694697374915238e-13
-1.025357128336034229e+01 3.718101410019167474e+01 3.311790638647387652e+01 -9.398293391968159938e+01 3.922339790052837998e+02 -1.035125927036366953e-13
-9.350958246275341423e+01 5.918957598655756556e+02 -3.647142382423159290e+01 -1.390455599881115631e+02 7.331917628505678977e+02 -1.614778083840923867e-13
-5.229063676231407776e+00 4.273108238753772525e+01 -7.310371915765069950e+00 -4.606154072049233150e+01 3.250937966931024334e+02 -1.080834611709942411e-13
-5.071109568486212282e+01 2.786162191391880469e+02 8.047893474369029576e+00 -1.300140618613563959e+02 6.175657677888565331e+02 -1.374238997892474548e-13
-7.178365789831667065e+00 1.222272527467291070e+01 1.451759457074058446e+01 -5.716141719600643256e+01 2.822565290234998656e+02 -1.027092419467977148e-13
-9.307271507781280206e+00 1.482730943044180094e+02 -4.516288429004008620e+00 -6.044408451056367682e+01 3.262489682889520850e+02 -1.135670623963899716e-13
-4.727053484847561293e+01 3.479111865433366120e+02 8.293112632110481997e+00 -1.492989474069425739e+02 6.946766020828384853e+02 -1.650301209363766406e-13
-1.629915572793064094e+00 -8.410022268575595206e+01 3.473018508413095162e+01 -7.662151582814837525e+01 3.543871703231555443e+02 -1.027381009715866507e-13
-2.356034501338972120e+01 -7.146108537681676864e+01 4.733039294925307416e+01 -1.099595527450616572e+02 4.884628030305245829e+02 -1.059850280067073344e-13
3.562815950090201245e+00 -1.647336748167247151e+02 8.978793843394048224e+01 -1.643546161473447853e+02 6.506422733018991948e+02 -1.196885392171227532e-13
-1.924659581974473355e+01 -3.190046304016679528e+02 1.585418009645053701e+02 -2.425033284160269318e+02 8.488429648498704410e+02 -1.353938161965654940e-13
-6.242481604555428731e+01 3.266684652544327605e+02 -1.280301972809788635e+00 -1.206064483628983339e+02 5.787614597757856245e+02 -1.382896006401004498e-13
-4.089271380110258747e+01 2.775614031676125748e+01 5.857290757289970173e+01 -1.492827903111065666e+02 6.077971261023214993e+02 -1.262539627283473456e-13
-3.766490691377884303e+01 3.307179083099393893e+02 -1.586074288748724115e+01 -9.734169849442963596e+01 5.128249215962299559e+02 -1.353896279644947797e-13
-5.825057542197705374e+01 3.173701521582050304e+02 3.960786836135214095e+00 -1.244497223176273053e+02 5.778473414887043873e+02 -1.545106859333983596e-13
-9.706700348526270616e+00 6.739639233743258728e+01 1.917411686457397835e+01 -9.892517177793446592e+01 4.926054333903438192e+02 -1.223216106709400619e-13
-1.264114688635302741e+01 -4.855435066768394847e+01 5.047153379606434243e+01 -1.044887172263909036e+02 4.147014125675903529e+02 -1.063144675596727432e-13
-4.238702190404723780e+01 1.497129859837272363e+02 3.035701198235259213e+01 -1.351662789612133224e+02 6.040318746596933579e+02 -1.335958736622026209e-13
-4.308806783712103083e+01 2.293396559451524581e+02 -2.337720345117327181e+00 -8.650839827835298479e+01 4.278878337839718142e+02 -1.232338237938058596e-13
-9.829610627872689577e+00 1.585197590697241026e+02 -2.274614565286401380e+00 -6.923590366684199182e+01 3.634517299806180972e+02 -1.101556175006102923e-13
-4.478556321923465333e+01 2.989354829092968089e+02 -1.293101203566728863e+01 -9.199534783940994487e+01 4.814813329854391668e+02 -1.335740933207198392e-13
-5.776226548897853696e+00 2.594099900128127842e+02 -2.647214047691995020e+01 -4.739954814223456481e+01 2.975267275129206155e+02 -1.206270844231431790e-13
-1.071089079233029224e+02 5.200173376958613289e+02 1.052193081490947790e+01 -2.229811189618227445e+02 1.049163403873472134e+03 -1.851935030588683330e-13
-5.126605117986510862e+01 1.178874684849846659e+02 3.606875071936264732e+01 -1.493654240874270727e+02 6.862929496723126022e+02 -1.292747375356819300e-13
-1.412914342833543913e+01 2.026476038287656252e+02 1.513801708613664587e+00 -9.476294677970957991e+01 4.783303936067333666e+02 -1.214212050598379199e-13
-5.821271834184320682e+01 3.461586595714387045e+02 -3.022977490024416269e+01 -9.879697836494258922e+01 6.033464746654997271e+02 -1.350742254951044163e-13
-4.671961983253080319e+01 2.240866914577652267e+02 1.537443544160474751e+01 -1.251813932668740108e+02 5.782266325725947809e+02 -1.426744053014385651e-13
-4.192871105418964817e+01 6.839904775917975144e+01 8.424470949455342250e+00 -1.082925847853212673e+02 6.237420826172433408e+02 -1.239584943456552105e-13
-2.232839127276167801e+01 1.142064299783666570e+02 -5.283369244956944044e+00 -6.020065419390851957e+01 3.545861225663177834e+02 -1.247763914903425335e-13
-4.900266770805179561e+01 3.114091244656161734e+02 5.932960556264052165e+00 -1.279712136294970577e+02 5.932665538117996675e+02 -1.428357989461977986e-13
-1.866546246223808225e+01 5.607775379511917890e+01 2.497494825422367271e+01 -8.403567855340902781e+01 3.636501326621237240e+02 -1.033462223284722979e-13
-2.886532941837323563e+01 2.551226833148418507e+02 -6.253527906902672129e+00 -8.848933883226054320e+01 4.473387136490337639e+02 -1.232187113447643659e-13
-4.973969926570270417e+01 2.935383161004432395e+02 7.196384113151122364e+00 -1.341104612575853992e+02 6.395874980454854040e+02 -1.418463123622768900e-13
-4.129539110903674093e+00 3.218900152260433600e+01 1.723902855318090488e+01 -7.982685800133917553e+01 4.025070616930542542e+02 -1.029155139837230021e-13
-9.195872540763690983e-01 -1.461678482621422575e+02 4.724388918481562882e+01 -6.232089328549313478e+01 2.236939760377306072e+02 -8.129988220482778499e-14
-1.943109813600022306e+01 5.735550457489402731e+01 5.011833384151450410e+00 -5.511480354079564137e+01 2.962253800103952699e+02 -1.008127600061846286e-13
-2.593282297362757660e+01 3.615209434925698417e+01 4.736975409530540304e+01 -1.227765504460294324e+02 4.952252082200359951e+02 -1.236013149826207457e-13
-4.440340903567695108e+01 2.853872245978928959e+02 -3.401966349028105352e+00 -1.043222948545000150e+02 5.132459370260974083e+02 -1.291214556478901548e-13
-2.605343873191157300e+01 4.098681508274437846e+01 4.586752678565976993e+01 -1.234323990924645784e+02 5.057065171227255291e+02 -1.150511671336362662e-13
-6.794907914994847431e+01 3.637079484855582336e+02 1.661355677897112670e+01 -1.847211688818057667e+02 8.678717386117456272e+02 -1.640097765735999390e-13
-1.335238230038788920e+01 1.098846232804811223e+02 1.097353582277248485e+01 -7.467128700498429339e+01 3.508555753780701139e+02 -1.052577076925069608e-13
-4.269047913475663591e+01 2.763071679598355672e+02 -1.142685339016293966e+01 -7.151602116623665495e+01 3.508030238430932286e+02 -1.162115065521238592e-13
-3.909165635833799257e+01 2.238021903120850880e+02 1.169339368683104041e+01 -1.157625253880779468e+02 5.387060027122436168e+02 -1.380525013387693362e-13
8.883311745637533230e-01 -1.366077543243103207e+02 4.364329204652187144e+01 -7.234512372984534068e+01 3.071318832006987805e+02 -8.577759253887000676e-14
-5.427481527375863379e+01 7.048749291841063496e+02 -5.648481759196160112e+01 -1.449541631513075401e+02 8.180859413998458649e+02 -2.047095476765705617e-13
-4.758901499738713170e+01 2.517729464607352270e+02 4.299200493805588330e+00 -1.179050304811649141e+02 5.799278324730343002e+02 -1.305158140524719902e-13
-1.105854667702385541e+01 -6.940434887785555418e+01 5.015688424378865307e+01 -1.053541030602879687e+02 4.378719910061117275e+02 -1.113035137445061421e-13
-2.154669267979871350e+01 1.902599632322520335e+02 9.336384649512849521e+00 -1.075905956056443529e+02 5.235446999278535714e+02 -1.339249246892992585e-13
-1.919964634976179596e+01 1.854530662682163609e+02 -4.631865709220671867e+00 -7.247038019961003386e+01 3.804948005703438980e+02 -1.123062165422492061e-13
-3.787362806260462378e+01 3.432401907419561553e+02 -1.162638712725088652e+01 -1.251538528293614121e+02 6.634552189350451954e+02 -1.628122551180748011e-13
-5.044869199744227650e+00 -8.764166695277836538e+00 2.277268647227034037e+01 -8.814576684595016332e+01 4.530906314523645051e+02 -1.143018038137698887e-13
-9.216487149727794304e+01 4.152638680909241202e+02 1.338781386775994875e+01 -2.091676453873520245e+02 1.014977811671732979e+03 -1.884384324750158706e-13
-2.619559204125044971e+01 -1.174025920085447723e+02 8.163299898013350742e+01 -1.413676095510098492e+02 5.135549610908959721e+02 -1.165046835458262441e-13
-3.391576338355829279e+01 5.128438513898242235e+00 6.721484404384041511e+01 -1.674263655984689763e+02 6.910306869658892310e+02 -1.391021599978862293e-13
-8.436828313154252612e+01 2.313381567616079053e+02 6.010361565275345441e+01 -2.284110973005426217e+02 9.802207915092798203e+02 -1.563452670388226955e-13
-1.658577715573901301e+01 2.437238417383506999e+02 -7.009259989903023680e+00 -7.903279077998277558e+01 3.969906718297398243e+02 -1.193710041741970691e-13
-4.584949783943611124e+01 1.957890457585670276e+02 8.090384966832813163e+00 -1.101367932856928462e+02 5.445817908534244225e+02 -1.237070709904693369e-13
3.594087830019818686e+00 2.196116569358626691e+01 -7.532586863412799261e+00 -3.062091651087696675e+01 2.379883622556510261e+02 -9.070019821082867791e-14
-2.776899296650007543e+01 2.473627217801107463e+02 -1.457333909429625152e+01 -7.196713278158090077e+01 3.952922236254374866e+02 -1.321223144881130457e-13
-6.523093167546946347e+01 3.627392791735615560e+02 8.472647781191827931e+00 -1.558627092296588899e+02 7.267472147479704745e+02 -1.464668390973392266e-13
-7.013676742672738840e+01 3.718165580330283433e+02 6.130173356191635392e+00 -1.674688538289838391e+02 8.131117492006956127e+02 -1.624778641671964927e-13
-1.273953011610213792e+02 8.841696701985249547e+02 -7.399818083401461877e+01 -1.847189143877040181e+02 1.065792746568466555e+03 -2.022373239598507732e-13
-2.004381276099855924e+01 2.365138820774245971e+02 -1.693369431169737283e+01 -5.886234944173661177e+01 3.302971543416207396e+02 -1.099346207538212117e-13
-2.285974441444041361e+01 -5.103270368163620674e+01 3.094986603143471626e+01 -7.719398678796021329e+01 3.581425668825947355e+02 -9.701737001638934238e-14
-3.611766453217906303e+01 2.513273387644805723e+02 2.128788021897903704e+01 -1.716156429421369580e+02 8.324649128127547328e+02 -1.569921791771087277e-13
-3.918995000759893088e+01 3.940247529770756501e+02 -1.229864634362420794e+01 -1.336889375915487506e+02 6.877910187764069860e+02 -1.603397932613422791e-13
-1.480402989668744596e+01 9.135595486232752194e+01 8.628524443978381697e+00 -5.414849980962991793e+01 2.415400113954551955e+02 -9.958647647369138316e-14
-1.760031203205784678e+01 -4.484617469738327600e+01 3.529360767157097456e+01 -7.177210470308276058e+01 2.893008280614432692e+02 -9.315209210650720456e-14
-5.329894303908707798e+01 -4.433011409910287881e+01 9.703585221531403704e+01 -1.995668100195698855e+02 7.523573485879696818e+02 -1.312574805334948540e-13
-1.904693501801569155e+01 5.398961321821492021e+01 -3.265449600241612238e+00 -4.775886260137259853e+01 3.022987571845489470e+02 -9.836872122938013805e-14
-4.453800522177258081e+00 3.184879960627811712e+01 9.618063071704430200e+00 -7.543508377465680326e+01 4.220763930595571765e+02 -1.201127957890897259e-13
-4.258405641161004240e+01 9.009492434560890217e+01 3.198549340978180666e+01 -1.150794926436497860e+02 5.024031150965029155e+02 -1.162141931430872894e-13
-4.974911303677027519e+01 5.821983607918804182e+02 -6.562248021316167979e+01 -1.027868217460744518e+02 6.833954724106739604e+02 -1.794430384353720171e-13
-1.755736792108289990e+01 -1.980479612303537920e+02 9.258406863082814198e+01 -1.427394182493144683e+02 5.119068806285938535e+02 -1.131027555820227323e-13
-1.313302764768447162e+01 3.137316398836442772e+02 -2.786797782043356975e+01 -6.351187957263250894e+01 3.748400104037183951e+02 -1.223117801709964115e-13
-2.745855052372560223e+01 9.401853229286207636e+01 2.635370198754590731e+01 -1.074652640700920045e+02 4.844226662598765074e+02 -1.217181333383055988e-13
-1.363336350893989568e+01 1.813206658139848741e+02 -1.437960188321514821e+01 -6.408435998375686893e+01 3.896313226947797830e+02 -1.306838020551569668e-13
-4.918776764532555745e+01 3.136453535303808593e+01 6.014576829604927610e+01 -1.513903531187595490e+02 6.092311906826581662e+02 -1.136818834160668340e-13
-1.044170315563503664e+02 3.764074415388805619e+02 4.292353095690495479e+01 -2.378187924586233066e+02 1.046876312511875085e+03 -1.789934703287322953e-13
-4.565254923407914944e+00 -5.598916708881063187e+01 3.928030792234908830e+01 -7.681151338072692170e+01 3.058248225477312303e+02 -9.713250995124925542e-14
-4.789273127655539497e+01 4.086272325882019629e+01 6.090368680790465561e+01 -1.664535099837726477e+02 6.986562336232012740e+02 -1.445676625989679876e-13
-8.203518950610565241e+01 4.711162480698480977e+02 3.616128800543116029e+00 -1.927132927505062696e+02 9.259037066923172006e+02 -1.840491036451448366e-13
-1.049615186975436671e+02 3.138177933400182269e+02 6.437365443333678172e+01 -2.688612052092882436e+02 1.164130621570522635e+03 -1.772383083076395585e-13
-9.197143992027594095e+01 4.355583514853152565e+02 4.345038021189399302e+00 -1.982387622566714924e+02 9.845336024954373215e+02 -1.829419528343313052e-13
-4.232469551426190435e+01 1.365961758949764260e+02 4.090450011287439480e+01 -1.529140944121103587e+02 6.653959473381285079e+02 -1.480540343547433562e-13
-4.030775140975311643e+01 1.082074243720006024e+02 3.296536169773107616e+01 -1.185877619692128491e+02 5.063864153039615417e+02 -1.334762644102973044e-13
-5.356991578622885442e+01 1.836547602450346517e+02 3.479892479002558758e+01 -1.546177631428253676e+02 6.813685895543437709e+02 -1.479643723940009872e-13
-2.894260959939800770e+01 2.685541447583697163e+02 -8.794051920549160073e+00 -9.432303163863132056e+01 4.929619692389927081e+02 -1.502186710261283690e-13
-1.909489361310345146e+01 3.105531094763466982e+01 4.108070741466855225e+01 -1.160790796800944236e+02 4.942554463845407895e+02 -1.121950179255459495e-13
-7.469738693075587577e+00 -4.657865199577542370e+01 3.134789191746277837e+01 -6.759765437530489862e+01 2.877996210135605679e+02 -9.665969663258486470e-14
-1.656058064544036483e+02 1.246967402248458257e+03 -9.562112165052710111e+01 -2.580160453677577266e+02 1.430302556108253157e+03 -2.591122886608518636e-13
2.755875860128977450e+00 -6.619087476576100926e+01 3.043054234034306305e+01 -5.656727973692403566e+01 2.339479017694752940e+02 -1.139564122750597840e-13
-2.553610243434237859e+01 2.157556292507512410e+02 -6.255169704410419307e-01 -9.175259663821198330e+01 4.621619580906969418e+02 -1.262266146662320101e-13
-6.211886305663909980e+01 -3.640764634243186038e+01 1.051038041018042861e+02 -2.423286770045841649e+02 9.823067638913037172e+02 -1.432078997562768942e-13
-5.086344720052203883e+01 6.620253881555728981e+01 3.991851806601533070e+01 -1.400800672790734609e+02 6.372098453331423116e+02 -1.358179884155223007e-13
-2.349080216775412566e+01 3.492509909001555002e+02 -2.529252686068439360e+01 -8.503966906218565214e+01 4.769379372435772666e+02 -1.428039059975385252e-13
-5.648331859435285374e+00 3.058201200209396688e+02 -2.375945988104772866e+01 -7.503274396472380658e+01 4.317809489572725852e+02 -1.369219894003692250e-13
-4.571490966195273842e+00 -1.402841130700960264e+02 4.433254390778134990e+01 -8.520034113528710407e+01 3.918435071425431602e+02 -9.753561283256513858e-14
-6.743577562941372605e+01 3.567746380229573901e+02 5.914650329638288184e+00 -1.607945400872752941e+02 7.806858343059745948e+02 -1.657949958343559742e-13
-6.372101385580925381e+01 3.631748872281373224e+02 1.358254190838118491e+00 -1.544820547662062893e+02 7.627427939624765258e+02 -1.474839344135484067e-13
8.186176369369456696e-01 -1.310966650115587129e+01 1.282113906384157431e+01 -4.183713771707058982e+01 2.087379519949999178e+02 -1.137195044000966020e-13
-1.038041255210412288e+02 5.451131463695194270e+02 4.631383874115456045e+00 -2.099923812673323482e+02 9.811358321922803043e+02 -2.022082865969007515e-13
-6.335625911478886430e+00 -2.974644788680690795e+02 9.520061522251604913e+01 -1.262458386303825790e+02 4.573755778044226190e+02 -8.651034514080331260e-14
-3.130521444411771981e+01 -1.109913281220024714e+02 9.200667629428690475e+01 -1.527757200878540402e+02 5.190478199476863210e+02 -1.171660245287818239e-13
5.761228028445485982e+00 -2.050301925848557403e+02 8.400842347904767848e+01 -1.408909985882156946e+02 5.595793455690539986e+02 -1.118866661187347090e-13
-5.538945906589513690e+00 -4.616121173401984947e+02 1.466991505390277837e+02 -1.779117551999924274e+02 5.953921869781943315e+02 -9.302577614605414993e-14
-1.399592664251130891e+01 -2.756182834599807663e+01 3.887098164664804045e+01 -9.189991139211387861e+01 3.889776536464880223e+02 -1.081985916602550105e-13
-6.980887106626337868e+01 4.986915653970206677e+02 -2.174944765136204339e+01 -1.393356449263614536e+02 7.093400195251003879e+02 -1.603744105402634482e-13
-6.304861140494921301e+01 3.368766308931845401e+02 1.226861875118795275e+01 -1.666982611108287244e+02 7.942877444922344239e+02 -1.570805996647412503e-13
-2.158387827498027889e+01 5.254705167649004238e+01 2.554454654763176435e+01 -1.032490894134811867e+02 4.917674001962275838e+02 -1.247606853253417491e-13
-1.709350292266987736e+01 5.258031268353041696e+02 -6.268129538313017690e+01 -8.938993325761360609e+01 6.159586553373103470e+02 -1.645861258849202761e-13
-5.914394208288886290e+01 3.490255819913684832e+02 -7.050661725601046204e-01 -1.433010102282389084e+02 7.112047843347725120e+02 -1.479007159112689791e-13
-1.671896005895631987e+01 5.018892708624822774e+01 1.254265784458289268e+01 -6.949293980023806228e+01 3.498932259382357302e+02 -9.946909185678744340e-14
-3.560801037115420087e+01 9.416837193545126183e+01 5.184104150220459672e+01 -1.460741037247237557e+02 5.805229338529032930e+02 -1.167001134066093756e-13
-1.362278167236361348e+01 7.794846478682589119e-02 3.723527200884691268e+01 -1.000764680949693570e+02 4.341019478750162648e+02 -9.993823369998161066e-14
-3.355848679387135292e+01 6.575113923378609337e-01 2.354965615091024489e+01 -1.029111745540886602e+02 5.404480901266632600e+02 -1.214617803118325527e-13
-5.779638227889964952e+01 3.810603392909755485e+02 -5.984922118203217067e+00 -1.531633516148738181e+02 7.877861904907376811e+02 -1.568769748053780734e-13
-5.742313026097716211e+00 6.572728773504502442e+01 1.215101073806261311e+01 -6.438419687162084415e+01 3.066284758777935622e+02 -9.456854333582546954e-14
-3.438782332804648689e+01 5.414972973752968954e+01 3.450314312548776030e+01 -1.197479071604083316e+02 5.440914143275084598e+02 -1.161416825690864133e-13
-2.785020069851273306e+01 2.382658054341064968e+01 4.830372517265539756e+01 -1.223365107419082278e+02 4.953466391169832832e+02 -1.164616578184555220e-13
-5.954128713982492371e+01 4.168174199176425532e+02 -1.883787558440245391e+01 -1.256837764188736060e+02 6.591194648871211257e+02 -1.644155252107721095e-13
-1.330539423307352820e+01 1.622835600638535141e+02 -5.995182256994753267e+00 -6.265529928517759117e+01 3.402882908980449201e+02 -1.075917889001847847e-13
-1.277539215314873111e+01 2.595856714651088026e+01 2.865787992238187343e+01 -8.288313667958286146e+01 3.544505158731931260e+02 -9.606645741757904104e-14
-8.367491466986932380e+01 3.584259816750483196e+02 3.485562112344187824e+01 -2.148331208054746639e+02 9.572799828267332032e+02 -1.738120567821014421e-13
-4.442553451774406881e+01 1.831798670051818760e+02 2.362809706996507586e+01 -1.274141234967051162e+02 5.704257336168113852e+02 -1.354006860311570511e-13
-2.444686678730987239e+01 1.681876163869750371e+02 -5.060403197912677342e-01 -7.440055387559444000e+01 3.797271335829040027e+02 -1.156789653342149666e-13
-6.389955551546336920e+01 5.551109967216532368e+02 -2.480979698112485465e+01 -1.909084963739677221e+02 1.034178310791736976e+03 -1.988730635983732361e-13
-9.418230342555720824e+01 7.221484743669617501e+02 -4.362701819163160621e+01 -1.677452731594385966e+02 8.761952414255400754e+02 -2.002083266315738780e-13
4.468920088657479806e-02 8.241213538891027923e+00 5.601945357350549415e+01 -1.456302869765957269e+02 6.139612194303132355e+02 -1.169630032356249362e-13
-1.069838355934891183e+02 8.017170522717937047e+02 -7.353372194830672015e+01 -1.549812467423925000e+02 9.235376875001010148e+02 -1.956480522510876626e-13
-1.854874903362919625e+01 2.359872327384208575e+02 -1.674842330402720236e+01 -6.145628160024003250e+01 3.469359776076493063e+02 -1.222665045898578968e-13
-3.020111552225541285e+00 9.492885880670058896e+01 -3.312175611110042439e+00 -6.297120400827755304e+01 3.747578790068908461e+02 -1.136599447851929568e-13
-2.804315019485210669e+01 1.970549617499289923e+02 -3.766727815052551165e+00 -7.069052232907449707e+01 3.544503571060139961e+02 -1.057708323347631613e-13
-6.569291595460488509e+01 4.717136117288831656e+02 -2.953985914737419805e+01 -1.079995508588209248e+02 5.684428185210861102e+02 -1.520224016652434561e-13
-8.308842630120460626e+01 6.249319662995545741e+02 -4.966929631176255810e+01 -1.469230329705266342e+02 8.464410809319488180e+02 -1.890972718072134852e-13
-3.585655304272983557e+01 2.730622602684381377e+02 -2.166654069439020702e+01 -8.573917763333662378e+01 5.144404256348384479e+02 -1.350809329381073298e-13
-2.741608699947517991e+01 -1.669337357732869123e+02 9.444676421043254777e+01 -1.664144408144098009e+02 6.362489475081773662e+02 -1.131567224023981285e-13
-5.157134074482618047e+01 1.679076176389764896e+02 2.939833120274100153e+01 -1.510876629037313421e+02 7.038323359034752684e+02 -1.560886581563297355e-13
-1.458232177658170592e+01 7.425037490418523589e+01 1.492343263081691962e+00 -4.812872075417187290e+01 2.593887750358344988e+02 -8.458341891903581075e-14
-3.538604725016138275e+01 2.841435115371281768e+02 -8.157971565451424212e+00 -9.961545442684504792e+01 5.129993519324132194e+02 -1.409616360377012610e-13
-3.338782603480619571e+01 1.238753502124354355e+02 2.775191178767932598e+01 -1.439801420999745574e+02 6.989884671518578898e+02 -1.323308879551099717e-13
-1.769187186918012600e+01 1.002294094482359128e+02 4.153595055745396003e+00 -7.542464385370770685e+01 4.067329767242966909e+02 -1.217840518263428509e-13
-2.508385673784283298e+01 4.112501309949152528e+02 -4.438683899389391740e+01 -8.123434912756736992e+01 5.281328533017083373e+02 -1.380779390733833523e-13
-1.945166408759127918e+01 7.958817357485814625e+01 5.278917638555281400e+00 -8.896735333734473272e+01 5.057499861151919163e+02 -1.164366039332956759e-13
-2.415177824513849103e+01 1.828056293287572771e+02 -2.338805346692684584e+00 -8.083551497232738825e+01 4.239837211167447890e+02 -1.202317613844342732e-13
-4.971215853615527891e+01 3.248461284222850054e+02 -3.805836780886774129e+00 -1.239565754079239213e+02 6.188114653601672899e+02 -1.358084736243760302e-13
-2.708754743732890802e+01 1.785807264110532628e+02 -4.860540024009044058e-01 -9.499911042386109727e+01 5.104378117734357261e+02 -1.198377701217461605e-13
-1.371744791205464651e+02 6.237231282159608554e+02 2.173595026817560338e+01 -2.850234371900818360e+02 1.318118349854370763e+03 -2.044322985767292619e-13
-3.460117716520245068e+01 1.643539001322681656e+02 2.088465348915184450e+01 -1.121967991149221859e+02 4.995509236064170295e+02 -1.280166762831484437e-13
-6.836137946203584193e+01 3.967179960336987392e+02 -1.301838012029441849e+01 -1.257870173942915528e+02 6.372987043771989875e+02 -1.527091652980476597e-13
-4.214520859820726884e+01 3.384792060647453127e+02 -1.484490231483715306e+01 -1.125140029130046031e+02 6.026082143975036161e+02 -1.394352080706164442e-13
-6.441279840634310005e+01 4.532709148295945170e+02 -3.641756085156220024e+01 -1.209078433733569256e+02 7.128711058504635503e+02 -1.538151747570266623e-13
-1.278935661452485419e+02 4.957540846272220847e+02 3.523209961428221959e+01 -2.696576360402644923e+02 1.222440187916157583e+03 -1.964931964518669067e-13
-7.585959025103663578e+01 3.411802627286556913e+02 9.103523683501553165e+00 -1.639816079818144203e+02 7.931442596163717553e+02 -1.544543828622407157e-13
-1.304810165491431384e+01 -7.166832319951016927e+01 4.047054769719179035e+01 -7.679473069199059410e+01 3.096160271939083941e+02 -8.162943264913334593e-14
-2.651148144334335299e+01 2.345917369001512611e+02 -1.220829289386027305e+01 -7.391693091678889971e+01 4.026359546872425312e+02 -1.143781415707513042e-13
-5.478558944964945709e+01 4.316908006403319860e+02 -2.676838913887615590e+01 -1.108131052038754376e+02 5.990334006394045900e+02 -1.463518206316216689e-13
-7.040345826675286389e+01 5.690796861273560125e+02 -4.670425765131744811e+01 -1.204356427054441525e+02 6.904450809991564029e+02 -1.614943235890877874e-13
-2.157928334245903912e+01 8.048332498265239110e+01 1.492404035031836074e+01 -7.342002655338674799e+01 3.387492970722428822e+02 -1.079215862118456813e-13
-7.639876665443408399e+01 4.470436916898596564e+02 1.314657753689967201e+01 -1.917943775827417028e+02 8.763489143539484303e+02 -1.652640464766186878e-13
-2.676796952819782405e+01 -1.496394457994466975e+01 4.653177591896871235e+01 -1.208643540400643559e+02 5.253381623905190736e+02 -1.047567334754929674e-13
-7.040493295187633294e+01 4.720975517748130414e+02 2.651114358058023868e+00 -1.828729781569601585e+02 8.652109072703889296e+02 -1.670958923213885691e-13
3.491023732736509455e+00 4.993612492715488571e+01 -2.997035351165857175e+00 -3.557386335428851964e+01 2.216406328919358657e+02 -9.256649068047216578e-14
-4.869629453659255347e+01 1.167272332026900159e+02 3.955740790058274570e+01 -1.433884103943681509e+02 6.246033683884852508e+02 -1.267984848926811045e-13
-1.663905722519197283e+01 1.148578858844339408e+02 2.644900468099329771e+00 -6.795089711357793760e+01 3.553971108880307952e+02 -1.138343858089118234e-13
-5.740489512390079341e+01 2.990953221091290857e+02 -1.882854784189271546e+00 -1.118523275143027575e+02 5.440508417118180660e+02 -1.341078625201196882e-13
-5.154896378710676963e+00 6.898397372032090402e+01 6.097750920116838280e+00 -5.855770361876391661e+01 3.038587528684556105e+02 -9.955636264903497457e-14
9.996635229911422504e-01 -2.869534046263408911e+01 2.403745139022736055e+01 -5.388836946335860034e+01 2.293333800515366079e+02 -9.100574970375511692e-14
-8.873840209009582480e-01 -5.675194935403194307e+00 1.125121871424506592e+00 -2.989901592009371356e+01 1.979730283785742415e+02 -9.231116677831835811e-14
-2.160644611645422586e+01 1.434297963885834122e+02 1.304315653728829894e+01 -9.398844910449014378e+01 4.427856242497954895e+02 -1.087477598796844524e-13
-3.717092695241235134e+01 2.926888044040944123e+02 -1.932276579587323573e+00 -1.425300459088539640e+02 7.553249394665850787e+02 -1.524547595769736026e-13
-5.617469275454592292e+01 3.216033827533747171e+02 2.365869181514468522e+01 -1.707290642096192244e+02 7.596186622269796089e+02 -1.554860853594259489e-13
-2.571699998183180824e+01 1.314532569143470369e+02 1.458819834040045826e+01 -1.009840472541404353e+02 4.887233583124818210e+02 -1.274422156104222058e-13
-2.474873586404211778e+01 3.768325966010187500e+01 3.985736430803386554e+01 -1.094579129697034148e+02 4.527072338552856650e+02 -1.132205717708522843e-13
-5.128403658266810794e+01 2.186589032504630268e+02 1.658624404552342213e+01 -1.359759512459323219e+02 6.470235574079973730e+02 -1.421836792358825184e-13
-2.437795220859086953e+01 3.852143215765484285e+01 4.850444072618251568e+01 -1.327472268206747685e+02 5.532424284694800463e+02 -1.328170714475226717e-13
-2.769288378948381180e+01 6.044299000128666677e+01 3.384777111839400021e+01 -1.100122076312924264e+02 4.782102142559410822e+02 -1.168166122120732815e-13
-1.201004379729576410e+00 -1.079473297449509204e+02 3.267378782430539275e+01 -5.291613577038372540e+01 2.257372617770197110e+02 -8.713374050102283907e-14
-6.516044274061435715e+01 5.536315490646278477e+02 -2.648578341437933048e+01 -1.515138715815684805e+02 7.811598187091636873e+02 -1.656517447716829428e-13
-5.432472280143178978e+01 3.717354565765165830e+02 -2.097614950292729219e+01 -1.079808175717337235e+02 5.869673969349638583e+02 -1.341953553215833845e-13
-2.208562768874391580e+01 2.349132892466614351e+02 -5.146546857321151469e-01 -1.004847995417127748e+02 5.060665009717959606e+02 -1.469876721878812754e-13
-2.211866117398292531e+01 7.946885478833529248e+01 3.634710525652702917e-01 -7.655925286896648174e+01 4.539229982038782509e+02 -1.089454457166282429e-13
-9.407885138509824685e+01 5.497067969214978120e+02 -1.428016935137170584e+01 -1.686050938921796671e+02 8.207211634956344142e+02 -1.720005800461165266e-13
4.630908746179512647e+00 5.209857073662550420e+01 -9.715735132080988379e+00 -3.555506494096621850e+01 2.629856554213346840e+02 -1.068729548704404711e-13
-4.238568299926420480e+01 1.560500289546484112e+02 3.446211924769960433e+01 -1.365609638217960367e+02 5.824364139705990056e+02 -1.330584165837114527e-13
-6.619878610360658833e+00 2.536547073667090615e+02 -2.416741630055281931e+01 -7.118892408027326724e+01 4.469234013134754377e+02 -1.274769835091928488e-13
-3.986077807770325165e+01 1.394229334615049538e+02 2.086362195878196957e+01 -1.114823234548350825e+02 5.132199814546748939e+02 -1.397228480947972020e-13
-3.314529443672302733e+01 2.069799186495492620e+02 9.123284078551350262e+00 -1.042146920632657014e+02 4.899163017915039973e+02 -1.232246817533857552e-13
-3.173925825455015470e+01 1.838445492228227636e+02 8.321223109512631666e+00 -1.038117043295933968e+02 5.093645810789822121e+02 -1.244130730450460961e-13
-3.767454969350259830e+01 3.352738956758383324e+02 -1.438867501387218262e+01 -1.133055053239863810e+02 6.073629952489940251e+02 -1.496662346329367957e-13
-5.764618902369272746e+01 3.526035317176258559e+02 -4.573252128483879630e+00 -1.253071325491579415e+02 6.123931784719367215e+02 -1.386563198699522211e-13
-2.220217076937848333e+01 -2.354849690381689413e+02 8.379823375694620324e+01 -1.250086941145858361e+02 4.765510135012703472e+02 -1.101826032423582858e-13
-3.995016512169689005e+00 1.948583274250473210e+02 -9.911519719334348721e+00 -7.911137635184768158e+01 4.520627697012687918e+02 -1.317094669168911459e-13
-5.926092542839589328e+01 2.884460092415234271e+02 3.297598731543463835e+00 -1.164885152716117744e+02 5.498497906511295241e+02 -1.410763708089922068e-13
-9.034771655762541798e+01 2.643211708910474158e+02 5.888826613545450073e+01 -2.334828865161786950e+02 9.978475032365128072e+02 -1.576733384229860723e-13
-9.545395944796511856e+01 6.896965485772217335e+02 -5.500522278838543144e+01 -1.418090127627449988e+02 7.986223580308558212e+02 -1.797651062736609326e-13
-2.005281064292894655e+01 -3.973288822013063992e+00 3.977195179168046479e+01 -1.082923274249987315e+02 4.760584200757636495e+02 -1.099588943071792206e-13
-3.365561752801598061e+01 3.291784315178393285e+02 -1.238548071022418995e+01 -1.060186914105994305e+02 5.500184554635360428e+02 -1.293763217762701548e-13
-5.772046180398866255e+01 2.998171532013982983e+02 2.548318577445926714e+00 -1.290128402489959853e+02 6.304887803027514792e+02 -1.456553604463258222e-13
-3.239107561397718271e+00 1.089436345133657937e+02 1.220137661437532017e+01 -9.014868994156739745e+01 4.477321223266222319e+02 -1.162090923418231273e-13
-2.725143718809263760e+01 1.128302986240457813e+02 5.273370003571868025e+00 -8.279149199027938266e+01 4.398146474247952256e+02 -1.130199179950765580e-13
-5.689586015591986978e+01 6.488779411788816276e+01 6.439581774437098716e+01 -2.089218215330278667e+02 9.441156969407946917e+02 -1.472177092134006629e-13
-1.021410851646841280e+02 5.198619069328476598e+02 2.538689671840329787e+00 -2.158188074950673183e+02 1.052292537664979818e+03 -1.888068311937776118e-13
-7.024649447610900665e+01 5.346017086441263899e+01 9.764996829841864212e+01 -2.402477697592395600e+02 9.499894319435682064e+02 -1.369291299606029947e-13
-3.689627190680653968e+01 2.062012727037410684e+02 -4.797850353652723387e-01 -8.689682257742835247e+01 4.356103270695572860e+02 -1.242752955831805796e-13
-3.965836657531400533e+01 -3.638542609882308909e+01 5.826325102464259942e+01 -1.350166148152911205e+02 5.610493629253436438e+02 -1.051152783678554855e-13
-6.987492498928580709e+00 1.935181848382447711e+01 -7.169138058770615274e+00 -4.718358838171751302e+01 3.489283916119466085e+02 -9.942905205518446089e-14
-3.416907612622261325e+01 1.034839373769887771e+02 2.033063627076688107e+01 -1.097733978447378860e+02 5.315814585433629418e+02 -1.206357530651957111e-13
-1.189554873831729083e+02 5.822620299173925105e+02 -6.043230142847860087e+00 -2.037982637737103744e+02 9.805851220784854831e+02 -1.869687337688620364e-13
-3.194446972671370233e+01 1.567165953583398732e+02 2.274702062927631729e+01 -1.298179683127637531e+02 6.116984663743776309e+02 -1.375359348175000650e-13
-2.326135492694787388e+01 9.433346460981944404e+01 1.943780102525325759e+01 -8.609100994232504434e+01 3.848186208322688344e+02 -1.153088521739166373e-13
-4.254253553834875845e+01 3.307168595241188882e+02 -2.204396096039628006e+01 -8.668104713745006507e+01 4.807844642562431545e+02 -1.360862456744366355e-13
-7.833077206533874914e+01 5.783284304585311020e+02 -3.580147723624587286e+01 -1.452708197534251724e+02 7.807293488187799539e+02 -1.797909899358745146e-13
-9.636480904925946334e+01 6.321862670447549135e+02 -1.863951897647729083e+01 -1.947254520565667519e+02 9.636008482394723842e+02 -1.879218330002824379e-13
-1.047299675875269145e+02 3.427752754301625941e+02 4.225176282752937595e+01 -2.420980753138588284e+02 1.104689017242425734e+03 -1.698335342088974124e-13
-4.912095453109716736e+00 5.756106693788282769e+01 -3.197316945614033235e-01 -3.304965792020686166e+01 1.819025067088229832e+02 -1.116351964932693835e-13
-3.839967215135634859e+01 2.493542395678468324e+02 -7.793202782264412321e+00 -8.254411105123021741e+01 4.214802757443811743e+02 -1.254249890733718280e-13
-3.584847165082405951e+01 1.935227022866167488e+02 4.271208237470668578e+00 -9.506237159654855873e+01 4.693821557260554300e+02 -1.237580376887275856e-13
-3.418490637450680936e+01 2.615966787507420577e+02 -6.552332600010521091e+00 -9.698107542216168042e+01 5.015815842298820257e+02 -1.298747914978752679e-13
-6.733179703957428330e+01 4.327256057134943603e+02 -6.551546720377141142e+00 -1.489538730966264097e+02 7.251159554035283463e+02 -1.652814210145945769e-13
-1.123592362953119483e+01 1.228868536922476693e+02 2.224166521218261039e+01 -1.149779229985377356e+02 5.400514112610346729e+02 -1.234223079959055031e-13
-5.158452530561404359e+01 3.709725760896552629e+02 -9.707906862991787733e+00 -1.226056097992710505e+02 6.136292207752254626e+02 -1.560328518559841991e-13
-4.286128917565161345e+01 1.882900754137656918e+02 8.895773577870876636e+00 -9.667531447180061832e+01 4.544346104275624043e+02 -1.214569366876212389e-13
-2.208856725587581238e+01 -2.517832239599522737e+01 4.422738530473662166e+01 -1.026786986672880886e+02 4.253592253819824123e+02 -1.051294060368082329e-13
-4.217962248634100320e+01 7.822989213417874055e+01 5.494944959860715272e+01 -1.575204856366162289e+02 6.492772314422243198e+02 -1.337400722679626763e-13
-1.901302195153172292e+01 1.898096905649251482e+02 -1.115086171863772968e+01 -7.835520068030484708e+01 4.586357680764195379e+02 -1.267217404100572232e-13
-1.305572538324715559e+01 2.058843737943051053e+02 2.109932076659233147e+01 -1.285817046047245356e+02 5.777829377003367881e+02 -1.306902136619899354e-13
-2.802650862385337049e+01 1.045065703647079545e+02 -3.162004563760438813e+00 -6.175482042780214442e+01 3.585729296079443884e+02 -9.964113876622919481e-14
-2.417642331474992901e+01 2.101555503236288871e+02 -1.221966436860829219e+01 -5.882410478822799860e+01 3.192140782693427354e+02 -1.184201901224405202e-13
-6.274031085669128061e+01 4.126682520853116216e+02 -2.599912767428813254e+01 -1.111426795200342497e+02 6.103105032213467211e+02 -1.435877114381893738e-13
-1.377729583189247187e+01 1.703610457502732345e+02 3.667989160053343412e+00 -8.242445603818977418e+01 4.053203946370715585e+02 -1.193997942479062925e-13
-5.240874005340356234e+01 2.710295273016787974e+02 1.267613475236018949e+01 -1.405807615566479285e+02 6.645219237394319407e+02 -1.528086804298122324e-13
-4.516720151833680319e+01 3.220982862725436462e+02 -2.612599920532322884e+01 -8.000842654195707837e+01 4.684268629796383152e+02 -1.192611779689945768e-13
-3.731744831663002770e+01 -7.753022780842483996e+01 7.400894178484394104e+01 -1.527928120723368579e+02 6.099031899445146792e+02 -1.187845221639416347e-13
-3.830785483873780350e+01 1.234151780368964353e+02 2.436733489593207835e+01 -1.341767117801808240e+02 6.551115280908392151e+02 -1.346808268947174336e-13
-9.483730060050577038e+01 5.362247988441325788e+02 -2.315015897095614505e+01 -1.648519441646711527e+02 8.622555556536226504e+02 -1.677331008243339788e-13
-2.056265844696624256e+01 2.458922957793309934e+02 -2.214586875846063307e+01 -6.841802168487645019e+01 4.210476300564673124e+02 -1.321897682559653017e-13
-4.980377574798315976e+01 3.188462139503504886e+02 2.250222913378662870e+00 -1.292853850593140805e+02 6.202350822745107735e+02 -1.478814334055765500e-13
-3.339735718450308610e+01 3.028323630132678090e+02 -3.356038758028351765e+01 -6.275544941590068504e+01 4.142555760636945479e+02 -1.327607496726295507e-13
-1.031448908404292837e+02 7.605700404106271435e+02 -7.154960050088705259e+01 -1.297372218887114457e+02 7.713714766991864735e+02 -1.814116310623427781e-13
2.742153502937685783e+00 7.940928319068196117e+01 -1.383673073137217280e+01 -1.992541791422421937e+01 1.642326760424595591e+02 -9.671966605082558909e-14
-5.705696914358014027e+01 3.545321269393170951e+02 -1.325069092676719862e+01 -1.267341413833546682e+02 6.761844004966192188e+02 -1.601001437980066684e-13
-2.869166180274858746e+01 1.371625173006352725e+02 1.006388568406893924e+01 -8.854355198040104824e+01 4.298845615652206220e+02 -1.229162642927398311e-13
-3.632462482173619378e+01 3.243693404169711698e+02 -2.186060138139663422e+01 -7.289055606331746162e+01 3.915651641784139656e+02 -1.269362349242172907e-13
-1.132035036567126696e+01 -2.195474488865653484e+01 3.735818529563520229e+01 -8.150407337707717659e+01 3.246585411263471315e+02 -1.019441369877197192e-13
-3.081896051429626127e+01 -1.327815568852392687e+02 9.000721257512707041e+01 -1.539181154589857954e+02 5.555707266465645944e+02 -1.149246624772751459e-13
-2.372091025435772238e+01 3.412634810877143536e+02 -2.839907322669278855e+01 -7.413465898014342770e+01 4.294097842560304912e+02 -1.292791176631597006e-13
-3.425952582521571799e+01 1.371641149711709602e+02 2.092616515436629498e+01 -1.003763145910334487e+02 4.398153044028215390e+02 -1.194941286383013289e-13
-1.103223946936932975e+02 5.601117935114026523e+02 -2.489504242057243744e+00 -2.040417146508576423e+02 9.757373656967961324e+02 -1.895167662986631410e-13
-1.346058762979446222e+01 2.800243831983829423e+00 3.658075834669371318e+01 -1.007874602326589724e+02 4.410745258544187664e+02 -1.186954793705185276e-13
-1.606694430314313848e+01 9.358953772279002692e+01 1.369012736529862906e+01 -7.008440956624623652e+01 3.145924486848056176e+02 -1.163930397377067074e-13
-4.775246351702921999e+01 5.480325677583689270e+01 5.397592071936780656e+01 -1.477130840923262838e+02 6.068132234116494601e+02 -1.248910134811380792e-13
-6.548551588634092013e+01 -1.164819072693334512e+01 1.183736401951675106e+02 -2.756818847542356252e+02 1.103277616343372756e+03 -1.615644899835386384e-13
-4.230363627954620398e+01 1.545593493090383959e+02 2.274081982435366456e+01 -1.210550646590954216e+02 5.544122831267928859e+02 -1.271499359186567073e-13
-9.596742403987875702e-01 -2.785134499230985128e+01 1.807347891609246204e+01 -5.309739367677855881e+01 2.616196020798703330e+02 -8.583850462214311220e-14
-2.349062982234551455e+01 7.767881698407100544e+01 3.567909327886972193e+01 -1.159187328260203316e+02 4.935045230571300863e+02 -1.133342382710842267e-13
-9.760210506014969667e+01 7.413494400242792608e+02 -5.626194057387949954e+01 -1.649226085781629081e+02 9.240761854102539701e+02 -1.951077892713290508e-13
-3.803153858521934438e+01 -6.724028889434859479e+01 8.274601815662801130e+01 -1.827758765017908900e+02 7.479112497188006046e+02 -1.276375370173544676e-13
-2.661250881648887301e+01 1.993433163659213676e+02 -1.513400719332757660e+01 -5.903497469827811273e+01 3.472633595209181294e+02 -1.290074627081863220e-13
-3.383659656036848418e+01 3.014958612487487244e+02 -1.458601523427553914e+01 -1.010051394693619500e+02 5.507779211608558398e+02 -1.477293546177251632e-13
-3.244089532381826047e+01 7.919189773337106431e+01 7.404618990322184402e+00 -7.380456786442188388e+01 3.904784499937069882e+02 -1.068269409914161577e-13
-5.529905215050263934e+01 2.361560923557325111e+02 1.326208224548835979e+01 -1.251465605305617714e+02 5.826536027850359005e+02 -1.417515321408448958e-13
-5.501834913311507336e+01 2.837177329940475374e+02 -2.123820131609973849e+00 -1.164429826720400740e+02 5.877688385903334165e+02 -1.338871387054009318e-13
-1.576975569253067455e+01 -1.352649978159252555e+02 7.094935867801537199e+01 -1.075007462270495608e+02 3.674821577162541644e+02 -8.125028554531808683e-14
-1.283766203779146586e+01 1.282383008698092794e+02 -2.085816714967672514e+00 -5.646040216104462672e+01 2.986256122671214825e+02 -1.106388105092503648e-13
-3.177944413492889453e+01 5.139274039522075732e+00 4.590345638719258403e+01 -1.238268672373377797e+02 5.344954282075108267e+02 -1.099923515938497749e-13
-4.485893720001323715e+01 2.511260165349610247e+02 3.154566626496190462e+00 -1.138213961450543223e+02 5.602858264451288051e+02 -1.261405124972519102e-13
-1.686823346738300478e+00 -8.407782795345977433e+01 2.776491840821045542e+01 -5.447092662101256622e+01 2.500954248136470994e+02 -8.455001966217984642e-14
-5.784769559453405918e+01 1.335809107826819115e+02 5.101489260845824703e+01 -1.765223558541669036e+02 7.615309726292271080e+02 -1.378102689924224079e-13
-3.830459977720853715e+01 3.632939893524165313e+02 -1.814510106830852365e+01 -9.986644329621917393e+01 5.204788326317238898e+02 -1.374239139439378377e-13
-4.577620727440994841e+01 1.754519301412186962e+02 1.244311959640196896e+01 -1.144366056699969647e+02 5.605501145099409541e+02 -1.274681143706620709e-13
-1.250810042052358284e+01 9.942048236006571926e+01 8.596300964480946050e+00 -5.598208187637116140e+01 2.481418814387367036e+02 -1.114543975179432673e-13
-6.948791655435307746e+00 6.082714136358600854e+01 1.643396891523372005e+01 -8.108142852665241662e+01 3.950369184652308263e+02 -1.086297710487529264e-13
-5.475578916353237702e+01 2.080741672214299172e+02 2.101375531954501241e+01 -1.534714520698408933e+02 7.440534798182692384e+02 -1.395994868457755005e-13
-4.711019590968127346e+01 1.800615321037284744e+01 4.550596002634178205e+01 -1.487946955842467673e+02 6.954367609480636929e+02 -1.294181302203927814e-13
-2.431373121096703827e+01 2.207229097836299161e+02 -1.613764582590746599e+01 -6.569259126486907974e+01 3.827293620585266467e+02 -1.136239972843173151e-13
-2.010713649161564831e+01 3.116631829484875311e+02 -2.275110297751505328e+01 -7.651236464230228762e+01 4.309677592243878053e+02 -1.202318855573976463e-13
-2.026669882183313476e+01 -1.327169585960734821e+02 8.399781745580527570e+01 -1.655332213160639014e+02 6.721269548645238956e+02 -1.191830675463125690e-13
-1.312743210724419818e+01 1.565652638802039576e+02 -7.137532884590380711e+00 -5.425768674923477164e+01 2.953591217381248839e+02 -9.870563345343573407e-14
-1.138714049132131656e+01 1.532766994691294826e+02 -2.340006936246232527e+01 -3.927514963728882691e+01 3.012819604240700073e+02 -1.034988644583823619e-13
-2.920603109023734589e+01 1.274738245637553860e+02 2.915950479627419512e+01 -1.172646819105304843e+02 5.077130111876315937e+02 -1.260904550799224352e-13
-5.758809177640145549e+01 2.161464693195819109e+02 3.480933825125133829e+00 -1.200809542556062723e+02 6.260055745451387565e+02 -1.477299174296436395e-13
-7.349728579459669220e+01 4.105676891794874450e+02 4.056842308093392191e+00 -1.858446338672212050e+02 9.214370449420342766e+02 -1.611250651694709905e-13
-1.324983694918467592e+01 -2.212642172467573687e+01 3.401550288776244457e+01 -6.824756359146073237e+01 2.570859709434178058e+02 -9.198493502257605474e-14
-5.422654698925316552e+01 8.257615144424889309e+01 5.883692075684739820e+01 -1.600514204566872536e+02 6.381799191094160051e+02 -1.184910352277002748e-13
-2.687840271456797936e+01 1.894271140973028480e+02 -1.037354681288042357e+01 -8.660997549643164461e+01 5.094316761304106649e+02 -1.251361592676331927e-13
-4.043674207298603562e+01 2.816146620401349878e+02 -6.987258360566307225e+00 -1.093238561050889786e+02 5.726252044715795364e+02 -1.354446087958538275e-13
-2.957358947179001518e+01 1.490836052290212024e+02 1.179886871628953493e+01 -1.061938404813475927e+02 5.286583862423691471e+02 -1.264707500989993618e-13
-2.449772870631697330e+01 -2.542518227222554117e+01 4.728746021988572323e+01 -9.765531345554511233e+01 3.721559293049556345e+02 -1.052451720972838204e-13
-8.103347226676648063e+01 3.973784078923119978e+02 9.889094529297118186e+00 -1.891489228451689542e+02 9.159723773300221410e+02 -1.772211834881518451e-13
-2.471659560957874646e+01 2.680680278620020545e+02 -2.154317515981890097e+01 -8.189389480066472515e+01 4.914714992637520936e+02 -1.336425862909217292e-13
-1.532358492273161055e+01 2.687636180062096400e+02 2.388201837582756681e+01 -1.713154712806685609e+02 8.009953059653138325e+02 -1.638692837819223589e-13
-3.379437589165847555e+01 1.505764958737512416e+02 1.828503765049845631e-01 -1.008389557996057704e+02 5.660098292752384168e+02 -1.361309386662331129e-13
-1.332892810188711508e+01 9.721255727134868607e+01 2.100669106712514633e+01 -8.325192557123330062e+01 3.535584469344523768e+02 -1.151866134257816122e-13
-3.612036651513367502e+01 1.907432307922897223e+02 6.270907143777289861e+00 -1.070509534392167694e+02 5.392087192404740108e+02 -1.323403108180484828e-13
-5.252303942706062934e+00 3.427765702015529659e+00 2.698159900126827182e+01 -8.102002969925361242e+01 3.692408999565769250e+02 -1.188135874202736038e-13
-2.287446086815740998e+01 2.054520360100390235e+02 -1.222033499383093336e+01 -6.515253732792832864e+01 3.652237921171931703e+02 -1.118616165854894734e-13
-6.039642372381063495e+01 3.663382155944728993e+02 -6.219960321720024332e+00 -1.393752901562102409e+02 7.074246822248801436e+02 -1.514819273784747267e-13
-2.526020178457156007e+01 6.797546447432428351e+01 2.323336691558882805e+01 -8.896547011476383204e+01 3.992039865064472224e+02 -1.094030874169032814e-13
-2.606140884742937303e+01 4.402975843789764667e+02 -3.808197894002430672e+01 -1.018297882819057065e+02 6.048201556050572663e+02 -1.439598783348396815e-13
-3.060393749020204268e+01 1.325403763333811469e+02 4.337718201800571904e+01 -1.635128272786162142e+02 7.237859211018377437e+02 -1.306486943844549584e-13
-2.610904447536854889e+01 -1.266766087225188784e+02 9.204067173450737016e+01 -1.688609274168627508e+02 6.385072647142394544e+02 -1.112853183284866243e-13
-5.776091873768178431e+01 2.801260224321719647e+02 -6.709539745865598981e+00 -1.217124990075076596e+02 6.552285451893488926e+02 -1.401258911835666640e-13
-2.702647209558552177e+01 4.021386449817129005e+02 -3.237784773262863069e+01 -7.664754461207664349e+01 4.270289108705787839e+02 -1.436148332576846716e-13
-6.344257278446381321e+01 4.133177381998473265e+02 -2.023820744745647460e+01 -1.246346516591551961e+02 6.636154913683712948e+02 -1.489578400017035241e-13
-6.149520391056101154e+00 1.313973188380491592e+02 -8.514568746570672531e+00 -3.852566765017038364e+01 2.169311235692233026e+02 -1.086992800972779064e-13
-2.109590190137172883e+01 -1.823884956143866134e+02 8.350465639315257249e+01 -1.309641353642995796e+02 4.794163992957180085e+02 -9.558086977491310878e-14
-4.999945086871699829e+01 1.829704442832798250e+01 6.393496430125454566e+01 -1.612951331791729785e+02 6.611462861549422314e+02 -1.231341419666173759e-13
-2.210107693662791917e+00 5.586210683140514988e+01 3.316210126420423787e+00 -3.812061416942096059e+01 1.939402629029279979e+02 -9.526761229611954735e-14
-2.122048609343652004e+01 2.581025081863735977e+02 -2.218153910738824663e+01 -6.721549442443205180e+01 4.042106416194910707e+02 -1.167448871832166184e-13
-4.227554169436421461e+01 1.377959549060821303e+02 3.073055024676846969e+01 -1.386175690250503862e+02 6.336060754350476145e+02 -1.390052571180207806e-13
-5.165519837703501338e+01 3.579998965807378681e+02 -2.586254584423534197e+01 -1.079028960193607105e+02 6.278647834322448489e+02 -1.409930507086746777e-13
-4.088470305923876680e+01 3.815362129922627332e+02 -1.204233193725327222e+00 -1.666482475209184031e+02 8.474538711410743872e+02 -1.693736239396319642e-13
-4.396841054955581996e+01 2.465627426081399278e+02 -2.526701183065610312e+00 -9.462088915904588760e+01 4.709708030777712224e+02 -1.315647751306332976e-13
-5.912290456932398541e+01 1.530587997736370767e+02 3.663213735399478566e+01 -1.629389695895480941e+02 7.480666489685391980e+02 -1.473751674784711416e-13
-3.230856514743801000e+01 1.803674632097850861e+02 1.487619161965915637e+01 -1.024548283233370398e+02 4.607873176396064991e+02 -1.247967873969797608e-13
-5.221314447412657245e+01 2.572249161922353551e+02 -4.996077803898582914e+00 -9.940913748608798528e+01 5.111464874181499454e+02 -1.314264554284046241e-13
-2.566831288178105908e+00 1.206160637204500041e+01 2.314048717931582999e+01 -7.770822029736841330e+01 3.652439470519054794e+02 -9.907351264993921788e-14
-4.183684651708245639e+01 2.304310802416536319e+02 -1.344118385692508788e+01 -7.870733356805799019e+01 4.458038945897548615e+02 -1.082395708834110500e-13
-3.324668018145293047e+01 3.748315421360896948e+01 3.029789006586265288e+01 -9.994735053974544314e+01 4.501845315686022104e+02 -1.027108235848329959e-13
-1.099357158166775577e+02 8.335297995451229554e+02 -7.274420469356226704e+01 -1.539091180798164373e+02 8.878701199668606705e+02 -1.921932207141803272e-13
-2.784243835687342905e+00 -6.451874338535866116e+01 4.333718730553209042e+01 -8.827298690319359764e+01 3.631520475501816918e+02 -9.615096066204655746e-14
-5.113206721655926046e+00 2.787582811399168392e+01 -9.117988317151693778e+00 -2.699762217427291944e+01 2.194399075439474984e+02 -8.977162647622254541e-14
-5.924124030923184137e+01 3.430148188345562517e+02 -1.962591141235983372e+01 -9.881749806279678694e+01 5.378338124409765442e+02 -1.241139103604138148e-13
-8.402418657471571350e+00 1.135416974998176158e+02 -8.234372490293552005e+00 -4.403260683772766981e+01 2.652916816361247356e+02 -9.756218593014644311e-14
-3.869566485425623625e+01 3.703150194752771540e+02 -3.159660767912977875e+01 -7.925949125165129772e+01 4.629892080057858266e+02 -1.350144729442740260e-13
-3.001931435621324340e+01 4.456857709040512816e+00 4.547265628924637326e+01 -1.076242728034360709e+02 4.288290726081726802e+02 -1.105560747868685182e-13
-1.495050291158868028e+01 1.149393095224898360e+02 2.644031454922229329e+01 -1.112273352075967097e+02 4.937717912401334956e+02 -1.168149886532672970e-13
-2.348236603321895544e+01 -1.712738639376516119e+02 9.046442064507932912e+01 -1.583721871879076559e+02 6.108974309881187992e+02 -9.847230160440883438e-14
-1.593954243985702135e+02 1.011659448685227858e+03 -6.822684592263692593e+01 -2.416001930924834937e+02 1.317439853099494030e+03 -2.438946968753079400e-13
-1.385260818197815347e+01 -9.889046833334347752e+01 8.233130564095823445e+01 -1.464534557562032262e+02 5.296549158409316078e+02 -1.120924612201410362e-13
-3.497545875836811291e+01 1.477184140429705224e+02 1.118448803529201996e+01 -1.033506871260857878e+02 5.144858575010034656e+02 -1.190489547415410716e-13
-4.743928850877423997e+00 1.190046608213361168e+02 -8.958475506387276743e-01 -6.791649195428375663e+01 3.748093102105334538e+02 -1.094739189454101130e-13
-2.563845742226708424e+01 1.162216127956113780e+02 2.403716036681115042e+01 -1.074609509726468275e+02 4.829098193982036378e+02 -1.163986669339387256e-13
-9.925812635524501104e+01 6.525220484980114861e+02 -4.326332843062613875e+01 -1.567935233452709554e+02 8.514488928683964559e+02 -1.774298734955955136e-13
-5.918440294580684480e+01 3.066317583840991574e+02 4.857963045330248697e+00 -1.478928576152075891e+02 7.376028718393396275e+02 -1.594988160827977178e-13
-1.246759372608956751e+00 3.031475507957217985e+01 2.006992148818661903e+01 -6.902525878524050995e+01 3.131229501072012908e+02 -1.099851800646110815e-13
-1.725450167584026673e+01 8.510066080790889487e+01 2.036427296163862266e+01 -8.845761877105080373e+01 4.015823014940515350e+02 -1.185253291149065169e-13
-8.034271829611304838e+01 6.660671714782769186e+02 -6.383893717787563560e+01 -1.292977036239672088e+02 7.885072618643080204e+02 -1.790461717884939583e-13
-1.986818706043056437e+01 3.744097277189973028e+01 3.691397009854612321e+01 -1.034709808860232840e+02 4.315005422712072800e+02 -1.154108946338734795e-13
-1.898442058213459305e+01 1.663842262765876683e+02 -5.268404401817992522e+00 -7.754824401289343427e+01 4.327386710819966993e+02 -1.173396154556699471e-13
-2.815042054077000344e+01 1.472631540282830827e+02 5.949667006759412402e+00 -6.187027387415918156e+01 2.695008954090482121e+02 -9.924925680027490345e-14
-5.351588239660980406e+01 2.566047720967158057e+02 7.761021822642923951e-01 -1.113252239088302247e+02 5.547185505574684612e+02 -1.341729307590876416e-13
-7.155358847986106774e+00 -1.879514064079414197e+02 8.329581263024070381e+01 -1.215326690720976615e+02 4.214392819866652644e+02 -1.055791977719398791e-13
-1.197465569217194492e+01 1.992470478994426486e+01 3.618656468350873467e+01 -1.032092310253461136e+02 4.472868125765982086e+02 -1.247960637333821142e-13
-1.019569678690717929e+01 -1.207577780386706792e+02 6.710702117708031267e+01 -1.397648077807596962e+02 5.983481690715431114e+02 -1.161789108612369092e-13
-1.916964059796936581e+01 1.687976136244692498e+02 -9.646899111121626902e+00 -5.972493662308065865e+01 3.392010883101068544e+02 -1.111311607454892899e-13
-2.487632595226314791e+01 5.272744961947304176e+01 2.951855126648076677e+01 -9.855394152334106650e+01 4.345989437238169444e+02 -1.275114618073287698e-13
4.919568018622055838e-01 -8.301459240981222365e+01 2.295357123940776134e+01 -6.216793108207846785e+01 3.318972617071802347e+02 -9.876851117402486285e-14
-2.999992336077534105e+01 2.461601850802374827e+02 -1.230647716527516700e+01 -7.521637199388652562e+01 4.034923121939741577e+02 -1.288689647870389722e-13
-3.091083478127731610e+01 1.157257177683761462e+01 4.529696875714017779e+01 -1.165893491098297972e+02 4.849930886198596340e+02 -1.039077356283073961e-13
-1.023921002187680962e+01 -2.464510586019244727e+02 9.746445195948574280e+01 -1.379169364996637057e+02 4.838081057083095970e+02 -9.011290300756152372e-14
-6.111832150079079184e+01 2.488296167177035727e+02 3.516743312692680234e+01 -1.668805402998293914e+02 7.135103633023669545e+02 -1.487893274170946070e-13
-7.930387317749826082e+01 4.892619890376664102e+02 -1.974401607767324762e+01 -1.531508687103822410e+02 7.963016830265880799e+02 -1.706195640573408091e-13
-1.402707021921998631e+01 -9.302491210110419217e+01 6.473862393480513333e+01 -1.307317233027288239e+02 5.324002370921324427e+02 -1.190606015335610918e-13
-3.620281956625284892e+01 1.298752653030912825e+02 2.205413403711964193e+01 -1.177979534508090609e+02 5.550720677026741896e+02 -1.181790927544806245e-13
-5.886857188517867456e+01 4.074300946907906678e+02 -2.313639105899656911e+01 -1.329682650639482802e+02 7.425478731536093164e+02 -1.719869238134527285e-13
-4.011887396096221181e+01 -1.076546249148714764e+02 9.514427697969915698e+01 -1.879575600372026543e+02 7.330099619948971394e+02 -1.287599101000676517e-13
-2.983180925135554773e+01 2.842469020130611170e+02 -9.147146756309277649e+00 -9.851215348430055485e+01 5.118457462050100162e+02 -1.370744613123781283e-13
-6.605418597134199388e+01 2.631864539015053310e+02 1.979064109183627806e+01 -1.711322863474966596e+02 8.300887152381870919e+02 -1.600154755201676075e-13
-5.960368922829233185e+01 2.538738279977526417e+02 2.038962422051062262e+01 -1.519012547991019062e+02 7.038099757247065327e+02 -1.532676224424273489e-13
-7.409864208363312343e+01 4.550928331245796699e+02 -2.029759656730378836e+01 -1.450052026832008778e+02 7.702194189219950431e+02 -1.595260230919183435e-13
-2.093442269171896797e+01 -8.515930288502701728e+00 3.617062938207399014e+01 -8.887057817301304397e+01 3.719098853717507041e+02 -9.345588207466989718e-14
-6.021064094545875633e+01 1.971857072647336224e+02 3.849379736337630220e+01 -1.631499111503807171e+02 7.050959371629578527e+02 -1.360832760046037444e-13
-4.697013706457840954e+01 3.153762725984465192e+02 -4.934234194571613052e+00 -1.095915725273207357e+02 5.364337446300082775e+02 -1.271185415116568204e-13
-2.998455334052755816e+01 2.141125698776845638e+02 1.197627561771187565e+01 -1.392057083729457929e+02 7.016276199303096064e+02 -1.427517497846927707e-13
-1.067670686635753441e+01 8.564393605365565065e+01 1.484057312229489156e+01 -6.342874780319690586e+01 2.683174611332252084e+02 -1.067079418642154662e-13
-1.833434127483429066e+01 1.543376607299492420e+01 3.799840638341361654e+01 -1.076081134860312574e+02 4.685509976203046563e+02 -1.095068353304207267e-13
-3.976118833286802356e+01 2.743738039575172820e+02 -5.247675932328891513e+00 -9.275017843896860370e+01 4.553774803190320881e+02 -1.361524822628946750e-13
7.815954371319183691e-01 -1.304491990677719855e+02 6.507312021190797680e+01 -1.172512145584260992e+02 4.671543787266957679e+02 -1.131665538853104169e-13
-6.710567260566062942e+01 4.400479160090872597e+02 -5.928423180761357436e+00 -1.677939062331511195e+02 8.423971669933960129e+02 -1.806675211532026568e-13
-7.465181026299045186e+01 3.310980089313257508e+02 2.016145308515623213e+01 -1.719598217084939620e+02 7.833240946471632924e+02 -1.645524499102396361e-13
7.360351534791637063e-01 -7.456648712604273754e+00 5.577823484072567339e+00 -4.734090183750910796e+01 2.880059066771379435e+02 -8.766257273586279965e-14
-5.687801986340922866e+01 5.292425578363548766e+00 8.230519672223297789e+01 -1.927135326664793809e+02 7.641965604853446621e+02 -1.277863233975355006e-13
-8.644733138507173464e+01 6.870852007162196742e+02 -4.500209305000950621e+01 -1.679912443750939417e+02 9.124524645482954384e+02 -1.848263454751272896e-13
-2.331307736733556624e+01 1.423133101893427863e+02 3.216393002654510891e+00 -7.972484761766665429e+01 4.106955866153516581e+02 -1.088367643103309085e-13
-1.121817122331802530e+01 1.505866464615987184e+02 -2.463123270267378473e+01 -3.490329988836331410e+01 2.817596771708560937e+02 -1.122124807019490991e-13
-1.576381997468991436e+01 -1.237035549513992692e+02 7.366395972550053273e+01 -1.313889690541181210e+02 5.021792680355540597e+02 -1.098038497908069724e-13
-2.649502288087736090e+01 7.826523976892265466e+01 3.734005144823303368e+01 -1.204028482380671932e+02 5.125741910355723121e+02 -1.122039716376923884e-13
-9.003207517312203834e+01 4.430024598956294426e+02 -4.264938218085906563e+00 -1.746481762167377951e+02 8.756432559673072547e+02 -1.688826152680393586e-13
-2.488614220948288036e+01 -6.057637666425441125e+01 6.089194764135768168e+01 -1.311020291470762800e+02 5.356770723650546415e+02 -1.282230685416325648e-13
-2.003381702289680888e+01 -2.759235254318031139e+02 8.975172044247935332e+01 -1.417640542421449368e+02 5.807832050718839128e+02 -9.398810822398541547e-14
-5.735088846640514504e+01 4.317866705045894946e+02 -2.734655137730318231e+01 -9.702649899028514824e+01 5.099816652635619221e+02 -1.376735150201465609e-13
-1.688986151205191177e+01 5.273097967304271094e+01 3.609472509817729247e+01 -1.162006129865864068e+02 5.110857579039546295e+02 -1.182434266799428277e-13
-4.826818158737153652e+01 2.614276806335014953e+02 -6.702456578153595856e+00 -9.354446107490849727e+01 4.795638491340321821e+02 -1.368510843368902053e-13
-1.219687083837377450e+01 9.918187992179342771e+00 3.893453618696673857e+01 -1.015180467964208191e+02 4.256647199078399808e+02 -1.197483697899933603e-13
-5.786234520511899859e+01 -1.655766637184423828e+01 9.266921406020995278e+01 -2.119997704943673682e+02 8.435029544925722575e+02 -1.320440660064420258e-13
-6.949068851469424146e+01 4.540436485726237947e+02 -1.099865178711349145e+00 -1.711123399093783632e+02 8.234649524698559162e+02 -1.608269213317087406e-13
-2.254274620650422989e+01 3.336440989517774458e+00 3.378451568857511944e+01 -8.396757888315386253e+01 3.455225994864510426e+02 -1.054965745282062076e-13
-1.583923583827414348e+02 9.539469367560101318e+02 -4.408328778930688685e+01 -2.647304868051889457e+02 1.360651027660163663e+03 -2.314920314339891388e-13
-3.673095516949080519e+01 2.036451851386856617e+02 1.394441727344342397e+01 -1.066578344907680247e+02 4.778943281473916045e+02 -1.299971214587677604e-13
-2.998499832504799656e+01 2.595936499854333306e+02 -2.500015020017111311e+01 -9.190758814427039169e+01 5.871830777867425013e+02 -1.387179878390820157e-13
-3.626911482844020185e+01 8.368352208670731329e+01 3.539087410733115036e+01 -1.256348852306366553e+02 5.562564285817485370e+02 -1.178795919739735439e-13
-5.048608900830405588e+01 2.778939012923464134e+02 -2.740075894231606135e+00 -1.124751192093013543e+02 5.693264413442456089e+02 -1.317506119382058216e-13
-2.584579750323462477e+01 -7.069101604290946739e+01 6.026273527371571248e+01 -1.504496769608049362e+02 6.772230419763747022e+02 -1.211824849862201982e-13
-8.744603975709215149e+01 4.241653821678074223e+02 -2.707055424859933446e+00 -1.698882179441038147e+02 8.475127208882789773e+02 -1.626540615008038026e-13
-5.781535918002987273e+01 4.453154498433891604e+02 -3.574828494370159149e+01 -9.776209899307445994e+01 5.588251364157557646e+02 -1.566572509426877859e-13
-3.177753453892166746e+01 7.385862564896285676e+01 2.722816341436878318e+01 -1.012249571725875654e+02 4.516930270470859909e+02 -1.198662075144665377e-13
-1.572483869369573739e+01 3.087610166663082722e+01 1.944240696349796593e+01 -7.250003941047670253e+01 3.400927840621387759e+02 -1.086024232500440152e-13
-6.949454456056244567e+01 3.342382092159612057e+02 1.629827376165495423e+01 -1.810559823080959916e+02 8.669276550601240388e+02 -1.673793555542580249e-13
-3.768786295236338191e+01 7.762418461532271863e+01 4.229516733761204961e+01 -1.484621635856182706e+02 6.699287201161102985e+02 -1.342856202732425427e-13
-4.044918168993742569e+01 3.334222681703403737e+02 -7.481835146362325162e+00 -1.027398208917401234e+02 4.934244469640524926e+02 -1.496005167730384473e-13
-6.971510547864450302e+01 5.826075671015111084e+02 -3.362576077316331435e+01 -1.570028199402504754e+02 8.425109109452146186e+02 -1.825308517640150535e-13
-2.659476354602951176e+01 -6.927409311799954139e+01 5.549443585579058436e+01 -1.163844656466003471e+02 4.777230709498203396e+02 -1.157336131725006076e-13
-1.034258092465729284e+01 -1.130588846372438923e+02 5.206802333001610350e+01 -1.105951281543494957e+02 4.929677265680082883e+02 -1.145128635410567783e-13
-1.778813872195464540e+01 1.832600922309013072e+02 -7.734669641538603813e+00 -7.526716330508534725e+01 4.207971876536940954e+02 -1.204150163189916913e-13
1.057740132889529505e+01 -2.228609984885941344e+02 6.186725833183621148e+01 -1.147739548682507547e+02 5.390194086960532331e+02 -1.027597109000899622e-13
-7.133102185357164160e+01 4.085512589329115940e+02 2.993809618376368054e+00 -1.609845279932146696e+02 7.625999429270332257e+02 -1.609744914388033360e-13
-5.052119178645548914e+01 2.736268799152526867e+02 8.271083537846539713e+00 -1.582761087032754972e+02 8.098097690479809216e+02 -1.493038621443647050e-13
-4.863828781521983302e+01 4.572295228377737999e+02 -3.601011420618645076e+01 -9.375248636480634445e+01 5.247835573400158182e+02 -1.420778845339628707e-13
-1.280994539391309495e+01 -2.412307737726661117e+02 1.067874204714295701e+02 -1.609535881049824582e+02 5.750894801656604614e+02 -1.093281334453636053e-13
-5.091064049512391421e+01 1.832330602039394662e+01 7.193014476043296668e+01 -1.896937506769318702e+02 8.008064986105539447e+02 -1.305131407800816597e-13
-8.427563012802062659e+00 -4.042060289502441606e+01 3.953121220131733793e+01 -7.969664866428725247e+01 3.121621035911412037e+02 -1.003986186406345624e-13
-1.963864807911593502e+01 7.375877063137689049e+01 3.263108222410215120e+01 -1.125283276137767103e+02 4.931298271818891976e+02 -1.182354000751727940e-13
-4.610773311073135261e+01 5.122431776021021506e+02 -2.084204914210916115e+01 -1.540541367402570927e+02 7.925083907023270058e+02 -1.650532380711078954e-13
-1.605468081030510064e+01 4.653847110282293897e+01 2.512142699714437555e+01 -7.135620485077829755e+01 2.844841992443220988e+02 -1.139870466836558312e-13
-3.168664475513916656e+01 -2.154657223397898491e+01 7.096372750813304719e+01 -1.630135575923843021e+02 6.569564053710614644e+02 -1.291059721723651338e-13
-1.803164809260310264e+01 4.649861844420215107e+01 4.751542972896330497e+01 -1.308849775247201137e+02 5.411939204612372123e+02 -1.178638346701252913e-13
-9.382111968405571645e+01 4.370821242380292233e+02 2.899320177020449307e+01 -2.282177205384799947e+02 1.026983438528933220e+03 -1.839150302969799649e-13
-9.386126154314017356e+01 6.340987831736464386e+02 -3.383607948496311479e+01 -1.703320343160752941e+02 8.955969860669606533e+02 -1.831670826000986316e-13
-7.279978586074237512e+01 6.580309146845232817e+02 -5.496537960044140192e+01 -1.288548866056848397e+02 7.345681571221947479e+02 -1.765697516680257661e-13
-4.949251159708580872e+01 1.638189913825640645e+02 3.601112616704230618e+01 -1.528196046212428030e+02 6.761002591520871192e+02 -1.503502117277276729e-13
-8.518258564249239839e+01 4.021783053803706025e+02 2.863836924419211449e+00 -1.867132639168719663e+02 9.410938087343470215e+02 -1.577521817657180882e-13
-2.303926903223582201e+01 2.554712149322344601e+02 -1.933734544297949753e+01 -6.504252532070921689e+01 3.733080629300353621e+02 -1.185600319619782887e-13
-1.618469957273307713e+01 1.624622669509064679e+02 5.953218722640671423e+00 -8.185302398545840674e+01 3.926418708006897305e+02 -1.144745831238041132e-13
-2.974221346228796392e+01 1.849613585508191136e+02 1.307174770385360674e+01 -1.261395307793658134e+02 6.282048393344889519e+02 -1.357604539685621392e-13
-3.403705345760265288e+01 2.636339913866519851e+02 -1.827541130990060125e+01 -7.169502804814815988e+01 4.052223315926972305e+02 -1.130077029305888165e-13
-7.895345476244516192e+01 2.144898818334428938e+02 5.066819938140741897e+01 -1.978795700470913062e+02 8.478251867014440677e+02 -1.479852174791896114e-13
-7.229626775190422450e+01 3.990167689480463764e+02 -3.507605842880589631e+00 -1.386788610438487979e+02 6.613221121105815428e+02 -1.566531046477817686e-13
-3.666973676824949280e+01 2.596795205539465314e+02 -2.121964970894660496e+01 -7.025357142158907209e+01 4.173105547746532693e+02 -1.280953268356904404e-13
-2.767499423538747649e+01 6.913663177439644869e+01 1.200317946734020147e+01 -8.290608448394574737e+01 4.295901974377011925e+02 -1.019338066674665435e-13
-1.736676902203444284e+00 5.433575671547854569e+01 4.345666711410625993e+00 -4.046743870849859093e+01 2.042424948169881702e+02 -9.915937825784985425e-14
-2.564099865718685933e+01 1.942830364433947068e+02 2.092767377189105815e+01 -1.219820992727895543e+02 5.430473946915649321e+02 -1.255681215425228109e-13
-1.262901919200064249e+01 -3.662166014520286783e+00 3.583275285547008338e+01 -9.882374919132772106e+01 4.374200850146688140e+02 -1.110440859539047327e-13
-4.894046508881032764e+01 4.911498412701286611e+02 -2.811321833779053847e+01 -1.288992060693524309e+02 6.855105917575214107e+02 -1.496229692279234604e-13
-3.432288180016332291e+01 1.880086950658316312e+02 -7.280399672380807319e-01 -7.514130004909830518e+01 3.715508565360124180e+02 -1.148723985799261131e-13
-7.512054058293405490e+01 6.019049885601467622e+02 -3.475418553330366223e+01 -1.652716062270158375e+02 8.911400478036898676e+02 -1.800521546478748549e-13
-5.933712891590499083e+01 3.423219721104005657e+02 -1.268196322024742528e+01 -1.114559777832846805e+02 5.788057939821633227e+02 -1.381757976046847960e-13
-3.697240579406621208e+01 3.992007005491253722e+02 -2.737666113174156735e+01 -9.766945946033325754e+01 5.384654378382060713e+02 -1.532370517230949407e-13
-8.693265411153198841e+01 5.275705967191628361e+02 -3.124950088708396834e+01 -1.299996709800904284e+02 6.862214369869512893e+02 -1.555806602504646115e-13
-5.079554588035145457e+01 3.601152237300064485e+02 -2.844562525989443103e+01 -8.635108120247613783e+01 4.979725226588386704e+02 -1.380087803811315726e-13
-3.610105657142758417e+01 2.068444716124638774e+02 2.002202764398180790e+01 -1.274668052312626401e+02 5.764859877029504105e+02 -1.281946900997408802e-13
-1.733443475898743102e+01 2.033930570519941625e+02 -1.840564321614475318e+01 -5.021225399641775766e+01 3.059386159045599811e+02 -1.027081192256894600e-13
-5.264664511235053190e+00 1.014758206230561228e+02 -7.069108768044069180e+00 -5.261781886500479999e+01 3.244161393469412928e+02 -1.240235488657667938e-13
-7.118303663690096705e+00 1.047016461603522686e+00 1.979322660893383201e+01 -4.938755057256990710e+01 2.044003237577728385e+02 -9.742696604218321819e-14
-3.757337269965378823e+01 1.243966503812361282e+02 3.008627298025378849e+01 -1.122501594909614226e+02 4.703240401861732494e+02 -1.145744030578924260e-13
-6.049490413512406661e+01 4.223009469792335153e+02 -1.071550356251355218e+01 -1.252058637810941235e+02 5.998146610902109614e+02 -1.491832665974439269e-13
-1.111068387060236518e+02 4.947209738773597110e+02 1.793692497324346746e+01 -2.535261044824236194e+02 1.225597868656791661e+03 -1.888842789462134109e-13
-1.286403255957189629e+01 -3.006518908379572963e+02 1.233670652041813156e+02 -1.668783060210760425e+02 5.523641455652357308e+02 -9.897407207771793802e-14
-6.991719168930576700e+01 3.171318811989365258e+02 -1.762306890535676240e+00 -1.295019355458171617e+02 6.486692863026557916e+02 -1.450557445146347284e-13
-3.394743251338775281e+01 1.796001103706501851e+02 1.238553375619271479e+00 -7.722551419079337620e+01 3.791433456689069885e+02 -1.068813812414861053e-13
-8.919536629944910544e+01 -1.708264299903470373e+01 1.331786885373490179e+02 -2.997647958089613098e+02 1.174293776446677157e+03 -1.649344159101805474e-13
-3.580800818034796862e+01 5.788903943314895173e+01 5.041330819065471758e+01 -1.553085005857676890e+02 6.784409519075948083e+02 -1.338280809366658361e-13
-1.947831113200283326e+01 8.306487520613741538e+01 -2.280458097965990305e+00 -5.846191824489510935e+01 3.465559708949138553e+02 -1.054510359590344762e-13
-1.843453023033048410e+01 1.202342871826277957e+02 1.701644637463612497e+01 -9.711551572169013014e+01 4.554040427271526710e+02 -1.242367382401515272e-13
-5.580155099745670100e+01 3.847721306230508844e+02 -8.391034991674175103e+00 -1.388324485420005487e+02 7.041313534589364735e+02 -1.589054676389995384e-13
-8.611704998316137960e+01 4.928161739823747212e+02 -2.207114096100346856e+01 -1.458272806810894053e+02 7.593664225839960409e+02 -1.612952097812345285e-13
-4.237824336900458455e+00 2.616032721624810264e+01 2.030882575467498086e+01 -6.812020664218827903e+01 3.085628539173713420e+02 -1.024415626510481038e-13
-7.234727441009914628e+01 5.328824697945769913e+02 -3.137625302999180477e+01 -1.406647325619674973e+02 7.548275399128597201e+02 -1.678098926882954914e-13
-6.858004951922771397e+01 4.749133699970028601e+02 -1.555113731538349597e+01 -1.465640190864636168e+02 7.356991987679911063e+02 -1.625021724207602587e-13
-1.723033465145766030e+01 -3.206521122631705367e+01 4.121989652315497210e+01 -1.027907377025052398e+02 4.504538307925902245e+02 -1.003901684594824441e-13
9.608654322115365076e+00 9.486598612968724353e+01 -1.196790294230162033e+01 -3.351065184815526976e+01 2.322188733538941676e+02 -1.019437163061412969e-13
-2.694418412911289806e+01 3.040837816014325199e+02 -1.090919078335233650e+01 -1.020145424285495608e+02 5.320948246587281574e+02 -1.310621505190303667e-13
-3.538900887945932539e+01 1.789450533465440571e+02 7.719270924075738449e+00 -9.947490434291027839e+01 4.876702790580052920e+02 -1.235978799205519895e-13
-6.270936550567152068e+01 3.394543161736174284e+02 -1.303153385529548203e+01 -9.962672701131694453e+01 5.036279612123187235e+02 -1.292606407312344343e-13
-1.882789815164964509e+01 1.349949229396174211e+01 2.919686732134753981e+01 -9.024537768213029665e+01 4.096561728933608606e+02 -1.051887762139342659e-13
-7.408936037026209931e+01 5.308100938942025095e+02 -3.470346505673405346e+01 -1.183923836765393673e+02 6.279407149743425407e+02 -1.584549331288926124e-13
8.163473438805079141e+00 6.365441741816439958e+01 -1.121461561994429168e+01 -4.408823855902583944e+01 3.214608250744556699e+02 -9.727882804131886759e-14
-1.040586557231073215e+02 8.628760733708147654e+02 -7.515963818268537011e+01 -1.776203718117490382e+02 1.041175847254359724e+03 -2.047497875169699904e-13
-2.227013611110773184e+01 2.235069431559398367e+02 6.576583271443300349e-01 -9.588060227320252693e+01 4.759887825343975578e+02 -1.298505867449088119e-13
-4.509660427772391245e+01 5.220654078527022079e+01 5.368439176459140327e+01 -1.531677004907286914e+02 6.472628664433127597e+02 -1.391704017388466432e-13
-4.965151111251737603e+01 -8.133095876986537576e+01 9.791945725039688853e+01 -1.998322855754091449e+02 7.756943642553429754e+02 -1.279871128769987896e-13
-2.069713942533163831e+01 1.985848171770889792e+02 -6.328435389567007796e+00 -6.615676106077599172e+01 3.392634670314250798e+02 -1.159323257238173127e-13
-4.858769534342395247e+01 1.536087619743361472e+02 2.396815265347186852e+01 -1.209315325522104700e+02 5.464146660830502924e+02 -1.338942312414735289e-13
-5.045845541590964700e+01 1.054371425713185744e+02 5.006619073145886745e+01 -1.686828104216153292e+02 7.356072884079103460e+02 -1.309652634225935162e-13
-1.771126851747057529e+01 -1.144741937774010054e+01 2.884849556241577773e+01 -7.613753035424160487e+01 3.353918538665761844e+02 -1.033168829736849962e-13
-4.085088961282767173e+01 1.763295892760105517e+02 1.625951643647314881e+01 -1.093800476779814375e+02 5.014492019295410046e+02 -1.259952711125379806e-13
-1.234430637116628482e+01 1.921301790196588399e+02 -6.776691983530994001e+00 -5.728075909469628613e+01 2.872110749745260136e+02 -1.260899052817451500e-13
-2.659289852247935571e+00 9.588956047722707154e+00 3.059033148006950853e+01 -9.766950206397949330e+01 4.535135288971187606e+02 -1.208512390307258373e-13
-3.921634277647704181e+01 2.233763729986264650e+02 -4.091673529409999510e+00 -8.618794101572740374e+01 4.413611884699543566e+02 -1.023128765131011159e-13
-2.783121221987508065e+01 2.544891911504101358e+02 8.571867872158472679e+00 -1.189393512043064618e+02 5.574989514388996668e+02 -1.429095869315399736e-13
-6.727881998632115312e+01 4.165410067894663939e+02 -2.416281767889095988e+01 -1.149622185238219600e+02 6.213711532511829319e+02 -1.506498458919572663e-13
-2.056963341616942031e+01 -2.957552540269850372e+00 2.772187599636502142e+01 -9.044743094311853326e+01 4.325729556927845465e+02 -1.117215966455830328e-13
-4.497870142153876571e+01 2.875280262360021766e+02 -8.796452121821098924e-01 -1.049479228340889705e+02 4.997111324819252900e+02 -1.442627073281807847e-13
-3.889191244513794032e+01 6.616236355226958210e+01 6.341643170816680453e+01 -1.820183651799332551e+02 7.685844624276776358e+02 -1.371666685641839584e-13
-3.557910822202059364e+01 2.085333852110958475e+01 4.662755679084641258e+01 -1.246582576027612248e+02 5.238855992789261791e+02 -1.111998229194465565e-13
-8.961750053470931121e+00 -3.639091659554213010e+01 3.720387034805136039e+01 -8.019360053474272831e+01 3.274556705364476556e+02 -9.961734965128581007e-14
-1.855853360927745754e+01 1.299829577451686475e+02 2.085750036255447082e+00 -7.823798142925565458e+01 4.170154721916583185e+02 -1.062255250329350532e-13
-4.990138965784803560e+01 2.786924283235550206e+02 1.025052815773347348e+01 -1.402085648945779042e+02 6.719296796300845926e+02 -1.445035955717045682e-13
-3.111878158598629796e+01 9.864329526847326690e+01 3.520046878562079229e+01 -1.367232049662138991e+02 6.210196607124556749e+02 -1.318594436091344209e-13
-3.057124476494816179e+01 2.531508115550597893e+02 -1.872282771122102574e+01 -6.071102885689240480e+01 3.419557133469897394e+02 -1.106460469772584267e-13
-3.527875435164880003e+01 2.947646158264092264e+02 -6.476892186007389363e+00 -9.272148840631029998e+01 4.480647770853242946e+02 -1.337334778157643190e-13
-5.295200263899561577e+01 4.618756395027527333e+02 -2.193731465837046812e+01 -1.332709797487469245e+02 6.968510844255782786e+02 -1.562126593516542541e-13
-1.027403420916014767e+02 8.498161428756670830e+02 -7.199572258287207660e+01 -1.592948458566643808e+02 9.073017230650386864e+02 -1.964503044973985675e-13
-6.186550076327595349e+01 4.480365199159390954e+02 -2.206225424313307926e+01 -1.206252895284204811e+02 6.228145594149443696e+02 -1.528154090379591148e-13
-8.088461352304912566e+01 3.694497678243972132e+02 6.849876089303209348e+00 -1.590688989438517069e+02 7.537672719608269745e+02 -1.503146435792613918e-13
-2.152660750099880360e+01 5.491616098209840402e+01 2.562909892372448439e+01 -9.575183636210137195e+01 4.390791723766769223e+02 -1.142110353203313182e-13
-7.752213064475513704e+01 4.875562867908581666e+02 -1.337650157713739851e+01 -1.861631867048495508e+02 9.786856994249005766e+02 -1.930311196168743020e-13
-2.210636587870649450e+01 1.661822825568663120e+02 9.743990589284168280e+00 -9.826585762148718572e+01 4.759524219379882197e+02 -1.251496849895906477e-13
-6.874752936151853788e+00 1.414135122988907938e+02 1.195025920932781371e+00 -6.992638842219990636e+01 3.584382491681606666e+02 -1.192216909316050281e-13
-7.201328330065609862e+01 5.554153874689174017e+02 -3.364395855763144993e+01 -1.417922658879480196e+02 7.603684413254032961e+02 -1.672389919188407350e-13
-1.798713627946953508e+01 6.510242167256387269e+00 2.486021357969462642e+01 -7.778410418351100475e+01 3.588151549838339633e+02 -1.043812681892262155e-13
-1.255373001083235067e+02 9.816556562179854382e+02 -8.570120155862571210e+01 -1.787999814206122835e+02 1.029303245068327442e+03 -2.134117427967865196e-13
-4.970470569340432831e+01 3.920773915590268643e+02 -3.158810935951319721e+01 -1.011836413555907228e+02 5.943229147487794535e+02 -1.418976255137720298e-13
-5.979532305477886922e+01 1.215815839559483749e+02 6.075333220524631628e+01 -1.850581968763641783e+02 7.653267595925555042e+02 -1.365402561558420302e-13
-6.831105845061902926e+01 4.087425617929681607e+02 -9.121081210832389985e+00 -1.300312629052765772e+02 6.320092445452769425e+02 -1.477898563906818815e-13
-1.390458977559515859e+02 8.593413264400340950e+02 -3.991933235837132088e+01 -2.413200125528370847e+02 1.246161348388209262e+03 -2.149964179318174962e-13
-2.478035790100621227e+01 7.574932969099482705e+01 2.990539452394089537e+01 -9.755385304691371573e+01 4.084625558057877583e+02 -1.161090220881938252e-13
-5.063609927086682205e+01 2.183366367743257115e+02 6.532427974847742291e+00 -9.854655049625699803e+01 4.600618148970776247e+02 -1.240792957549505586e-13
-6.216758960526146893e+01 2.836265774552460357e+02 1.529096264803203553e+01 -1.521141637717525441e+02 7.160358008363573390e+02 -1.490380823430694165e-13
-2.450289988651649153e+01 2.559317819709702349e+02 -1.887609490520614131e+01 -6.453049646547938778e+01 3.665706692927154791e+02 -1.242881375678935637e-13
-8.812965456809327236e+01 4.811071835669902157e+02 -1.404490511307755973e+01 -1.676896090384845195e+02 8.635160891728280603e+02 -1.741990148079231857e-13
-1.242530891541502136e+01 -3.348865950541161851e+02 1.133517276904649833e+02 -1.375698695686556050e+02 4.446965699906693885e+02 -9.780894834831813929e-14
-4.593452136906602590e+01 3.637904706310395113e+02 -2.043007132405375970e+01 -1.062941245937521018e+02 5.779716956127621188e+02 -1.481740798030971487e-13
-2.417515110654393595e+01 3.330911244322076215e+01 2.686461018938509682e+01 -1.142113704729973591e+02 5.711559646641021573e+02 -1.250918103478782584e-13
-3.502415681247166646e+01 2.319616605875563948e+02 -8.704763426182783093e+00 -8.385954469593620786e+01 4.489592122139567323e+02 -1.270804384213043907e-13
-3.838841850097620068e+01 2.816488251040170212e+02 -1.767457615708962138e+01 -7.794291906928648928e+01 4.301251649603772762e+02 -1.289439560271320679e-13
-7.755197204907319986e+01 4.541622723711607819e+02 -1.785568858225035882e+01 -1.544444965304158757e+02 8.187130382357852341e+02 -1.631723390163125728e-13
-8.214947815488794447e+01 4.745623851771320005e+02 -2.432647899666143232e+01 -1.460318545161464101e+02 7.886231760997358151e+02 -1.742998835612476765e-13
-3.679969258656202413e+01 1.585054121376963678e+02 1.793047028761086636e+01 -1.066804520384382897e+02 4.857006757052974990e+02 -1.232963410006973388e-13
-3.372364013566363639e+01 3.766595615785623608e+01 4.454469636484784445e+01 -1.228870063575087244e+02 5.129608559171130082e+02 -1.115283126853791352e-13
7.741197869112422580e+00 4.545091299218351111e+01 4.189236684659317866e+00 -5.151759764788263141e+01 2.860700190671128667e+02 -1.091675904912818802e-13
-1.907013660111433850e+01 2.032769666244909388e+02 8.421524124035326686e-01 -8.592754609713659875e+01 4.227722004526568753e+02 -1.226328182204319592e-13
-2.419431535371590414e+01 1.932444366323688314e+02 2.094875468713520306e+01 -1.361452201398632553e+02 6.388943211505541058e+02 -1.355188044825564650e-13
-6.527033220760404220e+01 4.264869080738820344e+02 -3.216489885126743786e+01 -1.003163126338178728e+02 5.668792181318448229e+02 -1.389486708086719196e-13
-2.122715852811708359e+01 3.156827971251464078e+02 -2.719387537836819035e+01 -6.609408655376103070e+01 3.864444340824838378e+02 -1.350178475719486469e-13
-7.175033630163859755e+01 3.482896511121930985e+02 1.363414070136752620e+01 -1.643411980485329593e+02 7.612946010840255440e+02 -1.545073370837217534e-13
-6.671019874221087775e+01 3.954785945279728594e+02 -2.529108018436404848e+01 -1.213446003891479990e+02 6.870031852765829399e+02 -1.630185150559113733e-13
-6.269514853942271060e+01 4.807140452240049626e+02 -3.240628878903194021e+01 -1.244252637947478917e+02 6.906238167488319277e+02 -1.607779294873461105e-13
-5.120054784869773812e+01 1.480054656744471515e+02 4.392286127474390156e+01 -1.737325180966350331e+02 7.776199509480403549e+02 -1.327397843706638647e-13
-9.707451527857527651e+01 5.266535139389236519e+02 -1.236176192707791444e+01 -1.823206356822143164e+02 9.175911730097541295e+02 -1.865099859410431562e-13
-5.298067941715633111e+01 3.571905830923344070e+02 -1.674026289485980712e+01 -9.370053802550043542e+01 4.745109859476168026e+02 -1.380057504566080955e-13
1.040632252434845612e-01 5.339367575744062577e+01 6.763504012022020007e+00 -5.807116162421943528e+01 3.077880024033510153e+02 -9.392412601730242776e-14
-7.891136782646358760e+00 1.272831657378248735e+02 7.413825312121683497e-01 -6.695530662567317393e+01 3.517647002609369338e+02 -1.147254688130169772e-13
-3.837729165733211545e+00 7.652142231592486610e+01 1.559049341947000045e+01 -8.660833729914062928e+01 4.260564463850120660e+02 -1.159665467912254816e-13
-6.786008478855497295e+00 -4.141368744888221443e+01 4.167388578696279211e+01 -9.074315128995085900e+01 3.734247877616731444e+02 -1.026590218776592989e-13
-5.410456747367317831e+01 3.680646785880153971e+02 -3.423118762002481219e+01 -8.213229027382045899e+01 5.008438684793584343e+02 -1.345376746633245620e-13
5.776076050177509913e-01 3.208241037522205907e+00 2.007078078532298449e+01 -6.485628055538994374e+01 3.050274132531423561e+02 -1.094095236140522332e-13
-3.883198625291975503e+01 1.716694371129841272e+02 1.649292718724419160e+01 -1.106942681752131818e+02 5.122163778769254350e+02 -1.388707363975229002e-13
-3.903652416655793189e+01 3.624357178369814960e+02 -1.992044699977675393e+01 -1.348523029802401538e+02 7.676973696475328097e+02 -1.693611785463987376e-13
-4.698239323712812165e+01 4.209123528242374732e+02 -3.713382534379848465e+01 -8.297772228976954523e+01 4.862600349488755569e+02 -1.401246203285140320e-13
-5.722104074192392886e+01 2.790510070387007886e+02 2.745239138099132958e+01 -1.569356942456238073e+02 6.738703811920133830e+02 -1.459297825190965437e-13
-3.910907141148664579e+01 3.946560081165656015e+02 -3.815611756781380848e+01 -8.030670430542014060e+01 4.941675500638168614e+02 -1.432006041143430057e-13
4.066110698883615093e+00 -1.611489816574508538e+01 4.762869217167741809e+00 -4.378405755130038557e+01 2.756851074624493663e+02 -1.031603173068101057e-13
-4.748615305476270088e+00 8.568214586943652122e+00 1.168079984801843807e+01 -6.590120345937289414e+01 3.618835849244682095e+02 -1.029689293717012487e-13
-1.420517584590130689e+01 1.369249305220386930e+02 -1.097429851918422905e+01 -5.039835227467765577e+01 3.084500296836666848e+02 -1.099188902677202547e-13
-5.401711995304994929e+01 4.434866203321664671e+02 -3.776605117150462831e+01 -1.046236774551891955e+02 6.192328428939025571e+02 -1.446438951737227611e-13
-4.489653007671208940e+01 2.068215178512565444e+02 9.153494715906547174e-01 -1.141402977950338595e+02 6.093691442774807001e+02 -1.357746528191233832e-13
-5.553178820319438813e+01 3.086469623187181810e+02 -4.871471112610081811e+00 -1.244469561955526444e+02 6.408533039026665392e+02 -1.465721555949188559e-13
-1.697927623473091430e+01 -1.293623951564750882e+02 7.253798112041454260e+01 -1.210553690851873512e+02 4.440858658301569903e+02 -9.943550783430851810e-14
-4.181330173614966128e+01 2.470693949048535956e+02 -7.574614832633149497e+00 -7.290282773721698106e+01 3.569419018311883747e+02 -1.253275683920478057e-13
-2.497929411411127276e+01 -4.329741169967111603e+01 7.346763302125484074e+01 -1.562301602061924086e+02 6.113022326144258614e+02 -1.101897947639198444e-13
9.873568625721340197e+00 -1.237726487877302475e+02 2.620141676163953903e+01 -6.071025021629264273e+01 3.312600763904396786e+02 -1.000044372535269759e-13
-4.060206369090743550e+01 2.607431088570224347e+02 -2.863797153828709696e+00 -9.605613585790037234e+01 4.723502632775551433e+02 -1.450589791881129611e-13
-1.834616838410980932e+01 2.389127142388903735e+01 5.589639970466464547e+01 -1.483763225726578128e+02 6.217001958857543968e+02 -1.241893756787125641e-13
-2.450780814134336438e+01 1.812380203792945110e+02 5.166077120825251612e+00 -8.734057254770957002e+01 4.207691847985368554e+02 -1.242735051437182930e-13
-6.176392497413066707e+01 3.033132171283616572e+02 1.383196820419974493e+00 -1.374854946834341547e+02 6.923462018820023332e+02 -1.405544540997266700e-13
-5.170022937125818174e+01 3.068045850509009824e+02 9.498156216269387997e+00 -1.519061456962794239e+02 7.347166789414911818e+02 -1.589399510007625493e-13
-1.355036591641901289e+01 -1.515090647590693891e+02 6.815765330320746784e+01 -1.304654700971347268e+02 5.517140131253571553e+02 -1.011954578503925271e-13
-6.115893066482806972e+01 3.422899583525368712e+02 -5.671601637185339051e+00 -1.426434358615808264e+02 7.435701072801691680e+02 -1.494519358900458298e-13
-2.789099548567330444e+01 2.991159585490310633e+02 -2.615094706008235548e+01 -7.779902076879149320e+01 4.706373681632937291e+02 -1.358080937821194768e-13
-3.226147672900496133e+01 1.991038160199975664e+02 -9.139936740072451826e+00 -7.277206350844984684e+01 4.013758173032535979e+02 -1.110229314459538731e-13
-9.982920717665787436e+01 6.003528445486518876e+02 -1.965756844422210037e+01 -1.929138658872566339e+02 9.813612451876531395e+02 -1.826609170998014881e-13
-5.081361592498154067e+01 1.752457570319357671e+02 3.260901883536651980e+01 -1.746879917099299462e+02 8.365207896736449129e+02 -1.515719971646645202e-13
-3.618057239170439487e+01 2.901435952802607972e+02 -5.521651785220324626e+00 -1.006790515642305763e+02 4.988397033761503394e+02 -1.329253659509593663e-13
-1.276617700474510464e+01 1.740843211678498790e+02 2.525930703781082531e+00 -9.002528823912660982e+01 4.610016478056615483e+02 -1.157476855764531449e-13
-6.783816576031516377e+01 4.210356028940528290e+02 7.652676287716254855e+00 -1.775340817000209768e+02 8.348193141117543519e+02 -1.651217863529856204e-13
-8.146849802261644413e+01 6.030394676885667877e+02 -4.376321783011098177e+01 -1.392108121956406990e+02 7.728412141089953593e+02 -1.783677903462319175e-13
-3.496784021928827713e+01 4.892693559078689702e+01 6.378855815875798640e+01 -1.738949116324057798e+02 7.242630393024130626e+02 -1.344920988867005378e-13
-2.638307313499652196e+01 2.124052181108525019e+02 -1.889634544302630914e+01 -6.164958723303873711e+01 3.793476261728013696e+02 -1.212538655014885386e-13
-5.185181112150073801e+01 1.444391244810271928e+02 3.970531170722765069e+01 -1.475707526476954854e+02 6.313900106412324931e+02 -1.403469410833678978e-13
-3.072603089998869663e+01 4.162022029684417816e+02 -3.778964607829492905e+01 -8.203405382634899468e+01 4.875836112915467311e+02 -1.365196722635842944e-13
-4.927768340840204786e+01 2.556410986350604446e+02 2.493517543631297961e+00 -1.126899293927684482e+02 5.535948509001015054e+02 -1.306024501435809339e-13
-5.736997449205418320e+00 4.271100085572463456e+01 2.034264173080107341e+01 -7.706551211682632641e+01 3.563114231344354152e+02 -1.139880708423223330e-13
-1.220244912516924387e+02 9.431961197541476167e+02 -6.811115967547802086e+01 -2.010178178150045198e+02 1.094221982028897628e+03 -2.133641932040307147e-13
-5.019251621397472718e+01 4.865106807622116776e+02 -2.962000101529708118e+01 -1.121373823641973644e+02 5.858911551755143137e+02 -1.488142926863496637e-13
4.944608237679688933e+00 -2.883726179489716515e+02 8.315715925596444436e+01 -1.092810200628826180e+02 4.138241247298898315e+02 -9.247681283924563468e-14
-1.443092607320355292e+01 1.588452593425720636e+02 -7.697648206056730835e-01 -7.410695612991464998e+01 3.863152200083207504e+02 -1.170269240676676106e-13
-6.388841705205231847e+01 3.394713602927087095e+02 1.876837447465086850e+00 -1.312184361845322940e+02 6.204534760213084610e+02 -1.427321524167363643e-13
-9.408832194939151350e+00 2.085785465315471470e+02 -3.477350760588684420e+00 -9.441815811950721127e+01 5.036396091171433227e+02 -1.514175986925737455e-13
-5.802838576430301032e+01 3.577811555034585922e+02 4.471048718806456712e+00 -1.474900085388330808e+02 6.997520878242604567e+02 -1.616650682314687140e-13
-2.428049676486827568e+00 -9.152312569146766918e+01 3.276133534204545583e+01 -7.212777051910305204e+01 3.422546066807027501e+02 -9.282706899339225935e-14
-3.555481119087092523e+00 -2.007338794045694499e+02 7.775866903120916618e+01 -1.163762988949587793e+02 4.316642399467714313e+02 -1.057968010997911849e-13
-3.934862636254321533e+00 7.968635479860888893e+01 -3.612803664970678064e+00 -4.264574751633316652e+01 2.512488602437517216e+02 -9.463257459830841096e-14
-2.613916110408012017e+01 -2.936340084612626455e+01 4.955680432208286135e+01 -1.050501262790023560e+02 4.102228349295953080e+02 -9.356191930602550825e-14
-4.909882195769878876e+01 4.212873708385501459e+02 -4.049661743795039115e+01 -9.182007591515490219e+01 5.669840383398318409e+02 -1.461363080394946477e-13
-4.097776942000807310e+01 2.617227270769547545e+02 -5.203037847641279079e+00 -9.049961475798434662e+01 4.492662681796911670e+02 -1.355089898210587179e-13
-7.986073505406775297e+00 4.570772647351105888e+01 9.286869949638253630e+00 -5.928405743681252460e+01 3.054226210189962103e+02 -9.860335898032242512e-14
-8.715819652365307491e+01 4.303582795576550097e+02 1.989025467986821338e+00 -1.726903783500271743e+02 8.316979782976588922e+02 -1.653663378949769374e-13
-2.056566579771315162e+01 2.150401855230227568e+02 -9.415530290584310791e+00 -7.860958345325752816e+01 4.306657980503707108e+02 -1.288617732428504594e-13
-6.231518688961609342e+01 7.098541033085372192e+02 -5.952561301805236837e+01 -1.475412090923846051e+02 8.513054626991040550e+02 -1.833529760933452830e-13
-1.795014806781627925e+01 1.411347389281712879e+02 8.298446074089849134e+00 -8.371516258881214867e+01 4.058169502977737579e+02 -1.131530469657197936e-13
-4.282775336690192347e+01 3.747305909664227670e+02 -4.980486767634840994e+00 -1.288646638545346264e+02 6.226451250146324128e+02 -1.607579332056322595e-13
-4.522116715492921202e+01 2.962258723754742959e+02 6.340970135826215603e+00 -1.315629733722685444e+02 6.259666178273954529e+02 -1.389452901106814824e-13
-2.362892290727448952e+01 9.383456557761124373e+01 8.315613193334855380e-01 -7.387587694595107735e+01 4.223161346136399175e+02 -1.074531369983978510e-13
-3.530692658892102287e+01 2.199755214336514371e+02 -3.788708789572491131e+00 -9.865817517520925151e+01 5.257577578069623314e+02 -1.310064049962452734e-13
-4.289774837448472766e+01 1.274577275736959763e+02 2.972948557426777683e+01 -1.261793994130233472e+02 5.640049894433940381e+02 -1.218754436911958866e-13
-6.042148439022071926e+01 3.732807531480106604e+02 -3.890001887805624392e+00 -1.286382378700890001e+02 6.152000692249469012e+02 -1.522233470344422640e-13
-8.798060707764095767e+00 -1.054505505583777847e+02 6.018594123224101367e+01 -9.439802496492670514e+01 3.264490888964297142e+02 -9.691526877903000575e-14
-9.965750161748051283e+00 5.702461017127669152e+01 -2.179855073078175387e+00 -5.081014088697746445e+01 3.136221605981506286e+02 -1.008216093084035557e-13
-3.892646934991088159e+01 1.195548731845213837e+02 3.608972625941077439e+01 -1.361222573844375177e+02 5.958987787225966031e+02 -1.374359872041069321e-13
-2.903216684119869129e+01 -8.968077045518712964e+01 5.945778205660148075e+01 -1.388850156106628333e+02 6.186011066642651031e+02 -1.187035053786828532e-13
-7.290266408101315676e+01 5.469235316865584764e+02 -5.033317250785783870e+01 -1.154419807658041179e+02 6.964282576521013652e+02 -1.694613427452632667e-13
-4.070507166462576265e+00 -8.542688548676022720e+01 3.976200129897512880e+01 -9.429399614072822544e+01 4.419241080883966788e+02 -1.113908760087707441e-13
1.099826254483359200e+01 2.095560930729353117e+02 -2.955080559711451826e+01 -2.795635361496453086e+01 2.232122787537490183e+02 -1.154751320768654673e-13
-2.806567845965442132e+01 1.114690697121663021e+02 -4.084053286245798553e+00 -8.231041999442734891e+01 4.975559086048796757e+02 -1.151648301752001377e-13
-3.247833507326689517e+00 2.964818925021474172e+01 1.995968544549874935e+01 -6.545592038046754624e+01 2.903232433301740230e+02 -1.017339949006623870e-13
-9.152885602870338744e+01 4.948042214475258334e+02 -2.795311654284329705e+00 -1.832447296431347183e+02 8.859161944408597265e+02 -1.696711689875681159e-13
-7.036851675256785654e+01 3.438294711104512658e+02 -5.030143939454084112e+00 -1.393660381467616673e+02 7.162926452141263098e+02 -1.573700351441757177e-13
-6.455897746237509693e+01 3.528978124525061162e+02 2.039403731043807610e+01 -1.928546860587039191e+02 9.062741939340608042e+02 -1.771118979070387262e-13
-2.520940941634496824e+01 2.379807117442876745e+02 -1.232972483384101459e+01 -7.622323588408333706e+01 4.164267264081119606e+02 -1.358089013091020757e-13
-8.746456373183850985e+01 6.868191088507758195e+02 -6.126323268985202475e+01 -1.350085986844874810e+02 7.951291793917625910e+02 -1.809029961596077984e-13
-4.112761696450201043e+01 2.721361883042057457e+02 2.938963862019859707e+00 -1.200693394824382949e+02 5.882186002799917333e+02 -1.403295882235840492e-13
-3.810250878986008871e+01 2.088438679540985561e+02 -1.861937295518801827e+00 -1.005812637370111844e+02 5.345251532846768896e+02 -1.320858432996062851e-13
-3.442161115885708966e+01 4.323637253192375169e+02 -3.533629944108949417e+01 -9.210505636306717747e+01 5.276790073728690231e+02 -1.611916900237305051e-13
-9.797200320068706958e+01 5.381176269269184331e+02 -1.748315150019033126e+01 -1.696735686541491930e+02 8.569575216165977736e+02 -1.817951654036021899e-13
-3.500393572338384018e+01 1.163731836514580209e+02 9.305933934044562150e+00 -1.188251258191452422e+02 6.536156508803726410e+02 -1.323719140061386421e-13
-4.989174332035798898e+01 3.128359838318409629e+02 -1.223975113770958778e+01 -9.706823206796778436e+01 5.009313231102638042e+02 -1.273028031329891292e-13
-1.509974935338343585e+02 1.059151594906677701e+03 -7.502002408913274678e+01 -2.236333255449355306e+02 1.205256376259055060e+03 -2.391234600408042309e-13
-1.836910993119462532e+01 -6.852167440440022972e+01 5.692604863829937045e+01 -1.053315921022676918e+02 3.936860066145771953e+02 -9.805675011537447196e-14
-6.210026075429752268e+01 4.854325866618129339e+02 -4.038221217410266917e+01 -1.033872004768853259e+02 5.968349210003709686e+02 -1.562130908912255504e-13
-4.643412227104396806e+01 1.486016342155464542e+02 3.147395110044374533e+01 -1.265818571647404980e+02 5.399778165262224547e+02 -1.307852517186917344e-13
-1.693809356658915277e+01 -3.734787352331788668e+01 5.308745558649515317e+01 -1.140556832059583314e+02 4.540108224006656883e+02 -1.104359549023388906e-13
-2.875043555174819687e+01 3.123961082651305787e+02 -3.531067385891996935e+01 -8.254344472710894820e+01 5.514730667469586933e+02 -1.399041094436904876e-13
-2.416387218520482350e+01 -9.300991881348540602e+00 4.040327110608764372e+01 -1.147832678625253493e+02 5.195691878996723290e+02 -1.019943640816620474e-13
-4.721490724854293575e+01 4.836573588857347090e+02 -3.764998093053696948e+01 -1.017157961419135432e+02 5.693922721718635103e+02 -1.671612026320417588e-13
-6.120404682236875260e+01 3.293491401979234183e+02 2.846535273366416519e+01 -2.132298548902834625e+02 1.008845343977714492e+03 -1.679574652962154968e-13
-4.570908251477254680e+01 1.609046156103294152e+02 2.100072509299003443e+01 -1.107602999473169518e+02 4.916865383146669046e+02 -1.179418072447388925e-13
-4.728937219128836134e+00 4.479437744591513848e+01 1.328211865517767798e+01 -6.008889037365509012e+01 2.858986549391274252e+02 -1.132481610095474194e-13
-5.179085632908310544e+01 2.547657156603206943e+02 -5.261904441715696379e+00 -1.092854847123745543e+02 5.810573740674298051e+02 -1.344823300116517109e-13
-1.448920546657676844e+01 -5.984547431811672880e+01 3.473060855678604497e+01 -5.949261011765404561e+01 2.213872195573492263e+02 -8.063527431006087293e-14
2.315489005907088949e+00 2.224261899093601969e+01 1.662691295537743130e+01 -6.008738628545720672e+01 2.810385093472748395e+02 -9.948644614637100471e-14
8.085367940969838685e+00 1.276873786420190129e+02 1.976829907839549927e+00 -7.814062615069130402e+01 4.187475387842567898e+02 -1.278490269077688672e-13
-4.095099420882181818e+01 2.497682924449376571e+02 -1.326741277357738613e-01 -1.054438394824209269e+02 5.260313097456303240e+02 -1.446070066763842067e-13
-7.754470620364163835e+01 5.034119597109364008e+02 -2.115122502342588362e+01 -1.556162926902751451e+02 8.114879854018465721e+02 -1.695365168946610858e-13
-8.355903418227298118e+01 3.323942804263083985e+02 1.832417708109060683e+01 -1.780427168300252845e+02 8.350413046600058351e+02 -1.647141457592161350e-13
-4.784560841469501469e+01 4.601797363307875344e+01 6.543853939972986211e+01 -1.639620371987662963e+02 6.490491846243096461e+02 -1.127914110593441472e-13
-1.665698526160686654e+01 3.431383148596049892e+01 1.730227383700199439e+01 -7.739850411924122398e+01 3.842130853743930743e+02 -1.135606271551271668e-13
-6.309547999612792779e+00 -1.622178361029446592e+02 5.274680600637178429e+01 -7.722294136324833858e+01 3.004155476066001142e+02 -8.720722508345496086e-14
-1.751852392561355742e+01 2.014588786103732048e+02 -3.179453694802488428e+01 -4.304926364186960086e+01 3.450178091265104285e+02 -1.207790344264145351e-13
-2.146864063880376605e+01 -9.865124653093644724e+01 7.841154989764393690e+01 -1.530619319424336595e+02 5.990302617864402919e+02 -1.134284979946162024e-13
-1.590793076388282934e+01 2.276796095959792865e+02 -2.678986656308768843e+01 -4.193686433616489495e+01 2.861765838769962897e+02 -1.127385401192625211e-13
-8.878723792349695998e+01 5.777614533539266404e+02 -4.252314707045176334e+01 -1.270005322997293007e+02 7.013969480456131578e+02 -1.649814569235554693e-13
-6.412221168251805636e+01 5.000797798835259300e+02 -3.384621299195917743e+01 -1.139522434657229439e+02 6.151987535946835806e+02 -1.615841361610101879e-13
-5.099768634635171338e+01 2.306278950607485854e+02 1.326138532766401923e+01 -1.217242200504575607e+02 5.637160022302144853e+02 -1.225081577323655876e-13
-4.333683239165681655e+00 -1.614328648432361391e+01 2.244363678312604904e+01 -6.731479633782659278e+01 3.205814120212089051e+02 -9.384987372838472327e-14
-1.019679578637549611e+01 1.050365348231115092e+02 5.874815514984086384e+00 -8.601728195237141961e+01 4.633792842109946264e+02 -1.175433856919356607e-13
-9.176281505481322043e+00 1.840238630943012197e+02 -9.341882210851574442e+00 -5.016065028884526100e+01 2.617463546198299014e+02 -1.280677462948892502e-13
-1.952289324409400351e+01 7.464868034788737816e+01 5.515771972190863792e+00 -4.718159186212221812e+01 2.269410537894091249e+02 -9.147267346951282513e-14
-6.152671407336242027e+01 4.709235139564819406e+02 -3.444098726813002997e+01 -1.067729271818476775e+02 5.921900763420090925e+02 -1.445147293186076746e-13
-2.160956734278872560e+01 -1.149326850469354753e+02 6.021197469720582518e+01 -1.218286695947211768e+02 5.176718533391556321e+02 -1.107548718141226754e-13
-1.237064177922812114e+01 1.540724514067786322e+00 1.756944864253410543e+01 -6.267273001334581295e+01 3.076057220395716172e+02 -9.158285137501417239e-14
-1.676835622489843969e+00 -2.575068945569614698e+02 8.527605265592278272e+01 -1.123202105047213024e+02 3.979730359581536163e+02 -8.714937063085400922e-14
-4.733407265849811552e+01 2.643552588672794741e+02 -7.843385084024795617e+00 -8.987307035855167214e+01 4.600404085839800814e+02 -1.361538204641242808e-13
-4.978638079936150262e+01 9.542439891162237586e+01 5.978795386012640733e+01 -1.821993723584890859e+02 7.715339466313024559e+02 -1.361835147812803354e-13
-2.477825037369791872e+01 7.898610486425712907e+01 2.384754906221546022e+01 -9.327770738704474240e+01 4.161597951628698979e+02 -1.188600435154239531e-13
-1.160121394657597271e+01 3.561298490476590928e+02 -2.701343618930739154e+01 -7.979499134247726033e+01 4.476482898631517742e+02 -1.514693263141467959e-13
-5.525768483493010308e+01 1.958767340776283845e+02 2.053207360526474901e+01 -1.354051980277856444e+02 6.346536502707539285e+02 -1.241818858019543702e-13
-1.840401489454007233e+01 -1.844778882597555381e+01 3.308927997572804713e+01 -8.787215717621255351e+01 3.922519923291974919e+02 -1.131764239109429716e-13
-1.622934935652696353e+01 4.805913050761445504e+01 1.460727046545989793e+01 -7.219004283132601074e+01 3.563596290325084510e+02 -1.069573411641601984e-13
-4.945070433932414034e+01 3.991731056840272913e+02 -2.106127006547984948e+01 -1.105249658788656859e+02 5.844357564575183233e+02 -1.403192572883242716e-13
-5.657849512951679571e+01 4.355030703461787880e+02 -2.547814314527290946e+01 -1.200578422372455805e+02 6.501118068464204498e+02 -1.472051721377935242e-13
-6.471065572900063501e+01 2.793452450782343703e+02 2.765881583062973448e+01 -1.907782495075243503e+02 8.998531113764430529e+02 -1.547870354151169096e-13
-3.905958649046326059e+01 3.645188287128552815e+02 -3.177770397505887701e+01 -7.949462514934047874e+01 4.699940130328430996e+02 -1.272506048723035627e-13
-1.177009875259280136e+01 8.523866855916485008e+01 1.184783041475273802e+00 -5.530678866626806212e+01 3.015355844899291924e+02 -1.025083974091452217e-13
-2.172758447897069445e+01 -1.956749022969558212e+02 1.022847280214824934e+02 -1.561171674487131327e+02 5.379253473393627019e+02 -9.891154970774112378e-14
-3.433991698285098693e+01 -1.214347104773514587e+02 9.128360833132764185e+01 -1.738878050189638600e+02 6.732993802647197299e+02 -1.144978714423953441e-13
-1.659654404547150364e+01 1.367006873727646621e+02 1.597778706443493668e+01 -1.176431243840351470e+02 5.879557562167153719e+02 -1.324844699266042273e-13
-4.953554866583910865e+01 1.819453215848295997e+02 3.892137663327009989e+01 -1.599498254008507558e+02 6.920512844323458239e+02 -1.435267043289108294e-13
-6.019447174421708979e+01 2.928410409445496043e+02 2.166206300407249330e+01 -1.650224810941433873e+02 7.552062315810904920e+02 -1.448116014055352909e-13
-2.059191836545140930e+01 1.941259703258295417e+02 -1.355581676885059572e+01 -4.973409547418014398e+01 2.784564131542098835e+02 -1.099735088076136531e-13
-3.576936804768362776e+01 2.252511577426857343e+02 4.597579445524351272e+00 -1.089361594986096549e+02 5.372258321501312821e+02 -1.262037981954176763e-13
-1.715294794781845411e+01 -9.114145117958365461e+01 4.177582152125905424e+01 -7.146017987958410345e+01 2.797094065835007655e+02 -1.027531103852520995e-13
-1.230291449750879629e+01 7.486779661489073590e+01 1.176617705646626533e+01 -5.138260888614632904e+01 2.149626241886858224e+02 -9.551143704627745996e-14
-2.331891762223547460e+01 -9.218780941650391014e+01 6.079228312117195543e+01 -1.128293376415081752e+02 4.367206390467987376e+02 -9.011335914092827312e-14
-5.053279303496228891e+01 2.024333124919743909e+02 2.247254020629359061e+01 -1.482000333658131126e+02 7.034132486266845490e+02 -1.359787087083958030e-13
-3.972732902652641940e+01 1.219117141706573761e+02 1.387312361320668685e+01 -8.804361937556370776e+01 4.133266315201715315e+02 -1.129835127183789985e-13
-3.473762481744720532e+01 1.854504056212072385e+02 5.661065397473037386e+00 -9.801454017461726664e+01 4.862589745157688412e+02 -1.237115574206019808e-13
-6.706112048882029342e+01 2.205414359545093816e+02 3.223480339015366525e+01 -1.738085901655574617e+02 7.996903988149927045e+02 -1.510137856501171585e-13
-8.430136344830776451e+00 1.703313961286366691e+02 1.493725005345621248e+01 -1.262120479167795679e+02 6.274967419089916802e+02 -1.433996795834512325e-13
-3.606268483997298091e+01 1.879843772895079610e+02 6.447500922504839416e+00 -1.069838059263933445e+02 5.396546912174587760e+02 -1.322345662124021809e-13
-5.928858880022574596e+01 1.824995473785777733e+02 5.489581738452484672e+01 -1.934928684337685922e+02 8.147676965809107514e+02 -1.389362494138970904e-13
-1.033570558863776654e+02 6.469356458931163161e+02 -2.777657294312461289e+01 -1.840145758616533840e+02 9.393051757865118816e+02 -1.715598625196836567e-13
-4.808192702148242148e+01 2.680107148487439872e+02 -3.600204303194790789e+00 -1.135420901624828929e+02 5.892818922176818432e+02 -1.295402968781666932e-13
-2.694545800666203306e+01 2.412982740422522454e+02 -2.186970966295955066e+01 -6.258739933452451965e+01 3.834576782333141409e+02 -1.222423941569200121e-13
-2.438411359311819293e+00 -1.945971279194043291e+02 5.250121678697285432e+01 -8.899216331249181167e+01 4.049297902131764317e+02 -9.651624510801868839e-14
-8.304319062087357395e+01 4.647813915195973209e+02 -5.988539336599453256e-01 -1.769940069036256034e+02 8.518980452455533623e+02 -1.716534940638379265e-13
-1.010265583365540465e+02 4.693909031424464047e+02 -9.765359049203839348e+00 -1.723450370460380157e+02 8.760033432441177865e+02 -1.796089881157525616e-13
-1.649900801892376023e+01 8.152742441506522653e+01 3.301464811729988469e+01 -1.140137993542614225e+02 4.949440846854502070e+02 -1.318322923675038365e-13
-4.201499542565021983e+01 1.384800138068137869e+02 3.657455547417693964e+01 -1.431792902092670943e+02 6.263153898070961532e+02 -1.372185483237844157e-13
-2.431175442865337288e+01 1.146024515649530144e+02 1.903721657013195667e+01 -9.348555887523312435e+01 4.221907461563847050e+02 -1.138298437515003416e-13
-3.360874767105472216e+01 2.488222952937339301e+02 1.965193363679198224e-01 -1.003540026659239146e+02 4.903984609104427363e+02 -1.289000229809357317e-13
-2.750279197514986151e+01 -7.172319721158395112e+01 5.467574041404972718e+01 -1.306929929663285748e+02 5.809673913426202034e+02 -1.172888730461639057e-13
-6.668642381330990077e+01 4.589624885996533976e+02 -2.345933225656211363e+01 -1.308169045945831215e+02 6.922501855653232496e+02 -1.528668911696116019e-13
-4.143119012437434634e+01 4.134188021434764551e+02 -4.241519733695171368e+01 -8.946249196684102856e+01 5.692184151534262355e+02 -1.633286006716518725e-13
-1.496983842752793414e+01 1.294606056039276041e+02 -7.938262348498119181e+00 -4.697675633614949220e+01 2.714782853831015359e+02 -9.871590140980131978e-14
-4.544247841236371954e+01 2.501998374389765729e+02 1.018767680931387609e+01 -1.166984666570980522e+02 5.352323947214364352e+02 -1.281284010326843467e-13
-3.312018221907350579e+01 2.095093477447870498e+02 1.058791809318421251e+01 -1.145797346051198105e+02 5.483523553940229931e+02 -1.527984872248724536e-13
-4.073658324207041659e+01 2.671271486809963562e+02 -1.028811499503247084e+01 -8.481735342746273432e+01 4.396811269358723848e+02 -1.249812234679593590e-13
-6.592619024458065269e+01 4.473908343229962838e+02 -3.244558362515231664e+01 -1.257577315824937472e+02 7.243442580182855863e+02 -1.586820158318656722e-13
-6.128154174069933191e+01 5.025979152575017110e+02 -2.708392833939240418e+01 -1.266736532750218771e+02 6.555308048744298048e+02 -1.606304049353756712e-13
-4.027741900037014489e+00 4.815412718233892519e+01 8.334848745072871878e+00 -6.360305739135918657e+01 3.387614323114212311e+02 -1.077638476395347311e-13
-7.002709473429334253e+01 6.206051789444084079e+02 -4.170205568185127021e+01 -1.546688533738441720e+02 8.506342447687708272e+02 -1.943071468549439255e-13
-7.220783703032296330e+01 5.129357633032882404e+02 -1.601758200358688811e+01 -1.542385117606818312e+02 7.623172003940882178e+02 -1.636047171046028120e-13
-2.571665709933699873e+01 1.233851116319729329e+02 1.405326344151321827e+01 -9.325813030888573962e+01 4.461452823183997225e+02 -1.285800577079771685e-13
-1.120537354397479390e+01 2.385830289554996142e+01 -4.960417769774815300e-01 -5.889021085677667600e+01 3.815471948067204835e+02 -1.060060917638960429e-13
-8.171503973911664787e+01 4.965757201330773682e+02 -2.183952819741167772e+01 -1.438464080535545975e+02 7.417993381068722556e+02 -1.667778994266871170e-13
-8.315419530656511427e+01 3.020418893092401049e+02 3.961123378408569096e+01 -2.159006065730884245e+02 9.754492381018575315e+02 -1.745542066072858104e-13
-1.294396136928141594e+01 -2.439056361392365204e+02 9.379660931961787185e+01 -1.532713291850187147e+02 6.086710327327431287e+02 -1.115355686785348833e-13
-1.154718900008507099e+01 1.259066235535373437e+02 3.918710621344916323e+00 -6.546990341721226514e+01 3.224265357029782422e+02 -1.081304782118276737e-13
-1.414146663573564489e+01 1.614630585004807699e+02 -4.966998160913794536e+00 -4.290020046307226664e+01 2.014891291971202065e+02 -1.140327971643036866e-13
-9.448884777739739604e+01 4.012847002375470424e+02 1.567378560446744906e+01 -2.160714649312259326e+02 1.057022709181600931e+03 -1.786684663086112426e-13
-1.229187109840423808e+01 -4.368543727696572887e+01 4.948667133008898134e+01 -1.101385438273445914e+02 4.554159600138056589e+02 -9.915581560866131373e-14
-2.018376255680758291e+01 1.831132562085265363e+02 2.385349715435799212e+00 -8.637183760873047333e+01 4.306995452979322749e+02 -1.374202793339233223e-13
